date,description,amount,label,source
2023-09-08,Card Card Pmt Nando's Restaurant,119.94,dining,simulated_bank_transactions_uk
2024-07-12,pos/pos/morrisons/bread,136.96,groceries,simulated_bank_transactions_uk
2023-04-06,Pos/Morrisons/Fruit 357778,11.2,groceries,simulated_bank_transactions_uk
2024-10-27,mastercard-card-payment-lidl-milk,114.44,groceries,simulated_bank_transactions_uk
2024-08-26,Contactless Card Pmt Just Eat Cafe,39.17,dining,simulated_bank_transactions_uk
2023-06-13,Direct Debit Octopus Energy,203.32,utilities,simulated_bank_transactions_uk
2023-08-09,DIRECT DEBIT FOOD DELIVERY DELIVEROO FOOD DELIVERY 180451,48.07,dining,simulated_bank_transactions_uk
2024-01-25,Card Pmt Currys Pharmacy 718870,28.25,other,simulated_bank_transactions_uk
2023-02-14,pos-tesco-vegetables 524481,122.73,groceries,simulated_bank_transactions_uk
2024-01-23,so card pmt deliveroo restaurant 612878,155.83,dining,simulated_bank_transactions_uk
2024-09-25,Visa/Pos/Lidl/Chicken,166.73,groceries,simulated_bank_transactions_uk
2024-12-22,mortgage pmt rent 121116,1544.9,housing,simulated_bank_transactions_uk
2023-03-23,BACS-CONTACTLESS-ALDI-RICE,155.75,groceries,simulated_bank_transactions_uk
2024-04-09,bacs-rent-rent,1239.2,housing,simulated_bank_transactions_uk
2023-12-30,CARD PMT JUST EAT FOOD DELIVERY,30.21,dining,simulated_bank_transactions_uk
2024-11-30,Pos*Lidl*Chicken,141.85,groceries,simulated_bank_transactions_uk
2023-09-08,Card*Payment*Just*Eat*Fast*Food,87.79,dining,simulated_bank_transactions_uk
2024-10-17,Contactless Lidl Fruit,57.64,groceries,simulated_bank_transactions_uk
2023-02-27,card/payment/kfc/fast/food 743225,111.12,dining,simulated_bank_transactions_uk
2024-02-15,POS*LIDL*MILK 139739,161.98,groceries,simulated_bank_transactions_uk
2024-08-03,Fps Utility Bill Bt 372507,239.59,utilities,simulated_bank_transactions_uk
2024-05-26,Bacs*Mortgage*Rent,979.57,housing,simulated_bank_transactions_uk
2023-05-23,FPS*DIRECT*DEBIT*OCTOPUS*ENERG,58.57,utilities,simulated_bank_transactions_uk
2024-03-14,Pos Sainsburys Chicken 510231,150.67,groceries,simulated_bank_transactions_uk
2023-05-22,Rent*Payment*Mortgage 731429,1211.09,housing,simulated_bank_transactions_uk
2023-04-23,Transport Esso Uber Ride 785309,106.3,transportation,simulated_bank_transactions_uk
2024-03-08,Contactless Tesco Eg,159.46,groceries,simulated_bank_transactions_uk
2024-04-24,restaurant kfc cafe 86965,64.15,dining,simulated_bank_transactions_uk
2023-01-12,card/payment/shell/car/maintenance 315569,120.79,transportation,simulated_bank_transactions_uk
2024-07-03,card/pmt/nando's/restaurant 139890,110.67,dining,simulated_bank_transactions_uk
2024-03-21,subscription spotify 847305,8.57,subscriptions,simulated_bank_transactions_uk
2023-09-27,CONTACTLESS TESCO MILK 933931,190.99,groceries,simulated_bank_transactions_uk
2023-04-19,Pos-Purchase-Argos-Misc-Expense 264319,128.4,other,simulated_bank_transactions_uk
2024-06-03,RENT/PMT/RENT 275680,1954.59,housing,simulated_bank_transactions_uk
2023-06-15,FOOD DELIVERY DELIVEROO FAST FOOD 157294,62.96,dining,simulated_bank_transactions_uk
2024-09-05,FUEL SHELL CAR MAINTENANCE,128.75,transportation,simulated_bank_transactions_uk
2024-01-07,Bill Payment British Gas 918202,51.29,utilities,simulated_bank_transactions_uk
2023-09-04,Rent Payment Landlord 773343,1021.15,housing,simulated_bank_transactions_uk
2024-05-12,Bacs Mortgage Rent,782.76,housing,simulated_bank_transactions_uk
2023-05-12,Direct/Debit/Puregym 293136,35.4,subscriptions,simulated_bank_transactions_uk
2024-09-13,Restaurant Greggs Fast Food 274903,46.08,dining,simulated_bank_transactions_uk
2024-12-07,transport bolt train ticket 537265,130.19,transportation,simulated_bank_transactions_uk
2024-11-18,CARD PAYMENT LIDL CHICKEN 755377,82.8,groceries,simulated_bank_transactions_uk
2024-04-07,Direct Debit Restaurant Kfc Cafe 944767,144.44,dining,simulated_bank_transactions_uk
2023-01-22,Contactless Aldi Rice 698229,17.49,groceries,simulated_bank_transactions_uk
2023-01-08,Food/Delivery/Mcdonalds/Fast/Food 609158,96.21,dining,simulated_bank_transactions_uk
2023-02-02,CARD PMT WAITROSE MILK,49.64,groceries,simulated_bank_transactions_uk
2023-10-13,Bacs Landlord Rent 999243,1446.94,housing,simulated_bank_transactions_uk
2024-08-07,VISA CARD PAYMENT GREGGS FAST,88.58,dining,simulated_bank_transactions_uk
2024-02-21,CARD PMT UBER EATS FAST FOOD 788443,126.62,dining,simulated_bank_transactions_uk
2023-12-29,so card payment sainsburys bread,133.5,groceries,simulated_bank_transactions_uk
2023-02-25,Card Pmt National Rail Fuel,121.21,transportation,simulated_bank_transactions_uk
2023-12-14,restaurant/just/eat/restaurant,14.39,dining,simulated_bank_transactions_uk
2023-07-14,CARD-PAYMENT-PUREGYM 937406,14.19,subscriptions,simulated_bank_transactions_uk
2023-10-13,TRANSPORT*NATIONAL*RAIL*TRAIN*TICKET 569969,60.22,transportation,simulated_bank_transactions_uk
2024-07-17,Transport Tfl Uber Ride 924435,63.15,transportation,simulated_bank_transactions_uk
2023-08-31,CARD PAYMENT MORRISONS MILK,193.95,groceries,simulated_bank_transactions_uk
2024-02-15,card payment lidl cereal 837912,98.86,groceries,simulated_bank_transactions_uk
2024-02-04,mortgage payment landlord,1237.41,housing,simulated_bank_transactions_uk
2024-12-14,contactless-direct-debit-vodafone 923369,92.03,utilities,simulated_bank_transactions_uk
2024-05-13,Pos-Purchase-Hmrc-Electronics 72951,166.48,other,simulated_bank_transactions_uk
2023-03-01,Visa*Pos*Tesco*Chicken 592364,47.45,groceries,simulated_bank_transactions_uk
2023-02-28,FOOD DELIVERY DELIVEROO RESTAURANT,120.94,dining,simulated_bank_transactions_uk
2024-06-27,Card Payment Asda Cereal,103.06,groceries,simulated_bank_transactions_uk
2023-03-12,Contactless Pos Lidl Bread 594423,171.01,groceries,simulated_bank_transactions_uk
2024-08-06,FOOD DELIVERY COSTA FAST FOOD 441463,67.59,dining,simulated_bank_transactions_uk
2024-03-05,Card Pmt Sainsburys Milk 770440,125.78,groceries,simulated_bank_transactions_uk
2023-07-29,Food Delivery Greggs Food Delivery 258420,149.88,dining,simulated_bank_transactions_uk
2024-02-10,fps restaurant nando's food delivery 519317,42.0,dining,simulated_bank_transactions_uk
2023-03-16,CARD-PAYMENT-ASDA-CHICKEN 542722,94.16,groceries,simulated_bank_transactions_uk
2023-08-07,Pos Sainsburys Bread 515663,19.29,groceries,simulated_bank_transactions_uk
2023-03-12,pos transport tfl train ticket 557711,130.79,transportation,simulated_bank_transactions_uk
2024-03-24,MORTGAGE/PMT/LETTING/AGENT 779967,1091.73,housing,simulated_bank_transactions_uk
2024-10-31,SUBSCRIPTION DISNEY+,29.08,subscriptions,simulated_bank_transactions_uk
2024-11-10,card transport trainline car maintenance 48726,43.31,transportation,simulated_bank_transactions_uk
2023-04-20,Contactless Aldi Eggs 493198,56.57,groceries,simulated_bank_transactions_uk
2024-09-11,Card Payment Costa Fast Food 78680,47.21,dining,simulated_bank_transactions_uk
2024-10-11,Pos/Tesco/Vegetables 802577,44.7,groceries,simulated_bank_transactions_uk
2023-02-22,bacs landlord rent,1407.22,housing,simulated_bank_transactions_uk
2023-02-15,CONTACTLESS TESCO FRUIT 183256,166.72,groceries,simulated_bank_transactions_uk
2023-09-26,pos/asda/eggs 297451,129.24,groceries,simulated_bank_transactions_uk
2024-03-13,Pos Iceland Cereal 980022,112.58,groceries,simulated_bank_transactions_uk
2024-12-08,Food Delivery Nando's Restaurant 174982,16.66,dining,simulated_bank_transactions_uk
2024-01-14,mortgage payment letting agent 567211,705.84,housing,simulated_bank_transactions_uk
2023-02-12,Food Delivery Nando's Fast Food 241044,71.62,dining,simulated_bank_transactions_uk
2023-08-04,Utility Bill Bt,236.25,utilities,simulated_bank_transactions_uk
2024-07-27,FOOD DELIVERY JUST EAT RESTAURANT 516611,59.82,dining,simulated_bank_transactions_uk
2023-06-08,Mortgage Pmt Mortgage 728369,2159.45,housing,simulated_bank_transactions_uk
2023-07-01,bacs*mortgage*rent,1990.14,housing,simulated_bank_transactions_uk
2023-12-07,BACS RENT RENT,928.01,housing,simulated_bank_transactions_uk
2023-09-12,Subscription Netflix,36.89,subscriptions,simulated_bank_transactions_uk
2023-02-09,DIRECT DEBIT BT 883277,114.9,utilities,simulated_bank_transactions_uk
2024-04-16,Rent Payment Mortgage 876271,959.34,housing,simulated_bank_transactions_uk
2024-11-06,direct debit o2 923040,77.39,utilities,simulated_bank_transactions_uk
2023-03-13,Card Pmt Sainsburys Vegetables 314058,59.33,groceries,simulated_bank_transactions_uk
2024-06-05,card pmt nhs pharmacy 478463,89.73,other,simulated_bank_transactions_uk
2023-01-29,UTILITY BILL SCOTTISHPOWER 781879,102.82,utilities,simulated_bank_transactions_uk
2023-09-29,CARD PAYMENT MORRISONS CHICKEN 912946,39.82,groceries,simulated_bank_transactions_uk
2023-11-18,card pos iceland fruit 493296,72.41,groceries,simulated_bank_transactions_uk
2024-08-13,Card Pmt Bolt Car Maintenance,17.96,transportation,simulated_bank_transactions_uk
2023-01-02,CONTACTLESS-WAITROSE-MILK,143.21,groceries,simulated_bank_transactions_uk
2024-11-17,Transport Bp Car Maintenance 83,96.79,transportation,simulated_bank_transactions_uk
2024-11-11,bacs card payment waitrose fruit 83804,18.64,groceries,simulated_bank_transactions_uk
2023-05-08,bacs-mortgage-ren,1136.57,housing,simulated_bank_transactions_uk
2024-11-13,Direct*Debit*Restaurant*Deliveroo*Food*Delivery 480027,83.6,dining,simulated_bank_transactions_uk
2024-07-21,bacs card pmt uber fuel,98.21,transportation,simulated_bank_transactions_uk
2024-01-24,Card Payment Morrisons Fruit 636863,134.66,groceries,simulated_bank_transactions_uk
2023-11-05,Pos Card Pmt Greggs Fast Food,100.4,dining,simulated_bank_transactions_uk
2023-08-04,Fuel*National*Rail*Uber*Ride 383584,43.93,transportation,simulated_bank_transactions_uk
2023-11-26,CARD-PMT-TRAINLINE-CAR-MAINTENANCE 958860,85.72,transportation,simulated_bank_transactions_uk
2024-06-07,CARD PMT NATIONAL RAIL FUEL,95.24,transportation,simulated_bank_transactions_uk
2023-10-18,Transport Trainline Train Ticket,92.92,transportation,simulated_bank_transactions_uk
2023-08-29,SO TRANSPORT SHELL CAR MAINTENANCE,48.26,transportation,simulated_bank_transactions_uk
2023-05-31,pos food delivery starbucks fast food,130.02,dining,simulated_bank_transactions_uk
2024-09-17,contactless lidl rice 123343,196.87,groceries,simulated_bank_transactions_uk
2024-10-06,Pos*Direct*Debit*Netflix 996497,22.67,subscriptions,simulated_bank_transactions_uk
2023-09-07,Restaurant Just Eat Cafe 985668,81.63,dining,simulated_bank_transactions_uk
2023-04-20,Fps Contactless Tesco Milk 719987,179.07,groceries,simulated_bank_transactions_uk
2024-12-13,Subscription Google *services,11.21,subscriptions,simulated_bank_transactions_uk
2023-05-05,DIRECT/DEBIT/FUEL/UBER/UBER/RIDE 803325,78.92,transportation,simulated_bank_transactions_uk
2024-07-26,Transport Uber Fuel 152716,94.13,transportation,simulated_bank_transactions_uk
2024-05-31,VISA RESTAURANT JUST EAT CAFE,99.96,dining,simulated_bank_transactions_uk
2023-06-12,bacs transport tfl car maintenance 816809,63.54,transportation,simulated_bank_transactions_uk
2023-09-11,Card-Pmt-Uber-Eats-Cafe,74.76,dining,simulated_bank_transactions_uk
2024-06-17,Direct Debit Gym Group 15,35.4,subscriptions,simulated_bank_transactions_uk
2023-03-21,Card Pmt Shell Train Ticket,39.89,transportation,simulated_bank_transactions_uk
2023-11-24,Food Delivery Just Eat Fast Food,47.12,dining,simulated_bank_transactions_uk
2023-08-25,MORTGAGE PMT REN,864.48,housing,simulated_bank_transactions_uk
2023-03-07,Direct Debit Direct Debit Octopus Energy 589866,191.01,utilities,simulated_bank_transactions_uk
2024-03-01,Card Pmt Trainline Bus,76.88,transportation,simulated_bank_transactions_uk
2024-08-21,CARD PAYMENT ALDI FRUIT 114475,80.95,groceries,simulated_bank_transactions_uk
2024-08-12,Rent Pmt Letting Agent,1977.93,housing,simulated_bank_transactions_uk
2023-11-02,Utility Bill Bt 287544,246.54,utilities,simulated_bank_transactions_uk
2024-07-13,card direct debit apple.com/bill 664928,26.07,subscriptions,simulated_bank_transactions_uk
2023-10-07,card-payment-spotify,24.02,subscriptions,simulated_bank_transactions_uk
2024-11-15,STO*TRANSPORT*TRAINLINE*UBER*RIDE 510253,55.66,transportation,simulated_bank_transactions_uk
2024-04-23,RESTAURANT STARBUCKS CAFE 712444,117.25,dining,simulated_bank_transactions_uk
2024-02-08,rent-payment-letting-agent,1477.89,housing,simulated_bank_transactions_uk
2024-03-14,Fps*Restaurant*Greggs*Restaurant 242288,18.01,dining,simulated_bank_transactions_uk
2023-09-24,POS WAITROSE CEREAL,40.44,groceries,simulated_bank_transactions_uk
2023-12-12,bill pmt bt 994645,131.85,utilities,simulated_bank_transactions_uk
2024-03-07,SUBSCRIPTION GOOGLE *SERVICES 415991,15.41,subscriptions,simulated_bank_transactions_uk
2024-07-06,DIRECT DEBIT SEVERN TRENT 204322,135.52,utilities,simulated_bank_transactions_uk
2023-03-12,CARD/CARD/PAYMENT/WAITROSE/VEGETABLES,48.72,groceries,simulated_bank_transactions_uk
2023-09-11,card pmt disney+ 925894,34.92,subscriptions,simulated_bank_transactions_uk
2023-09-02,mastercard contactless waitrose milk,126.16,groceries,simulated_bank_transactions_uk
2023-08-12,contactless-waitrose-bread 907231,114.97,groceries,simulated_bank_transactions_uk
2023-06-21,fuel trainline bus pass,107.83,transportation,simulated_bank_transactions_uk
2023-06-17,food delivery uber eats restaurant 851360,125.56,dining,simulated_bank_transactions_uk
2023-11-16,ONLINE*PURCHASE*SUPERDRUG*ONLINE*PURCHASE,145.94,other,simulated_bank_transactions_uk
2023-07-23,CARD PMT UBER EATS CAFE,66.48,dining,simulated_bank_transactions_uk
2023-11-05,BACS POS WAITROSE RICE 951369,24.87,groceries,simulated_bank_transactions_uk
2024-08-02,MORTGAGE*PAYMENT*LANDLORD 744266,1898.57,housing,simulated_bank_transactions_uk
2024-11-08,card pmt apple.com/bill 444973,25.84,subscriptions,simulated_bank_transactions_uk
2023-01-13,pos bill pmt british gas 145247,177.17,utilities,simulated_bank_transactions_uk
2024-01-06,Subscription Apple.com/bill 162745,8.33,subscriptions,simulated_bank_transactions_uk
2024-03-21,Direct*Debit*Card*Pmt*Uber*Eats*Cafe 789939,114.63,dining,simulated_bank_transactions_uk
2024-07-05,Pos Iceland Chicken,125.1,groceries,simulated_bank_transactions_uk
2024-08-29,direct debit puregym 210398,21.86,subscriptions,simulated_bank_transactions_uk
2023-03-30,Bill Payment E.on 887982,220.22,utilities,simulated_bank_transactions_uk
2024-04-20,BILL PAYMENT OCTOPUS ENERGY 459723,82.31,utilities,simulated_bank_transactions_uk
2024-05-21,restaurant kfc cafe 405924,57.14,dining,simulated_bank_transactions_uk
2023-12-30,RENT PAYMENT LETTING AGENT 154143,1405.7,housing,simulated_bank_transactions_uk
2024-09-02,direct debit apple.com/b,15.47,subscriptions,simulated_bank_transactions_uk
2024-06-13,CONTACTLESS/FOOD/DELIVERY/MCDONALDS/FOOD/DELIVERY 833463,91.15,dining,simulated_bank_transactions_uk
2024-02-21,RENT PMT RENT 151551,1024.1,housing,simulated_bank_transactions_uk
2024-10-23,BACS FUEL TFL TRAIN TICKET,97.3,transportation,simulated_bank_transactions_uk
2023-04-06,food delivery just eat cafe,127.9,dining,simulated_bank_transactions_uk
2023-11-10,Bill Payment British Gas,187.57,utilities,simulated_bank_transactions_uk
2024-06-27,card payment costa food delivery,78.36,dining,simulated_bank_transactions_uk
2024-12-20,UTILITY BILL O2 308696,102.74,utilities,simulated_bank_transactions_uk
2023-05-04,transport uber bus pass,36.69,transportation,simulated_bank_transactions_uk
2024-07-02,RESTAURANT KFC FOOD DELIVERY 839171,23.53,dining,simulated_bank_transactions_uk
2024-05-10,online purchase hmrc misc expense 522691,50.31,other,simulated_bank_transactions_uk
2024-06-21,BILL PAYMENT EE,254.5,utilities,simulated_bank_transactions_uk
2023-10-31,CARD PAYMENT COSTA RESTAURANT,134.06,dining,simulated_bank_transactions_uk
2024-12-26,Direct Debit Card Pmt Iceland Eggs 830924,63.94,groceries,simulated_bank_transactions_uk
2023-02-25,Fuel Trainline Bus Pass,8.28,transportation,simulated_bank_transactions_uk
2024-05-17,MASTERCARD FOOD DELIVERY UBER EATS FAST FOOD 996588,103.87,dining,simulated_bank_transactions_uk
2024-04-25,contactless asda milk 556178,116.94,groceries,simulated_bank_transactions_uk
2023-02-22,MASTERCARD*FUEL*SHELL*BUS*PASS,27.44,transportation,simulated_bank_transactions_uk
2023-03-08,STO UTILITY BILL THAMES WATER 129594,51.81,utilities,simulated_bank_transactions_uk
2024-12-03,card-payment-trainline-uber-ride,81.63,transportation,simulated_bank_transactions_uk
2023-11-08,Card Payment Aldi Eggs,163.17,groceries,simulated_bank_transactions_uk
2024-03-02,FPS POS SAINSBURYS RICE 843700,28.1,groceries,simulated_bank_transactions_uk
2024-01-25,Bacs Food Delivery Mcdonalds Fast Food 807527,125.23,dining,simulated_bank_transactions_uk
2024-08-25,transport trainline fuel 921607,43.03,transportation,simulated_bank_transactions_uk
2023-03-03,Card Pmt Argos Pharmacy 319897,143.45,other,simulated_bank_transactions_uk
2023-08-01,Food Delivery Costa Restaurant,151.88,dining,simulated_bank_transactions_uk
2023-06-10,Restaurant/Just/Eat/Food/Delivery 609851,107.37,dining,simulated_bank_transactions_uk
2024-02-23,CONTACTLESS-WAITROSE-BREAD 805214,35.52,groceries,simulated_bank_transactions_uk
2023-02-03,card*pmt*tfl*car*maintenance 77517,66.85,transportation,simulated_bank_transactions_uk
2024-04-09,CARD PMT ASDA CHICKEN 754258,142.08,groceries,simulated_bank_transactions_uk
2024-10-02,card/payment/waitrose/rice 281464,185.16,groceries,simulated_bank_transactions_uk
2024-07-11,card payment mcdonalds fast food 908340,70.9,dining,simulated_bank_transactions_uk
2023-05-26,card contactless waitrose eggs 324528,182.14,groceries,simulated_bank_transactions_uk
2024-09-01,CARD PMT SAINSBURYS EGGS 519934,159.56,groceries,simulated_bank_transactions_uk
2024-04-24,restaurant deliveroo food delivery,73.07,dining,simulated_bank_transactions_uk
2024-05-27,SO CARD PMT COSTA CAFE 529750,151.11,dining,simulated_bank_transactions_uk
2023-02-10,mastercard fuel bolt fuel 985558,13.1,transportation,simulated_bank_transactions_uk
2023-09-14,RENT-PMT-LANDLORD,1149.6,housing,simulated_bank_transactions_uk
2024-08-12,Contactless-Asda-Rice 532958,192.57,groceries,simulated_bank_transactions_uk
2024-11-19,RESTAURANT JUST EAT RESTAURANT,159.93,dining,simulated_bank_transactions_uk
2023-06-29,Card Pmt Netflix 239596,5.65,subscriptions,simulated_bank_transactions_uk
2023-07-05,POS TRANSPORT ESSO FUEL 20857,128.42,transportation,simulated_bank_transactions_uk
2024-05-18,card pmt hmrc gift,159.79,other,simulated_bank_transactions_uk
2023-12-08,online purchase amazon gift 396129,88.95,other,simulated_bank_transactions_uk
2023-12-04,Bill Pmt E.on 843690,226.57,utilities,simulated_bank_transactions_uk
2024-02-15,TRANSPORT ESSO FUEL,41.77,transportation,simulated_bank_transactions_uk
2023-04-01,card pmt amazon prime,5.5,subscriptions,simulated_bank_transactions_uk
2024-02-18,utility/bill/octopus/energy 302602,52.24,utilities,simulated_bank_transactions_uk
2024-07-09,Mortgage-Pmt-Rent,1669.37,housing,simulated_bank_transactions_uk
2024-01-06,SO TRANSPORT NATIONAL RAIL UBER RIDE 753204,27.89,transportation,simulated_bank_transactions_uk
2023-02-22,Card Payment Mcdonalds Cafe 210144,101.94,dining,simulated_bank_transactions_uk
2024-03-24,Card/Pmt/Aldi/Eggs 759243,185.9,groceries,simulated_bank_transactions_uk
2024-10-07,RENT PMT RENT,838.21,housing,simulated_bank_transactions_uk
2023-11-15,CARD PMT DELIVEROO FAST FOOD 352317,115.02,dining,simulated_bank_transactions_uk
2023-04-27,FOOD DELIVERY JUST EAT CAFE 849102,19.45,dining,simulated_bank_transactions_uk
2023-06-07,Fuel-National-Rail-Uber-Ride,91.38,transportation,simulated_bank_transactions_uk
2023-10-07,transport uber bus pass 148442,72.22,transportation,simulated_bank_transactions_uk
2023-09-07,transport-uber-fuel 758997,137.27,transportation,simulated_bank_transactions_uk
2024-09-05,FUEL-BOLT-TRAIN-TICKET 720400,54.93,transportation,simulated_bank_transactions_uk
2023-10-10,Fuel Bolt Train Ticket 141057,121.24,transportation,simulated_bank_transactions_uk
2024-06-03,card pmt puregym 697353,17.93,subscriptions,simulated_bank_transactions_uk
2023-11-02,utility bill scottishpower,91.47,utilities,simulated_bank_transactions_uk
2024-05-16,so card payment amazon prime,44.95,subscriptions,simulated_bank_transactions_uk
2023-12-20,bacs*rent*pmt*mortgage 324139,1484.8,housing,simulated_bank_transactions_uk
2023-11-26,bill-payment-vodafone,113.64,utilities,simulated_bank_transactions_uk
2024-01-28,BACS*RENT*PMT*RENT 935631,1020.15,housing,simulated_bank_transactions_uk
2024-04-29,Card Payment Morrisons Fruit 365663,13.51,groceries,simulated_bank_transactions_uk
2024-11-10,RESTAURANT JUST EAT CAFE,64.84,dining,simulated_bank_transactions_uk
2023-02-07,CARD-PMT-GYM-GROUP 918722,24.31,subscriptions,simulated_bank_transactions_uk
2024-03-26,Pos Sainsburys Vegetables 71559,174.59,groceries,simulated_bank_transactions_uk
2023-05-28,visa/card/payment/tesco/cereal,7.99,groceries,simulated_bank_transactions_uk
2023-09-29,sto fuel national rail train ticket 337241,12.33,transportation,simulated_bank_transactions_uk
2023-12-03,UTILITY BILL E.ON 771925,177.71,utilities,simulated_bank_transactions_uk
2023-11-21,Direct Debit Bacs Mortgage Rent,1239.01,housing,simulated_bank_transactions_uk
2023-02-06,RESTAURANT STARBUCKS CAFE 237290,140.22,dining,simulated_bank_transactions_uk
2023-10-22,Restaurant Mcdonalds Fast Food 255655,102.83,dining,simulated_bank_transactions_uk
2023-04-11,Online/Purchase/Superdrug/Online/Purchase 396489,110.19,other,simulated_bank_transactions_uk
2024-12-11,subscription netflix 220036,22.19,subscriptions,simulated_bank_transactions_uk
2023-02-27,Pos*Bill*Payment*Severn*Trent,35.81,utilities,simulated_bank_transactions_uk
2023-09-08,Bill Payment Scottishpower 377710,126.21,utilities,simulated_bank_transactions_uk
2023-07-04,Fuel Shell Car Maintenance,96.09,transportation,simulated_bank_transactions_uk
2024-01-27,card/pmt/lidl/bread 581189,123.85,groceries,simulated_bank_transactions_uk
2024-08-20,FOOD/DELIVERY/UBER/EATS/FAST/FOOD 687406,82.14,dining,simulated_bank_transactions_uk
2024-04-15,Card Pmt Waitrose Cereal 834592,129.39,groceries,simulated_bank_transactions_uk
2024-04-21,So Utility Bill E.on 880827,236.24,utilities,simulated_bank_transactions_uk
2023-03-17,POS/RENT/PMT/RENT,1497.23,housing,simulated_bank_transactions_uk
2023-11-03,so-fuel-esso-bus-pas,138.3,transportation,simulated_bank_transactions_uk
2024-04-12,card-payment-starbucks-cafe,112.0,dining,simulated_bank_transactions_uk
2024-05-09,subscription/gym/group 869286,44.97,subscriptions,simulated_bank_transactions_uk
2024-08-11,pos tesco fruit,116.52,groceries,simulated_bank_transactions_uk
2024-11-05,Utility Bill Vodafone 946053,30.16,utilities,simulated_bank_transactions_uk
2024-12-03,Mastercard Bill Pmt Bt 892737,157.99,utilities,simulated_bank_transactions_uk
2024-05-23,Card Payment Amazon Prime 171341,41.34,subscriptions,simulated_bank_transactions_uk
2023-08-24,Card Pmt Gym Group 83237,35.81,subscriptions,simulated_bank_transactions_uk
2023-07-14,Card*Payment*Costa*Food*Delivery,38.95,dining,simulated_bank_transactions_uk
2024-10-04,So Restaurant Greggs Fast Food 693764,102.38,dining,simulated_bank_transactions_uk
2023-02-04,RESTAURANT/UBER/EATS/FOOD/DELIVERY,127.23,dining,simulated_bank_transactions_uk
2023-10-30,card payment nando's fast food 92537,18.97,dining,simulated_bank_transactions_uk
2023-05-16,mastercard-utility-bi,66.28,utilities,simulated_bank_transactions_uk
2023-10-07,SUBSCRIPTION GYM GROUP 316759,25.76,subscriptions,simulated_bank_transactions_uk
2024-05-08,subscription disney+ 264926,41.48,subscriptions,simulated_bank_transactions_uk
2023-12-13,ONLINE*PURCHASE*NHS*PHARMACY 651318,187.4,other,simulated_bank_transactions_uk
2023-05-25,Direct Debit Google *services 316029,43.48,subscriptions,simulated_bank_transactions_uk
2024-11-21,Bacs*Direct*Debit*Amazon*Prime,39.27,subscriptions,simulated_bank_transactions_uk
2024-02-09,pos/purchase/superdrug/electronics 573133,93.35,other,simulated_bank_transactions_uk
2024-11-19,CONTACTLESS TES,93.68,groceries,simulated_bank_transactions_uk
2024-10-15,CONTACTLESS FOOD DELIVERY STARBUCKS FOOD DELIVERY,95.61,dining,simulated_bank_transactions_uk
2024-04-27,mortgage pmt rent,1696.0,housing,simulated_bank_transactions_uk
2023-08-15,Pos Card Payment Tesco Vegetables 47448,183.47,groceries,simulated_bank_transactions_uk
2023-11-06,MASTERCARD RESTAURANT STARBUCKS CAFE 609717,145.96,dining,simulated_bank_transactions_uk
2023-02-08,Restaurant Kfc Restaurant 362724,26.67,dining,simulated_bank_transactions_uk
2023-08-29,Direct/Debit/O2 360731,52.29,utilities,simulated_bank_transactions_uk
2024-01-15,BACS LANDLORD RENT 71437,1252.4,housing,simulated_bank_transactions_uk
2023-06-08,Card/Pmt/Nando's/Cafe 579719,96.04,dining,simulated_bank_transactions_uk
2024-05-16,Mortgage*Payment*Mortgage 774207,803.48,housing,simulated_bank_transactions_uk
2024-01-15,Restaurant Kfc Food Delivery 839338,10.07,dining,simulated_bank_transactions_uk
2024-01-07,MASTERCARD CARD PMT ASDA CEREAL 671153,190.36,groceries,simulated_bank_transactions_uk
2024-10-22,contactless morrisons vegetables 854266,111.17,groceries,simulated_bank_transactions_uk
2023-05-06,utility bill thames water 728120,89.83,utilities,simulated_bank_transactions_uk
2023-08-06,mortgage payment mortgage 964810,792.09,housing,simulated_bank_transactions_uk
2023-12-08,FOOD*DELIVERY*MCDONALDS*RESTAURANT 908565,12.84,dining,simulated_bank_transactions_uk
2023-07-30,Bacs Card Payment Tesco Eggs 718956,158.46,groceries,simulated_bank_transactions_uk
2023-08-27,Visa Card Payment Iceland Rice 564723,119.34,groceries,simulated_bank_transactions_uk
2024-09-02,UTILITY-BILL-O2,210.33,utilities,simulated_bank_transactions_uk
2024-07-07,CONTACTLESS ICELAND EGGS,197.57,groceries,simulated_bank_transactions_uk
2023-01-27,Bill Pmt British Gas,50.83,utilities,simulated_bank_transactions_uk
2023-09-01,Pos Lidl Vegetables 823974,159.05,groceries,simulated_bank_transactions_uk
2023-02-23,card-pmt-kfc-restaurant 281329,32.01,dining,simulated_bank_transactions_uk
2023-03-07,Pos Sainsburys Fruit 909149,107.59,groceries,simulated_bank_transactions_uk
2023-04-22,Fuel National Rail Bus Pass 606474,72.83,transportation,simulated_bank_transactions_uk
2023-02-14,mastercard card pmt bp train ticket 920933,132.47,transportation,simulated_bank_transactions_uk
2023-02-01,Restaurant*Deliveroo*Food*Delivery 732160,76.0,dining,simulated_bank_transactions_uk
2024-03-12,Bacs Contactless Sainsburys Cereal 298368,170.22,groceries,simulated_bank_transactions_uk
2024-03-30,Card Pmt Uber Eats Cafe 657596,115.42,dining,simulated_bank_transactions_uk
2023-06-01,POS ICELAND BREAD,67.81,groceries,simulated_bank_transactions_uk
2024-08-22,CONTACTLESS CONTACTLESS ASDA CHICKEN 697787,126.74,groceries,simulated_bank_transactions_uk
2024-09-03,Transport National Rail Bus Pass 96629,54.56,transportation,simulated_bank_transactions_uk
2024-03-16,STO TRANSPORT TFL FUEL 730386,71.77,transportation,simulated_bank_transactions_uk
2024-10-28,CARD PAYMENT SAINSBURYS BREAD 386416,171.29,groceries,simulated_bank_transactions_uk
2023-08-09,Mortgage Payment Landlord 173088,1767.3,housing,simulated_bank_transactions_uk
2024-04-09,Fuel Uber Train Ticket 941145,59.11,transportation,simulated_bank_transactions_uk
2023-11-17,utility bill octopus energy 676933,98.45,utilities,simulated_bank_transactions_uk
2024-12-04,Food Delivery Just Eat Food Delivery 317302,152.81,dining,simulated_bank_transactions_uk
2023-03-29,BACS LANDLORD RENT,791.4,housing,simulated_bank_transactions_uk
2024-01-17,POS SAINSBURYS BREAD 379638,150.19,groceries,simulated_bank_transactions_uk
2024-07-29,Direct Debit Disney+,6.46,subscriptions,simulated_bank_transactions_uk
2024-11-12,POS*FOOD*DELIVERY*PRET*RESTAURANT 660104,68.68,dining,simulated_bank_transactions_uk
2023-02-22,so mortgage pmt mortgage 537141,1995.54,housing,simulated_bank_transactions_uk
2023-04-17,Online Purchase Argos Electronics 70326,80.17,other,simulated_bank_transactions_uk
2024-05-08,Mastercard Food Delivery Starbucks Fast Food 778722,28.98,dining,simulated_bank_transactions_uk
2024-07-23,Pos-Asda-Bread 822021,73.27,groceries,simulated_bank_transactions_uk
2024-03-15,Contactless Direct Debit Thames Water 451179,159.91,utilities,simulated_bank_transactions_uk
2024-10-20,direct/debit/spotify 268508,29.16,subscriptions,simulated_bank_transactions_uk
2023-10-07,SO FOOD DELIVERY UBER EATS FOOD DELIVERY 49215,9.49,dining,simulated_bank_transactions_uk
2023-12-26,Card Payment Starbucks Food Delivery,147.84,dining,simulated_bank_transactions_uk
2024-02-15,DIRECT-DEBIT-POS-MORRISONS-EGGS 707033,115.43,groceries,simulated_bank_transactions_uk
2024-06-27,POS ASDA MILK 886885,22.89,groceries,simulated_bank_transactions_uk
2023-06-11,POS CONTACTLESS SAINSBURYS FRUIT,93.46,groceries,simulated_bank_transactions_uk
2024-08-04,Utility Bill Severn Trent 835638,207.56,utilities,simulated_bank_transactions_uk
2024-09-24,Direct Debit Restaurant Pret Restaurant,29.11,dining,simulated_bank_transactions_uk
2024-11-08,So Contactless Morrisons Bread,58.06,groceries,simulated_bank_transactions_uk
2023-10-07,Pos Fuel National Rail Car Maintenance,63.0,transportation,simulated_bank_transactions_uk
2023-04-24,Contactless Sainsburys Bread 66308,72.31,groceries,simulated_bank_transactions_uk
2024-11-14,direct debit e.on,139.36,utilities,simulated_bank_transactions_uk
2024-09-05,POS BILL PMT SEVERN TRENT 111790,117.89,utilities,simulated_bank_transactions_uk
2023-08-05,Direct-Debit-Card-Pmt-Iceland-Rice 894892,63.78,groceries,simulated_bank_transactions_uk
2023-05-03,Card-Pmt-Disney+ 746702,15.87,subscriptions,simulated_bank_transactions_uk
2024-01-25,CARD PAYMENT WAITROSE FRUIT 425035,39.26,groceries,simulated_bank_transactions_uk
2024-11-15,CARD/TRANSPORT/UBER/TRAIN/TICKET 864684,71.04,transportation,simulated_bank_transactions_uk
2023-02-13,CARD PMT SPOTIFY 678366,20.28,subscriptions,simulated_bank_transactions_uk
2023-11-17,FPS TRANSPORT NATIONAL RAIL FUEL 760620,129.12,transportation,simulated_bank_transactions_uk
2024-03-03,Pos*Restaurant*Pre,114.97,dining,simulated_bank_transactions_uk
2023-11-29,Direct Debit Bt 402620,29.9,utilities,simulated_bank_transactions_uk
2024-01-06,Contactless Lidl Cereal,167.25,groceries,simulated_bank_transactions_uk
2024-08-26,card-pmt-waitrose-bread 335367,52.45,groceries,simulated_bank_transactions_uk
2023-11-14,card payment tfl uber ride 245068,56.62,transportation,simulated_bank_transactions_uk
2023-06-22,Card Payment Nando's Fast Food 994842,56.63,dining,simulated_bank_transactions_uk
2023-07-18,sto card payment morrisons bread,108.47,groceries,simulated_bank_transactions_uk
2024-10-22,BACS LETTING AGENT RENT,1194.2,housing,simulated_bank_transactions_uk
2023-09-20,VISA*SUBSCRIPTION*APPLE.COM/BILL 963483,8.21,subscriptions,simulated_bank_transactions_uk
2024-11-02,Card Payment Asda Eggs 739927,153.24,groceries,simulated_bank_transactions_uk
2024-07-31,contactless sainsburys cereal 106939,95.47,groceries,simulated_bank_transactions_uk
2024-08-01,subscription google *services 333695,31.93,subscriptions,simulated_bank_transactions_uk
2024-10-04,Sto Food Delivery Just Eat Food Delivery,138.96,dining,simulated_bank_transactions_uk
2024-03-28,Utility Bill E.on,41.05,utilities,simulated_bank_transactions_uk
2023-12-27,Card Pmt Pret Food Delivery,96.67,dining,simulated_bank_transactions_uk
2023-02-08,TRANSPORT TRAINLINE BUS PASS 744404,65.72,transportation,simulated_bank_transactions_uk
2023-04-03,CARD-PAYMENT-WAITROSE-CHICKEN,19.96,groceries,simulated_bank_transactions_uk
2024-07-21,Restaurant Pret Cafe 398108,76.72,dining,simulated_bank_transactions_uk
2024-08-08,card pmt hmrc online purchas,114.08,other,simulated_bank_transactions_uk
2024-05-28,Restaurant/Pret/Food/Delivery,98.78,dining,simulated_bank_transactions_uk
2023-12-18,Contactless Sainsburys Milk,92.85,groceries,simulated_bank_transactions_uk
2023-06-26,mastercard online purchase argos online purchase 582028,127.62,other,simulated_bank_transactions_uk
2024-06-20,CONTACTLESS ALDI CEREAL 515796,198.24,groceries,simulated_bank_transactions_uk
2023-10-17,sto/transport/shell/train/ticket 306986,52.22,transportation,simulated_bank_transactions_uk
2023-02-23,direct debit o2 674045,184.54,utilities,simulated_bank_transactions_uk
2023-04-07,direct*debit*disney+ 878740,6.7,subscriptions,simulated_bank_transactions_uk
2024-11-03,Direct Debit Card Payment Pret Cafe,49.04,dining,simulated_bank_transactions_uk
2023-12-08,Pos Purchase Amazon Electronics 248088,218.7,other,simulated_bank_transactions_uk
2023-11-14,Card Payment Sainsburys Eggs 651403,183.77,groceries,simulated_bank_transactions_uk
2024-12-26,Card*Payment*Nhs*Gift 717308,34.85,other,simulated_bank_transactions_uk
2024-10-20,Bacs Landlord Rent 584390,1516.33,housing,simulated_bank_transactions_uk
2024-12-02,DIRECT DEBIT GOOGLE *SERVICES 820656,31.47,subscriptions,simulated_bank_transactions_uk
2024-03-09,rent payment mortgage 111766,1651.34,housing,simulated_bank_transactions_uk
2023-07-04,CARD PMT TRAINLINE UBER RIDE 49,52.04,transportation,simulated_bank_transactions_uk
2024-05-12,Direct*Debit*Card*Pmt*Hmrc*Pharmacy,237.07,other,simulated_bank_transactions_uk
2023-10-30,Card Pmt Tesco Eggs 912107,35.21,groceries,simulated_bank_transactions_uk
2024-07-06,card pmt apple.com/bill 94624,24.82,subscriptions,simulated_bank_transactions_uk
2023-12-11,Direct Debit Amazon Prime,5.55,subscriptions,simulated_bank_transactions_uk
2024-01-21,Pos*Rent*Payment*Mortgage 378880,853.13,housing,simulated_bank_transactions_uk
2024-10-01,Card Pmt Aldi Eggs 513530,167.11,groceries,simulated_bank_transactions_uk
2023-02-14,Direct Debit Disney,33.57,subscriptions,simulated_bank_transactions_uk
2024-09-17,TRANSPORT UBER TRAIN TICKET 819207,135.8,transportation,simulated_bank_transactions_uk
2023-09-02,Direct Debit Sky 265650,79.99,utilities,simulated_bank_transactions_uk
2023-07-18,utility-bill-thames-water 317822,237.43,utilities,simulated_bank_transactions_uk
2024-04-17,direct debit bill payment bt 718659,256.34,utilities,simulated_bank_transactions_uk
2024-03-04,Direct-Debit-Spotify 543421,24.62,subscriptions,simulated_bank_transactions_uk
2023-05-22,Online Purchase Amazon Misc Expense 310963,200.91,other,simulated_bank_transactions_uk
2024-01-16,mortgage pmt mortgage,1643.83,housing,simulated_bank_transactions_uk
2024-06-12,Food Delivery Kfc Restaurant,115.27,dining,simulated_bank_transactions_uk
2023-06-14,Mortgage Payment Landlord 957956,780.01,housing,simulated_bank_transactions_uk
2024-03-23,Pos-Bill-Payment-Sky 615015,59.63,utilities,simulated_bank_transactions_uk
2023-12-24,card payment sainsburys rice 933630,164.26,groceries,simulated_bank_transactions_uk
2024-05-29,bacs rent rent 211026,732.55,housing,simulated_bank_transactions_uk
2024-01-19,Bill Payment Bt 662685,258.71,utilities,simulated_bank_transactions_uk
2024-10-27,CONTACTLESS CONTACTLESS WAITROSE VEGETABLES 167131,186.51,groceries,simulated_bank_transactions_uk
2023-10-21,direct debit octopus energy 40557,57.34,utilities,simulated_bank_transactions_uk
2023-05-23,rent pmt letting agent 261909,1728.91,housing,simulated_bank_transactions_uk
2023-01-06,so direct debit google *services 305955,22.39,subscriptions,simulated_bank_transactions_uk
2023-06-03,Mortgage Payment Letting Agent 995138,1046.68,housing,simulated_bank_transactions_uk
2023-04-24,CARD/TRANSPORT/BP/CAR/MAINTENANCE 746652,74.83,transportation,simulated_bank_transactions_uk
2023-02-18,Direct Debit Netflix 114365,16.35,subscriptions,simulated_bank_transactions_uk
2024-05-26,pos tesco cereal 161565,17.25,groceries,simulated_bank_transactions_uk
2024-08-11,Restaurant/Pret/Restaurant 943273,102.95,dining,simulated_bank_transactions_uk
2023-01-02,card payment sainsburys eggs,61.8,groceries,simulated_bank_transactions_uk
2023-07-11,RESTAURANT KFC FAST FOOD 979451,93.45,dining,simulated_bank_transactions_uk
2024-01-05,Card Payment Kfc Restaurant 157389,86.14,dining,simulated_bank_transactions_uk
2024-04-26,Contactless Sainsburys Milk,81.14,groceries,simulated_bank_transactions_uk
2023-09-17,Pos Tesco Fruit 447688,196.3,groceries,simulated_bank_transactions_uk
2023-12-20,Card-Payment-Nando's-Food-Delivery,127.22,dining,simulated_bank_transactions_uk
2023-12-07,contactless*aldi*bread,155.44,groceries,simulated_bank_transactions_uk
2024-10-20,Contactless Morrisons Vegetables 730987,111.47,groceries,simulated_bank_transactions_uk
2024-05-05,pos asda cereal 642018,196.26,groceries,simulated_bank_transactions_uk
2024-04-13,Food Delivery Costa Fast Food,14.78,dining,simulated_bank_transactions_uk
2023-07-24,POS ICELAND RICE 911512,13.54,groceries,simulated_bank_transactions_uk
2024-06-11,Bacs Landlord Rent 762949,2096.73,housing,simulated_bank_transactions_uk
2023-02-07,So Utility Bill Severn Trent 980759,136.25,utilities,simulated_bank_transactions_uk
2023-02-18,fps-direct-debit-puregym 234524,15.73,subscriptions,simulated_bank_transactions_uk
2024-01-12,Fps Mortgage Payment Mortgage,1073.49,housing,simulated_bank_transactions_uk
2024-01-31,BACS CARD PAYMENT TRAINLINE FUEL,104.58,transportation,simulated_bank_transactions_uk
2024-05-24,utility bill bt 358411,141.61,utilities,simulated_bank_transactions_uk
2023-03-26,Direct Debit British Gas,87.68,utilities,simulated_bank_transactions_uk
2023-07-04,CARD-PAYMENT-DELIVEROO-RESTAURANT 393052,71.74,dining,simulated_bank_transactions_uk
2023-12-02,BACS TRANSPORT TFL BUS PASS 976402,16.16,transportation,simulated_bank_transactions_uk
2024-03-12,RESTAURANT KFC FOOD DELIVERY,74.12,dining,simulated_bank_transactions_uk
2023-02-13,Card*Pmt*Sainsburys*Cereal 7,73.55,groceries,simulated_bank_transactions_uk
2024-03-21,RESTAURANT UBER EATS FOOD DELIVERY 690461,100.3,dining,simulated_bank_transactions_uk
2024-10-14,Utility Bill Severn Trent 418196,42.63,utilities,simulated_bank_transactions_uk
2024-11-26,Sto Card Payment Bolt Car Maintenance 736570,112.55,transportation,simulated_bank_transactions_uk
2024-09-14,Sto Contactless Waitrose Milk,32.84,groceries,simulated_bank_transactions_uk
2023-03-10,Food Delivery Mcdonalds Cafe 989464,10.39,dining,simulated_bank_transactions_uk
2024-08-03,contactless morrisons vegetables 1533,75.62,groceries,simulated_bank_transactions_uk
2024-01-15,Card Payment Lidl Eggs 310477,137.42,groceries,simulated_bank_transactions_uk
2024-06-26,DIRECT DEBIT EE,159.87,utilities,simulated_bank_transactions_uk
2023-09-13,Contactless*Utility*Bill*Sky 827394,177.65,utilities,simulated_bank_transactions_uk
2024-05-26,CONTACTLESS ONLINE PURCHASE SUPERDRUG ONLINE PURCHASE,184.71,other,simulated_bank_transactions_uk
2023-09-24,fuel uber car maintenance,18.25,transportation,simulated_bank_transactions_uk
2023-10-20,RESTAURANT GREGGS FAST FOOD,159.44,dining,simulated_bank_transactions_uk
2023-05-19,RESTAURANT PRET CAFE 347620,36.03,dining,simulated_bank_transactions_uk
2024-12-31,rent payment landlord 885096,917.62,housing,simulated_bank_transactions_uk
2023-11-24,direct debit fuel esso uber ride 825451,113.85,transportation,simulated_bank_transactions_uk
2023-10-25,Pos Food Delivery Starbucks Restaurant 308835,90.25,dining,simulated_bank_transactions_uk
2024-12-18,direct debit bacs mortgage rent 652303,1753.3,housing,simulated_bank_transactions_uk
2023-05-05,Food-Delivery-Pret-Food-Delivery,83.86,dining,simulated_bank_transactions_uk
2024-05-20,ONLINE PURCHASE SUPERDRUG MISC EXPENSE 87345,61.47,other,simulated_bank_transactions_uk
2024-07-18,CONTACTLESS ASDA VEGETABLES 719699,96.14,groceries,simulated_bank_transactions_uk
2024-02-12,Pos Sainsburys Bread 482532,17.82,groceries,simulated_bank_transactions_uk
2024-02-24,contactless card payment amazon gift 272212,132.85,other,simulated_bank_transactions_uk
2023-11-21,CARD PMT PUREGYM 673580,9.14,subscriptions,simulated_bank_transactions_uk
2024-06-13,FOOD DELIVERY NANDO'S CAFE 826115,77.2,dining,simulated_bank_transactions_uk
2023-07-06,direct debit bt 498012,175.35,utilities,simulated_bank_transactions_uk
2023-02-26,Subscription/Amazon/Prime 931063,21.74,subscriptions,simulated_bank_transactions_uk
2023-06-18,visa subscription google *services 90261,10.27,subscriptions,simulated_bank_transactions_uk
2024-06-15,Pos/Waitrose/Rice 876297,72.47,groceries,simulated_bank_transactions_uk
2024-10-12,Rent Payment Rent,1038.44,housing,simulated_bank_transactions_uk
2023-11-07,sto/pos/purchase/ebay/pharmacy 246925,33.92,other,simulated_bank_transactions_uk
2023-06-22,card payment uber eats restaurant 613546,82.9,dining,simulated_bank_transactions_uk
2024-10-01,RESTAURANT/UBER/EATS/FAST/FOOD,31.54,dining,simulated_bank_transactions_uk
2024-07-31,restaurant greggs food delivery 813402,135.59,dining,simulated_bank_transactions_uk
2024-10-18,Pos/Sainsburys/Milk 930390,20.84,groceries,simulated_bank_transactions_uk
2024-08-08,subscription spotify 39436,30.7,subscriptions,simulated_bank_transactions_uk
2024-10-04,FUEL ESSO UBER RIDE,70.73,transportation,simulated_bank_transactions_uk
2024-12-02,fuel esso bus pass,68.65,transportation,simulated_bank_transactions_uk
2023-03-03,FUEL NATIONAL RAIL FUEL 154300,12.07,transportation,simulated_bank_transactions_uk
2023-07-28,FPS/CARD/PAYMENT/ICELAND/FRUIT 217818,99.43,groceries,simulated_bank_transactions_uk
2023-11-23,Bill-Pmt-Severn-Trent 547699,98.46,utilities,simulated_bank_transactions_uk
2023-05-14,food delivery greggs food delivery 617225,156.18,dining,simulated_bank_transactions_uk
2023-11-23,Card Pmt Spotify 910869,27.03,subscriptions,simulated_bank_transactions_uk
2023-09-11,CONTACTLESS ICELAND BREAD 295450,57.16,groceries,simulated_bank_transactions_uk
2024-01-29,Pos Asda Milk 347265,61.59,groceries,simulated_bank_transactions_uk
2023-06-13,bacs mortgage rent,1034.82,housing,simulated_bank_transactions_uk
2023-07-14,SUBSCRIPTION/DISNEY+ 426151,33.57,subscriptions,simulated_bank_transactions_uk
2024-04-23,CARD PMT NETFLIX 506065,44.83,subscriptions,simulated_bank_transactions_uk
2023-04-03,Fuel-Bp-Bus-Pass 719894,70.64,transportation,simulated_bank_transactions_uk
2023-09-04,BACS*BACS*MORTGAGE*RENT,1358.71,housing,simulated_bank_transactions_uk
2023-10-16,card payment asda vegetables 692423,14.49,groceries,simulated_bank_transactions_uk
2023-01-09,fuel*tfl*fuel 842272,41.43,transportation,simulated_bank_transactions_uk
2023-09-28,DIRECT DEBIT GYM GROUP,9.49,subscriptions,simulated_bank_transactions_uk
2024-02-15,FOOD DELIVERY UBER EATS CAFE 548923,61.72,dining,simulated_bank_transactions_uk
2023-10-23,card payment tesco rice 684226,75.69,groceries,simulated_bank_transactions_uk
2023-10-14,Contactless Aldi Cereal 214588,154.06,groceries,simulated_bank_transactions_uk
2023-05-02,subscription puregym 812801,31.9,subscriptions,simulated_bank_transactions_uk
2023-12-14,contactless asda bread 225875,81.81,groceries,simulated_bank_transactions_uk
2023-07-23,Visa Food Delivery Costa Food Delivery 630402,122.02,dining,simulated_bank_transactions_uk
2023-02-16,Restaurant Nando's Cafe,82.51,dining,simulated_bank_transactions_uk
2024-06-15,Contactless Aldi Vegetables 212505,161.77,groceries,simulated_bank_transactions_uk
2023-05-24,transport bolt car maintenance 707,125.25,transportation,simulated_bank_transactions_uk
2024-02-07,Contactless Direct Debit Sky 615549,99.85,utilities,simulated_bank_transactions_uk
2024-06-03,online purchase amazon pharmacy 612248,149.65,other,simulated_bank_transactions_uk
2024-07-30,subscription/apple.com/bill 112636,24.08,subscriptions,simulated_bank_transactions_uk
2024-11-20,Bill Pmt Ee,111.56,utilities,simulated_bank_transactions_uk
2024-12-05,contactless aldi fruit,118.82,groceries,simulated_bank_transactions_uk
2024-11-02,Food Delivery Deliveroo Cafe 402261,46.16,dining,simulated_bank_transactions_uk
2023-02-22,card payment amazon prime 735861,27.68,subscriptions,simulated_bank_transactions_uk
2024-09-26,Restaurant/Kfc/Fast/Food 371711,86.26,dining,simulated_bank_transactions_uk
2024-11-28,SUBSCRIPTION APPLE.COM/BILL,10.06,subscriptions,simulated_bank_transactions_uk
2024-03-27,MASTERCARD*POS*LIDL*BREAD 802368,42.2,groceries,simulated_bank_transactions_uk
2023-07-28,bill pmt british gas,122.05,utilities,simulated_bank_transactions_uk
2023-03-05,Transport*Esso*Car*Maintenance 56,129.03,transportation,simulated_bank_transactions_uk
2024-11-09,FOOD DELIVERY STARBUCKS FAST FOOD 9,91.94,dining,simulated_bank_transactions_uk
2023-06-27,Fuel-Bp-Fuel 495241,45.3,transportation,simulated_bank_transactions_uk
2023-12-29,CARD PAYMENT SHELL CAR MAINTENANCE 896825,49.24,transportation,simulated_bank_transactions_uk
2023-07-16,Card Payment Deliveroo Food Delivery,99.56,dining,simulated_bank_transactions_uk
2023-08-19,card*pos*purchase*hmrc*pharmacy 937661,140.85,other,simulated_bank_transactions_uk
2024-12-22,Mortgage Pmt Letting Agent 63952,1845.32,housing,simulated_bank_transactions_uk
2023-12-24,card payment aldi cereal 978109,66.82,groceries,simulated_bank_transactions_uk
2024-08-10,STO CARD PMT COSTA FOOD DELIVERY 184017,49.61,dining,simulated_bank_transactions_uk
2024-02-09,restaurant greggs cafe,143.84,dining,simulated_bank_transactions_uk
2023-10-22,Direct Debit Apple.com/bill 643053,15.91,subscriptions,simulated_bank_transactions_uk
2024-03-28,card payment ebay online purchase,88.55,other,simulated_bank_transactions_uk
2024-07-05,Restaurant Starbucks Cafe 473161,38.17,dining,simulated_bank_transactions_uk
2023-05-21,Direct Debit E.on,188.6,utilities,simulated_bank_transactions_uk
2024-11-16,fps*card*payment*asda*rice 88295,52.28,groceries,simulated_bank_transactions_uk
2023-02-23,RENT/PMT/LANDLORD 880249,1638.81,housing,simulated_bank_transactions_uk
2023-04-13,contactless tesco vegetables,144.88,groceries,simulated_bank_transactions_uk
2024-07-17,SO FOOD DELIVERY GREGGS FAST FOOD 667738,5.8,dining,simulated_bank_transactions_uk
2024-05-02,online purchase hmrc misc expense 384551,103.51,other,simulated_bank_transactions_uk
2023-10-22,card card payment national rail train ticket 967879,106.32,transportation,simulated_bank_transactions_uk
2023-04-02,Bill Payment O2,238.37,utilities,simulated_bank_transactions_uk
2023-02-08,RESTAURANT KFC FAST FOOD 397737,87.95,dining,simulated_bank_transactions_uk
2023-06-30,Mortgage Payment Rent 286071,1297.72,housing,simulated_bank_transactions_uk
2024-02-11,MORTGAGE*PAYMENT*LETTING*AGENT 286353,2195.62,housing,simulated_bank_transactions_uk
2023-10-24,Visa Subscription Puregym 132113,42.4,subscriptions,simulated_bank_transactions_uk
2024-09-09,FPS RENT PAYMENT RENT,1112.51,housing,simulated_bank_transactions_uk
2024-10-18,Card Payment Waitrose Vegetables 814331,60.49,groceries,simulated_bank_transactions_uk
2023-05-18,TRANSPORT ESSO FUEL 806459,124.72,transportation,simulated_bank_transactions_uk
2023-04-26,MORTGAGE PAYMENT MORTGAGE,1072.9,housing,simulated_bank_transactions_uk
2023-07-10,bill pmt scottishpower,177.35,utilities,simulated_bank_transactions_uk
2024-08-04,CARD PMT SAINSBURYS VEGETABLES,159.2,groceries,simulated_bank_transactions_uk
2024-10-16,CARD PMT NANDO'S FAST FOOD 2558,32.2,dining,simulated_bank_transactions_uk
2023-03-30,BACS MORTGAGE RENT 355861,1448.69,housing,simulated_bank_transactions_uk
2023-05-24,Transport Tfl Uber Ride 244977,27.5,transportation,simulated_bank_transactions_uk
2024-01-28,bacs card payment shell train ticket 459752,2.94,transportation,simulated_bank_transactions_uk
2023-11-06,pos iceland chicken,191.04,groceries,simulated_bank_transactions_uk
2024-01-04,card payment just eat restaurant,45.54,dining,simulated_bank_transactions_uk
2024-04-21,Restaurant Just Eat Restaurant 337272,108.51,dining,simulated_bank_transactions_uk
2024-12-21,Fps-Utility-Bill-Sky 673036,186.23,utilities,simulated_bank_transactions_uk
2023-10-30,CARD CARD PAYMENT SPOTIFY,30.19,subscriptions,simulated_bank_transactions_uk
2023-05-17,Utility-Bill-Vodafone 753,76.5,utilities,simulated_bank_transactions_uk
2024-09-12,TRANSPORT ESSO FUEL,105.19,transportation,simulated_bank_transactions_uk
2024-07-04,UTILITY BILL SEVERN TR,239.51,utilities,simulated_bank_transactions_uk
2024-11-27,SUBSCRIPTION SPOTIFY 656700,35.24,subscriptions,simulated_bank_transactions_uk
2024-06-24,card payment gym group,25.55,subscriptions,simulated_bank_transactions_uk
2023-04-25,card payment nando's restaurant 630057,147.17,dining,simulated_bank_transactions_uk
2023-06-03,card pmt waitrose rice,116.68,groceries,simulated_bank_transactions_uk
2023-07-30,contactless lidl cereal 475379,27.67,groceries,simulated_bank_transactions_uk
2024-06-06,card payment starbucks cafe,19.1,dining,simulated_bank_transactions_uk
2024-06-09,TRANSPORT BOLT UBER RIDE 290362,64.57,transportation,simulated_bank_transactions_uk
2024-04-18,TRANSPORT/NATIONAL/RAIL/CAR/MAINTENANCE 851472,9.97,transportation,simulated_bank_transactions_uk
2024-02-10,Restaurant Uber Eats Food Delivery 866814,117.11,dining,simulated_bank_transactions_uk
2024-08-15,sto direct debit bt,200.26,utilities,simulated_bank_transactions_uk
2023-03-07,CARD PAYMENT MORRISONS FRUIT 12989,72.18,groceries,simulated_bank_transactions_uk
2023-03-12,transport bp uber ride 732663,130.97,transportation,simulated_bank_transactions_uk
2024-02-23,Online Purchase Amazon Gift 453917,10.84,other,simulated_bank_transactions_uk
2024-10-23,pos morrisons eggs 276311,154.34,groceries,simulated_bank_transactions_uk
2024-01-27,online*purchase*hmrc*pharmacy 206625,248.24,other,simulated_bank_transactions_uk
2024-11-30,transport uber fuel 118996,53.84,transportation,simulated_bank_transactions_uk
2023-12-23,direct-debit-pos-purchase-hmrc-electronics 367704,35.85,other,simulated_bank_transactions_uk
2023-08-17,Contactless-Iceland-Fruit 764873,108.12,groceries,simulated_bank_transactions_uk
2024-04-19,Sto Card Payment,44.12,subscriptions,simulated_bank_transactions_uk
2023-08-24,restaurant nando's cafe 573967,87.45,dining,simulated_bank_transactions_uk
2023-07-13,Contactless Aldi Vegetables 395900,35.25,groceries,simulated_bank_transactions_uk
2023-02-02,Pos Mortgage Payment Rent 687563,1836.51,housing,simulated_bank_transactions_uk
2023-01-17,Direct Debit Spotify 307703,29.21,subscriptions,simulated_bank_transactions_uk
2023-02-04,Pos Morrisons Bread 627111,24.67,groceries,simulated_bank_transactions_uk
2023-02-15,Transport-National-Rail-Uber-Ride 413509,35.77,transportation,simulated_bank_transactions_uk
2023-02-27,card pmt tfl train ticket,76.49,transportation,simulated_bank_transactions_uk
2024-08-12,Contactless Tesco Chicken 582896,50.66,groceries,simulated_bank_transactions_uk
2023-11-25,Direct*Debit*Scottishpower 711929,206.55,utilities,simulated_bank_transactions_uk
2024-06-17,card-payment-lidl-eggs 139173,197.21,groceries,simulated_bank_transactions_uk
2024-07-24,contactless asda chicken 142822,58.66,groceries,simulated_bank_transactions_uk
2024-10-03,bacs landlord rent 334025,2062.95,housing,simulated_bank_transactions_uk
2023-12-19,Food Delivery Mcdonalds Cafe 465523,12.27,dining,simulated_bank_transactions_uk
2024-06-21,CARD RENT PAYMENT LETTING AGENT 636022,1240.79,housing,simulated_bank_transactions_uk
2023-11-04,visa utility bill scottishpower 527725,120.94,utilities,simulated_bank_transactions_uk
2023-08-19,bacs/utility/bill/o2 429436,136.28,utilities,simulated_bank_transactions_uk
2023-03-01,Pos*Bill*Pmt*British*Gas,214.36,utilities,simulated_bank_transactions_uk
2023-05-18,Restaurant Costa Cafe,91.38,dining,simulated_bank_transactions_uk
2024-10-24,utility bill vodafone 258657,72.78,utilities,simulated_bank_transactions_uk
2023-04-05,contactless morrisons cereal 306323,170.19,groceries,simulated_bank_transactions_uk
2024-01-22,Contactless/Card/Pmt/Bolt/Train/Ticket 678486,9.11,transportation,simulated_bank_transactions_uk
2023-07-12,Card Payment Just Eat Restaurant 434648,140.41,dining,simulated_bank_transactions_uk
2024-07-26,Subscription*Netflix 340817,33.7,subscriptions,simulated_bank_transactions_uk
2023-12-07,Fps*Contactless*Asda*Rice,174.55,groceries,simulated_bank_transactions_uk
2023-07-14,DIRECT-DEBIT-BT 692567,74.77,utilities,simulated_bank_transactions_uk
2024-05-05,CARD*PAYMENT*ARGOS*ONLINE*PURCHASE 190473,187.48,other,simulated_bank_transactions_uk
2023-07-29,RENT PAYMENT LANDLORD,1586.82,housing,simulated_bank_transactions_uk
2023-10-17,Sto Utility Bill British Gas 631421,154.74,utilities,simulated_bank_transactions_uk
2023-11-12,utility bill scottishpower 15,177.45,utilities,simulated_bank_transactions_uk
2024-04-22,Direct Debit British Gas 438211,232.46,utilities,simulated_bank_transactions_uk
2023-11-24,Contactless Asda Cereal,153.52,groceries,simulated_bank_transactions_uk
2023-02-16,BACS-MORTGAGE-RENT,1135.03,housing,simulated_bank_transactions_uk
2023-01-17,FOOD DELIVERY STARBUCKS FAST FOOD 553654,119.89,dining,simulated_bank_transactions_uk
2024-03-03,UTILITY BILL SCOTTISHPOWER 92928,161.1,utilities,simulated_bank_transactions_uk
2024-01-24,Utility-Bill-Bt,102.52,utilities,simulated_bank_transactions_uk
2024-11-01,FOOD DELIVERY DELIVEROO FAST FOOD,82.39,dining,simulated_bank_transactions_uk
2024-05-15,Rent Payment Rent 646197,1048.86,housing,simulated_bank_transactions_uk
2023-12-27,Card/Pmt/Hmrc/Gift 267776,116.82,other,simulated_bank_transactions_uk
2024-07-09,CARD*PMT*ALDI*CEREAL,40.89,groceries,simulated_bank_transactions_uk
2023-03-18,card payment amazon online purchase,132.41,other,simulated_bank_transactions_uk
2023-01-07,Mortgage Payment Landlord 823072,725.2,housing,simulated_bank_transactions_uk
2023-06-04,Fuel Tfl Train Ticket 606445,11.38,transportation,simulated_bank_transactions_uk
2024-09-24,POS WAITROSE CEREAL 884326,77.77,groceries,simulated_bank_transactions_uk
2023-01-17,Restaurant Uber Eats Cafe,107.19,dining,simulated_bank_transactions_uk
2024-06-26,pos card pmt tesco fruit 551607,7.31,groceries,simulated_bank_transactions_uk
2024-12-15,Restaurant Nando's Food Delivery 507109,7.66,dining,simulated_bank_transactions_uk
2023-04-09,Card Pmt Mcdonalds Fast Food,21.59,dining,simulated_bank_transactions_uk
2024-06-23,visa fuel trainline train ticket 5309,28.49,transportation,simulated_bank_transactions_uk
2024-02-11,Utility-Bill-British-Gas 796338,87.82,utilities,simulated_bank_transactions_uk
2023-09-07,contactless card payment lidl fruit 286898,94.5,groceries,simulated_bank_transactions_uk
2023-03-24,card-payment-boots-misc-expense 285218,77.09,other,simulated_bank_transactions_uk
2024-01-24,Contactless*Food*Delivery*Greggs*Restaurant 31401,19.49,dining,simulated_bank_transactions_uk
2023-01-10,DIRECT DEBIT SKY,38.19,utilities,simulated_bank_transactions_uk
2024-03-20,Food Delivery Deliveroo Restauran,82.48,dining,simulated_bank_transactions_uk
2023-04-08,FPS*FOOD*DELIVERY*DELIVEROO*FOOD*DELIVERY 994471,92.71,dining,simulated_bank_transactions_uk
2024-12-09,Direct Debit Mortgage Pmt Letting Agent 327,1006.14,housing,simulated_bank_transactions_uk
2023-03-18,MORTGAGE/PMT/LETTING/AGENT 426392,1070.2,housing,simulated_bank_transactions_uk
2024-07-31,restaurant nando's food delivery 652034,144.39,dining,simulated_bank_transactions_uk
2023-11-19,Pos Restaurant Mcdonalds Fast Food,148.96,dining,simulated_bank_transactions_uk
2024-12-30,Mastercard Contactless Waitrose Rice,119.47,groceries,simulated_bank_transactions_uk
2024-07-31,DIRECT DEBIT PUREGYM 115027,16.27,subscriptions,simulated_bank_transactions_uk
2024-07-07,CARD/PMT/MORRISONS/FRUIT,137.02,groceries,simulated_bank_transactions_uk
2024-12-06,direct*debit*sky 715622,210.77,utilities,simulated_bank_transactions_uk
2024-03-23,Food Delivery Greggs Food Delivery,13.32,dining,simulated_bank_transactions_uk
2024-09-20,Contactless Tesco Bread 588234,71.42,groceries,simulated_bank_transactions_uk
2023-12-01,CARD PMT SUPERDRUG GIFT 334580,242.32,other,simulated_bank_transactions_uk
2024-04-06,Card Pmt Morrisons Chicken 404277,157.79,groceries,simulated_bank_transactions_uk
2024-01-20,Card Payment Shell Bus Pass 17470,78.32,transportation,simulated_bank_transactions_uk
2023-03-29,FUEL*ESSO*CAR*MAINTENANCE,93.17,transportation,simulated_bank_transactions_uk
2024-12-31,card payment gym group 237706,36.72,subscriptions,simulated_bank_transactions_uk
2024-12-29,CONTACTLESS TESCO CHICKEN 573696,35.07,groceries,simulated_bank_transactions_uk
2023-11-21,SUBSCRIPTION NETFLIX 149989,34.33,subscriptions,simulated_bank_transactions_uk
2023-11-12,bill pmt ee 662297,26.22,utilities,simulated_bank_transactions_uk
2023-03-31,Fuel Trainline Bus Pass 477089,16.11,transportation,simulated_bank_transactions_uk
2024-06-08,Contactless Iceland Cereal 38042,113.61,groceries,simulated_bank_transactions_uk
2024-07-21,fps fuel bolt uber ride 306925,14.37,transportation,simulated_bank_transactions_uk
2023-01-13,SO CARD PMT TESCO VEGETABLES 646710,173.43,groceries,simulated_bank_transactions_uk
2024-07-26,Direct Debit Thames Water 388728,208.1,utilities,simulated_bank_transactions_uk
2023-06-23,Bacs Letting Agent Rent 89501,1536.54,housing,simulated_bank_transactions_uk
2023-11-05,card pmt uber eats fast food 762265,26.52,dining,simulated_bank_transactions_uk
2024-03-21,Contactless/Utility/Bill/Scottishpower 500365,39.87,utilities,simulated_bank_transactions_uk
2023-03-20,direct*debit*ee 973263,138.79,utilities,simulated_bank_transactions_uk
2024-05-22,Utility-Bill-Vodafone,194.41,utilities,simulated_bank_transactions_uk
2023-05-19,RESTAURANT GREGGS FAST FOOD 811707,75.97,dining,simulated_bank_transactions_uk
2024-09-27,Utility Bill Scottishpower 12091,103.07,utilities,simulated_bank_transactions_uk
2024-03-16,Mastercard Direct Debit Octopus Energy,128.45,utilities,simulated_bank_transactions_uk
2023-11-25,Sto Subscription Netflix,9.58,subscriptions,simulated_bank_transactions_uk
2023-07-01,Card Payment Nando's Fast Food,79.25,dining,simulated_bank_transactions_uk
2024-12-12,online purchase ebay pharmacy 968516,74.99,other,simulated_bank_transactions_uk
2023-10-15,Food Delivery Starbucks Fast Food 349813,55.51,dining,simulated_bank_transactions_uk
2024-07-31,direct debit apple.com/bill 188110,18.97,subscriptions,simulated_bank_transactions_uk
2024-07-17,Mastercard Pos Sainsburys Egg,137.93,groceries,simulated_bank_transactions_uk
2023-08-03,CARD PAYMENT ALDI CEREAL,188.88,groceries,simulated_bank_transactions_uk
2023-03-12,transport bolt bus pass,116.72,transportation,simulated_bank_transactions_uk
2023-05-23,DIRECT DEBIT GYM GROUP,31.59,subscriptions,simulated_bank_transactions_uk
2023-06-07,food delivery uber eats fast food 895794,44.17,dining,simulated_bank_transactions_uk
2024-09-04,RESTAURANT*NANDO'S*CAFE 314388,16.46,dining,simulated_bank_transactions_uk
2024-12-09,Fuel Trainline Fuel 38432,75.74,transportation,simulated_bank_transactions_uk
2024-01-04,So Card Pmt Uber Uber Ride,111.12,transportation,simulated_bank_transactions_uk
2023-09-12,visa*card*pmt*pret*restaurant,21.95,dining,simulated_bank_transactions_uk
2024-09-19,CARD PAYMENT JUST EAT FOOD DELIVERY 963612,30.78,dining,simulated_bank_transactions_uk
2023-12-06,Visa Contactless Lidl Fruit 641916,193.53,groceries,simulated_bank_transactions_uk
2023-04-11,Card/Payment/Ebay/Gift 851941,29.17,other,simulated_bank_transactions_uk
2024-07-25,sto/bill/pmt/sky,200.51,utilities,simulated_bank_transactions_uk
2024-02-05,Card-Payment-Costa-Fast-Food 460969,74.1,dining,simulated_bank_transactions_uk
2023-06-04,Transport Tfl Car Maintenance 923355,97.28,transportation,simulated_bank_transactions_uk
2023-10-30,Direct Debit British Gas 728191,138.45,utilities,simulated_bank_transactions_uk
2023-05-26,contactless fuel esso uber ride,18.02,transportation,simulated_bank_transactions_uk
2023-07-31,Utility-Bill-British-Gas 5792,132.0,utilities,simulated_bank_transactions_uk
2024-03-24,Transport Uber Bus Pass 487765,67.71,transportation,simulated_bank_transactions_uk
2023-11-04,Card Restaurant Kfc Cafe 185888,54.43,dining,simulated_bank_transactions_uk
2023-12-18,pos*tesco*bread,9.4,groceries,simulated_bank_transactions_uk
2023-09-07,CARD PAYMENT MCDONALDS FAST FOOD,149.14,dining,simulated_bank_transactions_uk
2024-07-27,Card Payment Shell Car Maintenance 103827,24.1,transportation,simulated_bank_transactions_uk
2024-02-19,TRANSPORT BP FUEL 458037,34.0,transportation,simulated_bank_transactions_uk
2024-03-18,RESTAURANT UBER EATS FAST FOOD 283795,104.27,dining,simulated_bank_transactions_uk
2024-04-05,DIRECT DEBIT E.ON 798273,232.53,utilities,simulated_bank_transactions_uk
2023-08-08,Food Delivery Greggs Cafe 580606,5.69,dining,simulated_bank_transactions_uk
2024-07-03,CARD PMT SAINSBURYS BREAD 16208,117.58,groceries,simulated_bank_transactions_uk
2023-04-27,POS LIDL VEGETABLES,43.43,groceries,simulated_bank_transactions_uk
2024-10-16,Fps Bill Payment British Gas 414474,149.01,utilities,simulated_bank_transactions_uk
2024-08-24,So Bill Pmt Octopus Energy 229596,168.66,utilities,simulated_bank_transactions_uk
2024-09-24,CONTACTLESS POS ALDI VEGETABLES 6,169.88,groceries,simulated_bank_transactions_uk
2024-08-27,Direct Debit Pos Iceland Chicken,184.14,groceries,simulated_bank_transactions_uk
2023-09-02,Contactless Waitrose Eggs 604171,66.07,groceries,simulated_bank_transactions_uk
2023-05-25,DIRECT DEBIT SKY 9,112.73,utilities,simulated_bank_transactions_uk
2024-08-11,CARD PAYMENT SHELL FUEL 744793,84.31,transportation,simulated_bank_transactions_uk
2024-07-04,Bill Payment E.on,139.37,utilities,simulated_bank_transactions_uk
2024-05-16,Food Delivery Kfc Fast Food 5,91.01,dining,simulated_bank_transactions_uk
2024-04-06,bill payment o2,98.93,utilities,simulated_bank_transactions_uk
2024-05-11,FPS FOOD DELIVERY COSTA FOOD DELIVERY 81685,152.54,dining,simulated_bank_transactions_uk
2024-06-01,Pos Aldi Fruit 308410,192.95,groceries,simulated_bank_transactions_uk
2024-03-01,card pmt just eat ca,111.13,dining,simulated_bank_transactions_uk
2023-03-26,food delivery kfc cafe 623180,80.75,dining,simulated_bank_transactions_uk
2023-10-09,food delivery just eat fast food 828607,50.27,dining,simulated_bank_transactions_uk
2024-04-13,CARD PMT ICELAND CHICKEN 175444,37.8,groceries,simulated_bank_transactions_uk
2023-04-26,Card Food Delivery Mcdonalds Cafe 161940,90.21,dining,simulated_bank_transactions_uk
2024-01-11,card pmt nando's food delivery 74,125.14,dining,simulated_bank_transactions_uk
2024-03-27,Transport Shell Uber Ride 27135,106.88,transportation,simulated_bank_transactions_uk
2024-10-31,TRANSPORT ESSO FUEL 533056,16.13,transportation,simulated_bank_transactions_uk
2023-02-03,Direct Debit Apple.com/bill 839416,39.87,subscriptions,simulated_bank_transactions_uk
2023-03-31,Card Payment Esso Bus Pass 422139,120.98,transportation,simulated_bank_transactions_uk
2023-08-31,Visa/Card/Pmt/Uber/Uber/Ride,109.04,transportation,simulated_bank_transactions_uk
2024-09-16,pos lidl vegetables 537648,172.9,groceries,simulated_bank_transactions_uk
2023-07-31,restaurant*deliveroo*fast*food 39,100.5,dining,simulated_bank_transactions_uk
2024-06-29,DIRECT DEBIT GOOGLE *SERVICES 436798,27.37,subscriptions,simulated_bank_transactions_uk
2024-12-21,direct debit thames water 151616,64.57,utilities,simulated_bank_transactions_uk
2024-06-10,Sto*Utility*Bill*O2 287606,87.83,utilities,simulated_bank_transactions_uk
2024-02-26,BACS ONLINE PURCHASE NHS ONLINE PURCHASE,36.49,other,simulated_bank_transactions_uk
2023-05-10,VISA*MORTGAGE*PMT*LETTING*AGENT 699260,1993.92,housing,simulated_bank_transactions_uk
2024-12-29,Card-Pmt-Starbucks-Fast-Food 70966,43.7,dining,simulated_bank_transactions_uk
2024-11-23,Utility Bill Severn Trent 728968,203.95,utilities,simulated_bank_transactions_uk
2023-10-03,UTILITY-BILL-SEVERN-TRENT 727959,160.69,utilities,simulated_bank_transactions_uk
2024-10-10,Card Pmt Mcdonalds Cafe 306831,75.06,dining,simulated_bank_transactions_uk
2023-10-12,CARD/PAYMENT/SPOTIFY 915822,20.52,subscriptions,simulated_bank_transactions_uk
2024-05-14,sto/restaurant/greggs/food/delivery 392133,75.48,dining,simulated_bank_transactions_uk
2023-04-06,card bill payment vodafone,229.19,utilities,simulated_bank_transactions_uk
2024-12-15,Food/Delivery/Just/Eat/Cafe,103.4,dining,simulated_bank_transactions_uk
2024-02-12,Fps Utility Bill Thames Water,211.98,utilities,simulated_bank_transactions_uk
2024-05-21,Card/Pos/Aldi/Fruit 83423,165.85,groceries,simulated_bank_transactions_uk
2024-08-14,Direct Debit Octopus Energy 692838,104.37,utilities,simulated_bank_transactions_uk
2024-11-29,CARD PAYMENT TESCO CEREAL,158.72,groceries,simulated_bank_transactions_uk
2024-04-15,DIRECT-DEBIT-CARD-PAYMENT-AMAZON-PRIME,8.08,subscriptions,simulated_bank_transactions_uk
2023-01-01,CONTACTLESS ASDA EGGS,91.05,groceries,simulated_bank_transactions_uk
2024-12-06,pos purchase currys gift 225411,52.97,other,simulated_bank_transactions_uk
2023-10-08,Mortgage-Payment-Mortgage,1117.89,housing,simulated_bank_transactions_uk
2024-01-16,card payment lidl vegetables 520900,53.83,groceries,simulated_bank_transactions_uk
2024-10-02,FPS-FOOD-DELIVERY-GREGGS-FAST-FOOD 882946,13.03,dining,simulated_bank_transactions_uk
2023-04-04,bill pmt ee,125.87,utilities,simulated_bank_transactions_uk
2023-03-21,card*payment*costa*restaurant 710381,38.08,dining,simulated_bank_transactions_uk
2024-03-31,Card Pmt Asda Rice,106.29,groceries,simulated_bank_transactions_uk
2024-03-08,BACS POS WAITROSE VEGETABLES,164.34,groceries,simulated_bank_transactions_uk
2024-01-28,Food Delivery Uber Eats Cafe 700061,15.98,dining,simulated_bank_transactions_uk
2024-01-12,FPS*CARD*PMT*MORRISONS*BREAD 989181,25.12,groceries,simulated_bank_transactions_uk
2023-05-17,bacs/rent/rent 713197,1243.22,housing,simulated_bank_transactions_uk
2024-07-30,Food Delivery Greggs Fast Food 489659,15.6,dining,simulated_bank_transactions_uk
2023-08-07,Card Pmt Iceland Eggs 8,90.82,groceries,simulated_bank_transactions_uk
2024-09-22,restaurant nando's fast food 584707,147.58,dining,simulated_bank_transactions_uk
2023-04-13,FOOD DELIVERY GREGGS FAST FOOD 115695,18.44,dining,simulated_bank_transactions_uk
2024-01-29,Contactless Iceland Bread 519721,119.97,groceries,simulated_bank_transactions_uk
2023-05-24,UTILITY BILL VODAFONE 385208,98.91,utilities,simulated_bank_transactions_uk
2024-09-07,contactless tesco bread 60191,53.39,groceries,simulated_bank_transactions_uk
2024-12-08,Card-Pmt-Kfc-Food-Delivery 17,125.74,dining,simulated_bank_transactions_uk
2024-09-13,Card*Pmt*Tesco*Chicken 332889,45.06,groceries,simulated_bank_transactions_uk
2023-02-25,CARD PAYMENT BP FUEL 528191,42.78,transportation,simulated_bank_transactions_uk
2023-04-26,subscription google *services,24.29,subscriptions,simulated_bank_transactions_uk
2023-01-13,sto card pmt lidl bread,108.02,groceries,simulated_bank_transactions_uk
2024-08-05,pos purchase superdrug pharmacy 81385,35.6,other,simulated_bank_transactions_uk
2024-04-27,fuel*bolt*car*maintenance 541403,96.25,transportation,simulated_bank_transactions_uk
2023-03-11,CARD PAYMENT ARGOS ONLINE PURCHASE,7.12,other,simulated_bank_transactions_uk
2023-03-03,contactless/morrisons/rice,12.77,groceries,simulated_bank_transactions_uk
2024-10-05,Mortgage Pmt Mortgage,1435.25,housing,simulated_bank_transactions_uk
2024-02-16,Food Delivery Greggs Caf,70.65,dining,simulated_bank_transactions_uk
2023-11-14,card pmt aldi eggs 168099,59.11,groceries,simulated_bank_transactions_uk
2023-06-09,CARD PMT TESCO RICE,194.99,groceries,simulated_bank_transactions_uk
2024-10-27,TRANSPORT*TFL*FUEL,82.93,transportation,simulated_bank_transactions_uk
2024-03-23,Sto Restaurant Nando's Restaurant 870250,53.08,dining,simulated_bank_transactions_uk
2023-03-30,RESTAURANT-JUST-EAT-FAST-FOOD 613710,13.98,dining,simulated_bank_transactions_uk
2024-09-15,CARD*MORTGAGE*PAYMENT*LANDLORD,1352.73,housing,simulated_bank_transactions_uk
2024-12-25,contactless waitrose eggs,28.29,groceries,simulated_bank_transactions_uk
2023-12-22,Card Pmt Asda Milk,36.95,groceries,simulated_bank_transactions_uk
2023-05-10,fuel tfl bus pass,25.04,transportation,simulated_bank_transactions_uk
2023-05-01,food delivery nando's food delivery 963515,118.61,dining,simulated_bank_transactions_uk
2024-03-15,Card Subscription Spotify,17.74,subscriptions,simulated_bank_transactions_uk
2024-08-13,Direct Debit Vodafone 434021,86.79,utilities,simulated_bank_transactions_uk
2024-01-04,Food Delivery Costa Cafe 5,75.56,dining,simulated_bank_transactions_uk
2023-09-19,Card*Payment*Waitrose*Eggs,76.7,groceries,simulated_bank_transactions_uk
2023-04-29,SUBSCRIPTION/GYM/GROUP,31.64,subscriptions,simulated_bank_transactions_uk
2023-01-13,CARD-PMT-WAITROSE-MILK,13.59,groceries,simulated_bank_transactions_uk
2023-06-03,card payment morrisons cereal 22741,75.98,groceries,simulated_bank_transactions_uk
2024-11-02,CARD POS LIDL MILK 157501,112.81,groceries,simulated_bank_transactions_uk
2023-11-24,so transport shell bus pass 707331,36.26,transportation,simulated_bank_transactions_uk
2023-05-03,CONTACTLESS UTILITY BILL SCOTTISHPOWER 898935,159.31,utilities,simulated_bank_transactions_uk
2024-06-12,card-payment-uber-uber-ride,26.75,transportation,simulated_bank_transactions_uk
2024-04-21,Card*Pmt*Nhs*Gift 339947,20.02,other,simulated_bank_transactions_uk
2024-07-20,Bacs Mortgage Rent 100907,1157.32,housing,simulated_bank_transactions_uk
2024-07-31,card payment tfl bus pass 842218,29.69,transportation,simulated_bank_transactions_uk
2024-01-13,subscription netflix 139661,13.95,subscriptions,simulated_bank_transactions_uk
2023-07-20,card payment just eat cafe,159.66,dining,simulated_bank_transactions_uk
2024-02-24,mastercard food delivery costa fast food 876355,28.34,dining,simulated_bank_transactions_uk
2024-12-11,CARD PMT WAITROSE VEGETABLES,129.01,groceries,simulated_bank_transactions_uk
2024-11-04,rent pmt mortgage 968681,652.27,housing,simulated_bank_transactions_uk
2024-06-26,POS DIRECT DEBIT O2 490824,49.43,utilities,simulated_bank_transactions_uk
2023-03-03,Card Pmt Nhs Gift 887925,124.53,other,simulated_bank_transactions_uk
2023-04-06,CONTACTLESS-CARD-PMT-ARGOS-MISC-EXPENSE 696350,178.78,other,simulated_bank_transactions_uk
2024-06-16,CONTACTLESS TESCO RICE 931472,179.97,groceries,simulated_bank_transactions_uk
2023-03-28,fuel bolt bus pass,65.27,transportation,simulated_bank_transactions_uk
2024-02-08,Restaurant Nando's Fast Food 46976,103.77,dining,simulated_bank_transactions_uk
2023-05-14,Visa Card Payment Iceland Milk,89.82,groceries,simulated_bank_transactions_uk
2024-02-07,POS MORRISONS CHICKEN 22508,170.93,groceries,simulated_bank_transactions_uk
2023-10-06,Restaurant Mcdonalds Food Delivery 515688,54.3,dining,simulated_bank_transactions_uk
2024-08-21,CONTACTLESS ALDI RICE 468080,31.54,groceries,simulated_bank_transactions_uk
2024-04-22,Bacs Card Pmt Iceland Bread 447711,37.05,groceries,simulated_bank_transactions_uk
2023-08-01,Bill Pmt Ee,150.94,utilities,simulated_bank_transactions_uk
2023-05-03,Card Pmt Trainline Fuel 134997,38.57,transportation,simulated_bank_transactions_uk
2024-12-14,POS ALDI CHICKEN 536456,166.15,groceries,simulated_bank_transactions_uk
2023-12-02,restaurant nando's fast food 777487,134.57,dining,simulated_bank_transactions_uk
2024-02-10,Bacs*Pos*Asda*Rice,193.84,groceries,simulated_bank_transactions_uk
2023-06-28,Mastercard Card Payment Bolt Bus Pass,37.9,transportation,simulated_bank_transactions_uk
2024-07-23,Card Pos Tesco Fruit 690666,171.65,groceries,simulated_bank_transactions_uk
2023-04-15,Food Delivery Uber Eats Fast Food 724825,19.68,dining,simulated_bank_transactions_uk
2023-03-05,POS/SUBSCRIPTION/APPLE.COM/BILL,8.98,subscriptions,simulated_bank_transactions_uk
2024-02-15,Card Payment Disney+ 316535,9.36,subscriptions,simulated_bank_transactions_uk
2023-09-23,Card Bill Pmt E.on 509608,161.85,utilities,simulated_bank_transactions_uk
2023-03-08,Sto Bacs Mortgage Rent 108650,683.79,housing,simulated_bank_transactions_uk
2023-04-05,card pmt morrisons cereal 512177,162.81,groceries,simulated_bank_transactions_uk
2024-04-17,rent payment mortgage 680792,839.92,housing,simulated_bank_transactions_uk
2024-02-09,Pos Iceland Fruit 170170,165.23,groceries,simulated_bank_transactions_uk
2023-06-26,card pmt uber fuel 967509,96.28,transportation,simulated_bank_transactions_uk
2024-04-01,Bill Payment Sky 987916,89.62,utilities,simulated_bank_transactions_uk
2024-09-23,MORTGAGE PAYMENT LETTING AGENT 136367,1601.87,housing,simulated_bank_transactions_uk
2024-07-17,Bacs Contactless Asda Chicken 5848,102.28,groceries,simulated_bank_transactions_uk
2023-05-21,CARD PMT SHELL UBER RIDE 8,40.61,transportation,simulated_bank_transactions_uk
2024-07-10,pos fuel trainline car maintenance,36.38,transportation,simulated_bank_transactions_uk
2024-01-03,Subscription Apple.com/bill 883478,36.06,subscriptions,simulated_bank_transactions_uk
2024-08-02,FUEL TRAINLINE FUEL,49.48,transportation,simulated_bank_transactions_uk
2023-01-27,Fuel National Rail Fuel,39.32,transportation,simulated_bank_transactions_uk
2023-10-15,pos bill payment severn trent,31.89,utilities,simulated_bank_transactions_uk
2024-08-21,CARD PMT ICELAND CEREAL,108.24,groceries,simulated_bank_transactions_uk
2024-11-03,CARD PMT CURRYS MISC EXPENSE,27.73,other,simulated_bank_transactions_uk
2023-08-13,Visa Pos Waitrose Milk 355737,153.99,groceries,simulated_bank_transactions_uk
2023-06-27,RESTAURANT MCDONALDS CAFE,59.99,dining,simulated_bank_transactions_uk
2024-12-15,Card Pmt Aldi Vegetables,162.21,groceries,simulated_bank_transactions_uk
2024-12-18,Direct*Debit*Severn*Trent 216098,31.63,utilities,simulated_bank_transactions_uk
2024-07-30,Utility Bill Bt 207879,157.45,utilities,simulated_bank_transactions_uk
2023-06-29,Rent Pmt Rent 568059,1490.29,housing,simulated_bank_transactions_uk
2024-09-08,Fuel Trainline Uber Ride,9.75,transportation,simulated_bank_transactions_uk
2024-09-20,Pos Aldi Cereal,5.13,groceries,simulated_bank_transactions_uk
2023-07-01,Pos Waitrose Eggs 6466,71.45,groceries,simulated_bank_transactions_uk
2023-06-01,BACS LANDLORD RENT,742.31,housing,simulated_bank_transactions_uk
2024-06-22,so food delivery starbucks fast food 103747,125.03,dining,simulated_bank_transactions_uk
2024-11-09,Bacs Mortgage Payment Mortgage 388233,1229.07,housing,simulated_bank_transactions_uk
2023-11-27,utility bill vodafone,104.09,utilities,simulated_bank_transactions_uk
2024-03-23,CONTACTLESS*ICELAND*EGGS 739747,147.81,groceries,simulated_bank_transactions_uk
2023-06-28,CARD-PAYMENT-SPOTIFY,30.62,subscriptions,simulated_bank_transactions_uk
2024-08-26,CARD PAYMENT STARBUCKS FOOD DELIVERY 320736,39.6,dining,simulated_bank_transactions_uk
2024-12-06,CARD DIRECT DEBIT APPLE.COM/BILL 938692,16.58,subscriptions,simulated_bank_transactions_uk
2024-12-19,direct-debit-thames-water 47852,196.28,utilities,simulated_bank_transactions_uk
2024-08-04,Bacs Letting Agent Rent,1968.67,housing,simulated_bank_transactions_uk
2024-09-18,Contactless-Asda-Vegetables 656119,184.6,groceries,simulated_bank_transactions_uk
2023-05-25,card*payment*morrisons*bread,187.65,groceries,simulated_bank_transactions_uk
2023-11-24,Utility Bill E.on 130794,80.93,utilities,simulated_bank_transactions_uk
2024-11-17,pos sainsburys bread 20570,165.22,groceries,simulated_bank_transactions_uk
2023-09-29,CARD PAYMENT JUST EAT FOOD DELIVERY,74.23,dining,simulated_bank_transactions_uk
2023-04-21,CONTACTLESS SAINSBURYS BREAD 459245,73.34,groceries,simulated_bank_transactions_uk
2024-03-05,FOOD DELIVERY PRET RESTAURANT 300212,64.82,dining,simulated_bank_transactions_uk
2024-01-23,card-payment-boots-gift 7,124.79,other,simulated_bank_transactions_uk
2024-05-05,bill payment octopus energy,48.84,utilities,simulated_bank_transactions_uk
2024-12-04,Subscription Amazon Prime 64577,30.69,subscriptions,simulated_bank_transactions_uk
2023-02-04,Pos Pos Morrisons Cereal 582652,19.37,groceries,simulated_bank_transactions_uk
2023-04-18,Bill Pmt E.on,86.37,utilities,simulated_bank_transactions_uk
2023-06-14,pos*asda*eggs,178.15,groceries,simulated_bank_transactions_uk
2024-09-20,card payment mcdonalds restaurant,57.38,dining,simulated_bank_transactions_uk
2024-10-31,bacs letting agent rent 415507,698.04,housing,simulated_bank_transactions_uk
2023-04-14,CONTACTLESS ASDA FRUIT,35.64,groceries,simulated_bank_transactions_uk
2024-07-21,Utility-Bill-Severn-Trent 483134,121.18,utilities,simulated_bank_transactions_uk
2023-11-01,CARD PAYMENT COSTA FOOD DELIVERY,107.39,dining,simulated_bank_transactions_uk
2024-07-16,contactless morrisons milk 82288,81.62,groceries,simulated_bank_transactions_uk
2023-01-04,Card Payment Puregym 186793,6.23,subscriptions,simulated_bank_transactions_uk
2024-10-02,TRANSPORT TFL BUS PASS,115.7,transportation,simulated_bank_transactions_uk
2023-07-31,Card Payment Costa Fast Food 518795,20.03,dining,simulated_bank_transactions_uk
2024-04-29,Card/Pmt/Tesco/Chicken,195.53,groceries,simulated_bank_transactions_uk
2024-04-27,Pos Direct Debit Spotify 593592,36.18,subscriptions,simulated_bank_transactions_uk
2024-07-11,Sto Fuel National Rail Bus Pass,14.58,transportation,simulated_bank_transactions_uk
2024-01-14,Direct*Debit*Sky 989884,233.09,utilities,simulated_bank_transactions_uk
2024-04-21,Card Pmt Waitrose Milk,56.34,groceries,simulated_bank_transactions_uk
2023-06-04,direct*debit*scottishpower 86782,157.6,utilities,simulated_bank_transactions_uk
2023-12-19,card/payment/netflix 346217,7.51,subscriptions,simulated_bank_transactions_uk
2024-08-26,SUBSCRIPTION SPOTIFY,43.8,subscriptions,simulated_bank_transactions_uk
2024-06-19,Direct Debit Pos Lidl Milk 249243,168.96,groceries,simulated_bank_transactions_uk
2024-05-01,TRANSPORT ESSO CAR MAINTENANCE 934320,96.82,transportation,simulated_bank_transactions_uk
2023-03-22,card*payment*nando's*fast*food 7114,78.82,dining,simulated_bank_transactions_uk
2024-06-13,BACS BILL PMT THAMES WATER 12121,142.99,utilities,simulated_bank_transactions_uk
2024-04-04,Direct Debit Puregym 345136,10.05,subscriptions,simulated_bank_transactions_uk
2023-07-17,POS SAINSBURYS EGGS 602056,194.57,groceries,simulated_bank_transactions_uk
2024-11-30,Card/Pmt/Aldi/Fruit,20.28,groceries,simulated_bank_transactions_uk
2023-09-22,Fuel Bolt Train Ticket 568430,117.11,transportation,simulated_bank_transactions_uk
2024-07-23,BILL PMT E.ON 690624,45.45,utilities,simulated_bank_transactions_uk
2024-06-16,DIRECT/DEBIT/BRITISH/GAS,226.31,utilities,simulated_bank_transactions_uk
2024-09-30,fuel esso uber ride,110.54,transportation,simulated_bank_transactions_uk
2023-06-03,visa restaurant starbucks cafe 727894,22.44,dining,simulated_bank_transactions_uk
2024-07-30,Pos*Lidl*Bread 194194,185.36,groceries,simulated_bank_transactions_uk
2023-12-19,visa*direct*debit*netflix 615136,39.57,subscriptions,simulated_bank_transactions_uk
2024-05-12,CONTACTLESS RENT PAYMENT LETTING AGENT,1243.72,housing,simulated_bank_transactions_uk
2023-10-10,Card Card Payment Just Eat Cafe 711360,10.81,dining,simulated_bank_transactions_uk
2024-12-11,CARD PAYMENT TRAINLINE CAR MAINTENANCE 987879,85.99,transportation,simulated_bank_transactions_uk
2023-12-06,Card*Fuel*Bp*Fuel 334396,124.76,transportation,simulated_bank_transactions_uk
2023-10-03,CARD/PAYMENT/KFC/RESTAURANT 835259,120.59,dining,simulated_bank_transactions_uk
2023-11-07,Mastercard Bacs Landlord Rent 176566,1173.69,housing,simulated_bank_transactions_uk
2024-12-02,utility-bill-sky 507773,226.69,utilities,simulated_bank_transactions_uk
2024-03-29,Card Pmt Iceland Rice 218264,31.21,groceries,simulated_bank_transactions_uk
2024-03-02,direct debit amazon prime 981941,15.05,subscriptions,simulated_bank_transactions_uk
2023-08-05,MASTERCARD FOOD DELIVERY GREGGS RESTAURANT 44141,34.13,dining,simulated_bank_transactions_uk
2024-06-12,mortgage pmt letting agent 4,1798.46,housing,simulated_bank_transactions_uk
2023-06-12,MORTGAGE PAYMENT LANDLORD 67,1448.67,housing,simulated_bank_transactions_uk
2024-06-20,visa-pos-lidl-fruit 782410,31.45,groceries,simulated_bank_transactions_uk
2023-07-25,Rent Payment Letting A,919.29,housing,simulated_bank_transactions_uk
2023-02-21,Direct Debit Apple.com/bill 686864,5.36,subscriptions,simulated_bank_transactions_uk
2024-01-13,pos mortgage payment landlord,958.62,housing,simulated_bank_transactions_uk
2023-05-07,DIRECT DEBIT PUREGYM 220765,20.27,subscriptions,simulated_bank_transactions_uk
2024-08-31,card card pmt just eat fast food 691852,62.73,dining,simulated_bank_transactions_uk
2023-12-25,Transport Shell Fuel 315192,82.99,transportation,simulated_bank_transactions_uk
2024-12-06,UTILITY BILL BRITISH GAS 661434,201.01,utilities,simulated_bank_transactions_uk
2023-06-16,CARD PAYMENT MORRISONS MILK 345815,80.38,groceries,simulated_bank_transactions_uk
2024-10-24,Mastercard*Bacs*Mortgage*Rent 2,1978.52,housing,simulated_bank_transactions_uk
2024-02-24,pos aldi rice 12583,57.47,groceries,simulated_bank_transactions_uk
2023-05-16,CARD PAYMENT BP UBER RIDE,67.43,transportation,simulated_bank_transactions_uk
2024-09-14,Card Payment Kfc Restaurant 604027,39.68,dining,simulated_bank_transactions_uk
2024-12-27,CARD PMT AMAZON PRIME,33.22,subscriptions,simulated_bank_transactions_uk
2023-12-24,Food Delivery Kfc Cafe 774105,143.8,dining,simulated_bank_transactions_uk
2024-11-24,Card Pmt Esso Train Ticket 189301,66.4,transportation,simulated_bank_transactions_uk
2023-04-15,CARD PMT BP CAR MAINTENANC,56.81,transportation,simulated_bank_transactions_uk
2024-08-31,CARD PMT ASDA VEGETABLES,114.48,groceries,simulated_bank_transactions_uk
2024-05-08,FOOD-DELIVERY-STARBUCKS-FOOD-DELIVERY 173846,111.08,dining,simulated_bank_transactions_uk
2023-10-11,fps card payment tesco chicken,129.92,groceries,simulated_bank_transactions_uk
2024-06-13,BILL PAYMENT BRITISH GAS,69.26,utilities,simulated_bank_transactions_uk
2024-09-06,Contactless Card Pmt Amazon Prime 186846,37.02,subscriptions,simulated_bank_transactions_uk
2023-01-27,TRANSPORT*BP*BUS*PASS 228197,95.94,transportation,simulated_bank_transactions_uk
2024-03-04,Card Pmt Just Eat Food Delivery 752210,45.21,dining,simulated_bank_transactions_uk
2024-08-08,card*pmt*trainline*uber*ride,82.46,transportation,simulated_bank_transactions_uk
2023-08-16,BACS/SUBSCRIPTION/GOOGLE/*SERVICES 67240,33.79,subscriptions,simulated_bank_transactions_uk
2024-11-18,FOOD DELIVERY NANDO'S CAFE,145.51,dining,simulated_bank_transactions_uk
2024-11-04,direct debit sky 112028,223.67,utilities,simulated_bank_transactions_uk
2024-04-27,RENT/PMT/LANDLORD 855678,1105.37,housing,simulated_bank_transactions_uk
2024-07-26,pos waitrose chicken 107759,146.41,groceries,simulated_bank_transactions_uk
2023-12-10,Direct Debit Disney+ 809878,42.82,subscriptions,simulated_bank_transactions_uk
2023-11-11,Card Pmt Costa Fast Food 614455,60.07,dining,simulated_bank_transactions_uk
2024-08-22,Sto/Fuel/Uber/Bus/Pass,53.29,transportation,simulated_bank_transactions_uk
2024-10-11,FPS/DIRECT/DEBIT/BT 250628,135.58,utilities,simulated_bank_transactions_uk
2023-07-19,Direct Debit Restaurant Uber Eats Restaurant 436047,78.19,dining,simulated_bank_transactions_uk
2024-02-28,transport bolt fuel,75.12,transportation,simulated_bank_transactions_uk
2023-07-25,contactless*lidl*eggs 68755,31.79,groceries,simulated_bank_transactions_uk
2024-04-13,DIRECT DEBIT OCTOPUS ENERGY 576507,234.82,utilities,simulated_bank_transactions_uk
2024-05-14,pos/lidl/eggs 186006,156.89,groceries,simulated_bank_transactions_uk
2023-03-01,BILL PMT THAMES WATER 998209,98.65,utilities,simulated_bank_transactions_uk
2023-06-22,card payment morrisons chicken 164450,45.83,groceries,simulated_bank_transactions_uk
2023-04-01,CARD PMT DELIVEROO FAST FOOD 564292,80.88,dining,simulated_bank_transactions_uk
2024-02-18,card pmt asda fruit 76434,128.53,groceries,simulated_bank_transactions_uk
2023-02-08,TRANSPORT ESSO FUEL,54.9,transportation,simulated_bank_transactions_uk
2023-11-26,card pmt bp bus pass 6178,133.11,transportation,simulated_bank_transactions_uk
2024-11-23,Bacs Direct Debit Spotify,11.81,subscriptions,simulated_bank_transactions_uk
2023-12-19,Contactless Iceland Rice,49.12,groceries,simulated_bank_transactions_uk
2024-08-25,Bill*Payment*British*Gas,115.13,utilities,simulated_bank_transactions_uk
2023-11-02,Mastercard Utility Bill Scottishpower 615633,218.6,utilities,simulated_bank_transactions_uk
2024-09-02,BACS RENT RENT 525966,1778.14,housing,simulated_bank_transactions_uk
2023-05-18,Fuel Bp Fuel,124.54,transportation,simulated_bank_transactions_uk
2023-07-12,BILL PAYMENT BT 7732,109.42,utilities,simulated_bank_transactions_uk
2023-08-18,bacs pos iceland fruit,8.73,groceries,simulated_bank_transactions_uk
2023-01-23,card/card/payment/costa/fast/food 62847,37.73,dining,simulated_bank_transactions_uk
2024-12-29,Restaurant/Kfc/Fast/Food 90870,24.09,dining,simulated_bank_transactions_uk
2024-10-17,pos card pmt greggs restaurant 65022,63.15,dining,simulated_bank_transactions_uk
2024-08-31,So Utility Bill British Gas 799347,171.44,utilities,simulated_bank_transactions_uk
2023-01-21,pos purchase nhs online purchase 331536,164.43,other,simulated_bank_transactions_uk
2024-01-25,CONTACTLESS WAITROSE BREA,86.27,groceries,simulated_bank_transactions_uk
2023-06-06,Mastercard/Contactless/Morrisons/Chicken 649388,97.51,groceries,simulated_bank_transactions_uk
2024-11-08,CONTACTLESS ICELAND MILK,63.72,groceries,simulated_bank_transactions_uk
2024-12-18,POS WAITROSE CHICKEN,126.45,groceries,simulated_bank_transactions_uk
2024-09-24,Card Pmt Waitrose Bread,104.76,groceries,simulated_bank_transactions_uk
2024-05-24,Contactless Lidl,158.03,groceries,simulated_bank_transactions_uk
2024-06-19,Fps Card Pmt Sainsburys Rice 256177,156.7,groceries,simulated_bank_transactions_uk
2023-10-30,CARD PMT EBAY PHARMACY 403118,176.75,other,simulated_bank_transactions_uk
2024-12-05,Contactless Lidl Cereal 968559,182.52,groceries,simulated_bank_transactions_uk
2023-01-14,Rent Pmt Mortgage 676268,1013.48,housing,simulated_bank_transactions_uk
2024-11-16,FOOD DELIVERY STARBUCKS RESTAURANT 357765,134.46,dining,simulated_bank_transactions_uk
2023-03-18,FUEL*UBER*UBER*RIDE 2760,109.57,transportation,simulated_bank_transactions_uk
2024-10-21,Food-Delivery-Uber-Eats-Restaurant,145.24,dining,simulated_bank_transactions_uk
2023-02-21,visa contactless asda chicken 989691,56.5,groceries,simulated_bank_transactions_uk
2023-10-25,CONTACTLESS CARD PMT LIDL EGGS,175.46,groceries,simulated_bank_transactions_uk
2023-04-29,Bill*Pmt*Bt 227183,125.11,utilities,simulated_bank_transactions_uk
2023-05-22,Pos Pos Morrisons Mil,6.89,groceries,simulated_bank_transactions_uk
2024-03-24,Restaurant Mcdonalds Fast Food 23613,55.94,dining,simulated_bank_transactions_uk
2023-04-06,Pos Purchase Superdrug Pharmacy 297788,219.98,other,simulated_bank_transactions_uk
2024-02-15,Direct Debit Utility Bill Scottishpower,67.97,utilities,simulated_bank_transactions_uk
2024-01-30,card payment bolt fuel,39.51,transportation,simulated_bank_transactions_uk
2024-10-26,Food/Delivery/Kfc/Cafe 448858,128.98,dining,simulated_bank_transactions_uk
2024-12-13,rent payment landlord 541472,825.24,housing,simulated_bank_transactions_uk
2024-08-27,restaurant/uber/eats/fast/food 318393,21.08,dining,simulated_bank_transactions_uk
2023-07-05,Fuel National Rail Car Maintenance 487197,95.62,transportation,simulated_bank_transactions_uk
2024-12-01,RESTAURANT*STARBUCKS*FOOD*DELIVERY 953608,99.76,dining,simulated_bank_transactions_uk
2023-05-14,Bacs Rent Rent 508711,2158.84,housing,simulated_bank_transactions_uk
2024-02-26,Mastercard Card Payment Bp Fuel 426019,17.59,transportation,simulated_bank_transactions_uk
2023-11-18,sto card pmt tfl uber ride 791110,38.1,transportation,simulated_bank_transactions_uk
2024-11-16,Fps/Pos/Sainsburys/Rice 685343,195.69,groceries,simulated_bank_transactions_uk
2024-12-18,rent payment letting agent 444601,1460.81,housing,simulated_bank_transactions_uk
2023-09-12,So*Card*Pmt*Pret*Cafe 515266,107.57,dining,simulated_bank_transactions_uk
2024-07-25,Fuel Shell Fuel 315267,22.51,transportation,simulated_bank_transactions_uk
2024-10-20,RENT PAYMENT LANDLORD 577558,734.58,housing,simulated_bank_transactions_uk
2024-05-22,BACS*MORTGAGE*RENT,1965.71,housing,simulated_bank_transactions_uk
2023-11-25,Rent-Pmt-Landlord 680237,1814.72,housing,simulated_bank_transactions_uk
2023-08-17,Card Payment Asda Chicken,14.82,groceries,simulated_bank_transactions_uk
2023-08-29,card payment greggs cafe 350718,67.51,dining,simulated_bank_transactions_uk
2024-04-03,Bacs Pos Asda Cereal,161.25,groceries,simulated_bank_transactions_uk
2023-05-02,Direct Debit Contactless Aldi Cereal 637975,92.18,groceries,simulated_bank_transactions_uk
2024-02-27,card*pmt*amazon*online*purchase 134769,28.35,other,simulated_bank_transactions_uk
2024-09-10,Sto-Contactless-Asda-Milk,166.05,groceries,simulated_bank_transactions_uk
2024-07-29,Direct Debit Online Purchase Hmrc Pharmacy 449544,222.86,other,simulated_bank_transactions_uk
2024-01-08,card payment lidl cereal 81418,190.32,groceries,simulated_bank_transactions_uk
2023-12-06,contactless subscription spotify,38.62,subscriptions,simulated_bank_transactions_uk
2024-01-08,food delivery starbucks cafe,116.08,dining,simulated_bank_transactions_uk
2024-11-05,Card Payment Starbucks Restaurant,20.1,dining,simulated_bank_transactions_uk
2024-10-10,Contactless Lidl Vegetables,74.25,groceries,simulated_bank_transactions_uk
2024-01-18,CARD PAYMENT CURRYS PHARMACY 520577,138.28,other,simulated_bank_transactions_uk
2024-05-19,CARD PMT COSTA RESTAURANT,144.02,dining,simulated_bank_transactions_uk
2024-09-17,CARD PMT ALDI FRUIT 968894,25.86,groceries,simulated_bank_transactions_uk
2024-02-07,Visa-Card-Pmt-Tesco-Bread 367709,186.39,groceries,simulated_bank_transactions_uk
2023-04-21,bacs/card/pmt/asda/rice 958464,144.77,groceries,simulated_bank_transactions_uk
2024-11-19,bacs card pmt disney+,41.99,subscriptions,simulated_bank_transactions_uk
2024-08-26,card*pmt*greggs*cafe 927496,75.9,dining,simulated_bank_transactions_uk
2023-01-05,CARD PAYMENT CURRYS MISC EXPENSE 34141,241.07,other,simulated_bank_transactions_uk
2024-03-19,fps card pmt uber uber ride,78.35,transportation,simulated_bank_transactions_uk
2023-07-01,Mastercard-Card-Pmt-Gym-Group 805661,41.9,subscriptions,simulated_bank_transactions_uk
2023-05-12,food*delivery*pret*fast*food 510533,118.23,dining,simulated_bank_transactions_uk
2024-01-29,POS MORRISONS VEGETABLES,103.3,groceries,simulated_bank_transactions_uk
2023-09-12,Mastercard Fuel Uber Car Maintenance 897398,128.4,transportation,simulated_bank_transactions_uk
2024-04-08,BACS DIRECT DEBIT SKY,253.07,utilities,simulated_bank_transactions_uk
2024-12-17,subscription amazon prime,20.92,subscriptions,simulated_bank_transactions_uk
2024-12-19,Mortgage-Payment-Mortgage 989805,1113.32,housing,simulated_bank_transactions_uk
2024-07-20,TRANSPORT-BP-BUS-PASS 495988,100.24,transportation,simulated_bank_transactions_uk
2023-10-25,fps card pmt uber eats fast food 717137,37.51,dining,simulated_bank_transactions_uk
2024-10-27,restaurant mcdonalds fast food 390642,157.11,dining,simulated_bank_transactions_uk
2024-12-11,MASTERCARD CARD PMT BOOTS MISC EXPENSE 616054,127.46,other,simulated_bank_transactions_uk
2024-07-29,CARD PMT KFC RESTAURANT 761585,122.92,dining,simulated_bank_transactions_uk
2024-12-28,pos fuel uber car maintenance,132.09,transportation,simulated_bank_transactions_uk
2024-03-08,CARD PMT SHELL CAR MAINTENANCE 550205,41.46,transportation,simulated_bank_transactions_uk
2024-01-26,SUBSCRIPTION NETFLIX,8.37,subscriptions,simulated_bank_transactions_uk
2023-06-14,so card payment morrisons milk 285682,43.98,groceries,simulated_bank_transactions_uk
2023-03-05,CARD PAYMENT AMAZON PHARMACY 529291,39.17,other,simulated_bank_transactions_uk
2024-07-08,RESTAURANT JUST EAT FOOD DELIVERY 48828,36.62,dining,simulated_bank_transactions_uk
2024-11-22,POS ALDI CEREAL 262103,24.98,groceries,simulated_bank_transactions_uk
2024-07-28,Direct Debit Food Delivery Kfc Fast Food 993401,120.07,dining,simulated_bank_transactions_uk
2024-12-13,Bill Payment Ee 11913,209.31,utilities,simulated_bank_transactions_uk
2024-02-01,visa utility bill scottishpower,242.72,utilities,simulated_bank_transactions_uk
2023-02-25,FUEL TRAINLINE BUS PASS 217173,135.28,transportation,simulated_bank_transactions_uk
2024-03-29,BACS*CARD*PMT*LIDL*CHICKEN 946991,44.6,groceries,simulated_bank_transactions_uk
2024-07-13,CARD SUBSCRIPTION PUREGYM,34.96,subscriptions,simulated_bank_transactions_uk
2023-07-18,Restaurant Pret Fast Food 151,125.3,dining,simulated_bank_transactions_uk
2023-03-18,SO UTILITY BILL O2 105574,256.11,utilities,simulated_bank_transactions_uk
2023-05-03,Pos/Tesco/Eggs,148.34,groceries,simulated_bank_transactions_uk
2023-09-28,UTILITY BILL SKY 859002,90.59,utilities,simulated_bank_transactions_uk
2024-04-22,pos sainsburys chicken 348871,6.1,groceries,simulated_bank_transactions_uk
2023-11-27,CARD PMT KFC FAST FOOD 312152,11.19,dining,simulated_bank_transactions_uk
2024-08-09,CARD PAYMENT STARBUCKS FOOD DELIVERY 688199,81.04,dining,simulated_bank_transactions_uk
2023-11-22,Food-Delivery-Starbucks-Restaurant 646604,126.52,dining,simulated_bank_transactions_uk
2024-06-01,TRANSPORT SHELL TRAIN TICKET 713437,73.84,transportation,simulated_bank_transactions_uk
2023-08-15,CONTACTLESS ALDI FRUIT 979197,22.93,groceries,simulated_bank_transactions_uk
2024-01-05,RENT*PAYMENT*RENT,1164.42,housing,simulated_bank_transactions_uk
2024-07-28,Direct Debit O2 134730,149.67,utilities,simulated_bank_transactions_uk
2023-12-21,direct debit gym group 668527,8.7,subscriptions,simulated_bank_transactions_uk
2023-09-07,card pmt uber car maintenance 242292,128.77,transportation,simulated_bank_transactions_uk
2023-04-27,ONLINE PURCHASE HMRC PHARMACY 497947,97.2,other,simulated_bank_transactions_uk
2023-01-26,Direct Debit Octopus Energy 483752,195.13,utilities,simulated_bank_transactions_uk
2024-06-04,RENT/PAYMENT/MORTGAGE 28626,1447.18,housing,simulated_bank_transactions_uk
2024-10-29,Card/Payment/Bp/Uber/Ride 383986,42.91,transportation,simulated_bank_transactions_uk
2023-06-21,Pos/Lidl/Bread 147918,189.9,groceries,simulated_bank_transactions_uk
2024-10-03,pos purchase boots electronics 117671,134.7,other,simulated_bank_transactions_uk
2024-03-10,CONTACTLESS TESCO RICE 919527,173.67,groceries,simulated_bank_transactions_uk
2024-12-20,card pmt apple.com/bill 998272,26.05,subscriptions,simulated_bank_transactions_uk
2024-10-24,Card Mortgage Payment Landlord 81959,1851.57,housing,simulated_bank_transactions_uk
2023-06-07,direct debit puregym 390523,34.62,subscriptions,simulated_bank_transactions_uk
2023-03-17,Direct Debit Card Payment Lidl Vegetables 296915,12.39,groceries,simulated_bank_transactions_uk
2024-08-11,Pos/Sainsburys/Chicken 34939,113.83,groceries,simulated_bank_transactions_uk
2024-04-06,Card-Payment-Spotify 32,20.71,subscriptions,simulated_bank_transactions_uk
2024-02-03,restaurant greggs cafe 708459,54.04,dining,simulated_bank_transactions_uk
2024-09-25,Food*Delivery*Starbucks*Restaurant 912015,104.42,dining,simulated_bank_transactions_uk
2023-03-16,POS ALDI MILK,141.67,groceries,simulated_bank_transactions_uk
2024-12-03,UTILITY BILL SCOTTISHPOWER 765118,49.94,utilities,simulated_bank_transactions_uk
2024-03-24,bill pmt ee,91.16,utilities,simulated_bank_transactions_uk
2024-06-30,Sto Bill Payment Sky 522690,136.39,utilities,simulated_bank_transactions_uk
2024-07-12,Pos Tesco Fruit 99685,160.37,groceries,simulated_bank_transactions_uk
2024-10-25,sto/bill/payment/e.on,95.04,utilities,simulated_bank_transactions_uk
2024-07-22,BILL*PMT*O2 901730,155.08,utilities,simulated_bank_transactions_uk
2024-09-02,contactless morrisons milk 88546,5.98,groceries,simulated_bank_transactions_uk
2023-11-09,Bill Pmt Ee,247.54,utilities,simulated_bank_transactions_uk
2024-10-23,POS TESCO VEGETABLES 408081,46.29,groceries,simulated_bank_transactions_uk
2023-08-15,mortgage pmt rent 190030,899.48,housing,simulated_bank_transactions_uk
2023-07-05,RESTAURANT*STARBUCKS*FOOD*DELIVERY 778293,35.12,dining,simulated_bank_transactions_uk
2024-07-16,Restaurant/Greggs/Restaurant 33844,136.97,dining,simulated_bank_transactions_uk
2024-11-18,Transport/Bp/Car/Maintenance,12.09,transportation,simulated_bank_transactions_uk
2024-08-17,CARD*PMT*MORRISONS*BREAD 917220,43.5,groceries,simulated_bank_transactions_uk
2024-11-18,FUEL BP BUS PASS 946439,51.29,transportation,simulated_bank_transactions_uk
2023-03-13,card payment greggs restaurant 169494,49.2,dining,simulated_bank_transactions_uk
2023-12-03,mortgage pmt mortgage 758830,1403.08,housing,simulated_bank_transactions_uk
2023-06-06,Card Pmt Uber Eats Food Delivery,112.49,dining,simulated_bank_transactions_uk
2024-03-14,card*pmt*pret*food*delivery 7,130.19,dining,simulated_bank_transactions_uk
2023-08-15,contactless/asda/vegetables 573612,53.0,groceries,simulated_bank_transactions_uk
2024-01-04,Restaurant Uber Eats Cafe 16069,47.89,dining,simulated_bank_transactions_uk
2024-04-18,pos waitrose vegetables 681433,176.19,groceries,simulated_bank_transactions_uk
2023-04-22,card pmt bp bus pass,69.2,transportation,simulated_bank_transactions_uk
2023-05-24,card*pmt*asda*bread 887142,169.15,groceries,simulated_bank_transactions_uk
2024-10-03,Bacs Mortgage Rent 92876,1058.01,housing,simulated_bank_transactions_uk
2024-06-03,pos sainsburys bread,178.96,groceries,simulated_bank_transactions_uk
2023-08-06,Food Delivery Nando's Cafe,124.23,dining,simulated_bank_transactions_uk
2024-07-06,Fps Bacs Mortgage Rent,1053.96,housing,simulated_bank_transactions_uk
2023-08-17,transport-bp-train-ticket 947521,52.48,transportation,simulated_bank_transactions_uk
2023-10-25,BACS-BACS-MORTGAGE-RENT,1786.5,housing,simulated_bank_transactions_uk
2024-05-29,Card*Payment*Waitrose*Bread 676738,82.37,groceries,simulated_bank_transactions_uk
2024-09-20,Bacs-Contactless-Tesco-Rice 459648,170.36,groceries,simulated_bank_transactions_uk
2023-07-03,Food Delivery Mcdonalds Fast Food 273871,74.16,dining,simulated_bank_transactions_uk
2024-05-10,visa restaurant mcdonalds fast food 30169,119.07,dining,simulated_bank_transactions_uk
2024-05-14,Card Bacs Rent Rent,989.17,housing,simulated_bank_transactions_uk
2023-02-13,CARD PAYMENT LIDL CHICKEN,77.04,groceries,simulated_bank_transactions_uk
2024-04-10,Restaurant Pret Food Delivery 109442,65.15,dining,simulated_bank_transactions_uk
2023-11-28,Rent*Payment*Rent,2169.91,housing,simulated_bank_transactions_uk
2023-09-27,CARD PAYMENT LIDL CHICKEN 441304,167.8,groceries,simulated_bank_transactions_uk
2024-01-23,FOOD/DELIVERY/COSTA/FAST/FOOD 662875,63.38,dining,simulated_bank_transactions_uk
2024-01-21,direct debit british gas 167082,146.42,utilities,simulated_bank_transactions_uk
2023-12-28,card payment boots misc expense,130.54,other,simulated_bank_transactions_uk
2024-05-08,CARD SUBSCRIPTION GOOGLE *SERVICES,23.96,subscriptions,simulated_bank_transactions_uk
2023-05-23,rent*payment*mortgage 993315,1427.85,housing,simulated_bank_transactions_uk
2024-10-20,Contactless-Card-Payment-Uber-Train-Ticket 216830,12.64,transportation,simulated_bank_transactions_uk
2024-01-06,Bill Pmt O2 637795,68.92,utilities,simulated_bank_transactions_uk
2024-02-29,Food/Delivery/Kfc/Restaurant,107.47,dining,simulated_bank_transactions_uk
2024-05-05,Card Pmt Apple.com/bill,23.74,subscriptions,simulated_bank_transactions_uk
2024-02-25,transport/tfl/car/maintenance 689866,24.25,transportation,simulated_bank_transactions_uk
2024-08-29,Visa-Card-Payment-Asda-Milk,29.94,groceries,simulated_bank_transactions_uk
2023-05-31,CARD PAYMENT MORRISONS MILK 678663,178.71,groceries,simulated_bank_transactions_uk
2024-06-13,Visa Card Pmt Morrisons Chicken,184.88,groceries,simulated_bank_transactions_uk
2024-10-14,pos purchase ebay electronics 675933,242.4,other,simulated_bank_transactions_uk
2023-08-10,BACS CARD PMT TESCO CHICKEN 354778,189.71,groceries,simulated_bank_transactions_uk
2023-06-24,card-payment-trainline-fuel,121.69,transportation,simulated_bank_transactions_uk
2024-08-19,Card Payment Waitrose Fruit,122.16,groceries,simulated_bank_transactions_uk
2024-06-07,Visa-Direct-Debit-Spotify,29.55,subscriptions,simulated_bank_transactions_uk
2024-09-02,Direct Debit Direct Debit Scottishpower 722673,241.75,utilities,simulated_bank_transactions_uk
2023-05-16,CONTACTLESS*CARD*PAYMENT*GREGGS*FAST*FOOD 179612,63.62,dining,simulated_bank_transactions_uk
2024-05-31,POS ICELAND RICE,106.93,groceries,simulated_bank_transactions_uk
2023-07-01,FOOD DELIVERY DELIVEROO FAST FOOD 295169,98.85,dining,simulated_bank_transactions_uk
2024-06-28,TRANSPORT/ESSO/CAR/MAINTENANCE 771984,84.77,transportation,simulated_bank_transactions_uk
2024-11-06,Visa Transport Trainline Uber Ride 512333,14.86,transportation,simulated_bank_transactions_uk
2024-11-25,contactless lidl milk 530018,179.91,groceries,simulated_bank_transactions_uk
2023-02-14,card pmt mcdonalds cafe 420645,62.41,dining,simulated_bank_transactions_uk
2024-05-08,Restaurant Greggs Cafe 484345,40.57,dining,simulated_bank_transactions_uk
2024-12-14,SUBSCRIPTION*SPOTIFY 125074,18.37,subscriptions,simulated_bank_transactions_uk
2024-05-03,bacs restaurant nando's cafe 286830,25.75,dining,simulated_bank_transactions_uk
2024-07-10,card*pmt*netflix 290329,15.61,subscriptions,simulated_bank_transactions_uk
2023-01-08,Visa Fuel Esso Train Ticket 56718,2.75,transportation,simulated_bank_transactions_uk
2024-01-20,MASTERCARD RESTAURANT UBER EATS RESTAURANT 425211,85.56,dining,simulated_bank_transactions_uk
2023-04-20,CARD-PMT-NANDO'S-FOOD-DELIVERY,68.37,dining,simulated_bank_transactions_uk
2024-07-02,Pos Tesco Chicken 951710,55.95,groceries,simulated_bank_transactions_uk
2024-11-27,Direct Debit Card Payment National Rail Bus Pass 449709,86.44,transportation,simulated_bank_transactions_uk
2024-07-24,visa bill payment e.on 513027,122.11,utilities,simulated_bank_transactions_uk
2024-05-10,transport esso bus pass,79.15,transportation,simulated_bank_transactions_uk
2024-12-23,direct debit direct debit e.on,160.75,utilities,simulated_bank_transactions_uk
2024-11-06,Bill-Pmt-O2,225.92,utilities,simulated_bank_transactions_uk
2024-12-17,Pos*Iceland*Rice,92.09,groceries,simulated_bank_transactions_uk
2024-02-15,Sto Mortgage Pmt Landlord 781523,982.41,housing,simulated_bank_transactions_uk
2024-12-01,Card Payment Gym Group,29.18,subscriptions,simulated_bank_transactions_uk
2024-10-13,card*pmt*just*eat*fast*food,65.31,dining,simulated_bank_transactions_uk
2024-04-27,POS LIDL BREAD 832023,165.53,groceries,simulated_bank_transactions_uk
2023-09-27,Rent Payment Letting Agent 304858,786.62,housing,simulated_bank_transactions_uk
2024-01-29,Card Pmt Asda Bread 866568,123.76,groceries,simulated_bank_transactions_uk
2024-06-17,Direct-Debit-Mortgage-Pmt-Rent 922406,1601.65,housing,simulated_bank_transactions_uk
2023-06-29,Utility/Bill/Ee 963865,38.5,utilities,simulated_bank_transactions_uk
2024-11-03,CARD PMT KFC CAFE 419500,6.66,dining,simulated_bank_transactions_uk
2023-02-04,MORTGAGE PMT RENT,1093.31,housing,simulated_bank_transactions_uk
2023-08-26,card-payment-disney+ 595191,25.15,subscriptions,simulated_bank_transactions_uk
2024-11-01,Food Delivery Deliveroo Restaurant 464367,60.76,dining,simulated_bank_transactions_uk
2023-10-10,card pmt waitrose egg,21.93,groceries,simulated_bank_transactions_uk
2024-02-20,subscription-gym-group 570659,31.46,subscriptions,simulated_bank_transactions_uk
2023-03-12,visa card pmt greggs restaurant 8809,119.22,dining,simulated_bank_transactions_uk
2024-07-26,BACS*LETTING*AGENT*RENT,1090.97,housing,simulated_bank_transactions_uk
2023-10-11,bacs rent rent 939530,1188.59,housing,simulated_bank_transactions_uk
2024-02-18,Card Pmt Asda Rice 211449,93.68,groceries,simulated_bank_transactions_uk
2024-06-02,CARD PAYMENT PRET FOOD DELIVERY,32.13,dining,simulated_bank_transactions_uk
2023-12-15,Pos Tesco Bread,103.12,groceries,simulated_bank_transactions_uk
2024-07-04,Bacs/Mortgage/Rent 778691,2132.9,housing,simulated_bank_transactions_uk
2024-03-29,Direct Debit Amazon Prime 701133,14.26,subscriptions,simulated_bank_transactions_uk
2023-09-07,Online-Purchase-Hmrc-Electronics 592616,122.46,other,simulated_bank_transactions_uk
2024-08-23,Direct Debit Subscription Apple.com/bill,31.95,subscriptions,simulated_bank_transactions_uk
2023-03-11,Mortgage Payment Landlord 688781,830.22,housing,simulated_bank_transactions_uk
2023-08-24,Utility-Bill-Sky,184.07,utilities,simulated_bank_transactions_uk
2024-06-12,DIRECT DEBIT PUREGYM 691912,43.17,subscriptions,simulated_bank_transactions_uk
2023-04-06,fuel national rail bus pa,36.26,transportation,simulated_bank_transactions_uk
2023-07-02,direct debit e.on 243781,42.87,utilities,simulated_bank_transactions_uk
2024-08-10,transport uber bus,32.16,transportation,simulated_bank_transactions_uk
2023-07-24,direct debit octopus energy 183522,142.26,utilities,simulated_bank_transactions_uk
2023-07-31,card-payment-iceland-rice 712824,175.18,groceries,simulated_bank_transactions_uk
2023-12-31,contactless lidl rice 26420,168.09,groceries,simulated_bank_transactions_uk
2023-03-22,Pos Sainsburys Bread 574131,28.38,groceries,simulated_bank_transactions_uk
2024-07-08,pos card pmt costa cafe 649522,100.14,dining,simulated_bank_transactions_uk
2023-11-19,card pmt argos gift 543372,94.69,other,simulated_bank_transactions_uk
2024-05-17,so-card-payment-trainline-car-maintenance,121.89,transportation,simulated_bank_transactions_uk
2024-08-13,POS WAITROSE CHICKEN,82.59,groceries,simulated_bank_transactions_uk
2024-07-07,Card Payment Aldi Fruit,98.27,groceries,simulated_bank_transactions_uk
2024-12-03,POS TESCO VEGETABLES 215154,81.77,groceries,simulated_bank_transactions_uk
2024-12-16,Mastercard Card Payment Google *services 876564,44.04,subscriptions,simulated_bank_transactions_uk
2023-01-13,card payment tfl bus pass 579211,97.11,transportation,simulated_bank_transactions_uk
2023-11-30,fps restaurant mcdonalds cafe 319157,95.06,dining,simulated_bank_transactions_uk
2023-09-27,pos direct debit scottishpower 7,68.98,utilities,simulated_bank_transactions_uk
2023-12-18,card pmt tesco cereal 460226,191.91,groceries,simulated_bank_transactions_uk
2024-03-05,Bacs Bill Pmt Bt 239158,124.63,utilities,simulated_bank_transactions_uk
2024-02-15,FOOD DELIVERY JUST EAT FOOD DELIV,61.59,dining,simulated_bank_transactions_uk
2024-08-12,Direct Debit Direct Debit O2,159.28,utilities,simulated_bank_transactions_uk
2023-08-30,RESTAURANT STARBUCKS RESTAURANT 740513,116.73,dining,simulated_bank_transactions_uk
2023-06-03,Card Pmt Costa Cafe 686395,35.39,dining,simulated_bank_transactions_uk
2024-05-26,Bacs Card Payment Bolt Uber Ride 214442,26.37,transportation,simulated_bank_transactions_uk
2023-11-04,CARD*CARD*PAYMENT*LIDL*VEGETABLES 476804,158.14,groceries,simulated_bank_transactions_uk
2023-04-12,bill payment british gas 897086,36.21,utilities,simulated_bank_transactions_uk
2023-09-18,CARD/PMT/DELIVEROO/RESTAURANT 55,38.4,dining,simulated_bank_transactions_uk
2023-12-09,Fuel Tfl Uber Ride 869386,64.08,transportation,simulated_bank_transactions_uk
2023-09-21,Direct Debit Bt 765649,156.68,utilities,simulated_bank_transactions_uk
2024-11-26,Direct*Debit*British*Gas 755157,53.49,utilities,simulated_bank_transactions_uk
2024-10-27,Card Pmt Boots Misc Expense 716756,145.48,other,simulated_bank_transactions_uk
2023-10-19,card pmt nando's fast food 692252,156.8,dining,simulated_bank_transactions_uk
2024-04-02,Sto Utility Bill Sky,139.56,utilities,simulated_bank_transactions_uk
2024-04-19,Mortgage Payment Rent,1601.18,housing,simulated_bank_transactions_uk
2024-10-17,Food Delivery Pret Fast Food 271539,139.58,dining,simulated_bank_transactions_uk
2024-09-19,CARD DIRECT DEBIT APPLE.COM/BILL 121005,21.29,subscriptions,simulated_bank_transactions_uk
2023-12-18,FOOD DELIVERY MCDONALDS RESTAURANT 750259,17.26,dining,simulated_bank_transactions_uk
2024-12-28,POS ALDI VEGETABLES 466371,132.34,groceries,simulated_bank_transactions_uk
2024-03-31,direct debit octopus energy 674067,88.74,utilities,simulated_bank_transactions_uk
2024-06-17,Subscription*Apple.com/bill,34.66,subscriptions,simulated_bank_transactions_uk
2023-01-24,VISA ONLINE PURCHASE BOOTS GIFT 222752,44.33,other,simulated_bank_transactions_uk
2024-12-18,POS WAITROSE RICE 6817,134.09,groceries,simulated_bank_transactions_uk
2023-04-16,FOOD DELIVERY KFC FAST FOOD,30.87,dining,simulated_bank_transactions_uk
2023-01-27,STO/CARD/PMT/ICELAND/CEREAL,111.94,groceries,simulated_bank_transactions_uk
2023-03-27,DIRECT*DEBIT*AMAZON*PRIME 370082,35.36,subscriptions,simulated_bank_transactions_uk
2024-02-04,card pmt sainsburys eggs 867945,21.44,groceries,simulated_bank_transactions_uk
2024-03-29,Direct Debit Ee,198.33,utilities,simulated_bank_transactions_uk
2023-06-24,Card Pmt Nando's Fast Food 811176,86.65,dining,simulated_bank_transactions_uk
2023-11-30,BACS CARD PAYMENT ASDA VEGETABLES,172.77,groceries,simulated_bank_transactions_uk
2024-07-07,Card*Rent*Pmt*Landlord,2161.22,housing,simulated_bank_transactions_uk
2024-12-15,BACS MORTGAGE RENT,1339.51,housing,simulated_bank_transactions_uk
2024-10-08,Direct Debit Fuel Trainline Car Maintenance 777677,84.47,transportation,simulated_bank_transactions_uk
2024-10-16,Restaurant Greggs Cafe,86.14,dining,simulated_bank_transactions_uk
2023-08-21,transport/national/rail/bus/pass 617647,68.47,transportation,simulated_bank_transactions_uk
2024-02-27,SUBSCRIPTION SPOTIFY 533915,16.62,subscriptions,simulated_bank_transactions_uk
2024-06-19,Bill Pmt Vodafone 991959,27.48,utilities,simulated_bank_transactions_uk
2024-04-25,Direct-Debit-Amazon-Prime 302825,18.1,subscriptions,simulated_bank_transactions_uk
2024-05-03,Transport Esso Fuel,132.68,transportation,simulated_bank_transactions_uk
2024-09-03,So Bill Payment Sky,212.52,utilities,simulated_bank_transactions_uk
2023-07-13,POS*LIDL*MILK,111.9,groceries,simulated_bank_transactions_uk
2023-09-13,Card*Payment*Esso*Car*Maintenance 92083,62.32,transportation,simulated_bank_transactions_uk
2023-08-14,Contactless Aldi Fruit 78961,166.54,groceries,simulated_bank_transactions_uk
2024-06-13,Bill Pmt Ee 722354,171.95,utilities,simulated_bank_transactions_uk
2024-12-02,Direct Debit Netflix,37.11,subscriptions,simulated_bank_transactions_uk
2024-02-27,DIRECT*DEBIT*SCOTTISHPOWER 854403,215.07,utilities,simulated_bank_transactions_uk
2023-10-24,Mastercard Card Payment Iceland Bre,40.57,groceries,simulated_bank_transactions_uk
2023-10-06,CONTACTLESS ICELAND CEREAL 662679,125.46,groceries,simulated_bank_transactions_uk
2023-01-20,Restaurant Costa Cafe 515034,34.11,dining,simulated_bank_transactions_uk
2023-04-15,CONTACTLESS-MORRISONS-MILK 469894,41.26,groceries,simulated_bank_transactions_uk
2023-01-09,Direct*Debit*Bill*Payment*Sky,193.07,utilities,simulated_bank_transactions_uk
2023-08-11,CARD/PMT/ICELAND/EGGS,7.87,groceries,simulated_bank_transactions_uk
2024-05-25,utility bill british gas 419045,209.65,utilities,simulated_bank_transactions_uk
2023-02-02,pos purchase amazon gift 430718,175.14,other,simulated_bank_transactions_uk
2024-02-06,UTILITY BILL E.ON 136492,38.17,utilities,simulated_bank_transactions_uk
2023-09-14,CONTACTLESS TESCO CEREAL,40.41,groceries,simulated_bank_transactions_uk
2023-09-12,card/payment/spotify,9.0,subscriptions,simulated_bank_transactions_uk
2023-02-04,bill/payment/scottishpow,83.08,utilities,simulated_bank_transactions_uk
2023-08-02,CONTACTLESS SAINSBURYS BREAD 810932,106.62,groceries,simulated_bank_transactions_uk
2023-06-12,card payment tfl bus pass,131.2,transportation,simulated_bank_transactions_uk
2024-07-16,Card Payment Nando's Restaurant 779727,120.43,dining,simulated_bank_transactions_uk
2023-11-02,Sto Transport National Rail Bus Pass 78,68.41,transportation,simulated_bank_transactions_uk
2023-08-12,Pos Iceland Milk 98582,173.41,groceries,simulated_bank_transactions_uk
2023-11-29,Online Purchase Hmrc Misc Expense 19048,159.33,other,simulated_bank_transactions_uk
2024-02-10,card/payment/morrisons/chicken 500967,119.02,groceries,simulated_bank_transactions_uk
2024-08-18,Direct/Debit/Apple.com/bill 988856,43.72,subscriptions,simulated_bank_transactions_uk
2023-06-08,Subscription Amazon Prime,32.22,subscriptions,simulated_bank_transactions_uk
2024-05-26,Bill Pmt British Gas 723466,83.45,utilities,simulated_bank_transactions_uk
2024-10-02,Pos Morrisons Vegetables 329221,186.52,groceries,simulated_bank_transactions_uk
2024-12-19,card pmt lidl vegetables,130.69,groceries,simulated_bank_transactions_uk
2023-08-27,Card Payment Trainline Uber Ride 459858,19.36,transportation,simulated_bank_transactions_uk
2023-12-22,Direct Debit Octopus Energy 917680,210.31,utilities,simulated_bank_transactions_uk
2023-01-22,Contactless Subscription Gym Group 339046,34.06,subscriptions,simulated_bank_transactions_uk
2023-09-14,So Food Delivery Costa Food Delivery,117.28,dining,simulated_bank_transactions_uk
2024-07-26,Direct Debit Mortgage Pmt Letting Agent,1745.27,housing,simulated_bank_transactions_uk
2023-07-11,BACS UTILITY BILL EE,69.6,utilities,simulated_bank_transactions_uk
2023-10-09,transport*uber*bus*pass 71015,103.07,transportation,simulated_bank_transactions_uk
2024-07-21,MORTGAGE PAYMENT LANDLORD,2067.43,housing,simulated_bank_transactions_uk
2023-09-27,card pmt aldi eggs 622427,92.63,groceries,simulated_bank_transactions_uk
2024-10-15,CARD PAYMENT UBER FUEL 804266,2.1,transportation,simulated_bank_transactions_uk
2024-09-26,Visa Fuel Bolt Train Ticket 843377,123.84,transportation,simulated_bank_transactions_uk
2023-03-06,rent pmt landlord 537561,1020.12,housing,simulated_bank_transactions_uk
2024-11-30,food*delivery*starbucks*cafe 405257,34.43,dining,simulated_bank_transactions_uk
2023-10-17,Card Pmt Shell Car Maintenance,23.27,transportation,simulated_bank_transactions_uk
2024-06-19,utility bill thames water,50.96,utilities,simulated_bank_transactions_uk
2023-05-13,Direct Debit Restaurant Just Eat Restaurant 445677,134.45,dining,simulated_bank_transactions_uk
2024-05-12,VISA CARD PMT LIDL MILK 615663,44.41,groceries,simulated_bank_transactions_uk
2024-02-02,CARD-PMT-SAINSBURYS-MILK,116.35,groceries,simulated_bank_transactions_uk
2023-08-15,Restaurant Greggs Food Delivery,12.61,dining,simulated_bank_transactions_uk
2023-08-02,Restaurant Deliveroo Restaura,7.03,dining,simulated_bank_transactions_uk
2024-10-16,FOOD DELIVERY UBER EATS RESTAURANT 875579,77.55,dining,simulated_bank_transactions_uk
2024-12-26,Card/Payment/Tesco/Frui,165.3,groceries,simulated_bank_transactions_uk
2023-03-14,contactless waitrose chicken 987233,108.16,groceries,simulated_bank_transactions_uk
2024-06-15,SO/CARD/PAYMENT/GYM/GROUP 289909,42.73,subscriptions,simulated_bank_transactions_uk
2023-07-14,pos*morrisons*rice 731115,108.67,groceries,simulated_bank_transactions_uk
2023-07-03,POS-ICELAND-RICE 22084,116.16,groceries,simulated_bank_transactions_uk
2024-10-15,Card Pmt Pret Cafe 714965,120.65,dining,simulated_bank_transactions_uk
2024-03-13,food-delivery-kfc-cafe 331868,113.9,dining,simulated_bank_transactions_uk
2024-07-17,CONTACTLESS MORTGAGE PAYMENT LANDLORD 373405,1878.32,housing,simulated_bank_transactions_uk
2024-06-30,Fuel*Shell*Bus*Pass 597337,92.74,transportation,simulated_bank_transactions_uk
2023-11-19,so pos purchase hmrc gift 539205,233.58,other,simulated_bank_transactions_uk
2024-02-27,Card Pmt Greggs Food Delivery 499293,135.95,dining,simulated_bank_transactions_uk
2023-11-28,Direct Debit Google *services 912557,37.87,subscriptions,simulated_bank_transactions_uk
2024-07-17,Restaurant-Mcdonalds-Fast-Food 490518,63.13,dining,simulated_bank_transactions_uk
2024-04-08,Mortgage Pmt Rent 256421,1208.01,housing,simulated_bank_transactions_uk
2023-02-05,fuel/shell/fuel,2.03,transportation,simulated_bank_transactions_uk
2023-05-19,Pos Purchase Ebay Electronics 538085,7.03,other,simulated_bank_transactions_uk
2023-08-16,online-purchase-boots-pharma,4.62,other,simulated_bank_transactions_uk
2024-12-07,POS/ALDI/VEGETABLES 181426,9.23,groceries,simulated_bank_transactions_uk
2024-08-07,subscription spotify 583324,24.96,subscriptions,simulated_bank_transactions_uk
2024-04-16,mastercard rent pmt letting agent 958174,796.15,housing,simulated_bank_transactions_uk
2024-08-19,BILL/PAYMENT/VODAFONE 344001,87.27,utilities,simulated_bank_transactions_uk
2023-04-05,contactless morrisons c,163.16,groceries,simulated_bank_transactions_uk
2023-11-29,card*pmt*mcdonalds*fast*food,118.81,dining,simulated_bank_transactions_uk
2024-12-07,contactless/direct/debit/disney+ 299806,24.02,subscriptions,simulated_bank_transactions_uk
2023-11-04,card pmt deliveroo restaurant 87654,97.26,dining,simulated_bank_transactions_uk
2023-02-27,CONTACTLESS*SAINSBURYS*FRUIT 13151,20.3,groceries,simulated_bank_transactions_uk
2024-03-20,MORTGAGE PAYMENT MORTGAGE 842396,1189.29,housing,simulated_bank_transactions_uk
2023-08-21,Card/Pmt/Shell/Uber/Ride,122.03,transportation,simulated_bank_transactions_uk
2024-10-09,Direct Debit Food Delivery Starbucks Restaurant 540907,103.25,dining,simulated_bank_transactions_uk
2023-11-23,BILL PAYMENT O2 53505,148.23,utilities,simulated_bank_transactions_uk
2024-12-15,CARD PMT SHELL TRAIN TICKET 188410,47.1,transportation,simulated_bank_transactions_uk
2024-02-07,Pos Morrisons Milk 39390,136.36,groceries,simulated_bank_transactions_uk
2023-04-03,MASTERCARD*CARD*PAYMENT*HMRC*ELECTRONICS 289039,145.09,other,simulated_bank_transactions_uk
2023-06-01,Contactless Iceland Chicken,158.34,groceries,simulated_bank_transactions_uk
2023-02-20,POS TESCO BREAD 925882,97.79,groceries,simulated_bank_transactions_uk
2024-05-28,CARD PMT TRAINLINE BUS PASS 685610,13.74,transportation,simulated_bank_transactions_uk
2024-05-07,card payment trainline train ticket 566347,107.16,transportation,simulated_bank_transactions_uk
2024-08-08,food delivery kfc cafe 784149,66.27,dining,simulated_bank_transactions_uk
2023-09-30,Card Payment Asda Rice 427962,52.25,groceries,simulated_bank_transactions_uk
2024-08-12,card payment gym group 102866,32.07,subscriptions,simulated_bank_transactions_uk
2023-12-23,STO CONTACTLESS TESCO FRUIT,87.59,groceries,simulated_bank_transactions_uk
2023-01-25,contactless-waitrose-vegetables 466969,120.81,groceries,simulated_bank_transactions_uk
2024-09-23,SUBSCRIPTION PUREGYM 589592,44.49,subscriptions,simulated_bank_transactions_uk
2024-03-27,Subscription Spotify 164473,29.55,subscriptions,simulated_bank_transactions_uk
2024-01-18,contactless asda rice,43.94,groceries,simulated_bank_transactions_uk
2023-02-25,POS ICELAND BREAD,26.91,groceries,simulated_bank_transactions_uk
2023-10-22,POS*LIDL*EGGS 370124,174.41,groceries,simulated_bank_transactions_uk
2024-04-27,contactless-morrisons-bread 559375,64.5,groceries,simulated_bank_transactions_uk
2023-08-05,Card/Pmt/Morrisons/Rice 4499,149.3,groceries,simulated_bank_transactions_uk
2024-09-29,CARD PAYMENT WAITROSE CHICKEN 439587,112.02,groceries,simulated_bank_transactions_uk
2024-11-15,sto*food*delivery*pret*fast*food,112.74,dining,simulated_bank_transactions_uk
2023-03-03,Pos*Lidl*Milk 906380,54.81,groceries,simulated_bank_transactions_uk
2024-04-21,BILL PMT E.ON,88.75,utilities,simulated_bank_transactions_uk
2024-11-07,RESTAURANT MCDONALDS RESTAURANT 633552,15.32,dining,simulated_bank_transactions_uk
2023-01-20,DIRECT DEBIT SCOTTISHPOWER 965853,228.11,utilities,simulated_bank_transactions_uk
2024-01-25,Visa Bill Payment Scottishpower 494050,79.32,utilities,simulated_bank_transactions_uk
2024-05-11,card pmt trainline uber ride 561118,126.73,transportation,simulated_bank_transactions_uk
2023-07-23,mortgage payment mortgage,786.43,housing,simulated_bank_transactions_uk
2024-12-30,Contactless Card Payment Esso Fuel,79.37,transportation,simulated_bank_transactions_uk
2023-11-09,Pos Card Pmt Waitrose Rice,184.84,groceries,simulated_bank_transactions_uk
2023-01-19,Direct*Debit*O2 596833,199.93,utilities,simulated_bank_transactions_uk
2023-11-06,DIRECT DEBIT BRITISH GAS 749476,108.51,utilities,simulated_bank_transactions_uk
2024-10-02,contactless/asda/chicken 307533,163.32,groceries,simulated_bank_transactions_uk
2023-01-31,pos utility bill thames water 757169,234.24,utilities,simulated_bank_transactions_uk
2023-12-16,Mortgage Payment Mortgage 549759,999.65,housing,simulated_bank_transactions_uk
2024-01-27,bacs mortgage rent 702229,862.75,housing,simulated_bank_transactions_uk
2024-12-03,CARD TRANSPORT SHELL CAR MAINTENANCE,122.43,transportation,simulated_bank_transactions_uk
2024-03-12,Card/Pmt/Waitrose/Rice,116.72,groceries,simulated_bank_transactions_uk
2024-07-09,pos purchase amazon elect,84.33,other,simulated_bank_transactions_uk
2024-12-01,POS LIDL EGGS,118.3,groceries,simulated_bank_transactions_uk
2024-12-23,SUBSCRIPTION/PUREGYM,16.67,subscriptions,simulated_bank_transactions_uk
2023-05-29,POS BACS LANDLORD RENT 104043,1316.6,housing,simulated_bank_transactions_uk
2024-07-24,mastercard restaurant pret fast food 619005,54.21,dining,simulated_bank_transactions_uk
2023-05-30,Card*Payment*Esso*Uber*Ride,27.41,transportation,simulated_bank_transactions_uk
2024-02-28,restaurant/uber/eats/food/delivery 507755,141.42,dining,simulated_bank_transactions_uk
2024-10-14,Pos Purchase Boots Pharmacy 117884,112.42,other,simulated_bank_transactions_uk
2023-07-12,Mortgage Payment Landlord 69744,885.53,housing,simulated_bank_transactions_uk
2024-09-18,Pos Aldi Eggs 114992,10.11,groceries,simulated_bank_transactions_uk
2023-08-25,restaurant-kfc-fast-food,97.44,dining,simulated_bank_transactions_uk
2024-05-03,Bacs Restaurant Mcdonalds Food Delivery 165765,17.32,dining,simulated_bank_transactions_uk
2024-01-18,CONTACTLESS ICELAND CEREAL 898830,143.84,groceries,simulated_bank_transactions_uk
2023-05-21,pos waitrose fruit 446957,100.83,groceries,simulated_bank_transactions_uk
2023-01-16,bacs pos morrisons rice,11.28,groceries,simulated_bank_transactions_uk
2024-11-18,CONTACTLESS BACS RENT RENT 830339,994.96,housing,simulated_bank_transactions_uk
2024-03-25,CARD-PMT-CURRYS-MISC-EXPENSE,19.34,other,simulated_bank_transactions_uk
2024-04-13,Rent Pmt Mortgage 637176,1716.19,housing,simulated_bank_transactions_uk
2023-02-12,RENT PAYMENT RENT,1277.54,housing,simulated_bank_transactions_uk
2024-02-08,Food Delivery Mcdonalds Cafe 158726,116.63,dining,simulated_bank_transactions_uk
2024-04-07,card payment uber eats restaurant 584715,85.7,dining,simulated_bank_transactions_uk
2023-09-09,Mastercard Fuel Bolt Uber Ride,123.13,transportation,simulated_bank_transactions_uk
2023-02-10,FPS CARD PAYMENT SHELL FUEL 739260,137.77,transportation,simulated_bank_transactions_uk
2024-03-26,bacs food delivery uber eats restaurant,34.43,dining,simulated_bank_transactions_uk
2023-10-20,Bacs Utility Bill British Gas,206.81,utilities,simulated_bank_transactions_uk
2023-02-25,Card Pmt Esso Fuel,42.63,transportation,simulated_bank_transactions_uk
2024-10-23,card payment just eat fast food 77633,76.85,dining,simulated_bank_transactions_uk
2024-08-22,Card Pmt Bp Car Maintenance 77573,17.62,transportation,simulated_bank_transactions_uk
2024-02-07,mortgage*pmt*letting*agent 237170,1496.93,housing,simulated_bank_transactions_uk
2024-04-09,Card Payment National Rail Fuel 211062,5.44,transportation,simulated_bank_transactions_uk
2023-04-03,CARD RESTAURANT UBER EATS FAST FOOD 991374,141.8,dining,simulated_bank_transactions_uk
2023-05-07,utility/bill/e.on 212499,193.82,utilities,simulated_bank_transactions_uk
2023-03-29,CARD PAYMENT MORRISONS CEREAL 943543,128.64,groceries,simulated_bank_transactions_uk
2024-06-07,Card Payment Trainline Fuel 469516,102.31,transportation,simulated_bank_transactions_uk
2024-01-25,CARD PMT KFC FAST FOOD 607395,63.7,dining,simulated_bank_transactions_uk
2024-08-02,Fps Pos Sainsburys Eggs,182.89,groceries,simulated_bank_transactions_uk
2023-05-29,rent pmt landlord 399489,901.29,housing,simulated_bank_transactions_uk
2023-11-13,pos-morrisons-milk 736276,86.82,groceries,simulated_bank_transactions_uk
2023-07-05,RESTAURANT STARBUCKS CAFE 148572,49.76,dining,simulated_bank_transactions_uk
2023-01-04,CARD CONTACTLESS ASDA EGGS 626165,192.28,groceries,simulated_bank_transactions_uk
2024-05-24,restaurant/greggs/food/delivery,6.89,dining,simulated_bank_transactions_uk
2024-09-14,MORTGAGE*PAYMENT*LANDLORD 954135,1901.55,housing,simulated_bank_transactions_uk
2024-11-06,Rent/Payment/Letting/,986.15,housing,simulated_bank_transactions_uk
2024-09-07,POS TRANSPORT NATIONAL RAIL FUEL 499796,62.98,transportation,simulated_bank_transactions_uk
2023-10-12,Sto*Food*Delivery*Starbucks*Fast*Food 947741,141.74,dining,simulated_bank_transactions_uk
2023-06-01,Food*Delivery*Costa*Fast*Food,12.58,dining,simulated_bank_transactions_uk
2023-02-03,Pos Lidl Vegetables,12.16,groceries,simulated_bank_transactions_uk
2023-03-31,CONTACTLESS FOOD DELIVERY GREGGS FOOD DELIVERY 485598,56.32,dining,simulated_bank_transactions_uk
2023-06-15,Pos Aldi Fruit,198.78,groceries,simulated_bank_transactions_uk
2024-08-15,Food Delivery Starbucks Fast Food,154.78,dining,simulated_bank_transactions_uk
2023-11-03,bill*payment*vodafone 226272,46.88,utilities,simulated_bank_transactions_uk
2024-03-13,Contactless Utility Bill Thames Water 936882,217.76,utilities,simulated_bank_transactions_uk
2023-05-18,Direct-Debit-Google-*services 384172,16.01,subscriptions,simulated_bank_transactions_uk
2024-02-28,Fps-Contactless-Tesco-Chicken 365510,69.2,groceries,simulated_bank_transactions_uk
2023-04-22,Fuel/Bp/Train/Ticket 714633,86.46,transportation,simulated_bank_transactions_uk
2024-12-06,Card Pmt Pret Restaurant 50278,79.97,dining,simulated_bank_transactions_uk
2023-11-21,Food/Delivery/Costa/Food/Delivery 174681,71.19,dining,simulated_bank_transactions_uk
2023-12-29,Direct Debit Bt 52288,258.83,utilities,simulated_bank_transactions_uk
2024-06-16,Mortgage Pmt Mortgage 143732,1522.08,housing,simulated_bank_transactions_uk
2023-07-04,card payment greggs cafe 431309,81.34,dining,simulated_bank_transactions_uk
2023-07-18,RENT PAYMENT MORTGAGE 261647,1748.31,housing,simulated_bank_transactions_uk
2023-05-01,BACS POS SAINSBURYS MILK,95.65,groceries,simulated_bank_transactions_uk
2024-02-29,CARD-PMT-DELIVEROO-FAST-FOOD 810142,128.93,dining,simulated_bank_transactions_uk
2024-10-14,TRANSPORT ESSO BUS PASS 74822,50.25,transportation,simulated_bank_transactions_uk
2023-09-18,Card*Payment*Waitrose*Rice 177638,139.55,groceries,simulated_bank_transactions_uk
2024-07-17,DIRECT DEBIT PUREGYM,16.31,subscriptions,simulated_bank_transactions_uk
2023-12-08,Utility Bill Scottishpower 908193,51.75,utilities,simulated_bank_transactions_uk
2023-01-30,Bill Pmt Thames Water 107043,169.76,utilities,simulated_bank_transactions_uk
2023-12-13,Bacs*Subscription*Puregym 879090,17.55,subscriptions,simulated_bank_transactions_uk
2023-02-06,Rent Payment Mortgage 124179,2070.05,housing,simulated_bank_transactions_uk
2024-04-16,Restaurant*Kfc*Cafe,29.08,dining,simulated_bank_transactions_uk
2024-04-18,MORTGAGE PMT RENT 992900,2038.69,housing,simulated_bank_transactions_uk
2023-02-27,Direct-Debit-Apple.com/bill 261781,42.04,subscriptions,simulated_bank_transactions_uk
2024-11-25,Direct Debit Netflix 586606,27.16,subscriptions,simulated_bank_transactions_uk
2024-08-14,Utility Bill Ee 525116,29.4,utilities,simulated_bank_transactions_uk
2023-06-02,restaurant costa food delivery 426790,15.26,dining,simulated_bank_transactions_uk
2024-01-20,UTILITY BILL O2 354371,104.7,utilities,simulated_bank_transactions_uk
2024-02-03,CARD PAYMENT COSTA FAST FOOD,93.5,dining,simulated_bank_transactions_uk
2023-11-12,Contactless Aldi Bread,173.6,groceries,simulated_bank_transactions_uk
2023-10-06,restaurant starbucks food delivery,115.03,dining,simulated_bank_transactions_uk
2024-01-16,FUEL BOLT FUEL 163541,123.03,transportation,simulated_bank_transactions_uk
2023-11-06,POS/TRANSPORT/BOLT/BUS/PASS 312210,31.83,transportation,simulated_bank_transactions_uk
2023-07-26,contactless tesco vegetables 433352,158.06,groceries,simulated_bank_transactions_uk
2024-05-09,Bacs Mortgage Rent,1434.29,housing,simulated_bank_transactions_uk
2024-05-10,mortgage payment letting agent 902717,944.83,housing,simulated_bank_transactions_uk
2023-05-27,So Food Delivery Kfc Food Delivery 867431,125.21,dining,simulated_bank_transactions_uk
2024-06-12,card*payment*google**services 458,37.71,subscriptions,simulated_bank_transactions_uk
2023-02-07,FOOD/DELIVERY/PRET/FAST/FOOD,36.8,dining,simulated_bank_transactions_uk
2023-11-15,Fuel Bolt Car Maintenance 739425,17.99,transportation,simulated_bank_transactions_uk
2023-03-31,mortgage payment landlord 244861,1964.59,housing,simulated_bank_transactions_uk
2024-11-05,Bill Payment Ee,49.23,utilities,simulated_bank_transactions_uk
2023-11-16,Food Delivery Pret Restaurant 766859,94.52,dining,simulated_bank_transactions_uk
2023-07-17,CARD PAYMENT KFC FAST FOOD,54.74,dining,simulated_bank_transactions_uk
2024-03-27,bill pmt octopus energy,100.0,utilities,simulated_bank_transactions_uk
2023-10-08,Restaurant Greggs Food Delivery 421927,28.14,dining,simulated_bank_transactions_uk
2023-12-25,Contactless Waitrose Bread,45.28,groceries,simulated_bank_transactions_uk
2024-12-22,Visa Fuel Tfl Bus Pass 404443,21.53,transportation,simulated_bank_transactions_uk
2023-03-14,sto subscription google *services,14.04,subscriptions,simulated_bank_transactions_uk
2023-02-21,Direct Debit Sky,152.04,utilities,simulated_bank_transactions_uk
2023-02-21,Card Payment Asda Cereal,181.14,groceries,simulated_bank_transactions_uk
2024-02-06,CARD PAYMENT ALDI MILK,21.79,groceries,simulated_bank_transactions_uk
2023-11-16,Contactless Asda Cereal 470694,125.18,groceries,simulated_bank_transactions_uk
2024-11-17,utility*bill*sky 4249,192.53,utilities,simulated_bank_transactions_uk
2024-04-21,CARD PAYMENT PUREGYM,43.92,subscriptions,simulated_bank_transactions_uk
2024-12-16,Food/Delivery/Just/Eat/Restaurant 208661,130.99,dining,simulated_bank_transactions_uk
2024-10-21,card pmt bp fuel 508620,44.83,transportation,simulated_bank_transactions_uk
2023-08-18,Restaurant Greggs Cafe 993770,77.93,dining,simulated_bank_transactions_uk
2024-02-06,contactless-asda-chicken 369852,183.01,groceries,simulated_bank_transactions_uk
2023-11-29,contactless-tesco-vegetables 47893,158.81,groceries,simulated_bank_transactions_uk
2023-04-26,Card/Payment/Trainline/Uber/Ride 599889,11.02,transportation,simulated_bank_transactions_uk
2023-10-17,Mastercard/Direct/Debit/British/Gas 960703,223.76,utilities,simulated_bank_transactions_uk
2024-06-04,Direct/Debit/Disney+ 652966,27.56,subscriptions,simulated_bank_transactions_uk
2024-10-27,contactless*contactless*morrisons*bread 884566,68.54,groceries,simulated_bank_transactions_uk
2024-02-15,card payment iceland chicken 696167,108.89,groceries,simulated_bank_transactions_uk
2024-07-15,FPS FOOD DELIVERY NANDO'S FAST FOOD 777043,101.24,dining,simulated_bank_transactions_uk
2023-12-15,card pmt morrisons cereal 929618,79.84,groceries,simulated_bank_transactions_uk
2024-03-21,So Contactless Sainsburys Fruit 2,157.94,groceries,simulated_bank_transactions_uk
2023-08-30,sto card payment mcdonalds food delivery,89.4,dining,simulated_bank_transactions_uk
2024-12-29,Visa-Pos-Lidl-Bread,149.18,groceries,simulated_bank_transactions_uk
2024-09-02,FOOD DELIVERY KFC CAFE 658681,22.72,dining,simulated_bank_transactions_uk
2024-03-31,Pos/Transport/Esso/Car/Maintenance,15.48,transportation,simulated_bank_transactions_uk
2023-04-22,CARD PAYMENT SAINSBURYS FRUIT 151456,18.57,groceries,simulated_bank_transactions_uk
2024-10-22,Visa Card Pmt Kfc Cafe 236424,55.75,dining,simulated_bank_transactions_uk
2023-05-23,Fps Food Delivery Pret Restaurant 646974,38.73,dining,simulated_bank_transactions_uk
2023-05-31,bacs landlord rent 965088,1905.25,housing,simulated_bank_transactions_uk
2024-02-04,Contactless*Food*Delivery*Deliveroo*Cafe,87.34,dining,simulated_bank_transactions_uk
2024-11-28,FOOD*DELIVERY*COSTA*CAFE,35.33,dining,simulated_bank_transactions_uk
2024-11-26,mortgage payment landlord 439017,1533.93,housing,simulated_bank_transactions_uk
2023-12-19,bill pmt o2 556678,193.68,utilities,simulated_bank_transactions_uk
2024-06-06,Online Purchase Currys Electronics,5.01,other,simulated_bank_transactions_uk
2023-03-05,fuel esso train ticket 570197,119.65,transportation,simulated_bank_transactions_uk
2023-01-01,pos utility bill thames water 983643,252.46,utilities,simulated_bank_transactions_uk
2023-10-16,restaurant mcdonalds food delivery 783208,22.0,dining,simulated_bank_transactions_uk
2024-08-27,Bacs-Landlord-Rent 911195,1319.16,housing,simulated_bank_transactions_uk
2024-02-20,Bill Payment O2,192.27,utilities,simulated_bank_transactions_uk
2023-06-27,direct debit severn trent,74.64,utilities,simulated_bank_transactions_uk
2024-01-04,Card Pmt Trainline Train Ticket,78.65,transportation,simulated_bank_transactions_uk
2024-11-17,CARD PAYMENT SPOTIFY 649322,15.83,subscriptions,simulated_bank_transactions_uk
2023-01-17,Contactless Iceland Milk 154769,18.99,groceries,simulated_bank_transactions_uk
2023-05-20,pos sainsburys cereal,133.3,groceries,simulated_bank_transactions_uk
2024-12-13,CARD PAYMENT WAITROSE FRUIT 361530,172.73,groceries,simulated_bank_transactions_uk
2024-04-10,sto restaurant nando's cafe 981448,101.6,dining,simulated_bank_transactions_uk
2024-01-29,Fuel Uber Car Maintenance 839145,115.17,transportation,simulated_bank_transactions_uk
2023-01-08,utility-bill-bt,124.82,utilities,simulated_bank_transactions_uk
2023-10-03,RESTAURANT-PRET-FAST-FOOD 454980,115.38,dining,simulated_bank_transactions_uk
2023-02-04,fuel bolt car mainte,81.54,transportation,simulated_bank_transactions_uk
2024-01-13,Pos*Purchase*Currys*Electronics 843159,122.37,other,simulated_bank_transactions_uk
2023-03-23,Direct Debit Card Pmt Morrisons Cereal 280626,192.54,groceries,simulated_bank_transactions_uk
2023-03-22,Contactless Iceland Chic,95.66,groceries,simulated_bank_transactions_uk
2024-04-28,MASTERCARD TRANSPORT TRAINLINE CAR MAINTENANCE,14.21,transportation,simulated_bank_transactions_uk
2024-07-06,food delivery pret restaurant 612062,111.03,dining,simulated_bank_transactions_uk
2023-12-18,CARD/PMT/PUREGYM 783304,29.13,subscriptions,simulated_bank_transactions_uk
2024-06-08,POS TRANSPORT NATIONAL RAIL UBER RIDE 656833,66.7,transportation,simulated_bank_transactions_uk
2024-03-07,RENT PMT MORTGAGE 533,1787.41,housing,simulated_bank_transactions_uk
2023-02-06,bill payment scottishpo,92.96,utilities,simulated_bank_transactions_uk
2024-07-31,Card*Payment*Costa*Food*Delivery 300266,117.68,dining,simulated_bank_transactions_uk
2024-08-09,Bill Payment Thames Water 791937,160.86,utilities,simulated_bank_transactions_uk
2024-10-01,Pos Tesco Chicken,162.73,groceries,simulated_bank_transactions_uk
2024-06-01,Pos Iceland Cereal 635919,21.09,groceries,simulated_bank_transactions_uk
2024-09-22,contactless sainsburys chicken,54.15,groceries,simulated_bank_transactions_uk
2023-04-25,Bill/Pmt/Thames/Water 371037,28.34,utilities,simulated_bank_transactions_uk
2024-01-14,Restaurant Deliveroo Fast Food 788010,107.17,dining,simulated_bank_transactions_uk
2023-08-30,Subscription-Netflix 830816,36.08,subscriptions,simulated_bank_transactions_uk
2023-12-18,visa-transport-national-rail-car-maintenance 522480,120.96,transportation,simulated_bank_transactions_uk
2023-06-07,Fps Online Purchase Boots Misc Expense 893964,150.1,other,simulated_bank_transactions_uk
2023-09-01,Direct Debit Direct Debit Netflix 544962,35.59,subscriptions,simulated_bank_transactions_uk
2023-12-20,Contactless-Restaurant-Kfc-Fast-Food 450836,37.68,dining,simulated_bank_transactions_uk
2023-04-29,contactless asda chicken 593789,152.32,groceries,simulated_bank_transactions_uk
2023-11-05,POS SAINSBURYS CEREAL 955357,82.76,groceries,simulated_bank_transactions_uk
2024-11-30,fuel shell car maintenance 204819,34.25,transportation,simulated_bank_transactions_uk
2024-06-27,Food Delivery Costa Cafe 591660,45.71,dining,simulated_bank_transactions_uk
2024-04-04,MORTGAGE*PAYMENT*RENT 945169,1097.63,housing,simulated_bank_transactions_uk
2024-11-30,DIRECT DEBIT THAMES WATER,251.01,utilities,simulated_bank_transactions_uk
2024-10-14,visa pos purchase amazon online purchase 154218,229.67,other,simulated_bank_transactions_uk
2024-10-29,bill pmt severn trent 969579,168.46,utilities,simulated_bank_transactions_uk
2023-04-11,MORTGAGE PAYMENT RENT 830118,1069.01,housing,simulated_bank_transactions_uk
2024-11-22,CONTACTLESS BILL PMT BRITIS,116.92,utilities,simulated_bank_transactions_uk
2024-11-24,restaurant mcdonalds fast food 287840,85.59,dining,simulated_bank_transactions_uk
2023-01-11,food delivery kfc fast food 910888,53.56,dining,simulated_bank_transactions_uk
2023-04-11,Restaurant Deliveroo Restaurant 678724,6.85,dining,simulated_bank_transactions_uk
2023-10-18,card payment national rail fuel,50.51,transportation,simulated_bank_transactions_uk
2023-04-05,BILL/PAYMENT/E.ON,30.57,utilities,simulated_bank_transactions_uk
2024-10-15,Direct Debit Card Pmt Waitrose Rice 551166,190.35,groceries,simulated_bank_transactions_uk
2024-09-11,CONTACTLESS/MORRISONS/BREAD 956697,21.85,groceries,simulated_bank_transactions_uk
2024-12-13,pos/lidl/eggs 45224,179.72,groceries,simulated_bank_transactions_uk
2023-03-19,pos lidl chicken 21191,96.06,groceries,simulated_bank_transactions_uk
2024-12-09,Restaurant Greggs Food Delivery 619,124.25,dining,simulated_bank_transactions_uk
2023-03-17,rent pmt mortgage,1048.87,housing,simulated_bank_transactions_uk
2023-12-07,Direct-Debit-Scottishpower 168628,114.96,utilities,simulated_bank_transactions_uk
2023-09-29,POS-PURCHASE-BOOTS-PHARMACY 468186,239.03,other,simulated_bank_transactions_uk
2023-07-25,Bacs Pos Morrisons Bread,100.89,groceries,simulated_bank_transactions_uk
2023-04-22,Food Delivery Uber Eats Fast Food,105.05,dining,simulated_bank_transactions_uk
2024-10-20,Contactless Tesco Fruit 227936,47.59,groceries,simulated_bank_transactions_uk
2023-04-16,pos*waitrose*cereal 174284,144.5,groceries,simulated_bank_transactions_uk
2023-09-14,Contactless Iceland Bread 113471,116.41,groceries,simulated_bank_transactions_uk
2023-06-02,Card Payment Netflix 400948,40.76,subscriptions,simulated_bank_transactions_uk
2024-11-11,Card Payment Mcdonalds Restaurant,149.6,dining,simulated_bank_transactions_uk
2024-02-05,BILL/PAYMENT/THAMES/WATER 976307,189.51,utilities,simulated_bank_transactions_uk
2024-02-18,Card Payment Kfc Cafe 247208,79.11,dining,simulated_bank_transactions_uk
2023-01-04,direct debit apple.com/bill 69322,26.15,subscriptions,simulated_bank_transactions_uk
2024-07-02,Direct Debit Vodafone,53.48,utilities,simulated_bank_transactions_uk
2023-11-07,Bacs Rent Rent,1166.83,housing,simulated_bank_transactions_uk
2023-12-15,TRANSPORT BOLT UBER RIDE,52.42,transportation,simulated_bank_transactions_uk
2023-10-24,Contactless Tesco Cereal,153.29,groceries,simulated_bank_transactions_uk
2024-01-29,restaurant greggs fast food 691593,90.94,dining,simulated_bank_transactions_uk
2023-04-20,Food Delivery Just Eat Food Delivery 391185,112.86,dining,simulated_bank_transactions_uk
2024-10-09,Restaurant Costa Food Delivery 378832,80.41,dining,simulated_bank_transactions_uk
2023-07-17,fuel trainline train ticket 791315,21.31,transportation,simulated_bank_transactions_uk
2023-03-06,Pos Asda Rice 567452,100.4,groceries,simulated_bank_transactions_uk
2024-04-05,Card Payment Disney+ 864442,24.49,subscriptions,simulated_bank_transactions_uk
2023-02-27,online/purchase/ebay/online/purchase,12.15,other,simulated_bank_transactions_uk
2023-08-05,Bill Payment Severn Trent,120.29,utilities,simulated_bank_transactions_uk
2024-11-25,Subscription Gym Group 676180,22.79,subscriptions,simulated_bank_transactions_uk
2024-08-16,Bacs Landlord Rent 96,880.88,housing,simulated_bank_transactions_uk
2023-05-25,card/pmt/lidl/bread 33608,12.19,groceries,simulated_bank_transactions_uk
2024-09-25,Fps Transport Uber Uber Ride,67.03,transportation,simulated_bank_transactions_uk
2024-10-09,card pmt aldi eggs,7.8,groceries,simulated_bank_transactions_uk
2023-04-10,contactless tesco chicken 497602,165.04,groceries,simulated_bank_transactions_uk
2023-03-07,fuel bp train ticket,117.28,transportation,simulated_bank_transactions_uk
2024-09-01,Direct-Debit-Netflix 87994,8.68,subscriptions,simulated_bank_transactions_uk
2023-07-27,DIRECT DEBIT SPOTIFY 325863,6.59,subscriptions,simulated_bank_transactions_uk
2024-12-01,card transport esso fuel 531888,46.74,transportation,simulated_bank_transactions_uk
2023-08-07,card pmt just eat fast food,54.85,dining,simulated_bank_transactions_uk
2023-03-06,FPS-CARD-PMT-SPOTIFY 448460,11.11,subscriptions,simulated_bank_transactions_uk
2023-06-22,POS ASDA EGGS,152.72,groceries,simulated_bank_transactions_uk
2024-08-18,RESTAURANT MCDONALDS FAST FOOD 518316,72.99,dining,simulated_bank_transactions_uk
2024-10-09,CARD CONTACTLESS ICELAND BREAD 25828,159.26,groceries,simulated_bank_transactions_uk
2024-05-13,So Food Delivery Costa Fast Food 439959,7.42,dining,simulated_bank_transactions_uk
2023-04-02,MASTERCARD CARD PMT ALDI MILK 421821,39.99,groceries,simulated_bank_transactions_uk
2024-05-02,mastercard card payment kfc food delivery 573437,69.51,dining,simulated_bank_transactions_uk
2023-10-05,Restaurant Greggs Fast Food 42686,27.18,dining,simulated_bank_transactions_uk
2023-06-28,card payment national rail fuel 13756,35.02,transportation,simulated_bank_transactions_uk
2024-05-26,Food/Delivery/Greggs/Restaurant,97.42,dining,simulated_bank_transactions_uk
2023-11-05,FOOD DELIVERY KFC RESTAURANT 134122,102.21,dining,simulated_bank_transactions_uk
2023-07-16,Direct Debit E.on 791011,156.06,utilities,simulated_bank_transactions_uk
2024-07-06,Pos-Waitrose-Bread,125.69,groceries,simulated_bank_transactions_uk
2024-11-06,Card Pmt Shell Fuel 645764,108.31,transportation,simulated_bank_transactions_uk
2023-06-02,SO CONTACTLESS MORRISONS MILK 33415,42.78,groceries,simulated_bank_transactions_uk
2023-06-13,CARD-PAYMENT-JUST-EAT-CAFE 847003,82.11,dining,simulated_bank_transactions_uk
2024-01-08,Restaurant Costa Restaurant 795210,13.37,dining,simulated_bank_transactions_uk
2024-09-23,UTILITY BILL BT 543111,84.07,utilities,simulated_bank_transactions_uk
2023-02-23,Direct Debit Spotify 972841,5.78,subscriptions,simulated_bank_transactions_uk
2023-01-30,bacs landlord rent 432530,894.97,housing,simulated_bank_transactions_uk
2023-08-29,Fuel-Bp-Uber-Ride 720301,11.78,transportation,simulated_bank_transactions_uk
2024-11-24,fps-food-delivery-just-eat-food-delivery 216727,69.96,dining,simulated_bank_transactions_uk
2023-11-30,rent pmt letting agent,1857.41,housing,simulated_bank_transactions_uk
2023-07-24,POS WAITROSE RICE,148.86,groceries,simulated_bank_transactions_uk
2024-08-22,DIRECT DEBIT BRITISH GAS,42.28,utilities,simulated_bank_transactions_uk
2024-09-16,Visa Fuel Bolt Fuel 114329,22.0,transportation,simulated_bank_transactions_uk
2024-04-13,mastercard card payment bp fuel 8893,53.54,transportation,simulated_bank_transactions_uk
2023-07-27,Mastercard Food Delivery Just Eat Food Delivery 935607,156.21,dining,simulated_bank_transactions_uk
2023-03-03,Direct*Debit*British*Gas 232145,187.67,utilities,simulated_bank_transactions_uk
2024-04-14,BILL PMT BT 231552,225.14,utilities,simulated_bank_transactions_uk
2023-10-30,TRANSPORT BP BUS PASS,32.34,transportation,simulated_bank_transactions_uk
2024-07-20,BACS CARD PAYMENT DELIVEROO FAST FOOD 182973,94.61,dining,simulated_bank_transactions_uk
2024-06-18,contactless rent payment letting agent,1288.13,housing,simulated_bank_transactions_uk
2024-04-18,transport*uber*train*ticket,83.64,transportation,simulated_bank_transactions_uk
2023-09-10,fps utility bill british gas 22722,198.0,utilities,simulated_bank_transactions_uk
2024-08-28,Card Payment Morrisons Fruit 397009,118.0,groceries,simulated_bank_transactions_uk
2024-03-03,rent-payment-mortgage,2042.29,housing,simulated_bank_transactions_uk
2024-05-31,CARD PAYMENT NHS ONLINE PURCHASE 600425,247.84,other,simulated_bank_transactions_uk
2024-12-14,pos morrisons fruit 366145,98.46,groceries,simulated_bank_transactions_uk
2023-03-27,Pos Direct Debit Google *services 850495,24.31,subscriptions,simulated_bank_transactions_uk
2024-02-21,POS RESTAURANT PRET RESTAURANT 730088,112.44,dining,simulated_bank_transactions_uk
2023-09-02,RENT PMT LETTING AGENT 961456,1205.53,housing,simulated_bank_transactions_uk
2024-11-16,RESTAURANT STARBUCKS RESTAURANT 822140,7.47,dining,simulated_bank_transactions_uk
2024-08-20,Bill/Pmt/E.on 81790,226.61,utilities,simulated_bank_transactions_uk
2023-05-22,Card Payment Sainsburys Cereal 188615,95.43,groceries,simulated_bank_transactions_uk
2024-01-15,RENT PAYMENT LANDLORD 939,936.67,housing,simulated_bank_transactions_uk
2023-03-14,CARD CARD PMT MCDONALDS RESTAURANT 822200,138.36,dining,simulated_bank_transactions_uk
2023-10-31,Bill Payment Scottishpower 396758,149.77,utilities,simulated_bank_transactions_uk
2024-09-19,card pmt bolt bus pass 551555,98.33,transportation,simulated_bank_transactions_uk
2023-03-24,fuel shell train ticket 525001,110.7,transportation,simulated_bank_transactions_uk
2023-02-26,card*payment*pret*food*delivery 315067,119.04,dining,simulated_bank_transactions_uk
2023-04-24,CARD PAYMENT SHELL BUS PASS,124.54,transportation,simulated_bank_transactions_uk
2024-01-10,utility bill bt,170.5,utilities,simulated_bank_transactions_uk
2024-07-28,bill pmt thames water 436997,190.65,utilities,simulated_bank_transactions_uk
2023-12-09,CARD PAYMENT KFC FAST FOOD 686173,26.45,dining,simulated_bank_transactions_uk
2024-08-17,contactless sainsburys bread,131.56,groceries,simulated_bank_transactions_uk
2023-08-19,rent pmt mortgage 107223,975.18,housing,simulated_bank_transactions_uk
2024-03-09,Pos Bill Payment Ee 351267,143.34,utilities,simulated_bank_transactions_uk
2024-04-08,BILL PMT O2 460693,112.61,utilities,simulated_bank_transactions_uk
2024-04-26,fuel bp car maintenance 161778,116.48,transportation,simulated_bank_transactions_uk
2024-01-12,Restaurant/Starbucks/Food/Delivery 403537,75.06,dining,simulated_bank_transactions_uk
2024-04-13,Subscription/Amazon/Prime 867042,11.72,subscriptions,simulated_bank_transactions_uk
2023-10-23,CONTACTLESS MORRISONS FRUIT 40280,180.1,groceries,simulated_bank_transactions_uk
2023-10-10,Card Payment Nhs Online Purchase 84854,30.01,other,simulated_bank_transactions_uk
2023-07-29,Contactless-Waitrose-Eggs 343394,101.78,groceries,simulated_bank_transactions_uk
2024-11-29,visa-fuel-bolt-uber-ride 760459,42.46,transportation,simulated_bank_transactions_uk
2024-03-06,FUEL TFL TRAIN TICKET 886510,67.4,transportation,simulated_bank_transactions_uk
2023-03-06,Card Payment Uber Uber Ride 420273,42.23,transportation,simulated_bank_transactions_uk
2024-06-16,sto card payment waitrose rice 330207,167.81,groceries,simulated_bank_transactions_uk
2024-11-02,RESTAURANT PRET CAFE 984138,94.7,dining,simulated_bank_transactions_uk
2024-11-12,card pmt greggs food delivery 426006,80.35,dining,simulated_bank_transactions_uk
2024-08-03,RESTAURANT-KFC-CAFE 895643,75.99,dining,simulated_bank_transactions_uk
2023-09-24,bacs/pos/sainsburys/chic,38.49,groceries,simulated_bank_transactions_uk
2023-02-18,pos tesco vegetables,194.29,groceries,simulated_bank_transactions_uk
2023-06-20,pos sainsburys chicken,93.91,groceries,simulated_bank_transactions_uk
2023-10-20,card-pmt-kfc-fast-food,115.33,dining,simulated_bank_transactions_uk
2024-12-10,Pos Aldi Eggs 235662,168.67,groceries,simulated_bank_transactions_uk
2023-04-30,Mortgage Pmt Rent 534595,899.94,housing,simulated_bank_transactions_uk
2024-03-27,Card Payment Morrisons Vegetables 484694,117.03,groceries,simulated_bank_transactions_uk
2024-12-25,MASTERCARD DIRECT DEBIT E.O,73.21,utilities,simulated_bank_transactions_uk
2023-06-01,Contactless Waitrose Vegetables 676609,195.71,groceries,simulated_bank_transactions_uk
2024-06-30,UTILITY BILL SKY 165134,254.23,utilities,simulated_bank_transactions_uk
2024-05-26,contactless direct debit severn trent 417798,120.07,utilities,simulated_bank_transactions_uk
2023-06-09,Direct Debit Google *services 960964,42.04,subscriptions,simulated_bank_transactions_uk
2023-10-30,pos asda vegetables,131.21,groceries,simulated_bank_transactions_uk
2024-08-10,Transport National Rail Bus Pass 80,135.81,transportation,simulated_bank_transactions_uk
2023-04-26,FOOD DELIVERY COSTA CAFE,57.5,dining,simulated_bank_transactions_uk
2024-07-18,Restaurant Mcdonalds Restaurant 642963,26.61,dining,simulated_bank_transactions_uk
2023-08-14,Card-Pmt-Tesco-Milk 618947,83.32,groceries,simulated_bank_transactions_uk
2024-09-14,Card Pmt Trainline Uber Ride 331489,47.04,transportation,simulated_bank_transactions_uk
2023-10-12,Restaurant/Kfc/Fast/Food 608716,126.1,dining,simulated_bank_transactions_uk
2024-04-01,FPS POS ALDI BREAD,109.99,groceries,simulated_bank_transactions_uk
2024-02-08,Contactless Food Delivery Greggs Restaurant 609358,156.26,dining,simulated_bank_transactions_uk
2024-06-07,pos aldi vegetables 688973,122.62,groceries,simulated_bank_transactions_uk
2023-06-01,Rent/Pmt/Mortgage,1209.65,housing,simulated_bank_transactions_uk
2024-01-17,food delivery mcdonalds cafe 172869,62.29,dining,simulated_bank_transactions_uk
2024-04-01,Card Card Payment Aldi Vegetable,73.51,groceries,simulated_bank_transactions_uk
2024-03-30,rent payment letting agent,984.33,housing,simulated_bank_transactions_uk
2023-10-23,CARD PMT JUST EAT CAFE 407722,129.57,dining,simulated_bank_transactions_uk
2024-02-29,Contactless Aldi Fruit,147.08,groceries,simulated_bank_transactions_uk
2023-11-07,SO POS ASDA BREAD,33.01,groceries,simulated_bank_transactions_uk
2023-03-09,So Card Pmt Shell Car Maintenance 652244,138.16,transportation,simulated_bank_transactions_uk
2023-04-01,Bacs Rent Rent 481093,1821.98,housing,simulated_bank_transactions_uk
2024-07-23,POS POS WAITROSE CHICKEN,85.83,groceries,simulated_bank_transactions_uk
2023-05-21,Card Payment Shell Car Maintenance 589683,106.22,transportation,simulated_bank_transactions_uk
2024-05-17,card pmt asda frui,61.45,groceries,simulated_bank_transactions_uk
2023-11-08,pos waitrose chicken 315787,167.74,groceries,simulated_bank_transactions_uk
2023-01-03,Fuel*National*Rail*Fuel,32.98,transportation,simulated_bank_transactions_uk
2024-10-13,POS-WAITROSE-CHICKEN 747376,191.43,groceries,simulated_bank_transactions_uk
2024-05-18,FUEL-NATIONAL-RAIL-BUS-PASS 130737,59.57,transportation,simulated_bank_transactions_uk
2023-05-03,contactless bacs landlord rent,1029.36,housing,simulated_bank_transactions_uk
2023-03-10,Card*Pmt*Spotify,44.77,subscriptions,simulated_bank_transactions_uk
2024-08-02,CARD PMT STARBUCKS FOOD DELIVER,95.07,dining,simulated_bank_transactions_uk
2024-05-02,card payment shell bus pass,88.66,transportation,simulated_bank_transactions_uk
2024-08-12,CARD/PAYMENT/ARGOS/ONLINE/PURCHASE 863113,95.18,other,simulated_bank_transactions_uk
2023-03-01,Card Payment Lidl Chicken,36.76,groceries,simulated_bank_transactions_uk
2023-05-19,Pos Contactless Iceland Cereal,176.27,groceries,simulated_bank_transactions_uk
2024-03-05,BILL PMT E.ON,89.08,utilities,simulated_bank_transactions_uk
2023-10-26,restaurant-uber-eats-food-delivery 605625,12.55,dining,simulated_bank_transactions_uk
2024-10-05,VISA FUEL TRAINLINE UBER RIDE,72.91,transportation,simulated_bank_transactions_uk
2023-06-21,pos asda bread,121.76,groceries,simulated_bank_transactions_uk
2024-12-02,card payment tfl bus pass,116.1,transportation,simulated_bank_transactions_uk
2024-12-05,DIRECT DEBIT GYM GROUP 371334,32.1,subscriptions,simulated_bank_transactions_uk
2023-05-28,Utility Bill Sky 455341,161.31,utilities,simulated_bank_transactions_uk
2024-05-11,POS-TESCO-CHICKEN 293896,77.74,groceries,simulated_bank_transactions_uk
2023-06-08,card payment tfl train ticket 722872,16.13,transportation,simulated_bank_transactions_uk
2024-07-26,pos/card/pmt/esso/train/ticket 404263,111.72,transportation,simulated_bank_transactions_uk
2023-03-20,direct debit food delivery just eat restaurant 691271,69.69,dining,simulated_bank_transactions_uk
2024-05-06,Sto-Contactless-Aldi-Eggs 257161,185.06,groceries,simulated_bank_transactions_uk
2024-03-28,Utility Bill Sky 724137,57.67,utilities,simulated_bank_transactions_uk
2023-12-17,POS BACS MORTGAGE RENT,1460.84,housing,simulated_bank_transactions_uk
2023-05-02,Contactless Aldi Chicken 375223,10.61,groceries,simulated_bank_transactions_uk
2023-11-11,contactless iceland eggs 796792,139.17,groceries,simulated_bank_transactions_uk
2024-03-11,card payment waitrose eggs 940445,196.32,groceries,simulated_bank_transactions_uk
2024-05-10,card payment starbucks restaurant 576215,17.05,dining,simulated_bank_transactions_uk
2023-02-03,MASTERCARD*SUBSCRIPTION*DISNEY+ 295032,12.05,subscriptions,simulated_bank_transactions_uk
2024-04-25,SUBSCRIPTION-PUREGYM,28.32,subscriptions,simulated_bank_transactions_uk
2023-11-05,pos lidl chicken 7665,13.44,groceries,simulated_bank_transactions_uk
2024-09-08,CARD PMT DELIVEROO RESTAURANT 604638,126.27,dining,simulated_bank_transactions_uk
2023-12-26,Contactless Morrisons Rice 775793,41.03,groceries,simulated_bank_transactions_uk
2023-10-12,CARD/CONTACTLESS/TESCO/EGGS 220226,169.94,groceries,simulated_bank_transactions_uk
2024-05-27,MORTGAGE PAYMENT LETTING AGENT,1195.92,housing,simulated_bank_transactions_uk
2024-08-06,card pmt google *services,13.91,subscriptions,simulated_bank_transactions_uk
2023-07-16,pos morrisons milk,108.12,groceries,simulated_bank_transactions_uk
2024-07-04,mastercard card payment argos misc expense 749365,225.71,other,simulated_bank_transactions_uk
2024-05-31,card payment waitrose bread 471872,185.23,groceries,simulated_bank_transactions_uk
2024-08-26,MORTGAGE PMT MOR,1218.02,housing,simulated_bank_transactions_uk
2023-12-30,Card/Pmt/Aldi/Bread,40.27,groceries,simulated_bank_transactions_uk
2023-08-22,Online Purchase Ebay G,55.93,other,simulated_bank_transactions_uk
2023-04-23,transport uber bus pass,19.06,transportation,simulated_bank_transactions_uk
2024-12-22,card/payment/trainline/fuel 515335,107.19,transportation,simulated_bank_transactions_uk
2024-05-20,DIRECT*DEBIT*SCOTTISHPOWER 756939,44.33,utilities,simulated_bank_transactions_uk
2023-11-16,Contactless Sainsburys Chicken 35714,94.1,groceries,simulated_bank_transactions_uk
2024-02-22,Food/Delivery/Pret/Cafe,40.01,dining,simulated_bank_transactions_uk
2023-03-13,direct debit bt 938735,69.36,utilities,simulated_bank_transactions_uk
2024-01-12,Rent Payment Letting Agent,2105.58,housing,simulated_bank_transactions_uk
2024-02-10,So Card Pmt Aldi Cereal 500938,136.06,groceries,simulated_bank_transactions_uk
2024-02-09,TRANSPORT TRAINLINE UBER RIDE 398877,18.45,transportation,simulated_bank_transactions_uk
2023-06-22,VISA/CARD/PAYMENT/BP/CAR/MAINTENANCE 668594,136.9,transportation,simulated_bank_transactions_uk
2024-09-01,contactless waitrose rice 157524,71.03,groceries,simulated_bank_transactions_uk
2024-03-10,direct debit amazon prime,9.03,subscriptions,simulated_bank_transactions_uk
2024-08-18,FOOD*DELIVERY*PRET*FOOD*DELIVERY 645044,123.55,dining,simulated_bank_transactions_uk
2024-11-13,Restaurant Uber Eats Cafe,60.2,dining,simulated_bank_transactions_uk
2024-06-07,CARD*PAYMENT*MCDONALDS*CAFE 555251,158.07,dining,simulated_bank_transactions_uk
2023-09-14,Utility Bill Ee 575071,50.39,utilities,simulated_bank_transactions_uk
2023-05-18,Transport Esso Train Ticket 281808,88.72,transportation,simulated_bank_transactions_uk
2024-05-25,POS-SAINSBURYS-MILK 1,166.91,groceries,simulated_bank_transactions_uk
2024-11-26,Contactless*Restaurant*Mcdonalds*Fast*Food,64.31,dining,simulated_bank_transactions_uk
2023-04-09,Direct Debit Utility Bill Thames Water 423868,171.16,utilities,simulated_bank_transactions_uk
2024-04-22,Direct Debit Google *services 89716,35.47,subscriptions,simulated_bank_transactions_uk
2023-09-25,card pmt aldi cereal 961783,100.6,groceries,simulated_bank_transactions_uk
2023-02-02,fuel uber car maintenance 289812,77.43,transportation,simulated_bank_transactions_uk
2023-11-19,pos purchase argos online purchase,97.76,other,simulated_bank_transactions_uk
2023-02-03,Rent-Payment-Landlord 927396,1362.47,housing,simulated_bank_transactions_uk
2023-06-18,Contactless*Morrisons*Chicken 757287,177.52,groceries,simulated_bank_transactions_uk
2024-02-03,FUEL TRAINLINE TRAIN TICKET 208607,45.12,transportation,simulated_bank_transactions_uk
2024-05-17,CARD PMT NATIONAL RAIL UBER RIDE 81573,80.5,transportation,simulated_bank_transactions_uk
2023-06-10,food delivery uber eats cafe 526004,78.77,dining,simulated_bank_transactions_uk
2024-08-28,Visa Transport Tfl Fuel 436182,38.35,transportation,simulated_bank_transactions_uk
2023-10-19,bacs online purchase argos electronics 765685,170.09,other,simulated_bank_transactions_uk
2023-05-12,Direct Debit Bt 640361,163.76,utilities,simulated_bank_transactions_uk
2024-08-20,SUBSCRIPTION-DISNEY+ 307439,37.19,subscriptions,simulated_bank_transactions_uk
2024-03-14,CONTACTLESS*MORRISONS*VEGETABLES 855533,79.21,groceries,simulated_bank_transactions_uk
2023-02-27,FPS UTILITY BILL SCOTTISHPOWER,121.8,utilities,simulated_bank_transactions_uk
2023-11-16,CARD PMT GREGGS FAST FOOD 831505,41.37,dining,simulated_bank_transactions_uk
2023-04-28,Restaurant Deliveroo Restaurant 136042,139.69,dining,simulated_bank_transactions_uk
2023-02-08,DIRECT DEBIT BRITISH GAS 418155,151.53,utilities,simulated_bank_transactions_uk
2024-03-07,FPS TRANSPORT TRAINLINE FUEL 185033,80.39,transportation,simulated_bank_transactions_uk
2023-11-21,bacs bill pmt thames water 889596,163.18,utilities,simulated_bank_transactions_uk
2023-04-11,Utility Bill Ee 43301,100.77,utilities,simulated_bank_transactions_uk
2023-07-30,Card Payment Apple.com/bill 249958,32.33,subscriptions,simulated_bank_transactions_uk
2024-11-14,UTILITY BILL SKY,215.69,utilities,simulated_bank_transactions_uk
2024-03-22,BILL PAYMENT SEVERN TRENT 74,95.39,utilities,simulated_bank_transactions_uk
2024-07-02,Contactless Aldi Bread 847541,168.87,groceries,simulated_bank_transactions_uk
2024-08-10,Contactless Morrisons Chicken 797387,14.27,groceries,simulated_bank_transactions_uk
2023-04-05,direct debit transport esso train ticket 155069,88.19,transportation,simulated_bank_transactions_uk
2023-10-07,Restaurant Nando's Restaurant,96.74,dining,simulated_bank_transactions_uk
2023-12-22,POS*POS*ASDA*CEREAL 588043,88.29,groceries,simulated_bank_transactions_uk
2023-11-04,direct debit netflix 801893,24.69,subscriptions,simulated_bank_transactions_uk
2024-02-29,pos fuel tfl car maintenance,45.24,transportation,simulated_bank_transactions_uk
2024-11-18,Card Pmt Uber Car Maintenance 589411,73.12,transportation,simulated_bank_transactions_uk
2024-10-04,Subscription/Apple.com/bill,40.12,subscriptions,simulated_bank_transactions_uk
2023-08-07,Restaurant-Starbucks-Fast-Food 154734,94.41,dining,simulated_bank_transactions_uk
2024-10-15,card pmt greggs cafe,46.53,dining,simulated_bank_transactions_uk
2024-03-20,Card/Payment/Esso/Car/Maintenance,119.68,transportation,simulated_bank_transactions_uk
2024-06-18,Rent Pmt Letting Agent 617155,1621.48,housing,simulated_bank_transactions_uk
2023-06-04,CONTACTLESS/ALDI/CEREAL,33.81,groceries,simulated_bank_transactions_uk
2024-02-25,restaurant just eat food delivery 801329,135.84,dining,simulated_bank_transactions_uk
2024-02-27,Direct Debit Scottishpower 70439,173.97,utilities,simulated_bank_transactions_uk
2023-09-20,STO UTILITY BILL BRITISH GAS 428599,176.82,utilities,simulated_bank_transactions_uk
2023-04-27,Card-Pmt-Just-Eat-Fast-Food 294391,67.91,dining,simulated_bank_transactions_uk
2023-11-14,card*pmt*iceland*milk,52.89,groceries,simulated_bank_transactions_uk
2024-03-08,fuel bp car maintenance 915828,138.8,transportation,simulated_bank_transactions_uk
2023-10-07,restaurant deliveroo restaurant 816519,36.31,dining,simulated_bank_transactions_uk
2023-10-12,POS CONTACTLESS MORRISONS CHICKEN 140110,158.99,groceries,simulated_bank_transactions_uk
2023-02-13,BACS RESTAURANT COSTA FAST FOOD 12158,104.87,dining,simulated_bank_transactions_uk
2023-02-26,CARD*ONLINE*PURCHASE*ARGOS*GIFT 539228,196.21,other,simulated_bank_transactions_uk
2023-11-02,rent pmt letting agent,1136.55,housing,simulated_bank_transactions_uk
2024-11-18,Mortgage-Pmt-Letting-Agent 907098,2040.0,housing,simulated_bank_transactions_uk
2023-05-24,CARD*PAYMENT*JUST*EAT*RESTAURANT 263276,66.52,dining,simulated_bank_transactions_uk
2024-08-17,Card Payment Morrisons Bread 539329,106.78,groceries,simulated_bank_transactions_uk
2023-04-03,Rent Payment Landlord,1040.3,housing,simulated_bank_transactions_uk
2023-11-17,Pos Asda Bread 357660,155.77,groceries,simulated_bank_transactions_uk
2023-08-30,Bacs/Utility/Bill/O2,198.25,utilities,simulated_bank_transactions_uk
2023-06-29,bacs landlord ren,873.63,housing,simulated_bank_transactions_uk
2023-09-18,Card Payment Morrisons Chicken,90.7,groceries,simulated_bank_transactions_uk
2024-01-19,BACS MORTGAGE RENT 151606,1410.06,housing,simulated_bank_transactions_uk
2024-03-09,card*payment*mcdonalds*restaurant 692593,54.06,dining,simulated_bank_transactions_uk
2023-05-29,Fuel Shell Train Ticket 77401,134.94,transportation,simulated_bank_transactions_uk
2023-01-22,direct debit e.on 42350,218.02,utilities,simulated_bank_transactions_uk
2024-11-09,Sto Food Delivery Just Eat Restaurant,135.43,dining,simulated_bank_transactions_uk
2024-11-18,Direct*Debit*Netflix,32.32,subscriptions,simulated_bank_transactions_uk
2024-12-18,CONTACTLESS ALDI FRUIT,65.31,groceries,simulated_bank_transactions_uk
2023-08-31,UTILITY BILL EE 481127,150.7,utilities,simulated_bank_transactions_uk
2024-02-07,CARD BACS RENT RENT 501801,662.19,housing,simulated_bank_transactions_uk
2023-08-30,Rent Pmt Landlord 659315,1116.38,housing,simulated_bank_transactions_uk
2024-10-08,BILL PMT O2,240.23,utilities,simulated_bank_transactions_uk
2023-10-08,DIRECT DEBIT E.ON 675554,210.49,utilities,simulated_bank_transactions_uk
2024-02-27,Mortgage Payment Ren,1380.19,housing,simulated_bank_transactions_uk
2023-04-13,mortgage pmt letting agent 706703,1761.95,housing,simulated_bank_transactions_uk
2023-12-27,card payment apple.com/bill 980612,24.76,subscriptions,simulated_bank_transactions_uk
2024-04-09,Direct Debit Fuel Esso Car Maintenance 259604,103.81,transportation,simulated_bank_transactions_uk
2023-07-08,Food/Delivery/Mcdonalds/Restaurant 946310,104.41,dining,simulated_bank_transactions_uk
2023-07-24,Mastercard Restaurant Nando's Fast Food 799488,5.48,dining,simulated_bank_transactions_uk
2023-04-24,Card/Pmt/Deliveroo/Food/Delivery,94.25,dining,simulated_bank_transactions_uk
2024-12-03,Pos*Waitrose*Eggs 27905,170.16,groceries,simulated_bank_transactions_uk
2023-05-17,Fuel Esso Bus Pass 337007,64.31,transportation,simulated_bank_transactions_uk
2023-10-16,pos bill pmt sky,219.29,utilities,simulated_bank_transactions_uk
2024-02-07,POS-SAINSBURYS-FRUIT 283207,76.68,groceries,simulated_bank_transactions_uk
2023-01-24,MORTGAGE PAYMENT RENT 344687,997.96,housing,simulated_bank_transactions_uk
2023-08-23,Bacs Landlord Rent 887964,1598.6,housing,simulated_bank_transactions_uk
2024-12-19,rent-pmt-rent,957.31,housing,simulated_bank_transactions_uk
2024-03-15,DIRECT DEBIT MORTGAGE PAYMENT RENT 128940,1271.6,housing,simulated_bank_transactions_uk
2024-01-12,Restaurant Just Eat Fast Food 379521,18.8,dining,simulated_bank_transactions_uk
2024-06-22,Card Payment Waitrose Bread,7.75,groceries,simulated_bank_transactions_uk
2024-05-21,transport bp fuel,116.16,transportation,simulated_bank_transactions_uk
2023-09-30,direct debit card payment aldi rice,42.16,groceries,simulated_bank_transactions_uk
2024-03-17,Bill-Pmt-Sky 136158,114.79,utilities,simulated_bank_transactions_uk
2023-10-17,RENT PMT RENT 42316,984.13,housing,simulated_bank_transactions_uk
2024-02-23,Restaurant/Greggs/Fast/Food 920990,69.84,dining,simulated_bank_transactions_uk
2023-09-26,visa direct debit spotify 665186,15.9,subscriptions,simulated_bank_transactions_uk
2024-01-14,CONTACTLESS ASDA CEREAL 405567,181.93,groceries,simulated_bank_transactions_uk
2024-04-25,Card Pmt Deliveroo Cafe 943532,18.29,dining,simulated_bank_transactions_uk
2024-02-12,CONTACTLESS-ICELAND-VEGETABLES,195.01,groceries,simulated_bank_transactions_uk
2024-09-03,mastercard restaurant mcdonalds cafe 570759,114.81,dining,simulated_bank_transactions_uk
2023-02-23,MASTERCARD UTILITY BILL OCTOPUS ENERGY,155.89,utilities,simulated_bank_transactions_uk
2023-12-29,Visa Bill Payment Sky 514317,135.67,utilities,simulated_bank_transactions_uk
2023-02-16,Pos Purchase Nhs Electronics,178.26,other,simulated_bank_transactions_uk
2024-02-09,pos asda fruit 659227,63.99,groceries,simulated_bank_transactions_uk
2024-07-26,Restaurant Mcdonalds Fast Food 814189,155.05,dining,simulated_bank_transactions_uk
2024-05-30,card payment iceland eggs 461887,55.76,groceries,simulated_bank_transactions_uk
2023-05-16,TRANSPORT ESSO BUS PASS,123.15,transportation,simulated_bank_transactions_uk
2023-04-30,card pos asda fruit 777989,32.65,groceries,simulated_bank_transactions_uk
2023-10-15,Direct Debit E.on 248749,142.31,utilities,simulated_bank_transactions_uk
2023-09-27,card payment mcdonalds cafe,48.85,dining,simulated_bank_transactions_uk
2024-03-22,card pmt just eat food delivery 676918,85.13,dining,simulated_bank_transactions_uk
2024-05-18,RENT PAYMENT MORTGAGE 274718,1792.15,housing,simulated_bank_transactions_uk
2024-11-04,Fps Card Payment Puregym 3818,26.78,subscriptions,simulated_bank_transactions_uk
2023-06-02,DIRECT DEBIT RESTAURANT MCDONALDS CAFE 553599,13.25,dining,simulated_bank_transactions_uk
2023-09-24,Pos/Sainsburys/Eggs 30442,11.99,groceries,simulated_bank_transactions_uk
2024-05-21,Pos Sainsburys Cereal 1826,90.1,groceries,simulated_bank_transactions_uk
2024-07-28,Contactless Aldi Vegetables 531490,197.82,groceries,simulated_bank_transactions_uk
2023-06-01,Card Payment Esso Fuel 375723,17.52,transportation,simulated_bank_transactions_uk
2023-10-18,Contactless*Pos*Morrisons*Bread 855246,44.73,groceries,simulated_bank_transactions_uk
2023-10-07,Card Pos Waitrose Eggs 974641,151.24,groceries,simulated_bank_transactions_uk
2023-01-05,Card Payment Pret Fast Food 26197,95.45,dining,simulated_bank_transactions_uk
2023-03-20,Card/Pmt/Uber/Car/Maintenance,26.92,transportation,simulated_bank_transactions_uk
2023-12-03,pos iceland cereal 418,137.0,groceries,simulated_bank_transactions_uk
2024-08-27,fps pos asda bread 121760,81.86,groceries,simulated_bank_transactions_uk
2023-06-07,RENT PAYMENT RENT 648504,1947.31,housing,simulated_bank_transactions_uk
2024-11-06,Pos Iceland Cereal,166.99,groceries,simulated_bank_transactions_uk
2023-01-06,transport uber bus pass 478462,84.0,transportation,simulated_bank_transactions_uk
2024-04-08,CONTACTLESS BILL PAYMENT SKY,179.2,utilities,simulated_bank_transactions_uk
2023-02-19,Utility Bill Sky 142174,55.39,utilities,simulated_bank_transactions_uk
2023-02-26,STO DIRECT DEBIT APPLE.COM/BILL,17.25,subscriptions,simulated_bank_transactions_uk
2023-09-19,CARD PAYMENT STARBUCKS CAFE 135430,19.35,dining,simulated_bank_transactions_uk
2023-08-02,FPS*POS*ICELAND*FRUIT,22.39,groceries,simulated_bank_transactions_uk
2024-10-31,CARD PMT WAITROSE FRUIT 79589,60.56,groceries,simulated_bank_transactions_uk
2024-03-18,Pos Asda Chicken 170820,100.71,groceries,simulated_bank_transactions_uk
2024-09-09,Sto Restaurant Just Eat Food Delivery,145.08,dining,simulated_bank_transactions_uk
2024-06-08,CONTACTLESS MORRISONS BREAD 992064,167.25,groceries,simulated_bank_transactions_uk
2024-05-02,CARD PMT WAITROSE CEREAL 8945,177.66,groceries,simulated_bank_transactions_uk
2024-03-08,Visa Direct Debit Thames Water 521499,124.42,utilities,simulated_bank_transactions_uk
2024-10-07,direct*debit*puregym 817190,11.64,subscriptions,simulated_bank_transactions_uk
2024-04-19,Card Pmt Shell Uber Ride 850438,72.84,transportation,simulated_bank_transactions_uk
2024-06-23,Visa Card Payment Starbucks Fast Food 41611,149.25,dining,simulated_bank_transactions_uk
2024-03-23,BACS FOOD DELIVERY STARBUCKS RESTAURANT 445392,50.06,dining,simulated_bank_transactions_uk
2023-05-11,Contactless Tesco Cereal 32962,63.58,groceries,simulated_bank_transactions_uk
2024-06-19,RESTAURANT*NANDO'S*FOOD*DELIVERY 57500,135.44,dining,simulated_bank_transactions_uk
2023-03-20,Card-Payment-Uber-Car-Maintenance 210185,8.59,transportation,simulated_bank_transactions_uk
2024-03-11,sto-rent-payment-landlord 738576,816.83,housing,simulated_bank_transactions_uk
2024-08-05,SO/CARD/PAYMENT/BOLT/FUEL 165190,93.2,transportation,simulated_bank_transactions_uk
2023-03-25,direct-debit-puregym 551099,14.45,subscriptions,simulated_bank_transactions_uk
2024-11-08,Visa Card Pmt Disney+ 326689,8.67,subscriptions,simulated_bank_transactions_uk
2023-02-16,sto transport tfl train,118.32,transportation,simulated_bank_transactions_uk
2024-04-10,Contactless-Aldi-Chicken 331350,66.22,groceries,simulated_bank_transactions_uk
2023-09-29,Sto-Direct-Debit-Spotify 627978,29.58,subscriptions,simulated_bank_transactions_uk
2023-03-22,Utility*Bill*Vodafone 854189,74.6,utilities,simulated_bank_transactions_uk
2023-04-19,Bacs*Food*Delivery*Uber*Eats*Food*Delivery 52489,140.1,dining,simulated_bank_transactions_uk
2023-04-30,Transport Bolt Uber Ride 723347,2.81,transportation,simulated_bank_transactions_uk
2024-02-19,contactless-aldi-cereal 452712,94.73,groceries,simulated_bank_transactions_uk
2024-05-13,rent payment landlord 180860,1582.93,housing,simulated_bank_transactions_uk
2024-11-20,Direct Debit Vodafone 273096,109.77,utilities,simulated_bank_transactions_uk
2023-03-31,Card Pmt Ebay Gift 928938,201.75,other,simulated_bank_transactions_uk
2023-01-17,Fps Pos Iceland Milk 657367,42.21,groceries,simulated_bank_transactions_uk
2023-08-03,Food Delivery Greggs Fast Food,138.15,dining,simulated_bank_transactions_uk
2024-03-22,mastercard fuel bolt train ticket 539071,91.66,transportation,simulated_bank_transactions_uk
2023-11-05,card pmt amazon prime 65712,11.83,subscriptions,simulated_bank_transactions_uk
2023-01-23,card payment apple.com/bill,23.43,subscriptions,simulated_bank_transactions_uk
2024-03-31,card payment lidl eggs 980525,149.06,groceries,simulated_bank_transactions_uk
2024-04-05,online purchase nhs gift,7.85,other,simulated_bank_transactions_uk
2024-02-06,FOOD-DELIVERY-STARBUCKS-FAST-FOOD 124641,50.7,dining,simulated_bank_transactions_uk
2024-12-31,BACS CONTACTLESS SAINSBURYS MILK 186628,25.02,groceries,simulated_bank_transactions_uk
2024-08-15,Card Pmt Uber Fuel,119.11,transportation,simulated_bank_transactions_uk
2024-02-14,Card Pmt Starbucks Food Delivery,10.74,dining,simulated_bank_transactions_uk
2024-11-25,Card Payment Bp Car Maintenance 537556,102.0,transportation,simulated_bank_transactions_uk
2023-03-04,DIRECT-DEBIT-MORTGAGE-PAYMENT-RENT 255969,1009.45,housing,simulated_bank_transactions_uk
2024-07-20,Sto Card Payment Bp Fuel 420567,81.54,transportation,simulated_bank_transactions_uk
2023-04-30,CONTACTLESS*LIDL*FRUIT 790467,178.38,groceries,simulated_bank_transactions_uk
2024-03-22,CARD/PAYMENT/TRAINLINE/BUS/PASS,63.87,transportation,simulated_bank_transactions_uk
2024-04-25,Card Payment Lidl Chicken 224707,146.61,groceries,simulated_bank_transactions_uk
2024-08-24,POS DIRECT DEBIT VODAFONE 818636,144.29,utilities,simulated_bank_transactions_uk
2024-11-03,RENT/PMT/RENT 647216,2078.69,housing,simulated_bank_transactions_uk
2024-02-04,Fuel*Shell*Bus*Pass 67248,101.77,transportation,simulated_bank_transactions_uk
2023-06-15,ONLINE PURCHASE NHS PHARMACY 952638,199.61,other,simulated_bank_transactions_uk
2023-03-30,mastercard restaurant starbucks food delivery,112.06,dining,simulated_bank_transactions_uk
2023-06-10,Restaurant Kfc Fast Food 647413,31.86,dining,simulated_bank_transactions_uk
2024-05-20,card*pmt*uber*eats*restaurant 723142,127.99,dining,simulated_bank_transactions_uk
2023-01-19,Bill Pmt Octopus Energy 131145,155.86,utilities,simulated_bank_transactions_uk
2023-06-12,Fps*Utility*Bill*Bt,108.91,utilities,simulated_bank_transactions_uk
2023-12-12,VISA POS SAINSBURYS MILK,162.33,groceries,simulated_bank_transactions_uk
2024-07-29,transport bp car maintenance 540668,33.28,transportation,simulated_bank_transactions_uk
2023-12-30,CARD-PAYMENT-WAITROSE-CHICKEN,198.76,groceries,simulated_bank_transactions_uk
2023-06-04,subscription apple.com/bill,14.97,subscriptions,simulated_bank_transactions_uk
2023-04-17,mortgage pmt mortgage 861032,1586.65,housing,simulated_bank_transactions_uk
2023-04-24,restaurant greggs cafe 31601,128.84,dining,simulated_bank_transactions_uk
2023-04-15,So/Pos/Purchase/Boots/Electronics 821228,153.58,other,simulated_bank_transactions_uk
2023-06-21,DIRECT DEBIT GYM,24.8,subscriptions,simulated_bank_transactions_uk
2023-06-10,VISA FOOD DELIVERY COSTA FAST FOOD 898135,146.2,dining,simulated_bank_transactions_uk
2024-05-25,fps card pmt mcdonalds cafe 497970,123.1,dining,simulated_bank_transactions_uk
2024-01-08,RESTAURANT MCDONALDS RESTAURANT 955958,28.92,dining,simulated_bank_transactions_uk
2023-07-26,BILL PMT EE 114610,53.9,utilities,simulated_bank_transactions_uk
2023-01-07,CARD PMT BP FUEL 625452,108.15,transportation,simulated_bank_transactions_uk
2024-06-01,CARD*PAYMENT*WAITROSE*CEREAL,71.56,groceries,simulated_bank_transactions_uk
2024-02-29,Pos-Morrisons-Chicken 797626,77.63,groceries,simulated_bank_transactions_uk
2024-06-26,direct debit severn,60.63,utilities,simulated_bank_transactions_uk
2024-03-15,FUEL SHELL TRAIN TICKET 130400,21.04,transportation,simulated_bank_transactions_uk
2024-06-12,fuel uber fuel,125.93,transportation,simulated_bank_transactions_uk
2024-03-29,DIRECT DEBIT GYM GROUP,42.69,subscriptions,simulated_bank_transactions_uk
2024-06-13,POS SAINSBURYS MILK 808142,144.94,groceries,simulated_bank_transactions_uk
2024-02-16,Bacs Mortgage Rent 697776,1174.37,housing,simulated_bank_transactions_uk
2024-02-07,so pos purchase argos misc expense,110.22,other,simulated_bank_transactions_uk
2023-03-01,CARD PAYMENT GOOGLE *SERVICES 406824,41.0,subscriptions,simulated_bank_transactions_uk
2024-03-05,POS PURCHASE AMAZON ELECTRONICS,243.25,other,simulated_bank_transactions_uk
2023-11-18,Fuel/Shell/Car/Mai,122.55,transportation,simulated_bank_transactions_uk
2024-06-24,bacs rent rent 9,1931.86,housing,simulated_bank_transactions_uk
2024-04-01,Card Pmt Costa Fast Food,113.55,dining,simulated_bank_transactions_uk
2024-10-26,food delivery kfc cafe 823375,113.11,dining,simulated_bank_transactions_uk
2023-03-28,STO FUEL TFL TRAIN TICKET,123.57,transportation,simulated_bank_transactions_uk
2023-05-10,contactless aldi vegetables 540484,81.05,groceries,simulated_bank_transactions_uk
2023-04-06,Card Pmt Tfl Car Maintenance 881537,41.18,transportation,simulated_bank_transactions_uk
2024-10-12,Mastercard Card Pmt National Rail Bus Pass 400862,73.94,transportation,simulated_bank_transactions_uk
2024-07-06,Card Payment Asda Milk 171639,178.61,groceries,simulated_bank_transactions_uk
2023-11-08,Mastercard Food Delivery Kfc Fast Food 411933,134.0,dining,simulated_bank_transactions_uk
2024-01-17,food delivery mcdonalds restaurant 607154,118.46,dining,simulated_bank_transactions_uk
2023-02-18,MASTERCARD DIRECT DEBIT SCOTTISHPOWER 726263,108.3,utilities,simulated_bank_transactions_uk
2024-08-09,visa direct debit puregym 586219,22.4,subscriptions,simulated_bank_transactions_uk
2023-08-30,SO-FOOD-DELIVERY-DELIVEROO-CAFE 98455,57.54,dining,simulated_bank_transactions_uk
2024-10-04,Card Pmt Amazon Prime 536124,27.19,subscriptions,simulated_bank_transactions_uk
2023-10-19,Restaurant Deliveroo Fast Food 331156,59.3,dining,simulated_bank_transactions_uk
2024-06-16,Pos Restaurant Uber Eats Fast Food 789106,115.72,dining,simulated_bank_transactions_uk
2024-08-19,CARD*PMT*MCDONALDS*RESTAURANT 79153,55.82,dining,simulated_bank_transactions_uk
2023-05-31,Card Pmt Tesco Vegetables 14675,93.59,groceries,simulated_bank_transactions_uk
2023-03-05,Restaurant Starbucks Cafe,17.7,dining,simulated_bank_transactions_uk
2024-04-01,TRANSPORT BOLT TRAIN TICKET,67.72,transportation,simulated_bank_transactions_uk
2024-06-15,pos*iceland*fruit 309492,119.71,groceries,simulated_bank_transactions_uk
2024-10-13,sto/card/pmt/gym/group 586136,27.96,subscriptions,simulated_bank_transactions_uk
2024-05-16,CARD*PMT*TRAINLINE*FUEL 476565,97.08,transportation,simulated_bank_transactions_uk
2023-05-28,STO RESTAURANT UBER EATS CAFE 924983,132.69,dining,simulated_bank_transactions_uk
2023-05-13,card payment shell fuel,100.14,transportation,simulated_bank_transactions_uk
2023-05-01,card payment superdrug electronics,216.23,other,simulated_bank_transactions_uk
2023-06-10,Restaurant-Deliveroo-Cafe 194858,78.37,dining,simulated_bank_transactions_uk
2023-05-02,Bacs Rent Rent,2078.63,housing,simulated_bank_transactions_uk
2024-01-14,card payment mcdonalds cafe 56988,22.1,dining,simulated_bank_transactions_uk
2023-05-01,FOOD DELIVERY GREGGS RESTAURANT 308912,86.03,dining,simulated_bank_transactions_uk
2024-05-12,BILL PMT BRITISH GAS 886589,96.27,utilities,simulated_bank_transactions_uk
2024-08-26,POS ICELAND EGGS 739330,32.72,groceries,simulated_bank_transactions_uk
2023-08-09,CARD*PAYMENT*BP*BUS*PASS,124.69,transportation,simulated_bank_transactions_uk
2024-07-14,mastercard contactless waitrose cereal,5.41,groceries,simulated_bank_transactions_uk
2024-08-09,UTILITY*BILL*E.ON 988336,123.13,utilities,simulated_bank_transactions_uk
2024-01-22,Direct Debit Direct Debit Severn Tre,236.57,utilities,simulated_bank_transactions_uk
2023-05-22,Transport Shell Car Maintenance 449165,20.33,transportation,simulated_bank_transactions_uk
2024-11-14,FPS FUEL TFL FUEL 35422,107.11,transportation,simulated_bank_transactions_uk
2024-10-01,FUEL BP BUS PASS,14.33,transportation,simulated_bank_transactions_uk
2024-02-09,food/delivery/nando's/cafe,65.02,dining,simulated_bank_transactions_uk
2024-03-29,utility-bill-vodafone 496155,250.15,utilities,simulated_bank_transactions_uk
2024-12-25,Food Delivery Starbucks Restaurant 498166,139.22,dining,simulated_bank_transactions_uk
2023-05-07,MASTERCARD/CONTACTLESS/ALDI/CHICKEN 589754,114.4,groceries,simulated_bank_transactions_uk
2024-09-25,CONTACTLESS CARD PAYMENT STARBUCKS RESTAURANT,34.83,dining,simulated_bank_transactions_uk
2024-06-18,Fuel Bolt Uber Ride 904918,134.11,transportation,simulated_bank_transactions_uk
2023-01-20,pos-morrisons-cereal,103.01,groceries,simulated_bank_transactions_uk
2023-10-09,contactless-lidl-eggs 145598,192.66,groceries,simulated_bank_transactions_uk
2024-08-16,direct debit google *services 471795,38.02,subscriptions,simulated_bank_transactions_uk
2024-02-16,TRANSPORT SHELL CAR MAINTENAN,85.75,transportation,simulated_bank_transactions_uk
2023-01-24,Fps Restaurant Just Eat Cafe 630238,138.61,dining,simulated_bank_transactions_uk
2024-06-24,direct debit scottishpower 631222,122.51,utilities,simulated_bank_transactions_uk
2023-04-12,Direct Debit British Gas 721096,46.39,utilities,simulated_bank_transactions_uk
2023-09-19,Fuel National Rail Bus Pass 965603,21.88,transportation,simulated_bank_transactions_uk
2024-02-22,Card Payment Spotify 945889,16.58,subscriptions,simulated_bank_transactions_uk
2023-11-30,Bacs Restaurant Uber Eats Restaurant 336027,100.24,dining,simulated_bank_transactions_uk
2023-04-12,contactless lidl milk 617772,63.11,groceries,simulated_bank_transactions_uk
2023-09-22,CONTACTLESS UTILITY BILL SKY 465458,234.86,utilities,simulated_bank_transactions_uk
2023-09-03,Bill Payment E.on 30412,37.19,utilities,simulated_bank_transactions_uk
2024-06-04,SUBSCRIPTION SPOTIFY 319832,13.7,subscriptions,simulated_bank_transactions_uk
2023-10-03,DIRECT/DEBIT/SUBSCRIPTION/NETFLIX 532085,42.92,subscriptions,simulated_bank_transactions_uk
2023-03-09,Pos Aldi Cereal,112.86,groceries,simulated_bank_transactions_uk
2023-01-20,fuel shell fuel 392957,89.43,transportation,simulated_bank_transactions_uk
2023-09-10,DIRECT*DEBIT*SEVERN*TRENT 6066,183.65,utilities,simulated_bank_transactions_uk
2024-02-21,Card Pmt Gym Group 406649,16.49,subscriptions,simulated_bank_transactions_uk
2023-05-26,Card Payment Esso Car Maintenance 729118,30.08,transportation,simulated_bank_transactions_uk
2024-07-04,UTILITY BILL SCOTTISHPOWER,208.78,utilities,simulated_bank_transactions_uk
2023-01-02,card payment currys electronics,114.58,other,simulated_bank_transactions_uk
2023-06-21,Subscription/Netflix,15.86,subscriptions,simulated_bank_transactions_uk
2023-09-14,card payment asda cereal 694624,58.29,groceries,simulated_bank_transactions_uk
2024-10-09,Subscription Disney+ 675392,44.97,subscriptions,simulated_bank_transactions_uk
2024-06-30,CONTACTLESS MORRISONS CHICKEN 958899,13.87,groceries,simulated_bank_transactions_uk
2024-12-16,MASTERCARD CARD PAYMENT GREGGS FOOD DELIVERY 143691,18.91,dining,simulated_bank_transactions_uk
2023-10-14,Card Pmt Tesco Eggs,146.39,groceries,simulated_bank_transactions_uk
2023-11-22,Sto Mortgage Payment Mortgag,1596.19,housing,simulated_bank_transactions_uk
2024-12-25,Mortgage-Payment-Landlord 1,1634.51,housing,simulated_bank_transactions_uk
2023-11-26,FPS TRANSPORT ESSO TRAIN TICKET,93.39,transportation,simulated_bank_transactions_uk
2023-12-03,CARD DIRECT DEBIT EE,250.36,utilities,simulated_bank_transactions_uk
2023-01-03,Contactless Waitrose Eggs 594015,131.06,groceries,simulated_bank_transactions_uk
2024-11-19,direct debit card pmt nando's restaurant,144.72,dining,simulated_bank_transactions_uk
2024-07-05,mastercard contactless iceland cereal,153.68,groceries,simulated_bank_transactions_uk
2024-11-18,Pos Waitrose Bread 575083,110.04,groceries,simulated_bank_transactions_uk
2024-01-21,Fuel-National-Rail-Uber-Ride,50.71,transportation,simulated_bank_transactions_uk
2024-12-14,VISA-SUBSCRIPTION-DISNEY+ 656645,19.86,subscriptions,simulated_bank_transactions_uk
2023-07-17,MASTERCARD CARD PAYMENT CURRYS ONLINE PURCHASE 222692,117.29,other,simulated_bank_transactions_uk
2023-10-15,Transport Trainline Train Ticket,104.55,transportation,simulated_bank_transactions_uk
2024-09-20,Pos/Food/Delivery/Mcdonalds/Food/Delivery 138573,34.68,dining,simulated_bank_transactions_uk
2024-05-20,RESTAURANT DELIVEROO FAST FOOD 753722,41.31,dining,simulated_bank_transactions_uk
2024-12-21,Online Purchase Argos Online Purchase 4026,72.35,other,simulated_bank_transactions_uk
2024-10-15,restaurant pret fast food 613957,6.11,dining,simulated_bank_transactions_uk
2024-05-20,Direct Debit Ee,158.74,utilities,simulated_bank_transactions_uk
2024-08-02,Card Pmt Sainsburys Rice 786461,133.67,groceries,simulated_bank_transactions_uk
2023-05-12,Card Payment Kfc Fast,15.13,dining,simulated_bank_transactions_uk
2024-08-06,Card Payment Starbucks Fast Food 15671,45.24,dining,simulated_bank_transactions_uk
2023-10-08,mortgage pmt letting agent 790727,1779.79,housing,simulated_bank_transactions_uk
2024-12-10,Card*Payment*Tesco*Milk 64380,198.43,groceries,simulated_bank_transactions_uk
2024-04-09,restaurant greggs food delivery,110.51,dining,simulated_bank_transactions_uk
2024-10-27,contactless*lidl*fruit 199991,129.99,groceries,simulated_bank_transactions_uk
2024-02-21,Card/Payment/Asda/Vegetables 825002,89.35,groceries,simulated_bank_transactions_uk
2024-01-06,utility/bill/e.on 540688,134.65,utilities,simulated_bank_transactions_uk
2023-08-18,fuel tfl uber ride 654026,123.96,transportation,simulated_bank_transactions_uk
2023-11-20,Contactless Asda Fruit 599625,108.82,groceries,simulated_bank_transactions_uk
2024-08-08,Pos Aldi Rice,70.27,groceries,simulated_bank_transactions_uk
2024-03-09,Direct Debit Apple.com/bill 258449,44.1,subscriptions,simulated_bank_transactions_uk
2023-12-04,Direct Debit Card Payment Currys Misc Expense 393022,51.63,other,simulated_bank_transactions_uk
2024-03-18,bill pmt thames water 524637,31.55,utilities,simulated_bank_transactions_uk
2023-12-09,Direct Debit Puregym 210052,36.69,subscriptions,simulated_bank_transactions_uk
2023-09-02,Direct*Debit*Amazon*Prime,8.42,subscriptions,simulated_bank_transactions_uk
2024-06-16,CONTACTLESS-CARD-PMT-HMRC-ONLINE-PURCHASE 562498,205.94,other,simulated_bank_transactions_uk
2024-09-26,Card Pmt Netflix 92790,35.81,subscriptions,simulated_bank_transactions_uk
2024-08-15,Card Payment National Rail Uber Ride 886249,88.3,transportation,simulated_bank_transactions_uk
2024-01-22,Pos-Sainsburys-Milk,183.76,groceries,simulated_bank_transactions_uk
2023-03-05,Bill-Payment-Octopus-Energy 612866,208.92,utilities,simulated_bank_transactions_uk
2024-09-17,mortgage payment landlord 433694,734.92,housing,simulated_bank_transactions_uk
2023-02-27,Card Payment Deliveroo Restaurant 557615,20.78,dining,simulated_bank_transactions_uk
2024-02-16,so card payment mcdonalds food delivery 334799,136.74,dining,simulated_bank_transactions_uk
2024-09-05,CONTACTLESS WAITROSE FRUIT 484031,50.46,groceries,simulated_bank_transactions_uk
2024-01-29,Subscription Puregym 431883,4.43,subscriptions,simulated_bank_transactions_uk
2024-09-26,TRANSPORT NATIONAL RAIL FUEL 427495,123.43,transportation,simulated_bank_transactions_uk
2023-12-03,POS ICELAND MILK,93.54,groceries,simulated_bank_transactions_uk
2024-09-01,CARD PMT COSTA RESTAURANT 681606,20.92,dining,simulated_bank_transactions_uk
2023-05-10,card payment pret fast f,145.18,dining,simulated_bank_transactions_uk
2024-05-07,Visa Restaurant Costa Food Delivery,60.09,dining,simulated_bank_transactions_uk
2023-05-21,FOOD DELIVERY STARBUCKS CAFE 653669,33.82,dining,simulated_bank_transactions_uk
2024-08-21,Visa*Card*Pmt*Disney+,9.23,subscriptions,simulated_bank_transactions_uk
2024-07-08,Fuel Shell Bus Pass,44.94,transportation,simulated_bank_transactions_uk
2024-09-09,STO CARD PMT DISNEY+ 2493,23.25,subscriptions,simulated_bank_transactions_uk
2024-06-14,UTILITY*BILL*O2 368010,253.01,utilities,simulated_bank_transactions_uk
2024-06-03,restaurant deliveroo fast food 408990,13.88,dining,simulated_bank_transactions_uk
2024-03-08,CARD PAYMENT SPOTIFY 164547,39.21,subscriptions,simulated_bank_transactions_uk
2023-07-26,utility bill severn trent,175.53,utilities,simulated_bank_transactions_uk
2024-05-02,Card Pmt Puregym 423090,11.76,subscriptions,simulated_bank_transactions_uk
2023-12-06,Pos Restaurant Costa Cafe,97.96,dining,simulated_bank_transactions_uk
2024-09-22,Rent/Payment/Landlord 703916,2142.75,housing,simulated_bank_transactions_uk
2024-04-10,direct debit direct debit bt,63.14,utilities,simulated_bank_transactions_uk
2023-01-04,Rent*Pmt*Letting*Agent,1418.69,housing,simulated_bank_transactions_uk
2023-08-07,Food Delivery Nando's Fast Food,77.31,dining,simulated_bank_transactions_uk
2024-01-20,Pos Waitrose Ve,162.42,groceries,simulated_bank_transactions_uk
2023-01-07,pos*morrisons*eggs 869401,166.09,groceries,simulated_bank_transactions_uk
2024-07-22,Contactless-Bill-Pmt-Sky 77253,109.1,utilities,simulated_bank_transactions_uk
2024-10-08,Card-Payment-Sainsburys-Chicken,90.88,groceries,simulated_bank_transactions_uk
2023-01-31,FOOD*DELIVERY*NANDO'S*FOOD*DELIVER,11.81,dining,simulated_bank_transactions_uk
2023-09-26,pos tesco chicken 909986,38.96,groceries,simulated_bank_transactions_uk
2023-09-09,Mastercard Card Payment Nando's Food Delivery,136.37,dining,simulated_bank_transactions_uk
2023-09-26,card pmt morrisons milk 173987,39.34,groceries,simulated_bank_transactions_uk
2023-05-21,Rent*Payment*Mortgage 708736,1938.74,housing,simulated_bank_transactions_uk
2023-08-04,bill/pmt/o2,104.52,utilities,simulated_bank_transactions_uk
2024-01-17,Direct Debit Thames Water 33377,111.87,utilities,simulated_bank_transactions_uk
2023-03-08,MASTERCARD FOOD DELIVERY UBER EATS CAFE 25661,141.15,dining,simulated_bank_transactions_uk
2023-07-16,card pmt iceland eggs,160.01,groceries,simulated_bank_transactions_uk
2024-03-15,transport tfl bus pass 698702,45.88,transportation,simulated_bank_transactions_uk
2024-09-22,pos purchase nhs misc expense,230.49,other,simulated_bank_transactions_uk
2023-12-02,Restaurant-Kfc-Food-Delivery 427462,127.39,dining,simulated_bank_transactions_uk
2024-06-04,CONTACTLESS WAITROSE CHICKEN,175.21,groceries,simulated_bank_transactions_uk
2023-03-25,Sto*Pos*Purchase*Argos*Gift 21,54.68,other,simulated_bank_transactions_uk
2024-06-04,DIRECT DEBIT CARD PAYMENT PUREGYM 708181,6.66,subscriptions,simulated_bank_transactions_uk
2024-06-15,Direct Debit Thames Water 587773,112.95,utilities,simulated_bank_transactions_uk
2024-06-22,FUEL SHELL BUS PASS 347457,100.32,transportation,simulated_bank_transactions_uk
2024-08-18,FOOD-DELIVERY-GREGGS-CAFE 415734,78.43,dining,simulated_bank_transactions_uk
2023-08-01,Fuel*Uber*Car*Maintenance 603847,91.66,transportation,simulated_bank_transactions_uk
2023-08-29,Card Payment Morrisons Rice 154201,93.16,groceries,simulated_bank_transactions_uk
2024-01-22,Fps-Bill-Pmt-Bt 166353,124.88,utilities,simulated_bank_transactions_uk
2023-03-28,CARD FOOD DELIVERY PRET FOOD DELIVERY 343699,44.45,dining,simulated_bank_transactions_uk
2024-06-15,Pos Waitrose Bread 615051,62.53,groceries,simulated_bank_transactions_uk
2024-06-08,CONTACTLESS DIRECT DEBIT E.ON,34.67,utilities,simulated_bank_transactions_uk
2024-03-18,CARD PAYMENT UBER EATS CAFE 143984,74.93,dining,simulated_bank_transactions_uk
2024-01-27,fuel uber fuel,45.75,transportation,simulated_bank_transactions_uk
2024-10-22,Contactless Waitrose Cereal 452143,50.59,groceries,simulated_bank_transactions_uk
2024-05-28,CONTACTLESS SAINSBURYS BREAD 272974,62.43,groceries,simulated_bank_transactions_uk
2023-08-22,Pos Card Payment Bp Uber Ride 215647,110.45,transportation,simulated_bank_transactions_uk
2024-07-13,CARD-POS-ASDA-BREAD 193006,75.25,groceries,simulated_bank_transactions_uk
2023-09-14,Pos Contactless Lidl Rice 778468,136.65,groceries,simulated_bank_transactions_uk
2024-09-10,Direct Debit Bill Payment Sky 295209,69.8,utilities,simulated_bank_transactions_uk
2023-01-09,Card Payment Amazon Electronics 489443,228.36,other,simulated_bank_transactions_uk
2024-02-18,DIRECT-DEBIT-NETFLIX,37.71,subscriptions,simulated_bank_transactions_uk
2023-01-13,mortgage/pmt/letting/agent 140960,1824.6,housing,simulated_bank_transactions_uk
2023-06-02,VISA FUEL NATIONAL RAIL CAR MAINTENANCE,138.52,transportation,simulated_bank_transactions_uk
2023-08-03,contactless rent payment rent,1001.74,housing,simulated_bank_transactions_uk
2024-07-19,CARD PMT BP CAR MAINTENANCE 502626,83.01,transportation,simulated_bank_transactions_uk
2023-03-29,DIRECT-DEBIT-GOOGLE-*SERVICES 83042,17.97,subscriptions,simulated_bank_transactions_uk
2024-12-15,DIRECT-DEBIT-E.ON,125.77,utilities,simulated_bank_transactions_uk
2024-07-25,transport national rail fuel,64.1,transportation,simulated_bank_transactions_uk
2023-05-12,Pos Tesco Eggs 55650,117.61,groceries,simulated_bank_transactions_uk
2024-11-05,BILL PMT BRITISH GAS 814892,142.45,utilities,simulated_bank_transactions_uk
2024-03-11,CARD/PMT/PUREGYM,13.25,subscriptions,simulated_bank_transactions_uk
2024-12-08,Food*Delivery*Costa*Cafe 356968,123.24,dining,simulated_bank_transactions_uk
2024-08-04,TRANSPORT TRAINLINE BUS PASS,83.0,transportation,simulated_bank_transactions_uk
2023-12-05,Card Pmt Gym Group 260423,10.3,subscriptions,simulated_bank_transactions_uk
2023-07-29,RESTAURANT KFC CAFE 481132,156.93,dining,simulated_bank_transactions_uk
2023-07-12,rent pmt rent,1478.46,housing,simulated_bank_transactions_uk
2024-04-07,card payment trainline bus pass,80.59,transportation,simulated_bank_transactions_uk
2023-04-17,Sto Card Pmt Uber Eats Food Delivery 334803,19.45,dining,simulated_bank_transactions_uk
2024-12-06,Card Restaurant Nando's Fast Food,9.97,dining,simulated_bank_transactions_uk
2023-03-13,Direct Debit Restaurant Just Eat Restaurant 396191,33.94,dining,simulated_bank_transactions_uk
2023-08-27,BACS LETTING AGENT RENT 857114,1089.92,housing,simulated_bank_transactions_uk
2023-02-28,Bill*Pmt*Thames*Water 609290,41.45,utilities,simulated_bank_transactions_uk
2024-02-25,CARD BILL PMT BRITISH GAS 804162,65.38,utilities,simulated_bank_transactions_uk
2024-03-04,fps direct debit severn trent,55.35,utilities,simulated_bank_transactions_uk
2023-07-31,TRANSPORT UBER UBER RIDE 335397,55.68,transportation,simulated_bank_transactions_uk
2024-12-27,Mastercard Card Payment Asda Rice 634954,65.4,groceries,simulated_bank_transactions_uk
2023-11-14,CONTACTLESS*FOOD*DELIVERY*COSTA*FAST*FOOD 160000,98.57,dining,simulated_bank_transactions_uk
2023-01-08,pos food delivery costa cafe 429453,47.69,dining,simulated_bank_transactions_uk
2024-02-13,BACS ONLINE PURCHASE BOOTS GIFT 29382,18.8,other,simulated_bank_transactions_uk
2024-08-05,MASTERCARD RESTAURANT JUST EAT FAS,86.51,dining,simulated_bank_transactions_uk
2023-02-10,MASTERCARD/BACS/LANDLORD/RENT,1367.18,housing,simulated_bank_transactions_uk
2024-04-12,food delivery greggs food delivery 562811,105.18,dining,simulated_bank_transactions_uk
2023-06-29,STO BILL PAYMENT VODAFONE 321439,116.91,utilities,simulated_bank_transactions_uk
2024-03-18,So Transport Tfl Train Ticket 504779,126.2,transportation,simulated_bank_transactions_uk
2023-04-08,Fuel Shell Train Ticket 913487,98.4,transportation,simulated_bank_transactions_uk
2023-06-11,Utility/Bill/Thames/Water 148754,81.33,utilities,simulated_bank_transactions_uk
2023-03-10,CARD DIRECT DEBIT VODAFONE 172017,93.59,utilities,simulated_bank_transactions_uk
2024-02-26,card payment just eat fast food,145.85,dining,simulated_bank_transactions_uk
2024-01-13,card pmt ebay electronics 640013,32.94,other,simulated_bank_transactions_uk
2023-11-30,contactless aldi bread 918696,103.36,groceries,simulated_bank_transactions_uk
2024-06-02,TRANSPORT/BP/TRAIN/TICKET,36.88,transportation,simulated_bank_transactions_uk
2024-12-12,MASTERCARD CONTACTLESS LIDL MILK 189177,19.27,groceries,simulated_bank_transactions_uk
2024-02-13,card*payment*just*eat*cafe,64.08,dining,simulated_bank_transactions_uk
2023-09-14,Rent*Pmt*Rent,708.55,housing,simulated_bank_transactions_uk
2024-04-20,pos lidl eggs 926645,68.79,groceries,simulated_bank_transactions_uk
2024-11-03,CARD PMT UBER UBER RIDE,13.39,transportation,simulated_bank_transactions_uk
2023-10-13,POS MORRISONS CEREAL,32.35,groceries,simulated_bank_transactions_uk
2024-09-13,Subscription/Spotify,38.38,subscriptions,simulated_bank_transactions_uk
2024-02-05,Card Payment Lidl Chicken 342171,29.21,groceries,simulated_bank_transactions_uk
2023-06-07,CARD-PMT-TESCO-MILK,137.09,groceries,simulated_bank_transactions_uk
2023-02-05,Mastercard Fuel Trainline Train Ticket 430655,31.9,transportation,simulated_bank_transactions_uk
2024-12-14,mortgage-pmt-rent 522644,985.06,housing,simulated_bank_transactions_uk
2023-11-12,contactless tesco bread,81.17,groceries,simulated_bank_transactions_uk
2024-01-22,FUEL/NATIONAL/RAIL/CAR/MAINTENANCE 532868,2.64,transportation,simulated_bank_transactions_uk
2023-09-02,Contactless Direct Debit Disney+ 466921,19.36,subscriptions,simulated_bank_transactions_uk
2023-01-15,Contactless*Asda*Milk 3,87.23,groceries,simulated_bank_transactions_uk
2023-03-06,utility bill bt 322906,184.79,utilities,simulated_bank_transactions_uk
2024-11-11,Card-Pmt-Iceland-Bread 534786,160.4,groceries,simulated_bank_transactions_uk
2024-06-08,POS ALDI EGGS,13.58,groceries,simulated_bank_transactions_uk
2024-10-03,CONTACTLESS MORRISONS VEGETABLES 305103,67.92,groceries,simulated_bank_transactions_uk
2024-02-09,contactless asda rice 147319,187.19,groceries,simulated_bank_transactions_uk
2023-04-19,Mortgage/Pmt/Rent 875055,1010.23,housing,simulated_bank_transactions_uk
2024-10-31,so direct debit ee 320942,28.52,utilities,simulated_bank_transactions_uk
2023-08-14,Utility Bill Ee 437201,75.0,utilities,simulated_bank_transactions_uk
2024-01-13,pos lidl chicken 1662,131.74,groceries,simulated_bank_transactions_uk
2024-09-05,contactless waitrose rice,85.16,groceries,simulated_bank_transactions_uk
2024-08-05,TRANSPORT/UBER/UBER/RIDE,100.33,transportation,simulated_bank_transactions_uk
2024-10-08,card pmt aldi bread,121.97,groceries,simulated_bank_transactions_uk
2024-10-12,VISA FOOD DELIVERY NANDO'S FAST FOOD 391449,56.47,dining,simulated_bank_transactions_uk
2024-11-13,SUBSCRIPTION SPOTIFY 631669,44.1,subscriptions,simulated_bank_transactions_uk
2024-08-22,card pmt tfl bus pass,4.44,transportation,simulated_bank_transactions_uk
2023-08-27,transport shell car maintenance 340326,90.4,transportation,simulated_bank_transactions_uk
2024-09-23,card/payment/bp/uber/ride 9298,34.1,transportation,simulated_bank_transactions_uk
2024-03-14,CARD PMT AMAZON PRIME 408683,16.66,subscriptions,simulated_bank_transactions_uk
2023-05-21,CARD PMT APPLE.COM/BILL 890300,7.25,subscriptions,simulated_bank_transactions_uk
2024-01-20,utility/bill/scottishpower 765049,72.47,utilities,simulated_bank_transactions_uk
2024-09-04,pos pos sainsburys milk,51.42,groceries,simulated_bank_transactions_uk
2023-12-03,Card Online Purchase Ebay Gift 810921,185.6,other,simulated_bank_transactions_uk
2023-02-10,Contactless-Lidl-Vegetables 613846,130.5,groceries,simulated_bank_transactions_uk
2023-10-23,DIRECT-DEBIT-FUEL-NATIONAL-RAIL-FUEL 645819,91.43,transportation,simulated_bank_transactions_uk
2023-12-06,subscription spotify 629397,38.72,subscriptions,simulated_bank_transactions_uk
2024-11-11,BILL PMT O2 810896,151.74,utilities,simulated_bank_transactions_uk
2024-01-26,FPS ONLINE PURCHASE NHS MISC EXPENSE,153.19,other,simulated_bank_transactions_uk
2023-01-07,Transport-Esso-Train-Ticket 536345,63.05,transportation,simulated_bank_transactions_uk
2023-07-17,pos lidl cereal 211804,18.65,groceries,simulated_bank_transactions_uk
2023-05-09,card payment asda eggs,187.96,groceries,simulated_bank_transactions_uk
2023-03-22,POS*WAITROSE*RICE 718,51.08,groceries,simulated_bank_transactions_uk
2023-07-22,Card-Pmt-Trainline-Fuel,44.98,transportation,simulated_bank_transactions_uk
2023-11-07,Pos-Tesco-Eggs,123.14,groceries,simulated_bank_transactions_uk
2023-07-26,bill pmt o2,252.42,utilities,simulated_bank_transactions_uk
2024-01-04,sto direct debit scottishpower 451899,43.8,utilities,simulated_bank_transactions_uk
2024-03-08,DIRECT DEBIT SEVERN TRENT 503992,135.62,utilities,simulated_bank_transactions_uk
2024-05-08,Fuel Tfl Fuel,106.92,transportation,simulated_bank_transactions_uk
2023-03-27,CONTACTLESS-MORRISONS-FRUIT,88.34,groceries,simulated_bank_transactions_uk
2023-06-06,card pmt apple.com/bill,28.4,subscriptions,simulated_bank_transactions_uk
2024-04-19,RESTAURANT DELIVEROO FAST FOOD 622,44.88,dining,simulated_bank_transactions_uk
2024-09-12,Bill Pmt Octopus Energy,113.16,utilities,simulated_bank_transactions_uk
2024-04-25,Card Payment National Rail Bus Pass 16087,20.86,transportation,simulated_bank_transactions_uk
2024-05-27,Card Pmt Aldi Rice 521449,5.82,groceries,simulated_bank_transactions_uk
2024-03-01,FOOD/DELIVERY/MCDONALDS/FOOD/DELIVERY 221117,81.18,dining,simulated_bank_transactions_uk
2024-05-16,mortgage payment letting agent,1228.37,housing,simulated_bank_transactions_uk
2023-02-09,Bill/Pmt/Octopus/Energy,41.74,utilities,simulated_bank_transactions_uk
2024-08-02,Bacs Pos Purchase Amazon Online Purchase 828660,98.05,other,simulated_bank_transactions_uk
2023-12-23,contactless waitrose fruit,191.63,groceries,simulated_bank_transactions_uk
2024-01-13,MASTERCARD TRANSPORT UBER FUEL 900310,89.63,transportation,simulated_bank_transactions_uk
2023-09-10,direct*debit*restaurant*uber*eats*cafe 62940,148.61,dining,simulated_bank_transactions_uk
2024-01-06,Contactless-Waitrose-Milk 143217,184.69,groceries,simulated_bank_transactions_uk
2024-10-22,Direct Debit Card Pmt Deliveroo Restaurant 216630,113.11,dining,simulated_bank_transactions_uk
2023-05-31,direct debit pos morrisons cereal 220137,189.13,groceries,simulated_bank_transactions_uk
2024-11-09,direct debit bt,160.91,utilities,simulated_bank_transactions_uk
2023-04-05,SUBSCRIPTION GYM GROUP 351551,8.79,subscriptions,simulated_bank_transactions_uk
2024-08-23,card pmt starbucks cafe 399281,66.64,dining,simulated_bank_transactions_uk
2023-07-13,Online Purchase Hmrc Online Purchase 191537,131.08,other,simulated_bank_transactions_uk
2023-09-16,Bacs Landlord Rent 262487,1936.11,housing,simulated_bank_transactions_uk
2024-02-26,CARD PMT JUST EAT CAFE 812,95.84,dining,simulated_bank_transactions_uk
2024-08-09,Direct Debit Puregym 869467,8.48,subscriptions,simulated_bank_transactions_uk
2023-10-03,so/subscription/google/*services 150642,37.38,subscriptions,simulated_bank_transactions_uk
2023-01-07,restaurant-kfc-cafe 476306,113.35,dining,simulated_bank_transactions_uk
2023-03-13,Online Purchase Currys Gift 48084,3.39,other,simulated_bank_transactions_uk
2024-11-01,DIRECT DEBIT GYM GROUP,25.52,subscriptions,simulated_bank_transactions_uk
2024-01-19,Bill Pmt Ee,65.1,utilities,simulated_bank_transactions_uk
2023-07-06,FPS/CONTACTLESS/WAITROSE/EGGS 446454,43.61,groceries,simulated_bank_transactions_uk
2023-08-06,Transport Trainline Uber,64.19,transportation,simulated_bank_transactions_uk
2023-07-16,CONTACTLESS LIDL MILK 377590,151.23,groceries,simulated_bank_transactions_uk
2024-10-01,Contactless Utility Bill Scottishpower,128.57,utilities,simulated_bank_transactions_uk
2023-03-29,CONTACTLESS TESCO EGGS 867023,20.56,groceries,simulated_bank_transactions_uk
2023-01-31,direct/debit/vodafone,40.1,utilities,simulated_bank_transactions_uk
2023-04-14,FOOD DELIVERY NANDO'S CAFE,80.21,dining,simulated_bank_transactions_uk
2023-01-08,POS*ICELAND*CHICKEN 880614,151.6,groceries,simulated_bank_transactions_uk
2024-06-18,Direct Debit Food Delivery Nando's Restaurant 507169,20.01,dining,simulated_bank_transactions_uk
2023-09-30,contactless subscription apple.com/bill 772100,28.72,subscriptions,simulated_bank_transactions_uk
2024-09-10,Bacs Landlord Rent 187076,1823.21,housing,simulated_bank_transactions_uk
2023-12-18,VISA CARD PAYMENT ESSO BUS PASS 225379,96.1,transportation,simulated_bank_transactions_uk
2024-11-12,contactless card payment ebay misc expense 2265,235.42,other,simulated_bank_transactions_uk
2023-12-31,Utility/Bill/E.on,38.45,utilities,simulated_bank_transactions_uk
2024-12-16,rent-pmt-letting-agent 571112,654.78,housing,simulated_bank_transactions_uk
2023-05-06,card*pmt*tfl*train*ticket 350740,5.54,transportation,simulated_bank_transactions_uk
2023-09-12,FPS RENT PMT RENT 474401,2124.15,housing,simulated_bank_transactions_uk
2024-05-01,direct*debit*octopus*energy,186.25,utilities,simulated_bank_transactions_uk
2024-10-15,contactless transport esso train ticket,2.43,transportation,simulated_bank_transactions_uk
2024-01-04,pos purchase ebay pharmacy 87,7.11,other,simulated_bank_transactions_uk
2024-03-30,Card Rent Pmt Letting Agent 825724,1154.56,housing,simulated_bank_transactions_uk
2024-09-19,BACS/POS/ASDA/CEREAL,83.03,groceries,simulated_bank_transactions_uk
2024-05-02,subscription spotify,21.54,subscriptions,simulated_bank_transactions_uk
2023-10-28,card pos purchase argos online purchase 236561,184.37,other,simulated_bank_transactions_uk
2024-08-08,Restaurant Deliveroo Fast Food,139.83,dining,simulated_bank_transactions_uk
2024-05-24,direct debit apple.com/bill 112464,5.3,subscriptions,simulated_bank_transactions_uk
2024-07-15,bacs direct debit spotify,38.13,subscriptions,simulated_bank_transactions_uk
2024-04-01,Pos Purchase Hmrc Gift 442766,44.51,other,simulated_bank_transactions_uk
2023-09-04,pos*purchase*nhs*gift 537002,166.67,other,simulated_bank_transactions_uk
2024-11-06,CONTACTLESS-ICELAND-EGGS 595808,151.88,groceries,simulated_bank_transactions_uk
2023-01-30,Sto Restaurant Starbucks Restaurant,72.41,dining,simulated_bank_transactions_uk
2023-10-15,Card Payment Lidl Vegetables 283083,181.02,groceries,simulated_bank_transactions_uk
2024-11-17,CARD PAYMENT ALDI CHICKEN 335035,134.86,groceries,simulated_bank_transactions_uk
2024-10-10,CARD POS ASDA EGGS 779613,184.93,groceries,simulated_bank_transactions_uk
2023-12-07,Pos Restaurant Pret Restaurant 545207,128.31,dining,simulated_bank_transactions_uk
2024-09-07,bacs letting agent rent 547404,1837.82,housing,simulated_bank_transactions_uk
2024-01-26,VISA POS SAINSBURYS VEGETABLES,78.52,groceries,simulated_bank_transactions_uk
2023-08-17,CARD PAYMENT MCDONALDS CAFE,130.31,dining,simulated_bank_transactions_uk
2023-04-02,Utility Bill Bt 769664,45.6,utilities,simulated_bank_transactions_uk
2023-04-29,DIRECT DEBIT EE 626711,245.24,utilities,simulated_bank_transactions_uk
2024-01-25,FOOD DELIVERY UBER EATS FAST FOOD,137.27,dining,simulated_bank_transactions_uk
2024-08-27,CARD-PAYMENT-DELIVEROO-RESTAURANT 346742,53.17,dining,simulated_bank_transactions_uk
2023-11-24,Contactless Transport Bolt Fuel 214336,137.22,transportation,simulated_bank_transactions_uk
2024-09-08,direct debit amazon prime 627241,25.31,subscriptions,simulated_bank_transactions_uk
2024-07-05,food delivery uber eats restaurant 578279,66.27,dining,simulated_bank_transactions_uk
2023-10-31,RENT/PAYMENT/RENT 626437,874.29,housing,simulated_bank_transactions_uk
2023-05-31,subscription-apple.com/bill 74429,31.88,subscriptions,simulated_bank_transactions_uk
2024-12-20,Direct-Debit-Card-Pmt-Costa-Fast-Food 976754,120.79,dining,simulated_bank_transactions_uk
2024-12-06,POS/ICELAND/VEGETABLES 349143,65.23,groceries,simulated_bank_transactions_uk
2023-08-09,Contactless Sainsburys Cereal,128.06,groceries,simulated_bank_transactions_uk
2023-12-08,VISA CARD PMT TFL FUEL 278350,10.12,transportation,simulated_bank_transactions_uk
2023-08-19,pos pos tesco rice 759546,170.37,groceries,simulated_bank_transactions_uk
2023-07-03,Card Payment Mcdonalds Restaurant 94922,148.09,dining,simulated_bank_transactions_uk
2024-11-06,bacs-bacs-letting-agent-rent 76,1257.3,housing,simulated_bank_transactions_uk
2024-07-15,RENT PMT LANDLORD 27375,2186.15,housing,simulated_bank_transactions_uk
2023-12-23,Fps Bill Payment Octopus Energy,184.31,utilities,simulated_bank_transactions_uk
2023-10-17,direct debit apple.com/bill 430740,6.94,subscriptions,simulated_bank_transactions_uk
2024-07-15,BILL PAYMENT E.ON,189.76,utilities,simulated_bank_transactions_uk
2024-08-17,Utility Bill British Gas 733734,101.0,utilities,simulated_bank_transactions_uk
2024-12-27,Rent Pmt Landlord 429626,1967.21,housing,simulated_bank_transactions_uk
2024-03-28,UTILITY BILL O2 168398,160.63,utilities,simulated_bank_transactions_uk
2023-08-03,Mastercard*Restaurant*Kfc*Food*Delivery,144.07,dining,simulated_bank_transactions_uk
2023-01-10,Pos-Asda-Rice,148.39,groceries,simulated_bank_transactions_uk
2023-06-01,UTILITY*BILL*VODAFONE,48.96,utilities,simulated_bank_transactions_uk
2023-06-22,Direct*Debit*Severn*Trent 290839,184.67,utilities,simulated_bank_transactions_uk
2024-04-30,Rent Payment Rent 85208,1201.15,housing,simulated_bank_transactions_uk
2024-06-11,pos-iceland-milk 828279,27.88,groceries,simulated_bank_transactions_uk
2024-10-04,CARD PAYMENT JUST EAT CAFE 425832,155.31,dining,simulated_bank_transactions_uk
2023-09-04,Restaurant/Pret/Fast/Food,10.27,dining,simulated_bank_transactions_uk
2023-06-26,CARD*UTILITY*BILL*SCOTTISHPOWER 641995,186.68,utilities,simulated_bank_transactions_uk
2024-11-17,RESTAURANT*JUST*EAT*CAFE 62293,125.26,dining,simulated_bank_transactions_uk
2024-10-27,fps food delivery pret cafe 52903,139.06,dining,simulated_bank_transactions_uk
2023-05-03,Fps*Direct*Debit*Thames*Water,111.32,utilities,simulated_bank_transactions_uk
2024-11-15,Mastercard Contactless Iceland Bread,100.4,groceries,simulated_bank_transactions_uk
2024-08-09,BACS LETTING AGENT RENT 668033,685.69,housing,simulated_bank_transactions_uk
2023-04-07,POS PURCHASE SUPERDRUG GIFT 355101,70.61,other,simulated_bank_transactions_uk
2024-10-22,subscription spotify,19.74,subscriptions,simulated_bank_transactions_uk
2023-04-12,restaurant/pret/food/delivery 992421,93.57,dining,simulated_bank_transactions_uk
2024-12-18,direct debit vodafone 213653,68.45,utilities,simulated_bank_transactions_uk
2024-08-21,CARD-PMT-MORRISONS-C,17.47,groceries,simulated_bank_transactions_uk
2023-08-01,transport trainline uber ride,105.98,transportation,simulated_bank_transactions_uk
2024-09-05,Contactless/Pos/Purchase/Superdrug/Online/Purchase 415461,47.62,other,simulated_bank_transactions_uk
2023-11-18,Card Pmt Mcdonalds Restaurant 402003,90.98,dining,simulated_bank_transactions_uk
2024-10-30,CARD PMT ICELAND EGGS,117.14,groceries,simulated_bank_transactions_uk
2023-02-05,Pos Sainsburys Chicken 58586,171.03,groceries,simulated_bank_transactions_uk
2024-01-08,CARD PAYMENT MORRISONS BREA,103.7,groceries,simulated_bank_transactions_uk
2024-11-04,Card Pmt Boots Misc Expense 908754,107.49,other,simulated_bank_transactions_uk
2024-06-15,CARD PMT ASDA CHICKEN,14.0,groceries,simulated_bank_transactions_uk
2024-03-31,RENT PMT RENT 755655,1671.69,housing,simulated_bank_transactions_uk
2024-06-19,Contactless-Morrisons-Cereal 577665,140.54,groceries,simulated_bank_transactions_uk
2024-06-06,Mortgage*Payment*Rent 807048,1589.57,housing,simulated_bank_transactions_uk
2023-02-15,CONTACTLESS ICELAND BREAD 337542,134.21,groceries,simulated_bank_transactions_uk
2023-08-09,Pos Sainsburys Rice 622045,32.63,groceries,simulated_bank_transactions_uk
2024-08-28,ONLINE PURCHASE NHS ELEC,139.36,other,simulated_bank_transactions_uk
2024-03-08,BACS-BILL-PAYMENT-BT 775001,196.34,utilities,simulated_bank_transactions_uk
2024-10-27,card pmt waitrose chicken 29643,55.83,groceries,simulated_bank_transactions_uk
2023-09-18,Bacs Bacs Rent Rent 673365,1356.91,housing,simulated_bank_transactions_uk
2023-03-14,fps food delivery deliveroo fast food 815027,88.07,dining,simulated_bank_transactions_uk
2024-12-14,restaurant*deliveroo*food*delivery,159.28,dining,simulated_bank_transactions_uk
2024-10-25,restaurant mcdonalds food delivery,92.36,dining,simulated_bank_transactions_uk
2023-06-07,card pmt disney+ 467951,10.73,subscriptions,simulated_bank_transactions_uk
2024-09-10,Mastercard Utility Bill Vodafone,114.05,utilities,simulated_bank_transactions_uk
2023-04-23,card*pmt*morrisons*chicken,29.3,groceries,simulated_bank_transactions_uk
2024-10-17,Card Pmt Uber Eats Cafe 982599,15.22,dining,simulated_bank_transactions_uk
2023-05-30,Direct Debit Contactless Morrisons Vegetables 364701,156.72,groceries,simulated_bank_transactions_uk
2023-04-11,Mortgage Payment Landlord 896226,1074.15,housing,simulated_bank_transactions_uk
2023-04-18,direct*debit*direct*debit*thames*water 925671,113.98,utilities,simulated_bank_transactions_uk
2023-11-10,mastercard direct debit google *services 820206,11.2,subscriptions,simulated_bank_transactions_uk
2023-12-24,Bacs/Card/Pmt/Mcdonalds/Cafe 741469,19.81,dining,simulated_bank_transactions_uk
2024-09-14,Mastercard Restaurant Mcdonalds Food Delivery 514902,90.49,dining,simulated_bank_transactions_uk
2024-02-03,CARD-PAYMENT-SAINSBURYS-MILK 282233,38.3,groceries,simulated_bank_transactions_uk
2023-05-11,Card Contactless Morrisons,97.99,groceries,simulated_bank_transactions_uk
2024-11-04,Direct Debit E.on,192.61,utilities,simulated_bank_transactions_uk
2023-10-01,BACS POS TESCO FRUIT 5739,115.67,groceries,simulated_bank_transactions_uk
2023-09-13,Card/Payment/Iceland/Vegetables 81,142.96,groceries,simulated_bank_transactions_uk
2023-07-07,CARD PMT PRET CAFE 267134,114.55,dining,simulated_bank_transactions_uk
2024-05-29,Fuel Bp Bus Pass 821531,112.19,transportation,simulated_bank_transactions_uk
2023-08-23,Utility*Bill*Scottishpower,147.34,utilities,simulated_bank_transactions_uk
2024-02-21,Direct Debit British Gas 733829,247.65,utilities,simulated_bank_transactions_uk
2023-03-20,Subscription Amazon Prime 92233,30.02,subscriptions,simulated_bank_transactions_uk
2023-02-28,VISA CARD PMT UBER EATS RE,30.59,dining,simulated_bank_transactions_uk
2024-05-19,Contactless Morrisons Chicken 175277,113.06,groceries,simulated_bank_transactions_uk
2024-03-10,DIRECT DEBIT APPLE.COM/BILL 25531,43.45,subscriptions,simulated_bank_transactions_uk
2024-06-11,FOOD DELIVERY PRET FAST FOOD,79.35,dining,simulated_bank_transactions_uk
2024-09-23,Card Payment Pret Restaurant 884325,67.85,dining,simulated_bank_transactions_uk
2024-12-20,Pos Tesco Milk,144.26,groceries,simulated_bank_transactions_uk
2024-11-08,fuel uber bus pass 182773,35.7,transportation,simulated_bank_transactions_uk
2023-02-13,Visa Card Payment Superdrug Electronics 849914,171.97,other,simulated_bank_transactions_uk
2024-06-20,Pos Restaurant Costa Fast Food 425484,109.55,dining,simulated_bank_transactions_uk
2023-05-17,Bacs/Letting/Agent/Rent 259253,766.44,housing,simulated_bank_transactions_uk
2024-01-24,SO FUEL NATIONAL RAIL UBER RIDE,60.34,transportation,simulated_bank_transactions_uk
2024-11-26,Pos Lidl Bread 923436,70.9,groceries,simulated_bank_transactions_uk
2024-05-09,Card Pmt Iceland Bread 60183,61.56,groceries,simulated_bank_transactions_uk
2024-10-08,fps bill pmt scottishpower 69751,25.53,utilities,simulated_bank_transactions_uk
2024-10-20,card pmt starbucks fast food 836536,148.07,dining,simulated_bank_transactions_uk
2024-09-24,Transport-National-Rail-Uber-Ride 421250,131.09,transportation,simulated_bank_transactions_uk
2024-09-22,Direct Debit Gym Group,18.59,subscriptions,simulated_bank_transactions_uk
2023-01-06,transport trainline bu,50.84,transportation,simulated_bank_transactions_uk
2023-01-10,DIRECT/DEBIT/BT,119.49,utilities,simulated_bank_transactions_uk
2024-06-25,MASTERCARD CARD PMT LIDL CEREAL 611152,43.52,groceries,simulated_bank_transactions_uk
2024-05-14,transport bolt train ticket 147441,58.68,transportation,simulated_bank_transactions_uk
2024-02-09,CARD/PMT/ASDA/CHICKEN,49.09,groceries,simulated_bank_transactions_uk
2023-07-06,Bill Payment Sky 570095,125.66,utilities,simulated_bank_transactions_uk
2024-03-25,Card/Pmt/Tfl/Bus/Pass,17.0,transportation,simulated_bank_transactions_uk
2023-12-29,food delivery uber eats cafe 357823,30.08,dining,simulated_bank_transactions_uk
2024-12-27,FOOD DELIVERY JUST EAT RESTAURANT 528912,60.68,dining,simulated_bank_transactions_uk
2023-05-17,contactless waitrose rice 459482,60.56,groceries,simulated_bank_transactions_uk
2023-06-14,DIRECT DEBIT O2 132417,236.73,utilities,simulated_bank_transactions_uk
2023-09-30,Restaurant Mcdonalds Cafe 392362,153.75,dining,simulated_bank_transactions_uk
2024-11-29,DIRECT/DEBIT/POS/MORRISONS/CEREAL 835471,112.27,groceries,simulated_bank_transactions_uk
2024-02-14,card-pmt-starbucks-food-delivery,121.42,dining,simulated_bank_transactions_uk
2023-04-21,CONTACTLESS TRANSPORT TRAINLINE FUEL 13000,20.14,transportation,simulated_bank_transactions_uk
2024-05-27,direct*debit*gym*group 964180,10.38,subscriptions,simulated_bank_transactions_uk
2023-12-17,POS WAITROSE RICE 42,15.15,groceries,simulated_bank_transactions_uk
2024-03-20,TRANSPORT TRAINLINE CAR MAINTENANCE 187265,103.77,transportation,simulated_bank_transactions_uk
2024-03-15,STO CARD PAYMENT BOLT BUS PASS 441267,69.06,transportation,simulated_bank_transactions_uk
2023-07-11,card pmt asda eggs,147.2,groceries,simulated_bank_transactions_uk
2024-12-18,card-pmt-tesco-bread 601249,173.51,groceries,simulated_bank_transactions_uk
2024-12-24,POS ICELAND FRUIT 900038,43.69,groceries,simulated_bank_transactions_uk
2024-05-29,SUBSCRIPTION SPOTIFY,32.75,subscriptions,simulated_bank_transactions_uk
2024-08-28,Pos Restaurant Nando's Fast Food 857820,158.85,dining,simulated_bank_transactions_uk
2023-05-16,Restaurant Kfc Fast Food 998218,40.55,dining,simulated_bank_transactions_uk
2023-05-30,Card Payment Tfl Bus Pass,138.68,transportation,simulated_bank_transactions_uk
2023-02-22,CARD PMT TRAINLINE CAR MAINTENANCE 91746,29.55,transportation,simulated_bank_transactions_uk
2024-10-10,CARD/UTILITY/BILL/O2 280559,97.01,utilities,simulated_bank_transactions_uk
2024-05-05,direct/debit/pos/purchase/ebay/misc/expense 408603,86.04,other,simulated_bank_transactions_uk
2023-11-08,Contactless Contactless Iceland Fruit 883970,130.56,groceries,simulated_bank_transactions_uk
2023-12-26,contactless*morrisons*vegetables,59.71,groceries,simulated_bank_transactions_uk
2023-02-18,Direct-Debit-Card-Pmt-Pret-Fast-Food 410799,54.58,dining,simulated_bank_transactions_uk
2023-11-26,CARD PAYMENT LIDL MILK 82424,15.17,groceries,simulated_bank_transactions_uk
2024-09-13,Pos Morrisons Cereal 233919,59.63,groceries,simulated_bank_transactions_uk
2024-05-18,card payment aldi eggs 474298,54.19,groceries,simulated_bank_transactions_uk
2024-11-16,Bill*Pmt*Severn*Trent,51.21,utilities,simulated_bank_transactions_uk
2024-01-06,CARD PMT SAINSBURYS EGGS 639508,69.59,groceries,simulated_bank_transactions_uk
2023-10-10,Card Pmt Pret Food Delivery 815817,41.93,dining,simulated_bank_transactions_uk
2023-04-19,Pos Waitrose Fruit 248660,22.01,groceries,simulated_bank_transactions_uk
2024-11-01,POS-MORRISONS-BREAD,13.0,groceries,simulated_bank_transactions_uk
2023-04-12,Subscription Amazon Prime 425203,32.89,subscriptions,simulated_bank_transactions_uk
2024-04-30,card contactless sainsburys vegetables 603549,63.79,groceries,simulated_bank_transactions_uk
2023-06-07,online purchase ebay misc expense 229621,134.79,other,simulated_bank_transactions_uk
2024-12-29,Contactless Waitrose Rice 713756,86.55,groceries,simulated_bank_transactions_uk
2024-01-10,UTILITY BILL EE,254.15,utilities,simulated_bank_transactions_uk
2023-03-11,FUEL*TFL*UBER*RIDE 680384,127.7,transportation,simulated_bank_transactions_uk
2024-05-30,fuel bp car maintenance 410735,130.52,transportation,simulated_bank_transactions_uk
2024-12-14,subscription netflix,28.57,subscriptions,simulated_bank_transactions_uk
2024-08-02,online purchase currys pharmacy 595175,14.22,other,simulated_bank_transactions_uk
2024-02-12,card/payment/asda/rice,149.44,groceries,simulated_bank_transactions_uk
2023-03-18,Card-Payment-Trainline-Car-Maintenance 616841,122.1,transportation,simulated_bank_transactions_uk
2024-02-04,POS TESCO FRUIT,114.69,groceries,simulated_bank_transactions_uk
2023-01-04,transport tfl bus pass 399858,30.56,transportation,simulated_bank_transactions_uk
2023-01-10,contactless-sainsburys-rice,120.46,groceries,simulated_bank_transactions_uk
2024-12-25,RENT/PMT/LETTING/AGENT,1355.93,housing,simulated_bank_transactions_uk
2023-08-14,restaurant nando's food delivery 396213,52.03,dining,simulated_bank_transactions_uk
2023-06-25,utility bill thames water 793309,154.76,utilities,simulated_bank_transactions_uk
2024-10-16,POS TESCO RICE,61.91,groceries,simulated_bank_transactions_uk
2023-10-04,Fps Card Payment Sainsburys Chicken,185.81,groceries,simulated_bank_transactions_uk
2023-09-12,VISA BACS MORTGAGE RENT 543723,1645.74,housing,simulated_bank_transactions_uk
2023-01-02,pos purchase ebay misc expense 183298,135.04,other,simulated_bank_transactions_uk
2024-12-23,RESTAURANT GREGGS FOOD DELIVERY 542421,55.31,dining,simulated_bank_transactions_uk
2024-02-23,bacs letting agent rent 3288,1769.22,housing,simulated_bank_transactions_uk
2023-02-28,BACS RENT RENT 17311,1153.18,housing,simulated_bank_transactions_uk
2023-08-13,mastercard card payment just eat restaurant,132.71,dining,simulated_bank_transactions_uk
2023-01-17,CARD PMT STARBUCKS FOOD DELIVERY 683581,32.39,dining,simulated_bank_transactions_uk
2024-12-05,CARD-PMT-BOLT-CAR-MAINTENANCE,16.69,transportation,simulated_bank_transactions_uk
2024-10-11,bill payment e.on 95397,229.46,utilities,simulated_bank_transactions_uk
2023-08-14,CARD PMT MCDONALDS FAST FOOD 474273,131.61,dining,simulated_bank_transactions_uk
2024-02-09,direct-debit-british-gas 334704,161.69,utilities,simulated_bank_transactions_uk
2024-03-20,Pos Aldi Rice 84004,147.31,groceries,simulated_bank_transactions_uk
2023-07-05,Bill Pmt O2,47.02,utilities,simulated_bank_transactions_uk
2024-05-17,transport national rail train ticket 388384,28.06,transportation,simulated_bank_transactions_uk
2023-01-22,Mortgage Payment Mortgage 846988,1653.72,housing,simulated_bank_transactions_uk
2024-12-04,UTILITY BILL BT 857263,217.11,utilities,simulated_bank_transactions_uk
2024-03-12,CARD PAYMENT MCDONALDS RESTAURANT 431680,27.25,dining,simulated_bank_transactions_uk
2024-06-23,POS ASDA FRUIT,24.55,groceries,simulated_bank_transactions_uk
2024-01-22,Pos Asda Milk,122.64,groceries,simulated_bank_transactions_uk
2024-10-21,So Utility Bill E.on 540773,219.24,utilities,simulated_bank_transactions_uk
2023-03-27,Mortgage Payment Mortgage 551703,1034.93,housing,simulated_bank_transactions_uk
2023-01-10,Pos Bill Payment Ee,28.17,utilities,simulated_bank_transactions_uk
2023-12-13,Visa Card Pmt Argos Online Purchase 691198,136.97,other,simulated_bank_transactions_uk
2024-05-06,rent payment mortgage 36395,963.6,housing,simulated_bank_transactions_uk
2023-11-11,pos subscription spotify 945906,37.43,subscriptions,simulated_bank_transactions_uk
2024-07-10,sto bill payment ee,82.3,utilities,simulated_bank_transactions_uk
2023-02-15,FOOD DELIVERY MCDONALDS RESTAURANT,8.29,dining,simulated_bank_transactions_uk
2024-03-01,POS ASDA CHICKEN,25.0,groceries,simulated_bank_transactions_uk
2024-03-13,Contactless Sainsburys Rice 899951,9.68,groceries,simulated_bank_transactions_uk
2023-08-20,DIRECT DEBIT DIRECT DEBIT EE 429334,179.01,utilities,simulated_bank_transactions_uk
2023-04-26,BACS MORTGAGE RENT,1246.35,housing,simulated_bank_transactions_uk
2023-10-16,contactless/transport/bolt/uber/ride 77066,32.98,transportation,simulated_bank_transactions_uk
2024-01-05,UTILITY*BILL*O2 674567,103.43,utilities,simulated_bank_transactions_uk
2024-09-11,Mastercard Mortgage Payment Mortgage 48173,2038.16,housing,simulated_bank_transactions_uk
2024-09-06,contactless*waitrose*fruit 313758,108.44,groceries,simulated_bank_transactions_uk
2024-11-14,CARD PMT ALDI FRUIT,34.29,groceries,simulated_bank_transactions_uk
2023-04-17,Restaurant Pret Food Delivery,59.0,dining,simulated_bank_transactions_uk
2023-09-29,STO BILL PMT O2 964555,180.51,utilities,simulated_bank_transactions_uk
2023-06-02,Subscription-Google-*services 369758,36.34,subscriptions,simulated_bank_transactions_uk
2024-02-04,subscription-apple.com/bill 83893,17.13,subscriptions,simulated_bank_transactions_uk
2023-04-26,Card Pmt Trainline Fuel 261965,114.42,transportation,simulated_bank_transactions_uk
2023-11-27,Restaurant-Nando's-Food-Delivery 258771,27.42,dining,simulated_bank_transactions_uk
2023-12-28,online purchase amazon misc expense,192.58,other,simulated_bank_transactions_uk
2024-02-28,SO*UTILITY*BILL*SCOTTISHPOWER 169106,138.1,utilities,simulated_bank_transactions_uk
2024-10-31,card pmt pret food delivery,26.42,dining,simulated_bank_transactions_uk
2024-05-24,BACS RENT RENT 732711,1298.92,housing,simulated_bank_transactions_uk
2023-08-24,CARD/PMT/BP/FUEL 438805,75.48,transportation,simulated_bank_transactions_uk
2024-06-23,Direct Debit British Gas 57016,193.01,utilities,simulated_bank_transactions_uk
2023-08-29,Restaurant Starbucks Fast F,113.98,dining,simulated_bank_transactions_uk
2023-01-18,Utility Bill British Gas,258.57,utilities,simulated_bank_transactions_uk
2023-04-23,Card Direct Debit Thames Water 564204,250.04,utilities,simulated_bank_transactions_uk
2023-05-23,Contactless Waitrose Vegetables 689073,75.37,groceries,simulated_bank_transactions_uk
2024-07-18,DIRECT DEBIT BILL PAYMENT THAMES WATER 500173,221.28,utilities,simulated_bank_transactions_uk
2023-08-18,Pos Purchase Boots Gift 558656,62.9,other,simulated_bank_transactions_uk
2024-12-13,MASTERCARD CONTACTLESS ASDA EGGS,27.86,groceries,simulated_bank_transactions_uk
2024-12-13,Food Delivery Kfc Cafe,118.63,dining,simulated_bank_transactions_uk
2023-04-19,Card Payment Hmrc Pharmacy 244363,16.36,other,simulated_bank_transactions_uk
2024-08-31,so*food*delivery*mcdonalds*restaurant,78.91,dining,simulated_bank_transactions_uk
2023-05-25,RENT PMT RENT 248992,877.67,housing,simulated_bank_transactions_uk
2024-03-02,pos morrisons bread 450770,7.43,groceries,simulated_bank_transactions_uk
2023-05-24,pos contactless tes,96.6,groceries,simulated_bank_transactions_uk
2023-12-12,CARD/FOOD/DELIVERY/KFC/FOOD/DELIVERY 805669,77.88,dining,simulated_bank_transactions_uk
2023-06-09,fuel shell uber ride 865424,41.57,transportation,simulated_bank_transactions_uk
2023-06-27,pos*morrisons*milk 855303,122.81,groceries,simulated_bank_transactions_uk
2024-03-09,FUEL BOLT UBER RIDE,56.7,transportation,simulated_bank_transactions_uk
2023-09-22,Food Delivery Greggs Cafe 18081,90.89,dining,simulated_bank_transactions_uk
2023-08-21,bacs-rent-rent,1124.35,housing,simulated_bank_transactions_uk
2023-04-05,Transport*Bp*Train*Ticket 55875,39.51,transportation,simulated_bank_transactions_uk
2024-02-15,BACS CARD PAYMENT BP TRAIN TICKET 569077,104.55,transportation,simulated_bank_transactions_uk
2024-07-26,Card Pmt Deliveroo Fast Food,65.81,dining,simulated_bank_transactions_uk
2024-04-24,CARD PMT MCDONALDS RESTAURANT 393648,131.57,dining,simulated_bank_transactions_uk
2023-06-18,mastercard transport tfl fuel 57590,116.16,transportation,simulated_bank_transactions_uk
2023-07-19,CONTACTLESS/ICELAND/VEGETABLES 343252,131.1,groceries,simulated_bank_transactions_uk
2024-09-09,Bill Payment Bt 102789,43.29,utilities,simulated_bank_transactions_uk
2023-10-16,card pmt google *services,5.15,subscriptions,simulated_bank_transactions_uk
2024-09-03,card-pmt-morrisons-bread 130032,17.74,groceries,simulated_bank_transactions_uk
2023-07-26,Card Pmt Lidl Chicken 8251,41.61,groceries,simulated_bank_transactions_uk
2023-03-29,Card Payment Deliveroo Restaurant,42.25,dining,simulated_bank_transactions_uk
2024-05-10,Visa/Online/Purchase/Ebay/Electronics 633784,14.08,other,simulated_bank_transactions_uk
2023-11-13,Card Pos Iceland Vegetables 825321,23.18,groceries,simulated_bank_transactions_uk
2024-02-12,CONTACTLESS LIDL VEGETABLES,151.58,groceries,simulated_bank_transactions_uk
2023-12-31,Card Pmt National Rail Bus Pass 461635,105.75,transportation,simulated_bank_transactions_uk
2024-05-30,So Online Purchase Currys Online Purchase 250874,84.84,other,simulated_bank_transactions_uk
2024-01-27,Contactless/Tesco/Eggs 838158,9.62,groceries,simulated_bank_transactions_uk
2023-06-05,contactless/card/payment/bolt/ub,42.04,transportation,simulated_bank_transactions_uk
2023-04-06,restaurant-deliveroo-restaurant 4,142.21,dining,simulated_bank_transactions_uk
2024-11-28,POS*POS*PURCHASE*SUPERDRUG*MISC*EXPENSE,221.45,other,simulated_bank_transactions_uk
2024-05-28,Bacs Food Delivery Kfc Fast Food 135512,158.98,dining,simulated_bank_transactions_uk
2023-12-16,mastercard card payment esso car maintenance 36410,91.89,transportation,simulated_bank_transactions_uk
2024-01-04,FPS CARD PMT BP TRAIN TICKET 397835,48.78,transportation,simulated_bank_transactions_uk
2024-12-30,So-Food-Delivery-Costa-Cafe 8,11.2,dining,simulated_bank_transactions_uk
2024-09-17,FPS CARD PAYMENT APPLE.COM/BILL,13.8,subscriptions,simulated_bank_transactions_uk
2024-05-24,food delivery costa fast food,92.87,dining,simulated_bank_transactions_uk
2023-11-13,POS MORRISONS MILK,32.81,groceries,simulated_bank_transactions_uk
2024-04-10,Fuel Shell Uber Ride,70.85,transportation,simulated_bank_transactions_uk
2023-10-14,Bill/Pmt/O2,62.95,utilities,simulated_bank_transactions_uk
2023-07-03,Food Delivery Uber Eats Food Delivery,18.83,dining,simulated_bank_transactions_uk
2024-04-29,Sto Restaurant Nando's Cafe 296798,44.98,dining,simulated_bank_transactions_uk
2023-05-24,card/pmt/currys/gift,163.62,other,simulated_bank_transactions_uk
2024-01-08,Card Mortgage Payment Letting Agent,1406.8,housing,simulated_bank_transactions_uk
2024-09-26,BACS RENT RENT 18074,1284.0,housing,simulated_bank_transactions_uk
2024-06-08,Rent Pmt Rent 954804,1333.28,housing,simulated_bank_transactions_uk
2024-11-29,card direct debit apple.com/bill,19.32,subscriptions,simulated_bank_transactions_uk
2024-11-29,FUEL TRAINLINE FUEL 681454,38.27,transportation,simulated_bank_transactions_uk
2023-09-08,SO CONTACTLESS WAITROSE MILK,149.5,groceries,simulated_bank_transactions_uk
2023-04-18,food delivery greggs restaurant 913093,28.96,dining,simulated_bank_transactions_uk
2023-03-16,Direct Debit Vodafone 836484,158.98,utilities,simulated_bank_transactions_uk
2023-12-24,Bacs Pos Lidl Cereal 148543,135.48,groceries,simulated_bank_transactions_uk
2024-04-21,bacs card payment bp car maintenance,126.22,transportation,simulated_bank_transactions_uk
2024-02-11,Card Pmt Morrisons Eggs 789117,147.7,groceries,simulated_bank_transactions_uk
2023-03-08,DIRECT DEBIT PUREGY,20.46,subscriptions,simulated_bank_transactions_uk
2024-12-20,Bill Pmt O2 435868,139.28,utilities,simulated_bank_transactions_uk
2023-02-09,Contactless*Restaurant*Greggs*Re,48.15,dining,simulated_bank_transactions_uk
2023-08-07,Transport/Uber/Fuel,22.08,transportation,simulated_bank_transactions_uk
2024-01-25,Utility Bill British Gas 653435,257.14,utilities,simulated_bank_transactions_uk
2024-04-29,pos-aldi-vegetables,158.96,groceries,simulated_bank_transactions_uk
2024-12-01,POS LIDL RICE 808569,174.26,groceries,simulated_bank_transactions_uk
2023-03-27,Fuel Trainline Bus Pass,89.72,transportation,simulated_bank_transactions_uk
2023-11-02,card-pmt-asda-chicken 284431,83.99,groceries,simulated_bank_transactions_uk
2024-06-21,mortgage payment letting agent,2000.5,housing,simulated_bank_transactions_uk
2023-02-25,Contactless-Tesco-Chicken 932419,40.9,groceries,simulated_bank_transactions_uk
2023-11-01,STO POS TESCO FRUIT,71.69,groceries,simulated_bank_transactions_uk
2024-05-08,CONTACTLESS WAITROSE VEGETABLES 201498,188.68,groceries,simulated_bank_transactions_uk
2024-03-23,Fps Transport National Rail Train Ticket 483634,135.25,transportation,simulated_bank_transactions_uk
2023-01-11,Bacs Direct Debit Severn Trent 757688,116.45,utilities,simulated_bank_transactions_uk
2024-11-14,food delivery pret fast food,17.06,dining,simulated_bank_transactions_uk
2023-11-21,POS CARD PMT GREGGS FAST FOOD 675050,55.18,dining,simulated_bank_transactions_uk
2024-05-26,Bacs/Contactless/Morrisons/Cereal 465993,187.09,groceries,simulated_bank_transactions_uk
2024-11-21,STO MORTGAGE PMT RENT,1877.63,housing,simulated_bank_transactions_uk
2024-04-06,fuel/trainline/car/maintenance,101.68,transportation,simulated_bank_transactions_uk
2024-10-16,bacs letting agent rent,1633.15,housing,simulated_bank_transactions_uk
2023-07-12,CARD PMT CURRYS ONLINE PURCHASE 528000,12.01,other,simulated_bank_transactions_uk
2024-09-07,STO TRANSPORT TFL CAR MAINTENANCE,108.87,transportation,simulated_bank_transactions_uk
2023-07-15,SO BILL PMT SEVERN TRENT 339648,74.29,utilities,simulated_bank_transactions_uk
2024-01-15,online purchase ebay electronics,238.91,other,simulated_bank_transactions_uk
2023-11-11,DIRECT DEBIT NETFLIX,16.38,subscriptions,simulated_bank_transactions_uk
2024-10-26,SO*CARD*PMT*BOLT*UBER*RIDE 551,98.51,transportation,simulated_bank_transactions_uk
2023-12-27,ONLINE PURCHASE AMAZON GIFT 190170,104.37,other,simulated_bank_transactions_uk
2023-12-10,card pmt netflix 974496,25.45,subscriptions,simulated_bank_transactions_uk
2024-01-18,CONTACTLESS MORRISONS EGGS 5,94.47,groceries,simulated_bank_transactions_uk
2024-01-26,CONTACTLESS MORRISONS EGGS 818192,110.84,groceries,simulated_bank_transactions_uk
2024-12-19,Direct*Debit*Ee 637980,174.02,utilities,simulated_bank_transactions_uk
2023-04-17,fps card pmt pret restaurant 544754,159.28,dining,simulated_bank_transactions_uk
2024-02-26,pos lidl milk 776668,125.17,groceries,simulated_bank_transactions_uk
2024-05-30,direct-debit-contactless-asda-bread 950,128.54,groceries,simulated_bank_transactions_uk
2024-03-06,Food Delivery Nando's Restaurant 746441,108.5,dining,simulated_bank_transactions_uk
2023-04-28,pos aldi cereal 324557,112.56,groceries,simulated_bank_transactions_uk
2023-12-26,Contactless Tesco Cereal,190.36,groceries,simulated_bank_transactions_uk
2024-10-22,Bacs Pos Purchase Currys Gift,104.99,other,simulated_bank_transactions_uk
2024-01-19,Restaurant-Deliveroo-Cafe,6.18,dining,simulated_bank_transactions_uk
2024-11-05,Direct Debit Google *services 960425,15.63,subscriptions,simulated_bank_transactions_uk
2023-01-05,Bill/Pmt/Scottishpower,183.23,utilities,simulated_bank_transactions_uk
2023-01-27,RENT*PMT*MORTGAGE 741733,700.65,housing,simulated_bank_transactions_uk
2024-06-15,so contactless asda vegetables,168.95,groceries,simulated_bank_transactions_uk
2023-06-24,card payment disney+ 172628,17.02,subscriptions,simulated_bank_transactions_uk
2024-02-05,card payment currys gift 577706,62.73,other,simulated_bank_transactions_uk
2024-08-14,Contactless*Aldi*Fruit,166.57,groceries,simulated_bank_transactions_uk
2023-06-27,Card-Pmt-Bp-Fuel 682890,136.88,transportation,simulated_bank_transactions_uk
2024-03-23,card/payment/esso/b,73.38,transportation,simulated_bank_transactions_uk
2024-10-08,Card Payment Sainsburys Eggs 827000,103.33,groceries,simulated_bank_transactions_uk
2024-10-04,Food Delivery Greggs Cafe 590774,135.67,dining,simulated_bank_transactions_uk
2023-11-27,card mortgage pmt mortgage 425744,896.53,housing,simulated_bank_transactions_uk
2023-01-12,pos lidl bread 979136,10.0,groceries,simulated_bank_transactions_uk
2024-12-25,FOOD DELIVERY UBER EATS FAST FOOD 396430,9.31,dining,simulated_bank_transactions_uk
2023-01-26,fuel trainline uber ride 329673,80.91,transportation,simulated_bank_transactions_uk
2024-10-11,Restaurant/Kfc/Fast/Food 733900,157.43,dining,simulated_bank_transactions_uk
2024-10-30,Pos Food Delivery Greggs Food Delivery 935389,33.92,dining,simulated_bank_transactions_uk
2023-09-09,Fps-Bacs-Letting-Agent-Rent 424210,950.43,housing,simulated_bank_transactions_uk
2024-11-06,DIRECT*DEBIT*CARD*PAYMENT*GREGGS*CAFE,124.41,dining,simulated_bank_transactions_uk
2024-10-04,POS ALDI BREAD 135470,187.32,groceries,simulated_bank_transactions_uk
2024-09-02,Contactless Sainsburys Bread 374308,26.63,groceries,simulated_bank_transactions_uk
2023-07-04,contactless asda eggs 98183,60.08,groceries,simulated_bank_transactions_uk
2023-08-01,Pos Tesco Cereal 3600,169.7,groceries,simulated_bank_transactions_uk
2024-02-28,Bill Payment Severn Trent,211.93,utilities,simulated_bank_transactions_uk
2024-03-05,contactless/aldi/bread 316296,46.01,groceries,simulated_bank_transactions_uk
2024-04-06,direct debit scottishpower,173.88,utilities,simulated_bank_transactions_uk
2023-07-02,MASTERCARD DIRECT DEBIT PUREGYM 552533,16.25,subscriptions,simulated_bank_transactions_uk
2023-12-18,VISA RESTAURANT UBER EATS RESTAURANT 463225,23.17,dining,simulated_bank_transactions_uk
2024-09-06,POS PURCHASE HMRC GIF,248.74,other,simulated_bank_transactions_uk
2023-09-18,transport esso train ticket 455174,74.0,transportation,simulated_bank_transactions_uk
2024-07-02,RENT PAYMENT MORTGAGE 479263,1589.47,housing,simulated_bank_transactions_uk
2024-01-09,CONTACTLESS MORRISONS EGGS,47.18,groceries,simulated_bank_transactions_uk
2023-05-22,Pos Tesco Rice 277066,10.75,groceries,simulated_bank_transactions_uk
2024-05-08,CARD*POS*LIDL*EGGS,57.18,groceries,simulated_bank_transactions_uk
2024-07-18,Contactless-Waitrose-Bread,72.97,groceries,simulated_bank_transactions_uk
2024-05-22,CARD-PMT-MCDONALDS-CAFE 618426,120.51,dining,simulated_bank_transactions_uk
2023-09-14,TRANSPORT TFL FUEL 135977,129.28,transportation,simulated_bank_transactions_uk
2023-04-16,DIRECT DEBIT CARD PAYMENT ASDA CHICKEN 698134,192.56,groceries,simulated_bank_transactions_uk
2023-07-30,RESTAURANT COSTA FOOD DELIVERY 49608,30.68,dining,simulated_bank_transactions_uk
2024-04-01,CARD PMT EBAY GIFT 673915,110.07,other,simulated_bank_transactions_uk
2024-09-29,FUEL/NATIONAL/RAIL/BUS/PASS,114.59,transportation,simulated_bank_transactions_uk
2024-08-03,CONTACTLESS*MORRISONS*FRUIT 844219,88.72,groceries,simulated_bank_transactions_uk
2023-02-04,sto bill payment o,130.61,utilities,simulated_bank_transactions_uk
2023-10-28,Card Pmt Superdrug Pharmacy,147.96,other,simulated_bank_transactions_uk
2023-04-28,Fps Food Delivery Greggs Food Delivery,66.74,dining,simulated_bank_transactions_uk
2023-07-10,card pmt asda vegetables 802144,88.73,groceries,simulated_bank_transactions_uk
2024-01-16,bill payment e.on 315726,75.57,utilities,simulated_bank_transactions_uk
2023-11-23,Sto*Bill*Payment*O2,53.74,utilities,simulated_bank_transactions_uk
2024-08-04,restaurant starbucks food delivery 734698,38.13,dining,simulated_bank_transactions_uk
2024-01-30,CARD*PMT*DISNEY+ 622166,27.03,subscriptions,simulated_bank_transactions_uk
2023-04-16,Fps Bill Pmt Octopus Energy 207061,148.91,utilities,simulated_bank_transactions_uk
2024-10-23,Card-Pmt-Just-Eat-Restaurant 451013,93.96,dining,simulated_bank_transactions_uk
2023-11-24,card*payment*tfl*fuel 248845,45.85,transportation,simulated_bank_transactions_uk
2024-05-25,CARD PAYMENT SAINSBURYS MILK 413773,161.53,groceries,simulated_bank_transactions_uk
2023-05-08,POS CONTACTLESS LIDL CHICKEN,87.14,groceries,simulated_bank_transactions_uk
2024-01-28,Transport National Rail Car Maintenance,47.11,transportation,simulated_bank_transactions_uk
2024-10-21,CONTACTLESS/TESCO/MILK,60.58,groceries,simulated_bank_transactions_uk
2024-04-17,subscription-gym-group,44.51,subscriptions,simulated_bank_transactions_uk
2024-06-30,DIRECT DEBIT SKY 856580,33.7,utilities,simulated_bank_transactions_uk
2023-01-17,mortgage payment rent 3,1172.95,housing,simulated_bank_transactions_uk
2024-03-01,CONTACTLESS ALDI BREAD,166.82,groceries,simulated_bank_transactions_uk
2023-12-21,bacs food delivery greggs food delivery 933191,54.16,dining,simulated_bank_transactions_uk
2024-05-20,CARD PAYMENT UBER CAR MAINTENANCE 367901,108.9,transportation,simulated_bank_transactions_uk
2024-04-10,Card Payment Uber Eats Caf,51.26,dining,simulated_bank_transactions_uk
2024-09-24,CONTACTLESS TRANSPORT TRAINLINE UBER RIDE 506446,118.34,transportation,simulated_bank_transactions_uk
2023-01-11,CONTACTLESS-LIDL-RICE 66091,14.33,groceries,simulated_bank_transactions_uk
2024-03-22,Contactless*Card*Payment*Morrisons*Vegetables 297669,172.97,groceries,simulated_bank_transactions_uk
2024-01-13,Pos Sainsburys Bread,42.28,groceries,simulated_bank_transactions_uk
2024-12-05,direct debit gym group,44.57,subscriptions,simulated_bank_transactions_uk
2023-02-14,POS MORTGAGE PAYMENT LANDLORD,2019.14,housing,simulated_bank_transactions_uk
2023-12-04,POS*POS*ALDI*CHICKEN 704908,19.63,groceries,simulated_bank_transactions_uk
2023-06-24,card*payment*uber*eats*cafe 736985,46.84,dining,simulated_bank_transactions_uk
2023-05-10,Rent-Payment-Mortgage,1364.08,housing,simulated_bank_transactions_uk
2024-02-28,BILL PMT E.ON 843010,201.96,utilities,simulated_bank_transactions_uk
2023-09-04,so card payment greggs restaurant 953776,85.87,dining,simulated_bank_transactions_uk
2023-11-26,food delivery nando's cafe 309872,156.33,dining,simulated_bank_transactions_uk
2023-09-28,MASTERCARD CARD PAYMENT AMAZON PRIME 117600,13.26,subscriptions,simulated_bank_transactions_uk
2023-09-06,CARD SUBSCRIPTION GYM GROUP 250003,18.47,subscriptions,simulated_bank_transactions_uk
2023-03-18,Sto Card Pmt Costa Fast Food 70656,112.72,dining,simulated_bank_transactions_uk
2024-11-17,DIRECT DEBIT POS PURCHASE BOOTS ONLINE PURCHASE,55.48,other,simulated_bank_transactions_uk
2023-04-18,Pos*Tesco*Fruit 627220,41.64,groceries,simulated_bank_transactions_uk
2024-06-10,Utility Bill Thames Water,203.98,utilities,simulated_bank_transactions_uk
2024-11-02,direct*debit*rent*pmt*rent 382746,1748.19,housing,simulated_bank_transactions_uk
2023-08-13,Pos Aldi Bread 140742,183.25,groceries,simulated_bank_transactions_uk
2024-09-27,Bacs Mortgage Pmt Letting Agent 88035,2161.35,housing,simulated_bank_transactions_uk
2023-10-12,bacs transport bolt fuel 189777,27.94,transportation,simulated_bank_transactions_uk
2024-08-14,bacs transport esso bus pass 844272,133.31,transportation,simulated_bank_transactions_uk
2023-04-20,BACS CARD PAYMENT DELIVEROO FAST FOOD 369232,76.45,dining,simulated_bank_transactions_uk
2024-04-16,CARD CARD PAYMENT MCDONALDS FAST FOOD 563089,7.57,dining,simulated_bank_transactions_uk
2024-06-27,Pos Waitrose Milk 287176,97.87,groceries,simulated_bank_transactions_uk
2024-07-17,Mastercard Card Payment Bolt Bus Pass 32144,18.33,transportation,simulated_bank_transactions_uk
2024-02-11,Pos Waitrose Fruit 675369,46.35,groceries,simulated_bank_transactions_uk
2024-03-27,Transport National Rail Car Maintenance 514146,48.06,transportation,simulated_bank_transactions_uk
2024-01-27,UTILITY BILL BRITISH GAS 7,36.55,utilities,simulated_bank_transactions_uk
2023-07-13,Food-Delivery-Nando's-Cafe 350088,35.06,dining,simulated_bank_transactions_uk
2024-09-14,FUEL NATIONAL RAIL CAR MAINTENANCE 477192,40.08,transportation,simulated_bank_transactions_uk
2023-02-21,So Fuel National Rail Fuel 405253,17.07,transportation,simulated_bank_transactions_uk
2023-02-24,RESTAURANT COSTA RESTAURANT,39.03,dining,simulated_bank_transactions_uk
2023-03-09,Rent*Pmt*Rent 15408,1062.58,housing,simulated_bank_transactions_uk
2024-09-27,Fuel Shell Bus Pass 321928,33.25,transportation,simulated_bank_transactions_uk
2023-04-14,Visa Food Delivery Pret Cafe 66,65.75,dining,simulated_bank_transactions_uk
2023-06-25,Mastercard Pos Waitrose Chicken 253279,101.56,groceries,simulated_bank_transactions_uk
2024-12-23,DIRECT*DEBIT*APPLE.COM/BILL 972446,30.11,subscriptions,simulated_bank_transactions_uk
2024-05-30,card/pmt/just/eat/restaurant 537900,19.61,dining,simulated_bank_transactions_uk
2023-11-09,BACS MORTGAGE RENT 283437,1388.98,housing,simulated_bank_transactions_uk
2023-11-19,Rent Pmt Mortgage 253065,1019.86,housing,simulated_bank_transactions_uk
2024-04-11,CARD PAYMENT GREGGS FAST FOOD 133140,34.04,dining,simulated_bank_transactions_uk
2024-03-14,card-payment-waitrose-milk 296476,134.88,groceries,simulated_bank_transactions_uk
2023-03-20,fps direct debit bt 173535,253.98,utilities,simulated_bank_transactions_uk
2024-04-30,Card-Pos-Tesco-Milk 977137,120.83,groceries,simulated_bank_transactions_uk
2024-04-28,RESTAURANT/NANDO'S/CAFE 412366,140.35,dining,simulated_bank_transactions_uk
2023-10-25,Contactless Card Payment Sainsburys Mi,115.62,groceries,simulated_bank_transactions_uk
2023-05-31,direct/debit/gym/group,24.63,subscriptions,simulated_bank_transactions_uk
2023-12-10,Direct Debit Amazon Prime,16.49,subscriptions,simulated_bank_transactions_uk
2023-09-21,transport trainline bus p,138.59,transportation,simulated_bank_transactions_uk
2023-01-14,RESTAURANT PRET FOOD DELIVERY 222927,61.46,dining,simulated_bank_transactions_uk
2024-06-14,VISA DIRECT DEBIT AMAZON PRIME 611027,33.12,subscriptions,simulated_bank_transactions_uk
2023-10-04,direct debit subscription gym group,23.86,subscriptions,simulated_bank_transactions_uk
2024-02-25,fps restaurant costa restaurant,27.92,dining,simulated_bank_transactions_uk
2024-01-01,POS MORTGAGE PAYMENT LETTING AGENT 489084,2190.83,housing,simulated_bank_transactions_uk
2024-12-13,card/pmt/trainline/train/ticket 821375,81.71,transportation,simulated_bank_transactions_uk
2023-04-02,Pos Purchase Boots Pharmacy 524190,53.96,other,simulated_bank_transactions_uk
2023-10-08,contactless morrisons fruit 797567,129.55,groceries,simulated_bank_transactions_uk
2024-04-05,Rent Payment Landlord 58613,1494.62,housing,simulated_bank_transactions_uk
2024-11-26,POS*ONLINE*PURCHASE*EBAY*ELECTRONICS 713772,46.21,other,simulated_bank_transactions_uk
2024-03-03,BILL/PMT/BRITISH/GAS 510916,116.89,utilities,simulated_bank_transactions_uk
2023-02-12,card bacs letting agent rent,1129.45,housing,simulated_bank_transactions_uk
2023-05-06,RESTAURANT/COSTA/FOOD/DELIVERY 2029,134.3,dining,simulated_bank_transactions_uk
2023-12-22,CARD PMT UBER FUEL 731742,80.2,transportation,simulated_bank_transactions_uk
2024-12-02,contactless utility bill scottishpower 893817,142.25,utilities,simulated_bank_transactions_uk
2023-10-24,pos*lidl*eggs 212503,107.02,groceries,simulated_bank_transactions_uk
2023-10-23,Restaurant/Deliveroo/Fast/Food,52.07,dining,simulated_bank_transactions_uk
2023-02-11,POS SAINSBURYS CHICKEN 735348,8.04,groceries,simulated_bank_transactions_uk
2023-11-10,Pos-Aldi-Bread 152519,15.37,groceries,simulated_bank_transactions_uk
2023-01-01,pos card pmt aldi vegetables 330268,133.75,groceries,simulated_bank_transactions_uk
2023-10-18,CONTACTLESS MORRISONS EGGS 447547,73.29,groceries,simulated_bank_transactions_uk
2024-07-28,Card*Pmt*Apple.com/bill 3,31.28,subscriptions,simulated_bank_transactions_uk
2023-05-27,contactless asda bread 7,144.07,groceries,simulated_bank_transactions_uk
2023-03-24,POS PURCHASE ARGOS MISC EXPENSE,109.72,other,simulated_bank_transactions_uk
2023-12-30,Bill Payment Bt 604484,136.2,utilities,simulated_bank_transactions_uk
2023-04-11,CONTACTLESS MORRISONS FRUIT 518396,87.4,groceries,simulated_bank_transactions_uk
2023-06-27,Mortgage Pmt Rent,1575.41,housing,simulated_bank_transactions_uk
2023-05-23,RESTAURANT JUST EAT FOOD DELIVERY 99154,129.68,dining,simulated_bank_transactions_uk
2024-03-02,FOOD DELIVERY JUST EAT FAST FOOD,43.75,dining,simulated_bank_transactions_uk
2023-11-01,Food Delivery Uber Eats Food Delivery 766296,52.27,dining,simulated_bank_transactions_uk
2024-01-20,Card Pmt Starbucks Cafe,89.6,dining,simulated_bank_transactions_uk
2024-06-23,Card Subscription Gym Group 996254,7.94,subscriptions,simulated_bank_transactions_uk
2024-12-02,Contactless Fuel Bolt Bus Pass 790303,71.53,transportation,simulated_bank_transactions_uk
2024-04-22,SO FOOD DELIVERY DELIVEROO CAFE 426167,59.9,dining,simulated_bank_transactions_uk
2024-07-26,Fuel Trainline Fuel 962915,65.66,transportation,simulated_bank_transactions_uk
2023-05-24,Direct Debit Contactless Morrisons Fruit 197919,22.24,groceries,simulated_bank_transactions_uk
2024-08-17,Restaurant Uber Eats Food Delivery,126.93,dining,simulated_bank_transactions_uk
2024-08-02,TRANSPORT-TFL-TRAIN-TICKET,87.68,transportation,simulated_bank_transactions_uk
2024-02-07,So Bacs Rent Rent,1820.77,housing,simulated_bank_transactions_uk
2024-06-14,VISA*CARD*PAYMENT*ALDI*MILK 534694,95.25,groceries,simulated_bank_transactions_uk
2023-10-04,Card/Payment/Uber/Uber/Ride 481333,13.68,transportation,simulated_bank_transactions_uk
2023-04-10,SUBSCRIPTION NETFLIX 334196,17.67,subscriptions,simulated_bank_transactions_uk
2023-12-06,subscription puregym,23.74,subscriptions,simulated_bank_transactions_uk
2024-11-21,Mortgage Payment Landlord 215125,1797.73,housing,simulated_bank_transactions_uk
2024-06-12,So Card Payment Trainline Uber Ride,98.82,transportation,simulated_bank_transactions_uk
2024-11-22,pos sainsburys cereal,31.6,groceries,simulated_bank_transactions_uk
2023-11-15,Visa Card Pmt Kfc Fast Food 563361,51.64,dining,simulated_bank_transactions_uk
2024-09-30,RESTAURANT-KFC-RESTAURANT 158235,129.87,dining,simulated_bank_transactions_uk
2023-06-06,restaurant kfc restaurant,15.41,dining,simulated_bank_transactions_uk
2023-09-11,RESTAURANT MCDONALDS RESTAURANT,85.57,dining,simulated_bank_transactions_uk
2024-06-01,POS TESCO CEREAL 635128,9.81,groceries,simulated_bank_transactions_uk
2023-11-04,so*transport*tfl*uber*ride 791573,129.79,transportation,simulated_bank_transactions_uk
2024-07-13,Direct Debit Card Pmt Uber Train Ticket 132891,115.2,transportation,simulated_bank_transactions_uk
2024-11-04,POS BILL PMT SEVERN TRENT,185.11,utilities,simulated_bank_transactions_uk
2023-01-23,Visa Food Delivery Pret Cafe 908048,27.67,dining,simulated_bank_transactions_uk
2024-12-17,Card Pmt Asda Rice 922509,38.3,groceries,simulated_bank_transactions_uk
2023-10-24,Fps Transport Bolt Fuel 819133,68.3,transportation,simulated_bank_transactions_uk
2023-10-09,Visa Restaurant Pret Cafe 203859,61.94,dining,simulated_bank_transactions_uk
2024-03-11,Bill*Payment*Thames*Water,134.03,utilities,simulated_bank_transactions_uk
2024-07-31,Card Payment Iceland Chicken,94.13,groceries,simulated_bank_transactions_uk
2024-10-22,Direct Debit Utility Bill Sky,96.15,utilities,simulated_bank_transactions_uk
2023-12-30,Sto Restaurant Deliveroo Cafe,11.61,dining,simulated_bank_transactions_uk
2024-04-14,card-payment-boots-gift,220.96,other,simulated_bank_transactions_uk
2024-05-30,Fps Utility Bill Vodafone 879484,109.07,utilities,simulated_bank_transactions_uk
2023-06-28,Card Payment Sainsburys Fruit 299334,105.04,groceries,simulated_bank_transactions_uk
2024-07-30,restaurant kfc food delivery 87629,106.67,dining,simulated_bank_transactions_uk
2024-11-05,Bacs Direct Debit Severn Trent 33222,90.41,utilities,simulated_bank_transactions_uk
2024-10-22,Bill Pmt E.on,41.03,utilities,simulated_bank_transactions_uk
2023-07-04,contactless fuel esso fuel 938878,85.61,transportation,simulated_bank_transactions_uk
2023-11-28,card-pmt-mcdonalds-food-delivery 940782,25.06,dining,simulated_bank_transactions_uk
2024-02-18,Food/Delivery/Starbucks/Food/Delivery 218756,95.6,dining,simulated_bank_transactions_uk
2023-06-12,contactless iceland milk,171.15,groceries,simulated_bank_transactions_uk
2024-11-26,Contactless Morrisons Bread,102.39,groceries,simulated_bank_transactions_uk
2023-08-31,Visa Card Payment National Rail Train Ticket 22801,137.42,transportation,simulated_bank_transactions_uk
2024-01-29,pos tesco eggs 587655,146.99,groceries,simulated_bank_transactions_uk
2023-03-05,SUBSCRIPTION APPLE.COM/BILL 60789,41.82,subscriptions,simulated_bank_transactions_uk
2023-03-16,Card Pmt Kfc Restaurant 748391,10.8,dining,simulated_bank_transactions_uk
2023-01-31,TRANSPORT UBER BUS PASS 625100,85.7,transportation,simulated_bank_transactions_uk
2024-04-05,Bacs Rent Rent 864973,816.87,housing,simulated_bank_transactions_uk
2023-07-20,Direct/Debit/British/Gas 54028,155.77,utilities,simulated_bank_transactions_uk
2023-08-19,Direct Debit Scottishpower 808733,184.53,utilities,simulated_bank_transactions_uk
2024-06-25,Contactless/Asda/Eggs 450932,89.64,groceries,simulated_bank_transactions_uk
2023-01-25,Card Pmt Google *services,7.53,subscriptions,simulated_bank_transactions_uk
2023-05-24,MASTERCARD/FOOD/DELIVERY/COSTA/RESTAURANT 778709,36.55,dining,simulated_bank_transactions_uk
2024-08-04,Mortgage/Payment/Mortgage 613923,1850.3,housing,simulated_bank_transactions_uk
2024-11-29,transport bolt uber ride,49.02,transportation,simulated_bank_transactions_uk
2023-08-01,Restaurant*Nando's*Cafe 912981,34.47,dining,simulated_bank_transactions_uk
2024-01-01,FOOD DELIVERY JUST EAT CAFE,82.63,dining,simulated_bank_transactions_uk
2024-03-25,Card*Pmt*Pret*Fast*Food 167634,129.25,dining,simulated_bank_transactions_uk
2024-08-05,Card/Pmt/Bp/Fuel 417370,122.61,transportation,simulated_bank_transactions_uk
2024-05-25,Sto Card Payment Morrisons Chi,24.68,groceries,simulated_bank_transactions_uk
2023-10-24,Direct Debit Card Payment Lidl Vegetables 339392,9.4,groceries,simulated_bank_transactions_uk
2024-01-02,Pos Mortgage Pmt Mortga,1255.16,housing,simulated_bank_transactions_uk
2023-03-18,FPS CONTACTLESS SAINSBURYS EGGS 507300,193.78,groceries,simulated_bank_transactions_uk
2024-09-17,FUEL UBER TRAIN TICKET,119.74,transportation,simulated_bank_transactions_uk
2024-07-13,Mastercard*Transport*Shell*Fuel 916446,87.37,transportation,simulated_bank_transactions_uk
2023-09-27,card payment pret restaurant 469929,95.33,dining,simulated_bank_transactions_uk
2023-09-25,Restaurant Deliveroo Restaurant,57.4,dining,simulated_bank_transactions_uk
2024-07-14,POS TESCO MILK 532812,32.16,groceries,simulated_bank_transactions_uk
2024-11-10,visa direct debit netflix 190958,41.89,subscriptions,simulated_bank_transactions_uk
2023-03-16,Mortgage/Payment/Lan,1015.21,housing,simulated_bank_transactions_uk
2024-12-20,Subscription Amazon Prime 445045,41.08,subscriptions,simulated_bank_transactions_uk
2023-03-14,Direct Debit Puregym,18.18,subscriptions,simulated_bank_transactions_uk
2023-03-24,Mortgage-Payment-Letting-Agent,1795.9,housing,simulated_bank_transactions_uk
2023-10-05,mortgage payment mortgage 678318,2117.23,housing,simulated_bank_transactions_uk
2024-06-03,CARD PMT COSTA RESTAURANT 576639,10.52,dining,simulated_bank_transactions_uk
2023-11-07,Card Payment Morrisons Vegetables,89.15,groceries,simulated_bank_transactions_uk
2023-02-26,Card Pmt Amazon Prime,4.88,subscriptions,simulated_bank_transactions_uk
2024-01-24,card pmt lidl rice,109.17,groceries,simulated_bank_transactions_uk
2023-02-23,So/Restaurant/Deliveroo/Restaurant,90.64,dining,simulated_bank_transactions_uk
2024-03-16,Utility*Bill*Bt,188.43,utilities,simulated_bank_transactions_uk
2023-05-01,contactless card pmt just eat fast food 558854,22.92,dining,simulated_bank_transactions_uk
2023-12-18,POS RENT PAYMENT MORTGAGE,1195.27,housing,simulated_bank_transactions_uk
2023-04-05,Fuel Tfl Uber Ride 619964,34.87,transportation,simulated_bank_transactions_uk
2024-07-03,VISA-FOOD-DELIVERY-COSTA-FAST-FOOD 41319,69.03,dining,simulated_bank_transactions_uk
2023-09-13,Card/Restaurant/Pret/Restaurant 9,140.35,dining,simulated_bank_transactions_uk
2024-03-25,Card Payment Apple.com/bill,6.32,subscriptions,simulated_bank_transactions_uk
2024-09-08,Pos Contactless Sainsburys Milk 912146,66.25,groceries,simulated_bank_transactions_uk
2023-05-13,CARD PMT COSTA FAST FOOD 951125,159.7,dining,simulated_bank_transactions_uk
2024-11-03,card payment costa cafe 710778,106.93,dining,simulated_bank_transactions_uk
2023-07-30,Card Payment Aldi Chicken,187.98,groceries,simulated_bank_transactions_uk
2023-08-14,FUEL TRAINLINE BUS PASS,125.87,transportation,simulated_bank_transactions_uk
2024-07-18,Card Payment Shell Bus Pass 497926,131.92,transportation,simulated_bank_transactions_uk
2023-10-01,FPS/BILL/PMT/OCTOPUS/ENERGY,148.81,utilities,simulated_bank_transactions_uk
2023-02-25,Bill Pmt O2,143.31,utilities,simulated_bank_transactions_uk
2024-09-28,contactless direct debit octopus energy,190.79,utilities,simulated_bank_transactions_uk
2023-05-21,TRANSPORT NATIONAL RAIL UBER RIDE 22157,30.09,transportation,simulated_bank_transactions_uk
2024-07-20,card pmt amazon prime 35,13.45,subscriptions,simulated_bank_transactions_uk
2023-05-26,Pos/Asda/Vegetables,146.36,groceries,simulated_bank_transactions_uk
2024-10-27,contactless lidl rice 682797,141.18,groceries,simulated_bank_transactions_uk
2023-02-04,direct debit disney+ 185239,4.87,subscriptions,simulated_bank_transactions_uk
2023-03-28,direct debit scottishpower 490221,115.28,utilities,simulated_bank_transactions_uk
2024-01-27,POS-SAINSBURYS-FRUIT 90213,101.59,groceries,simulated_bank_transactions_uk
2024-01-24,sto utility bill scottishpower 40987,77.75,utilities,simulated_bank_transactions_uk
2024-11-07,Contactless Asda Fruit 717512,108.84,groceries,simulated_bank_transactions_uk
2023-01-27,Bill Payment Sky,204.3,utilities,simulated_bank_transactions_uk
2023-09-26,BACS LANDLORD RENT,2080.18,housing,simulated_bank_transactions_uk
2023-01-29,sto subscription puregym,12.88,subscriptions,simulated_bank_transactions_uk
2024-03-13,direct debit o2 593319,127.01,utilities,simulated_bank_transactions_uk
2024-07-20,DIRECT DEBIT PUREGYM,37.1,subscriptions,simulated_bank_transactions_uk
2024-07-01,contactless/bill/payment/octopus/energy 814814,226.75,utilities,simulated_bank_transactions_uk
2024-06-15,FUEL-UBER-CAR-MAINTENANCE,101.25,transportation,simulated_bank_transactions_uk
2023-09-01,utility bill severn trent 634955,134.82,utilities,simulated_bank_transactions_uk
2024-11-29,card pmt lidl milk 759751,59.74,groceries,simulated_bank_transactions_uk
2024-07-09,Pos Online Purchase Hmrc Online Purcha,249.71,other,simulated_bank_transactions_uk
2024-09-22,BACS DIRECT DEBIT SEVERN TRENT 4063,117.73,utilities,simulated_bank_transactions_uk
2024-10-30,UTILITY/BILL/EE 81527,179.92,utilities,simulated_bank_transactions_uk
2023-11-11,Card Payment Gym Group 593802,4.51,subscriptions,simulated_bank_transactions_uk
2023-07-03,Food Delivery Nando's Food Delivery 536068,134.58,dining,simulated_bank_transactions_uk
2024-04-22,FUEL-BOLT-UBER-RIDE 270462,62.71,transportation,simulated_bank_transactions_uk
2024-07-23,pos sainsburys vegetables 383923,98.64,groceries,simulated_bank_transactions_uk
2023-03-23,pos contactless tesco milk 116478,118.02,groceries,simulated_bank_transactions_uk
2023-03-07,direct-debit-bt 496568,154.59,utilities,simulated_bank_transactions_uk
2023-10-10,CARD*PMT*BP*BUS*PASS 248807,107.7,transportation,simulated_bank_transactions_uk
2024-10-07,Direct-Debit-Sky 142004,54.9,utilities,simulated_bank_transactions_uk
2024-11-01,card payment morrisons milk 206098,50.37,groceries,simulated_bank_transactions_uk
2023-02-12,CONTACTLESS ICELAND CEREAL 688107,118.08,groceries,simulated_bank_transactions_uk
2023-09-23,food delivery greggs fast food,14.43,dining,simulated_bank_transactions_uk
2023-12-28,MASTERCARD CARD PAYMENT HMRC ONLINE PURCHASE,170.56,other,simulated_bank_transactions_uk
2023-12-25,FUEL*NATIONAL*RAIL*UBER*RIDE,84.88,transportation,simulated_bank_transactions_uk
2023-03-21,Card Pmt Lidl Cereal 593840,27.07,groceries,simulated_bank_transactions_uk
2024-11-28,pos iceland vegetables 292822,116.22,groceries,simulated_bank_transactions_uk
2023-05-27,FUEL ESSO FUEL,122.87,transportation,simulated_bank_transactions_uk
2024-02-22,Contactless Asda Vegetables 676124,70.32,groceries,simulated_bank_transactions_uk
2023-10-29,MORTGAGE-PMT-RENT 779910,1379.56,housing,simulated_bank_transactions_uk
2023-10-25,FPS FOOD DELIVERY MCDONALDS FAST FOOD 131104,62.09,dining,simulated_bank_transactions_uk
2024-09-15,rent payment rent 57023,689.58,housing,simulated_bank_transactions_uk
2024-06-04,Card Pmt Iceland Vegetables 265287,104.61,groceries,simulated_bank_transactions_uk
2024-01-23,DIRECT/DEBIT/PUREGYM 131273,42.54,subscriptions,simulated_bank_transactions_uk
2023-06-03,Direct Debit Gym Group 107960,30.94,subscriptions,simulated_bank_transactions_uk
2023-08-18,Bill Payment British Gas,249.47,utilities,simulated_bank_transactions_uk
2023-05-05,CARD*PAYMENT*STARBUCKS*CAFE,88.54,dining,simulated_bank_transactions_uk
2024-09-13,Direct-Debit-Google-*services 229504,36.73,subscriptions,simulated_bank_transactions_uk
2023-11-21,Transport Trainline Car Maintenance,73.81,transportation,simulated_bank_transactions_uk
2023-09-07,Pos Utility Bill E.on 518736,93.87,utilities,simulated_bank_transactions_uk
2023-11-19,Pos Utility Bill Sky 127389,79.26,utilities,simulated_bank_transactions_uk
2024-03-31,card pmt kfc res,112.43,dining,simulated_bank_transactions_uk
2023-12-27,CARD PAYMENT UBER EATS CAFE 541948,61.09,dining,simulated_bank_transactions_uk
2024-10-31,Card Pmt Just Eat Restaurant 627735,146.77,dining,simulated_bank_transactions_uk
2024-03-04,Transport/Trainline/Train/Ticket 338805,63.96,transportation,simulated_bank_transactions_uk
2023-09-08,POS WAITROSE EGGS,185.51,groceries,simulated_bank_transactions_uk
2024-11-12,Card Pmt Spotify,31.64,subscriptions,simulated_bank_transactions_uk
2023-12-16,CONTACTLESS ASDA CHICKEN 600206,160.19,groceries,simulated_bank_transactions_uk
2024-06-01,Bill Payment Severn Trent 99373,121.0,utilities,simulated_bank_transactions_uk
2023-07-22,fps card payment currys electronics,125.07,other,simulated_bank_transactions_uk
2023-05-04,bacs rent rent 488392,674.04,housing,simulated_bank_transactions_uk
2024-04-26,Fuel Bolt Car Maintenance 113838,100.17,transportation,simulated_bank_transactions_uk
2024-03-17,restaurant/kfc/fast/food 652899,139.77,dining,simulated_bank_transactions_uk
2023-05-16,CARD PAYMENT MORRISONS EGGS 309002,198.04,groceries,simulated_bank_transactions_uk
2024-03-08,Card Payment National Rail Car Maintenance,128.77,transportation,simulated_bank_transactions_uk
2023-09-05,UTILITY BILL BT 770151,188.78,utilities,simulated_bank_transactions_uk
2023-12-11,SO RESTAURANT COSTA RESTAURANT 177366,57.21,dining,simulated_bank_transactions_uk
2023-02-16,Restaurant-Just-Eat-Restaurant 878431,159.09,dining,simulated_bank_transactions_uk
2024-02-23,contactless tesco vegetables 701771,190.23,groceries,simulated_bank_transactions_uk
2024-05-03,food-delivery-starbucks-cafe 520037,49.84,dining,simulated_bank_transactions_uk
2024-08-26,food/delivery/uber/eats/fast/food 341564,117.17,dining,simulated_bank_transactions_uk
2023-01-08,BACS RENT RENT,779.87,housing,simulated_bank_transactions_uk
2024-04-09,RESTAURANT KFC FOOD DELIVERY 184,109.46,dining,simulated_bank_transactions_uk
2024-08-25,bill pmt scottishpower,66.53,utilities,simulated_bank_transactions_uk
2024-05-20,so utility bill e.on 69603,79.58,utilities,simulated_bank_transactions_uk
2024-06-21,Direct Debit Ee 295065,146.65,utilities,simulated_bank_transactions_uk
2024-01-29,Restaurant Mcdonalds Cafe 431033,49.21,dining,simulated_bank_transactions_uk
2023-02-12,UTILITY BILL THAMES WATER 774406,249.08,utilities,simulated_bank_transactions_uk
2023-10-12,card pmt gym group 302958,21.65,subscriptions,simulated_bank_transactions_uk
2023-10-19,Food-Delivery-Kfc-Food-Delivery 472614,20.42,dining,simulated_bank_transactions_uk
2024-03-25,So Pos Waitrose Chicken,58.4,groceries,simulated_bank_transactions_uk
2023-09-23,Bacs Card Payment Aldi Eggs,61.25,groceries,simulated_bank_transactions_uk
2024-11-13,pos-purchase-currys-online-purchase 842553,231.36,other,simulated_bank_transactions_uk
2024-06-04,Direct/Debit/Scottishpower 996664,73.61,utilities,simulated_bank_transactions_uk
2023-02-10,direct debit apple.com/bill 566071,28.53,subscriptions,simulated_bank_transactions_uk
2023-07-19,POS PURCHASE BOOTS ELE,135.87,other,simulated_bank_transactions_uk
2023-10-16,Contactless Contactless Morrisons Milk 796572,77.06,groceries,simulated_bank_transactions_uk
2024-03-31,bacs bacs letting agent rent 34,1311.08,housing,simulated_bank_transactions_uk
2023-04-23,Fuel Trainline Fuel 274426,42.7,transportation,simulated_bank_transactions_uk
2024-03-18,Card Pmt Mcdonalds Restaurant,73.88,dining,simulated_bank_transactions_uk
2023-10-13,Transport Shell Uber Ride,121.3,transportation,simulated_bank_transactions_uk
2023-03-22,CARD PMT UBER EATS RESTAURANT,155.11,dining,simulated_bank_transactions_uk
2023-12-01,so food delivery mcdonalds fast food,117.74,dining,simulated_bank_transactions_uk
2024-10-07,pos pos tesco vegetables,58.84,groceries,simulated_bank_transactions_uk
2023-11-19,Restaurant Mcdonalds Restaurant,114.56,dining,simulated_bank_transactions_uk
2024-12-23,bacs letting agent rent 405081,1321.74,housing,simulated_bank_transactions_uk
2024-07-25,SUBSCRIPTION GOOGLE *SERVICES,11.81,subscriptions,simulated_bank_transactions_uk
2024-10-04,FOOD DELIVERY JUST EAT RESTAURANT 2608,152.12,dining,simulated_bank_transactions_uk
2023-08-14,pos waitrose eggs 227738,119.34,groceries,simulated_bank_transactions_uk
2024-05-11,Card-Payment-Starbucks-Food-Delivery 222548,77.87,dining,simulated_bank_transactions_uk
2023-07-23,Direct Debit Apple.com/bill 158851,15.59,subscriptions,simulated_bank_transactions_uk
2023-08-08,visa restaurant costa restaurant,152.38,dining,simulated_bank_transactions_uk
2024-09-17,CARD PMT WAITROSE BREAD 257904,100.68,groceries,simulated_bank_transactions_uk
2024-12-05,contactless iceland eggs 930536,12.57,groceries,simulated_bank_transactions_uk
2023-08-29,Bill Pmt O2 682640,173.29,utilities,simulated_bank_transactions_uk
2023-07-04,Direct Debit Food Delivery Greggs Cafe 267076,87.22,dining,simulated_bank_transactions_uk
2024-11-15,rent pmt rent 915483,2006.31,housing,simulated_bank_transactions_uk
2024-07-10,card pmt esso fu,84.5,transportation,simulated_bank_transactions_uk
2023-10-22,STO TRANSPORT ESSO UBER RIDE 292255,32.21,transportation,simulated_bank_transactions_uk
2024-11-09,card-pmt-bp-fuel,46.9,transportation,simulated_bank_transactions_uk
2023-11-23,fuel/shell/train/ticket,66.13,transportation,simulated_bank_transactions_uk
2024-12-22,Restaurant Starbucks Food Delivery 39607,113.03,dining,simulated_bank_transactions_uk
2024-05-15,Pos Contactless Tesco Cereal,168.82,groceries,simulated_bank_transactions_uk
2023-10-02,Card Payment Starbucks Fast Food 419489,9.49,dining,simulated_bank_transactions_uk
2023-11-27,transport*trainline*fuel,10.39,transportation,simulated_bank_transactions_uk
2024-03-28,direct debit vodafone 675062,121.64,utilities,simulated_bank_transactions_uk
2023-10-02,FUEL BP BUS PASS 420320,127.91,transportation,simulated_bank_transactions_uk
2023-02-16,FUEL BP TRAIN TICKET 424746,48.9,transportation,simulated_bank_transactions_uk
2023-06-20,STO UTILITY BILL BT,77.01,utilities,simulated_bank_transactions_uk
2024-09-20,FUEL TFL UBER RIDE 19191,132.81,transportation,simulated_bank_transactions_uk
2023-01-21,food delivery deliveroo fast food 58456,98.77,dining,simulated_bank_transactions_uk
2023-04-03,card/pmt/currys/online/purchase 620478,201.2,other,simulated_bank_transactions_uk
2024-07-20,FPS/DIRECT/DEBIT/APPLE.COM/BILL 344213,41.4,subscriptions,simulated_bank_transactions_uk
2024-01-06,Pos Aldi Milk,106.14,groceries,simulated_bank_transactions_uk
2024-02-10,Fuel Esso Train Ticket,117.66,transportation,simulated_bank_transactions_uk
2023-06-15,Mortgage Pmt Mortgage 95552,1099.79,housing,simulated_bank_transactions_uk
2024-07-20,direct*debit*rent*payment*letting*agent,1290.76,housing,simulated_bank_transactions_uk
2023-01-21,Restaurant Nando's Restaurant 176937,10.59,dining,simulated_bank_transactions_uk
2024-02-12,Card Pmt Puregym,8.2,subscriptions,simulated_bank_transactions_uk
2023-11-05,Subscription Spotify,10.43,subscriptions,simulated_bank_transactions_uk
2023-05-07,Pos/Card/Payment/Iceland/Rice 800229,11.59,groceries,simulated_bank_transactions_uk
2023-05-15,Card Payment Spotify 271743,30.87,subscriptions,simulated_bank_transactions_uk
2023-03-20,Direct/Debit/Amazon/Prime 638813,39.34,subscriptions,simulated_bank_transactions_uk
2024-07-08,Contactless Iceland Fruit,8.93,groceries,simulated_bank_transactions_uk
2024-08-25,POS FOOD DELIVERY NANDO'S FAST FOOD 422084,19.81,dining,simulated_bank_transactions_uk
2023-11-16,subscription amazon prime,38.09,subscriptions,simulated_bank_transactions_uk
2023-01-24,SUBSCRIPTION NETFLIX 705348,25.01,subscriptions,simulated_bank_transactions_uk
2023-09-28,utility bill british gas 479799,72.63,utilities,simulated_bank_transactions_uk
2023-10-26,Card/Pmt/Hmrc/Electronics 104054,119.44,other,simulated_bank_transactions_uk
2024-07-28,Contactless Card Payment Bolt Train Ticket,135.43,transportation,simulated_bank_transactions_uk
2024-06-30,Bill Payment British Gas 646775,238.3,utilities,simulated_bank_transactions_uk
2024-05-23,CONTACTLESS FUEL TFL FUEL 149263,4.38,transportation,simulated_bank_transactions_uk
2023-04-21,Card Payment Just Eat Food Delivery,123.22,dining,simulated_bank_transactions_uk
2024-02-11,FUEL-BP-CAR-MAINTENANCE 839473,136.58,transportation,simulated_bank_transactions_uk
2024-07-30,STO CARD PAYMENT SPOTIFY 968294,19.16,subscriptions,simulated_bank_transactions_uk
2024-10-07,card payment waitrose chicken,69.82,groceries,simulated_bank_transactions_uk
2023-08-01,CARD*PMT*AMAZON*ONLINE*PURCHASE,141.54,other,simulated_bank_transactions_uk
2023-03-27,BACS-LANDLORD-RENT 945732,1569.78,housing,simulated_bank_transactions_uk
2024-08-03,CARD PAYMENT TESCO CEREAL 17709,107.06,groceries,simulated_bank_transactions_uk
2023-09-16,CARD DIRECT DEBIT NETFLIX 316029,35.46,subscriptions,simulated_bank_transactions_uk
2023-02-07,Card Pmt Bolt Bus Pass 88484,117.14,transportation,simulated_bank_transactions_uk
2023-01-06,Utility Bill Bt 408821,165.7,utilities,simulated_bank_transactions_uk
2024-05-15,so bill payment severn trent 764368,202.43,utilities,simulated_bank_transactions_uk
2023-08-30,Bacs/Card/Payment/Shell/Bus/Pass,134.41,transportation,simulated_bank_transactions_uk
2023-03-25,Direct Debit Bt 10564,145.89,utilities,simulated_bank_transactions_uk
2024-01-20,bacs mortgage rent,1733.85,housing,simulated_bank_transactions_uk
2023-05-05,Mastercard Contactless Lidl Milk,36.61,groceries,simulated_bank_transactions_uk
2023-04-27,Contactless Waitrose Cereal 618738,174.6,groceries,simulated_bank_transactions_uk
2024-10-03,Card Pmt Sainsburys Fruit 462897,101.56,groceries,simulated_bank_transactions_uk
2024-07-14,Card Pmt Amazon Prime 60030,9.73,subscriptions,simulated_bank_transactions_uk
2024-03-21,bacs fuel shell uber ride 536332,42.95,transportation,simulated_bank_transactions_uk
2024-09-21,online purchase hmrc pharmacy 935196,132.05,other,simulated_bank_transactions_uk
2023-05-25,Rent Payment Landlord 229939,1657.84,housing,simulated_bank_transactions_uk
2024-01-16,direct-debit-severn-trent 873208,213.66,utilities,simulated_bank_transactions_uk
2023-08-04,Fuel Bp Bus Pass 579461,67.15,transportation,simulated_bank_transactions_uk
2023-05-19,Bacs Letting Agent Rent 243274,1766.2,housing,simulated_bank_transactions_uk
2024-03-02,pos lidl cereal 660038,6.92,groceries,simulated_bank_transactions_uk
2023-01-06,CARD PMT ICELAND CEREAL,18.07,groceries,simulated_bank_transactions_uk
2023-04-07,bill payment ee,71.83,utilities,simulated_bank_transactions_uk
2024-10-01,sto card pmt bp bus pass 376589,15.07,transportation,simulated_bank_transactions_uk
2024-10-13,card payment bp train ticke,11.21,transportation,simulated_bank_transactions_uk
2023-01-15,food delivery pret fast food 201981,58.47,dining,simulated_bank_transactions_uk
2024-03-12,Bacs-Rent-Rent 550795,1090.49,housing,simulated_bank_transactions_uk
2024-02-17,Food*Delivery*Just*Eat*Food*Delivery 52191,61.93,dining,simulated_bank_transactions_uk
2024-11-06,Mortgage Payment Letting Agent,1488.58,housing,simulated_bank_transactions_uk
2023-08-10,POS LIDL EGGS,25.08,groceries,simulated_bank_transactions_uk
2023-05-10,Bill-Pmt-Scottishpower 286805,157.46,utilities,simulated_bank_transactions_uk
2024-01-28,Direct*Debit*Netflix 281308,30.44,subscriptions,simulated_bank_transactions_uk
2024-09-22,UTILITY/BILL/VODAFONE 731609,167.12,utilities,simulated_bank_transactions_uk
2023-01-03,Card Food Delivery Greggs Cafe 467036,37.44,dining,simulated_bank_transactions_uk
2024-09-21,CARD-PMT-DISNEY+,7.74,subscriptions,simulated_bank_transactions_uk
2023-01-01,Contactless Lidl Eggs,97.72,groceries,simulated_bank_transactions_uk
2024-03-26,CONTACTLESS DIRECT DEBIT OCTOPUS ENERGY 673501,57.19,utilities,simulated_bank_transactions_uk
2024-05-27,So Fuel Bolt Fuel,47.14,transportation,simulated_bank_transactions_uk
2024-01-22,CARD PAYMENT SPOTIFY 161617,26.97,subscriptions,simulated_bank_transactions_uk
2024-06-18,Direct/Debit/Apple.com/bill 451304,18.55,subscriptions,simulated_bank_transactions_uk
2023-08-08,Utility-Bill-Bt 499984,232.57,utilities,simulated_bank_transactions_uk
2024-03-23,pos purchase nhs pharmacy 380212,178.7,other,simulated_bank_transactions_uk
2023-09-14,restaurant uber eats cafe 494617,112.74,dining,simulated_bank_transactions_uk
2023-07-02,RESTAURANT NANDO'S CAFE,106.07,dining,simulated_bank_transactions_uk
2024-11-17,Card Pmt Tesco Vegetables 378426,171.8,groceries,simulated_bank_transactions_uk
2024-07-27,DIRECT DEBIT O2 485802,75.24,utilities,simulated_bank_transactions_uk
2023-07-03,Mastercard Mortgage Pmt Landlord 508255,1242.81,housing,simulated_bank_transactions_uk
2024-01-05,mortgage/pmt/letting/agent 680642,953.55,housing,simulated_bank_transactions_uk
2023-12-03,card payment esso uber ride 650670,82.89,transportation,simulated_bank_transactions_uk
2024-05-29,Pos Asda Vegetables,183.58,groceries,simulated_bank_transactions_uk
2024-10-24,mortgage pmt letting agen,1073.19,housing,simulated_bank_transactions_uk
2024-12-13,bill-payment-ee 3161,118.6,utilities,simulated_bank_transactions_uk
2024-08-08,RESTAURANT GREGGS FOOD DELIVERY 619520,101.92,dining,simulated_bank_transactions_uk
2024-10-09,Direct Debit Amazon Prime,44.89,subscriptions,simulated_bank_transactions_uk
2024-10-25,Card*Pmt*Uber*Train*Ticket 639040,67.34,transportation,simulated_bank_transactions_uk
2023-01-30,Subscription Spotify,5.57,subscriptions,simulated_bank_transactions_uk
2023-07-01,Restaurant Pret Fast Food 454484,114.37,dining,simulated_bank_transactions_uk
2023-05-03,BACS LANDLORD RENT 786657,778.38,housing,simulated_bank_transactions_uk
2024-07-11,Contactless Lidl Milk 450248,66.28,groceries,simulated_bank_transactions_uk
2023-01-18,bill pmt scottishpower 140292,178.95,utilities,simulated_bank_transactions_uk
2023-06-23,BILL PAYMENT SCOTTISHPOWER,235.97,utilities,simulated_bank_transactions_uk
2024-01-11,Fps*Mortgage*Payment*Rent 645335,1769.31,housing,simulated_bank_transactions_uk
2024-11-14,Fuel Bp Fuel 806962,59.46,transportation,simulated_bank_transactions_uk
2024-05-28,FOOD DELIVERY NANDO'S RESTAURANT,34.91,dining,simulated_bank_transactions_uk
2024-03-30,Contactless-Tesco-Chicken,21.37,groceries,simulated_bank_transactions_uk
2024-02-24,CONTACTLESS-WAITROSE-RICE 702904,139.3,groceries,simulated_bank_transactions_uk
2024-07-28,Contactless*Iceland*Milk 612607,65.68,groceries,simulated_bank_transactions_uk
2024-12-14,Utility-Bill-E.on 175473,134.57,utilities,simulated_bank_transactions_uk
2023-04-03,card payment asda cereal 846182,22.19,groceries,simulated_bank_transactions_uk
2024-08-28,Contactless-Waitrose-Bread 287102,41.2,groceries,simulated_bank_transactions_uk
2023-01-11,DIRECT DEBIT FOOD DELIVERY COSTA RESTAURANT 103294,123.84,dining,simulated_bank_transactions_uk
2023-09-10,pos waitrose vegetables 355552,94.77,groceries,simulated_bank_transactions_uk
2023-05-16,UTILITY BILL SCOTTISHPOWER,200.64,utilities,simulated_bank_transactions_uk
2023-07-02,Utility/Bill/Octopus/Energy,190.89,utilities,simulated_bank_transactions_uk
2023-08-20,Contactless Direct Debit Ee 465430,99.15,utilities,simulated_bank_transactions_uk
2023-07-01,so direct debit amazon prime,40.23,subscriptions,simulated_bank_transactions_uk
2023-09-28,Card Payment Nhs Pharmacy 570862,175.3,other,simulated_bank_transactions_uk
2023-12-24,card payment iceland vegetables 723513,117.85,groceries,simulated_bank_transactions_uk
2024-10-08,SUBSCRIPTION GYM GROUP,22.44,subscriptions,simulated_bank_transactions_uk
2024-08-22,Bacs/Food/Delivery/Pret/Fast/Food,10.69,dining,simulated_bank_transactions_uk
2024-12-20,BILL PMT VODAFONE 618424,158.65,utilities,simulated_bank_transactions_uk
2024-12-17,Transport Bp Bus Pass 957010,30.63,transportation,simulated_bank_transactions_uk
2023-10-03,ONLINE PURCHASE AMAZON ELECTRONICS,207.97,other,simulated_bank_transactions_uk
2024-04-23,pos tesco rice 572294,55.35,groceries,simulated_bank_transactions_uk
2024-10-08,BILL PAYMENT VODAF,146.5,utilities,simulated_bank_transactions_uk
2023-11-27,contactless morrisons eggs 119574,96.11,groceries,simulated_bank_transactions_uk
2023-02-04,UTILITY/BILL/BRITISH/GAS 386935,179.7,utilities,simulated_bank_transactions_uk
2023-01-09,Bill*Payment*Ee 251937,172.93,utilities,simulated_bank_transactions_uk
2024-10-25,Pos Waitrose Cereal 724798,70.27,groceries,simulated_bank_transactions_uk
2023-11-10,rent payment rent,2065.38,housing,simulated_bank_transactions_uk
2024-03-25,pos lidl eggs 506613,151.65,groceries,simulated_bank_transactions_uk
2024-12-12,Subscription Netflix 517889,28.34,subscriptions,simulated_bank_transactions_uk
2023-09-07,direct debit fuel esso fuel 601969,67.35,transportation,simulated_bank_transactions_uk
2024-05-09,Mastercard/Bill/Pmt/E.on,166.22,utilities,simulated_bank_transactions_uk
2023-08-28,bacs*restaurant*uber*eats*food*delivery,11.22,dining,simulated_bank_transactions_uk
2024-03-12,CARD-PMT-PUREGYM 688923,8.42,subscriptions,simulated_bank_transactions_uk
2023-01-30,Card Payment Puregym 239704,20.43,subscriptions,simulated_bank_transactions_uk
2024-09-03,Contactless Aldi Eggs,184.86,groceries,simulated_bank_transactions_uk
2024-08-04,pos purchase boots electronics 735956,52.02,other,simulated_bank_transactions_uk
2023-02-25,card payment puregym 899048,31.2,subscriptions,simulated_bank_transactions_uk
2023-05-25,Sto Card Pmt Boots Pharmacy,198.84,other,simulated_bank_transactions_uk
2024-04-16,DIRECT*DEBIT*APPLE.COM/BILL 924913,20.24,subscriptions,simulated_bank_transactions_uk
2023-06-26,contactless aldi eggs,44.08,groceries,simulated_bank_transactions_uk
2023-07-28,utility bill vodafone 796042,68.38,utilities,simulated_bank_transactions_uk
2024-07-22,fuel tfl train t,23.27,transportation,simulated_bank_transactions_uk
2023-06-13,Card Payment Gym Group 230096,4.2,subscriptions,simulated_bank_transactions_uk
2024-02-08,Fps Utility Bill Vodafone 393781,154.21,utilities,simulated_bank_transactions_uk
2024-04-19,pos food delivery kfc cafe,108.61,dining,simulated_bank_transactions_uk
2023-11-22,Fps Card Payment Deliveroo Restaurant 581804,65.07,dining,simulated_bank_transactions_uk
2023-12-01,Subscription Disney+ 212514,20.4,subscriptions,simulated_bank_transactions_uk
2024-03-10,CARD BACS LANDLORD RENT 294520,1782.08,housing,simulated_bank_transactions_uk
2024-11-16,Food Delivery Starbucks Restaurant,58.76,dining,simulated_bank_transactions_uk
2024-09-15,food-delivery-kfc-restaurant 923699,39.36,dining,simulated_bank_transactions_uk
2023-12-15,so contactless asda,76.98,groceries,simulated_bank_transactions_uk
2024-02-12,card pmt bolt uber ride 123104,86.26,transportation,simulated_bank_transactions_uk
2024-05-26,Mortgage Payment Rent 7775,1006.61,housing,simulated_bank_transactions_uk
2023-04-06,card pmt iceland rice 902397,63.88,groceries,simulated_bank_transactions_uk
2023-10-19,UTILITY/BILL/VODAFONE,125.04,utilities,simulated_bank_transactions_uk
2024-03-07,Direct Debit E.on 752914,33.18,utilities,simulated_bank_transactions_uk
2023-04-19,Card Payment Morrisons Fruit 495902,138.06,groceries,simulated_bank_transactions_uk
2023-04-14,MASTERCARD-TRANSPORT-ESSO-UBER-RIDE 836928,49.79,transportation,simulated_bank_transactions_uk
2023-01-13,card pmt uber eats cafe 246843,129.55,dining,simulated_bank_transactions_uk
2024-01-29,CONTACTLESS ASDA EGGS 512357,117.06,groceries,simulated_bank_transactions_uk
2024-11-17,Card Card Payment Nando's Restaurant 759286,80.35,dining,simulated_bank_transactions_uk
2023-09-22,CARD*PMT*SHELL*UBER*RIDE 691538,43.81,transportation,simulated_bank_transactions_uk
2024-04-06,CARD PMT NANDO'S RESTAURANT 19776,98.56,dining,simulated_bank_transactions_uk
2024-07-01,transport/shell/fuel,100.26,transportation,simulated_bank_transactions_uk
2024-03-10,Card/Pmt/Hmrc/Online/Purchase 601692,197.02,other,simulated_bank_transactions_uk
2023-03-23,TRANSPORT ESSO FUEL 4479,122.1,transportation,simulated_bank_transactions_uk
2024-12-25,CARD*PMT*ALDI*VEGETABLES 778547,189.9,groceries,simulated_bank_transactions_uk
2024-09-21,food delivery costa fast food,84.81,dining,simulated_bank_transactions_uk
2024-04-20,FOOD DELIVERY DELIVEROO CAFE 49465,72.41,dining,simulated_bank_transactions_uk
2024-04-16,Pos Direct Debit Ee 4933,228.96,utilities,simulated_bank_transactions_uk
2023-09-16,utility bill bt 109150,186.3,utilities,simulated_bank_transactions_uk
2023-01-25,Pos Card Payment Shell Bus Pass 631762,107.82,transportation,simulated_bank_transactions_uk
2024-03-03,card pmt tfl train ticket 831174,42.47,transportation,simulated_bank_transactions_uk
2023-02-06,card/pmt/asda/vegetables 84601,63.05,groceries,simulated_bank_transactions_uk
2024-06-28,Sto Card Payment Just Eat Food Delivery,118.45,dining,simulated_bank_transactions_uk
2024-07-01,food-delivery-kfc-fast-food 667219,32.16,dining,simulated_bank_transactions_uk
2024-03-17,CARD PMT WAITROSE EGGS 500701,128.42,groceries,simulated_bank_transactions_uk
2024-12-06,So Bacs Mortgage Rent,2156.37,housing,simulated_bank_transactions_uk
2023-12-01,card-payment-uber-eats-cafe 494774,11.3,dining,simulated_bank_transactions_uk
2024-10-15,direct debit vodafone 372548,168.2,utilities,simulated_bank_transactions_uk
2023-03-22,DIRECT DEBIT PUREGYM,19.66,subscriptions,simulated_bank_transactions_uk
2023-01-23,DIRECT*DEBIT*E.ON,124.29,utilities,simulated_bank_transactions_uk
2023-03-23,Contactless Sainsburys Chicken 156512,145.71,groceries,simulated_bank_transactions_uk
2023-07-16,CARD-PAYMENT-SPOTIFY,43.57,subscriptions,simulated_bank_transactions_uk
2024-07-06,Restaurant Costa Food Delivery 641026,100.42,dining,simulated_bank_transactions_uk
2023-02-20,mortgage/pmt/landlord,1726.1,housing,simulated_bank_transactions_uk
2024-03-23,Bill Pmt Sky 980620,75.57,utilities,simulated_bank_transactions_uk
2024-11-18,DIRECT DEBIT SEVERN TRENT 316825,90.06,utilities,simulated_bank_transactions_uk
2024-11-25,POS CARD PMT LIDL FRUIT 738328,182.4,groceries,simulated_bank_transactions_uk
2023-01-20,bill pmt british gas 316732,120.69,utilities,simulated_bank_transactions_uk
2024-04-18,Subscription-Puregym 261659,15.27,subscriptions,simulated_bank_transactions_uk
2023-08-19,Restaurant Uber Eats Food Delivery 382351,20.06,dining,simulated_bank_transactions_uk
2024-09-18,contactless*aldi*vegetables 291640,48.11,groceries,simulated_bank_transactions_uk
2024-08-25,Utility*Bill*Scottishpower 234236,219.34,utilities,simulated_bank_transactions_uk
2024-02-03,TRANSPORT UBER CAR MAINTENANCE 357921,47.37,transportation,simulated_bank_transactions_uk
2023-12-15,transport/uber/car/maintenance 795981,3.73,transportation,simulated_bank_transactions_uk
2024-05-25,FPS-DIRECT-DEBIT-THAMES-WATER 9613,60.67,utilities,simulated_bank_transactions_uk
2023-09-19,Pos Asda Eggs 994221,136.23,groceries,simulated_bank_transactions_uk
2024-10-08,Transport/Esso/Car/Maintenance,135.55,transportation,simulated_bank_transactions_uk
2024-06-26,CARD PMT BOLT BUS PASS 391344,13.47,transportation,simulated_bank_transactions_uk
2024-04-07,Bill Payment E.on,201.45,utilities,simulated_bank_transactions_uk
2024-08-21,card pmt nando's restaurant,29.16,dining,simulated_bank_transactions_uk
2024-03-01,Fps*Pos*Aldi*Vegetables,115.15,groceries,simulated_bank_transactions_uk
2023-10-18,So-Pos-Purchase-Hmrc-Online-Purchase 19297,188.59,other,simulated_bank_transactions_uk
2024-01-20,Mastercard Card Pmt Starbucks Cafe 936096,158.4,dining,simulated_bank_transactions_uk
2023-05-07,visa rent pmt mortgage 304208,1236.56,housing,simulated_bank_transactions_uk
2023-04-24,contactless waitrose rice 483952,46.2,groceries,simulated_bank_transactions_uk
2024-02-15,card payment greggs fast food 782359,139.06,dining,simulated_bank_transactions_uk
2024-03-04,Contactless Card Payment Pret Food Delivery 53486,121.45,dining,simulated_bank_transactions_uk
2024-01-07,MORTGAGE*PAYMENT*LANDLORD 405617,1145.08,housing,simulated_bank_transactions_uk
2024-06-29,food delivery just eat food delivery,82.86,dining,simulated_bank_transactions_uk
2024-04-20,BILL PMT SKY 620930,141.29,utilities,simulated_bank_transactions_uk
2023-07-01,UTILITY*BILL*VODAFONE,61.89,utilities,simulated_bank_transactions_uk
2023-12-09,Transport/National/Rail/Uber/Ride 481354,75.51,transportation,simulated_bank_transactions_uk
2023-04-11,DIRECT DEBIT GYM GROUP,32.02,subscriptions,simulated_bank_transactions_uk
2024-02-25,Direct Debit Scottishpower 660355,253.95,utilities,simulated_bank_transactions_uk
2023-05-22,POS WAITROSE MILK 9,125.68,groceries,simulated_bank_transactions_uk
2024-02-23,restaurant deliveroo restaurant,97.93,dining,simulated_bank_transactions_uk
2023-06-20,contactless-mortgage-payment-letting-agent,1595.21,housing,simulated_bank_transactions_uk
2024-01-15,Card Payment Greggs Cafe 978270,111.08,dining,simulated_bank_transactions_uk
2023-07-17,Pos Tesco Fruit,112.65,groceries,simulated_bank_transactions_uk
2023-09-03,BACS MORTGAGE RENT 520180,1359.54,housing,simulated_bank_transactions_uk
2023-10-28,POS*ICELAND*RICE 14228,67.93,groceries,simulated_bank_transactions_uk
2024-04-17,Direct-Debit-Card-Payment-Asda-Milk 61611,45.37,groceries,simulated_bank_transactions_uk
2023-09-05,Fuel/Bolt/Car/Maintenance 521067,63.22,transportation,simulated_bank_transactions_uk
2023-04-24,BACS/SUBSCRIPTION/PUREGYM,24.51,subscriptions,simulated_bank_transactions_uk
2023-06-13,CARD PAYMENT AMAZON PRIME 329069,39.76,subscriptions,simulated_bank_transactions_uk
2023-02-03,contactless aldi bread 459943,6.34,groceries,simulated_bank_transactions_uk
2024-04-26,FOOD DELIVERY UBER EATS CAFE 650275,139.39,dining,simulated_bank_transactions_uk
2023-09-24,Mortgage-Payment-Landlord 816780,1863.72,housing,simulated_bank_transactions_uk
2024-09-13,POS-RENT-PAYMENT-MORTGAGE 401809,837.52,housing,simulated_bank_transactions_uk
2023-03-03,Card Payment Deliveroo Restaurant,72.97,dining,simulated_bank_transactions_uk
2023-02-10,utility bill octopus energy 433870,219.65,utilities,simulated_bank_transactions_uk
2024-03-26,UTILITY-BILL-BRITISH-GAS,172.88,utilities,simulated_bank_transactions_uk
2023-09-26,fuel*tfl*uber*ride 339647,16.3,transportation,simulated_bank_transactions_uk
2023-04-25,CARD DIRECT DEBIT APPLE.COM/BILL 157421,34.9,subscriptions,simulated_bank_transactions_uk
2023-12-14,RESTAURANT JUST EAT FOOD DELIVERY 315786,69.0,dining,simulated_bank_transactions_uk
2023-08-04,POS*LIDL*RICE 852625,160.13,groceries,simulated_bank_transactions_uk
2023-03-17,direct debit thames water 477263,175.88,utilities,simulated_bank_transactions_uk
2023-09-24,Fuel Trainline Fuel 770274,105.85,transportation,simulated_bank_transactions_uk
2024-04-06,Utility Bill Vodafone 815809,102.71,utilities,simulated_bank_transactions_uk
2023-05-24,CARD PAYMENT NANDO'S FOOD DELIVERY 117249,97.14,dining,simulated_bank_transactions_uk
2024-01-15,card/payment/sainsburys/chicken 668084,10.06,groceries,simulated_bank_transactions_uk
2023-06-12,food delivery uber eats food delivery 601335,52.53,dining,simulated_bank_transactions_uk
2024-03-26,so restaurant pret food delivery 276435,78.67,dining,simulated_bank_transactions_uk
2024-12-12,RESTAURANT COSTA FAST FOOD 694520,120.28,dining,simulated_bank_transactions_uk
2023-09-21,POS*ALDI*CHICKEN 649268,172.53,groceries,simulated_bank_transactions_uk
2024-08-20,POS/FOOD/DELIVERY/UBER/EATS/RESTAURANT 645738,136.89,dining,simulated_bank_transactions_uk
2024-01-08,UTILITY BILL E.ON 176982,27.84,utilities,simulated_bank_transactions_uk
2023-06-24,Restaurant Deliveroo Cafe 971414,78.93,dining,simulated_bank_transactions_uk
2024-05-28,So Card Payment Currys Misc Expense 826025,148.02,other,simulated_bank_transactions_uk
2024-05-11,CONTACTLESS-DIRECT-DEBIT-SEVERN-TRENT,113.83,utilities,simulated_bank_transactions_uk
2024-01-24,Restaurant Uber Eats Cafe 534479,32.19,dining,simulated_bank_transactions_uk
2023-11-13,CARD PAYMENT SAINSBURYS BREAD 57158,71.76,groceries,simulated_bank_transactions_uk
2023-05-03,card payment iceland eggs,59.27,groceries,simulated_bank_transactions_uk
2024-08-06,Restaurant Deliveroo Food Delivery,82.31,dining,simulated_bank_transactions_uk
2024-06-20,rent payment rent,1951.96,housing,simulated_bank_transactions_uk
2024-11-11,MASTERCARD-BACS-LETTING-AGENT-RENT 621671,963.92,housing,simulated_bank_transactions_uk
2024-06-03,so pos aldi bread 736397,190.65,groceries,simulated_bank_transactions_uk
2023-02-27,POS WAITROSE BREAD 222371,194.24,groceries,simulated_bank_transactions_uk
2023-09-20,Transport/Shell/Car/Maintenance 424853,36.22,transportation,simulated_bank_transactions_uk
2024-10-28,Card Pmt Amazon Prime 479530,32.28,subscriptions,simulated_bank_transactions_uk
2024-04-12,Rent*Pmt*Mortgage,1718.94,housing,simulated_bank_transactions_uk
2023-04-04,contactless/lidl/chicken,112.64,groceries,simulated_bank_transactions_uk
2023-05-16,Food Delivery Deliveroo Restaurant,145.45,dining,simulated_bank_transactions_uk
2023-09-07,Fuel Bolt Uber Ride 462707,30.67,transportation,simulated_bank_transactions_uk
2024-07-03,Card Pmt Starbucks Cafe 335946,76.96,dining,simulated_bank_transactions_uk
2024-10-11,rent payment landlord,1144.23,housing,simulated_bank_transactions_uk
2023-03-27,card pmt lidl cereal 625919,27.7,groceries,simulated_bank_transactions_uk
2023-08-09,CARD PMT TRAINLINE UBER RIDE 249865,76.85,transportation,simulated_bank_transactions_uk
2024-08-18,Restaurant Mcdonalds Food Delivery,93.25,dining,simulated_bank_transactions_uk
2024-03-29,Card Payment Shell Uber Ride 183069,101.36,transportation,simulated_bank_transactions_uk
2024-10-12,Subscription Netflix 809156,28.15,subscriptions,simulated_bank_transactions_uk
2023-09-15,Mastercard Restaurant Nando's Cafe 827048,158.8,dining,simulated_bank_transactions_uk
2024-10-08,SUBSCRIPTION SPOTIFY 147728,15.1,subscriptions,simulated_bank_transactions_uk
2024-10-22,contactless lidl cereal 714450,105.27,groceries,simulated_bank_transactions_uk
2023-10-09,POS-BILL-PMT-EE 518776,83.52,utilities,simulated_bank_transactions_uk
2023-04-25,food delivery deliveroo food delivery 333409,102.02,dining,simulated_bank_transactions_uk
2023-11-23,Mastercard Online Purchase Ebay Misc Expense 147,123.43,other,simulated_bank_transactions_uk
2023-06-17,BACS RENT RENT 658853,1379.28,housing,simulated_bank_transactions_uk
2023-04-07,Contactless Pos Lidl Fruit 251332,136.23,groceries,simulated_bank_transactions_uk
2024-12-04,mortgage/payment/landlord 820517,1180.77,housing,simulated_bank_transactions_uk
2023-04-22,Fuel/Trainline/Train/Ticket,28.72,transportation,simulated_bank_transactions_uk
2023-11-09,STO DIRECT DEBIT GYM GROUP 655959,16.6,subscriptions,simulated_bank_transactions_uk
2024-12-02,sto-direct-debit-e.on 292945,135.89,utilities,simulated_bank_transactions_uk
2024-11-19,Utility Bill Scottishpower 927724,74.42,utilities,simulated_bank_transactions_uk
2024-02-10,CONTACTLESS POS ALDI EGGS 590224,42.42,groceries,simulated_bank_transactions_uk
2023-06-10,direct debit spotify 809371,29.02,subscriptions,simulated_bank_transactions_uk
2024-10-31,utility bill vodafone 968095,255.57,utilities,simulated_bank_transactions_uk
2023-10-03,Contactless Food Delivery Nando's Cafe 122875,125.86,dining,simulated_bank_transactions_uk
2023-11-07,pos card payment morrisons chicken 335993,97.04,groceries,simulated_bank_transactions_uk
2023-12-29,UTILITY BILL BT,103.42,utilities,simulated_bank_transactions_uk
2024-03-11,DIRECT DEBIT GOOGLE *SERVICES,22.44,subscriptions,simulated_bank_transactions_uk
2024-02-18,Fps Restaurant Deliveroo Cafe,5.88,dining,simulated_bank_transactions_uk
2023-05-24,direct debit contactless lidl fruit,73.95,groceries,simulated_bank_transactions_uk
2024-12-22,POS PURCHASE ARGOS PHARMACY 380053,7.81,other,simulated_bank_transactions_uk
2024-01-18,POS/LIDL/CHICKEN 235012,62.49,groceries,simulated_bank_transactions_uk
2023-11-30,Pos Asda Fruit 181108,159.23,groceries,simulated_bank_transactions_uk
2024-09-24,Food-Delivery-Kfc-Fast-Food 3799,128.61,dining,simulated_bank_transactions_uk
2023-09-06,transport*tfl*bus*pass,16.74,transportation,simulated_bank_transactions_uk
2024-08-30,CARD PMT ASDA CEREAL 656051,188.59,groceries,simulated_bank_transactions_uk
2024-02-04,VISA CARD PMT SHELL UBER RIDE 539200,109.81,transportation,simulated_bank_transactions_uk
2024-09-13,FOOD DELIVERY GREGGS CAFE,43.73,dining,simulated_bank_transactions_uk
2024-10-16,DIRECT DEBIT RESTAURANT PRET RESTAURANT 3957,20.72,dining,simulated_bank_transactions_uk
2023-10-19,Utility Bill Scottishpower 480090,111.82,utilities,simulated_bank_transactions_uk
2023-03-17,Contactless Lidl Eggs,176.77,groceries,simulated_bank_transactions_uk
2023-06-04,Bacs Utility Bill Vodafone 877765,218.71,utilities,simulated_bank_transactions_uk
2024-03-24,VISA-CARD-PAYMENT-GREGGS-FAST-FOOD 20776,92.08,dining,simulated_bank_transactions_uk
2023-10-26,CARD PMT MORRISONS CHICKEN 828094,113.55,groceries,simulated_bank_transactions_uk
2023-03-11,Card Payment Just Eat Fast Food 609286,124.68,dining,simulated_bank_transactions_uk
2023-11-18,BACS LANDLORD RENT 20040,1752.67,housing,simulated_bank_transactions_uk
2024-04-01,POS ONLINE PURCHASE HMRC PHARMACY,226.56,other,simulated_bank_transactions_uk
2024-04-24,So/Food/Delivery/Kfc/Fast/Food,33.54,dining,simulated_bank_transactions_uk
2024-11-24,Pos Aldi Vegetables,69.94,groceries,simulated_bank_transactions_uk
2023-01-24,Card Pmt Hmrc Pharmacy 112680,66.07,other,simulated_bank_transactions_uk
2024-05-13,Pos Waitrose Fruit 739327,88.33,groceries,simulated_bank_transactions_uk
2024-06-08,FPS DIRECT DEBIT DIS,6.47,subscriptions,simulated_bank_transactions_uk
2023-02-02,utility*bill*ee 933023,127.74,utilities,simulated_bank_transactions_uk
2024-05-18,Card Payment Boots Pharmacy,198.16,other,simulated_bank_transactions_uk
2023-03-19,UTILITY-BILL-THAMES-WATER 465471,174.08,utilities,simulated_bank_transactions_uk
2024-06-09,Pos Food Delivery Deliveroo Restaurant,87.42,dining,simulated_bank_transactions_uk
2024-04-24,DIRECT DEBIT APPLE.COM/BILL 911145,27.53,subscriptions,simulated_bank_transactions_uk
2024-12-01,Restaurant Nando's Fast Food,121.55,dining,simulated_bank_transactions_uk
2023-06-05,Transport/Tfl/Bus/Pass 744775,66.27,transportation,simulated_bank_transactions_uk
2024-08-12,CARD PAYMENT STARBUCKS RESTAURANT 74765,33.16,dining,simulated_bank_transactions_uk
2024-03-18,FPS UTILITY BILL EE,208.56,utilities,simulated_bank_transactions_uk
2023-01-07,Bacs Mortgage Ren,1540.84,housing,simulated_bank_transactions_uk
2023-08-19,Card Pmt Kfc Cafe,7.93,dining,simulated_bank_transactions_uk
2023-08-17,UTILITY BILL SEVERN TRENT 247260,85.83,utilities,simulated_bank_transactions_uk
2024-10-31,STO/RESTAURANT/DELIVEROO/FOOD/DELIVERY 299390,87.52,dining,simulated_bank_transactions_uk
2024-08-13,food delivery uber eats food delivery 265923,143.45,dining,simulated_bank_transactions_uk
2023-07-05,CARD PAYMENT ALDI EGGS,45.2,groceries,simulated_bank_transactions_uk
2024-07-07,Pos/Morrisons/Milk 474877,157.0,groceries,simulated_bank_transactions_uk
2023-11-19,CONTACTLESS DIRECT DEBIT BT,101.95,utilities,simulated_bank_transactions_uk
2023-11-07,Bacs Letting Agent Rent,973.65,housing,simulated_bank_transactions_uk
2023-08-11,card payment waitrose chicken,50.43,groceries,simulated_bank_transactions_uk
2024-03-26,DIRECT DEBIT GYM GROUP 728107,9.63,subscriptions,simulated_bank_transactions_uk
2023-08-02,Contactless Iceland Fruit 923916,9.96,groceries,simulated_bank_transactions_uk
2023-07-23,Direct/Debit/Sky 165335,128.06,utilities,simulated_bank_transactions_uk
2023-05-08,CONTACTLESS-LIDL-FRUIT 582252,120.09,groceries,simulated_bank_transactions_uk
2024-08-15,Card Contactless Tesco Eggs 206067,103.81,groceries,simulated_bank_transactions_uk
2023-08-03,RESTAURANT KFC RESTAURANT 724,30.25,dining,simulated_bank_transactions_uk
2024-01-02,POS ASDA CEREAL 930,149.43,groceries,simulated_bank_transactions_uk
2023-08-04,restaurant costa food delivery,69.34,dining,simulated_bank_transactions_uk
2023-09-19,POS PURCHASE AMAZON ELECTRONICS 983534,91.89,other,simulated_bank_transactions_uk
2024-01-25,Fuel/Shell/Fuel 592101,4.23,transportation,simulated_bank_transactions_uk
2023-04-13,Card Payment Spotify,43.42,subscriptions,simulated_bank_transactions_uk
2024-03-20,CARD/UTILITY/BILL/O2 6,221.59,utilities,simulated_bank_transactions_uk
2024-12-19,mortgage pmt letting agent,1116.08,housing,simulated_bank_transactions_uk
2023-01-17,BACS CARD PMT WAITROSE FRUIT 511959,175.81,groceries,simulated_bank_transactions_uk
2023-11-28,card payment boots pharmacy 759303,183.22,other,simulated_bank_transactions_uk
2023-01-10,SO CONTACTLESS ALDI RICE 594038,39.58,groceries,simulated_bank_transactions_uk
2024-04-26,CARD CARD PAYMENT ASDA EGGS 354536,32.34,groceries,simulated_bank_transactions_uk
2023-08-03,SUBSCRIPTION GY,28.44,subscriptions,simulated_bank_transactions_uk
2024-09-24,VISA MORTGAGE PAYMENT RENT 6,1104.28,housing,simulated_bank_transactions_uk
2023-06-28,Transport Esso Train Ticket 250215,59.86,transportation,simulated_bank_transactions_uk
2024-11-15,BACS LANDLORD RENT,1800.05,housing,simulated_bank_transactions_uk
2023-01-31,FPS*POS*SAINSBURYS*BREAD 59356,158.38,groceries,simulated_bank_transactions_uk
2024-01-18,transport*national*rail*bus*pass,57.7,transportation,simulated_bank_transactions_uk
2023-01-30,Mortgage Pmt Letting Agent 203915,1613.97,housing,simulated_bank_transactions_uk
2024-04-26,subscription-netflix 738870,5.17,subscriptions,simulated_bank_transactions_uk
2023-02-17,POS WAITROSE EGGS,183.15,groceries,simulated_bank_transactions_uk
2023-06-23,Contactless Card Pmt Bp Car Maintenance 484427,101.71,transportation,simulated_bank_transactions_uk
2023-08-17,contactless iceland milk 4778,72.99,groceries,simulated_bank_transactions_uk
2024-05-02,card pmt aldi bread,26.92,groceries,simulated_bank_transactions_uk
2024-07-03,SO TRANSPORT ESSO FUEL 154750,120.15,transportation,simulated_bank_transactions_uk
2023-01-01,fuel/trainline/car/maint,113.7,transportation,simulated_bank_transactions_uk
2023-09-21,Direct Debit Vodafon,236.39,utilities,simulated_bank_transactions_uk
2024-11-15,Card Pmt Morrisons Vegetables 68217,191.6,groceries,simulated_bank_transactions_uk
2024-08-07,Food Delivery Uber Eats Cafe,81.38,dining,simulated_bank_transactions_uk
2023-05-27,POS WAITROSE RICE,105.37,groceries,simulated_bank_transactions_uk
2024-02-18,contactless sainsburys bread 726760,149.92,groceries,simulated_bank_transactions_uk
2023-08-20,BILL*PMT*SKY 109486,49.73,utilities,simulated_bank_transactions_uk
2024-04-18,POS BILL PMT BRITISH GAS 768567,102.23,utilities,simulated_bank_transactions_uk
2023-05-15,RESTAURANT STARBUCKS FOOD DELIVERY 71646,122.78,dining,simulated_bank_transactions_uk
2024-08-16,DIRECT-DEBIT-BT 1861,180.38,utilities,simulated_bank_transactions_uk
2024-01-30,RESTAURANT MCDONALDS RESTAURANT 738494,120.93,dining,simulated_bank_transactions_uk
2023-01-15,Card Card Payment Mcdonalds Fast Food 655699,156.83,dining,simulated_bank_transactions_uk
2023-09-01,Card Pmt Iceland Milk 242243,167.9,groceries,simulated_bank_transactions_uk
2024-05-07,CARD PMT MORRISONS VEGETABLES 403210,7.28,groceries,simulated_bank_transactions_uk
2024-08-14,mastercard/fuel/bolt/bus/pass 42260,27.91,transportation,simulated_bank_transactions_uk
2023-09-27,Sto Transport Shell Train Ticket,64.54,transportation,simulated_bank_transactions_uk
2024-11-02,FUEL BP UBER RIDE,104.8,transportation,simulated_bank_transactions_uk
2023-07-10,Direct Debit Google *services 49681,17.83,subscriptions,simulated_bank_transactions_uk
2024-04-12,BILL PMT EE 222709,206.42,utilities,simulated_bank_transactions_uk
2023-09-27,Visa Food Delivery Costa Food Delivery 29111,123.31,dining,simulated_bank_transactions_uk
2023-01-27,Pos*Morrisons*Vegetables,88.17,groceries,simulated_bank_transactions_uk
2024-04-13,card payment ebay misc expense,26.36,other,simulated_bank_transactions_uk
2023-10-30,Direct Debit Apple.com/bill,26.57,subscriptions,simulated_bank_transactions_uk
2024-03-22,pos/asda/vegetables 692095,64.87,groceries,simulated_bank_transactions_uk
2024-05-31,Food Delivery Kfc Restaurant,154.78,dining,simulated_bank_transactions_uk
2024-11-27,Card Payment Morris,32.63,groceries,simulated_bank_transactions_uk
2023-12-29,card payment waitrose milk 831141,43.74,groceries,simulated_bank_transactions_uk
2024-06-27,Fuel Trainline Train Ticket 717270,79.68,transportation,simulated_bank_transactions_uk
2023-08-24,CARD PMT BOLT CAR MAINTENANCE,52.05,transportation,simulated_bank_transactions_uk
2023-04-13,Food Delivery Deliveroo Fast Food 451,63.04,dining,simulated_bank_transactions_uk
2023-06-05,restaurant/deliveroo/fast/food 907255,135.7,dining,simulated_bank_transactions_uk
2023-07-27,fuel bp car maintenance 308436,60.51,transportation,simulated_bank_transactions_uk
2024-06-18,Bill Pmt Ee 641026,94.68,utilities,simulated_bank_transactions_uk
2023-05-20,Online-Purchase-Argos-Gift,118.6,other,simulated_bank_transactions_uk
2023-09-15,restaurant/deliveroo/food/delivery 29537,5.05,dining,simulated_bank_transactions_uk
2024-09-19,food-delivery-greggs-food-delivery 966866,37.36,dining,simulated_bank_transactions_uk
2024-02-25,Card Restaurant Costa Restaurant,14.18,dining,simulated_bank_transactions_uk
2023-09-06,CONTACTLESS-TESCO-CEREAL,165.38,groceries,simulated_bank_transactions_uk
2024-02-05,Direct Debit British Gas 462365,176.83,utilities,simulated_bank_transactions_uk
2023-03-14,Bacs-Food-Delivery-Mcdonalds-Fast-Food 917809,134.32,dining,simulated_bank_transactions_uk
2024-02-16,MASTERCARD POS LIDL CHICKEN 889600,32.39,groceries,simulated_bank_transactions_uk
2023-05-26,contactless-iceland-eggs 904627,45.14,groceries,simulated_bank_transactions_uk
2023-05-01,bacs restaurant just eat food delivery,6.67,dining,simulated_bank_transactions_uk
2024-10-05,Card Card Payment National Rail Car Maintenance 454814,16.16,transportation,simulated_bank_transactions_uk
2023-11-02,Food Delivery Costa Fast Food,107.37,dining,simulated_bank_transactions_uk
2024-04-10,CARD/PMT/DISNEY+ 231916,34.46,subscriptions,simulated_bank_transactions_uk
2023-02-11,CARD CONTACTLESS ASDA VEGETABLES 454604,175.67,groceries,simulated_bank_transactions_uk
2024-04-22,Fps Bill Pmt Ee 143799,51.52,utilities,simulated_bank_transactions_uk
2024-12-09,Fps Transport Shell Train Ticket,122.92,transportation,simulated_bank_transactions_uk
2023-08-19,mortgage payment mortgage 699181,1825.61,housing,simulated_bank_transactions_uk
2024-09-09,Card Pmt Uber Uber Ride 387172,139.67,transportation,simulated_bank_transactions_uk
2024-11-11,Card Pos Purchase Superdrug Pharmacy 676614,62.6,other,simulated_bank_transactions_uk
2024-10-15,transport tfl fuel 229,60.19,transportation,simulated_bank_transactions_uk
2023-10-10,Direct Debit Pos Iceland,169.25,groceries,simulated_bank_transactions_uk
2024-03-05,Mortgage-Payment-Landlord 431487,1437.13,housing,simulated_bank_transactions_uk
2023-03-27,Food Delivery Kfc Food Delivery 110050,157.38,dining,simulated_bank_transactions_uk
2024-05-21,Card Pmt Sainsburys Cereal 245157,52.34,groceries,simulated_bank_transactions_uk
2023-04-17,Card Payment Waitrose Fruit,134.8,groceries,simulated_bank_transactions_uk
2024-08-02,Card/Pos/Purchase/Hmrc/Gift 632544,141.49,other,simulated_bank_transactions_uk
2024-11-14,Bacs-Bill-Pmt-Ee,229.54,utilities,simulated_bank_transactions_uk
2024-10-20,utility*bill*bt 583125,50.33,utilities,simulated_bank_transactions_uk
2023-09-02,VISA CARD PAYMENT CURRYS ELECTRONICS 31341,26.44,other,simulated_bank_transactions_uk
2024-02-08,BACS-UTILITY-BILL-SCOTTISHPOWER,124.13,utilities,simulated_bank_transactions_uk
2024-03-26,card*payment*nando's*restaurant 848371,58.83,dining,simulated_bank_transactions_uk
2023-02-08,fps mortgage payment mortgage 335254,1988.29,housing,simulated_bank_transactions_uk
2024-03-18,bacs letting agent rent 942593,1803.8,housing,simulated_bank_transactions_uk
2023-07-05,restaurant deliveroo restaurant,38.49,dining,simulated_bank_transactions_uk
2024-02-27,mastercard-contactless-lidl-vegetables,24.27,groceries,simulated_bank_transactions_uk
2023-09-17,Subscription Apple.com/bill 895687,38.83,subscriptions,simulated_bank_transactions_uk
2023-09-12,Direct Debit Severn Trent 525941,107.81,utilities,simulated_bank_transactions_uk
2024-12-16,Mastercard Bill Pmt Octopus Energy 873657,101.26,utilities,simulated_bank_transactions_uk
2023-06-14,POS/PURCHASE/NHS/PHARMACY 405453,192.85,other,simulated_bank_transactions_uk
2023-12-23,SO CARD PAYMENT ALDI VEGETABLES 765183,149.44,groceries,simulated_bank_transactions_uk
2023-04-02,Subscription-Amazon-Prime 737342,38.63,subscriptions,simulated_bank_transactions_uk
2023-08-22,Bill Payment Scottishpower 95638,151.49,utilities,simulated_bank_transactions_uk
2023-04-03,Utility*Bill*Octopus*Energy 612314,48.81,utilities,simulated_bank_transactions_uk
2024-10-16,RESTAURANT/PRET/FOOD/DELIVERY,101.38,dining,simulated_bank_transactions_uk
2024-12-25,pos morrisons fruit,44.42,groceries,simulated_bank_transactions_uk
2024-01-06,fuel bolt bus pass 225750,113.21,transportation,simulated_bank_transactions_uk
2023-04-25,card payment gym group 251836,17.23,subscriptions,simulated_bank_transactions_uk
2024-12-18,Card Pos Asda Chicken,182.22,groceries,simulated_bank_transactions_uk
2024-07-05,Card Payment Kfc Food Delivery 552176,122.3,dining,simulated_bank_transactions_uk
2023-04-03,Contactless-Tesco-Bread 123701,43.73,groceries,simulated_bank_transactions_uk
2023-05-30,FOOD-DELIVERY-NANDO'S-CAFE 589867,137.09,dining,simulated_bank_transactions_uk
2024-01-30,CARD PMT KFC FOOD DELIVERY,66.5,dining,simulated_bank_transactions_uk
2023-03-26,CARD PAYMENT TESCO CHICKEN 575468,124.62,groceries,simulated_bank_transactions_uk
2023-02-11,Utility Bill Octopus Energy 853639,129.0,utilities,simulated_bank_transactions_uk
2023-10-08,POS SAINSBURYS EGGS 999963,135.17,groceries,simulated_bank_transactions_uk
2023-08-13,CARD PAYMENT WAITROSE RICE 410826,167.48,groceries,simulated_bank_transactions_uk
2023-08-10,CARD PMT ICELAND RICE 160408,90.87,groceries,simulated_bank_transactions_uk
2023-01-22,Visa Contactless Morrisons Chicken,52.52,groceries,simulated_bank_transactions_uk
2024-02-29,Rent Payment Rent,1948.79,housing,simulated_bank_transactions_uk
2024-06-15,FOOD DELIVERY KFC FAST,68.91,dining,simulated_bank_transactions_uk
2024-12-24,food delivery uber eats cafe 720762,120.75,dining,simulated_bank_transactions_uk
2023-09-27,SUBSCRIPTION DISNEY+,36.94,subscriptions,simulated_bank_transactions_uk
2023-08-29,TRANSPORT TFL BUS PASS 208513,126.21,transportation,simulated_bank_transactions_uk
2024-12-10,Bill Payment Scottishpower,43.1,utilities,simulated_bank_transactions_uk
2024-08-15,Card-Payment-Aldi-Rice 6456,160.13,groceries,simulated_bank_transactions_uk
2023-04-18,Pos Iceland Cereal,109.4,groceries,simulated_bank_transactions_uk
2023-12-23,card pmt google *services 651333,13.34,subscriptions,simulated_bank_transactions_uk
2024-08-11,Restaurant Uber Eats Fast Food 788471,77.12,dining,simulated_bank_transactions_uk
2024-05-24,card payment puregym 666747,29.37,subscriptions,simulated_bank_transactions_uk
2023-06-25,pos food delivery kfc restaurant 434371,152.74,dining,simulated_bank_transactions_uk
2023-02-28,Contactless*Aldi*Cereal 804968,114.0,groceries,simulated_bank_transactions_uk
2023-06-01,direct*debit*mortgage*payment*rent 40129,1994.74,housing,simulated_bank_transactions_uk
2023-10-10,MASTERCARD CONTACTLESS WAITROSE VEGETABLES 84331,17.76,groceries,simulated_bank_transactions_uk
2024-05-17,Food Delivery Mcdonalds Rest,115.61,dining,simulated_bank_transactions_uk
2023-08-09,Transport Bp Train,138.1,transportation,simulated_bank_transactions_uk
2024-11-21,CARD-PMT-UBER-EATS-FOOD-DELIVERY,88.45,dining,simulated_bank_transactions_uk
2024-06-04,bill-payment-severn-trent,158.92,utilities,simulated_bank_transactions_uk
2024-11-28,Contactless-Mortgage-Pmt-Landlord 331050,1837.77,housing,simulated_bank_transactions_uk
2023-02-24,Food/Delivery/Costa/Restaurant,155.49,dining,simulated_bank_transactions_uk
2023-03-14,FOOD DELIVERY NANDO'S FOOD DELIVERY 232259,96.05,dining,simulated_bank_transactions_uk
2023-07-19,Food Delivery Starbucks Cafe 763082,118.21,dining,simulated_bank_transactions_uk
2023-01-31,contactless iceland eggs,167.97,groceries,simulated_bank_transactions_uk
2023-12-06,STO FOOD DELIVERY COSTA CAFE 964349,117.94,dining,simulated_bank_transactions_uk
2024-12-02,Bacs Contactless Tesco Fruit,116.93,groceries,simulated_bank_transactions_uk
2024-04-30,Direct Debit British Gas 782718,114.6,utilities,simulated_bank_transactions_uk
2023-11-15,POS ICELAND VEGETABLES 748139,40.68,groceries,simulated_bank_transactions_uk
2024-05-26,UTILITY BILL SEVERN TRENT 643836,231.58,utilities,simulated_bank_transactions_uk
2023-08-21,Contactless Morrisons Chicken,83.28,groceries,simulated_bank_transactions_uk
2023-04-07,BILL PAYMENT SEVERN TRENT 976404,104.83,utilities,simulated_bank_transactions_uk
2023-03-04,contactless fuel trainline uber ride 788754,123.34,transportation,simulated_bank_transactions_uk
2023-04-08,Card Pmt Argos Online Purchase 864305,171.63,other,simulated_bank_transactions_uk
2024-01-29,Contactless Aldi Milk 95893,5.91,groceries,simulated_bank_transactions_uk
2023-03-13,STO UTILITY BILL O2,157.39,utilities,simulated_bank_transactions_uk
2024-05-25,Card Pmt Currys Misc Expense 296532,160.21,other,simulated_bank_transactions_uk
2023-04-10,pos/aldi/rice 507874,195.28,groceries,simulated_bank_transactions_uk
2024-08-10,Bacs Mortgage Rent 692582,1579.56,housing,simulated_bank_transactions_uk
2023-07-01,Card Pmt Asda Cereal 869156,142.74,groceries,simulated_bank_transactions_uk
2023-02-09,Fuel National Rail Fuel,6.19,transportation,simulated_bank_transactions_uk
2023-11-16,rent*payment*letting*agent 316303,1901.17,housing,simulated_bank_transactions_uk
2023-07-04,MORTGAGE/PMT/LETTING/AGENT 605569,1191.03,housing,simulated_bank_transactions_uk
2024-05-24,card pmt greggs fast food,144.54,dining,simulated_bank_transactions_uk
2023-12-12,Fps Contactless Waitrose Eggs,199.48,groceries,simulated_bank_transactions_uk
2024-02-03,rent/payment/mortgage 181965,1499.37,housing,simulated_bank_transactions_uk
2023-03-09,Subscription Spotify 172363,31.42,subscriptions,simulated_bank_transactions_uk
2024-05-17,Bill Payment Vodafone 568429,58.22,utilities,simulated_bank_transactions_uk
2023-03-02,Contactless Lidl Fruit 323373,13.11,groceries,simulated_bank_transactions_uk
2024-11-06,RENT PAYMENT LANDLORD 873380,1906.91,housing,simulated_bank_transactions_uk
2023-04-04,pos card pmt uber eats restaurant 537992,136.4,dining,simulated_bank_transactions_uk
2024-07-30,Food Delivery Starbucks Food Delivery 882488,146.34,dining,simulated_bank_transactions_uk
2024-10-20,FOOD*DELIVERY*PRET*CAFE 320258,122.32,dining,simulated_bank_transactions_uk
2023-07-22,contactless morrisons vegetables,31.42,groceries,simulated_bank_transactions_uk
2024-01-22,BILL PMT THAMES WATER 290592,120.0,utilities,simulated_bank_transactions_uk
2023-11-26,contactless asda milk 4662,100.79,groceries,simulated_bank_transactions_uk
2023-10-22,CARD/PMT/PRET/CAFE 189273,52.41,dining,simulated_bank_transactions_uk
2023-02-12,Bacs Subscription Amazon Prime 972406,25.63,subscriptions,simulated_bank_transactions_uk
2024-08-24,Visa Pos Iceland Bread,64.89,groceries,simulated_bank_transactions_uk
2023-02-19,mastercard/food/delivery/pret/fast/food 420128,104.34,dining,simulated_bank_transactions_uk
2024-01-30,transport shell uber ride 623387,135.41,transportation,simulated_bank_transactions_uk
2024-12-01,Contactless Tesco Milk,165.63,groceries,simulated_bank_transactions_uk
2023-07-02,RENT PAYMENT LANDLORD 559671,1437.98,housing,simulated_bank_transactions_uk
2023-04-12,Transport Bp Uber Ride,127.67,transportation,simulated_bank_transactions_uk
2024-12-30,TRANSPORT/NATIONAL/RAIL/TRAIN/TICKET,125.15,transportation,simulated_bank_transactions_uk
2024-08-07,POS DIRECT DEBIT BRITISH GAS 468,141.39,utilities,simulated_bank_transactions_uk
2024-01-26,Card Payment Kfc Restaurant,12.01,dining,simulated_bank_transactions_uk
2023-01-05,Card*Pmt*Aldi*Bread,185.24,groceries,simulated_bank_transactions_uk
2023-12-05,mastercard mortgage pmt rent 390739,1911.14,housing,simulated_bank_transactions_uk
2024-01-16,pos*purchase*ebay*gift 886156,207.16,other,simulated_bank_transactions_uk
2023-05-26,Fps Mortgage Payment Letting Agent 651876,719.37,housing,simulated_bank_transactions_uk
2024-03-08,Restaurant Starbucks Food Delivery 680155,141.7,dining,simulated_bank_transactions_uk
2024-10-31,RESTAURANT UBER EATS FOOD DELIVERY 584105,36.76,dining,simulated_bank_transactions_uk
2023-01-11,Card Payment Uber Eats Food Delivery,68.43,dining,simulated_bank_transactions_uk
2023-07-14,DIRECT-DEBIT-FUEL-UBER-FUEL,54.04,transportation,simulated_bank_transactions_uk
2023-01-11,Direct Debit Gym Group 13250,14.39,subscriptions,simulated_bank_transactions_uk
2024-04-04,Food Delivery Starbucks Cafe 313123,11.48,dining,simulated_bank_transactions_uk
2023-04-28,pos iceland rice 587692,18.75,groceries,simulated_bank_transactions_uk
2024-07-03,DIRECT*DEBIT*CONTACTLESS*SAINSBURYS*CEREAL 161121,17.97,groceries,simulated_bank_transactions_uk
2024-12-12,FPS UTILITY BILL SEVERN TRENT,249.5,utilities,simulated_bank_transactions_uk
2024-08-06,BILL-PMT-BT 781244,92.31,utilities,simulated_bank_transactions_uk
2023-07-26,FPS BILL PMT SEVERN TRENT 157884,117.8,utilities,simulated_bank_transactions_uk
2023-07-25,Card Payment Ebay Electronics 395309,212.07,other,simulated_bank_transactions_uk
2023-04-22,card pmt asda milk,96.45,groceries,simulated_bank_transactions_uk
2023-07-08,CARD PMT LIDL MILK 4114,167.45,groceries,simulated_bank_transactions_uk
2024-09-22,pos sainsburys bread,52.14,groceries,simulated_bank_transactions_uk
2023-02-12,direct debit o2,128.88,utilities,simulated_bank_transactions_uk
2023-11-22,food delivery uber eats fast food 293964,124.13,dining,simulated_bank_transactions_uk
2023-12-16,pos morrisons milk 984260,189.97,groceries,simulated_bank_transactions_uk
2023-12-25,Direct Debit Bacs Letting Agent Rent,2078.85,housing,simulated_bank_transactions_uk
2023-06-06,Card Pmt Bolt Uber Ride 806425,56.0,transportation,simulated_bank_transactions_uk
2023-07-08,STO*BACS*RENT*RENT 93144,748.66,housing,simulated_bank_transactions_uk
2024-03-25,food delivery deliveroo food delivery,106.99,dining,simulated_bank_transactions_uk
2023-09-09,contactless card pmt lidl cereal 335402,18.53,groceries,simulated_bank_transactions_uk
2023-05-27,DIRECT*DEBIT*CARD*PMT*JUST*EAT*FOOD*DELIVERY 842183,91.31,dining,simulated_bank_transactions_uk
2024-12-02,Card Payment National Rail Bus Pass 624760,9.83,transportation,simulated_bank_transactions_uk
2023-06-23,pos sainsburys milk,125.62,groceries,simulated_bank_transactions_uk
2023-05-27,card*pmt*pret*food*delivery 315210,62.41,dining,simulated_bank_transactions_uk
2024-01-26,rent pmt rent,1012.18,housing,simulated_bank_transactions_uk
2024-08-03,Mastercard/Card/Payment/Sainsburys/Milk,163.67,groceries,simulated_bank_transactions_uk
2023-02-06,contactless morrisons rice 972184,153.62,groceries,simulated_bank_transactions_uk
2024-05-02,CONTACTLESS FOOD DELIVERY UBER EATS RESTAURANT 228200,8.07,dining,simulated_bank_transactions_uk
2024-12-03,pos bacs mortgag,1248.38,housing,simulated_bank_transactions_uk
2023-09-01,RESTAURANT CO,146.09,dining,simulated_bank_transactions_uk
2024-10-13,SO RESTAURANT GREGGS FOOD DELIVERY 784992,58.5,dining,simulated_bank_transactions_uk
2024-01-04,Fuel*Trainline*Train*Ticket 760193,64.68,transportation,simulated_bank_transactions_uk
2023-06-28,Card Payment Waitrose Chicken 874793,129.23,groceries,simulated_bank_transactions_uk
2023-06-14,Bacs Online Purchase Hmrc Gift 56,249.79,other,simulated_bank_transactions_uk
2023-11-04,Direct Debit Bt,126.46,utilities,simulated_bank_transactions_uk
2024-07-08,Pos Waitrose Cereal 620699,85.02,groceries,simulated_bank_transactions_uk
2024-10-03,rent payment landlord 914869,843.79,housing,simulated_bank_transactions_uk
2024-03-03,Direct Debit Thames Water 982083,123.97,utilities,simulated_bank_transactions_uk
2024-02-02,Card Pmt Esso Fuel 112,63.26,transportation,simulated_bank_transactions_uk
2024-02-13,Fuel Bp Bus Pass,46.99,transportation,simulated_bank_transactions_uk
2024-12-30,Pos Waitrose Rice 51401,52.97,groceries,simulated_bank_transactions_uk
2024-11-06,Contactless/Sainsburys/Rice,189.86,groceries,simulated_bank_transactions_uk
2024-07-15,direct debit subscription amazon prime,40.91,subscriptions,simulated_bank_transactions_uk
2023-11-11,RENT PMT LANDLORD,1230.97,housing,simulated_bank_transactions_uk
2024-07-09,Contactless Morrisons Eggs 599443,96.7,groceries,simulated_bank_transactions_uk
2024-09-30,card/pmt/just/eat/food/delivery,145.22,dining,simulated_bank_transactions_uk
2024-07-18,TRANSPORT BP TRAIN TICKET 784444,31.97,transportation,simulated_bank_transactions_uk
2024-06-13,rent payment mortgage,1245.65,housing,simulated_bank_transactions_uk
2023-07-31,CARD PMT UBER FUEL 861070,5.29,transportation,simulated_bank_transactions_uk
2024-11-27,Utility/Bill/Bt 479919,89.23,utilities,simulated_bank_transactions_uk
2024-08-11,Restaurant Starbucks Fast Food 68,104.39,dining,simulated_bank_transactions_uk
2023-11-21,Card Card Pmt Disney+ 377529,10.18,subscriptions,simulated_bank_transactions_uk
2024-05-13,CARD PAYMENT ESSO TRAIN TICKET 477199,107.24,transportation,simulated_bank_transactions_uk
2024-10-05,Utility Bill Vodafone 899294,149.69,utilities,simulated_bank_transactions_uk
2023-03-08,Contactless Rent Pmt Mortgage 611743,800.45,housing,simulated_bank_transactions_uk
2023-02-24,Fps*Contactless*Asda*Milk 807069,184.43,groceries,simulated_bank_transactions_uk
2024-01-01,bill payment vodafone 987950,98.62,utilities,simulated_bank_transactions_uk
2023-11-11,direct debit card payment morrisons eggs,191.8,groceries,simulated_bank_transactions_uk
2023-11-20,Direct Debit Subscription Apple.com/bill 91950,29.55,subscriptions,simulated_bank_transactions_uk
2024-12-21,Restaurant-Mcdonalds-Cafe,78.64,dining,simulated_bank_transactions_uk
2024-07-29,pos tesco chicken 922,24.79,groceries,simulated_bank_transactions_uk
2023-05-02,CARD PAYMENT SAINSBURYS EGGS,36.84,groceries,simulated_bank_transactions_uk
2024-07-29,mastercard transport shell car maintenance 346387,58.54,transportation,simulated_bank_transactions_uk
2023-10-15,CARD PMT UBER EATS CAFE 90335,113.48,dining,simulated_bank_transactions_uk
2024-11-10,RESTAURANT-UBER-EATS-FAST-FOOD,156.3,dining,simulated_bank_transactions_uk
2023-02-10,mortgage payment rent 279123,800.46,housing,simulated_bank_transactions_uk
2024-05-03,contactless lidl fruit 917319,97.2,groceries,simulated_bank_transactions_uk
2024-01-07,pos/asda/milk 986999,119.3,groceries,simulated_bank_transactions_uk
2024-04-03,Bacs Rent Rent 158919,1536.46,housing,simulated_bank_transactions_uk
2024-08-03,mortgage pmt landlord,2117.24,housing,simulated_bank_transactions_uk
2024-01-14,bill-pmt-sky,257.14,utilities,simulated_bank_transactions_uk
2024-11-24,Fps-Contactless-Aldi-Eggs 195698,126.69,groceries,simulated_bank_transactions_uk
2024-11-15,Fps Direct Debit Severn Trent,51.08,utilities,simulated_bank_transactions_uk
2023-03-27,pos waitrose vegetables 536596,62.01,groceries,simulated_bank_transactions_uk
2024-08-27,direct debit e.on 47410,28.75,utilities,simulated_bank_transactions_uk
2023-09-16,Card Pmt Esso Train Ticket,52.4,transportation,simulated_bank_transactions_uk
2023-01-25,Pos Card Payment Iceland Chicken 199791,196.5,groceries,simulated_bank_transactions_uk
2023-09-02,visa card payment national rail train ticket 277119,9.18,transportation,simulated_bank_transactions_uk
2024-03-19,contactless card pmt nando's food delivery,74.58,dining,simulated_bank_transactions_uk
2024-11-03,Bill*Pmt*Thames*Water 129431,201.25,utilities,simulated_bank_transactions_uk
2023-02-02,Transport Shell Uber Ride,47.94,transportation,simulated_bank_transactions_uk
2023-01-20,Visa Contactless Morrisons Milk,148.26,groceries,simulated_bank_transactions_uk
2024-01-25,Bill Pmt Thames Water,237.57,utilities,simulated_bank_transactions_uk
2023-12-10,direct debit sky,188.76,utilities,simulated_bank_transactions_uk
2024-03-10,DIRECT DEBIT E.ON 459337,225.6,utilities,simulated_bank_transactions_uk
2023-12-21,FUEL UBER BUS PASS,20.26,transportation,simulated_bank_transactions_uk
2023-10-01,sto card payment nando's fast food,80.77,dining,simulated_bank_transactions_uk
2023-03-28,Card Payment Aldi Cereal,184.16,groceries,simulated_bank_transactions_uk
2023-04-27,direct debit amazon prime 4,39.32,subscriptions,simulated_bank_transactions_uk
2023-04-20,CARD PMT MORRISONS EGGS 752879,162.21,groceries,simulated_bank_transactions_uk
2023-06-07,Pos/Asda/Eggs,77.81,groceries,simulated_bank_transactions_uk
2023-03-19,CARD PMT JUST EAT FAST FOOD 743722,125.73,dining,simulated_bank_transactions_uk
2023-12-16,Pos Lidl Milk 880259,148.62,groceries,simulated_bank_transactions_uk
2024-08-19,bacs landlord rent 287433,759.09,housing,simulated_bank_transactions_uk
2023-12-05,CONTACTLESS-CARD-PAYMENT-KFC-CAFE 590741,102.81,dining,simulated_bank_transactions_uk
2023-02-27,CONTACTLESS*DIRECT*DEBIT*APPLE.COM/BILL,29.12,subscriptions,simulated_bank_transactions_uk
2023-03-25,Restaurant Nando's Fast Food,147.29,dining,simulated_bank_transactions_uk
2024-12-03,pos sainsburys bread,5.75,groceries,simulated_bank_transactions_uk
2024-02-01,STO CONTACTLESS WAITROSE MILK 110472,144.81,groceries,simulated_bank_transactions_uk
2023-07-22,direct debit vodafone 545910,70.27,utilities,simulated_bank_transactions_uk
2023-07-10,restaurant-deliveroo-cafe 270314,98.85,dining,simulated_bank_transactions_uk
2023-03-04,SO FUEL TRAINLINE CAR MAINTENANCE 313245,121.37,transportation,simulated_bank_transactions_uk
2023-06-30,STO TRANSPORT ESSO CAR MAINTENANCE,2.87,transportation,simulated_bank_transactions_uk
2024-07-09,Pos Card Payment Amazon Pharmacy 193338,38.54,other,simulated_bank_transactions_uk
2024-12-20,Restaurant Starbucks Fast Food 906976,113.49,dining,simulated_bank_transactions_uk
2023-11-26,Subscription*G,11.67,subscriptions,simulated_bank_transactions_uk
2024-10-12,visa direct debit spotify 485221,10.66,subscriptions,simulated_bank_transactions_uk
2024-06-02,direct debit gym group 191028,28.66,subscriptions,simulated_bank_transactions_uk
2023-12-20,Card*Pmt*Deliveroo*Fast*Food 461148,71.11,dining,simulated_bank_transactions_uk
2024-11-30,direct debit restaurant greggs restaurant 165580,106.5,dining,simulated_bank_transactions_uk
2023-03-06,direct debit bill payment o2,40.19,utilities,simulated_bank_transactions_uk
2024-03-16,Transport*Esso*Uber*Ride 427037,87.54,transportation,simulated_bank_transactions_uk
2024-11-21,pos morrisons cereal 988511,7.34,groceries,simulated_bank_transactions_uk
2024-09-12,Card Pmt Morrisons Vegetables,141.12,groceries,simulated_bank_transactions_uk
2023-11-23,POS RESTAURANT GREGGS RESTAURANT 445907,93.23,dining,simulated_bank_transactions_uk
2023-11-04,Fuel Shell Fuel 688679,53.12,transportation,simulated_bank_transactions_uk
2023-07-14,Card Pmt Gym Group,26.38,subscriptions,simulated_bank_transactions_uk
2023-12-28,Card Pmt Lidl Eggs,13.33,groceries,simulated_bank_transactions_uk
2024-02-17,CARD PAYMENT TFL FUEL 287149,46.76,transportation,simulated_bank_transactions_uk
2023-05-26,CARD PAYMENT BP FUEL 844820,64.4,transportation,simulated_bank_transactions_uk
2023-01-26,food/delivery/greggs/cafe 209374,70.04,dining,simulated_bank_transactions_uk
2024-10-09,STO MORTGAGE PAYMENT LETTING AGENT 777295,1241.26,housing,simulated_bank_transactions_uk
2024-11-08,POS POS ALDI VEGETABLES 3,7.72,groceries,simulated_bank_transactions_uk
2023-07-08,rent/pmt/landlord 542616,1569.05,housing,simulated_bank_transactions_uk
2023-06-03,Contactless Contactless Iceland Milk 280422,81.3,groceries,simulated_bank_transactions_uk
2024-02-06,Card*Bill*Payment*Vodafone 352980,30.09,utilities,simulated_bank_transactions_uk
2024-05-13,CONTACTLESS TESCO CHICKEN 659804,49.41,groceries,simulated_bank_transactions_uk
2023-06-13,restaurant-pret-cafe,72.09,dining,simulated_bank_transactions_uk
2023-04-19,Pos Card Pmt Esso Uber Ride 92430,50.76,transportation,simulated_bank_transactions_uk
2024-09-14,card pmt lidl vegetables 619703,142.67,groceries,simulated_bank_transactions_uk
2024-05-21,Direct Debit Severn Trent 195751,146.91,utilities,simulated_bank_transactions_uk
2023-11-12,card pmt netflix 505244,24.11,subscriptions,simulated_bank_transactions_uk
2024-12-01,food*delivery*just*eat*food*delivery,102.72,dining,simulated_bank_transactions_uk
2024-06-26,FPS CARD PAYMENT UBER EATS RESTAURANT 313051,97.86,dining,simulated_bank_transactions_uk
2023-05-12,UTILITY BILL OCTOPUS ENERGY 10417,214.67,utilities,simulated_bank_transactions_uk
2024-04-02,Direct Debit Ee,39.83,utilities,simulated_bank_transactions_uk
2023-12-01,DIRECT DEBIT SEVERN TRENT,74.22,utilities,simulated_bank_transactions_uk
2024-05-02,Food Delivery Just Eat Food Delivery 12146,103.25,dining,simulated_bank_transactions_uk
2023-12-06,Direct Debit Google *services 8590,17.97,subscriptions,simulated_bank_transactions_uk
2024-10-09,food delivery greggs fast food 909980,154.65,dining,simulated_bank_transactions_uk
2024-09-16,CARD PMT JUST EAT FAST FOOD 517369,114.76,dining,simulated_bank_transactions_uk
2024-04-26,Contactless Waitrose Rice 692000,100.27,groceries,simulated_bank_transactions_uk
2023-04-08,Card-Bacs-Letting-Agent-Rent 886775,1441.99,housing,simulated_bank_transactions_uk
2023-03-25,Direct-Debit-Severn-Trent 874888,171.55,utilities,simulated_bank_transactions_uk
2023-09-30,TRANSPORT TFL FUEL,85.16,transportation,simulated_bank_transactions_uk
2023-10-10,Card Pmt Lidl Fruit 627253,156.6,groceries,simulated_bank_transactions_uk
2023-03-02,Restaurant Nando's Food Delivery 219607,136.4,dining,simulated_bank_transactions_uk
2023-12-02,Transport Tfl Train Ticket 967142,89.36,transportation,simulated_bank_transactions_uk
2023-05-30,SO*BILL*PAYMENT*BRITISH*GAS,138.4,utilities,simulated_bank_transactions_uk
2023-11-18,DIRECT DEBIT NETFLIX,23.87,subscriptions,simulated_bank_transactions_uk
2024-10-23,so restaurant just eat fast food 469787,132.74,dining,simulated_bank_transactions_uk
2023-03-04,card pmt asda bread 900700,62.65,groceries,simulated_bank_transactions_uk
2024-05-31,RESTAURANT MCDONALDS FAST FOOD 978060,86.14,dining,simulated_bank_transactions_uk
2023-01-12,UTILITY-BILL-E.ON 490724,124.4,utilities,simulated_bank_transactions_uk
2023-01-26,utility bill ee,58.85,utilities,simulated_bank_transactions_uk
2024-04-21,CONTACTLESS MORRISONS FRUIT 709005,20.35,groceries,simulated_bank_transactions_uk
2024-01-27,CARD PMT NETFLIX,22.31,subscriptions,simulated_bank_transactions_uk
2023-04-21,FOOD DELIVERY PRET CAFE 963016,122.56,dining,simulated_bank_transactions_uk
2024-12-24,mortgage pmt mortgage,1077.72,housing,simulated_bank_transactions_uk
2023-05-12,food delivery costa food delivery 469332,30.25,dining,simulated_bank_transactions_uk
2023-12-01,bill pmt severn trent 391179,54.12,utilities,simulated_bank_transactions_uk
2024-01-20,RESTAURANT*MCDONALDS*FOOD*DELIVERY 303470,26.97,dining,simulated_bank_transactions_uk
2024-02-10,RESTAURANT-KFC-CAFE,105.18,dining,simulated_bank_transactions_uk
2023-11-28,Contactless Aldi Milk 755584,130.51,groceries,simulated_bank_transactions_uk
2023-02-27,sto restaurant nando's restaurant,141.91,dining,simulated_bank_transactions_uk
2023-03-11,RESTAURANT*COSTA*FAST*FOOD 277307,81.98,dining,simulated_bank_transactions_uk
2024-12-31,Card Card Pmt Tesco Bread 713549,106.94,groceries,simulated_bank_transactions_uk
2023-12-13,Pos Waitrose Vegetables 212768,194.6,groceries,simulated_bank_transactions_uk
2024-05-19,Contactless/Contactless/Iceland/Vegetables,151.42,groceries,simulated_bank_transactions_uk
2024-10-19,Card Pmt Shell Uber Ride 696795,74.41,transportation,simulated_bank_transactions_uk
2023-04-02,Card Pmt Google *services 588717,26.47,subscriptions,simulated_bank_transactions_uk
2023-09-25,Subscription*Google**servi,10.52,subscriptions,simulated_bank_transactions_uk
2024-07-25,card payment sainsburys milk 167383,130.73,groceries,simulated_bank_transactions_uk
2023-02-13,so/contactless/iceland/rice,98.35,groceries,simulated_bank_transactions_uk
2023-05-21,POS-MORRISONS-RICE 800509,190.24,groceries,simulated_bank_transactions_uk
2024-10-11,TRANSPORT*TRAINLINE*BUS*PASS 35580,55.48,transportation,simulated_bank_transactions_uk
2023-10-24,Food Delivery Kfc Restaurant 45632,84.09,dining,simulated_bank_transactions_uk
2023-02-11,Fuel Tfl Fuel,77.9,transportation,simulated_bank_transactions_uk
2024-08-19,CONTACTLESS SAINSBURYS MILK 790253,45.72,groceries,simulated_bank_transactions_uk
2024-08-18,Contactless Card Pmt Esso Bus Pass,98.85,transportation,simulated_bank_transactions_uk
2023-06-18,Card Bacs Letting Agent Rent 292602,2042.8,housing,simulated_bank_transactions_uk
2024-10-04,BILL PMT VODAFONE 718460,151.01,utilities,simulated_bank_transactions_uk
2024-01-19,food delivery deliveroo food delivery 98438,46.18,dining,simulated_bank_transactions_uk
2024-09-14,card*pmt*esso*train*ticket 321817,117.21,transportation,simulated_bank_transactions_uk
2023-09-24,bill payment thames water 850738,101.86,utilities,simulated_bank_transactions_uk
2024-04-01,BILL/PMT/VODAFONE 831722,131.14,utilities,simulated_bank_transactions_uk
2023-04-26,Food Delivery Pret Cafe 848061,36.71,dining,simulated_bank_transactions_uk
2023-07-30,contactless sainsburys bread 810617,149.85,groceries,simulated_bank_transactions_uk
2024-11-21,CARD PMT ASDA CHICKEN 218882,167.42,groceries,simulated_bank_transactions_uk
2023-02-25,POS ALDI CHICKEN 316413,75.38,groceries,simulated_bank_transactions_uk
2023-09-16,RESTAURANT-JUST-EAT-FAST-FOOD 404745,92.86,dining,simulated_bank_transactions_uk
2023-08-10,Contactless Waitrose Milk,65.43,groceries,simulated_bank_transactions_uk
2024-02-02,CARD PMT PUREGYM 892006,12.46,subscriptions,simulated_bank_transactions_uk
2024-09-08,FOOD-DELIVERY-STARBUCKS-CAFE 435352,157.56,dining,simulated_bank_transactions_uk
2024-09-03,DIRECT DEBIT DISNEY+ 926693,23.69,subscriptions,simulated_bank_transactions_uk
2023-04-20,CARD DIRECT DEBIT THAMES WATER 263206,43.25,utilities,simulated_bank_transactions_uk
2023-01-12,DIRECT DEBIT MORTGAGE PAYMENT RENT 554313,1609.88,housing,simulated_bank_transactions_uk
2024-01-26,MORTGAGE-PMT-RENT 92845,1120.34,housing,simulated_bank_transactions_uk
2024-01-12,card payment kfc fast food,20.07,dining,simulated_bank_transactions_uk
2024-01-17,Pos-Lidl-Rice 215386,194.33,groceries,simulated_bank_transactions_uk
2023-11-01,Card Payment Tesco Fruit,132.46,groceries,simulated_bank_transactions_uk
2023-09-27,SUBSCRIPTION-PUREGYM 944907,16.38,subscriptions,simulated_bank_transactions_uk
2024-10-13,fuel/bolt/train/ticket 738453,18.6,transportation,simulated_bank_transactions_uk
2024-05-02,Mastercard/Food/Delivery/Uber/Eats/Restaurant 988943,141.45,dining,simulated_bank_transactions_uk
2023-08-29,visa/card/pmt/iceland/bread,21.79,groceries,simulated_bank_transactions_uk
2023-10-07,Card*Pmt*Trainline*Car*Maintenance 469725,97.9,transportation,simulated_bank_transactions_uk
2024-12-09,STO DIRECT DEBIT E.ON 446629,137.74,utilities,simulated_bank_transactions_uk
2024-01-22,BACS POS MORRISONS BREA,82.52,groceries,simulated_bank_transactions_uk
2024-04-21,card pmt asda cereal,89.34,groceries,simulated_bank_transactions_uk
2023-02-15,CARD PMT UBER UBER RIDE 9077,81.59,transportation,simulated_bank_transactions_uk
2024-05-05,FOOD DELIVERY COSTA FOOD DELIVERY 80707,115.03,dining,simulated_bank_transactions_uk
2023-10-06,pos asda chicken 189983,9.76,groceries,simulated_bank_transactions_uk
2024-04-03,Card-Payment-Superdrug-Misc-Expense 296568,61.0,other,simulated_bank_transactions_uk
2024-03-21,Subscription Google *services 198494,39.81,subscriptions,simulated_bank_transactions_uk
2023-02-18,CONTACTLESS FOOD DELIVERY NANDO'S CAFE 554984,127.75,dining,simulated_bank_transactions_uk
2024-04-12,utility bill sky 898784,165.54,utilities,simulated_bank_transactions_uk
2024-11-05,DIRECT DEBIT SPOTIFY 200608,10.72,subscriptions,simulated_bank_transactions_uk
2023-05-30,BACS-BACS-LETTING-AGENT-RENT 810758,1504.09,housing,simulated_bank_transactions_uk
2024-08-17,DIRECT DEBIT THAMES WATER 296497,120.65,utilities,simulated_bank_transactions_uk
2023-10-27,TRANSPORT BOLT FUEL,137.72,transportation,simulated_bank_transactions_uk
2024-02-22,card card payment aldi cereal 579603,136.76,groceries,simulated_bank_transactions_uk
2023-09-17,so direct debit scottishpower 635524,45.31,utilities,simulated_bank_transactions_uk
2024-10-22,Mortgage Payment Rent,2083.31,housing,simulated_bank_transactions_uk
2023-06-18,Transport Trainline Car Maintenance,120.93,transportation,simulated_bank_transactions_uk
2024-10-02,RENT PAYMENT LANDLORD,1434.85,housing,simulated_bank_transactions_uk
2023-06-13,Direct Debit Contactless Aldi Vegetables 913380,110.34,groceries,simulated_bank_transactions_uk
2023-07-30,Bacs Landlord Rent 522627,866.26,housing,simulated_bank_transactions_uk
2024-03-05,direct debit gym group 924518,7.35,subscriptions,simulated_bank_transactions_uk
2024-06-16,rent payment mortgage 798008,1493.19,housing,simulated_bank_transactions_uk
2024-07-17,bacs contactless morrison,54.67,groceries,simulated_bank_transactions_uk
2024-12-01,RESTAURANT KFC FAST,119.66,dining,simulated_bank_transactions_uk
2023-11-30,card payment pret food delivery 26295,80.82,dining,simulated_bank_transactions_uk
2024-02-09,Restaurant Just Eat Food Delivery 704620,90.01,dining,simulated_bank_transactions_uk
2023-12-26,Fuel-National-Rail-Fuel 688905,32.23,transportation,simulated_bank_transactions_uk
2024-10-21,Restaurant Uber Eats Restaurant 624510,40.0,dining,simulated_bank_transactions_uk
2024-05-31,Direct Debit Fuel Trainline Train Ticket 215593,100.84,transportation,simulated_bank_transactions_uk
2023-03-15,Card Pmt Amazon Prime 3,9.92,subscriptions,simulated_bank_transactions_uk
2024-02-20,CARD PMT COSTA FOOD DELIVERY 671000,42.48,dining,simulated_bank_transactions_uk
2023-04-09,Utility Bill Severn Trent 535345,152.36,utilities,simulated_bank_transactions_uk
2023-02-01,pos purchase boots misc expense,8.81,other,simulated_bank_transactions_uk
2024-11-27,pos utility bill severn trent 789241,68.64,utilities,simulated_bank_transactions_uk
2023-05-02,Pos*Waitrose*Chicken,93.26,groceries,simulated_bank_transactions_uk
2023-01-11,TRANSPORT*TRAINLINE*BUS*PASS,93.3,transportation,simulated_bank_transactions_uk
2024-01-19,RESTAURANT*KFC*FOOD*DELIVERY 42529,58.19,dining,simulated_bank_transactions_uk
2024-05-04,Contactless Morrisons Fruit 247857,125.76,groceries,simulated_bank_transactions_uk
2023-02-02,CARD PMT COSTA RESTAURANT 576522,110.26,dining,simulated_bank_transactions_uk
2024-12-18,SO CARD PAYMENT BOLT BUS PASS 207535,6.28,transportation,simulated_bank_transactions_uk
2023-04-11,Card/Transport/Shell/Fuel 677110,105.9,transportation,simulated_bank_transactions_uk
2023-12-26,card*payment*bp*car*maintenance 795857,87.59,transportation,simulated_bank_transactions_uk
2023-01-28,Mortgage Pmt Rent 887079,1409.98,housing,simulated_bank_transactions_uk
2023-03-30,Card-Bill-Payment-O2 260664,203.38,utilities,simulated_bank_transactions_uk
2023-09-09,TRANSPORT TRAINLINE CAR MAINTENANCE,14.7,transportation,simulated_bank_transactions_uk
2023-12-12,Food-Delivery-Pret-Restaurant 370453,75.48,dining,simulated_bank_transactions_uk
2023-11-14,STO CONTACTLESS ASDA CEREAL,11.7,groceries,simulated_bank_transactions_uk
2024-02-25,food delivery pret cafe 968561,38.57,dining,simulated_bank_transactions_uk
2024-11-22,MASTERCARD*CARD*PAYMENT*ALDI*EGGS,120.72,groceries,simulated_bank_transactions_uk
2024-05-29,Card Payment Apple.com/bill 551053,22.22,subscriptions,simulated_bank_transactions_uk
2024-02-02,Card Contactless Morrisons Chicken 388670,140.94,groceries,simulated_bank_transactions_uk
2023-02-19,Subscription Google *services 524,30.8,subscriptions,simulated_bank_transactions_uk
2024-05-17,Bill Pmt Thames Water,189.08,utilities,simulated_bank_transactions_uk
2023-06-16,Card Payment Asda Cereal 171,62.21,groceries,simulated_bank_transactions_uk
2024-12-04,Pos Sainsburys Vegetables 152085,88.21,groceries,simulated_bank_transactions_uk
2024-05-12,POS ALDI BREAD 241201,43.83,groceries,simulated_bank_transactions_uk
2024-10-31,POS MORRISONS FRUIT,156.27,groceries,simulated_bank_transactions_uk
2023-07-07,Sto Rent Payment Rent 354681,718.01,housing,simulated_bank_transactions_uk
2024-03-31,CONTACTLESS-ALDI-CEREAL 512290,49.6,groceries,simulated_bank_transactions_uk
2023-05-23,direct debit spotify 952423,8.16,subscriptions,simulated_bank_transactions_uk
2024-01-11,pos sainsburys milk,90.43,groceries,simulated_bank_transactions_uk
2024-06-21,card payment google *services 123235,4.84,subscriptions,simulated_bank_transactions_uk
2023-04-19,bacs rent rent,1633.99,housing,simulated_bank_transactions_uk
2024-07-24,Sto Fuel Bolt Uber Ride 297894,40.49,transportation,simulated_bank_transactions_uk
2023-09-27,FOOD DELIVERY UBER EATS RESTAURANT 539160,15.1,dining,simulated_bank_transactions_uk
2024-02-15,BACS-MORTGAGE-RENT 950763,1204.35,housing,simulated_bank_transactions_uk
2023-05-21,Contactless-Fuel-National-Rail-Train-Ticket,127.11,transportation,simulated_bank_transactions_uk
2023-07-11,card pmt morrisons eggs 196682,21.84,groceries,simulated_bank_transactions_uk
2024-07-13,card payment uber eats cafe,107.28,dining,simulated_bank_transactions_uk
2024-11-03,bill pmt vodafone,137.3,utilities,simulated_bank_transactions_uk
2023-02-10,CONTACTLESS/ASDA/FRUIT 330929,27.59,groceries,simulated_bank_transactions_uk
2024-12-19,Pos Lidl Eggs,63.57,groceries,simulated_bank_transactions_uk
2023-01-13,Utility Bill E.on 762819,39.1,utilities,simulated_bank_transactions_uk
2023-01-10,card/payment/aldi/chicken,119.19,groceries,simulated_bank_transactions_uk
2023-09-07,Bill Payment E.on 563976,100.09,utilities,simulated_bank_transactions_uk
2024-05-01,mortgage/pmt/rent 666301,942.43,housing,simulated_bank_transactions_uk
2024-02-02,Fuel*Esso*Train*Ticket 1,15.67,transportation,simulated_bank_transactions_uk
2023-05-11,CARD/PMT/COSTA/RESTAURANT 926336,27.65,dining,simulated_bank_transactions_uk
2023-03-11,RENT PMT RENT,1984.84,housing,simulated_bank_transactions_uk
2023-09-10,Transport Bolt Uber Ride,80.13,transportation,simulated_bank_transactions_uk
2024-01-06,food delivery uber eats cafe,135.16,dining,simulated_bank_transactions_uk
2024-03-18,BACS LANDLORD RENT,1279.91,housing,simulated_bank_transactions_uk
2023-01-29,Card Payment Lidl Vegetables 683528,157.22,groceries,simulated_bank_transactions_uk
2024-09-12,Card*Payment*Tesco*Vegetables,81.2,groceries,simulated_bank_transactions_uk
2023-05-11,Mastercard Card Payment Google *services 708224,34.69,subscriptions,simulated_bank_transactions_uk
2024-10-23,card payment uber car maintenance,124.65,transportation,simulated_bank_transactions_uk
2024-09-05,Mortgage Pmt Rent,893.79,housing,simulated_bank_transactions_uk
2024-03-19,direct debit fuel bolt fuel,108.69,transportation,simulated_bank_transactions_uk
2023-03-28,Card Payment Nando's Cafe 864194,15.28,dining,simulated_bank_transactions_uk
2023-02-10,FOOD DELIVERY GREGGS FAST FOOD 353999,124.8,dining,simulated_bank_transactions_uk
2024-10-27,Utility Bill Scottishpower 434555,91.0,utilities,simulated_bank_transactions_uk
2024-07-02,bacs/subscription/google/*services,16.44,subscriptions,simulated_bank_transactions_uk
2024-04-26,Card-Pmt-Starbucks-Food-Delivery,137.58,dining,simulated_bank_transactions_uk
2024-12-05,Transport-Esso-Fuel 909247,106.52,transportation,simulated_bank_transactions_uk
2023-04-04,RESTAURANT JUST EAT FAST FOOD 227995,77.75,dining,simulated_bank_transactions_uk
2024-09-23,card payment just eat food delivery,87.57,dining,simulated_bank_transactions_uk
2023-10-05,card pmt uber eats food delivery 786516,102.51,dining,simulated_bank_transactions_uk
2023-11-17,rent*payment*landlord 899240,1445.95,housing,simulated_bank_transactions_uk
2024-08-02,Rent Payment Landlord,2056.19,housing,simulated_bank_transactions_uk
2023-12-10,Bacs-Pos-Morrisons-Chick,42.41,groceries,simulated_bank_transactions_uk
2024-09-04,BACS FUEL TRAINLINE FUEL,40.44,transportation,simulated_bank_transactions_uk
2023-05-23,transport tfl train ticket 92481,108.03,transportation,simulated_bank_transactions_uk
2024-12-03,CARD PMT DISNEY+ 468261,11.79,subscriptions,simulated_bank_transactions_uk
2023-07-29,DIRECT DEBIT SKY 960196,154.93,utilities,simulated_bank_transactions_uk
2023-05-01,CARD PAYMENT AMAZON PRIME 269239,25.32,subscriptions,simulated_bank_transactions_uk
2023-07-30,visa restaurant kfc food delivery,103.98,dining,simulated_bank_transactions_uk
2024-10-25,CONTACTLESS-CARD-PAYMENT-STARBUCKS-FOOD-DELIVERY 782397,33.38,dining,simulated_bank_transactions_uk
2024-05-10,Subscription Apple.com/bill 135116,14.07,subscriptions,simulated_bank_transactions_uk
2023-05-30,Restaurant Uber Eats Cafe 513880,88.3,dining,simulated_bank_transactions_uk
2024-01-21,Utility Bill Octopus Energy 500249,84.35,utilities,simulated_bank_transactions_uk
2023-07-13,subscription/google/*services 89106,4.13,subscriptions,simulated_bank_transactions_uk
2024-04-10,Card*Pmt*Amazon*Prime 289264,42.04,subscriptions,simulated_bank_transactions_uk
2023-10-11,mortgage pmt letting agent,1554.55,housing,simulated_bank_transactions_uk
2023-02-22,fuel esso fuel 607851,29.49,transportation,simulated_bank_transactions_uk
2024-05-02,mastercard online purchase boots gift 348552,150.03,other,simulated_bank_transactions_uk
2023-07-05,Bacs-Fuel-Trainline-Bus-Pass,18.48,transportation,simulated_bank_transactions_uk
2023-03-13,Contactless Lidl Milk,13.0,groceries,simulated_bank_transactions_uk
2023-05-11,Visa Bill Pmt Severn Trent 373365,150.78,utilities,simulated_bank_transactions_uk
2024-11-07,subscription apple.com/bill 353925,12.4,subscriptions,simulated_bank_transactions_uk
2024-10-01,Restaurant Costa Restaurant,22.27,dining,simulated_bank_transactions_uk
2023-08-25,Food Delivery Uber Eats Food Delivery 842475,71.62,dining,simulated_bank_transactions_uk
2023-12-29,Contactless Asda Chicken 41579,185.93,groceries,simulated_bank_transactions_uk
2024-08-21,CARD PAYMENT DISNEY+ 797723,4.94,subscriptions,simulated_bank_transactions_uk
2024-01-28,Direct Debit Octopus Energy 72,65.38,utilities,simulated_bank_transactions_uk
2023-04-04,pos*sainsburys*milk 287703,191.12,groceries,simulated_bank_transactions_uk
2023-05-08,Card Pmt Starbucks Food Delivery 591296,130.48,dining,simulated_bank_transactions_uk
2024-04-15,Pos Iceland Fruit 15449,48.09,groceries,simulated_bank_transactions_uk
2023-10-14,Restaurant Mcdonalds Fast Food 792,147.23,dining,simulated_bank_transactions_uk
2024-03-21,Card Pmt Asda Rice 507341,135.88,groceries,simulated_bank_transactions_uk
2023-08-26,Food/Delivery/Greggs/Cafe 107011,74.16,dining,simulated_bank_transactions_uk
2024-03-30,Contactless*Iceland*Bread 897609,84.66,groceries,simulated_bank_transactions_uk
2024-01-25,so fuel trainline fuel 260481,119.38,transportation,simulated_bank_transactions_uk
2024-11-20,CARD PMT ALDI CHICKEN 386041,45.0,groceries,simulated_bank_transactions_uk
2023-01-22,Pos Transport Esso Car Maintenance 884819,49.24,transportation,simulated_bank_transactions_uk
2024-03-28,Fuel Bp Car Maintenance,55.53,transportation,simulated_bank_transactions_uk
2023-03-21,CARD-CARD-PMT-STARBUCKS-FOOD-DELIVERY,27.4,dining,simulated_bank_transactions_uk
2024-02-18,visa*food*delivery*pret*cafe 2148,31.1,dining,simulated_bank_transactions_uk
2023-10-08,CONTACTLESS POS WAITROSE VEGETABLES 973506,73.89,groceries,simulated_bank_transactions_uk
2024-01-24,contactless lidl chicken 446036,180.2,groceries,simulated_bank_transactions_uk
2024-12-03,Card Pmt Starbucks Cafe 771240,153.9,dining,simulated_bank_transactions_uk
2023-03-08,bacs-rent-rent 162715,1650.49,housing,simulated_bank_transactions_uk
2023-12-20,MASTERCARD FUEL NATIONAL RAIL UBER RIDE,55.66,transportation,simulated_bank_transactions_uk
2024-04-01,direct debit direct debit british gas,140.38,utilities,simulated_bank_transactions_uk
2023-12-23,BACS LANDLORD RENT 972041,1327.91,housing,simulated_bank_transactions_uk
2023-09-24,pos waitrose vegetables,182.76,groceries,simulated_bank_transactions_uk
2024-08-22,Transport/Esso/Train/Ticket 295124,32.24,transportation,simulated_bank_transactions_uk
2024-01-26,RESTAURANT DELIVEROO FAST FOOD 278393,136.11,dining,simulated_bank_transactions_uk
2023-06-12,Direct Debit Scottishpower 558918,46.14,utilities,simulated_bank_transactions_uk
2024-06-21,CARD PMT ASDA MILK 846390,53.83,groceries,simulated_bank_transactions_uk
2023-05-26,Mortgage Pmt Landlord 948086,881.0,housing,simulated_bank_transactions_uk
2023-07-10,MASTERCARD-BACS-LETTING-AGENT-RENT 165794,2000.06,housing,simulated_bank_transactions_uk
2023-03-10,CARD PAYMENT ALDI CHICKEN 875367,37.49,groceries,simulated_bank_transactions_uk
2024-08-09,pos/lidl/bread 984643,126.08,groceries,simulated_bank_transactions_uk
2024-04-26,FOOD DELIVERY NANDO'S FAST FOOD 139093,49.68,dining,simulated_bank_transactions_uk
2023-07-20,sto bacs landlord rent,1016.18,housing,simulated_bank_transactions_uk
2023-04-14,pos food delivery deliveroo restaurant 955547,15.44,dining,simulated_bank_transactions_uk
2024-04-18,Utility Bill Vodafone,150.48,utilities,simulated_bank_transactions_uk
2023-06-06,Restaurant/Uber/Eats/Food/Delivery,117.1,dining,simulated_bank_transactions_uk
2023-01-09,FUEL/BOLT/TRAIN/TICKET,35.9,transportation,simulated_bank_transactions_uk
2024-06-09,DIRECT DEBIT BRITISH GAS,205.09,utilities,simulated_bank_transactions_uk
2023-02-28,DIRECT-DEBIT-SPOTIFY,24.68,subscriptions,simulated_bank_transactions_uk
2023-06-09,card bill pmt vodafone,36.36,utilities,simulated_bank_transactions_uk
2024-01-12,Subscription Google *services 40700,39.33,subscriptions,simulated_bank_transactions_uk
2024-04-10,FOOD DELIVERY GREGGS FOOD DELIVERY 754052,76.67,dining,simulated_bank_transactions_uk
2023-06-15,CARD/PMT/ICELAND/BREAD 278867,144.12,groceries,simulated_bank_transactions_uk
2024-01-22,Card Food Delivery Kfc Restaurant 439546,15.4,dining,simulated_bank_transactions_uk
2024-05-16,VISA*POS*ASDA*CHIC,94.85,groceries,simulated_bank_transactions_uk
2024-02-18,food delivery greggs cafe,90.3,dining,simulated_bank_transactions_uk
2024-06-16,direct debit rent pmt letting agent 5510,2141.26,housing,simulated_bank_transactions_uk
2024-02-19,DIRECT DEBIT EE,160.71,utilities,simulated_bank_transactions_uk
2023-06-20,Subscription/Amazon/Prime 203134,42.41,subscriptions,simulated_bank_transactions_uk
2023-02-07,TRANSPORT BOLT FUEL 724862,19.42,transportation,simulated_bank_transactions_uk
2023-04-29,contactless waitrose vegetables 62648,169.18,groceries,simulated_bank_transactions_uk
2023-11-03,Card-Card-Pmt-Mcdonalds-Cafe 258227,64.3,dining,simulated_bank_transactions_uk
2023-01-17,Utility/Bill/Sky 344778,139.5,utilities,simulated_bank_transactions_uk
2024-08-27,card payment iceland eggs,92.74,groceries,simulated_bank_transactions_uk
2023-11-06,DIRECT-DEBIT-NETFLIX 834927,30.61,subscriptions,simulated_bank_transactions_uk
2023-08-21,So Direct Debit Octopus Energy 541723,28.85,utilities,simulated_bank_transactions_uk
2024-04-22,mortgage pmt mortgage 603973,1404.5,housing,simulated_bank_transactions_uk
2024-04-19,Restaurant Greggs Food Delivery,141.77,dining,simulated_bank_transactions_uk
2023-05-30,card contactless aldi milk 956537,52.85,groceries,simulated_bank_transactions_uk
2023-02-24,Rent Pmt Landlord 695293,1107.9,housing,simulated_bank_transactions_uk
2024-03-19,UTILITY BILL BRITISH GAS 695575,233.46,utilities,simulated_bank_transactions_uk
2024-06-08,Contactless*Aldi*Chicken 36140,74.18,groceries,simulated_bank_transactions_uk
2024-05-05,Food Delivery Just Eat Restaurant 877535,149.77,dining,simulated_bank_transactions_uk
2024-06-02,Card*Pmt*Waitrose*Vegetables 983767,42.73,groceries,simulated_bank_transactions_uk
2024-12-29,card pmt asda bread 472876,33.46,groceries,simulated_bank_transactions_uk
2023-08-12,CARD/PMT/COSTA/RESTAURANT,8.83,dining,simulated_bank_transactions_uk
2024-02-18,RESTAURANT*GREGGS*FOOD*DELIVERY 284542,8.74,dining,simulated_bank_transactions_uk
2024-09-28,DIRECT*DEBIT*THAMES*WATER 825566,133.17,utilities,simulated_bank_transactions_uk
2024-06-13,Utility Bill Vodafone,36.97,utilities,simulated_bank_transactions_uk
2024-03-19,Restaurant-Mcdonalds-Cafe 508266,122.57,dining,simulated_bank_transactions_uk
2024-07-15,So Subscription Spotify 605092,31.32,subscriptions,simulated_bank_transactions_uk
2023-06-07,CONTACTLESS CARD PMT UBER EATS RESTAURANT 8242,159.79,dining,simulated_bank_transactions_uk
2024-03-26,MORTGAGE PMT RENT 21,1161.74,housing,simulated_bank_transactions_uk
2023-07-21,CARD PMT NANDO'S FOOD DELIVERY 768847,27.31,dining,simulated_bank_transactions_uk
2023-08-14,Contactless Aldi Fruit 523542,58.77,groceries,simulated_bank_transactions_uk
2023-05-17,Pos-Morrisons-Chicken,7.36,groceries,simulated_bank_transactions_uk
2023-06-05,Pos*Iceland*Rice,86.43,groceries,simulated_bank_transactions_uk
2023-08-04,TRANSPORT BOLT CAR MAINTENANCE,37.21,transportation,simulated_bank_transactions_uk
2023-02-08,Contactless Lidl Bread,36.86,groceries,simulated_bank_transactions_uk
2023-08-13,direct debit thames water 549953,209.95,utilities,simulated_bank_transactions_uk
2024-05-20,card payment esso train ticket 67605,129.63,transportation,simulated_bank_transactions_uk
2023-12-17,Contactless/Pos/Iceland/Cereal 749428,163.28,groceries,simulated_bank_transactions_uk
2023-09-22,Sto Food Delivery Uber Eats Food Delivery 146345,136.84,dining,simulated_bank_transactions_uk
2023-12-01,RESTAURANT PRET FOOD DELIVERY 969528,102.89,dining,simulated_bank_transactions_uk
2023-10-13,Fps Card Pmt Trainline Car Maintenance 331983,73.77,transportation,simulated_bank_transactions_uk
2023-01-23,card payment amazon prime 462552,13.27,subscriptions,simulated_bank_transactions_uk
2024-06-05,fuel esso bus pass 455058,47.29,transportation,simulated_bank_transactions_uk
2024-08-28,DIRECT DEBIT BILL PMT THAMES WATER,37.05,utilities,simulated_bank_transactions_uk
2023-06-01,Direct Debit Sky,50.03,utilities,simulated_bank_transactions_uk
2023-09-12,food delivery uber eats fast food,141.52,dining,simulated_bank_transactions_uk
2024-12-15,visa fuel bolt train ticket,129.8,transportation,simulated_bank_transactions_uk
2024-02-14,FUEL NATIONAL RAIL BUS PASS,58.95,transportation,simulated_bank_transactions_uk
2023-09-06,Bacs Card Pmt Tfl Bus Pass 258691,43.27,transportation,simulated_bank_transactions_uk
2024-11-09,mastercard/card/payment/sainsburys/cereal 21780,189.96,groceries,simulated_bank_transactions_uk
2023-02-28,pos-sainsburys-vegetables 523350,185.59,groceries,simulated_bank_transactions_uk
2024-04-29,fuel national rail fuel 433084,23.26,transportation,simulated_bank_transactions_uk
2023-05-02,pos*purchase*boots*pharmacy,234.59,other,simulated_bank_transactions_uk
2024-05-18,UTILITY-BILL-SCOTTISHPOWER,231.59,utilities,simulated_bank_transactions_uk
2024-02-20,rent payment mortgage 929226,1562.06,housing,simulated_bank_transactions_uk
2024-09-17,So*Fuel*Bp*Train*Ticket,41.53,transportation,simulated_bank_transactions_uk
2023-12-01,Bacs*Card*Pmt*Spotify 996075,10.53,subscriptions,simulated_bank_transactions_uk
2023-03-26,So Restaurant Kfc Restaurant 619507,20.6,dining,simulated_bank_transactions_uk
2024-03-14,VISA DIRECT DEBIT GYM GROUP,10.15,subscriptions,simulated_bank_transactions_uk
2024-12-15,Fuel/Trainline/Uber/Ride,130.94,transportation,simulated_bank_transactions_uk
2023-07-01,CARD PAYMENT DELIVEROO RESTAURANT 79885,5.32,dining,simulated_bank_transactions_uk
2024-01-11,Contactless Card Pmt Aldi Chicken 192755,196.82,groceries,simulated_bank_transactions_uk
2023-03-31,RESTAURANT NANDO'S FOOD DELIVERY 712053,108.24,dining,simulated_bank_transactions_uk
2023-02-09,card payment asda chick,69.38,groceries,simulated_bank_transactions_uk
2024-09-21,pos purchase nhs online purchase 706232,247.08,other,simulated_bank_transactions_uk
2024-02-05,pos-asda-rice 294622,158.96,groceries,simulated_bank_transactions_uk
2024-08-30,card payment amazon prime 925813,8.41,subscriptions,simulated_bank_transactions_uk
2024-09-19,DIRECT DEBIT O2 26216,41.85,utilities,simulated_bank_transactions_uk
2023-09-24,SO BILL PMT BRITISH GAS,133.65,utilities,simulated_bank_transactions_uk
2023-08-18,CARD PMT ASDA BREAD 463250,101.8,groceries,simulated_bank_transactions_uk
2023-12-13,Card-Pmt-Deliveroo-Restaurant 112924,65.98,dining,simulated_bank_transactions_uk
2024-01-03,CARD PMT NANDO'S CAFE 228704,130.59,dining,simulated_bank_transactions_uk
2024-12-23,Visa Online Purchase Argos Pharmacy 980094,75.53,other,simulated_bank_transactions_uk
2023-08-29,direct debit amazon prime 897194,37.09,subscriptions,simulated_bank_transactions_uk
2023-08-04,Card Payment Google *services 928534,31.32,subscriptions,simulated_bank_transactions_uk
2023-02-07,Mastercard*Pos*Sainsburys*Eggs 255196,142.13,groceries,simulated_bank_transactions_uk
2024-04-04,CARD/PMT/WAITROSE/BREAD 776312,33.8,groceries,simulated_bank_transactions_uk
2023-12-07,Pos Asda Bread,60.08,groceries,simulated_bank_transactions_uk
2024-03-21,Card-Payment-Nando's-Fast-Food,116.39,dining,simulated_bank_transactions_uk
2023-11-06,Card Payment Bolt Car Maintenance,102.65,transportation,simulated_bank_transactions_uk
2024-11-02,Rent Payment Letting Agent 486898,2038.16,housing,simulated_bank_transactions_uk
2023-12-20,CARD PMT ASDA EGGS,81.2,groceries,simulated_bank_transactions_uk
2023-09-16,CONTACTLESS ICELAND MILK 567657,169.02,groceries,simulated_bank_transactions_uk
2024-02-12,Visa Direct Debit Scottishpower 148336,133.92,utilities,simulated_bank_transactions_uk
2023-12-01,Card-Pmt-Gym-Group 127453,22.43,subscriptions,simulated_bank_transactions_uk
2024-08-03,Food-Delivery-Just-Eat-Cafe,107.05,dining,simulated_bank_transactions_uk
2023-06-18,rent pmt landlord,661.53,housing,simulated_bank_transactions_uk
2023-12-09,card pmt boots gift 520129,26.02,other,simulated_bank_transactions_uk
2024-09-10,fps contactless sainsburys eggs 857700,51.8,groceries,simulated_bank_transactions_uk
2023-07-04,Pos Card Pmt Bp Bus Pass 192195,127.21,transportation,simulated_bank_transactions_uk
2024-12-29,Fuel/Bp/Uber/Ride 931403,89.15,transportation,simulated_bank_transactions_uk
2023-01-03,utility bill octopus energy 756333,112.66,utilities,simulated_bank_transactions_uk
2023-12-07,POS/ASDA/RICE,46.16,groceries,simulated_bank_transactions_uk
2024-06-25,MASTERCARD CARD PMT PRET FOOD DELIVERY 587746,87.28,dining,simulated_bank_transactions_uk
2023-07-21,Online/Purchase/Amazon/Electronics 175268,231.86,other,simulated_bank_transactions_uk
2024-08-28,Transport Shell Uber Ride 414267,64.78,transportation,simulated_bank_transactions_uk
2024-04-12,Transport Bolt Car Maintenance,139.56,transportation,simulated_bank_transactions_uk
2024-08-26,CONTACTLESS TESCO VEGETABLES 524058,8.49,groceries,simulated_bank_transactions_uk
2024-03-03,card-payment-uber-eats-restaurant 412180,78.55,dining,simulated_bank_transactions_uk
2023-11-19,Bacs-Letting-Agent-Rent 429316,1536.44,housing,simulated_bank_transactions_uk
2023-11-04,card*payment*google**services 500881,22.42,subscriptions,simulated_bank_transactions_uk
2024-11-15,card mortgage payment mortgage 257951,1915.94,housing,simulated_bank_transactions_uk
2023-01-05,Bacs Letting Agent Rent 58516,1261.96,housing,simulated_bank_transactions_uk
2024-04-05,POS*CARD*PAYMENT*BOLT*UBER*RIDE 1114,32.61,transportation,simulated_bank_transactions_uk
2023-03-19,Visa Contactless Aldi Milk 527546,88.85,groceries,simulated_bank_transactions_uk
2024-07-13,Card-Pmt-Gym-Group 268199,25.95,subscriptions,simulated_bank_transactions_uk
2024-10-17,Bacs Bacs Landlord Rent 315253,1427.72,housing,simulated_bank_transactions_uk
2024-05-23,card payment amazon prime 608442,31.2,subscriptions,simulated_bank_transactions_uk
2024-07-19,Pos Purchase Boots Misc Expense,134.92,other,simulated_bank_transactions_uk
2024-02-03,Utility Bill O2 707162,225.98,utilities,simulated_bank_transactions_uk
2024-11-02,CARD PAYMENT MCDONALDS FOOD DELIVERY 7190,32.47,dining,simulated_bank_transactions_uk
2024-10-24,CONTACTLESS LIDL FRUIT 867092,20.54,groceries,simulated_bank_transactions_uk
2023-05-13,CONTACTLESS LIDL CEREAL 509,9.03,groceries,simulated_bank_transactions_uk
2024-11-04,BACS-RENT-RENT 942165,1050.2,housing,simulated_bank_transactions_uk
2024-03-12,direct debit scottishpower 154,122.66,utilities,simulated_bank_transactions_uk
2023-10-23,contactless/sainsburys/eggs,75.48,groceries,simulated_bank_transactions_uk
2024-10-16,BILL PAYMENT THAMES WATER,187.52,utilities,simulated_bank_transactions_uk
2023-01-04,pos waitrose eggs 488793,175.28,groceries,simulated_bank_transactions_uk
2023-10-04,FPS ONLINE PURCHASE AMAZON ONLINE PURCHASE,195.33,other,simulated_bank_transactions_uk
2023-12-12,Card Payment Amazon Online Purchase,191.93,other,simulated_bank_transactions_uk
2024-05-07,POS CARD PAYMENT LIDL CEREAL 27221,104.6,groceries,simulated_bank_transactions_uk
2023-12-31,mastercard-food-delivery-uber-eats-food-delivery 473769,126.75,dining,simulated_bank_transactions_uk
2023-07-13,SUBSCRIPTION*GOOGLE**SERVICES 364145,11.23,subscriptions,simulated_bank_transactions_uk
2024-09-27,bacs fuel national rail bus pass 531093,102.09,transportation,simulated_bank_transactions_uk
2023-06-16,Direct-Debit-Gym-Group 198973,44.68,subscriptions,simulated_bank_transactions_uk
2024-12-07,Pos Aldi Eggs 314384,106.81,groceries,simulated_bank_transactions_uk
2024-10-08,Transport Shell Fuel 638884,138.77,transportation,simulated_bank_transactions_uk
2024-03-18,Direct-Debit-Direct-Debit-Octopus-Energy 172774,225.57,utilities,simulated_bank_transactions_uk
2023-07-14,fps card pmt morrisons fruit 52916,46.41,groceries,simulated_bank_transactions_uk
2024-12-15,Food Delivery Just Eat Cafe,124.89,dining,simulated_bank_transactions_uk
2024-05-21,CARD PMT LIDL RICE 176110,167.73,groceries,simulated_bank_transactions_uk
2024-10-19,RESTAURANT UBER EATS CAFE 724103,65.03,dining,simulated_bank_transactions_uk
2023-07-12,DIRECT/DEBIT/SCOTTISHPOWER 448928,33.55,utilities,simulated_bank_transactions_uk
2024-11-11,sto contactless morrisons vegetables 44471,8.34,groceries,simulated_bank_transactions_uk
2023-01-08,Rent Pmt Rent 82411,1175.02,housing,simulated_bank_transactions_uk
2023-04-09,card pmt nhs gift 457791,24.05,other,simulated_bank_transactions_uk
2024-04-29,RESTAURANT JUST EAT RESTAURANT,96.9,dining,simulated_bank_transactions_uk
2023-12-15,CARD PAYMENT TFL CAR MAINTENANCE,102.17,transportation,simulated_bank_transactions_uk
2024-10-15,CONTACTLESS SAINSBURYS MILK,158.3,groceries,simulated_bank_transactions_uk
2024-03-11,Utility Bill Severn Trent 75686,151.21,utilities,simulated_bank_transactions_uk
2023-11-04,Direct Debit Severn Trent 829530,37.9,utilities,simulated_bank_transactions_uk
2024-01-24,Fps Restaurant Starbucks Fast Food,112.87,dining,simulated_bank_transactions_uk
2024-02-26,ONLINE PURCHASE ARGOS PHARMACY,86.97,other,simulated_bank_transactions_uk
2024-05-25,pos/purchase/argos/electronics 962970,92.85,other,simulated_bank_transactions_uk
2023-01-27,utility bill bt,120.61,utilities,simulated_bank_transactions_uk
2023-04-06,Card Pmt Nhs Pharmacy 660156,48.64,other,simulated_bank_transactions_uk
2023-04-13,CONTACTLESS BACS MORTGAGE RENT 528464,1584.5,housing,simulated_bank_transactions_uk
2023-12-08,DIRECT/DEBIT/VODAFONE 261531,254.04,utilities,simulated_bank_transactions_uk
2023-08-06,bill pmt scottishpower 580939,67.92,utilities,simulated_bank_transactions_uk
2023-10-11,Food/Delivery/Starbucks/Restaurant 909612,40.89,dining,simulated_bank_transactions_uk
2023-03-23,Bill Payment Scottishpower 204876,202.39,utilities,simulated_bank_transactions_uk
2024-12-08,SUBSCRIPTION NETFLIX 268833,42.34,subscriptions,simulated_bank_transactions_uk
2023-04-13,Card Transport Shell Car Maintenance 930975,92.79,transportation,simulated_bank_transactions_uk
2024-03-06,MORTGAGE PAYMENT LETTING AGENT,1133.43,housing,simulated_bank_transactions_uk
2023-02-23,Pos Aldi Vegetables 279017,57.46,groceries,simulated_bank_transactions_uk
2024-08-25,CARD PMT ALDI BREAD 582135,190.05,groceries,simulated_bank_transactions_uk
2024-01-05,pos aldi cereal 655353,13.29,groceries,simulated_bank_transactions_uk
2024-08-28,CARD*PMT*BP*UBER*RIDE 616132,38.47,transportation,simulated_bank_transactions_uk
2023-06-22,RENT*PMT*MORTGAGE 677485,777.11,housing,simulated_bank_transactions_uk
2023-01-18,CARD PAYMENT SAINSBURYS BREAD 990719,128.01,groceries,simulated_bank_transactions_uk
2024-11-29,CARD PMT UBER TRAIN TICKET 357100,25.37,transportation,simulated_bank_transactions_uk
2024-06-19,Card Pmt National Rail Fuel 425151,2.73,transportation,simulated_bank_transactions_uk
2023-07-12,Bacs Landlord Rent,1881.72,housing,simulated_bank_transactions_uk
2023-08-05,Fuel*Tfl*Train*Ticket,10.19,transportation,simulated_bank_transactions_uk
2024-06-24,Food Delivery Nando's Cafe 468532,34.83,dining,simulated_bank_transactions_uk
2024-08-27,Direct Debit Bt 735059,120.06,utilities,simulated_bank_transactions_uk
2023-09-13,Card Payment Bp Car Maintenance 10425,41.7,transportation,simulated_bank_transactions_uk
2023-09-19,POS-RESTAURANT-MCDONALDS-RESTAURANT,114.57,dining,simulated_bank_transactions_uk
2023-04-28,Card Pmt Deliveroo Cafe 141157,5.23,dining,simulated_bank_transactions_uk
2024-12-08,TRANSPORT NATIONAL RAIL TRAIN TICKET 148859,105.06,transportation,simulated_bank_transactions_uk
2024-08-17,Contactless Iceland Eggs,163.82,groceries,simulated_bank_transactions_uk
2023-02-11,Pos-Aldi-Rice,30.83,groceries,simulated_bank_transactions_uk
2023-03-15,FPS POS MORRISONS RICE 44,150.25,groceries,simulated_bank_transactions_uk
2023-10-11,Restaurant-Uber-Eats-Fast-Food 340391,154.61,dining,simulated_bank_transactions_uk
2023-08-04,Card/Pmt/Hmrc/Electronics 330663,3.7,other,simulated_bank_transactions_uk
2023-12-16,restaurant uber eats restaurant,69.07,dining,simulated_bank_transactions_uk
2024-10-25,Contactless Waitrose Eggs 810375,33.66,groceries,simulated_bank_transactions_uk
2024-02-25,card payment amazon prime,17.33,subscriptions,simulated_bank_transactions_uk
2024-03-30,Bill Pmt Ee 648392,184.87,utilities,simulated_bank_transactions_uk
2023-12-28,restaurant costa fast food 86865,37.05,dining,simulated_bank_transactions_uk
2023-10-08,POS/SAINSBURYS/RICE 880189,100.53,groceries,simulated_bank_transactions_uk
2024-04-19,FUEL-TRAINLINE-BUS-PASS 366994,2.42,transportation,simulated_bank_transactions_uk
2024-06-20,card pmt lidl milk 494490,150.92,groceries,simulated_bank_transactions_uk
2023-10-22,Bill Payment Bt 381131,50.95,utilities,simulated_bank_transactions_uk
2023-01-15,Card Payment Waitrose Chicken,39.53,groceries,simulated_bank_transactions_uk
2024-04-10,Direct Debit Card Payment National Rail Car Maintenance,11.01,transportation,simulated_bank_transactions_uk
2024-12-05,Fps Utility Bill Bt,130.6,utilities,simulated_bank_transactions_uk
2023-10-04,Bacs Landlord Rent 170983,2143.44,housing,simulated_bank_transactions_uk
2023-05-17,card pmt morrisons rice 150,90.44,groceries,simulated_bank_transactions_uk
2024-01-29,CARD PAYMENT WAITROSE RICE 750206,130.82,groceries,simulated_bank_transactions_uk
2024-01-15,Card Payment Asda Eggs 878822,26.42,groceries,simulated_bank_transactions_uk
2024-11-05,Transport Shell Uber Ride,39.51,transportation,simulated_bank_transactions_uk
2023-01-21,Card Payment Bolt Bus Pass 63443,105.0,transportation,simulated_bank_transactions_uk
2023-10-17,POS ASDA BREAD 553819,52.04,groceries,simulated_bank_transactions_uk
2024-11-15,bill payment ee,203.07,utilities,simulated_bank_transactions_uk
2024-06-26,BACS LANDLORD RENT 844525,1540.34,housing,simulated_bank_transactions_uk
2024-06-25,POS RENT PAYMENT MORTGAGE 92055,1420.41,housing,simulated_bank_transactions_uk
2024-12-07,Pos/Aldi/Milk 662086,68.84,groceries,simulated_bank_transactions_uk
2023-01-02,subscription/amazon/prime 71,27.29,subscriptions,simulated_bank_transactions_uk
2023-11-10,card pmt bp train ticket 437247,16.97,transportation,simulated_bank_transactions_uk
2023-10-06,RESTAURANT DELIVEROO CAFE 263347,43.93,dining,simulated_bank_transactions_uk
2024-09-08,Card Pmt Just Eat Cafe 53976,108.82,dining,simulated_bank_transactions_uk
2024-04-28,CARD/PMT/UBER/EATS/FOOD/DELIVERY 262608,19.89,dining,simulated_bank_transactions_uk
2023-12-11,Card-Pmt-Nando's-Fast-Food 8246,55.33,dining,simulated_bank_transactions_uk
2024-05-19,Card Bill Pmt E.on 296112,150.13,utilities,simulated_bank_transactions_uk
2023-04-16,CONTACTLESS WAITROSE MILK 165822,139.5,groceries,simulated_bank_transactions_uk
2023-02-14,RESTAURANT*STARBUCKS*FAST*FOOD 183729,40.85,dining,simulated_bank_transactions_uk
2023-03-16,Card Pmt Tesco Fruit 777498,109.32,groceries,simulated_bank_transactions_uk
2023-08-15,Contactless/Waitrose/Cereal 557502,145.09,groceries,simulated_bank_transactions_uk
2023-02-07,Food Delivery Just Eat Fast Food,62.49,dining,simulated_bank_transactions_uk
2023-10-15,Bill Payment Bt 742206,121.15,utilities,simulated_bank_transactions_uk
2023-04-06,RESTAURANT-GREGGS-CAFE,143.43,dining,simulated_bank_transactions_uk
2023-04-06,Direct/Debit/Bt,168.77,utilities,simulated_bank_transactions_uk
2024-10-06,direct debit gym group 493753,26.01,subscriptions,simulated_bank_transactions_uk
2024-12-06,rent payment letting agent 979655,718.46,housing,simulated_bank_transactions_uk
2024-12-13,Direct Debit Bill Pmt Scottishpower,179.46,utilities,simulated_bank_transactions_uk
2023-08-10,food delivery pret cafe 667103,131.65,dining,simulated_bank_transactions_uk
2024-05-30,POS-CARD-PMT-APPLE.COM/BILL 511999,8.1,subscriptions,simulated_bank_transactions_uk
2024-12-14,FOOD DELIVERY MCDONALDS FOOD DELIVERY,5.01,dining,simulated_bank_transactions_uk
2024-07-23,Utility Bill Thames Water 132598,202.03,utilities,simulated_bank_transactions_uk
2024-10-04,Restaurant Starbucks Restaurant 928478,119.53,dining,simulated_bank_transactions_uk
2023-06-10,card pmt just eat food delivery 437081,34.84,dining,simulated_bank_transactions_uk
2023-07-20,card pmt sainsburys milk 442007,147.83,groceries,simulated_bank_transactions_uk
2024-04-16,DIRECT DEBIT AMAZON PRIME 126219,9.44,subscriptions,simulated_bank_transactions_uk
2023-05-18,direct/debit/pos/sainsburys/cereal 390493,49.0,groceries,simulated_bank_transactions_uk
2023-11-03,CARD/PMT/ASDA/RICE 451527,76.5,groceries,simulated_bank_transactions_uk
2023-03-06,Card Pmt Puregym 581330,10.31,subscriptions,simulated_bank_transactions_uk
2023-01-08,CARD PMT PUREGYM 365384,23.42,subscriptions,simulated_bank_transactions_uk
2024-12-01,Card Payment Tesco Milk 365426,108.94,groceries,simulated_bank_transactions_uk
2023-06-11,Visa-Direct-Debit-Spotify 962244,8.45,subscriptions,simulated_bank_transactions_uk
2024-03-21,Pos Tesco Eggs 866594,85.94,groceries,simulated_bank_transactions_uk
2024-06-16,Pos Morrisons Eggs 363700,56.9,groceries,simulated_bank_transactions_uk
2023-06-11,CARD/PMT/STARBUCKS/FOOD/DELIVERY 494302,142.39,dining,simulated_bank_transactions_uk
2024-08-03,Direct-Debit-Google-*serv,25.85,subscriptions,simulated_bank_transactions_uk
2024-09-17,card/contactless/tesco/cereal 550203,87.85,groceries,simulated_bank_transactions_uk
2023-09-24,DIRECT DEBIT DIRECT DEBIT PUREGYM,15.45,subscriptions,simulated_bank_transactions_uk
2023-10-30,Pos Card Payment Nando's Restaurant 451119,35.42,dining,simulated_bank_transactions_uk
2023-04-04,Utility Bill Sky 590490,134.24,utilities,simulated_bank_transactions_uk
2023-05-10,card*bacs*rent*rent,1884.73,housing,simulated_bank_transactions_uk
2024-06-30,bacs landlord rent,1792.36,housing,simulated_bank_transactions_uk
2024-02-09,RENT PAYMENT MORTGAGE 541458,1518.1,housing,simulated_bank_transactions_uk
2023-05-19,rent/payment/rent 631422,1754.3,housing,simulated_bank_transactions_uk
2023-08-26,pos tesco eggs 113885,110.11,groceries,simulated_bank_transactions_uk
2024-06-04,CARD PMT DISNEY+,41.23,subscriptions,simulated_bank_transactions_uk
2023-09-05,POS RENT PMT MORTGAGE 65579,2020.85,housing,simulated_bank_transactions_uk
2024-07-04,TRANSPORT TRAINLINE UBER RIDE 569129,48.8,transportation,simulated_bank_transactions_uk
2023-05-20,Pos Waitrose Chicken,69.75,groceries,simulated_bank_transactions_uk
2023-07-30,direct debit spotify 762142,21.54,subscriptions,simulated_bank_transactions_uk
2023-04-02,CARD PMT WAITROSE RICE 141380,141.26,groceries,simulated_bank_transactions_uk
2024-03-08,Transport Bp Car Maintenance,63.04,transportation,simulated_bank_transactions_uk
2023-11-26,FOOD DELIVERY MCDONALDS RESTAURANT 894866,119.35,dining,simulated_bank_transactions_uk
2023-12-12,Fuel Bolt Bus Pass,139.0,transportation,simulated_bank_transactions_uk
2024-11-11,contactless lidl milk,157.11,groceries,simulated_bank_transactions_uk
2023-06-18,Card Pmt Uber Eats Restaurant 149527,17.96,dining,simulated_bank_transactions_uk
2024-12-05,CARD-PAYMENT-GOOGLE-*SERVICES 669066,7.32,subscriptions,simulated_bank_transactions_uk
2024-07-05,card payment morrisons bread,90.6,groceries,simulated_bank_transactions_uk
2024-09-11,CARD RESTAURANT PRET RESTAURANT 665678,127.06,dining,simulated_bank_transactions_uk
2023-11-17,Sto Pos Sainsburys Eggs 231518,197.74,groceries,simulated_bank_transactions_uk
2024-05-31,contactless direct debit british gas 441954,211.75,utilities,simulated_bank_transactions_uk
2023-03-29,Food-Delivery-Deliveroo-Food-Delivery 301943,45.42,dining,simulated_bank_transactions_uk
2024-08-13,FUEL*UBER*TRAIN*TICKET 25,84.85,transportation,simulated_bank_transactions_uk
2023-03-20,fuel tfl bus pass 783514,69.78,transportation,simulated_bank_transactions_uk
2023-02-13,CARD/PMT/TESCO/CHICKEN,102.78,groceries,simulated_bank_transactions_uk
2024-03-21,direct*debit*bt,34.49,utilities,simulated_bank_transactions_uk
2023-01-03,fuel tfl uber ride,84.69,transportation,simulated_bank_transactions_uk
2024-10-13,FOOD DELIVERY COSTA FAST FOOD,63.57,dining,simulated_bank_transactions_uk
2023-10-09,direct debit o2 325041,195.12,utilities,simulated_bank_transactions_uk
2023-05-06,TRANSPORT BOLT FUEL,54.13,transportation,simulated_bank_transactions_uk
2024-06-07,so pos aldi eggs 550113,160.55,groceries,simulated_bank_transactions_uk
2023-02-20,POS SAINSBURYS VEGETABLES 687550,77.07,groceries,simulated_bank_transactions_uk
2024-01-20,Sto-Bill-Payment-E.on 902585,209.51,utilities,simulated_bank_transactions_uk
2023-02-24,RESTAURANT UBER EATS RESTAURANT 471266,101.88,dining,simulated_bank_transactions_uk
2024-09-20,FUEL TFL TRAIN TICKET,58.61,transportation,simulated_bank_transactions_uk
2023-01-18,Bacs Restaurant Deliveroo Food Delivery 984478,126.91,dining,simulated_bank_transactions_uk
2023-03-08,pos subscription spotify 229450,11.58,subscriptions,simulated_bank_transactions_uk
2024-02-06,mastercard card payment aldi milk 793961,185.99,groceries,simulated_bank_transactions_uk
2024-07-23,UTILITY BILL SCOTTISHPOWER 175948,54.2,utilities,simulated_bank_transactions_uk
2024-10-02,rent pmt mortgage 235108,657.71,housing,simulated_bank_transactions_uk
2024-04-30,CARD PMT NANDO'S FAST FOOD 884127,89.86,dining,simulated_bank_transactions_uk
2024-01-23,Fuel Trainline Train Ticket 637249,73.16,transportation,simulated_bank_transactions_uk
2023-03-07,card payment pret fast food 843873,86.89,dining,simulated_bank_transactions_uk
2023-03-09,VISA*BILL*PAYMENT*BRITISH*GAS 506596,61.39,utilities,simulated_bank_transactions_uk
2023-10-30,CARD*PMT*ASDA*FRUIT 969285,125.72,groceries,simulated_bank_transactions_uk
2023-06-12,Restaurant-Uber-Eats-Food-Delivery 475593,68.18,dining,simulated_bank_transactions_uk
2023-05-14,Card/Pmt/Asda/Fruit,152.51,groceries,simulated_bank_transactions_uk
2023-04-17,Utility Bill Vodafone 971448,126.26,utilities,simulated_bank_transactions_uk
2023-02-11,BILL-PMT-OCTOPUS-ENERGY 483289,44.31,utilities,simulated_bank_transactions_uk
2024-10-08,DIRECT DEBIT GYM GROUP,42.76,subscriptions,simulated_bank_transactions_uk
2024-01-18,UTILITY/BILL/BRITISH/GAS 340330,247.34,utilities,simulated_bank_transactions_uk
2023-08-23,direct-debit-disney+,11.65,subscriptions,simulated_bank_transactions_uk
2024-11-30,Card Payment Starbucks Food Delivery 654963,57.69,dining,simulated_bank_transactions_uk
2023-01-24,pos-waitrose-rice,192.05,groceries,simulated_bank_transactions_uk
2024-02-26,food/delivery/deliveroo/cafe,63.48,dining,simulated_bank_transactions_uk
2024-06-27,Direct Debit Disney+ 169511,25.03,subscriptions,simulated_bank_transactions_uk
2023-04-22,FUEL BP UBER RIDE,108.54,transportation,simulated_bank_transactions_uk
2024-06-15,so utility bill scottishpower 795217,188.89,utilities,simulated_bank_transactions_uk
2023-05-18,Card Payment Asda Chicken,69.65,groceries,simulated_bank_transactions_uk
2023-12-15,Transport Bolt Uber Ride,94.97,transportation,simulated_bank_transactions_uk
2023-10-26,STO POS MORRISONS MILK,198.66,groceries,simulated_bank_transactions_uk
2023-12-30,So/Card/Pmt/Waitrose/Rice 804,45.74,groceries,simulated_bank_transactions_uk
2024-12-26,card card payment waitrose chicken 701173,119.49,groceries,simulated_bank_transactions_uk
2023-04-15,Card Pmt Tesco Rice 106132,162.31,groceries,simulated_bank_transactions_uk
2023-05-07,Card Contactless Morrisons Cereal 439122,107.61,groceries,simulated_bank_transactions_uk
2023-09-04,Fuel*Bp*Car*Maintenance 719507,136.63,transportation,simulated_bank_transactions_uk
2023-05-18,Card Card Payment Just Eat Fast Food 628032,81.35,dining,simulated_bank_transactions_uk
2023-02-10,Card Pmt Bolt Bus Pass 213187,139.92,transportation,simulated_bank_transactions_uk
2023-03-27,Card Mortgage Payment Letting Agent 807,1771.21,housing,simulated_bank_transactions_uk
2024-05-23,Mortgage Payment Mortgage 295951,1830.1,housing,simulated_bank_transactions_uk
2023-04-08,Direct Debit Spotify,44.65,subscriptions,simulated_bank_transactions_uk
2024-07-19,bacs card pmt trainline car maintenance,120.46,transportation,simulated_bank_transactions_uk
2023-07-09,visa*restaurant*costa*restaurant 939543,6.65,dining,simulated_bank_transactions_uk
2023-01-31,pos*sainsburys*milk,199.47,groceries,simulated_bank_transactions_uk
2023-04-25,Bacs Food Delivery Pret Food Delivery 464677,125.69,dining,simulated_bank_transactions_uk
2023-01-14,Transport Shell Car Maintenance 328432,74.29,transportation,simulated_bank_transactions_uk
2024-10-14,card*pmt*tesco*fruit,70.1,groceries,simulated_bank_transactions_uk
2024-09-02,Card Pmt Mcdonalds Food Delivery 941478,118.04,dining,simulated_bank_transactions_uk
2024-09-27,Card Pmt Lidl Fruit,183.75,groceries,simulated_bank_transactions_uk
2023-12-21,Food Delivery Pret Cafe 694342,62.03,dining,simulated_bank_transactions_uk
2024-09-10,contactless-waitrose-milk 234177,19.87,groceries,simulated_bank_transactions_uk
2024-10-16,card-payment-sainsburys,174.81,groceries,simulated_bank_transactions_uk
2023-10-27,card direct debit disney+ 374857,8.46,subscriptions,simulated_bank_transactions_uk
2023-12-18,Fps Pos Asda Fruit 855952,108.33,groceries,simulated_bank_transactions_uk
2024-02-22,Subscription Gym Group 240047,9.71,subscriptions,simulated_bank_transactions_uk
2024-09-13,STO/CARD/PAYMENT/ASDA/EGGS 778906,188.61,groceries,simulated_bank_transactions_uk
2024-04-07,Restaurant/Deliveroo/Fast/Food 296399,16.39,dining,simulated_bank_transactions_uk
2023-04-05,direct-debit-sky 767867,123.29,utilities,simulated_bank_transactions_uk
2023-10-29,visa utility bill severn trent,188.42,utilities,simulated_bank_transactions_uk
2023-02-13,contactless-morrisons-fruit,188.43,groceries,simulated_bank_transactions_uk
2023-12-12,direct-debit-netflix 132341,35.9,subscriptions,simulated_bank_transactions_uk
2023-02-17,STO-CARD-PAYMENT-ICELAND-FRUIT 725432,88.59,groceries,simulated_bank_transactions_uk
2023-05-12,fuel trainline uber ride 745515,18.08,transportation,simulated_bank_transactions_uk
2023-07-17,fuel*bp*uber*ride,131.56,transportation,simulated_bank_transactions_uk
2023-07-28,Bacs Letting Agent Rent 397828,1456.4,housing,simulated_bank_transactions_uk
2023-04-01,visa bill pmt thames water 542860,232.87,utilities,simulated_bank_transactions_uk
2024-12-02,Direct Debit Disney+ 322007,19.84,subscriptions,simulated_bank_transactions_uk
2023-08-06,CARD PAYMENT UBER BUS PASS,131.76,transportation,simulated_bank_transactions_uk
2023-09-18,card payment iceland eggs,154.68,groceries,simulated_bank_transactions_uk
2024-03-16,bacs landlord rent 157730,730.68,housing,simulated_bank_transactions_uk
2023-04-22,Bacs/Transport/Trainline/Train/Ticket,62.2,transportation,simulated_bank_transactions_uk
2024-07-28,DIRECT DEBIT FUEL UB,60.58,transportation,simulated_bank_transactions_uk
2024-06-21,So Restaurant Just Eat Fast Food 9080,101.28,dining,simulated_bank_transactions_uk
2023-02-11,card pmt apple.com/bill 514219,34.74,subscriptions,simulated_bank_transactions_uk
2023-01-06,card payment iceland chicken 438267,179.79,groceries,simulated_bank_transactions_uk
2023-12-17,Card Pmt Spotify 503556,35.99,subscriptions,simulated_bank_transactions_uk
2024-07-17,Visa Utility Bill Scottishpower 360790,227.77,utilities,simulated_bank_transactions_uk
2023-08-06,food delivery starbucks fast food 115824,68.16,dining,simulated_bank_transactions_uk
2023-05-08,CARD*PMT*ICELAND*VEGETABLES,124.83,groceries,simulated_bank_transactions_uk
2024-12-11,Contactless Sainsburys Vegetables 969042,93.05,groceries,simulated_bank_transactions_uk
2024-08-01,CARD PMT SAINSBURYS MILK 74551,103.94,groceries,simulated_bank_transactions_uk
2023-10-20,food delivery greggs restaurant 958255,129.51,dining,simulated_bank_transactions_uk
2024-04-08,Restaurant Mcdonalds Restaurant 151544,115.77,dining,simulated_bank_transactions_uk
2024-02-17,Card Pmt Ebay Electronics 957087,202.41,other,simulated_bank_transactions_uk
2024-10-02,card payment apple.com/bill 754970,29.57,subscriptions,simulated_bank_transactions_uk
2024-01-20,CARD PAYMENT SHELL CAR MAINTENANCE 478870,81.03,transportation,simulated_bank_transactions_uk
2024-07-19,rent pmt landlord 130244,1109.44,housing,simulated_bank_transactions_uk
2024-06-18,Restaurant-Uber-Eats-Cafe 62981,18.9,dining,simulated_bank_transactions_uk
2024-08-16,DIRECT DEBIT THAMES WATER 444347,209.13,utilities,simulated_bank_transactions_uk
2023-12-05,bacs-bill-pmt-british-gas,83.33,utilities,simulated_bank_transactions_uk
2024-05-27,card pmt deliveroo food delivery,8.3,dining,simulated_bank_transactions_uk
2023-07-19,Rent Pmt Letting Agent,1609.11,housing,simulated_bank_transactions_uk
2023-08-17,Pos Purchase Boots Misc Expense,29.76,other,simulated_bank_transactions_uk
2024-03-16,Utility Bill Scottishpower 616481,207.42,utilities,simulated_bank_transactions_uk
2023-02-26,Card Payment National Rail Car Maintenance 340542,134.57,transportation,simulated_bank_transactions_uk
2024-04-29,Transport Bp Uber Ride 970643,138.62,transportation,simulated_bank_transactions_uk
2024-03-03,POS*MORRISONS*BREAD,94.15,groceries,simulated_bank_transactions_uk
2023-06-28,Pos Purchase Argos Online Purchase 741949,161.56,other,simulated_bank_transactions_uk
2023-08-22,Card*Pmt*Deliveroo*Food*Delivery,92.06,dining,simulated_bank_transactions_uk
2024-11-09,Sto Fuel National Rail Train Ticket 575365,46.96,transportation,simulated_bank_transactions_uk
2024-06-16,FOOD DELIVERY DELIVEROO FOOD DELIVERY,105.78,dining,simulated_bank_transactions_uk
2023-10-19,Contactless Asda Milk,168.01,groceries,simulated_bank_transactions_uk
2024-11-10,DIRECT DEBIT SPOTIFY 57810,43.36,subscriptions,simulated_bank_transactions_uk
2024-08-02,CARD PAYMENT MORRISONS EGGS 953156,180.94,groceries,simulated_bank_transactions_uk
2023-05-31,CARD*PAYMENT*COSTA*FOOD*DELIVERY 908162,9.64,dining,simulated_bank_transactions_uk
2023-05-31,fuel tfl bus pass 5461,77.14,transportation,simulated_bank_transactions_uk
2024-07-17,Card Payment National Rail Bus Pass 593651,14.9,transportation,simulated_bank_transactions_uk
2024-10-07,direct debit severn trent 577873,106.01,utilities,simulated_bank_transactions_uk
2024-05-08,SO/CONTACTLESS/WAITROSE/RICE 235438,7.91,groceries,simulated_bank_transactions_uk
2024-12-03,card pmt puregym 331619,31.55,subscriptions,simulated_bank_transactions_uk
2023-11-18,Rent/Pmt/Mortgage 3,1901.21,housing,simulated_bank_transactions_uk
2023-07-16,RESTAURANT*JUST*EAT*RESTAURANT 979088,44.05,dining,simulated_bank_transactions_uk
2023-09-04,CARD PAYMENT GYM GROUP 680642,26.2,subscriptions,simulated_bank_transactions_uk
2023-10-06,Sto Card Pmt Costa Food De,136.71,dining,simulated_bank_transactions_uk
2023-06-18,RESTAURANT KFC RESTAURANT 842603,137.47,dining,simulated_bank_transactions_uk
2024-11-14,Card Payment Bolt Train Ticket 118438,2.13,transportation,simulated_bank_transactions_uk
2024-02-03,Mortgage/Payment/Letting/Agent,1580.61,housing,simulated_bank_transactions_uk
2024-02-01,CARD CARD PAYMENT MORRISONS MILK 922432,27.77,groceries,simulated_bank_transactions_uk
2023-07-17,FUEL TFL UBER RIDE 756542,13.21,transportation,simulated_bank_transactions_uk
2023-01-27,contactless subscription apple.com/bill,37.77,subscriptions,simulated_bank_transactions_uk
2023-02-27,pos sainsburys brea,78.16,groceries,simulated_bank_transactions_uk
2024-10-06,Restaurant Pret Food Delivery 127603,17.42,dining,simulated_bank_transactions_uk
2024-02-22,CARD PMT KFC FOOD DELIVERY 778073,13.42,dining,simulated_bank_transactions_uk
2024-08-19,Direct*Debit*Netflix,12.03,subscriptions,simulated_bank_transactions_uk
2023-05-28,Bacs Rent Rent 736738,1287.26,housing,simulated_bank_transactions_uk
2023-10-14,Card-Payment-Aldi-Vegetables,48.0,groceries,simulated_bank_transactions_uk
2024-09-05,BILL PAYMENT VODAFONE,128.55,utilities,simulated_bank_transactions_uk
2024-04-04,Contactless Bill Payment Scottishpower,38.67,utilities,simulated_bank_transactions_uk
2024-02-26,bacs letting agent rent 257577,1274.99,housing,simulated_bank_transactions_uk
2024-07-22,Food Delivery Greggs Fast Food,58.41,dining,simulated_bank_transactions_uk
2024-04-30,Direct Debit Gym Group 24802,33.72,subscriptions,simulated_bank_transactions_uk
2024-08-01,so rent pmt letting agent 106305,2172.07,housing,simulated_bank_transactions_uk
2023-09-27,Sto/Card/Pmt/Costa/Restaurant,124.21,dining,simulated_bank_transactions_uk
2023-07-19,Card Payment Tesco Chicken 513960,18.1,groceries,simulated_bank_transactions_uk
2023-05-16,Pos Pos Sainsburys Cereal,50.26,groceries,simulated_bank_transactions_uk
2023-06-25,pos purchase superdrug pharmacy 339597,91.4,other,simulated_bank_transactions_uk
2024-07-11,Contactless Lidl Fruit 665261,26.2,groceries,simulated_bank_transactions_uk
2023-06-18,rent pmt letting agent 619147,666.49,housing,simulated_bank_transactions_uk
2023-01-01,Food*Delivery*Starbucks*Restaurant,98.45,dining,simulated_bank_transactions_uk
2023-09-01,bacs/utility/bill/vodafone 242902,201.33,utilities,simulated_bank_transactions_uk
2024-05-22,Card Payment Spotify 356692,9.43,subscriptions,simulated_bank_transactions_uk
2023-07-14,Card*Fuel*Esso*Bus*Pass 711875,53.89,transportation,simulated_bank_transactions_uk
2024-07-12,Pos*Morrisons*Bread 600147,178.82,groceries,simulated_bank_transactions_uk
2023-06-22,DIRECT DEBIT O2,164.25,utilities,simulated_bank_transactions_uk
2024-02-10,POS BACS LANDLORD RENT,724.07,housing,simulated_bank_transactions_uk
2023-04-07,Utility Bill Sky,253.67,utilities,simulated_bank_transactions_uk
2023-08-31,Fuel Esso Bus Pass,139.3,transportation,simulated_bank_transactions_uk
2024-02-12,card*payment*tfl*bus*pass,116.82,transportation,simulated_bank_transactions_uk
2024-04-19,transport tfl uber ride 233457,130.02,transportation,simulated_bank_transactions_uk
2023-06-24,card payment greggs cafe 277486,108.43,dining,simulated_bank_transactions_uk
2023-06-15,mortgage*pmt*mortgage 51228,671.72,housing,simulated_bank_transactions_uk
2024-08-26,Mastercard-Food-Delivery-Nando's-Cafe 37538,143.61,dining,simulated_bank_transactions_uk
2023-07-18,transport bp train ticket 873609,16.12,transportation,simulated_bank_transactions_uk
2024-07-13,Direct-Debit-Thames-Water,65.33,utilities,simulated_bank_transactions_uk
2024-12-04,utility bill bt 4,209.33,utilities,simulated_bank_transactions_uk
2023-08-26,FOOD/DELIVERY/UBER/EATS/FAST/FOOD 58221,122.47,dining,simulated_bank_transactions_uk
2023-04-28,Bacs Mortgage Pmt Letting Agent 997414,1026.7,housing,simulated_bank_transactions_uk
2023-11-23,Card Pmt Puregym,26.28,subscriptions,simulated_bank_transactions_uk
2024-04-05,TRANSPORT-BP-BUS-PASS 305691,33.59,transportation,simulated_bank_transactions_uk
2024-12-20,ONLINE PURCHASE SUPERDRUG ONLINE PURCHASE 460514,124.73,other,simulated_bank_transactions_uk
2023-05-02,contactless food delivery costa cafe 145325,67.43,dining,simulated_bank_transactions_uk
2024-05-23,fuel uber uber ride 653510,57.57,transportation,simulated_bank_transactions_uk
2023-05-31,contactless iceland fruit,106.06,groceries,simulated_bank_transactions_uk
2023-01-03,VISA*RENT*PAYMENT*RENT 626,1215.88,housing,simulated_bank_transactions_uk
2023-06-25,direct debit severn trent 417849,44.82,utilities,simulated_bank_transactions_uk
2023-06-13,Contactless Contactless Tesco Vegetables 944939,68.94,groceries,simulated_bank_transactions_uk
2024-11-06,Contactless Asda Fruit,137.36,groceries,simulated_bank_transactions_uk
2024-04-03,Bill Pmt Bt,151.68,utilities,simulated_bank_transactions_uk
2024-08-06,mortgage-payment-rent 685232,1060.61,housing,simulated_bank_transactions_uk
2023-06-28,Pos Aldi Bread 713869,106.95,groceries,simulated_bank_transactions_uk
2024-02-12,Pos-Iceland-Eggs 506525,68.84,groceries,simulated_bank_transactions_uk
2024-07-24,sto online purchase currys electronics,238.86,other,simulated_bank_transactions_uk
2024-09-30,food delivery mcdonalds food delivery,41.46,dining,simulated_bank_transactions_uk
2023-01-17,Restaurant Deliveroo Food Delivery,126.42,dining,simulated_bank_transactions_uk
2023-02-08,Pos Purchase Boots Misc Expense 788164,223.37,other,simulated_bank_transactions_uk
2024-12-09,rent pmt letting agent,2124.67,housing,simulated_bank_transactions_uk
2024-09-04,card pmt kfc cafe,156.13,dining,simulated_bank_transactions_uk
2023-10-26,Restaurant Mcdonalds Food Delivery 336728,83.64,dining,simulated_bank_transactions_uk
2023-12-12,Food/Delivery/Deliveroo/Food/Delivery 312987,141.79,dining,simulated_bank_transactions_uk
2024-10-06,Direct*Debit*Gym*Group 639995,25.0,subscriptions,simulated_bank_transactions_uk
2024-04-07,CONTACTLESS LIDL BREAD 903439,60.3,groceries,simulated_bank_transactions_uk
2023-02-06,RESTAURANT DELIVEROO CAFE,154.18,dining,simulated_bank_transactions_uk
2023-07-03,Food Delivery Nando's Cafe 413998,19.21,dining,simulated_bank_transactions_uk
2024-05-04,CONTACTLESS ASDA FRUIT 60230,92.28,groceries,simulated_bank_transactions_uk
2024-09-22,Contactless Iceland Eggs 777885,10.11,groceries,simulated_bank_transactions_uk
2024-09-20,Fuel Uber Fuel 383615,109.67,transportation,simulated_bank_transactions_uk
2024-06-28,contactless iceland cereal 463072,101.51,groceries,simulated_bank_transactions_uk
2024-09-30,card pmt tfl car maintenance 94503,22.69,transportation,simulated_bank_transactions_uk
2023-06-07,Food-Delivery-Uber-Eats-Cafe,83.4,dining,simulated_bank_transactions_uk
2024-08-13,subscription puregym 135942,17.12,subscriptions,simulated_bank_transactions_uk
2024-06-28,CARD-PMT-LIDL-MILK 524996,159.15,groceries,simulated_bank_transactions_uk
2024-10-20,UTILITY BILL E.ON 758526,25.15,utilities,simulated_bank_transactions_uk
2024-12-13,Pos Morrisons Rice 165113,76.89,groceries,simulated_bank_transactions_uk
2024-01-05,bill payment severn trent 942882,180.94,utilities,simulated_bank_transactions_uk
2024-09-26,card payment netflix 974483,19.62,subscriptions,simulated_bank_transactions_uk
2023-02-01,bill payment scottishpower 762475,158.76,utilities,simulated_bank_transactions_uk
2024-07-08,Food Delivery Costa Fast Food 892806,48.34,dining,simulated_bank_transactions_uk
2023-10-02,card pmt aldi vegetables 546176,171.23,groceries,simulated_bank_transactions_uk
2024-08-30,DIRECT DEBIT BRITISH GAS,117.4,utilities,simulated_bank_transactions_uk
2024-09-18,Utility Bill Vodafone,107.96,utilities,simulated_bank_transactions_uk
2023-05-17,UTILITY*BILL*OCTOPUS*ENERGY 516713,173.98,utilities,simulated_bank_transactions_uk
2023-08-16,restaurant greggs food delivery,127.38,dining,simulated_bank_transactions_uk
2024-08-09,Mortgage-Payment-Mortgage 230908,1496.58,housing,simulated_bank_transactions_uk
2023-09-24,mortgage*pmt*mortgage 903424,1277.6,housing,simulated_bank_transactions_uk
2023-12-12,POS/MORRISONS/VEGETABLES 217778,41.39,groceries,simulated_bank_transactions_uk
2023-12-18,CARD PMT DELIVEROO CAFE,32.57,dining,simulated_bank_transactions_uk
2024-08-26,BACS BILL PMT BRITISH GAS,65.39,utilities,simulated_bank_transactions_uk
2024-09-14,Contactless Asda Rice 430590,71.95,groceries,simulated_bank_transactions_uk
2024-05-31,CARD PAYMENT GOOGLE *SERVICES 756704,8.19,subscriptions,simulated_bank_transactions_uk
2023-01-27,Card Payment Morrisons Fruit 846402,77.0,groceries,simulated_bank_transactions_uk
2024-01-31,ONLINE PURCHASE SUPERDRUG GIFT 266463,131.18,other,simulated_bank_transactions_uk
2024-09-16,BACS BACS LETTING AGENT RENT 503154,1152.78,housing,simulated_bank_transactions_uk
2023-10-22,CARD-BILL-PMT-O2 466961,206.66,utilities,simulated_bank_transactions_uk
2023-11-10,Card Payment Spotify 392446,4.31,subscriptions,simulated_bank_transactions_uk
2024-06-08,Card Payment Just Eat Restaurant,141.05,dining,simulated_bank_transactions_uk
2023-04-26,DIRECT-DEBIT-NETFLIX,41.98,subscriptions,simulated_bank_transactions_uk
2023-02-18,Bacs/Rent/Rent,1400.59,housing,simulated_bank_transactions_uk
2023-10-03,POS POS ICELAND VEGETABLES 801066,118.49,groceries,simulated_bank_transactions_uk
2023-08-04,SUBSCRIPTION AMAZON PRIME 496247,38.38,subscriptions,simulated_bank_transactions_uk
2024-04-09,Utility/Bill/Bt,101.43,utilities,simulated_bank_transactions_uk
2023-08-10,Pos*Morrisons*Vegetables 902318,44.45,groceries,simulated_bank_transactions_uk
2023-08-08,card*pmt*deliveroo*food*delivery 610269,101.0,dining,simulated_bank_transactions_uk
2024-06-21,direct debit amazon prime,33.84,subscriptions,simulated_bank_transactions_uk
2023-11-21,Card Payment Waitrose Fruit 382471,92.23,groceries,simulated_bank_transactions_uk
2023-06-03,CONTACTLESS ICELAND CHICKEN,190.78,groceries,simulated_bank_transactions_uk
2023-03-31,Fps Food Delivery Pret Restaurant 155733,48.94,dining,simulated_bank_transactions_uk
2024-01-28,card-payment-asda-vegetables 774677,39.58,groceries,simulated_bank_transactions_uk
2024-06-20,card payment deliveroo restaurant,112.89,dining,simulated_bank_transactions_uk
2023-05-15,transport*esso*uber*ride 531601,85.5,transportation,simulated_bank_transactions_uk
2023-05-13,subscription apple.com/bill 778680,15.14,subscriptions,simulated_bank_transactions_uk
2023-05-21,Pos Iceland Vegetables 476465,83.43,groceries,simulated_bank_transactions_uk
2024-03-14,Mortgage Payment Rent 191,1904.1,housing,simulated_bank_transactions_uk
2024-08-20,card pmt trainline bus pass,121.24,transportation,simulated_bank_transactions_uk
2023-10-14,Transport Shell Fuel 761265,76.37,transportation,simulated_bank_transactions_uk
2024-12-24,direct*debit*thames*water,57.48,utilities,simulated_bank_transactions_uk
2024-11-16,SO UTILITY BILL SEVERN TRENT 903145,256.04,utilities,simulated_bank_transactions_uk
2024-03-08,DIRECT DEBIT EE 4,197.23,utilities,simulated_bank_transactions_uk
2024-09-20,pos purchase nhs pharmacy,197.54,other,simulated_bank_transactions_uk
2024-09-21,bill payment severn trent 932488,55.29,utilities,simulated_bank_transactions_uk
2024-03-14,MORTGAGE PAYMENT LANDLORD,1909.25,housing,simulated_bank_transactions_uk
2023-01-07,card-pmt-ebay-online-purchase 307143,36.62,other,simulated_bank_transactions_uk
2023-11-11,VISA BACS MORTGAGE RENT 301163,891.71,housing,simulated_bank_transactions_uk
2023-08-26,BILL PMT BRITISH GAS 125657,162.79,utilities,simulated_bank_transactions_uk
2023-04-29,Pos Sainsburys Rice 680376,30.57,groceries,simulated_bank_transactions_uk
2023-01-06,Visa-Direct-Debit-Apple.com/bill 672845,6.84,subscriptions,simulated_bank_transactions_uk
2023-07-28,Sto*Direct*Debit*E.on 828990,32.94,utilities,simulated_bank_transactions_uk
2023-07-06,Restaurant Kfc Cafe 531798,91.11,dining,simulated_bank_transactions_uk
2024-06-16,pos food delivery kfc food delivery,52.01,dining,simulated_bank_transactions_uk
2024-09-26,fuel-shell-fuel 801249,55.24,transportation,simulated_bank_transactions_uk
2024-12-07,Pos Purchase Argos Gift,38.59,other,simulated_bank_transactions_uk
2024-10-14,Online/Purchase/Currys/Misc/Expense 995172,107.5,other,simulated_bank_transactions_uk
2023-06-03,DIRECT-DEBIT-NETFLIX 604301,30.37,subscriptions,simulated_bank_transactions_uk
2024-06-11,Fps Card Pmt Deliveroo Fast Food 122326,61.78,dining,simulated_bank_transactions_uk
2023-10-22,VISA ONLINE PURCHASE HMRC MISC EXPENSE 633016,230.05,other,simulated_bank_transactions_uk
2023-06-27,CONTACTLESS-ASDA-BREAD,107.54,groceries,simulated_bank_transactions_uk
2023-07-14,Card Restaurant Mcdonalds Restaurant 422983,119.24,dining,simulated_bank_transactions_uk
2023-05-27,DIRECT DEBIT PUREGYM,12.21,subscriptions,simulated_bank_transactions_uk
2023-11-09,bacs mortgage rent 680018,660.98,housing,simulated_bank_transactions_uk
2023-01-09,Card-Pmt-Deliveroo-Restaurant,63.46,dining,simulated_bank_transactions_uk
2023-09-26,MASTERCARD RENT PMT MORTGAGE 92816,1029.36,housing,simulated_bank_transactions_uk
2024-04-19,TRANSPORT-SHELL-TRAIN-TICKET 362760,101.02,transportation,simulated_bank_transactions_uk
2024-04-27,Utility Bill Ee 388040,63.79,utilities,simulated_bank_transactions_uk
2023-07-01,TRANSPORT TRAINLINE UBER RIDE,93.79,transportation,simulated_bank_transactions_uk
2023-11-25,card payment amazon prime,23.68,subscriptions,simulated_bank_transactions_uk
2023-09-30,FPS BILL PMT E.ON 275233,157.08,utilities,simulated_bank_transactions_uk
2024-08-07,TRANSPORT BOLT FUEL 342363,23.36,transportation,simulated_bank_transactions_uk
2023-04-03,Bacs Rent Payment Mortgage 269258,870.79,housing,simulated_bank_transactions_uk
2024-11-04,card payment shell fuel,54.77,transportation,simulated_bank_transactions_uk
2024-07-16,card pmt costa restaurant 65758,65.84,dining,simulated_bank_transactions_uk
2023-05-04,bacs letting agent rent 198286,1331.28,housing,simulated_bank_transactions_uk
2024-12-04,FOOD DELIVERY PRET FAST FOOD 822051,14.81,dining,simulated_bank_transactions_uk
2023-08-11,CARD PAYMENT MORRISONS CEREAL 469877,158.51,groceries,simulated_bank_transactions_uk
2023-07-10,Mortgage Pmt Mortgage,1552.96,housing,simulated_bank_transactions_uk
2023-06-26,pos/purchase/boots/online/purchase,83.48,other,simulated_bank_transactions_uk
2023-06-25,pos lidl rice 909415,149.49,groceries,simulated_bank_transactions_uk
2024-11-04,Pos Purchase Hmrc Gift,200.45,other,simulated_bank_transactions_uk
2023-08-30,Bacs/Mortgage/Rent 80316,1642.55,housing,simulated_bank_transactions_uk
2023-06-20,CARD PMT KFC FAST FOOD,41.65,dining,simulated_bank_transactions_uk
2023-09-08,Direct Debit Direct Debit Ee,190.08,utilities,simulated_bank_transactions_uk
2024-07-23,subscription/netflix 5648,12.33,subscriptions,simulated_bank_transactions_uk
2024-05-15,BACS LANDLORD RENT,1297.71,housing,simulated_bank_transactions_uk
2024-05-19,FOOD DELIVERY KFC CAFE 91792,119.25,dining,simulated_bank_transactions_uk
2023-01-21,POS SAINSBURYS FRUIT 751491,61.52,groceries,simulated_bank_transactions_uk
2024-08-14,card restaurant pret food delivery 151524,139.14,dining,simulated_bank_transactions_uk
2023-04-30,DIRECT DEBIT CARD PAYMENT PUREGYM,29.06,subscriptions,simulated_bank_transactions_uk
2024-08-19,Contactless*Morrisons*Cereal 64276,122.7,groceries,simulated_bank_transactions_uk
2024-03-26,Transport Tfl Train Ticket 684,80.8,transportation,simulated_bank_transactions_uk
2024-11-13,POS SAINSBURYS MILK 439723,69.57,groceries,simulated_bank_transactions_uk
2024-05-24,BACS RENT RENT,1827.61,housing,simulated_bank_transactions_uk
2023-12-01,pos*card*pmt*mcdonalds*fast*food 295202,81.0,dining,simulated_bank_transactions_uk
2023-01-29,Pos Tesco Rice 829870,30.48,groceries,simulated_bank_transactions_uk
2024-01-09,subscription gym group,9.52,subscriptions,simulated_bank_transactions_uk
2023-06-27,bill pmt o2 556378,153.78,utilities,simulated_bank_transactions_uk
2024-07-21,pos sainsburys milk,56.74,groceries,simulated_bank_transactions_uk
2024-06-02,Transport-Uber-Fuel 118580,73.57,transportation,simulated_bank_transactions_uk
2023-08-04,Bacs Landlord Rent 422337,1191.44,housing,simulated_bank_transactions_uk
2024-01-01,FOOD DELIVERY COSTA FOOD DELIVERY 871493,108.44,dining,simulated_bank_transactions_uk
2023-02-11,Card Payment Aldi Fruit 884184,185.24,groceries,simulated_bank_transactions_uk
2023-08-30,Contactless Waitrose Chicke,195.71,groceries,simulated_bank_transactions_uk
2024-08-09,Bacs/Mortgage/Rent 828896,777.12,housing,simulated_bank_transactions_uk
2024-04-16,Rent/Pmt/Rent 116334,1147.14,housing,simulated_bank_transactions_uk
2024-08-07,CONTACTLESS WAITROSE EGGS 33499,191.05,groceries,simulated_bank_transactions_uk
2023-06-02,BACS*RENT*PMT*LANDLORD 595591,685.4,housing,simulated_bank_transactions_uk
2024-08-23,bacs food delivery starbucks fast food 398557,125.78,dining,simulated_bank_transactions_uk
2023-07-23,VISA*FOOD*DELIVERY*PRET*RESTAURANT 833517,19.33,dining,simulated_bank_transactions_uk
2024-09-18,Mastercard Card Pmt Shell Car Maintenance,28.61,transportation,simulated_bank_transactions_uk
2024-04-26,subscription netflix 165938,27.64,subscriptions,simulated_bank_transactions_uk
2023-04-28,BACS CARD PMT LIDL CEREAL,23.12,groceries,simulated_bank_transactions_uk
2023-06-05,CONTACTLESS ASDA MILK 44,128.49,groceries,simulated_bank_transactions_uk
2024-12-04,pos-asda-eggs 386045,28.03,groceries,simulated_bank_transactions_uk
2024-11-07,Fps Mortgage Payment Mortgage 877539,1285.67,housing,simulated_bank_transactions_uk
2024-11-20,pos waitrose bread,123.14,groceries,simulated_bank_transactions_uk
2023-04-18,mastercard card payment sainsburys bread 271593,79.6,groceries,simulated_bank_transactions_uk
2024-09-24,Pos-Aldi-Eggs,13.16,groceries,simulated_bank_transactions_uk
2023-12-18,Card Payment Deliveroo Cafe,26.08,dining,simulated_bank_transactions_uk
2023-07-22,card-payment-greggs-cafe 570113,149.52,dining,simulated_bank_transactions_uk
2023-02-07,Mastercard Rent Pmt Rent,1781.01,housing,simulated_bank_transactions_uk
2023-12-12,BILL PAYMENT OCTOPUS ENERGY 705751,126.39,utilities,simulated_bank_transactions_uk
2024-04-11,Contactless Lidl Milk,133.77,groceries,simulated_bank_transactions_uk
2023-04-17,card payment mcdonalds food delivery,125.38,dining,simulated_bank_transactions_uk
2023-04-03,Pos Tesco Chicken,39.35,groceries,simulated_bank_transactions_uk
2024-10-02,Direct Debit Thames Water 156768,185.51,utilities,simulated_bank_transactions_uk
2024-08-13,TRANSPORT TRAINLINE BUS PASS 693891,120.66,transportation,simulated_bank_transactions_uk
2023-10-21,card pmt nando's fast food 989418,28.27,dining,simulated_bank_transactions_uk
2024-08-28,Visa Utility Bill Thames Water,222.4,utilities,simulated_bank_transactions_uk
2023-12-25,POS-SAINSBURYS-VEGETABLES 736778,198.94,groceries,simulated_bank_transactions_uk
2024-11-01,card pmt mcdonalds restaurant,130.62,dining,simulated_bank_transactions_uk
2024-08-05,POS CARD PMT MORRISONS RICE,144.56,groceries,simulated_bank_transactions_uk
2024-08-20,Direct Debit Card Pmt Costa Fast Food 224550,125.78,dining,simulated_bank_transactions_uk
2023-08-23,Transport Trainline Uber Ride 794682,109.14,transportation,simulated_bank_transactions_uk
2023-07-15,online purchase nhs online purchase 337833,38.04,other,simulated_bank_transactions_uk
2024-07-06,Transport Bp Bus Pass 730284,77.86,transportation,simulated_bank_transactions_uk
2023-05-14,Bill-Pmt-Sky,204.2,utilities,simulated_bank_transactions_uk
2023-03-18,pos*iceland*milk 378750,55.57,groceries,simulated_bank_transactions_uk
2024-05-08,Rent Payment Letting Age,689.75,housing,simulated_bank_transactions_uk
2024-09-20,mastercard mortgage payment landlord 731366,840.82,housing,simulated_bank_transactions_uk
2023-10-12,visa contactless tesco,113.72,groceries,simulated_bank_transactions_uk
2023-03-29,contactless iceland milk 418564,91.41,groceries,simulated_bank_transactions_uk
2023-08-22,transport bp car maintenance 364152,5.09,transportation,simulated_bank_transactions_uk
2023-04-20,fps contactless tesco chicken 536321,108.55,groceries,simulated_bank_transactions_uk
2023-06-12,DIRECT DEBIT SKY 701178,248.93,utilities,simulated_bank_transactions_uk
2024-12-28,Card/Pmt/Puregym 86260,13.1,subscriptions,simulated_bank_transactions_uk
2023-05-08,Visa Mortgage Pmt Mortgage 893665,1037.03,housing,simulated_bank_transactions_uk
2024-02-20,Fps Pos Morrisons Vegetables 199683,182.06,groceries,simulated_bank_transactions_uk
2024-10-17,pos pos purchase argos electronics 905834,228.81,other,simulated_bank_transactions_uk
2023-11-12,FUEL TRAINLINE FUEL 251043,125.24,transportation,simulated_bank_transactions_uk
2024-11-24,card pmt greggs food delivery 151443,73.64,dining,simulated_bank_transactions_uk
2024-03-11,Card Payment Google *services,19.25,subscriptions,simulated_bank_transactions_uk
2023-04-19,Card Pmt Google *services 310731,14.3,subscriptions,simulated_bank_transactions_uk
2023-01-03,card payment asda chicken 715096,95.04,groceries,simulated_bank_transactions_uk
2024-06-10,DIRECT DEBIT POS SAINSBURYS MILK 252007,154.99,groceries,simulated_bank_transactions_uk
2024-02-27,POS TESCO RICE 187772,10.2,groceries,simulated_bank_transactions_uk
2023-10-10,Food Delivery Starbucks Restaurant,74.65,dining,simulated_bank_transactions_uk
2024-03-09,SUBSCRIPTION/DISNEY+,24.05,subscriptions,simulated_bank_transactions_uk
2023-04-10,Fuel Uber Car Maintenance,3.81,transportation,simulated_bank_transactions_uk
2023-06-01,Visa Subscription Apple.com/bill 461960,22.36,subscriptions,simulated_bank_transactions_uk
2024-12-22,mastercard restaurant kfc restaurant 148386,156.0,dining,simulated_bank_transactions_uk
2023-02-13,Contactless Tesco Bread 655935,43.12,groceries,simulated_bank_transactions_uk
2024-04-18,fuel esso uber ride,36.02,transportation,simulated_bank_transactions_uk
2023-02-18,Card Pmt Pret Food Delivery,17.35,dining,simulated_bank_transactions_uk
2024-06-27,subscription spotify 415909,18.81,subscriptions,simulated_bank_transactions_uk
2024-02-15,Fps-Pos-Purchase-Superdrug-Gift,77.16,other,simulated_bank_transactions_uk
2024-08-01,Contactless Waitrose Rice 131357,9.83,groceries,simulated_bank_transactions_uk
2024-06-24,Fuel Tfl Bus Pass 846122,75.37,transportation,simulated_bank_transactions_uk
2024-03-15,Restaurant Just Eat Cafe,71.02,dining,simulated_bank_transactions_uk
2023-05-04,direct-debit-card-pmt-costa-cafe,9.6,dining,simulated_bank_transactions_uk
2024-11-18,CARD PAYMENT KFC FOOD DELIVERY,35.84,dining,simulated_bank_transactions_uk
2023-06-10,Sto*Subscription*Gym*Group 110421,28.89,subscriptions,simulated_bank_transactions_uk
2024-03-23,pos direct debit google *services,41.8,subscriptions,simulated_bank_transactions_uk
2023-03-22,RENT PMT RENT,1925.95,housing,simulated_bank_transactions_uk
2023-05-22,Mastercard Utility Bill Bt,148.28,utilities,simulated_bank_transactions_uk
2023-02-28,Card Restaurant Greggs Cafe,7.94,dining,simulated_bank_transactions_uk
2023-04-13,CARD PMT BOOTS GIFT 922780,105.46,other,simulated_bank_transactions_uk
2023-01-26,Direct Debit Severn Trent 352575,172.31,utilities,simulated_bank_transactions_uk
2024-08-25,DIRECT*DEBIT*AMAZON*PRIME,6.07,subscriptions,simulated_bank_transactions_uk
2023-09-16,Fuel Tfl Fuel 246528,19.16,transportation,simulated_bank_transactions_uk
2024-07-10,Pos Waitrose Chicken,119.19,groceries,simulated_bank_transactions_uk
2024-07-30,Direct Debit Apple.com/bill,6.79,subscriptions,simulated_bank_transactions_uk
2023-11-19,Card-Pmt-Spotify 972555,27.54,subscriptions,simulated_bank_transactions_uk
2023-06-26,Pos Waitrose Bread,66.75,groceries,simulated_bank_transactions_uk
2023-11-01,Pos Asda Milk 626740,162.53,groceries,simulated_bank_transactions_uk
2024-02-09,Contactless Card Payment Pret Cafe 660707,149.04,dining,simulated_bank_transactions_uk
2024-10-16,Mastercard Card Pmt Gym Group 455445,44.58,subscriptions,simulated_bank_transactions_uk
2024-08-27,CONTACTLESS*POS*ALDI*BREAD 377213,43.74,groceries,simulated_bank_transactions_uk
2024-01-27,Card Payment Esso Uber Ride 379831,114.29,transportation,simulated_bank_transactions_uk
2024-01-27,food*delivery*greggs*food*delivery 88194,20.82,dining,simulated_bank_transactions_uk
2023-10-21,Online Purchase Amazon Misc Expense 936803,56.42,other,simulated_bank_transactions_uk
2023-09-30,pos purchase hmrc gift 594645,121.53,other,simulated_bank_transactions_uk
2024-03-23,visa card payment tesco eggs,153.63,groceries,simulated_bank_transactions_uk
2023-04-27,pos aldi chicken,118.66,groceries,simulated_bank_transactions_uk
2023-03-10,Card Payment Hmrc Gift,202.33,other,simulated_bank_transactions_uk
2024-03-17,CARD PMT KFC FOOD DELIVERY,30.6,dining,simulated_bank_transactions_uk
2024-04-23,direct debit apple.com/bill,5.08,subscriptions,simulated_bank_transactions_uk
2024-07-07,SO CARD PMT ASDA CEREAL,164.86,groceries,simulated_bank_transactions_uk
2023-02-26,Direct Debit Amazon Prime,7.65,subscriptions,simulated_bank_transactions_uk
2024-11-07,card pmt disney+,29.86,subscriptions,simulated_bank_transactions_uk
2024-07-12,visa-food-delivery-greggs-restaurant,136.69,dining,simulated_bank_transactions_uk
2024-12-01,Mortgage-Payment-Letting-Agent 884950,1014.58,housing,simulated_bank_transactions_uk
2023-04-25,food*delivery*deliveroo*cafe 707292,144.63,dining,simulated_bank_transactions_uk
2024-07-04,card/pmt/morrisons/cereal 156205,192.69,groceries,simulated_bank_transactions_uk
2024-11-08,Card Fuel Trainline Car Maintenance 457358,135.11,transportation,simulated_bank_transactions_uk
2024-02-13,Card Pmt Bp Uber Ride 938561,135.93,transportation,simulated_bank_transactions_uk
2023-06-14,Mortgage Payment Mortgage 457370,1479.41,housing,simulated_bank_transactions_uk
2023-12-31,Subscription Puregym 393972,42.82,subscriptions,simulated_bank_transactions_uk
2024-03-26,Fuel Bp Train Ticket,80.81,transportation,simulated_bank_transactions_uk
2023-01-12,Online Purchase Amazon Pharmacy 865952,111.1,other,simulated_bank_transactions_uk
2023-09-23,Transport Bolt Uber Ride,114.04,transportation,simulated_bank_transactions_uk
2024-04-29,fuel shell fue,67.45,transportation,simulated_bank_transactions_uk
2024-01-25,food delivery uber eats fast food,135.53,dining,simulated_bank_transactions_uk
2023-04-04,Restaurant Greggs Food Delivery 410339,97.33,dining,simulated_bank_transactions_uk
2024-06-07,Subscription Gym Group 949628,42.3,subscriptions,simulated_bank_transactions_uk
2023-10-04,Bacs Rent Rent 974640,1916.57,housing,simulated_bank_transactions_uk
2024-07-27,card payment disney+,31.49,subscriptions,simulated_bank_transactions_uk
2024-02-06,RENT PMT LETTING AGENT 640765,1368.21,housing,simulated_bank_transactions_uk
2023-02-21,restaurant mcdonalds cafe 808690,108.01,dining,simulated_bank_transactions_uk
2024-12-31,Fps Direct Debit Thames Water 373126,108.34,utilities,simulated_bank_transactions_uk
2024-03-09,FPS CARD PMT ICELAND BREAD 68769,159.07,groceries,simulated_bank_transactions_uk
2024-07-19,POS MORRISONS FRUIT 183032,13.58,groceries,simulated_bank_transactions_uk
2024-11-21,STO RESTAURANT MCDONALDS FAST FOOD 65989,80.56,dining,simulated_bank_transactions_uk
2023-08-18,RENT PAYMENT LANDLORD 791851,1507.48,housing,simulated_bank_transactions_uk
2024-04-16,FPS*UTILITY*BILL*THAMES*WATER 751894,108.2,utilities,simulated_bank_transactions_uk
2024-10-17,VISA FOOD DELIVERY GREGGS CAFE 370579,33.17,dining,simulated_bank_transactions_uk
2023-10-17,pos sainsburys fruit 72482,141.89,groceries,simulated_bank_transactions_uk
2023-09-12,Card-Pmt-Disney+ 101546,19.73,subscriptions,simulated_bank_transactions_uk
2024-04-08,card payment mcdonalds cafe,8.97,dining,simulated_bank_transactions_uk
2023-01-12,CARD-PMT-BP-TRAIN-TICKET,10.94,transportation,simulated_bank_transactions_uk
2023-05-26,Contactless Lidl Vegetables,24.93,groceries,simulated_bank_transactions_uk
2023-09-06,card-payment-aldi-vegetables,118.1,groceries,simulated_bank_transactions_uk
2024-07-13,Direct*Debit*Disney+ 854,15.28,subscriptions,simulated_bank_transactions_uk
2024-02-14,POS WAITROSE RICE 292421,56.85,groceries,simulated_bank_transactions_uk
2023-02-12,FUEL BOLT CAR MAINTENANCE,33.46,transportation,simulated_bank_transactions_uk
2024-02-09,Bacs Mortgage Rent,2176.77,housing,simulated_bank_transactions_uk
2024-08-12,transport trainline car maintenance 565526,63.43,transportation,simulated_bank_transactions_uk
2023-03-06,Bacs Pos Sainsburys Milk 396475,126.53,groceries,simulated_bank_transactions_uk
2023-04-26,CARD PAYMENT MORRISONS BREAD 78918,46.82,groceries,simulated_bank_transactions_uk
2024-09-06,CARD PAYMENT PRET FAST FOOD 845809,60.45,dining,simulated_bank_transactions_uk
2023-07-29,pos card pmt nando's fast food 383114,159.78,dining,simulated_bank_transactions_uk
2024-05-01,direct/debit/restaurant/nando's/restaurant 9474,41.06,dining,simulated_bank_transactions_uk
2023-09-12,card pmt pret restaurant 918800,57.97,dining,simulated_bank_transactions_uk
2024-06-07,Card Payment Lidl Chicken,67.64,groceries,simulated_bank_transactions_uk
2024-12-18,fps contactless aldi vegetables,157.05,groceries,simulated_bank_transactions_uk
2023-10-13,Pos Tesco Eggs,75.26,groceries,simulated_bank_transactions_uk
2023-05-08,Subscription Amazon Prime 924937,9.93,subscriptions,simulated_bank_transactions_uk
2023-02-02,So/Card/Pmt/Uber/Eats/Cafe,54.27,dining,simulated_bank_transactions_uk
2023-01-29,RENT PAYMENT LETTING AGENT 727098,1098.19,housing,simulated_bank_transactions_uk
2023-03-06,subscription-gym-group 569837,20.48,subscriptions,simulated_bank_transactions_uk
2023-03-08,So Card Payment Bolt Fuel,125.73,transportation,simulated_bank_transactions_uk
2024-08-31,Direct Debit Spotify 956580,32.71,subscriptions,simulated_bank_transactions_uk
2024-07-13,Transport-Bp-Car-Maintenance,89.01,transportation,simulated_bank_transactions_uk
2024-04-17,Card-Pmt-Esso-Uber-Ride 333214,121.55,transportation,simulated_bank_transactions_uk
2023-03-23,Bacs Direct Debit Netflix 920315,7.97,subscriptions,simulated_bank_transactions_uk
2023-04-18,TRANSPORT/BP/FUEL 524238,73.34,transportation,simulated_bank_transactions_uk
2024-02-08,direct debit spotify,29.52,subscriptions,simulated_bank_transactions_uk
2024-09-23,card restaurant costa food delivery 342939,89.62,dining,simulated_bank_transactions_uk
2024-08-18,Contactless/Restaurant/Greggs/Fast/Food 970262,113.33,dining,simulated_bank_transactions_uk
2023-11-16,Utility Bill E.on 364382,154.14,utilities,simulated_bank_transactions_uk
2024-12-06,So Mortgage Payment Rent,1529.19,housing,simulated_bank_transactions_uk
2024-08-25,CARD BACS LETTING AGENT RENT 530435,1157.36,housing,simulated_bank_transactions_uk
2023-02-20,Direct Debit E.on 56,213.84,utilities,simulated_bank_transactions_uk
2024-11-26,CARD PMT LIDL EGGS 683158,145.86,groceries,simulated_bank_transactions_uk
2023-09-10,card*payment*morrisons*cereal,198.96,groceries,simulated_bank_transactions_uk
2023-02-15,fps restaurant pret cafe,142.82,dining,simulated_bank_transactions_uk
2024-03-08,direct-debit-british-gas,136.5,utilities,simulated_bank_transactions_uk
2024-09-02,card*pmt*starbucks*restaurant 722482,40.2,dining,simulated_bank_transactions_uk
2023-08-01,Transport National Rail Car Maintenance,113.44,transportation,simulated_bank_transactions_uk
2024-12-27,Card Transport National Rail Train Ticket 206813,58.69,transportation,simulated_bank_transactions_uk
2023-09-24,Restaurant Deliveroo Restaurant 613365,84.77,dining,simulated_bank_transactions_uk
2024-05-12,Utility Bill Thames Water,38.12,utilities,simulated_bank_transactions_uk
2024-10-28,POS TESCO MILK,120.85,groceries,simulated_bank_transactions_uk
2024-08-17,Restaurant Kfc Fast Food 515734,51.3,dining,simulated_bank_transactions_uk
2024-01-21,DIRECT*DEBIT*BRITISH*GAS,93.93,utilities,simulated_bank_transactions_uk
2024-07-24,Pos Purchase Currys Pharmacy 411438,197.02,other,simulated_bank_transactions_uk
2023-02-21,CARD PMT STARBUCKS CAFE,82.11,dining,simulated_bank_transactions_uk
2023-01-15,Bill-Payment-Ee 904584,86.6,utilities,simulated_bank_transactions_uk
2024-01-08,Subscription-Puregym 845179,16.9,subscriptions,simulated_bank_transactions_uk
2023-01-30,fps card pmt tfl fuel,48.91,transportation,simulated_bank_transactions_uk
2023-08-15,restaurant-just-eat-food-delivery,124.04,dining,simulated_bank_transactions_uk
2023-09-06,contactless-tesco-milk,87.9,groceries,simulated_bank_transactions_uk
2024-02-19,Bacs Landlord Rent 852368,1050.04,housing,simulated_bank_transactions_uk
2023-07-08,rent pmt mortgage,1974.15,housing,simulated_bank_transactions_uk
2023-02-25,card payment google *services 871676,32.72,subscriptions,simulated_bank_transactions_uk
2023-12-22,POS LIDL VEGETABLES 168568,122.71,groceries,simulated_bank_transactions_uk
2024-11-22,POS CARD PMT MORRISONS MILK 966877,6.79,groceries,simulated_bank_transactions_uk
2023-06-05,transport tfl train ticket,18.34,transportation,simulated_bank_transactions_uk
2024-05-04,CONTACTLESS/UTILITY/BILL/BRITISH/GAS 823,125.62,utilities,simulated_bank_transactions_uk
2023-05-18,Direct Debit Restaurant Costa Cafe 336127,53.15,dining,simulated_bank_transactions_uk
2023-01-29,SUBSCRIPTION*NETFLIX 498007,6.76,subscriptions,simulated_bank_transactions_uk
2023-04-13,Sto-Pos-Waitrose-Eggs 26703,59.78,groceries,simulated_bank_transactions_uk
2024-06-13,visa card payment sainsburys chicken 289199,109.01,groceries,simulated_bank_transactions_uk
2024-07-03,Card Pmt Costa Restaurant 810172,5.95,dining,simulated_bank_transactions_uk
2024-02-10,contactless morrisons cereal,119.82,groceries,simulated_bank_transactions_uk
2023-05-11,FUEL UBER FUEL 388587,138.85,transportation,simulated_bank_transactions_uk
2024-09-01,CONTACTLESS LIDL BREAD 48570,38.71,groceries,simulated_bank_transactions_uk
2023-01-14,Pos Mortgage Payment Landlord 329139,1338.34,housing,simulated_bank_transactions_uk
2024-02-23,bacs/rent/rent 218644,1341.48,housing,simulated_bank_transactions_uk
2024-03-11,Contactless Card Payment Google *services 626140,30.18,subscriptions,simulated_bank_transactions_uk
2023-02-24,CARD-PMT-ALDI-BREAD,184.31,groceries,simulated_bank_transactions_uk
2024-05-05,Contactless*Morrisons*Chicken 608060,49.62,groceries,simulated_bank_transactions_uk
2024-08-25,Direct Debit Vodafone 850818,106.24,utilities,simulated_bank_transactions_uk
2023-12-25,sto card payment kfc restaurant 641241,76.49,dining,simulated_bank_transactions_uk
2023-09-29,POS*PURCHASE*ARGOS*MISC*EXPENSE,94.02,other,simulated_bank_transactions_uk
2023-05-07,Mortgage Payment Letting Agent,1130.13,housing,simulated_bank_transactions_uk
2023-09-17,FOOD DELIVERY DELIVEROO FAST FOOD 510116,83.04,dining,simulated_bank_transactions_uk
2024-11-23,visa/utility/bill/british/gas,36.08,utilities,simulated_bank_transactions_uk
2024-01-12,Mortgage Payment Mortgage 693299,1123.53,housing,simulated_bank_transactions_uk
2023-05-30,bill payment sky 681438,104.56,utilities,simulated_bank_transactions_uk
2023-07-18,Bacs Bacs Mortgage Rent,822.68,housing,simulated_bank_transactions_uk
2024-07-04,pos sainsburys cereal 571738,60.67,groceries,simulated_bank_transactions_uk
2024-09-27,Restaurant Starbucks Cafe 165398,110.74,dining,simulated_bank_transactions_uk
2024-02-12,food delivery nando's restaurant 557974,74.87,dining,simulated_bank_transactions_uk
2024-10-22,CARD PMT NETFLIX,31.24,subscriptions,simulated_bank_transactions_uk
2023-02-01,Bacs*Restaurant*Pret*Fast*Food,80.84,dining,simulated_bank_transactions_uk
2023-03-16,POS CARD PAYMENT ASDA FRUIT 443873,138.59,groceries,simulated_bank_transactions_uk
2024-11-01,Mortgage Payment Mortgage 717965,1757.04,housing,simulated_bank_transactions_uk
2024-02-01,FUEL TFL UBER RIDE 182380,85.73,transportation,simulated_bank_transactions_uk
2024-10-12,ONLINE PURCHASE SUPERDRUG ONLINE PURCHASE,65.97,other,simulated_bank_transactions_uk
2023-08-24,Card Payment Tesco Fruit,123.73,groceries,simulated_bank_transactions_uk
2023-05-29,MASTERCARD UTILITY BILL SKY,143.21,utilities,simulated_bank_transactions_uk
2023-08-24,Direct Debit Vodafone 206933,102.79,utilities,simulated_bank_transactions_uk
2024-12-17,Bacs*Mortgage*Rent 14,705.43,housing,simulated_bank_transactions_uk
2024-02-10,direct debit netflix,25.1,subscriptions,simulated_bank_transactions_uk
2023-03-10,CARD PMT ESSO CAR MAINTENANCE 536820,41.55,transportation,simulated_bank_transactions_uk
2023-10-13,direct debit gym group 351329,44.54,subscriptions,simulated_bank_transactions_uk
2024-03-13,card*bill*pmt*vodafone 754524,86.49,utilities,simulated_bank_transactions_uk
2024-01-06,POS ALDI RICE 239723,164.79,groceries,simulated_bank_transactions_uk
2023-08-11,Food Delivery Deliveroo Cafe,98.43,dining,simulated_bank_transactions_uk
2024-10-19,Direct*Debit*Fuel*Uber*Car*Maintenance 433306,16.79,transportation,simulated_bank_transactions_uk
2024-09-02,card payment nando's food delivery 328319,42.34,dining,simulated_bank_transactions_uk
2024-06-08,contactless sainsburys cereal 658348,192.27,groceries,simulated_bank_transactions_uk
2024-08-04,CARD PAYMENT STARBUCKS CAFE,129.61,dining,simulated_bank_transactions_uk
2024-12-08,Sto Food Delivery Pret Fas,142.14,dining,simulated_bank_transactions_uk
2023-11-19,Restaurant Nando's Food Delivery 989563,158.95,dining,simulated_bank_transactions_uk
2023-04-18,So Transport Uber Train Ticket 771905,117.58,transportation,simulated_bank_transactions_uk
2023-09-17,UTILITY BILL THAMES WATER 749770,185.04,utilities,simulated_bank_transactions_uk
2024-09-04,Utility/Bill/Sky 432663,215.4,utilities,simulated_bank_transactions_uk
2023-06-29,FPS CARD PAYMENT SHELL FUEL 788488,100.05,transportation,simulated_bank_transactions_uk
2024-10-26,CONTACTLESS BILL PAYMENT OCTOPUS ENERGY,220.44,utilities,simulated_bank_transactions_uk
2023-08-30,Pos-Asda-Cereal,36.73,groceries,simulated_bank_transactions_uk
2023-04-26,Card Payment Morrisons Bread 336419,34.43,groceries,simulated_bank_transactions_uk
2024-02-06,POS*PURCHASE*BOOTS*ELECTRONICS 534039,126.49,other,simulated_bank_transactions_uk
2024-08-03,rent pmt letting agent 332798,2112.74,housing,simulated_bank_transactions_uk
2024-06-11,Pos Asda Eggs 828707,105.83,groceries,simulated_bank_transactions_uk
2023-08-06,RENT PAYMENT LANDLORD,1546.01,housing,simulated_bank_transactions_uk
2023-04-30,contactless lidl bread 813161,13.73,groceries,simulated_bank_transactions_uk
2023-01-03,contactless lidl rice 995783,39.27,groceries,simulated_bank_transactions_uk
2024-01-24,CONTACTLESS ICELAND FRUIT,94.96,groceries,simulated_bank_transactions_uk
2024-10-08,Card Pmt Asda Milk,104.05,groceries,simulated_bank_transactions_uk
2023-05-05,visa card pmt just eat cafe,115.8,dining,simulated_bank_transactions_uk
2023-07-13,POS/TESCO/BREAD,164.48,groceries,simulated_bank_transactions_uk
2023-08-29,card direct debit thames water,92.86,utilities,simulated_bank_transactions_uk
2024-10-27,RENT-PMT-RENT 601809,2089.26,housing,simulated_bank_transactions_uk
2023-02-18,Direct Debit Contactless Waitrose Bread 155546,119.98,groceries,simulated_bank_transactions_uk
2024-07-17,DIRECT DEBIT AMAZON PRIME 29129,21.27,subscriptions,simulated_bank_transactions_uk
2024-02-23,pos restaurant pret fast food 339352,53.8,dining,simulated_bank_transactions_uk
2024-11-23,MORTGAGE PAYMENT LETTING AGENT,1140.41,housing,simulated_bank_transactions_uk
2023-01-18,SUBSCRIPTION/DISNEY+ 693067,4.15,subscriptions,simulated_bank_transactions_uk
2023-01-04,Card Pmt Shell Fuel 487958,128.41,transportation,simulated_bank_transactions_uk
2024-08-25,visa direct debit o2,246.71,utilities,simulated_bank_transactions_uk
2024-12-06,BILL PAYMENT SKY 268775,102.88,utilities,simulated_bank_transactions_uk
2024-11-15,POS LIDL FRUIT,194.63,groceries,simulated_bank_transactions_uk
2023-01-14,Direct Debit O2 463347,46.63,utilities,simulated_bank_transactions_uk
2023-11-03,Pos Mortgage Pmt Mortgage,2070.02,housing,simulated_bank_transactions_uk
2023-08-19,BACS RENT RENT,789.96,housing,simulated_bank_transactions_uk
2024-07-08,Online Purchase Currys Online Purchase 420189,202.52,other,simulated_bank_transactions_uk
2024-08-28,Direct-Debit-Bt 974622,169.32,utilities,simulated_bank_transactions_uk
2024-06-19,utility/bill/ee,135.32,utilities,simulated_bank_transactions_uk
2023-07-19,Pos Food Delivery Deliveroo Food Delivery 402523,124.82,dining,simulated_bank_transactions_uk
2024-07-21,fuel bp car maintenance 8426,29.92,transportation,simulated_bank_transactions_uk
2024-09-13,pos tesco fruit 931930,36.06,groceries,simulated_bank_transactions_uk
2024-07-06,Transport Esso Uber Ride 942070,74.86,transportation,simulated_bank_transactions_uk
2024-10-12,TRANSPORT BP CAR MAINTENANCE,73.77,transportation,simulated_bank_transactions_uk
2024-11-29,so food delivery starbucks cafe,87.02,dining,simulated_bank_transactions_uk
2023-03-16,RESTAURANT DELIVEROO CAFE 499838,126.15,dining,simulated_bank_transactions_uk
2024-03-15,Contactless*Direct*Debit*Octopus*Energy 68,213.67,utilities,simulated_bank_transactions_uk
2024-08-06,contactless iceland cereal 639276,169.56,groceries,simulated_bank_transactions_uk
2024-08-31,fuel trainline fuel,5.23,transportation,simulated_bank_transactions_uk
2023-05-16,pos/morrisons/milk,188.94,groceries,simulated_bank_transactions_uk
2024-10-08,CARD PMT TRAINLINE BUS PASS 6808,64.73,transportation,simulated_bank_transactions_uk
2023-07-11,CARD PAYMENT TFL CAR MAINTENANCE,116.68,transportation,simulated_bank_transactions_uk
2024-07-20,Utility Bill Octopus Energy 288193,254.78,utilities,simulated_bank_transactions_uk
2023-05-23,MORTGAGE PMT LETTING AGENT 482421,1221.24,housing,simulated_bank_transactions_uk
2024-06-06,CONTACTLESS RENT PMT R,1209.87,housing,simulated_bank_transactions_uk
2024-04-12,utility-bill-vodafone 674603,133.23,utilities,simulated_bank_transactions_uk
2023-05-22,Bill Pmt Vodafone 316475,182.68,utilities,simulated_bank_transactions_uk
2023-03-18,card/payment/tfl/fuel 58163,85.09,transportation,simulated_bank_transactions_uk
2024-09-15,Fps Card Payment Aldi Eggs,59.66,groceries,simulated_bank_transactions_uk
2024-03-22,visa card pmt costa cafe,150.69,dining,simulated_bank_transactions_uk
2024-05-03,DIRECT DEBIT BT 607896,58.11,utilities,simulated_bank_transactions_uk
2023-02-24,visa utility bill bt 418416,42.5,utilities,simulated_bank_transactions_uk
2024-01-11,subscription netflix 126435,33.56,subscriptions,simulated_bank_transactions_uk
2024-07-20,utility-bill-bt 34847,49.73,utilities,simulated_bank_transactions_uk
2023-02-16,BILL PAYMENT BT 156943,112.62,utilities,simulated_bank_transactions_uk
2024-08-14,Direct Debit Ee 492877,54.71,utilities,simulated_bank_transactions_uk
2023-01-01,Card Payment Asda Vegetables,101.9,groceries,simulated_bank_transactions_uk
2023-02-20,Card/Pmt/Starbucks/Restaurant 818201,150.41,dining,simulated_bank_transactions_uk
2024-12-22,Pos Iceland Fruit 122279,47.81,groceries,simulated_bank_transactions_uk
2023-02-24,RENT PMT LANDLORD 344439,1076.42,housing,simulated_bank_transactions_uk
2023-10-13,Card-Payment-Trainline-Train-Ticket,116.16,transportation,simulated_bank_transactions_uk
2024-05-30,card-payment-spotify 176815,44.67,subscriptions,simulated_bank_transactions_uk
2023-10-14,contactless lidl vegetables 565851,178.05,groceries,simulated_bank_transactions_uk
2024-10-29,pos/lidl/bread 609399,99.67,groceries,simulated_bank_transactions_uk
2024-12-06,mortgage pmt rent 27,933.29,housing,simulated_bank_transactions_uk
2023-05-20,Utility-Bill-Sky,81.49,utilities,simulated_bank_transactions_uk
2024-07-09,Online Purchase Ebay Online Purchase,99.2,other,simulated_bank_transactions_uk
2023-03-09,BACS RENT RENT,659.68,housing,simulated_bank_transactions_uk
2024-10-18,Card Payment Aldi Vegetables 108821,188.88,groceries,simulated_bank_transactions_uk
2024-08-11,FOOD DELIVERY DELIVEROO RESTAURANT 908470,19.18,dining,simulated_bank_transactions_uk
2024-04-19,Direct/Debit/Ee,168.45,utilities,simulated_bank_transactions_uk
2024-11-03,MORTGAGE PMT MORTGAGE 62572,2170.64,housing,simulated_bank_transactions_uk
2023-02-14,direct debit pos waitrose eggs 160730,88.34,groceries,simulated_bank_transactions_uk
2024-03-27,Restaurant-Uber-Eats-Fast-Food 884748,151.79,dining,simulated_bank_transactions_uk
2023-02-03,STO*POS*LIDL*EGGS 276101,43.92,groceries,simulated_bank_transactions_uk
2024-11-27,transport national rail fuel 344276,83.92,transportation,simulated_bank_transactions_uk
2024-12-18,Direct-Debit-Card-Payment-Asda-Cereal 827109,55.0,groceries,simulated_bank_transactions_uk
2024-08-10,Direct*Debit*Card*Payment*Amazon*Prime 817501,39.97,subscriptions,simulated_bank_transactions_uk
2024-12-16,Subscription Google *services 261485,33.17,subscriptions,simulated_bank_transactions_uk
2024-06-18,Pos*Bill*Pmt*Scottishpower 175939,212.4,utilities,simulated_bank_transactions_uk
2023-08-07,POS/FUEL/NATIONAL/RAIL/CAR/MAINTENANCE 837428,78.64,transportation,simulated_bank_transactions_uk
2024-09-01,visa mortgage pmt mortgage 13914,1184.15,housing,simulated_bank_transactions_uk
2024-02-28,Utility-Bill-Thames-Water,205.01,utilities,simulated_bank_transactions_uk
2024-06-11,subscription apple.com/bill 771358,43.33,subscriptions,simulated_bank_transactions_uk
2023-11-15,Bacs Mortgage Rent 449552,963.39,housing,simulated_bank_transactions_uk
2023-03-14,Card Pmt Disney+ 55,12.74,subscriptions,simulated_bank_transactions_uk
2023-12-27,Contactless Asda Vegetables 429624,13.85,groceries,simulated_bank_transactions_uk
2024-12-02,Pos Subscription Google *services 26643,20.53,subscriptions,simulated_bank_transactions_uk
2023-08-07,Card Payment Lidl Cereal 970799,179.02,groceries,simulated_bank_transactions_uk
2024-06-20,FPS ONLINE PURCHASE HMRC PHARMACY,111.15,other,simulated_bank_transactions_uk
2023-06-05,Subscription Puregym 194264,17.83,subscriptions,simulated_bank_transactions_uk
2023-10-07,Transport Trainline Uber Ride,57.98,transportation,simulated_bank_transactions_uk
2024-03-15,Pos Purchase Superdrug Gift,12.61,other,simulated_bank_transactions_uk
2023-09-15,Direct/Debit/Card/Payment/Bolt/Car/Maintenance 568963,77.62,transportation,simulated_bank_transactions_uk
2024-07-14,Mortgage Pmt Landlord 594260,1430.24,housing,simulated_bank_transactions_uk
2023-08-22,direct debit vodafone,99.71,utilities,simulated_bank_transactions_uk
2023-05-22,UTILITY*BILL*VODAFONE 555991,120.38,utilities,simulated_bank_transactions_uk
2024-04-01,Card Fuel National Rail B,48.09,transportation,simulated_bank_transactions_uk
2024-02-07,Direct Debit Disney+ 683547,32.89,subscriptions,simulated_bank_transactions_uk
2023-03-23,Bill Pmt British Gas 185766,103.86,utilities,simulated_bank_transactions_uk
2024-08-01,UTILITY/BILL/BRITISH/GAS 573835,62.47,utilities,simulated_bank_transactions_uk
2024-07-07,contactless tesco milk 297059,120.84,groceries,simulated_bank_transactions_uk
2024-05-20,bacs rent pmt landlord 586473,816.07,housing,simulated_bank_transactions_uk
2024-11-13,FPS/RESTAURANT/GREGGS/FOOD/DELIVERY 901604,118.25,dining,simulated_bank_transactions_uk
2023-04-13,So Pos Purchase Nhs Online Pu,222.7,other,simulated_bank_transactions_uk
2024-06-03,POS*PURCHASE*AMAZON*ONLINE*PURCHASE 512927,117.29,other,simulated_bank_transactions_uk
2024-12-04,SO BACS MORTGAGE RENT 851117,1581.59,housing,simulated_bank_transactions_uk
2024-12-22,Mastercard Card Pmt Iceland Vegetables 130019,162.06,groceries,simulated_bank_transactions_uk
2024-12-04,MORTGAGE/PMT/MORTGAGE 76671,1253.05,housing,simulated_bank_transactions_uk
2024-02-20,Restaurant Nando's Fast Food 331001,103.25,dining,simulated_bank_transactions_uk
2023-11-19,Card*Payment*Just*Eat*Food*Delivery 899666,147.5,dining,simulated_bank_transactions_uk
2023-03-27,DIRECT DEBIT GYM GROUP 594943,32.64,subscriptions,simulated_bank_transactions_uk
2024-11-13,VISA RESTAURANT UBER EATS RESTAURANT 632207,143.41,dining,simulated_bank_transactions_uk
2024-08-02,CARD CARD PAYMENT ASDA CEREAL 226788,180.72,groceries,simulated_bank_transactions_uk
2024-03-03,Direct Debit British Gas,27.49,utilities,simulated_bank_transactions_uk
2023-04-24,Subscription Apple.com/bill 908339,7.24,subscriptions,simulated_bank_transactions_uk
2023-12-22,Direct-Debit-Vodafone 730922,238.03,utilities,simulated_bank_transactions_uk
2024-10-10,Pos Purchase Amazon Electronics 217855,67.13,other,simulated_bank_transactions_uk
2023-10-17,mortgage-payment-rent,699.59,housing,simulated_bank_transactions_uk
2024-03-29,Direct Debit Pos Morrisons Cereal,24.48,groceries,simulated_bank_transactions_uk
2024-07-17,bacs/food/delivery/kfc/fast/food 1126,76.87,dining,simulated_bank_transactions_uk
2024-08-27,Contactless Sainsburys Vegetables 248989,143.12,groceries,simulated_bank_transactions_uk
2024-11-13,restaurant kfc restaurant 211357,146.59,dining,simulated_bank_transactions_uk
2024-02-07,CARD-PMT-SPOTIFY 149491,5.97,subscriptions,simulated_bank_transactions_uk
2023-11-08,contactless bill payment o,75.81,utilities,simulated_bank_transactions_uk
2024-08-15,Subscription Netflix,12.33,subscriptions,simulated_bank_transactions_uk
2023-02-02,CARD PMT ALDI CHICKEN,72.9,groceries,simulated_bank_transactions_uk
2024-09-18,mastercard rent payment rent 17591,720.69,housing,simulated_bank_transactions_uk
2024-07-09,DIRECT DEBIT RESTAURANT NANDO'S FOOD DELIVERY 170362,14.98,dining,simulated_bank_transactions_uk
2023-08-15,BILL*PMT*O2 695027,238.82,utilities,simulated_bank_transactions_uk
2024-09-23,card pmt boots pharmacy 873021,220.48,other,simulated_bank_transactions_uk
2023-09-07,VISA RENT PAYMENT MORTGAGE 510788,1206.72,housing,simulated_bank_transactions_uk
2023-05-31,rent*pmt*rent,1528.98,housing,simulated_bank_transactions_uk
2023-03-02,Sto Pos Aldi Fruit 68556,18.78,groceries,simulated_bank_transactions_uk
2024-08-14,Fuel Shell Fuel 659641,80.58,transportation,simulated_bank_transactions_uk
2024-03-14,CARD-PMT-TESCO-MILK 471892,82.57,groceries,simulated_bank_transactions_uk
2024-07-13,RENT PMT LETTING AGENT 547001,741.12,housing,simulated_bank_transactions_uk
2023-02-15,BILL PAYMENT THAMES WATE,137.21,utilities,simulated_bank_transactions_uk
2024-05-27,DIRECT*DEBIT*AMAZON*PRIME 182886,44.84,subscriptions,simulated_bank_transactions_uk
2023-08-12,BILL PAYMENT SEVERN TRENT 196533,193.41,utilities,simulated_bank_transactions_uk
2024-12-16,CARD PMT JUST EAT FOOD DELIVERY 101888,52.55,dining,simulated_bank_transactions_uk
2023-01-22,online purchase nhs pharmacy 468257,215.89,other,simulated_bank_transactions_uk
2023-06-10,Pos/Lidl/Cereal,94.4,groceries,simulated_bank_transactions_uk
2024-10-10,BILL*PMT*SKY 292269,76.22,utilities,simulated_bank_transactions_uk
2023-08-06,Bill Pmt O2 51056,42.13,utilities,simulated_bank_transactions_uk
2024-02-05,Card Payment Superdrug Pharmacy 869403,66.01,other,simulated_bank_transactions_uk
2023-09-18,Card Pmt Asda Bread 453911,94.58,groceries,simulated_bank_transactions_uk
2024-11-08,Contactless/Asda/Milk 901015,127.41,groceries,simulated_bank_transactions_uk
2023-08-13,So Rent Payment Letting Agent 129120,1857.6,housing,simulated_bank_transactions_uk
2023-04-08,DIRECT DEBIT NETFLIX,17.57,subscriptions,simulated_bank_transactions_uk
2024-10-20,pos waitrose milk,116.41,groceries,simulated_bank_transactions_uk
2023-02-17,Bacs Rent Pmt Rent 150233,1950.34,housing,simulated_bank_transactions_uk
2024-07-07,utility bill octopus energy,174.74,utilities,simulated_bank_transactions_uk
2023-09-06,FOOD DELIVERY PRET CAFE 982683,84.12,dining,simulated_bank_transactions_uk
2024-02-07,CARD PAYMENT TESCO BREAD 218327,22.24,groceries,simulated_bank_transactions_uk
2023-01-07,Transport-Bolt-Train-Ticket 446236,87.04,transportation,simulated_bank_transactions_uk
2024-04-12,BILL PAYMENT BT 499983,250.06,utilities,simulated_bank_transactions_uk
2024-07-10,DIRECT DEBIT THAMES WATER 599710,155.77,utilities,simulated_bank_transactions_uk
2023-03-31,card pmt tfl car maintenance 982902,120.78,transportation,simulated_bank_transactions_uk
2024-02-09,fps card payment lidl fruit 996439,65.78,groceries,simulated_bank_transactions_uk
2023-07-03,Card-Payment-Iceland-Rice,86.72,groceries,simulated_bank_transactions_uk
2023-12-29,CONTACTLESS/DIRECT/DEBIT/SPOTIFY 765292,22.76,subscriptions,simulated_bank_transactions_uk
2024-04-19,mastercard-transport-esso-uber-ride 362190,37.31,transportation,simulated_bank_transactions_uk
2023-01-02,Bacs Mortgage Rent 777414,1573.55,housing,simulated_bank_transactions_uk
2023-12-19,POS MORTGAGE PAYMENT MORTGAGE,790.79,housing,simulated_bank_transactions_uk
2024-07-17,Direct Debit Google *services,33.26,subscriptions,simulated_bank_transactions_uk
2023-06-22,Mastercard Card Payment Aldi Rice 185678,89.13,groceries,simulated_bank_transactions_uk
2024-06-21,So/Card/Payment/Lidl/Eggs 313699,18.17,groceries,simulated_bank_transactions_uk
2024-05-15,Direct Debit Google *services,27.49,subscriptions,simulated_bank_transactions_uk
2024-03-20,Card*Payment*Greggs*Food*Delivery,92.66,dining,simulated_bank_transactions_uk
2023-08-05,CARD PAYMENT ASDA BREAD,103.11,groceries,simulated_bank_transactions_uk
2023-03-25,TRANSPORT ESSO BUS PASS 542358,77.93,transportation,simulated_bank_transactions_uk
2024-04-19,CARD PAYMENT DELIVEROO FOOD DELIVERY 356,93.19,dining,simulated_bank_transactions_uk
2024-12-08,FOOD-DELIVERY-PRET-CAFE 268462,30.96,dining,simulated_bank_transactions_uk
2023-12-14,POS ICELAND MILK,143.22,groceries,simulated_bank_transactions_uk
2024-12-17,Bacs Landlord Rent 79845,1479.22,housing,simulated_bank_transactions_uk
2024-01-20,food/delivery/kfc/fast/food 417835,15.41,dining,simulated_bank_transactions_uk
2024-08-18,CONTACTLESS CARD PAYMENT STARBUCKS FAST FOOD,83.82,dining,simulated_bank_transactions_uk
2023-10-10,Transport Tfl Train Ticket 725484,112.91,transportation,simulated_bank_transactions_uk
2024-11-04,VISA*UTILITY*BILL*EE 183068,228.56,utilities,simulated_bank_transactions_uk
2024-05-03,card payment lidl eggs 988515,37.78,groceries,simulated_bank_transactions_uk
2023-08-07,Contactless Tesco Milk 543001,39.64,groceries,simulated_bank_transactions_uk
2023-08-23,DIRECT DEBIT FOOD DELIVERY STARBUCKS FAST FOOD 765538,101.92,dining,simulated_bank_transactions_uk
2023-04-01,Contactless Pos Asda Eggs,16.54,groceries,simulated_bank_transactions_uk
2024-11-01,Visa Utility Bill Vodafone 68651,257.04,utilities,simulated_bank_transactions_uk
2024-06-21,MASTERCARD CARD PMT ALDI EGGS,185.29,groceries,simulated_bank_transactions_uk
2024-01-04,Restaurant Pret Restaurant 590133,70.33,dining,simulated_bank_transactions_uk
2024-11-20,card/pmt/starbucks/fast/food 471468,113.67,dining,simulated_bank_transactions_uk
2024-10-11,CONTACTLESS MORRISONS MILK,29.88,groceries,simulated_bank_transactions_uk
2024-12-13,POS MORRISONS MILK 672,59.01,groceries,simulated_bank_transactions_uk
2024-03-25,Contactless*Morrisons*Eggs 264200,30.46,groceries,simulated_bank_transactions_uk
2023-04-16,card payment bp train ticket 819996,97.97,transportation,simulated_bank_transactions_uk
2023-05-14,card payment aldi rice,13.08,groceries,simulated_bank_transactions_uk
2023-02-18,fuel national rail fuel 715227,48.29,transportation,simulated_bank_transactions_uk
2024-11-29,Card Pmt Uber Fuel 650559,29.19,transportation,simulated_bank_transactions_uk
2024-09-01,contactless*card*pmt*hmrc*online*purchase 66261,88.08,other,simulated_bank_transactions_uk
2023-12-31,Contactless Iceland Cereal 76103,94.1,groceries,simulated_bank_transactions_uk
2024-07-04,utility bill octopus energy,47.55,utilities,simulated_bank_transactions_uk
2024-10-29,pos/tesco/bread 936260,138.34,groceries,simulated_bank_transactions_uk
2024-12-03,Contactless*Tesco*Bread,86.06,groceries,simulated_bank_transactions_uk
2024-01-23,Card/Pmt/Nhs/Online/Purchase 247322,119.01,other,simulated_bank_transactions_uk
2023-06-12,Rent Payment Letting Agent 9,1983.93,housing,simulated_bank_transactions_uk
2023-01-30,restaurant costa fast food 156673,23.5,dining,simulated_bank_transactions_uk
2023-03-10,Utility Bill British Gas 914780,217.98,utilities,simulated_bank_transactions_uk
2024-08-04,Restaurant Costa Cafe 54260,30.14,dining,simulated_bank_transactions_uk
2024-03-05,Pos Tesco Rice,188.08,groceries,simulated_bank_transactions_uk
2024-02-20,mastercard fuel trainline car maintenance,9.71,transportation,simulated_bank_transactions_uk
2024-03-03,food delivery greggs food delivery 308601,155.17,dining,simulated_bank_transactions_uk
2023-02-11,card pmt gym group,22.88,subscriptions,simulated_bank_transactions_uk
2023-03-28,bill/payment/scottishpower,243.52,utilities,simulated_bank_transactions_uk
2023-03-03,RESTAURANT UBER EATS CAFE,61.12,dining,simulated_bank_transactions_uk
2023-09-18,direct debit sky 21605,208.02,utilities,simulated_bank_transactions_uk
2024-03-17,BILL PMT SCOTTISHPOWER 952922,128.63,utilities,simulated_bank_transactions_uk
2024-09-11,BILL PAYMENT SCOTTISHPOWER,185.94,utilities,simulated_bank_transactions_uk
2023-12-19,DIRECT/DEBIT/APPLE.COM/BILL 892145,27.27,subscriptions,simulated_bank_transactions_uk
2023-07-14,card*payment*waitrose*fruit,37.62,groceries,simulated_bank_transactions_uk
2024-03-20,Pos/Pos/Iceland/Eggs 78281,80.14,groceries,simulated_bank_transactions_uk
2023-05-31,RENT PAYMENT LETTING AGENT 399087,787.11,housing,simulated_bank_transactions_uk
2023-12-18,Bill*Payment*Bt 4,181.38,utilities,simulated_bank_transactions_uk
2023-09-30,mortgage/pmt/mortgage 635169,1727.91,housing,simulated_bank_transactions_uk
2024-06-09,food delivery greggs restaurant 946980,110.27,dining,simulated_bank_transactions_uk
2024-05-19,food delivery just eat restaurant 127963,87.74,dining,simulated_bank_transactions_uk
2024-09-24,mortgage pmt mortgage 612449,2123.08,housing,simulated_bank_transactions_uk
2023-09-03,CONTACTLESS TESCO FRUIT,33.77,groceries,simulated_bank_transactions_uk
2024-08-07,FOOD DELIVERY JUST EAT RESTAURANT 64,106.99,dining,simulated_bank_transactions_uk
2024-07-27,restaurant greggs food delivery 286940,39.19,dining,simulated_bank_transactions_uk
2023-10-16,sto bill pmt e.on 577304,233.53,utilities,simulated_bank_transactions_uk
2024-11-13,Mortgage Pmt Rent,2027.89,housing,simulated_bank_transactions_uk
2023-09-24,Pos Tesco Rice 330406,48.86,groceries,simulated_bank_transactions_uk
2023-09-04,Bacs Rent Rent 1445,1903.82,housing,simulated_bank_transactions_uk
2024-06-25,Sto Card Payment Iceland Vegetables,170.43,groceries,simulated_bank_transactions_uk
2023-10-01,card pmt national rail uber ride,53.59,transportation,simulated_bank_transactions_uk
2024-02-04,UTILITY BILL THAMES,207.92,utilities,simulated_bank_transactions_uk
2024-05-26,Mortgage Pmt Landlord 424367,1696.47,housing,simulated_bank_transactions_uk
2024-12-30,SO/UTILITY/BILL/SCOTTISHPOWER 839202,119.32,utilities,simulated_bank_transactions_uk
2024-10-12,Bacs Letting Agent Rent 866135,1768.71,housing,simulated_bank_transactions_uk
2023-09-03,BILL/PAYMENT/O2,109.72,utilities,simulated_bank_transactions_uk
2023-10-05,fps card payment shell car maintenance,67.16,transportation,simulated_bank_transactions_uk
2024-01-27,Utility Bill Ee,207.58,utilities,simulated_bank_transactions_uk
2023-10-15,bacs-card-pmt-argos-online-purchase 448025,109.43,other,simulated_bank_transactions_uk
2024-01-14,Pos-Tesco-Eggs 31,71.94,groceries,simulated_bank_transactions_uk
2024-09-25,Card Pmt Sainsburys Milk 444710,116.67,groceries,simulated_bank_transactions_uk
2023-12-16,Bacs Rent Rent,1437.47,housing,simulated_bank_transactions_uk
2023-11-27,direct debit pos lidl fruit,121.21,groceries,simulated_bank_transactions_uk
2024-02-11,Direct/Debit/Apple.com/bill,27.6,subscriptions,simulated_bank_transactions_uk
2023-09-03,DIRECT-DEBIT-SEVERN-TRENT 683207,67.71,utilities,simulated_bank_transactions_uk
2024-01-12,pos-iceland-chicken 449818,31.66,groceries,simulated_bank_transactions_uk
2023-09-30,DIRECT DEBIT GOOGLE *SERVICES 798802,44.48,subscriptions,simulated_bank_transactions_uk
2023-10-20,CONTACTLESS ALDI BREAD 632235,186.96,groceries,simulated_bank_transactions_uk
2024-08-20,Contactless Asda Chicken,131.88,groceries,simulated_bank_transactions_uk
2023-04-30,Pos Aldi Eggs,188.49,groceries,simulated_bank_transactions_uk
2023-08-07,Utility/Bill/Vodafone,233.24,utilities,simulated_bank_transactions_uk
2024-02-27,Food-Delivery-Greggs-Restaurant,75.18,dining,simulated_bank_transactions_uk
2024-11-28,Contactless/Aldi/Cereal 55306,49.07,groceries,simulated_bank_transactions_uk
2024-12-03,MORTGAGE PMT LETTING AGENT 676997,1477.94,housing,simulated_bank_transactions_uk
2023-12-31,food delivery nando's cafe 250981,150.72,dining,simulated_bank_transactions_uk
2023-03-23,rent-pmt-landlord 875434,2094.48,housing,simulated_bank_transactions_uk
2024-07-24,DIRECT DEBIT EE 956267,129.96,utilities,simulated_bank_transactions_uk
2024-11-04,DIRECT DEBIT SCOTTISHPOWER 16825,74.14,utilities,simulated_bank_transactions_uk
2024-06-01,Utility-Bill-Severn-Trent 801661,126.74,utilities,simulated_bank_transactions_uk
2024-11-27,CARD PAYMENT DISNEY+ 807326,14.95,subscriptions,simulated_bank_transactions_uk
2024-05-24,Food*Delivery*Costa*Cafe 836356,12.53,dining,simulated_bank_transactions_uk
2024-11-23,Contactless Iceland Eggs 811423,174.59,groceries,simulated_bank_transactions_uk
2023-06-01,so pos sainsburys fruit 462259,160.34,groceries,simulated_bank_transactions_uk
2023-05-16,contactless asda cereal,95.25,groceries,simulated_bank_transactions_uk
2024-02-21,FOOD DELIVERY KFC CAFE 590776,110.71,dining,simulated_bank_transactions_uk
2023-10-13,Contactless Waitrose Cereal 473789,5.66,groceries,simulated_bank_transactions_uk
2024-10-06,Mortgage Payment Letting Agent 940480,1932.49,housing,simulated_bank_transactions_uk
2024-07-03,Restaurant Mcdonalds Fast Food 474955,131.12,dining,simulated_bank_transactions_uk
2024-06-15,CONTACTLESS/TESCO/VEGETABLES 420838,68.47,groceries,simulated_bank_transactions_uk
2023-06-05,CARD*PMT*UBER*EATS*RESTAURANT,10.64,dining,simulated_bank_transactions_uk
2023-03-09,CARD-CARD-PMT-BOLT-TRAIN-TICKET,102.67,transportation,simulated_bank_transactions_uk
2023-07-19,mastercard utility bill british gas 190,133.83,utilities,simulated_bank_transactions_uk
2023-08-21,Card*Payment*Morrisons*Milk 661810,122.82,groceries,simulated_bank_transactions_uk
2023-08-11,Pos Purchase Argos Online Purchase 288925,193.0,other,simulated_bank_transactions_uk
2024-12-11,direct debit netflix 736058,37.05,subscriptions,simulated_bank_transactions_uk
2023-07-23,VISA POS LIDL EGGS 551388,182.14,groceries,simulated_bank_transactions_uk
2023-12-26,Card*Payment*Sainsburys*Fruit 847555,126.37,groceries,simulated_bank_transactions_uk
2023-01-28,visa-food-delivery-starbucks-cafe 899972,32.28,dining,simulated_bank_transactions_uk
2024-10-08,Card-Restaurant-Nando's-Fast-Food,94.22,dining,simulated_bank_transactions_uk
2024-01-18,MORTGAGE PAYMENT RENT 516316,1183.15,housing,simulated_bank_transactions_uk
2024-11-06,MASTERCARD CARD PMT ARGOS P,207.33,other,simulated_bank_transactions_uk
2023-06-04,Restaurant Greggs Fast Food,28.0,dining,simulated_bank_transactions_uk
2024-09-22,restaurant greggs cafe,40.16,dining,simulated_bank_transactions_uk
2024-01-08,pos tesco eggs 787806,5.28,groceries,simulated_bank_transactions_uk
2023-08-16,MORTGAGE PAYMENT LETTING AGENT 649930,1724.91,housing,simulated_bank_transactions_uk
2024-03-09,card pmt amazon prime 228763,9.3,subscriptions,simulated_bank_transactions_uk
2023-02-05,CARD PMT TFL CAR MAINTENANCE 642591,50.3,transportation,simulated_bank_transactions_uk
2024-07-18,TRANSPORT*NATIONAL*RAIL*UBER*RIDE 275612,127.22,transportation,simulated_bank_transactions_uk
2024-02-03,Online*Purchase*Currys*Online*Purchase 147278,129.33,other,simulated_bank_transactions_uk
2023-06-12,Restaurant-Nando's-Restaurant 95090,123.5,dining,simulated_bank_transactions_uk
2023-04-12,Direct Debit Disney+,19.63,subscriptions,simulated_bank_transactions_uk
2023-04-13,Contactless Aldi Br,35.41,groceries,simulated_bank_transactions_uk
2024-07-25,Utility*Bill*Severn*Trent,77.23,utilities,simulated_bank_transactions_uk
2024-05-19,card restaurant deliveroo fast food 1829,114.44,dining,simulated_bank_transactions_uk
2023-09-26,Food Delivery Nando's Cafe,148.07,dining,simulated_bank_transactions_uk
2024-05-04,Transport Shell Bus Pass 474956,109.55,transportation,simulated_bank_transactions_uk
2023-05-15,contactless morrisons cereal,151.98,groceries,simulated_bank_transactions_uk
2023-06-06,Card-Payment-Aldi-Rice 490279,196.52,groceries,simulated_bank_transactions_uk
2024-06-04,card payment asda eggs 598312,184.33,groceries,simulated_bank_transactions_uk
2023-10-27,CONTACTLESS ICELAND BREAD 407878,152.1,groceries,simulated_bank_transactions_uk
2024-11-17,Direct Debit Vodafone 776525,106.33,utilities,simulated_bank_transactions_uk
2024-11-11,mortgage payment rent 462263,889.14,housing,simulated_bank_transactions_uk
2023-12-29,Pos Purchase Ebay Misc Expense 234308,47.12,other,simulated_bank_transactions_uk
2024-09-24,fuel*tfl*fuel 96907,27.26,transportation,simulated_bank_transactions_uk
2024-11-02,So/Online/Purchase/Superdrug/Pharmacy,55.13,other,simulated_bank_transactions_uk
2024-10-12,Card*Payment*Tesco*Fruit 694779,52.24,groceries,simulated_bank_transactions_uk
2023-09-08,SUBSCRIPTION AMAZON PRIME 210751,39.44,subscriptions,simulated_bank_transactions_uk
2023-10-06,card payment lidl bread,108.66,groceries,simulated_bank_transactions_uk
2023-08-30,UTILITY BILL BT 739021,89.81,utilities,simulated_bank_transactions_uk
2024-07-26,pos morrisons vegetables 300944,49.68,groceries,simulated_bank_transactions_uk
2023-11-28,SO*BACS*LANDLORD*RENT 755170,1662.46,housing,simulated_bank_transactions_uk
2024-01-30,card contactless asda bread 366375,47.85,groceries,simulated_bank_transactions_uk
2023-10-21,Card/Payment/Asda/Milk 101849,104.2,groceries,simulated_bank_transactions_uk
2024-04-29,RESTAURANT JUST EAT FAST FOOD 910257,93.49,dining,simulated_bank_transactions_uk
2023-10-11,RESTAURANT GREGGS CAFE 886840,14.8,dining,simulated_bank_transactions_uk
2023-09-15,SUBSCRIPTION GOOGLE *SERVICES 260561,18.82,subscriptions,simulated_bank_transactions_uk
2024-11-06,Food-Delivery-Mcdonalds-Fast-Food 25126,150.2,dining,simulated_bank_transactions_uk
2023-10-02,Card Pmt Iceland Bread 561654,88.48,groceries,simulated_bank_transactions_uk
2023-10-06,POS*ALDI*VEGETABLES 562800,69.34,groceries,simulated_bank_transactions_uk
2024-01-20,Card Pmt Lidl Bread 269562,117.37,groceries,simulated_bank_transactions_uk
2024-04-06,FOOD-DELIVERY-GREGGS-FAST-FOOD,96.59,dining,simulated_bank_transactions_uk
2023-03-03,CARD PMT ESSO BUS PASS 607811,113.07,transportation,simulated_bank_transactions_uk
2023-01-19,Fuel Tfl Uber Ride 693538,113.95,transportation,simulated_bank_transactions_uk
2024-11-13,utility bill octopus energy,254.45,utilities,simulated_bank_transactions_uk
2024-11-08,CARD PAYMENT ALDI CEREAL 464933,23.74,groceries,simulated_bank_transactions_uk
2023-07-26,Card Pmt Sainsburys Chicken,19.29,groceries,simulated_bank_transactions_uk
2024-09-27,Restaurant Deliveroo Cafe 31194,145.42,dining,simulated_bank_transactions_uk
2024-04-09,TRANSPORT*NATIONAL*RAIL*CAR*MAINTENANCE 786226,80.18,transportation,simulated_bank_transactions_uk
2024-04-30,FUEL*NATIONAL*RAIL*CAR*MAINTENANCE 583061,133.77,transportation,simulated_bank_transactions_uk
2024-05-10,CONTACTLESS ASDA EGGS 188086,88.14,groceries,simulated_bank_transactions_uk
2024-10-29,pos tesco eggs 552216,30.71,groceries,simulated_bank_transactions_uk
2023-12-14,DIRECT/DEBIT/EE 162246,133.19,utilities,simulated_bank_transactions_uk
2024-03-06,Food Delivery Starbucks Cafe 54599,105.56,dining,simulated_bank_transactions_uk
2024-12-02,SO DIRECT DEBIT SCOTTISHPOWER 179315,246.07,utilities,simulated_bank_transactions_uk
2024-09-09,Food-Delivery-Kfc-Food-Delivery 366320,36.47,dining,simulated_bank_transactions_uk
2023-07-12,Contactless Sainsburys Fruit 770501,69.12,groceries,simulated_bank_transactions_uk
2023-05-08,Contactless Asda Vegetables 349266,40.43,groceries,simulated_bank_transactions_uk
2023-03-12,card payment lidl eggs,28.61,groceries,simulated_bank_transactions_uk
2024-05-12,bill/pmt/ee,207.03,utilities,simulated_bank_transactions_uk
2024-07-30,direct debit amazon prime,44.72,subscriptions,simulated_bank_transactions_uk
2024-12-29,Restaurant Kfc Food Delivery 456790,79.39,dining,simulated_bank_transactions_uk
2024-07-28,card pmt tesco eggs 668151,87.07,groceries,simulated_bank_transactions_uk
2024-11-12,Transport Bp Bus Pass,44.67,transportation,simulated_bank_transactions_uk
2024-08-09,subscription apple.com/bill 197190,20.44,subscriptions,simulated_bank_transactions_uk
2023-04-02,Card Pmt Trainline Fuel 646897,129.42,transportation,simulated_bank_transactions_uk
2023-12-22,fuel esso train ticket 508139,55.22,transportation,simulated_bank_transactions_uk
2023-12-05,TRANSPORT*BOLT*UBER*RIDE 567300,37.46,transportation,simulated_bank_transactions_uk
2023-11-19,Contactless Iceland Fruit 373761,52.63,groceries,simulated_bank_transactions_uk
2024-08-25,CARD PMT PRET CAFE 338432,35.87,dining,simulated_bank_transactions_uk
2024-09-23,Food Delivery Mcdonalds Food Delivery,92.58,dining,simulated_bank_transactions_uk
2023-04-23,contactless morrisons cereal 1,91.07,groceries,simulated_bank_transactions_uk
2023-05-21,RENT PAYMENT RENT 677878,1657.61,housing,simulated_bank_transactions_uk
2023-07-30,DIRECT DEBIT RESTAURANT GREGGS CAFE 683493,39.52,dining,simulated_bank_transactions_uk
2023-01-09,CARD PMT ASDA VEGETABLES,120.75,groceries,simulated_bank_transactions_uk
2024-06-25,pos iceland vegetables 942522,26.47,groceries,simulated_bank_transactions_uk
2024-03-12,So Card Pmt Lidl Fruit 823506,136.51,groceries,simulated_bank_transactions_uk
2024-09-20,fps utility bill british gas 16056,225.53,utilities,simulated_bank_transactions_uk
2024-07-27,visa direct debit e.on 361966,170.88,utilities,simulated_bank_transactions_uk
2023-12-24,Direct Debit Amazon Prime,29.08,subscriptions,simulated_bank_transactions_uk
2023-09-11,mortgage*payment*letting*agent,1669.06,housing,simulated_bank_transactions_uk
2023-10-27,bill pmt vodafone 325932,202.12,utilities,simulated_bank_transactions_uk
2023-03-16,VISA-RESTAURANT-JUST-EAT-FOOD-DELIVERY 278892,114.9,dining,simulated_bank_transactions_uk
2024-02-10,subscription-amazon-prime 534435,29.09,subscriptions,simulated_bank_transactions_uk
2023-09-06,Card Pmt Deliveroo Fast Food 782387,121.71,dining,simulated_bank_transactions_uk
2024-04-06,Direct Debit Amazon Prime,15.31,subscriptions,simulated_bank_transactions_uk
2024-02-24,Fps Bill Payment Bt 342513,232.02,utilities,simulated_bank_transactions_uk
2024-11-04,DIRECT DEBIT E.ON 81275,203.38,utilities,simulated_bank_transactions_uk
2023-02-18,RESTAURANT UBER EATS FAST FOOD,27.65,dining,simulated_bank_transactions_uk
2024-05-03,Restaurant Deliveroo Cafe,24.89,dining,simulated_bank_transactions_uk
2024-11-16,Restaurant*Just*Eat*Fast*Food 285482,158.19,dining,simulated_bank_transactions_uk
2023-10-04,card pmt amazon prime 223544,27.89,subscriptions,simulated_bank_transactions_uk
2023-01-09,POS MORRISONS EGGS 845285,25.2,groceries,simulated_bank_transactions_uk
2023-03-04,ONLINE PURCHASE BOOTS ELECTRONICS,113.05,other,simulated_bank_transactions_uk
2023-02-14,card payment costa restaurant 82,138.37,dining,simulated_bank_transactions_uk
2024-06-15,BACS*FUEL*UBER*BUS*PASS 147739,126.09,transportation,simulated_bank_transactions_uk
2024-02-27,bill pmt ee 602070,173.12,utilities,simulated_bank_transactions_uk
2023-05-16,DIRECT/DEBIT/BT 220891,213.08,utilities,simulated_bank_transactions_uk
2023-01-11,Pos Mortgage Pmt Landlord 752622,707.8,housing,simulated_bank_transactions_uk
2023-11-08,CARD*PAYMENT*ASDA*CHICKEN 107560,115.5,groceries,simulated_bank_transactions_uk
2024-09-17,UTILITY-BILL-E.ON 540307,59.87,utilities,simulated_bank_transactions_uk
2023-05-25,POS-LIDL-MILK 35914,165.48,groceries,simulated_bank_transactions_uk
2023-04-28,fps rent pmt rent 218713,815.29,housing,simulated_bank_transactions_uk
2024-02-07,Pos Morrisons Cereal,70.0,groceries,simulated_bank_transactions_uk
2024-02-06,Bacs Mortgage Pmt Letting Agent 989394,1745.82,housing,simulated_bank_transactions_uk
2024-04-27,MASTERCARD CARD PAYMENT ASDA VEGETABLES,127.46,groceries,simulated_bank_transactions_uk
2023-03-22,Pos Purchase Ebay Electronics 277025,235.16,other,simulated_bank_transactions_uk
2023-03-12,Visa Bacs Letting Agent Rent,988.52,housing,simulated_bank_transactions_uk
2023-07-13,CARD BILL PMT SEVERN TRENT,154.85,utilities,simulated_bank_transactions_uk
2023-08-15,Direct Debit Scottishpower 5475,118.19,utilities,simulated_bank_transactions_uk
2024-07-17,CARD*PMT*ASDA*RICE 393217,187.24,groceries,simulated_bank_transactions_uk
2023-07-07,Direct Debit Sky 619729,94.71,utilities,simulated_bank_transactions_uk
2024-11-17,Contactless Asda Fruit 829592,35.73,groceries,simulated_bank_transactions_uk
2023-07-19,Card Payment Just Eat Restaurant,137.99,dining,simulated_bank_transactions_uk
2024-02-21,Utility Bill Scottishpower,68.03,utilities,simulated_bank_transactions_uk
2023-08-26,Pos Aldi Bread 847520,8.65,groceries,simulated_bank_transactions_uk
2024-12-10,restaurant costa cafe 7,83.19,dining,simulated_bank_transactions_uk
2024-07-07,food delivery costa cafe,126.12,dining,simulated_bank_transactions_uk
2024-10-28,CONTACTLESS/SUBSCRIPTION/AMAZON/PRIME 603043,26.64,subscriptions,simulated_bank_transactions_uk
2023-10-15,BILL PMT BRITISH GAS 254943,158.73,utilities,simulated_bank_transactions_uk
2023-06-06,Utility Bill Octopus Energy,250.43,utilities,simulated_bank_transactions_uk
2024-11-09,RENT PAYMENT MORTGAGE 961684,788.99,housing,simulated_bank_transactions_uk
2023-03-07,POS-PURCHASE-EBAY-GIFT 153717,222.65,other,simulated_bank_transactions_uk
2023-11-06,CARD TRANSPORT NATIONAL RAIL TRAIN TICKET 102197,139.11,transportation,simulated_bank_transactions_uk
2023-08-22,Contactless/Iceland/Vegetables 672816,16.4,groceries,simulated_bank_transactions_uk
2023-06-17,FUEL/ESSO/BUS/PASS 400122,132.72,transportation,simulated_bank_transactions_uk
2023-12-13,Card Payment Iceland Chicken 771968,87.31,groceries,simulated_bank_transactions_uk
2023-06-13,card payment morrisons vegetables,147.32,groceries,simulated_bank_transactions_uk
2023-06-06,Mastercard/Contactless/Iceland/Eggs 4885,106.46,groceries,simulated_bank_transactions_uk
2023-01-17,CARD PAYMENT STARBUCKS FAST FOOD,6.44,dining,simulated_bank_transactions_uk
2023-04-21,CARD/PMT/WAITROSE/FRUIT 617248,116.86,groceries,simulated_bank_transactions_uk
2023-08-13,Contactless/Waitrose/Milk 204680,49.8,groceries,simulated_bank_transactions_uk
2023-03-11,pos/asda/fruit,96.35,groceries,simulated_bank_transactions_uk
2024-03-14,DIRECT-DEBIT-FOOD-DELIVERY-KFC-RESTAURANT 30305,108.9,dining,simulated_bank_transactions_uk
2023-01-11,Card Payment Puregym,42.25,subscriptions,simulated_bank_transactions_uk
2024-05-04,Direct/Debit/Card/Payment/Bolt/Fuel 388638,21.6,transportation,simulated_bank_transactions_uk
2023-11-19,FOOD DELIVERY PRET FOOD DELIVERY 37286,121.39,dining,simulated_bank_transactions_uk
2024-10-19,FPS CONTACTLESS ASDA MILK 359619,38.84,groceries,simulated_bank_transactions_uk
2023-06-27,Direct Debit Scottishpower 767891,43.39,utilities,simulated_bank_transactions_uk
2023-09-22,mortgage payment rent 506642,1551.67,housing,simulated_bank_transactions_uk
2023-08-10,Subscription/Google/*services,13.63,subscriptions,simulated_bank_transactions_uk
2024-07-07,Bacs*Direct*Debit*British*Gas 319243,35.97,utilities,simulated_bank_transactions_uk
2024-08-18,Bill Pmt Thames Water 650877,247.44,utilities,simulated_bank_transactions_uk
2023-06-16,card pmt amazon prime 809564,7.73,subscriptions,simulated_bank_transactions_uk
2024-01-18,Online Purchase Argos Misc Expense 182102,75.29,other,simulated_bank_transactions_uk
2023-09-23,Contactless Asda Fruit,183.68,groceries,simulated_bank_transactions_uk
2023-04-15,Food Delivery Nando's Cafe 686080,118.1,dining,simulated_bank_transactions_uk
2024-12-08,subscription spotify 825130,30.33,subscriptions,simulated_bank_transactions_uk
2024-09-29,transport/bolt/bus/pass 280588,59.12,transportation,simulated_bank_transactions_uk
2023-07-07,DIRECT DEBIT APPLE.COM/BILL 762757,42.36,subscriptions,simulated_bank_transactions_uk
2024-10-17,MORTGAGE PAYMENT LANDLORD 950678,1248.79,housing,simulated_bank_transactions_uk
2024-03-27,Card Payment Uber Car Maintenance 1265,122.39,transportation,simulated_bank_transactions_uk
2023-12-14,Contactless-Waitrose-Cereal 995,127.64,groceries,simulated_bank_transactions_uk
2023-11-21,Card*Payment*National*Rail*Uber*Ride 576692,26.82,transportation,simulated_bank_transactions_uk
2024-06-30,RESTAURANT STARBUCKS FOOD DELIVERY,64.72,dining,simulated_bank_transactions_uk
2023-05-31,UTILITY BILL O2,239.99,utilities,simulated_bank_transactions_uk
2023-07-12,Mortgage/Payment/Letting/Agent 775783,1036.11,housing,simulated_bank_transactions_uk
2023-04-13,contactless fuel bolt uber ride 818126,111.63,transportation,simulated_bank_transactions_uk
2023-05-03,Pos Iceland Bread,195.97,groceries,simulated_bank_transactions_uk
2024-12-14,BACS CARD PAYMENT TFL CAR MAINTENANCE 779,7.79,transportation,simulated_bank_transactions_uk
2024-09-20,direct debit bill payment sky 548559,122.74,utilities,simulated_bank_transactions_uk
2023-02-20,Pos Waitrose Bread,93.61,groceries,simulated_bank_transactions_uk
2023-02-06,rent*pmt*letting*agent 369239,1101.59,housing,simulated_bank_transactions_uk
2023-12-27,CARD DIRECT DEBIT DISNEY+ 121437,28.53,subscriptions,simulated_bank_transactions_uk
2023-07-02,BACS POS WAITROSE CHICKEN,140.42,groceries,simulated_bank_transactions_uk
2023-06-26,FOOD*DELIVERY*COSTA*RESTAU,81.57,dining,simulated_bank_transactions_uk
2023-09-18,POS ICELAND CEREAL 524514,189.34,groceries,simulated_bank_transactions_uk
2023-01-22,pos-asda-cereal 760806,40.45,groceries,simulated_bank_transactions_uk
2023-04-26,DIRECT DEBIT THAMES WATER 135562,60.17,utilities,simulated_bank_transactions_uk
2024-12-02,Visa Direct Debit Scottishpower 604028,184.59,utilities,simulated_bank_transactions_uk
2024-01-27,Card Payment Spotify 624988,40.04,subscriptions,simulated_bank_transactions_uk
2023-01-02,SUBSCRIPTION SPOTIFY 735847,41.26,subscriptions,simulated_bank_transactions_uk
2023-10-24,food-delivery-mcdonalds-fast-food 840408,36.37,dining,simulated_bank_transactions_uk
2023-01-19,Direct*Debit*Sky 183149,231.14,utilities,simulated_bank_transactions_uk
2024-09-05,Utility Bill Ee,142.29,utilities,simulated_bank_transactions_uk
2024-04-20,card card pmt nando's food delivery 492076,6.82,dining,simulated_bank_transactions_uk
2024-01-19,pos aldi eggs 696438,7.01,groceries,simulated_bank_transactions_uk
2024-12-01,visa food delivery deliveroo cafe 57421,123.72,dining,simulated_bank_transactions_uk
2023-11-17,POS UTILITY BILL SCOTTISHPOWER,205.03,utilities,simulated_bank_transactions_uk
2024-09-30,Pos Asda Cereal,101.88,groceries,simulated_bank_transactions_uk
2024-10-11,Card-Payment-Mcdonalds-Fast-Food,66.58,dining,simulated_bank_transactions_uk
2024-09-04,So Food Delivery Starbucks Fast Food 814574,151.88,dining,simulated_bank_transactions_uk
2023-07-09,Pos Card Pmt Nando's Cafe 688028,41.14,dining,simulated_bank_transactions_uk
2023-06-24,BACS CARD PMT ESSO FUEL 844368,67.43,transportation,simulated_bank_transactions_uk
2023-01-18,pos waitrose vegetables 831519,115.61,groceries,simulated_bank_transactions_uk
2023-03-27,transport shell fuel 56930,50.2,transportation,simulated_bank_transactions_uk
2024-01-13,Card Payment Tesco Eggs 38383,10.42,groceries,simulated_bank_transactions_uk
2023-10-20,RESTAURANT COSTA FAST FOOD 71809,28.39,dining,simulated_bank_transactions_uk
2024-02-25,visa pos aldi vegetables 789100,185.19,groceries,simulated_bank_transactions_uk
2023-11-20,Mastercard Card Pmt Tesco Eggs,120.33,groceries,simulated_bank_transactions_uk
2024-03-22,Direct Debit Amazon Prime 293639,20.49,subscriptions,simulated_bank_transactions_uk
2023-06-26,pos sainsburys eggs 866838,130.92,groceries,simulated_bank_transactions_uk
2023-07-04,card payment amazon prime 139697,31.23,subscriptions,simulated_bank_transactions_uk
2024-11-10,pos waitrose fruit,19.82,groceries,simulated_bank_transactions_uk
2024-11-15,bill pmt vodafone 998737,31.36,utilities,simulated_bank_transactions_uk
2023-04-20,RESTAURANT KFC RESTAURANT,35.15,dining,simulated_bank_transactions_uk
2024-08-10,contactless*lidl*milk 800594,13.5,groceries,simulated_bank_transactions_uk
2023-06-10,Transport/Tfl/Train/Ticket 842171,99.2,transportation,simulated_bank_transactions_uk
2023-06-05,Pos Asda Bread 6,39.47,groceries,simulated_bank_transactions_uk
2024-01-17,bacs card pmt waitrose eggs 416490,157.51,groceries,simulated_bank_transactions_uk
2024-07-05,Food*Delivery*Greggs*Restaurant,115.24,dining,simulated_bank_transactions_uk
2024-07-02,Pos Asda Fruit 11,110.97,groceries,simulated_bank_transactions_uk
2023-01-09,card*transport*tfl*fuel 348174,43.12,transportation,simulated_bank_transactions_uk
2023-09-26,contactless sainsburys bread 656109,108.51,groceries,simulated_bank_transactions_uk
2023-11-09,card pmt kfc restaurant,65.37,dining,simulated_bank_transactions_uk
2024-02-02,subscription disney+ 268404,5.75,subscriptions,simulated_bank_transactions_uk
2024-06-21,contactless lidl cereal 88,91.24,groceries,simulated_bank_transactions_uk
2024-02-02,card*payment*esso*bus*pass,73.87,transportation,simulated_bank_transactions_uk
2024-02-13,STO/FOOD/DELIVERY/KFC/FOOD/DELIVERY 564315,151.59,dining,simulated_bank_transactions_uk
2023-05-13,Card Payment Costa Restaurant 828843,97.35,dining,simulated_bank_transactions_uk
2023-05-25,Pos Asda Eggs,26.8,groceries,simulated_bank_transactions_uk
2023-07-03,card*pmt*nando's*cafe 168840,130.34,dining,simulated_bank_transactions_uk
2024-12-07,contactless/asda/eggs 346657,8.34,groceries,simulated_bank_transactions_uk
2023-09-17,Contactless/Tesco/Chicken,36.8,groceries,simulated_bank_transactions_uk
2024-05-12,fuel uber uber ride 7931,40.83,transportation,simulated_bank_transactions_uk
2024-12-17,MORTGAGE PMT LETTING AGENT,1847.35,housing,simulated_bank_transactions_uk
2024-09-21,bacs landlord rent 18463,1380.14,housing,simulated_bank_transactions_uk
2024-08-31,Fuel Trainline Fuel 99,83.16,transportation,simulated_bank_transactions_uk
2024-06-23,ONLINE PURCHASE AMAZON PH,145.12,other,simulated_bank_transactions_uk
2023-07-23,Contactless Asda Eggs 521275,105.17,groceries,simulated_bank_transactions_uk
2024-03-18,Card-Pmt-Sainsburys-Milk 842767,16.12,groceries,simulated_bank_transactions_uk
2023-06-22,pos fuel uber uber ride 746525,103.78,transportation,simulated_bank_transactions_uk
2023-07-21,Food Delivery Deliveroo Restaurant,5.83,dining,simulated_bank_transactions_uk
2024-02-10,Restaurant Costa Food Delivery 228831,34.98,dining,simulated_bank_transactions_uk
2024-10-08,card-payment-sainsburys-bread,5.75,groceries,simulated_bank_transactions_uk
2024-06-26,direct debit contactless morrisons eggs 533995,57.68,groceries,simulated_bank_transactions_uk
2023-12-30,bacs landlord rent 554117,1750.17,housing,simulated_bank_transactions_uk
2024-09-22,food*delivery*deliveroo*fast*food 913685,148.36,dining,simulated_bank_transactions_uk
2024-02-12,Pos Tesco Milk 942782,16.63,groceries,simulated_bank_transactions_uk
2024-04-13,Fuel Tfl Fuel,24.63,transportation,simulated_bank_transactions_uk
2023-07-01,Subscription Gym Group 502786,39.17,subscriptions,simulated_bank_transactions_uk
2024-05-28,Fps Subscription Apple.com/bill,40.16,subscriptions,simulated_bank_transactions_uk
2023-07-28,card payment pret cafe,109.34,dining,simulated_bank_transactions_uk
2023-03-27,contactless asda cereal 388799,84.46,groceries,simulated_bank_transactions_uk
2024-07-09,contactless fuel shell uber ride,123.89,transportation,simulated_bank_transactions_uk
2024-04-10,bacs-landlord-rent 178744,924.4,housing,simulated_bank_transactions_uk
2023-04-22,contactless tesco fruit 418039,112.67,groceries,simulated_bank_transactions_uk
2024-11-10,So Contactless Lidl Bread,42.03,groceries,simulated_bank_transactions_uk
2023-08-20,CARD PAYMENT NATIONAL RAIL TRAIN TICKET,29.76,transportation,simulated_bank_transactions_uk
2024-07-07,restaurant just eat fast food 684082,20.37,dining,simulated_bank_transactions_uk
2023-07-11,Sto Subscription Apple.com/bill,18.32,subscriptions,simulated_bank_transactions_uk
2023-03-06,CARD/PMT/SHELL/CAR/MAINTENANCE 807767,102.51,transportation,simulated_bank_transactions_uk
2024-12-18,card pmt tfl bus pass 746794,99.74,transportation,simulated_bank_transactions_uk
2023-04-08,Contactless Tesco Cereal,101.14,groceries,simulated_bank_transactions_uk
2024-01-15,RESTAURANT MCDONALDS CAFE 203929,122.11,dining,simulated_bank_transactions_uk
2024-07-05,BACS DIRECT DEBIT SPOTIFY 978699,4.26,subscriptions,simulated_bank_transactions_uk
2023-03-18,CONTACTLESS TRANSPORT TRAINLINE BUS PASS 80029,36.14,transportation,simulated_bank_transactions_uk
2024-02-24,Restaurant/Nando's/Cafe 708086,99.04,dining,simulated_bank_transactions_uk
2024-08-30,mastercard*card*pmt*morrisons*bread 660732,73.71,groceries,simulated_bank_transactions_uk
2024-07-08,Card Pmt National Rail Car Maintenance 45475,90.77,transportation,simulated_bank_transactions_uk
2023-07-02,CARD-PMT-DELIVEROO-FOOD-DELIVERY 148789,107.41,dining,simulated_bank_transactions_uk
2023-06-04,Direct Debit Restaurant Just Eat Restaurant 28150,158.55,dining,simulated_bank_transactions_uk
2024-02-13,FPS/RESTAURANT/KFC/CAFE,62.14,dining,simulated_bank_transactions_uk
2023-12-29,transport/trainline/train/ticket,86.41,transportation,simulated_bank_transactions_uk
2024-04-03,Restaurant Uber Eats Restaurant 28273,26.45,dining,simulated_bank_transactions_uk
2023-08-17,Contactless Iceland Eggs 102912,71.97,groceries,simulated_bank_transactions_uk
2023-01-10,POS RESTAURANT STARBUCKS CAFE 339054,102.38,dining,simulated_bank_transactions_uk
2024-08-16,Card Direct Debit Amazon Prime 994990,40.35,subscriptions,simulated_bank_transactions_uk
2024-10-04,mortgage-pmt-mortgage,1339.83,housing,simulated_bank_transactions_uk
2024-08-27,FPS CARD PAYMENT ESSO CAR MAINTENANCE 133064,58.86,transportation,simulated_bank_transactions_uk
2024-03-24,Contactless-Card-Payment-Currys-Pharmacy 844692,18.54,other,simulated_bank_transactions_uk
2024-07-29,restaurant kfc cafe,80.09,dining,simulated_bank_transactions_uk
2024-11-27,Pos Morrisons Cereal 325458,64.86,groceries,simulated_bank_transactions_uk
2024-09-24,TRANSPORT*TRAINLINE*CAR*MAINTENANCE,50.57,transportation,simulated_bank_transactions_uk
2023-03-19,Bacs/Landlord/Rent,1278.72,housing,simulated_bank_transactions_uk
2024-05-31,ONLINE PURCHASE ARGOS MISC EXPENSE 276402,201.27,other,simulated_bank_transactions_uk
2023-09-06,subscription google *services 608153,20.85,subscriptions,simulated_bank_transactions_uk
2024-10-07,BILL PAYMENT EE 159360,146.96,utilities,simulated_bank_transactions_uk
2024-07-03,Utility Bill Bt,197.27,utilities,simulated_bank_transactions_uk
2023-10-27,Subscription Google *services 456686,44.89,subscriptions,simulated_bank_transactions_uk
2023-10-24,Card Pmt Netflix 343601,5.15,subscriptions,simulated_bank_transactions_uk
2024-10-17,POS BILL PAYMENT THAMES WATER 963229,64.17,utilities,simulated_bank_transactions_uk
2023-12-01,CARD PMT TFL FUEL 955225,122.87,transportation,simulated_bank_transactions_uk
2023-02-02,Online Purchase Boots Online Purchase 86985,209.42,other,simulated_bank_transactions_uk
2023-02-10,Contactless Iceland Egg,192.43,groceries,simulated_bank_transactions_uk
2023-03-04,direct debit octopus energy,154.93,utilities,simulated_bank_transactions_uk
2023-09-16,CARD PMT TESCO EGGS,57.76,groceries,simulated_bank_transactions_uk
2023-01-01,mastercard bill payment octopus energy 778932,205.99,utilities,simulated_bank_transactions_uk
2023-02-12,contactless restaurant uber eats fast food 280710,140.61,dining,simulated_bank_transactions_uk
2024-07-07,sto direct debit o2 352030,181.69,utilities,simulated_bank_transactions_uk
2023-04-19,Direct Debit Restaurant Pret Cafe,45.6,dining,simulated_bank_transactions_uk
2023-08-31,food delivery just eat cafe 432804,157.56,dining,simulated_bank_transactions_uk
2023-01-14,CARD PMT WAITROSE CEREAL,158.72,groceries,simulated_bank_transactions_uk
2023-12-20,Pos Aldi Rice,13.96,groceries,simulated_bank_transactions_uk
2024-09-02,card payment greggs cafe,20.78,dining,simulated_bank_transactions_uk
2024-01-02,Utility Bill Sky 28845,29.06,utilities,simulated_bank_transactions_uk
2024-08-01,So*Bill*Payment*Sky,156.12,utilities,simulated_bank_transactions_uk
2024-11-11,VISA CONTACTLESS LIDL CEREAL 557887,195.86,groceries,simulated_bank_transactions_uk
2024-08-06,Direct Debit Disney+,21.71,subscriptions,simulated_bank_transactions_uk
2023-01-20,FPS CARD PAYMENT LIDL CEREAL 579580,183.23,groceries,simulated_bank_transactions_uk
2024-10-20,FOOD-DELIVERY-STARBUCKS-CAFE 994377,30.11,dining,simulated_bank_transactions_uk
2023-07-28,direct debit amazon pri,8.63,subscriptions,simulated_bank_transactions_uk
2023-10-05,BACS FUEL TRAINLINE UBER RIDE 290564,8.57,transportation,simulated_bank_transactions_uk
2023-09-16,Mortgage Payment Letting Agent 698765,2122.03,housing,simulated_bank_transactions_uk
2023-10-08,POS/SAINSBURYS/MILK 404897,81.71,groceries,simulated_bank_transactions_uk
2024-02-15,RESTAURANT*COSTA*CAFE 956688,91.59,dining,simulated_bank_transactions_uk
2023-02-09,card*card*payment*amazon*prime 101912,10.76,subscriptions,simulated_bank_transactions_uk
2023-12-19,visa utility bill thames water,52.45,utilities,simulated_bank_transactions_uk
2023-05-21,Bacs Card Payment Starbucks Cafe 962406,140.2,dining,simulated_bank_transactions_uk
2023-07-08,Card Direct Debit Sky 477846,205.51,utilities,simulated_bank_transactions_uk
2023-01-09,mortgage pmt mortgage 233152,843.57,housing,simulated_bank_transactions_uk
2024-10-25,DIRECT-DEBIT-SKY 179117,243.99,utilities,simulated_bank_transactions_uk
2023-09-22,Card/Pmt/Just/Eat/Cafe 902384,127.93,dining,simulated_bank_transactions_uk
2023-11-07,CONTACTLESS CARD PMT TFL FUEL 243675,126.31,transportation,simulated_bank_transactions_uk
2023-08-17,Visa Card Pmt Shell Bus Pass 970227,53.39,transportation,simulated_bank_transactions_uk
2023-08-26,Restaurant Pret Food Delivery,31.46,dining,simulated_bank_transactions_uk
2023-03-25,card pmt trainline bus pass,2.84,transportation,simulated_bank_transactions_uk
2023-12-23,Online Purchase Argos Pharmacy 135443,85.26,other,simulated_bank_transactions_uk
2024-09-02,Card Pmt Asda Eggs 170,141.8,groceries,simulated_bank_transactions_uk
2024-11-05,contactless sainsburys rice 256822,81.91,groceries,simulated_bank_transactions_uk
2023-03-11,Pos Asda Bread 257088,186.45,groceries,simulated_bank_transactions_uk
2024-10-17,MORTGAGE/PAYMENT/LETTING/AGENT 69516,1017.08,housing,simulated_bank_transactions_uk
2024-03-11,contactless pos tesco cereal 296694,101.46,groceries,simulated_bank_transactions_uk
2023-09-10,card payment puregym 775882,30.34,subscriptions,simulated_bank_transactions_uk
2023-11-25,RESTAURANT-DELIVEROO-FOOD-DELIVERY 419907,115.42,dining,simulated_bank_transactions_uk
2024-11-15,food delivery deliveroo fast food 818654,33.05,dining,simulated_bank_transactions_uk
2023-11-17,Fps Direct Debit Octopus Energy 399786,57.89,utilities,simulated_bank_transactions_uk
2023-12-02,sto contactless iceland bread 955977,195.61,groceries,simulated_bank_transactions_uk
2023-03-10,Direct Debit Card Pmt Bolt Car Maintenance 928317,13.6,transportation,simulated_bank_transactions_uk
2024-10-14,Direct Debit Pos Iceland Milk 753600,108.17,groceries,simulated_bank_transactions_uk
2023-09-22,CONTACTLESS LIDL CHICKEN 426845,121.86,groceries,simulated_bank_transactions_uk
2023-08-24,card pmt esso bus pass 118446,39.16,transportation,simulated_bank_transactions_uk
2023-05-25,fps subscription google *services 63944,18.62,subscriptions,simulated_bank_transactions_uk
2023-10-30,Direct Debit O2 422887,196.97,utilities,simulated_bank_transactions_uk
2024-08-17,card payment lidl cereal 300480,28.22,groceries,simulated_bank_transactions_uk
2023-09-24,contactless direct debit bt 28060,132.97,utilities,simulated_bank_transactions_uk
2023-12-08,BILL PMT BRITISH GAS,72.75,utilities,simulated_bank_transactions_uk
2023-05-08,Fps Card Payment Aldi Milk 179242,48.34,groceries,simulated_bank_transactions_uk
2023-03-12,card-payment-uber-fuel 417536,13.47,transportation,simulated_bank_transactions_uk
2024-06-17,CARD/PAYMENT/DELIVEROO/FAST/FOOD,132.95,dining,simulated_bank_transactions_uk
2023-02-08,mortgage pmt landlord 306853,1312.04,housing,simulated_bank_transactions_uk
2023-06-29,CARD PAYMENT NATIONAL RAIL CAR MAINTENANCE 542574,75.82,transportation,simulated_bank_transactions_uk
2023-06-28,Direct/Debit/Spotify,6.8,subscriptions,simulated_bank_transactions_uk
2023-10-20,Card*Pmt*Shell*Fuel 7,29.09,transportation,simulated_bank_transactions_uk
2024-12-01,DIRECT DEBIT NETFLIX 206352,11.54,subscriptions,simulated_bank_transactions_uk
2024-12-09,Pos Aldi Eggs 193348,28.83,groceries,simulated_bank_transactions_uk
2023-08-06,BILL-PMT-EE 678102,220.46,utilities,simulated_bank_transactions_uk
2024-06-08,MORTGAGE PAYMENT LANDLORD 164591,1000.96,housing,simulated_bank_transactions_uk
2024-12-03,Card-Payment-Morrisons-Bread 781571,74.47,groceries,simulated_bank_transactions_uk
2024-01-26,CONTACTLESS TRANSPORT NATIONAL RAIL BUS PASS,40.53,transportation,simulated_bank_transactions_uk
2024-01-23,Transport Esso Fuel,63.09,transportation,simulated_bank_transactions_uk
2024-08-25,Bacs Letting Agent Rent 179510,1904.06,housing,simulated_bank_transactions_uk
2024-02-10,Bacs Rent Rent 756679,997.95,housing,simulated_bank_transactions_uk
2024-10-06,POS LIDL CHICKEN 937992,178.29,groceries,simulated_bank_transactions_uk
2023-12-16,card-pmt-spotify 417200,43.84,subscriptions,simulated_bank_transactions_uk
2023-04-25,POS/ALDI/MILK 598402,139.45,groceries,simulated_bank_transactions_uk
2024-08-14,Contactless Morrisons Vegetables 196560,98.54,groceries,simulated_bank_transactions_uk
2024-12-01,Pos Waitrose Rice,167.37,groceries,simulated_bank_transactions_uk
2023-03-29,card-pmt-starbucks-fast-food 223084,19.76,dining,simulated_bank_transactions_uk
2023-10-25,TRANSPORT NATIONAL RAIL,93.57,transportation,simulated_bank_transactions_uk
2024-02-04,FPS RENT PAYMENT MORTGAGE 349624,1658.35,housing,simulated_bank_transactions_uk
2023-11-01,DIRECT DEBIT BT 87026,207.47,utilities,simulated_bank_transactions_uk
2024-03-24,food delivery starbucks cafe,95.34,dining,simulated_bank_transactions_uk
2024-05-17,POS POS TESCO VEGETABLES 609734,165.66,groceries,simulated_bank_transactions_uk
2024-06-16,Utility*Bill*Scottishpower 47384,106.9,utilities,simulated_bank_transactions_uk
2023-02-22,CARD PAYMENT TESCO BREAD 576551,169.3,groceries,simulated_bank_transactions_uk
2024-08-20,Card Payment Tesco Bread 780693,91.02,groceries,simulated_bank_transactions_uk
2024-11-09,TRANSPORT BOLT CAR MAINTENANCE 139700,86.07,transportation,simulated_bank_transactions_uk
2023-11-03,Bacs Card Pmt Apple.com/bill 497585,37.62,subscriptions,simulated_bank_transactions_uk
2024-04-07,Transport Trainline Train Ticket 385558,90.22,transportation,simulated_bank_transactions_uk
2023-12-03,BACS RENT RENT,672.3,housing,simulated_bank_transactions_uk
2023-09-26,DIRECT DEBIT GYM GROUP,16.27,subscriptions,simulated_bank_transactions_uk
2023-07-31,RENT*PMT*MORTGAGE 564392,1874.36,housing,simulated_bank_transactions_uk
2024-02-05,TRANSPORT SHELL TRAIN TICKET,74.18,transportation,simulated_bank_transactions_uk
2023-08-11,CARD*PMT*ARGOS*ONLINE*PURCHASE 120593,23.5,other,simulated_bank_transactions_uk
2023-12-16,FOOD DELIVERY UBER EATS FAST FOOD 626847,86.87,dining,simulated_bank_transactions_uk
2023-03-25,Subscription Disney+ 2,8.68,subscriptions,simulated_bank_transactions_uk
2023-03-23,bacs restaurant costa cafe 271903,134.32,dining,simulated_bank_transactions_uk
2023-01-24,UTILITY BILL SEVERN TRENT 696093,160.46,utilities,simulated_bank_transactions_uk
2024-03-31,CARD PAYMENT JUST EAT FAST FOOD 874677,134.18,dining,simulated_bank_transactions_uk
2023-06-01,card pmt national rail uber ride 24205,53.12,transportation,simulated_bank_transactions_uk
2024-08-22,VISA RESTAURANT COSTA CAFE 383,148.31,dining,simulated_bank_transactions_uk
2024-11-03,Contactless Morrisons Vegetables 247271,22.44,groceries,simulated_bank_transactions_uk
2023-01-22,MASTERCARD DIRECT DEBIT O2 186120,151.54,utilities,simulated_bank_transactions_uk
2023-01-13,Card Payment Amazon Prime,43.41,subscriptions,simulated_bank_transactions_uk
2024-11-20,direct debit google *services 765343,12.0,subscriptions,simulated_bank_transactions_uk
2023-09-04,CONTACTLESS BILL PAYMENT SCOTTISHPOWER,53.64,utilities,simulated_bank_transactions_uk
2024-06-29,Card Payment Google *services 27691,4.43,subscriptions,simulated_bank_transactions_uk
2024-10-23,Contactless/Tesco/Cereal 282739,64.94,groceries,simulated_bank_transactions_uk
2024-03-12,Rent*Payment*Letting*Agent 141352,837.96,housing,simulated_bank_transactions_uk
2023-12-02,POS-ICELAND-MILK 3366,139.57,groceries,simulated_bank_transactions_uk
2023-05-06,CARD PAYMENT GYM GROUP 380051,39.08,subscriptions,simulated_bank_transactions_uk
2023-05-19,card-payment-morrisons-vegetables,16.89,groceries,simulated_bank_transactions_uk
2023-03-13,direct debit octopus energy,73.55,utilities,simulated_bank_transactions_uk
2024-06-27,mortgage payment mortgage,1882.37,housing,simulated_bank_transactions_uk
2023-05-24,Card Fuel Trainline Fuel 602201,106.54,transportation,simulated_bank_transactions_uk
2023-12-24,bacs rent rent 431744,986.4,housing,simulated_bank_transactions_uk
2023-09-09,Fuel Bp Car Maintenance 774235,57.33,transportation,simulated_bank_transactions_uk
2023-03-03,card payment waitrose rice 465329,160.7,groceries,simulated_bank_transactions_uk
2024-03-16,Card Payment Mcdonalds Food Delivery 838503,89.41,dining,simulated_bank_transactions_uk
2023-09-10,CARD-PAYMENT-SAINSBURYS-CHICKEN,92.82,groceries,simulated_bank_transactions_uk
2024-01-20,CARD PAYMENT SAINSBURYS VEGETABLES,172.85,groceries,simulated_bank_transactions_uk
2024-01-01,Card Pos Aldi Cereal,115.78,groceries,simulated_bank_transactions_uk
2023-10-25,Direct Debit O2 244872,48.8,utilities,simulated_bank_transactions_uk
2024-06-04,POS-LIDL-MILK 765140,133.7,groceries,simulated_bank_transactions_uk
2024-04-12,FPS/BACS/RENT/RENT,1403.55,housing,simulated_bank_transactions_uk
2024-03-07,Card Pmt Lidl Eggs,111.22,groceries,simulated_bank_transactions_uk
2023-12-18,card payment nhs gift 366152,104.24,other,simulated_bank_transactions_uk
2023-03-26,Bacs/Rent/Rent 113986,924.49,housing,simulated_bank_transactions_uk
2024-12-22,UTILITY BILL VODAFONE 598281,85.26,utilities,simulated_bank_transactions_uk
2023-04-18,food-delivery-uber-eats-restaurant 125252,10.42,dining,simulated_bank_transactions_uk
2023-11-28,Food Delivery Starbucks Cafe 780670,153.63,dining,simulated_bank_transactions_uk
2024-10-12,contactless food delivery greggs fast food 211038,56.89,dining,simulated_bank_transactions_uk
2023-02-13,Rent Payment Mortgage 106347,1933.77,housing,simulated_bank_transactions_uk
2024-11-16,Fps Pos Purchase Amazon Online Purchase 729062,12.26,other,simulated_bank_transactions_uk
2023-08-08,contactless restaurant starbucks restaurant,25.98,dining,simulated_bank_transactions_uk
2023-08-02,So Pos Lidl Eggs,99.89,groceries,simulated_bank_transactions_uk
2023-09-27,sto fuel bp car maintenance,122.39,transportation,simulated_bank_transactions_uk
2024-06-25,RESTAURANT JUST EAT FOOD DELIVERY 396328,75.26,dining,simulated_bank_transactions_uk
2023-08-05,direct debit puregym 151806,28.27,subscriptions,simulated_bank_transactions_uk
2023-02-15,rent payment letting agent 879630,1288.23,housing,simulated_bank_transactions_uk
2024-11-06,Card Payment Trainline Fuel 633297,37.9,transportation,simulated_bank_transactions_uk
2023-01-04,mortgage pmt landlord 61205,2146.04,housing,simulated_bank_transactions_uk
2023-10-12,Restaurant-Nando's-Fast-Food 429537,83.38,dining,simulated_bank_transactions_uk
2023-10-04,RENT PMT RENT 122515,1354.23,housing,simulated_bank_transactions_uk
2024-12-24,BACS LANDLORD RENT 979821,823.42,housing,simulated_bank_transactions_uk
2024-04-09,contactless waitrose vegetables 538129,109.84,groceries,simulated_bank_transactions_uk
2023-09-30,CONTACTLESS CONTACTLESS MORRISONS CEREAL 425931,29.04,groceries,simulated_bank_transactions_uk
2024-03-11,RENT PAYMENT MORTGAGE 223488,1644.8,housing,simulated_bank_transactions_uk
2023-04-19,CARD-PMT-GOOGLE-*SERVICES,44.39,subscriptions,simulated_bank_transactions_uk
2023-02-05,card payment google *services 767524,35.8,subscriptions,simulated_bank_transactions_uk
2024-06-19,Contactless/Asda/Rice,120.18,groceries,simulated_bank_transactions_uk
2024-07-15,rent/payment/letting/agent,1414.8,housing,simulated_bank_transactions_uk
2023-08-16,fuel bolt bus pass 150532,134.73,transportation,simulated_bank_transactions_uk
2024-05-01,Visa Restaurant Costa Fast Food,67.73,dining,simulated_bank_transactions_uk
2023-01-09,Transport Esso Bus Pass,15.01,transportation,simulated_bank_transactions_uk
2023-12-24,Card Pmt Kfc Restaurant,151.02,dining,simulated_bank_transactions_uk
2023-07-10,contactless sainsburys fruit,194.02,groceries,simulated_bank_transactions_uk
2023-09-28,Card Fuel Trainline Fuel 844837,20.39,transportation,simulated_bank_transactions_uk
2023-03-11,Card Payment Google *services 591966,41.88,subscriptions,simulated_bank_transactions_uk
2023-08-27,FOOD DELIVERY PRET FAST FOOD 5585,138.67,dining,simulated_bank_transactions_uk
2024-10-30,RENT PAYMENT LETTING AGENT,704.02,housing,simulated_bank_transactions_uk
2023-10-02,Direct/Debit/O2 197911,56.48,utilities,simulated_bank_transactions_uk
2024-12-25,Direct*Debit*Netflix,4.81,subscriptions,simulated_bank_transactions_uk
2023-08-09,Pos Restaurant Mcdonalds Food Delivery 935935,20.45,dining,simulated_bank_transactions_uk
2023-09-03,CARD PAYMENT MORRISONS VEGETABLES 831,199.58,groceries,simulated_bank_transactions_uk
2024-05-09,Bacs Subscription Apple.com/bill,6.44,subscriptions,simulated_bank_transactions_uk
2024-10-11,STO FOOD DELIVERY GREGGS FOOD DELIVERY,20.31,dining,simulated_bank_transactions_uk
2024-07-11,Bacs-Mortgage-Rent,1813.51,housing,simulated_bank_transactions_uk
2024-07-25,Card/Online/Purchase/Amazon/Online/Purchase 402505,148.08,other,simulated_bank_transactions_uk
2024-08-11,Fuel*Bp*Fuel 666600,137.65,transportation,simulated_bank_transactions_uk
2023-03-22,Fuel Trainline Trai,26.49,transportation,simulated_bank_transactions_uk
2023-07-09,Online Purchase Currys Pharmacy,198.98,other,simulated_bank_transactions_uk
2024-12-11,Utility-Bill-E.on 284568,220.61,utilities,simulated_bank_transactions_uk
2023-04-13,Food Delivery Nando's Fast Food 410670,31.72,dining,simulated_bank_transactions_uk
2023-11-09,Pos-Morrisons-Milk,11.91,groceries,simulated_bank_transactions_uk
2024-01-26,Direct Debit Scottishpower 631725,48.32,utilities,simulated_bank_transactions_uk
2024-07-13,CONTACTLESS LIDL CEREAL 645734,7.34,groceries,simulated_bank_transactions_uk
2023-06-05,FPS/UTILITY/BILL/BT 336503,38.18,utilities,simulated_bank_transactions_uk
2023-08-31,Card Payment Apple.com/bill 646644,28.38,subscriptions,simulated_bank_transactions_uk
2023-03-13,Direct Debit E.on 2693,194.54,utilities,simulated_bank_transactions_uk
2024-07-10,food-delivery-nando's-fast-food 14,68.44,dining,simulated_bank_transactions_uk
2024-05-02,Restaurant Pret Restaur,57.54,dining,simulated_bank_transactions_uk
2024-05-21,card payment mcdonalds restaurant 816134,14.29,dining,simulated_bank_transactions_uk
2024-07-30,POS CONTACTLESS LIDL VEGETABLES 55774,191.29,groceries,simulated_bank_transactions_uk
2023-08-10,Card Card Payment Nhs Online Purchase 625363,200.24,other,simulated_bank_transactions_uk
2023-02-05,RESTAURANT DELIVEROO RESTAURAN,34.37,dining,simulated_bank_transactions_uk
2023-04-22,Visa Restaurant Uber Eats Fast Food 451276,29.84,dining,simulated_bank_transactions_uk
2024-06-05,pos/asda/fruit 383123,115.44,groceries,simulated_bank_transactions_uk
2024-05-22,Fuel Shell Uber Ride,92.4,transportation,simulated_bank_transactions_uk
2023-09-17,Contactless Sainsburys Bread 940712,9.87,groceries,simulated_bank_transactions_uk
2023-04-25,bill payment thames water,199.72,utilities,simulated_bank_transactions_uk
2024-07-14,pos-purchase-currys-online-purchase 954938,143.66,other,simulated_bank_transactions_uk
2023-01-07,Direct*Debit*Puregym 5692,23.43,subscriptions,simulated_bank_transactions_uk
2023-02-25,card payment bp bus pass 294654,35.79,transportation,simulated_bank_transactions_uk
2023-11-05,CARD PMT EBAY MISC EXPENSE,206.79,other,simulated_bank_transactions_uk
2023-05-28,card utility bill vodafone 648317,68.16,utilities,simulated_bank_transactions_uk
2023-12-17,CARD PMT TESCO FRUIT 532856,8.0,groceries,simulated_bank_transactions_uk
2023-05-26,CONTACTLESS*CONTACTLESS*ASDA*CHICKEN 901647,152.29,groceries,simulated_bank_transactions_uk
2023-11-09,CARD CARD PAYMENT ARGOS ONLINE PURCHASE,147.09,other,simulated_bank_transactions_uk
2024-04-30,Food Delivery Mcdonalds Cafe,128.66,dining,simulated_bank_transactions_uk
2023-08-02,Mortgage Payment Mortgage 487576,1606.39,housing,simulated_bank_transactions_uk
2023-12-28,FOOD DELIVERY DELIVEROO CAFE,104.44,dining,simulated_bank_transactions_uk
2024-04-26,utility/bill/ee 906652,241.89,utilities,simulated_bank_transactions_uk
2023-11-04,Direct Debit Card Pmt Trainline Fuel 357251,85.17,transportation,simulated_bank_transactions_uk
2024-11-24,food delivery just eat restaurant 473,155.43,dining,simulated_bank_transactions_uk
2024-01-03,contactless iceland vegetables 302078,166.3,groceries,simulated_bank_transactions_uk
2023-02-07,CARD PAYMENT STARBUCKS FOOD DELIVERY,22.35,dining,simulated_bank_transactions_uk
2023-04-24,Card*Payment*Tesco*Bread 107945,117.12,groceries,simulated_bank_transactions_uk
2023-04-04,Direct Debit Utility Bill O2 275438,161.64,utilities,simulated_bank_transactions_uk
2024-02-19,Visa-Card-Pmt-Aldi-Fruit,110.4,groceries,simulated_bank_transactions_uk
2024-07-02,online purchase argos pharmacy 183523,183.93,other,simulated_bank_transactions_uk
2024-03-14,bacs rent rent 602636,1392.4,housing,simulated_bank_transactions_uk
2023-05-10,Direct Debit Google *services,31.65,subscriptions,simulated_bank_transactions_uk
2023-01-10,Contactless*Morrisons*Fruit 119221,199.83,groceries,simulated_bank_transactions_uk
2023-09-23,TRANSPORT SHELL BUS PASS 890016,45.05,transportation,simulated_bank_transactions_uk
2024-11-04,CONTACTLESS WAITROSE RICE 430106,90.47,groceries,simulated_bank_transactions_uk
2023-04-23,Card Pmt Mcdonalds Restaurant 706503,156.39,dining,simulated_bank_transactions_uk
2024-08-03,FOOD DELIVERY GREGGS CAFE 446348,50.19,dining,simulated_bank_transactions_uk
2023-02-21,POS-TESCO-FRUIT 615839,63.65,groceries,simulated_bank_transactions_uk
2023-07-26,Fuel-Bp-Car-Maintenance 924596,130.79,transportation,simulated_bank_transactions_uk
2023-11-30,fps utility bill severn trent 282617,220.9,utilities,simulated_bank_transactions_uk
2024-06-06,card pmt ebay pharmacy 541924,136.46,other,simulated_bank_transactions_uk
2023-02-10,Fps Transport Trainline Fuel,132.35,transportation,simulated_bank_transactions_uk
2024-06-24,Mastercard Card Payment Trainline Uber Ride 921957,32.91,transportation,simulated_bank_transactions_uk
2023-06-01,Transport Trainline Bus Pass 535658,61.57,transportation,simulated_bank_transactions_uk
2023-06-20,Food/Delivery/Uber/Eats/Restaurant 53965,31.07,dining,simulated_bank_transactions_uk
2023-06-01,pos asda cereal,138.83,groceries,simulated_bank_transactions_uk
2023-01-02,Bacs Rent Rent 268817,2049.13,housing,simulated_bank_transactions_uk
2023-01-22,Rent Payment Mortgage 653379,653.07,housing,simulated_bank_transactions_uk
2023-10-26,CONTACTLESS TESCO FRUIT 741821,53.49,groceries,simulated_bank_transactions_uk
2024-08-30,Fps Food Delivery Kfc Cafe 933931,75.28,dining,simulated_bank_transactions_uk
2024-06-17,contactless waitrose milk 235074,5.65,groceries,simulated_bank_transactions_uk
2023-05-02,SO FOOD DELIVERY COSTA RESTAURANT 351929,23.8,dining,simulated_bank_transactions_uk
2023-04-05,Fuel Esso Uber Ride 405095,5.19,transportation,simulated_bank_transactions_uk
2023-05-23,UTILITY BILL BRITISH GAS,217.79,utilities,simulated_bank_transactions_uk
2024-08-18,Food Delivery Deliveroo Fast Food 224435,149.74,dining,simulated_bank_transactions_uk
2024-09-24,CARD PAYMENT UBER EATS CAFE 896149,119.7,dining,simulated_bank_transactions_uk
2023-12-11,card pmt lidl milk,110.65,groceries,simulated_bank_transactions_uk
2024-07-14,Bill-Payment-Bt 614894,246.56,utilities,simulated_bank_transactions_uk
2023-02-11,Card*Pmt*Bolt*Bus*Pass 310060,55.61,transportation,simulated_bank_transactions_uk
2023-09-13,CONTACTLESS ASDA CHICKEN,138.44,groceries,simulated_bank_transactions_uk
2023-09-08,contactless card pmt esso uber ride,101.78,transportation,simulated_bank_transactions_uk
2024-06-19,Pos Purchase Boots Online Purchase 72534,232.6,other,simulated_bank_transactions_uk
2024-09-10,So Rent Pmt Letting Agent,793.32,housing,simulated_bank_transactions_uk
2023-12-04,CARD PAYMENT COSTA FOOD DELIVERY 586215,112.62,dining,simulated_bank_transactions_uk
2023-11-13,Bacs Transport Trainline Car Maintenance 274293,134.87,transportation,simulated_bank_transactions_uk
2023-09-24,Card Pmt Lidl Milk,41.88,groceries,simulated_bank_transactions_uk
2023-07-28,MASTERCARD DIRECT DEBIT GOOGLE *SERVICES,6.8,subscriptions,simulated_bank_transactions_uk
2024-02-25,DIRECT DEBIT SKY 907967,90.27,utilities,simulated_bank_transactions_uk
2024-08-11,POS ASDA VEGETABLES,78.14,groceries,simulated_bank_transactions_uk
2024-12-21,Sto Restaurant Pret Food Delivery 583518,48.92,dining,simulated_bank_transactions_uk
2023-06-01,DIRECT DEBIT O2 961565,126.51,utilities,simulated_bank_transactions_uk
2023-05-22,restaurant deliveroo restaurant 436219,14.08,dining,simulated_bank_transactions_uk
2024-12-24,Direct Debit E.on 64897,215.38,utilities,simulated_bank_transactions_uk
2023-06-05,Card Payment Google *services 284397,32.24,subscriptions,simulated_bank_transactions_uk
2024-04-02,Mortgage-Payment-Rent 690987,994.86,housing,simulated_bank_transactions_uk
2023-06-02,RESTAURANT*COSTA*FOOD*DELIVERY,155.06,dining,simulated_bank_transactions_uk
2024-06-27,Card Payment Nhs Gift 227188,37.76,other,simulated_bank_transactions_uk
2024-12-06,Bill Payment E.on 26605,141.77,utilities,simulated_bank_transactions_uk
2024-01-03,BACS/UTILITY/BILL/OCTOPUS/ENERGY 541824,134.88,utilities,simulated_bank_transactions_uk
2023-06-13,card pmt deliveroo fast food,68.8,dining,simulated_bank_transactions_uk
2024-04-10,CARD PAYMENT EBAY MISC EXPENSE,88.08,other,simulated_bank_transactions_uk
2024-09-26,Contactless Contactless Morrisons Chicken 855902,22.0,groceries,simulated_bank_transactions_uk
2023-12-06,Pos Iceland Eggs 599254,112.57,groceries,simulated_bank_transactions_uk
2023-03-13,card*payment*sainsburys*bread 605255,138.89,groceries,simulated_bank_transactions_uk
2023-01-19,RESTAURANT STARBUCKS FOOD DELIVERY 290454,58.62,dining,simulated_bank_transactions_uk
2023-02-02,DIRECT DEBIT BRITISH GAS 103030,51.89,utilities,simulated_bank_transactions_uk
2023-09-28,VISA CARD PMT WAITROSE EGGS 564550,47.72,groceries,simulated_bank_transactions_uk
2023-05-11,TRANSPORT*BOLT*UBER*RIDE,9.42,transportation,simulated_bank_transactions_uk
2023-01-31,food*delivery*nando's*fast*food 50763,76.03,dining,simulated_bank_transactions_uk
2023-05-11,POS*SAINSBURYS*EGGS,44.1,groceries,simulated_bank_transactions_uk
2023-04-02,card/payment/nando's/cafe,15.64,dining,simulated_bank_transactions_uk
2024-01-19,FPS*POS*TESCO*CHICKEN 585050,189.57,groceries,simulated_bank_transactions_uk
2023-11-29,card*contactless*asda*fruit 857529,89.87,groceries,simulated_bank_transactions_uk
2023-02-17,mastercard-card-pmt-aldi-chicken 625078,65.85,groceries,simulated_bank_transactions_uk
2023-05-28,card pmt amazon pharmacy,164.81,other,simulated_bank_transactions_uk
2024-10-11,POS PURCHASE CURRYS GIFT,246.93,other,simulated_bank_transactions_uk
2023-04-01,direct-debit-e.o,50.16,utilities,simulated_bank_transactions_uk
2024-10-02,BILL PAYMENT SEVERN TRENT 378510,111.0,utilities,simulated_bank_transactions_uk
2023-06-02,Pos Purchase Hmrc Pharmacy 241555,124.48,other,simulated_bank_transactions_uk
2024-03-07,POS UTILITY BILL BT 510417,156.21,utilities,simulated_bank_transactions_uk
2023-06-17,POS LIDL FRUIT 932119,109.28,groceries,simulated_bank_transactions_uk
2023-05-10,DIRECT DEBIT RENT PAYMENT LETTING AGENT 25027,1811.65,housing,simulated_bank_transactions_uk
2023-01-04,Subscription Apple.com/bil,20.16,subscriptions,simulated_bank_transactions_uk
2024-02-01,Card Pmt Uber Fuel,99.1,transportation,simulated_bank_transactions_uk
2023-06-06,Mortgage Pmt Letting Agent,1863.92,housing,simulated_bank_transactions_uk
2024-09-28,Rent Pmt Letting Agent 61635,2174.53,housing,simulated_bank_transactions_uk
2024-03-28,Rent-Pmt-Letting-Agent 519778,1971.07,housing,simulated_bank_transactions_uk
2023-10-28,Transport Shell Bus Pass,111.03,transportation,simulated_bank_transactions_uk
2024-08-15,TRANSPORT SHELL UBER RIDE 424680,93.41,transportation,simulated_bank_transactions_uk
2023-02-07,Sto Card Payment Aldi Rice,75.51,groceries,simulated_bank_transactions_uk
2023-11-07,Card Payment Bp Uber Ride 353535,113.27,transportation,simulated_bank_transactions_uk
2023-05-30,Transport Esso Fuel 831458,139.09,transportation,simulated_bank_transactions_uk
2023-08-03,So Pos Morrisons Vegetables 214814,173.5,groceries,simulated_bank_transactions_uk
2024-01-23,UTILITY BILL BRITISH GAS 327908,195.62,utilities,simulated_bank_transactions_uk
2023-12-11,Sto Transport Bolt Uber Ride 61128,22.81,transportation,simulated_bank_transactions_uk
2024-09-11,Direct-Debit-Puregym 96832,38.58,subscriptions,simulated_bank_transactions_uk
2023-09-20,card payment kfc food delivery 278326,30.36,dining,simulated_bank_transactions_uk
2024-02-14,food delivery deliveroo fast food 668913,7.66,dining,simulated_bank_transactions_uk
2024-10-20,Food Delivery Starbucks Food Delivery 50607,129.16,dining,simulated_bank_transactions_uk
2024-12-28,DIRECT DEBIT NETFLIX 67048,8.14,subscriptions,simulated_bank_transactions_uk
2023-03-24,Restaurant Mcdonalds Fast Food 4389,89.74,dining,simulated_bank_transactions_uk
2024-11-15,FPS TRANSPORT SHELL FUEL,36.37,transportation,simulated_bank_transactions_uk
2024-11-24,bacs fuel national rail bus pass 886908,33.1,transportation,simulated_bank_transactions_uk
2024-05-29,card payment nando's food delivery,82.57,dining,simulated_bank_transactions_uk
2023-10-11,Direct Debit Gym Group 116221,25.66,subscriptions,simulated_bank_transactions_uk
2024-02-19,Card Payment Greggs Cafe 189191,88.21,dining,simulated_bank_transactions_uk
2023-04-11,CARD-PAYMENT-NATIONAL-RAIL-UBER-RIDE 405903,49.93,transportation,simulated_bank_transactions_uk
2023-06-14,FPS SUBSCRIPTION PUREGYM,11.45,subscriptions,simulated_bank_transactions_uk
2024-11-03,CARD-PMT-APPLE.COM/BILL,16.75,subscriptions,simulated_bank_transactions_uk
2023-07-10,Food Delivery Nando's Restaurant 490270,129.33,dining,simulated_bank_transactions_uk
2024-02-16,Pos Waitrose Milk 226726,28.1,groceries,simulated_bank_transactions_uk
2023-09-03,Fps*Pos*Waitrose*Fruit 132016,5.82,groceries,simulated_bank_transactions_uk
2024-10-19,BACS/TRANSPORT/UBER/UBER/RIDE 112009,100.47,transportation,simulated_bank_transactions_uk
2023-03-01,Mortgage Pmt Mortgage 928377,731.95,housing,simulated_bank_transactions_uk
2023-07-26,CONTACTLESS-ICELAND-MILK,199.9,groceries,simulated_bank_transactions_uk
2024-08-29,Card Pmt Morrisons Cereal 34183,112.4,groceries,simulated_bank_transactions_uk
2023-10-10,restaurant uber eats restaurant 270503,17.43,dining,simulated_bank_transactions_uk
2024-05-01,Pos-Iceland-Milk,45.92,groceries,simulated_bank_transactions_uk
2024-12-07,card pmt apple.com/bill,8.38,subscriptions,simulated_bank_transactions_uk
2024-04-22,card transport esso uber ride 884238,83.38,transportation,simulated_bank_transactions_uk
2023-04-18,Subscription Puregym,21.01,subscriptions,simulated_bank_transactions_uk
2023-06-09,Contactless Mortgage Pmt Letting Agent 450152,2020.36,housing,simulated_bank_transactions_uk
2024-09-23,CARD PMT GOOGLE *SERVICES,32.03,subscriptions,simulated_bank_transactions_uk
2023-09-22,pos purchase ebay online purchase,181.27,other,simulated_bank_transactions_uk
2024-10-13,CONTACTLESS LIDL CHICKEN 350071,169.85,groceries,simulated_bank_transactions_uk
2024-01-09,Card Pmt Uber Car Maintenance,47.35,transportation,simulated_bank_transactions_uk
2023-07-30,mortgage pmt mortgage 6554,836.74,housing,simulated_bank_transactions_uk
2024-06-26,Pos Online Purchase Currys Pharmacy 831826,58.19,other,simulated_bank_transactions_uk
2023-06-20,CONTACTLESS WAITROSE BREAD,9.41,groceries,simulated_bank_transactions_uk
2023-01-04,Restaurant-Nando's-Cafe 287603,86.0,dining,simulated_bank_transactions_uk
2023-02-27,Transport Trainline Fuel 605876,84.63,transportation,simulated_bank_transactions_uk
2024-03-01,card pmt starbucks cafe 779419,22.35,dining,simulated_bank_transactions_uk
2024-06-08,sto pos asda milk 897489,112.74,groceries,simulated_bank_transactions_uk
2023-06-08,FPS POS LIDL CEREAL 353214,195.31,groceries,simulated_bank_transactions_uk
2024-08-25,Pos Aldi Rice,136.98,groceries,simulated_bank_transactions_uk
2024-05-17,Card Payment Starbucks Cafe 673497,43.95,dining,simulated_bank_transactions_uk
2023-12-13,subscription*apple.com/bill,12.12,subscriptions,simulated_bank_transactions_uk
2024-03-05,SUBSCRIPTION APPLE.COM/BILL 395680,22.34,subscriptions,simulated_bank_transactions_uk
2023-01-08,FOOD/DELIVERY/GREGGS/RESTAURANT,144.45,dining,simulated_bank_transactions_uk
2024-11-20,Card Pmt Sainsburys Chicken,111.67,groceries,simulated_bank_transactions_uk
2024-04-21,Card-Pmt-Greggs-Food-Delivery 353372,126.58,dining,simulated_bank_transactions_uk
2023-06-23,Rent Pmt Mortgage 619242,698.79,housing,simulated_bank_transactions_uk
2023-05-19,RESTAURANT MCDONALDS FOOD DELIVERY,35.09,dining,simulated_bank_transactions_uk
2023-06-16,pos tesco fruit 870951,192.98,groceries,simulated_bank_transactions_uk
2023-02-08,online purchase nhs online purc,99.5,other,simulated_bank_transactions_uk
2024-01-27,CARD PMT PUREGYM 891856,28.7,subscriptions,simulated_bank_transactions_uk
2024-11-13,Food Delivery Kfc Cafe 783296,45.24,dining,simulated_bank_transactions_uk
2024-11-29,Fuel National Rail Fuel,112.52,transportation,simulated_bank_transactions_uk
2024-12-07,Restaurant Costa Restaurant 185246,72.72,dining,simulated_bank_transactions_uk
2023-05-26,Card Pmt Asda Vegetables 100584,140.91,groceries,simulated_bank_transactions_uk
2024-02-21,pos sainsburys milk 206641,148.48,groceries,simulated_bank_transactions_uk
2023-01-05,mastercard bacs letting agent rent 581066,1252.01,housing,simulated_bank_transactions_uk
2024-01-08,TRANSPORT ESSO UBER RIDE,32.03,transportation,simulated_bank_transactions_uk
2023-06-10,POS SAINSBURYS CHICKEN,179.09,groceries,simulated_bank_transactions_uk
2024-12-12,Bacs/Direct/Debit/Vodafone,190.16,utilities,simulated_bank_transactions_uk
2023-10-23,pos asda rice,117.69,groceries,simulated_bank_transactions_uk
2023-08-14,TRANSPORT*BOLT*BU,71.47,transportation,simulated_bank_transactions_uk
2024-03-11,bacs contactless iceland chicken 673818,183.01,groceries,simulated_bank_transactions_uk
2023-11-20,restaurant just eat restaurant 862520,131.18,dining,simulated_bank_transactions_uk
2024-01-13,Bacs Rent Payment Landlord 30869,878.41,housing,simulated_bank_transactions_uk
2024-01-09,Rent Payment Landlord,1388.22,housing,simulated_bank_transactions_uk
2024-12-16,Direct Debit Subscription Gym Group,44.56,subscriptions,simulated_bank_transactions_uk
2024-09-21,direct debit sky,79.31,utilities,simulated_bank_transactions_uk
2023-04-03,contactless bacs landlord rent,1130.28,housing,simulated_bank_transactions_uk
2023-05-02,POS*LIDL*VEGETABLES,8.33,groceries,simulated_bank_transactions_uk
2024-03-06,Rent Pmt Letting Agent,2063.73,housing,simulated_bank_transactions_uk
2024-08-22,DIRECT-DEBIT-EE 824407,140.29,utilities,simulated_bank_transactions_uk
2023-09-10,direct debit card pmt amazon prime 854154,17.12,subscriptions,simulated_bank_transactions_uk
2023-04-24,DIRECT DEBIT RESTAURANT PRET FOOD DELIVERY 4,120.39,dining,simulated_bank_transactions_uk
2024-05-19,pos waitrose bread 647218,181.64,groceries,simulated_bank_transactions_uk
2024-08-29,contactless utility bill severn trent,56.49,utilities,simulated_bank_transactions_uk
2023-04-11,bacs direct debit thames water 612390,141.97,utilities,simulated_bank_transactions_uk
2024-10-16,mastercard direct debit vodafone 539595,61.37,utilities,simulated_bank_transactions_uk
2024-01-28,contactless morrisons cereal,36.35,groceries,simulated_bank_transactions_uk
2024-03-21,card payment asda chicken 882861,158.42,groceries,simulated_bank_transactions_uk
2024-03-08,DIRECT DEBIT CARD PAYMENT PUREGYM,35.64,subscriptions,simulated_bank_transactions_uk
2024-01-02,DIRECT*DEBIT*GOOGLE**SERVICES,9.8,subscriptions,simulated_bank_transactions_uk
2023-07-28,card contactless waitrose bread 720453,10.33,groceries,simulated_bank_transactions_uk
2024-01-29,Pos Lidl Cereal 833180,28.89,groceries,simulated_bank_transactions_uk
2024-10-18,Mastercard Direct Debit Puregym 304713,25.79,subscriptions,simulated_bank_transactions_uk
2023-03-04,Fps Subscription Spotify 841444,31.25,subscriptions,simulated_bank_transactions_uk
2023-08-22,CARD PMT LIDL CEREAL,67.02,groceries,simulated_bank_transactions_uk
2023-10-31,pos fuel bp train ticket 805538,124.64,transportation,simulated_bank_transactions_uk
2023-11-29,Direct Debit Amazon Prime 128385,24.63,subscriptions,simulated_bank_transactions_uk
2023-06-15,BACS CARD PAYMENT COSTA FAST FOOD,64.42,dining,simulated_bank_transactions_uk
2024-02-08,Restaurant-Just-Eat-Food-Delivery 266234,45.23,dining,simulated_bank_transactions_uk
2024-04-06,So/Food/Delivery/Nando's/Cafe,157.1,dining,simulated_bank_transactions_uk
2024-04-04,Card Pmt Iceland Chicken 69287,199.42,groceries,simulated_bank_transactions_uk
2024-04-01,card pmt uber bus pass 439433,20.78,transportation,simulated_bank_transactions_uk
2023-05-28,Food*Delivery*Starbucks*Cafe 323880,110.89,dining,simulated_bank_transactions_uk
2024-12-24,fuel shell uber ride,120.63,transportation,simulated_bank_transactions_uk
2024-07-15,Pos Aldi Vegetables 766810,45.61,groceries,simulated_bank_transactions_uk
2024-12-09,Pos Purchase Nhs Gift,120.54,other,simulated_bank_transactions_uk
2024-06-25,Contactless*Iceland*Eggs 714136,47.49,groceries,simulated_bank_transactions_uk
2024-09-13,SO CARD PAYMENT BOLT CAR MAINTENANCE,117.35,transportation,simulated_bank_transactions_uk
2024-06-13,CONTACTLESS-SAINSBURYS-MILK 772477,160.48,groceries,simulated_bank_transactions_uk
2024-08-28,mortgage payment landlord,2190.15,housing,simulated_bank_transactions_uk
2023-12-09,card payment pret fast food,13.92,dining,simulated_bank_transactions_uk
2023-12-22,Card Pmt Spotify,14.65,subscriptions,simulated_bank_transactions_uk
2024-09-10,Direct Debit Apple.com/bill 90445,42.69,subscriptions,simulated_bank_transactions_uk
2024-03-04,Direct Debit Spotify,12.2,subscriptions,simulated_bank_transactions_uk
2024-04-05,So Card Pmt Mcdonalds Food Delivery,97.41,dining,simulated_bank_transactions_uk
2023-11-18,Transport Uber Bus Pass,109.16,transportation,simulated_bank_transactions_uk
2023-03-01,Card Pos Aldi Vegetables 673637,85.24,groceries,simulated_bank_transactions_uk
2023-12-14,RESTAURANT PRET CAFE 465498,82.47,dining,simulated_bank_transactions_uk
2023-03-20,Card-Direct-Debit-Severn-Trent 56621,127.54,utilities,simulated_bank_transactions_uk
2024-06-23,restaurant uber eats restaurant,42.39,dining,simulated_bank_transactions_uk
2024-02-17,DIRECT DEBIT UTILITY BILL E.ON,137.06,utilities,simulated_bank_transactions_uk
2023-07-31,RESTAURANT UBER EATS FAST FOOD,75.59,dining,simulated_bank_transactions_uk
2024-10-20,CONTACTLESS/ALDI/EGGS,39.21,groceries,simulated_bank_transactions_uk
2023-03-18,contactless lidl bread 910940,25.75,groceries,simulated_bank_transactions_uk
2024-05-16,VISA SUBSCRIPTION GOOGLE *SERVICES 45611,30.7,subscriptions,simulated_bank_transactions_uk
2023-04-20,FPS TRANSPORT TFL UBER RIDE 928417,135.68,transportation,simulated_bank_transactions_uk
2023-06-11,POS FUEL ESSO UBER RIDE 307556,109.56,transportation,simulated_bank_transactions_uk
2023-10-02,card pmt deliveroo food delivery,22.67,dining,simulated_bank_transactions_uk
2023-08-27,Card Pmt Puregym 37766,27.66,subscriptions,simulated_bank_transactions_uk
2024-03-11,pos-iceland-eggs,188.3,groceries,simulated_bank_transactions_uk
2023-07-03,card/pmt/superdrug/online/purchase 64299,54.21,other,simulated_bank_transactions_uk
2024-08-05,Contactless Aldi Eggs 664897,150.64,groceries,simulated_bank_transactions_uk
2023-09-30,DIRECT DEBIT GYM GROUP,7.92,subscriptions,simulated_bank_transactions_uk
2023-03-21,pos contactless morrisons fruit,57.38,groceries,simulated_bank_transactions_uk
2024-04-06,sto pos iceland milk 757351,174.33,groceries,simulated_bank_transactions_uk
2023-03-24,FUEL*TFL*UBER*RIDE 445484,129.18,transportation,simulated_bank_transactions_uk
2023-02-10,So/Card/Pmt/Bolt/Train/Ticket 12144,63.5,transportation,simulated_bank_transactions_uk
2023-02-03,Bacs-Mortgage-Rent,666.71,housing,simulated_bank_transactions_uk
2024-02-28,Direct Debit Bt 537034,74.04,utilities,simulated_bank_transactions_uk
2023-10-14,CARD PAYMENT APPLE.COM/BILL 397453,14.41,subscriptions,simulated_bank_transactions_uk
2024-03-27,pos utility bill vodafone,225.41,utilities,simulated_bank_transactions_uk
2024-03-19,Card Pmt Waitrose Chicken 5463,157.59,groceries,simulated_bank_transactions_uk
2023-08-16,ONLINE PURCHASE BOOTS ELECTRONICS 158386,4.32,other,simulated_bank_transactions_uk
2023-11-29,POS PURCHASE NHS ONLINE PURCHASE 251117,186.13,other,simulated_bank_transactions_uk
2024-09-22,Utility*Bill*Severn*Trent 301385,232.03,utilities,simulated_bank_transactions_uk
2024-09-10,FOOD DELIVERY MCDONALDS FOOD DELIVERY,21.85,dining,simulated_bank_transactions_uk
2024-12-18,CONTACTLESS-ASDA-RICE 811056,29.81,groceries,simulated_bank_transactions_uk
2023-03-31,Card*Payment*Morrisons*Cereal 633338,40.14,groceries,simulated_bank_transactions_uk
2023-08-16,Pos Contactless Lidl Bread,165.34,groceries,simulated_bank_transactions_uk
2024-07-30,Utility Bill Scottishpower,95.14,utilities,simulated_bank_transactions_uk
2024-03-16,card/payment/gym/group 39949,9.14,subscriptions,simulated_bank_transactions_uk
2023-12-06,Food-Delivery-Uber-Eats-Cafe 608926,66.25,dining,simulated_bank_transactions_uk
2024-07-20,direct/debit/netflix,39.38,subscriptions,simulated_bank_transactions_uk
2024-08-25,bacs food delivery mcdonalds food delivery 695855,156.47,dining,simulated_bank_transactions_uk
2024-08-23,fuel national rail car maintenance,105.35,transportation,simulated_bank_transactions_uk
2024-06-01,BILL PMT EE 71894,194.85,utilities,simulated_bank_transactions_uk
2023-01-03,mortgage pmt rent 597144,1117.1,housing,simulated_bank_transactions_uk
2024-02-27,CARD PAYMENT TFL FUEL 269737,139.13,transportation,simulated_bank_transactions_uk
2024-07-12,Contactless Subscription Spotify 409454,10.96,subscriptions,simulated_bank_transactions_uk
2023-06-25,Contactless Aldi Bread 149091,115.18,groceries,simulated_bank_transactions_uk
2023-03-21,Restaurant*Pret*Fast*Food 214797,33.86,dining,simulated_bank_transactions_uk
2023-09-01,Mortgage Payment Letting Agent 488666,2017.28,housing,simulated_bank_transactions_uk
2024-08-09,Card*Pmt*Greggs*Food*Delivery 721122,45.15,dining,simulated_bank_transactions_uk
2023-06-10,Bacs Landlord Rent,999.01,housing,simulated_bank_transactions_uk
2023-06-27,Utility Bill Thames Water 637862,83.11,utilities,simulated_bank_transactions_uk
2023-03-10,pos aldi eggs,52.71,groceries,simulated_bank_transactions_uk
2023-12-06,Pos Morrisons Vegetables 479700,181.64,groceries,simulated_bank_transactions_uk
2023-08-20,Direct Debit E.on 340479,51.68,utilities,simulated_bank_transactions_uk
2024-11-30,VISA CARD PAYMENT CURRYS PHARMACY,84.15,other,simulated_bank_transactions_uk
2024-08-17,Mortgage Pmt Mortgage 564633,1975.74,housing,simulated_bank_transactions_uk
2023-10-19,Transport Shell Car Maintenance 11244,113.58,transportation,simulated_bank_transactions_uk
2023-09-09,visa food delivery starbucks fast food 423096,101.69,dining,simulated_bank_transactions_uk
2023-09-10,Card Pmt Sainsburys Eggs 614859,62.44,groceries,simulated_bank_transactions_uk
2023-05-16,direct debit e.on 191314,164.14,utilities,simulated_bank_transactions_uk
2024-07-05,CONTACTLESS ALDI MILK,72.63,groceries,simulated_bank_transactions_uk
2023-10-03,POS PURCHASE EBAY MISC EXPENSE 83980,33.24,other,simulated_bank_transactions_uk
2024-08-16,card payment google *services,10.63,subscriptions,simulated_bank_transactions_uk
2024-02-07,POS SAINSBURYS VEGETABLES 67796,151.51,groceries,simulated_bank_transactions_uk
2023-05-18,So/Bill/Pmt/Ee,166.27,utilities,simulated_bank_transactions_uk
2024-05-23,DIRECT DEBIT ONLINE PURCHASE CURRYS ONLINE PURCHASE,38.23,other,simulated_bank_transactions_uk
2023-11-13,card/transport/bp/uber/ride 3,68.39,transportation,simulated_bank_transactions_uk
2023-01-16,food*delivery*pret*food*delivery 736779,29.81,dining,simulated_bank_transactions_uk
2023-10-02,Utility Bill Severn Trent 286025,207.1,utilities,simulated_bank_transactions_uk
2023-12-17,Food Delivery Pret Fast Food,144.76,dining,simulated_bank_transactions_uk
2023-07-05,Card Pmt Uber Eats Restaurant 536138,95.82,dining,simulated_bank_transactions_uk
2023-04-13,bill payment ee,190.2,utilities,simulated_bank_transactions_uk
2023-05-12,fuel tfl train ticket,101.71,transportation,simulated_bank_transactions_uk
2023-06-04,Mortgage Payment Landlord 58980,1383.85,housing,simulated_bank_transactions_uk
2023-04-16,Card Pmt Costa Cafe 731053,44.04,dining,simulated_bank_transactions_uk
2024-09-27,mortgage payment letting agent 101893,1736.89,housing,simulated_bank_transactions_uk
2023-08-23,Card Card Pmt Bolt Fuel 200957,113.59,transportation,simulated_bank_transactions_uk
2024-06-29,POS/ASDA/EGGS 951553,133.67,groceries,simulated_bank_transactions_uk
2023-10-04,POS RENT PMT MORTGAGE 680513,2005.57,housing,simulated_bank_transactions_uk
2023-03-06,Pos Asda Eggs 230855,142.5,groceries,simulated_bank_transactions_uk
2023-12-30,contactless*direct*debit*scottishpower 806576,227.11,utilities,simulated_bank_transactions_uk
2023-05-23,Pos*Card*Pmt*Lidl*Bread 161861,57.83,groceries,simulated_bank_transactions_uk
2024-11-13,Card Pmt Morrison,63.4,groceries,simulated_bank_transactions_uk
2024-05-11,Direct Debit Card Payment Google *services 924278,38.91,subscriptions,simulated_bank_transactions_uk
2023-09-25,Bacs Landlord Rent 98024,1638.45,housing,simulated_bank_transactions_uk
2023-09-15,TRANSPORT BOLT TRAIN TICKET,53.66,transportation,simulated_bank_transactions_uk
2024-05-28,Bacs Letting Agent Rent,2154.66,housing,simulated_bank_transactions_uk
2024-11-22,CARD PMT TRAINLINE BUS PASS 265804,88.7,transportation,simulated_bank_transactions_uk
2024-08-27,direct debit octopus energy,210.94,utilities,simulated_bank_transactions_uk
2024-07-09,Card Pmt Morrisons Milk 917218,63.99,groceries,simulated_bank_transactions_uk
2024-10-11,transport bp uber ride 933656,61.54,transportation,simulated_bank_transactions_uk
2023-08-02,DIRECT DEBIT BT,71.59,utilities,simulated_bank_transactions_uk
2024-07-25,Bacs Mortgage Payment Rent 678616,1562.81,housing,simulated_bank_transactions_uk
2024-09-24,TRANSPORT BP UBER RIDE 747931,51.4,transportation,simulated_bank_transactions_uk
2024-07-09,BACS RENT RENT 210,1177.45,housing,simulated_bank_transactions_uk
2024-06-16,Restaurant Costa Cafe 532371,47.62,dining,simulated_bank_transactions_uk
2024-01-03,Bill Pmt Scottishpower 785488,209.62,utilities,simulated_bank_transactions_uk
2024-07-08,food delivery uber eats fast food,133.58,dining,simulated_bank_transactions_uk
2024-12-28,pos asda vegetables,141.4,groceries,simulated_bank_transactions_uk
2023-06-26,Direct Debit Card Payment Apple.com/bill 554358,20.59,subscriptions,simulated_bank_transactions_uk
2023-05-09,CARD PAYMENT ICELAND CHICKEN 441266,82.59,groceries,simulated_bank_transactions_uk
2023-08-10,restaurant deliveroo fast food,61.17,dining,simulated_bank_transactions_uk
2024-01-18,bacs landlord rent 274364,2006.09,housing,simulated_bank_transactions_uk
2023-06-12,contactless*sainsburys*fruit 574730,37.91,groceries,simulated_bank_transactions_uk
2023-04-19,CARD PAYMENT SAINSBURYS VEGETABLES 265157,6.68,groceries,simulated_bank_transactions_uk
2024-11-10,Card Pmt Trainline Bus Pass,102.65,transportation,simulated_bank_transactions_uk
2023-11-04,RENT PMT RENT 399038,910.4,housing,simulated_bank_transactions_uk
2024-08-26,TRANSPORT BOLT CAR MAINTENANCE,58.74,transportation,simulated_bank_transactions_uk
2023-04-03,Mastercard Card Payment Netflix 7046,30.49,subscriptions,simulated_bank_transactions_uk
2023-09-09,MORTGAGE-PAYMENT-LETTING-AGENT 104429,1879.02,housing,simulated_bank_transactions_uk
2024-08-10,Mortgage Payment Letting Agent 915417,1095.58,housing,simulated_bank_transactions_uk
2024-09-12,card payment morrisons milk 546742,158.67,groceries,simulated_bank_transactions_uk
2024-12-11,Restaurant Nando's Cafe,66.13,dining,simulated_bank_transactions_uk
2023-01-01,FUEL*TFL*TRAIN*TICKET 3579,58.57,transportation,simulated_bank_transactions_uk
2023-02-23,DIRECT DEBIT SKY 640848,219.59,utilities,simulated_bank_transactions_uk
2023-07-09,VISA ONLINE PURCHASE EBAY PHARMACY,109.29,other,simulated_bank_transactions_uk
2023-01-20,FPS CARD PAYMENT ASDA,131.17,groceries,simulated_bank_transactions_uk
2023-03-28,card*pmt*kfc*restaurant 222086,12.73,dining,simulated_bank_transactions_uk
2023-07-25,Card Pmt Mcdonalds Fast Food 55968,62.46,dining,simulated_bank_transactions_uk
2023-11-02,Transport Shell Train Ticket 710934,20.56,transportation,simulated_bank_transactions_uk
2024-08-29,Direct Debit Gym Group,7.56,subscriptions,simulated_bank_transactions_uk
2024-03-05,POS-ICELAND-MILK 255128,140.49,groceries,simulated_bank_transactions_uk
2024-05-12,Pos Purchase Hmrc Electronics,38.46,other,simulated_bank_transactions_uk
2024-02-14,Restaurant-Starbucks-Food-Delivery,67.0,dining,simulated_bank_transactions_uk
2023-02-26,card card payment asda fruit 176379,167.04,groceries,simulated_bank_transactions_uk
2024-02-05,Transport Bolt Fuel 626900,122.1,transportation,simulated_bank_transactions_uk
2023-12-29,bill-pmt-bt 507029,192.61,utilities,simulated_bank_transactions_uk
2023-06-27,Card Payment Iceland Vegetables 330970,49.51,groceries,simulated_bank_transactions_uk
2024-03-11,card payment waitrose fruit 4771,22.58,groceries,simulated_bank_transactions_uk
2023-07-30,MASTERCARD CARD PAYMENT PRET FAST FOOD,109.36,dining,simulated_bank_transactions_uk
2023-04-28,Pos Purchase Nhs Misc Expense 773898,197.27,other,simulated_bank_transactions_uk
2023-04-06,card pmt waitrose chicken 660246,60.21,groceries,simulated_bank_transactions_uk
2023-07-24,ONLINE-PURCHASE-HMRC-PHARMACY 654532,36.89,other,simulated_bank_transactions_uk
2023-10-22,food delivery costa cafe 514998,59.09,dining,simulated_bank_transactions_uk
2024-04-20,CARD PMT ALDI RICE,94.65,groceries,simulated_bank_transactions_uk
2024-05-03,Fuel National Rail Fuel 935767,74.22,transportation,simulated_bank_transactions_uk
2024-12-10,Pos Online Purchase Amazon Online Purchase,107.23,other,simulated_bank_transactions_uk
2023-07-04,bacs/card/payment/waitrose/chicken 373338,122.86,groceries,simulated_bank_transactions_uk
2024-03-14,restaurant/nando's/restaurant 783794,131.91,dining,simulated_bank_transactions_uk
2023-12-15,FPS DIRECT DEBIT APPLE.COM/BILL 131690,17.44,subscriptions,simulated_bank_transactions_uk
2023-03-30,card pmt morrisons cereal 670900,8.86,groceries,simulated_bank_transactions_uk
2024-08-01,SUBSCRIPTION/SPOTIFY,29.41,subscriptions,simulated_bank_transactions_uk
2023-02-12,Card*Pmt*Waitrose*Chicken,140.98,groceries,simulated_bank_transactions_uk
2024-03-31,Rent Payment Landlord 260356,1518.56,housing,simulated_bank_transactions_uk
2024-05-23,direct debit ee,43.28,utilities,simulated_bank_transactions_uk
2023-12-10,CARD/PAYMENT/ICELAND/CHICKEN,72.34,groceries,simulated_bank_transactions_uk
2024-08-09,Subscription Amazon Prime 506102,37.78,subscriptions,simulated_bank_transactions_uk
2023-01-12,Bill Pmt Vodafone,203.8,utilities,simulated_bank_transactions_uk
2024-01-14,Contactless Sainsburys Chicken 124427,155.68,groceries,simulated_bank_transactions_uk
2023-05-21,CONTACTLESS*FOOD*DELIVERY*NANDO'S*CAFE,135.52,dining,simulated_bank_transactions_uk
2024-12-05,POS TRANSPORT BP CAR MAINTENANCE 530210,7.72,transportation,simulated_bank_transactions_uk
2024-12-24,Card Pmt Bp Train Ticket 566536,73.17,transportation,simulated_bank_transactions_uk
2023-01-04,Card*Direct*Debit*Thames*Water 890515,255.12,utilities,simulated_bank_transactions_uk
2023-12-12,FOOD DELIVERY GREGGS FAST FOOD 382327,82.63,dining,simulated_bank_transactions_uk
2023-10-02,direct debit food delivery greggs food delivery 978529,79.66,dining,simulated_bank_transactions_uk
2023-08-29,contactless-tesco-fruit 640447,146.59,groceries,simulated_bank_transactions_uk
2023-02-03,CARD-BILL-PMT-SCOTTISHPOWER,166.8,utilities,simulated_bank_transactions_uk
2023-03-21,Card Pmt Nando's Fast Food 146696,78.93,dining,simulated_bank_transactions_uk
2024-05-15,Utility Bill British Gas 837951,36.73,utilities,simulated_bank_transactions_uk
2023-10-28,DIRECT DEBIT SPOTIFY,34.22,subscriptions,simulated_bank_transactions_uk
2024-04-13,Contactless Iceland Chicken,58.78,groceries,simulated_bank_transactions_uk
2024-04-07,bacs-pos-aldi-fruit 734333,21.06,groceries,simulated_bank_transactions_uk
2023-09-20,BACS-DIRECT-DEBIT-DISNEY+ 88720,40.02,subscriptions,simulated_bank_transactions_uk
2024-02-02,Rent Pmt Letting Agent,853.63,housing,simulated_bank_transactions_uk
2023-03-10,CARD PMT GYM GROUP,26.69,subscriptions,simulated_bank_transactions_uk
2023-03-31,direct-debit-e.on,232.33,utilities,simulated_bank_transactions_uk
2024-08-07,Transport Bp Car Maintenance 5129,105.02,transportation,simulated_bank_transactions_uk
2024-05-01,Contactless Iceland Milk,34.08,groceries,simulated_bank_transactions_uk
2023-04-23,Direct*Debit*Bacs*Letting*Agent*Rent 704292,1544.14,housing,simulated_bank_transactions_uk
2024-12-15,POS LIDL CHICKEN 679607,70.23,groceries,simulated_bank_transactions_uk
2023-10-25,DIRECT/DEBIT/CARD/PMT/ESSO/CAR/MAINTENANCE 121441,55.14,transportation,simulated_bank_transactions_uk
2024-03-14,card card payment currys pharmacy,104.74,other,simulated_bank_transactions_uk
2023-09-11,POS CARD PAYMENT ICELAND MILK 528593,49.44,groceries,simulated_bank_transactions_uk
2023-09-09,Bacs-Fuel-Bolt-Fue,83.72,transportation,simulated_bank_transactions_uk
2024-03-26,POS*TESCO*FRUIT 206505,99.19,groceries,simulated_bank_transactions_uk
2024-04-27,bacs restaurant starbucks restaurant,131.7,dining,simulated_bank_transactions_uk
2023-05-19,CARD RESTAURANT GREGGS RESTAURANT 872075,89.94,dining,simulated_bank_transactions_uk
2024-05-01,contactless waitrose eggs 747620,87.02,groceries,simulated_bank_transactions_uk
2023-03-25,mortgage pmt mortgage 185847,1085.87,housing,simulated_bank_transactions_uk
2024-06-03,restaurant*uber*eats*cafe 151645,83.75,dining,simulated_bank_transactions_uk
2023-12-04,CONTACTLESS CARD PMT TRAINLINE TRAIN TICKET 927433,71.33,transportation,simulated_bank_transactions_uk
2023-07-30,CARD PAYMENT COSTA RESTAURANT,65.02,dining,simulated_bank_transactions_uk
2023-06-23,Visa*Card*Pmt*Uber*Eats*Fast*Food 974681,52.23,dining,simulated_bank_transactions_uk
2023-01-25,Card*Pmt*Greggs*Cafe,158.05,dining,simulated_bank_transactions_uk
2024-10-14,restaurant costa food delivery,128.82,dining,simulated_bank_transactions_uk
2024-10-14,Bill Pmt Vodafone 539781,223.3,utilities,simulated_bank_transactions_uk
2023-05-01,DIRECT/DEBIT/SCOTTISHPOWER,57.66,utilities,simulated_bank_transactions_uk
2024-07-28,card pmt pret restaurant 312018,45.67,dining,simulated_bank_transactions_uk
2024-02-16,fuel*bolt*uber*ride 998071,77.22,transportation,simulated_bank_transactions_uk
2024-02-05,food delivery starbucks cafe 725617,9.61,dining,simulated_bank_transactions_uk
2024-02-16,Card Payment Tesco Mil,153.69,groceries,simulated_bank_transactions_uk
2024-11-23,Subscription Spotify 924097,42.17,subscriptions,simulated_bank_transactions_uk
2024-08-17,mortgage payment letting agent 5970,1385.58,housing,simulated_bank_transactions_uk
2024-08-03,Restaurant Kfc Restaura,109.3,dining,simulated_bank_transactions_uk
2024-07-29,Card Direct Debit Disney+ 381253,24.11,subscriptions,simulated_bank_transactions_uk
2023-07-28,CONTACTLESS WAITROSE VEGETAB,193.33,groceries,simulated_bank_transactions_uk
2024-04-13,SUBSCRIPTION DISNEY+ 236204,23.01,subscriptions,simulated_bank_transactions_uk
2023-11-12,Mastercard Food Delivery Uber Eats Restaurant,87.75,dining,simulated_bank_transactions_uk
2023-10-26,card pmt deliveroo fast food 459868,67.81,dining,simulated_bank_transactions_uk
2024-08-28,So*Pos*Asda*Rice,145.0,groceries,simulated_bank_transactions_uk
2023-03-31,Card Payment Bp Train Ticket 482830,136.2,transportation,simulated_bank_transactions_uk
2023-11-06,restaurant-pret-fast-food,153.43,dining,simulated_bank_transactions_uk
2024-01-03,Card Food Delivery Nando's Restaurant 11587,22.51,dining,simulated_bank_transactions_uk
2024-04-05,Subscription Apple.com/bill 577414,44.11,subscriptions,simulated_bank_transactions_uk
2023-03-07,CONTACTLESS-SAINSBURYS-FRUIT,121.77,groceries,simulated_bank_transactions_uk
2024-01-12,CONTACTLESS FOOD DELIVERY GREGGS CAFE 102521,34.43,dining,simulated_bank_transactions_uk
2023-10-06,SO DIRECT DEBIT BT 971993,149.67,utilities,simulated_bank_transactions_uk
2023-09-09,Pos Morrisons Chicken,133.44,groceries,simulated_bank_transactions_uk
2024-12-11,CARD PMT NETFLIX 244944,36.1,subscriptions,simulated_bank_transactions_uk
2024-07-05,Card Payment Just Eat Restaurant 698020,77.22,dining,simulated_bank_transactions_uk
2023-01-06,POS TESCO CEREAL,102.89,groceries,simulated_bank_transactions_uk
2023-10-05,SO*UTILITY*BILL*OCTOPUS*ENERGY 518019,249.15,utilities,simulated_bank_transactions_uk
2024-10-22,RESTAURANT NANDO'S RESTAURANT,58.28,dining,simulated_bank_transactions_uk
2024-10-28,STO TRANSPORT ESSO UBER RIDE,16.21,transportation,simulated_bank_transactions_uk
2024-11-04,Mortgage Pmt Rent 961181,2077.56,housing,simulated_bank_transactions_uk
2023-07-24,POS TESCO BREAD 934229,69.07,groceries,simulated_bank_transactions_uk
2023-02-25,BACS MORTGAGE RENT,827.38,housing,simulated_bank_transactions_uk
2023-11-02,BACS*LANDLORD*RENT,1289.01,housing,simulated_bank_transactions_uk
2024-06-09,card payment asda milk,44.7,groceries,simulated_bank_transactions_uk
2023-03-09,restaurant greggs restaurant 558617,85.23,dining,simulated_bank_transactions_uk
2023-06-19,fuel-esso-fuel 2755,22.73,transportation,simulated_bank_transactions_uk
2024-10-28,CARD PAYMENT JUST EAT CAFE,90.29,dining,simulated_bank_transactions_uk
2024-06-23,mortgage-payment-landlord,1941.03,housing,simulated_bank_transactions_uk
2023-01-20,direct debit bill pmt bt,180.22,utilities,simulated_bank_transactions_uk
2024-08-16,DIRECT-DEBIT-CARD-PAYMENT-ESSO-CAR-MAINTENANCE 91858,72.05,transportation,simulated_bank_transactions_uk
2024-10-24,card payment amazon electronics 406896,48.41,other,simulated_bank_transactions_uk
2024-03-05,CARD PMT TRAINLINE BUS PASS,14.26,transportation,simulated_bank_transactions_uk
2024-12-02,fuel-national-rail-fuel,131.31,transportation,simulated_bank_transactions_uk
2023-06-25,contactless sainsburys fruit 295424,172.42,groceries,simulated_bank_transactions_uk
2023-01-16,SUBSCRIPTION APPLE.COM/BILL 484610,20.07,subscriptions,simulated_bank_transactions_uk
2023-09-03,Food Delivery Kfc Fast Food 6122,135.3,dining,simulated_bank_transactions_uk
2023-06-29,food delivery gregg,13.81,dining,simulated_bank_transactions_uk
2023-09-28,bacs card pmt amazon gift,51.07,other,simulated_bank_transactions_uk
2024-09-01,Direct Debit O2 884220,101.62,utilities,simulated_bank_transactions_uk
2023-12-09,utility-bill-thames-water 93645,175.85,utilities,simulated_bank_transactions_uk
2023-03-25,pos purchase argos gift 106735,225.3,other,simulated_bank_transactions_uk
2024-11-04,CARD PMT WAITROSE CHICKEN,163.05,groceries,simulated_bank_transactions_uk
2024-01-18,FPS POS SAINSBURYS EGGS 727230,133.24,groceries,simulated_bank_transactions_uk
2023-06-09,card*pmt*lidl*milk 757482,119.19,groceries,simulated_bank_transactions_uk
2023-01-10,pos purchase argos gift,92.97,other,simulated_bank_transactions_uk
2024-02-19,Pos Lidl Chicken,116.13,groceries,simulated_bank_transactions_uk
2024-01-21,Subscription Gym Group,14.25,subscriptions,simulated_bank_transactions_uk
2023-10-28,RESTAURANT PRET CAFE,5.12,dining,simulated_bank_transactions_uk
2024-12-07,POS WAITROSE VEGETABLES 253121,30.93,groceries,simulated_bank_transactions_uk
2024-12-16,VISA*UTILITY*BILL*BT,108.39,utilities,simulated_bank_transactions_uk
2023-03-23,Card Pmt Google *services 17668,24.55,subscriptions,simulated_bank_transactions_uk
2023-10-13,Card-Pmt-Greggs-Cafe,127.41,dining,simulated_bank_transactions_uk
2024-12-19,CARD PMT UBER EATS FAST FOOD,140.42,dining,simulated_bank_transactions_uk
2023-05-02,Bill Payment Thames Water,153.49,utilities,simulated_bank_transactions_uk
2024-05-25,direct debit ee 429415,131.17,utilities,simulated_bank_transactions_uk
2024-12-30,pos morrisons vegetables,58.91,groceries,simulated_bank_transactions_uk
2023-05-11,fuel esso train ticket 741929,139.87,transportation,simulated_bank_transactions_uk
2024-04-19,contactless*asda*milk,79.33,groceries,simulated_bank_transactions_uk
2023-03-17,CARD FOOD DELIVERY NANDO'S CAFE,48.97,dining,simulated_bank_transactions_uk
2024-05-11,So Pos Iceland Ch,115.55,groceries,simulated_bank_transactions_uk
2023-02-21,pos purchase argos misc expense,36.32,other,simulated_bank_transactions_uk
2024-02-01,POS PURCHASE HMRC MISC EXPENSE 606027,152.39,other,simulated_bank_transactions_uk
2023-05-12,Pos/Iceland/Fruit 253455,114.92,groceries,simulated_bank_transactions_uk
2024-04-09,Pos-Aldi-Fruit 410376,82.64,groceries,simulated_bank_transactions_uk
2023-07-01,BACS MORTGAGE RENT 790137,1554.28,housing,simulated_bank_transactions_uk
2024-08-27,CONTACTLESS MORRISONS VEGETABLES 334978,78.51,groceries,simulated_bank_transactions_uk
2023-06-08,MORTGAGE PMT LETTING AGENT,1668.82,housing,simulated_bank_transactions_uk
2024-07-20,Food Delivery Pret Fast Food 483865,38.38,dining,simulated_bank_transactions_uk
2024-04-20,CARD PMT KFC CAFE 757173,91.18,dining,simulated_bank_transactions_uk
2024-01-17,RESTAURANT-JUST-EAT-CAFE,99.69,dining,simulated_bank_transactions_uk
2023-05-05,Mortgage Payment Letting Agent,669.15,housing,simulated_bank_transactions_uk
2023-09-15,Pos Tesco Eggs,14.53,groceries,simulated_bank_transactions_uk
2023-07-24,RENT*PAYMENT*RENT,798.25,housing,simulated_bank_transactions_uk
2024-09-05,Direct Debit Food Delivery Starbucks Fast Food 455877,156.29,dining,simulated_bank_transactions_uk
2023-01-31,direct/debit/pos/asda/eggs 23948,83.48,groceries,simulated_bank_transactions_uk
2023-02-20,Pos Iceland Bread,61.47,groceries,simulated_bank_transactions_uk
2023-05-31,CARD PAYMENT DELIVEROO CAFE 638364,149.14,dining,simulated_bank_transactions_uk
2023-11-09,subscription disney+ 642030,43.22,subscriptions,simulated_bank_transactions_uk
2023-10-19,CARD RESTAURANT STARBUCKS FAST FOOD 297661,137.2,dining,simulated_bank_transactions_uk
2023-05-02,food delivery just eat restaurant 300657,38.75,dining,simulated_bank_transactions_uk
2024-10-12,contactless waitrose cereal,67.67,groceries,simulated_bank_transactions_uk
2024-08-28,DIRECT DEBIT DISNEY+ 889627,9.43,subscriptions,simulated_bank_transactions_uk
2024-11-18,RESTAURANT JUST EAT CAFE 928853,104.89,dining,simulated_bank_transactions_uk
2024-11-14,direct debit octopus energy 587981,199.44,utilities,simulated_bank_transactions_uk
2023-01-12,mortgage*pmt*mortgage 82105,1110.12,housing,simulated_bank_transactions_uk
2023-07-07,direct debit british gas,38.07,utilities,simulated_bank_transactions_uk
2024-05-11,Card Pmt Iceland Rice 548288,11.04,groceries,simulated_bank_transactions_uk
2023-04-15,ONLINE PURCHASE NHS GIFT 883219,153.33,other,simulated_bank_transactions_uk
2024-09-27,mastercard*restaurant*just*eat*food*delivery 558078,91.6,dining,simulated_bank_transactions_uk
2024-07-12,CARD TRANSPORT SHELL CAR MAINTENANCE 245781,131.74,transportation,simulated_bank_transactions_uk
2024-01-14,bacs landlord rent 534729,1656.0,housing,simulated_bank_transactions_uk
2023-03-29,fuel trainline train ticket 839718,123.35,transportation,simulated_bank_transactions_uk
2023-01-03,fuel-shell-bus-pass 910180,35.95,transportation,simulated_bank_transactions_uk
2024-06-22,CARD PAYMENT BP FUEL,58.45,transportation,simulated_bank_transactions_uk
2023-06-06,Fuel Shell Bus Pass 333573,136.99,transportation,simulated_bank_transactions_uk
2023-01-07,SUBSCRIPTION AMAZON PRIME 131378,38.83,subscriptions,simulated_bank_transactions_uk
2023-05-04,Mastercard Direct Debit Sky 755782,140.33,utilities,simulated_bank_transactions_uk
2023-03-16,restaurant just eat food delivery 718686,39.96,dining,simulated_bank_transactions_uk
2023-11-20,CARD FOOD DELIVERY GREGGS CAFE 695617,107.37,dining,simulated_bank_transactions_uk
2024-05-23,bacs rent rent 543670,669.74,housing,simulated_bank_transactions_uk
2023-03-17,fuel tfl train ticket 606687,90.65,transportation,simulated_bank_transactions_uk
2024-03-05,card pmt esso bus pass,10.57,transportation,simulated_bank_transactions_uk
2023-05-31,CONTACTLESS TESCO EGGS 365582,193.37,groceries,simulated_bank_transactions_uk
2024-06-12,food delivery uber eats restaurant 312339,96.57,dining,simulated_bank_transactions_uk
2023-07-14,BACS TRANSPORT UBER TRAIN TICKET 940217,65.43,transportation,simulated_bank_transactions_uk
2023-11-14,CONTACTLESS/UTILITY/BILL/BT 764228,215.44,utilities,simulated_bank_transactions_uk
2024-09-15,DIRECT/DEBIT/THAMES/WATER,92.35,utilities,simulated_bank_transactions_uk
2023-01-27,VISA CONTACTLESS SAINSBURYS CHICKEN 102026,101.21,groceries,simulated_bank_transactions_uk
2023-05-12,TRANSPORT SHELL CAR MAINTENANCE,59.41,transportation,simulated_bank_transactions_uk
2023-01-06,So Subscription Disney+ 82062,44.44,subscriptions,simulated_bank_transactions_uk
2023-03-20,BACS*CARD*PAYMENT*PRET*CAFE 301872,69.1,dining,simulated_bank_transactions_uk
2024-04-27,direct/debit/gym/group 65870,6.92,subscriptions,simulated_bank_transactions_uk
2024-12-12,card payment kfc food delivery 271051,18.92,dining,simulated_bank_transactions_uk
2024-08-30,direct debit card payment morrisons eggs 444366,173.46,groceries,simulated_bank_transactions_uk
2023-07-17,BILL/PMT/THAMES/WATER 92,107.64,utilities,simulated_bank_transactions_uk
2023-03-17,ONLINE*PURCHASE*SUPERDRUG*ONLINE*PURCHASE 281216,152.44,other,simulated_bank_transactions_uk
2023-12-19,restaurant*costa*food*delivery,83.88,dining,simulated_bank_transactions_uk
2023-04-08,utility bill sky,196.3,utilities,simulated_bank_transactions_uk
2024-09-26,Pos Bill Pmt O2,86.23,utilities,simulated_bank_transactions_uk
2024-11-13,VISA-BILL-PAYMENT-EE 761434,83.49,utilities,simulated_bank_transactions_uk
2024-05-18,contactless lidl fruit 105381,14.14,groceries,simulated_bank_transactions_uk
2023-01-12,subscription netflix 200653,6.07,subscriptions,simulated_bank_transactions_uk
2023-11-23,restaurant/deliveroo/restaurant 194208,116.11,dining,simulated_bank_transactions_uk
2023-01-19,rent payment rent 456814,1486.34,housing,simulated_bank_transactions_uk
2024-12-29,Sto Online Purchase Boots Misc Expense 764518,152.24,other,simulated_bank_transactions_uk
2024-07-06,Fuel/Trainline/Train/Ticket 151518,13.24,transportation,simulated_bank_transactions_uk
2024-02-08,Mastercard Pos Waitrose Rice,119.77,groceries,simulated_bank_transactions_uk
2024-01-16,SUBSCRIPTION NETFLIX 138632,13.78,subscriptions,simulated_bank_transactions_uk
2024-12-01,bacs rent rent 599996,1509.76,housing,simulated_bank_transactions_uk
2023-01-22,FPS MORTGAGE PMT LETTING AGENT,2156.76,housing,simulated_bank_transactions_uk
2023-11-26,Card Pmt Just Eat Restaurant 105461,28.49,dining,simulated_bank_transactions_uk
2024-01-27,pos*iceland*vegetables 661169,22.66,groceries,simulated_bank_transactions_uk
2023-07-31,BILL PMT SEVERN TREN,191.68,utilities,simulated_bank_transactions_uk
2024-03-03,Rent*Payment*Letting*Agent,1016.93,housing,simulated_bank_transactions_uk
2024-09-11,Contactless Asda Milk 367447,186.85,groceries,simulated_bank_transactions_uk
2023-01-22,CARD PMT BOOTS PHARMACY,68.12,other,simulated_bank_transactions_uk
2024-03-18,card pmt bolt car maintenance 747222,126.2,transportation,simulated_bank_transactions_uk
2024-09-11,card payment trainline car maintenance,101.34,transportation,simulated_bank_transactions_uk
2023-02-12,RESTAURANT DELIVEROO RESTAURANT 498761,97.47,dining,simulated_bank_transactions_uk
2024-09-21,So*Card*Payment*Argos*Online*Purchase,151.07,other,simulated_bank_transactions_uk
2023-03-22,POS ASDA CHICKEN 425535,173.8,groceries,simulated_bank_transactions_uk
2024-01-23,VISA CARD PAYMENT MORRISONS EGGS 894859,163.1,groceries,simulated_bank_transactions_uk
2024-07-20,Pos Morrisons Vegetables 217125,109.74,groceries,simulated_bank_transactions_uk
2024-02-13,UTILITY BILL EE 408803,105.58,utilities,simulated_bank_transactions_uk
2024-11-02,pos lidl bread 6,26.73,groceries,simulated_bank_transactions_uk
2024-12-01,CARD PMT SHELL BUS PASS 975101,139.2,transportation,simulated_bank_transactions_uk
2023-11-18,Card Payment Just Eat Fast Food 408017,27.74,dining,simulated_bank_transactions_uk
2024-05-02,Pos-Waitrose-Cereal,137.23,groceries,simulated_bank_transactions_uk
2023-10-13,POS TRANSPORT BOLT BUS PASS 339878,52.14,transportation,simulated_bank_transactions_uk
2024-11-26,Fps*Bill*Pmt*Octopus*Energy 42,227.93,utilities,simulated_bank_transactions_uk
2023-07-21,RENT PAYMENT MORTGAGE 922077,2073.73,housing,simulated_bank_transactions_uk
2023-03-17,Card Pmt Iceland Bread 644982,61.41,groceries,simulated_bank_transactions_uk
2023-09-07,card payment gym group 641391,17.9,subscriptions,simulated_bank_transactions_uk
2024-05-12,SO RESTAURANT STARBUCKS CAFE,140.84,dining,simulated_bank_transactions_uk
2024-02-22,direct debit puregym 517999,9.42,subscriptions,simulated_bank_transactions_uk
2024-08-13,contactless contactless lidl vegetables 661051,142.11,groceries,simulated_bank_transactions_uk
2023-01-14,fps direct debit bt 263499,110.38,utilities,simulated_bank_transactions_uk
2024-07-01,Contactless Aldi Fruit 868527,19.37,groceries,simulated_bank_transactions_uk
2024-07-22,utility bill bt 208775,112.88,utilities,simulated_bank_transactions_uk
2024-02-02,Bacs Letting Agent Rent 657819,984.93,housing,simulated_bank_transactions_uk
2023-02-23,Card Pmt Uber Uber Ride 365891,47.63,transportation,simulated_bank_transactions_uk
2023-09-02,Utility Bill Thames Water,118.11,utilities,simulated_bank_transactions_uk
2023-05-13,CARD/PMT/NATIONAL/RAIL/UBER/RIDE,53.19,transportation,simulated_bank_transactions_uk
2024-03-15,fps restaurant nando's restaurant 46570,105.28,dining,simulated_bank_transactions_uk
2024-08-24,contactless direct debit o2 497736,171.6,utilities,simulated_bank_transactions_uk
2024-08-29,CONTACTLESS SAINSBURYS RICE 17107,119.4,groceries,simulated_bank_transactions_uk
2023-08-31,Card Pos Sainsburys Eg,16.45,groceries,simulated_bank_transactions_uk
2023-01-24,So Food Delivery Kfc Fast Food 489710,61.55,dining,simulated_bank_transactions_uk
2023-07-24,Fps Restaurant Mcdonalds Food Delivery 80167,29.5,dining,simulated_bank_transactions_uk
2024-08-05,Direct Debit Apple.com/bill,35.04,subscriptions,simulated_bank_transactions_uk
2023-04-25,Card Pmt Bp Car Maintenance 620237,52.6,transportation,simulated_bank_transactions_uk
2023-02-12,Restaurant Just Eat Fast Food 536720,155.22,dining,simulated_bank_transactions_uk
2024-04-19,contactless lidl fruit 561665,13.38,groceries,simulated_bank_transactions_uk
2024-11-08,bacs bill payment bt 766099,244.59,utilities,simulated_bank_transactions_uk
2024-08-27,Direct Debit Bt 665864,255.65,utilities,simulated_bank_transactions_uk
2024-07-24,Pos Purchase Hmrc Online Purchase,81.8,other,simulated_bank_transactions_uk
2023-12-04,Pos Purchase Nhs Pharmacy 726474,174.29,other,simulated_bank_transactions_uk
2023-01-17,Pos Tesco Bread 688505,29.25,groceries,simulated_bank_transactions_uk
2024-09-01,CARD PAYMENT DELIVEROO RESTAURANT 972605,116.35,dining,simulated_bank_transactions_uk
2023-10-18,bill pmt e.on 677095,149.41,utilities,simulated_bank_transactions_uk
2024-02-12,DIRECT DEBIT MORTGAGE PMT LETTING AGENT,1831.24,housing,simulated_bank_transactions_uk
2024-09-03,direct debit card payment argos misc expense 176587,217.14,other,simulated_bank_transactions_uk
2024-05-20,Subscription*Netflix 794351,10.13,subscriptions,simulated_bank_transactions_uk
2024-02-22,Food Delivery Just Eat Restaurant,53.81,dining,simulated_bank_transactions_uk
2024-02-23,UTILITY BILL SKY 777873,252.83,utilities,simulated_bank_transactions_uk
2023-11-14,card payment aldi fruit 670164,168.87,groceries,simulated_bank_transactions_uk
2023-10-31,FUEL BOLT UBER RIDE,63.78,transportation,simulated_bank_transactions_uk
2024-02-20,pos fuel shell train ticket,106.57,transportation,simulated_bank_transactions_uk
2023-03-06,Pos Aldi Rice,73.9,groceries,simulated_bank_transactions_uk
2024-01-19,bill payment e.on 88420,31.39,utilities,simulated_bank_transactions_uk
2023-08-24,Card Payment Currys Online Purchase 710798,19.76,other,simulated_bank_transactions_uk
2023-04-07,MASTERCARD FOOD DELIVERY NANDO'S RESTAURANT,70.59,dining,simulated_bank_transactions_uk
2024-03-26,DIRECT DEBIT BT 980092,106.51,utilities,simulated_bank_transactions_uk
2023-09-19,Mastercard Card Payment Pret Food Delivery 32,24.99,dining,simulated_bank_transactions_uk
2023-12-01,DIRECT DEBIT VODAFONE 742070,82.64,utilities,simulated_bank_transactions_uk
2024-12-27,bill pmt octopus energy,87.36,utilities,simulated_bank_transactions_uk
2024-01-10,DIRECT DEBIT SCOTTISHPOWER,197.0,utilities,simulated_bank_transactions_uk
2024-04-23,CARD/PMT/SAINSBURYS/VEGETABLES 433085,140.41,groceries,simulated_bank_transactions_uk
2023-05-07,Fps-Restaurant-Just-Eat-Food-Delivery 843537,117.02,dining,simulated_bank_transactions_uk
2024-06-21,CARD PAYMENT PRET RESTAURANT,122.56,dining,simulated_bank_transactions_uk
2023-11-04,Restaurant Uber Eats Cafe 68639,72.38,dining,simulated_bank_transactions_uk
2024-03-15,SUBSCRIPTION GOOGLE *SERVICE,27.81,subscriptions,simulated_bank_transactions_uk
2023-07-19,direct debit severn trent 369219,155.13,utilities,simulated_bank_transactions_uk
2023-09-28,Bacs Bacs Rent Rent 271004,1591.27,housing,simulated_bank_transactions_uk
2023-01-08,RESTAURANT STARBUCKS CAFE 37216,66.38,dining,simulated_bank_transactions_uk
2023-07-10,utility bill sky,36.56,utilities,simulated_bank_transactions_uk
2023-04-01,Online Purchase Currys Gift 604832,212.35,other,simulated_bank_transactions_uk
2024-10-19,CARD PAYMENT TFL TRAIN TICKET 595069,120.06,transportation,simulated_bank_transactions_uk
2024-09-09,Contactless/Asda/Eggs 580243,36.97,groceries,simulated_bank_transactions_uk
2023-07-14,STO UTILITY BILL O2 807670,81.85,utilities,simulated_bank_transactions_uk
2024-09-10,Rent Payment Landlord 223138,1719.82,housing,simulated_bank_transactions_uk
2023-05-17,card pmt uber eats fast food 420410,126.85,dining,simulated_bank_transactions_uk
2023-02-10,POS MORRISONS FRUIT 961114,61.37,groceries,simulated_bank_transactions_uk
2023-06-17,POS/LIDL/EGGS 392476,67.82,groceries,simulated_bank_transactions_uk
2024-08-30,Subscription Gym Group 66,19.42,subscriptions,simulated_bank_transactions_uk
2024-04-29,Fps*Food*Delivery*Pret*Food*Delivery 558694,30.63,dining,simulated_bank_transactions_uk
2023-06-13,rent payment landlord 394629,2096.23,housing,simulated_bank_transactions_uk
2023-02-17,Pos*Iceland*Vegetables,132.08,groceries,simulated_bank_transactions_uk
2023-04-07,POS ASDA EGGS 914008,9.23,groceries,simulated_bank_transactions_uk
2024-09-23,CONTACTLESS/BILL/PAYMENT/SCOTTISHPOWER,40.34,utilities,simulated_bank_transactions_uk
2023-10-28,CARD PMT ALDI EGGS 465289,105.67,groceries,simulated_bank_transactions_uk
2023-03-14,direct debit card pmt lidl chicken 338368,101.46,groceries,simulated_bank_transactions_uk
2023-01-10,Card-Payment-Costa-Fast-Food 792457,142.87,dining,simulated_bank_transactions_uk
2023-11-25,SUBSCRIPTION GOOGLE *SERVICES 472404,17.59,subscriptions,simulated_bank_transactions_uk
2024-12-07,Mortgage Payment Letting Agent 29929,1956.25,housing,simulated_bank_transactions_uk
2024-03-29,DIRECT DEBIT VODAFONE,38.53,utilities,simulated_bank_transactions_uk
2024-09-29,DIRECT DEBIT THAMES WATER 972008,187.09,utilities,simulated_bank_transactions_uk
2023-01-04,CONTACTLESS/ALDI/RICE,29.24,groceries,simulated_bank_transactions_uk
2023-09-09,card pmt kfc cafe,127.23,dining,simulated_bank_transactions_uk
2024-03-18,Fps Contactless Tesco Eggs 540407,40.94,groceries,simulated_bank_transactions_uk
2024-05-19,Card-Payment-Argos-Misc-Expense,228.66,other,simulated_bank_transactions_uk
2023-03-19,FUEL/SHELL/FUEL 817365,32.13,transportation,simulated_bank_transactions_uk
2023-02-04,Visa Transport Tfl Car Maintenance 627718,98.58,transportation,simulated_bank_transactions_uk
2024-05-04,Pos Purchase Argos Gift,232.36,other,simulated_bank_transactions_uk
2024-07-25,POS/ALDI/CEREAL,5.67,groceries,simulated_bank_transactions_uk
2023-02-05,Fps Bill Payment O2,113.94,utilities,simulated_bank_transactions_uk
2024-05-30,BACS UTILITY BILL VODAFONE,64.82,utilities,simulated_bank_transactions_uk
2023-03-28,CARD-PAYMENT-GOOGLE-*SERVICES 196860,29.84,subscriptions,simulated_bank_transactions_uk
2024-12-26,RESTAURANT JUST EAT RESTAURANT 479902,104.25,dining,simulated_bank_transactions_uk
2024-05-22,UTILITY BILL THAMES WATER 612013,56.08,utilities,simulated_bank_transactions_uk
2024-01-11,bill pmt scottishpower 731745,136.21,utilities,simulated_bank_transactions_uk
2023-05-22,transport tfl fuel 214659,64.58,transportation,simulated_bank_transactions_uk
2024-03-16,Utility Bill Scottishpower 693441,222.84,utilities,simulated_bank_transactions_uk
2023-09-08,Subscription Puregym 863626,38.55,subscriptions,simulated_bank_transactions_uk
2024-11-09,Food Delivery Uber Eats Fast Food,129.75,dining,simulated_bank_transactions_uk
2023-09-26,Online Purchase Ebay Gift 93591,221.11,other,simulated_bank_transactions_uk
2024-08-10,POS BACS RENT RENT,760.01,housing,simulated_bank_transactions_uk
2024-10-23,CONTACTLESS FUEL TRAINLINE BUS PASS 559975,84.11,transportation,simulated_bank_transactions_uk
2023-08-11,Food-Delivery-Just-Eat-Restaurant 569297,86.02,dining,simulated_bank_transactions_uk
2024-08-11,CARD PAYMENT HMRC ELECTRONICS 886082,170.81,other,simulated_bank_transactions_uk
2024-09-04,Card Pmt Google *services,38.53,subscriptions,simulated_bank_transactions_uk
2024-12-24,Bacs Subscription Google *services 293130,28.55,subscriptions,simulated_bank_transactions_uk
2024-09-27,Visa Card Pmt Uber Uber Ride 123763,83.32,transportation,simulated_bank_transactions_uk
2023-10-16,MORTGAGE PAYMENT RENT 404113,672.02,housing,simulated_bank_transactions_uk
2024-03-02,So Food Delivery Greggs Fast Food 608413,27.15,dining,simulated_bank_transactions_uk
2023-05-11,direct/debit/google/*services 586158,16.16,subscriptions,simulated_bank_transactions_uk
2023-09-21,Contactless/Tesco/Rice 298407,195.2,groceries,simulated_bank_transactions_uk
2023-06-10,BACS RENT RENT 342701,852.68,housing,simulated_bank_transactions_uk
2023-04-17,POS CARD PAYMENT JUST EAT RESTAURANT,107.38,dining,simulated_bank_transactions_uk
2023-12-14,Bill Payment Vodafone 4055,157.16,utilities,simulated_bank_transactions_uk
2023-03-16,contactless*tesco*milk 604166,5.8,groceries,simulated_bank_transactions_uk
2024-12-16,Direct Debit Card Payment Morrisons Cereal 402069,90.2,groceries,simulated_bank_transactions_uk
2023-07-17,pos purchase nhs misc expense 90227,36.96,other,simulated_bank_transactions_uk
2023-11-08,direct*debit*gym*group,32.83,subscriptions,simulated_bank_transactions_uk
2024-10-14,So Mortgage Payment Landlord,917.57,housing,simulated_bank_transactions_uk
2024-05-31,POS ASDA FRUIT 658970,144.45,groceries,simulated_bank_transactions_uk
2024-05-28,card restaurant nando's restaurant 89981,136.32,dining,simulated_bank_transactions_uk
2024-06-22,TRANSPORT TRAINLINE TRAIN TICKET 31904,30.29,transportation,simulated_bank_transactions_uk
2024-11-04,bacs restaurant just eat,13.96,dining,simulated_bank_transactions_uk
2024-06-18,card-pmt-national-rail-bus-pass 917992,11.3,transportation,simulated_bank_transactions_uk
2023-07-24,BACS CARD PMT AL,197.55,groceries,simulated_bank_transactions_uk
2024-01-14,Sto-Food-Delivery-Nando's-Food-Delivery 600224,94.21,dining,simulated_bank_transactions_uk
2024-08-11,TRANSPORT SHELL FUEL 857360,105.17,transportation,simulated_bank_transactions_uk
2024-11-26,food delivery kfc food delivery 736649,65.67,dining,simulated_bank_transactions_uk
2024-09-30,POS UTILITY BILL THAMES WATER 618846,186.37,utilities,simulated_bank_transactions_uk
2024-11-25,BILL PMT BRITISH GAS 7,70.31,utilities,simulated_bank_transactions_uk
2024-03-31,fuel esso uber ride 771629,120.17,transportation,simulated_bank_transactions_uk
2023-02-21,contactless sainsburys fruit 180645,161.78,groceries,simulated_bank_transactions_uk
2023-05-25,DIRECT DEBIT AMAZON PRIME 470171,27.53,subscriptions,simulated_bank_transactions_uk
2023-01-08,Card*Pmt*Bp*Fuel 352762,57.31,transportation,simulated_bank_transactions_uk
2023-11-23,Pos/Aldi/Vegetables 678497,74.48,groceries,simulated_bank_transactions_uk
2023-12-05,Direct Debit Food Delivery Mcdonalds Cafe 871325,152.42,dining,simulated_bank_transactions_uk
2023-11-27,FPS CARD PMT BP CAR MAINTENANCE,132.69,transportation,simulated_bank_transactions_uk
2023-12-27,direct/debit/scottishpower 435863,233.79,utilities,simulated_bank_transactions_uk
2024-03-17,Card/Payment/Iceland/Eggs 302663,54.68,groceries,simulated_bank_transactions_uk
2024-06-20,Bill Payment Octopus Energy 998446,37.29,utilities,simulated_bank_transactions_uk
2024-02-29,STO/CARD/PMT/TRAINLINE/CAR/MAINTENANCE 456127,110.59,transportation,simulated_bank_transactions_uk
2023-02-28,Card-Direct-Debit-Netflix 276625,15.94,subscriptions,simulated_bank_transactions_uk
2023-09-19,Direct Debit Sky 200685,114.91,utilities,simulated_bank_transactions_uk
2023-09-20,BILL PAYMENT SCOTTISHPOWER 946331,66.15,utilities,simulated_bank_transactions_uk
2024-06-08,Bacs Letting Agent Rent,756.5,housing,simulated_bank_transactions_uk
2023-01-06,Fps Card Pmt Starbucks,149.61,dining,simulated_bank_transactions_uk
2024-02-21,CONTACTLESS WAITROSE RICE 400116,44.31,groceries,simulated_bank_transactions_uk
2023-08-27,CARD RENT PAYMENT LANDLORD 472967,676.33,housing,simulated_bank_transactions_uk
2023-03-07,Direct-Debit-Gym-Group,39.56,subscriptions,simulated_bank_transactions_uk
2023-02-16,FUEL/ESSO/TRAIN/TICKE,58.33,transportation,simulated_bank_transactions_uk
2023-10-02,bacs landlord rent 666189,1905.33,housing,simulated_bank_transactions_uk
2024-02-26,Contactless Sainsburys Ri,104.98,groceries,simulated_bank_transactions_uk
2023-12-07,contactless-contactless-tesco-milk,160.48,groceries,simulated_bank_transactions_uk
2024-09-15,restaurant costa fast food 883757,9.71,dining,simulated_bank_transactions_uk
2023-08-06,SO DIRECT DEBIT AMAZON PRIME 63,34.62,subscriptions,simulated_bank_transactions_uk
2024-03-19,direct debit scottishpower 811499,27.85,utilities,simulated_bank_transactions_uk
2024-08-12,food delivery uber eats cafe 600552,97.44,dining,simulated_bank_transactions_uk
2023-12-11,BACS-LANDLORD-RENT 248944,1953.08,housing,simulated_bank_transactions_uk
2023-08-03,online purchase boots electronics 846565,69.38,other,simulated_bank_transactions_uk
2023-01-14,Pos-Direct-Debit-Sky 838100,88.52,utilities,simulated_bank_transactions_uk
2023-12-29,utility bill o2 650360,134.05,utilities,simulated_bank_transactions_uk
2024-05-18,CONTACTLESS DIRECT DEBIT APPLE.COM/BILL 651788,34.82,subscriptions,simulated_bank_transactions_uk
2023-01-15,BILL/PAYMENT/OCTOPUS/ENERGY,253.82,utilities,simulated_bank_transactions_uk
2023-08-17,Food Delivery Kfc Cafe 804323,104.23,dining,simulated_bank_transactions_uk
2024-08-21,Restaurant Uber Eats Restaurant,142.68,dining,simulated_bank_transactions_uk
2024-11-04,Visa Subscription Spotify 903522,5.85,subscriptions,simulated_bank_transactions_uk
2024-09-23,ONLINE PURCHASE AMAZON ONLINE PURCHASE,44.64,other,simulated_bank_transactions_uk
2023-02-15,fps bill payment ee 122375,177.91,utilities,simulated_bank_transactions_uk
2024-06-27,CARD PAYMENT SPOTIFY 88928,18.5,subscriptions,simulated_bank_transactions_uk
2023-10-15,Pos-Food-Delivery-Kfc-Fast-Food,56.48,dining,simulated_bank_transactions_uk
2023-11-16,RESTAURANT-NANDO'S-RESTAURANT 666426,77.64,dining,simulated_bank_transactions_uk
2024-03-26,Card Pmt Sainsburys Rice 242218,23.79,groceries,simulated_bank_transactions_uk
2024-03-23,restaurant nando's cafe 744923,49.28,dining,simulated_bank_transactions_uk
2023-04-27,Fuel-Bolt-Car-Maintenance 223748,52.41,transportation,simulated_bank_transactions_uk
2024-03-11,Restaurant/Greggs/Restaurant 952610,84.59,dining,simulated_bank_transactions_uk
2024-05-27,FOOD DELIVERY JUST EAT FAST FOOD,36.23,dining,simulated_bank_transactions_uk
2023-11-24,Sto Transport Uber Train Ticket,117.8,transportation,simulated_bank_transactions_uk
2024-12-14,Subscription Apple.com/bill 838521,39.83,subscriptions,simulated_bank_transactions_uk
2024-03-06,FUEL*BP*BUS*PASS 64297,16.63,transportation,simulated_bank_transactions_uk
2024-03-15,Contactless Tesco Rice 725359,37.82,groceries,simulated_bank_transactions_uk
2024-01-21,pos morrisons vegetables,145.9,groceries,simulated_bank_transactions_uk
2024-03-06,RESTAURANT/KFC/FOOD/DELIVERY 209181,30.69,dining,simulated_bank_transactions_uk
2023-08-03,direct debit apple.com/bill 961195,42.05,subscriptions,simulated_bank_transactions_uk
2023-01-03,POS ALDI CEREAL 763455,42.53,groceries,simulated_bank_transactions_uk
2023-08-07,direct debit utility bill severn trent 416916,223.2,utilities,simulated_bank_transactions_uk
2024-06-26,RESTAURANT JUST EAT RESTAURANT 838244,62.59,dining,simulated_bank_transactions_uk
2024-05-27,BACS-LETTING-AGENT-RENT,1376.55,housing,simulated_bank_transactions_uk
2024-01-06,contactless asda eggs 420342,177.84,groceries,simulated_bank_transactions_uk
2024-09-29,CARD/PAYMENT/GOOGLE/*SERVICES 184167,16.81,subscriptions,simulated_bank_transactions_uk
2023-06-06,Transport Bp Uber Ride,130.83,transportation,simulated_bank_transactions_uk
2023-08-14,pos/iceland/cereal,146.36,groceries,simulated_bank_transactions_uk
2024-05-29,CARD PAYMENT COSTA RESTAURANT,74.8,dining,simulated_bank_transactions_uk
2023-06-25,bacs landlord rent 276341,2170.08,housing,simulated_bank_transactions_uk
2024-03-14,Card-Payment-Sainsburys-Milk 469835,12.0,groceries,simulated_bank_transactions_uk
2024-07-09,contactless direct debit sky 902290,230.14,utilities,simulated_bank_transactions_uk
2024-07-19,Restaurant Just Eat Cafe 733041,13.62,dining,simulated_bank_transactions_uk
2024-08-17,Mastercard Utility Bill Bt 418296,256.34,utilities,simulated_bank_transactions_uk
2024-03-31,utility bill thames water 13023,41.59,utilities,simulated_bank_transactions_uk
2024-08-30,Card Payment Bolt Bus Pass,45.31,transportation,simulated_bank_transactions_uk
2024-12-02,Transport Bolt Car Maintenance,76.63,transportation,simulated_bank_transactions_uk
2024-04-18,CARD PAYMENT MORRISONS CEREAL 463170,151.04,groceries,simulated_bank_transactions_uk
2023-11-25,CONTACTLESS TRANSPORT BP BUS PASS 425486,82.48,transportation,simulated_bank_transactions_uk
2023-11-06,FUEL*SHELL*UBER*RIDE 548517,78.98,transportation,simulated_bank_transactions_uk
2024-10-04,Utility/Bill/,204.09,utilities,simulated_bank_transactions_uk
2023-08-04,Direct Debit Octopus Energy 123917,219.29,utilities,simulated_bank_transactions_uk
2024-02-25,Mastercard Card Payment Trainline Car Maintenance 852701,72.62,transportation,simulated_bank_transactions_uk
2023-01-18,Contactless Aldi Milk 617606,172.94,groceries,simulated_bank_transactions_uk
2023-09-01,CARD PAYMENT GREGGS CAFE 338760,17.29,dining,simulated_bank_transactions_uk
2024-10-08,card pmt just eat restaur,32.96,dining,simulated_bank_transactions_uk
2023-12-08,Card Pmt Puregym 347104,5.14,subscriptions,simulated_bank_transactions_uk
2024-08-03,card food delivery greggs restaurant 864915,28.98,dining,simulated_bank_transactions_uk
2023-04-11,Restaurant Greggs Cafe 813755,136.34,dining,simulated_bank_transactions_uk
2023-01-28,Transport Esso Train Ticket,114.54,transportation,simulated_bank_transactions_uk
2024-02-16,CARD PMT DELIVEROO CAFE 769488,6.09,dining,simulated_bank_transactions_uk
2023-05-02,Utility/Bill/Scottishpower 686,33.61,utilities,simulated_bank_transactions_uk
2023-05-31,card/payment/waitrose/eggs 210888,47.79,groceries,simulated_bank_transactions_uk
2024-09-13,Food Delivery Mcdonalds Fast Food 311460,65.08,dining,simulated_bank_transactions_uk
2024-12-24,mortgage/payment/letting/agent,1076.1,housing,simulated_bank_transactions_uk
2024-09-14,card payment national rail fuel,93.27,transportation,simulated_bank_transactions_uk
2023-11-20,VISA BACS LANDLORD RENT,1026.05,housing,simulated_bank_transactions_uk
2024-06-07,contactless iceland cereal 640231,68.94,groceries,simulated_bank_transactions_uk
2023-07-15,SO CARD PAYMENT MCDONALDS FAST FOOD 998561,159.46,dining,simulated_bank_transactions_uk
2024-05-13,DIRECT/DEBIT/EE 272627,28.12,utilities,simulated_bank_transactions_uk
2024-11-04,card payment trainline uber ride 267643,107.7,transportation,simulated_bank_transactions_uk
2023-12-04,BACS LETTING AGENT RENT 186026,805.23,housing,simulated_bank_transactions_uk
2023-11-22,sto bill pmt thames water,185.12,utilities,simulated_bank_transactions_uk
2024-10-21,transport national rail uber ride 991863,51.33,transportation,simulated_bank_transactions_uk
2024-11-22,pos*asda*cereal 5022,125.48,groceries,simulated_bank_transactions_uk
2024-12-28,Bacs/Letting/Agent/Rent 644107,1450.7,housing,simulated_bank_transactions_uk
2024-01-12,contactless subscription puregym 551144,5.83,subscriptions,simulated_bank_transactions_uk
2023-03-20,Visa Pos Purchase Nhs Electronics,54.68,other,simulated_bank_transactions_uk
2023-02-22,fps utility bill british gas,233.62,utilities,simulated_bank_transactions_uk
2023-08-21,food delivery costa restaurant 770234,121.64,dining,simulated_bank_transactions_uk
2023-07-23,Direct Debit Pos Purchase Superdrug Pharmacy 619475,213.16,other,simulated_bank_transactions_uk
2024-10-04,TRANSPORT NATIONAL RAIL FUEL,17.71,transportation,simulated_bank_transactions_uk
2023-02-08,DIRECT DEBIT PUREGYM,28.67,subscriptions,simulated_bank_transactions_uk
2024-04-06,SO RESTAURANT PRET CAFE 166960,141.14,dining,simulated_bank_transactions_uk
2023-05-26,Restaurant Mcdonalds Restaurant,140.43,dining,simulated_bank_transactions_uk
2024-10-04,Pos Tesco Chicken 468883,161.84,groceries,simulated_bank_transactions_uk
2023-09-27,Bill Pmt Severn Trent 46231,145.41,utilities,simulated_bank_transactions_uk
2023-10-28,FUEL ESSO FUEL 533773,81.28,transportation,simulated_bank_transactions_uk
2024-03-09,Contactless Tesco Rice 940727,164.78,groceries,simulated_bank_transactions_uk
2023-01-23,Card Card Payment Just Eat Cafe 143133,152.84,dining,simulated_bank_transactions_uk
2024-09-19,Mastercard Pos Tesco Rice,187.84,groceries,simulated_bank_transactions_uk
2024-06-02,UTILITY BILL SEVERN TRENT 881975,203.22,utilities,simulated_bank_transactions_uk
2024-05-25,CARD PMT PRET RESTAURANT 231735,60.04,dining,simulated_bank_transactions_uk
2024-12-21,BILL PAYMENT BT 953700,166.33,utilities,simulated_bank_transactions_uk
2024-06-05,food delivery nando's cafe 145836,41.2,dining,simulated_bank_transactions_uk
2023-08-02,utility/bill/sky,206.9,utilities,simulated_bank_transactions_uk
2023-04-01,STO/FOOD/DELIVERY/UBER/EATS/FAST/FOOD 998461,92.56,dining,simulated_bank_transactions_uk
2024-11-08,Utility Bill O2 893969,241.62,utilities,simulated_bank_transactions_uk
2023-08-21,utility bill octopus energy 643071,259.04,utilities,simulated_bank_transactions_uk
2024-01-17,card-pmt-morrisons-chicken 111929,22.64,groceries,simulated_bank_transactions_uk
2023-09-18,Card Payment Asda Vegetables,127.23,groceries,simulated_bank_transactions_uk
2024-02-03,TRANSPORT/ESSO/CAR/MAINTENANCE 768274,61.73,transportation,simulated_bank_transactions_uk
2023-11-04,Direct/Debit/Card/Pmt/Asda/Cereal 908313,182.52,groceries,simulated_bank_transactions_uk
2024-12-27,bacs direct debit thames water 439250,223.94,utilities,simulated_bank_transactions_uk
2023-12-20,fps utility bill severn trent 289474,195.88,utilities,simulated_bank_transactions_uk
2024-10-27,Card*Pmt*Costa*Food*Delivery 797450,89.44,dining,simulated_bank_transactions_uk
2024-09-16,Contactless Morrisons Cereal,57.21,groceries,simulated_bank_transactions_uk
2023-12-11,Pos Iceland Bread 132939,91.18,groceries,simulated_bank_transactions_uk
2023-03-20,CARD PAYMENT ICELAND EGGS,180.02,groceries,simulated_bank_transactions_uk
2024-07-19,Fps Transport Trainline Uber Ride 920881,57.82,transportation,simulated_bank_transactions_uk
2023-04-12,CONTACTLESS CONTACTLESS ASDA CHICKEN 50981,178.79,groceries,simulated_bank_transactions_uk
2024-11-14,SO/POS/ASDA/CHICKEN 917628,168.37,groceries,simulated_bank_transactions_uk
2023-09-19,card pmt bolt uber ride,99.32,transportation,simulated_bank_transactions_uk
2024-04-05,Direct*Debit*Disney+,32.45,subscriptions,simulated_bank_transactions_uk
2023-05-09,direct debit o2 597064,164.0,utilities,simulated_bank_transactions_uk
2023-09-05,transport*bolt*bus*pass 558712,93.69,transportation,simulated_bank_transactions_uk
2024-03-10,SO POS PURCHASE CURRYS ONLINE PURCHASE 942361,203.54,other,simulated_bank_transactions_uk
2023-01-31,Card Pmt Currys Pharmacy 186375,242.4,other,simulated_bank_transactions_uk
2023-07-11,Card Payment Nando's Cafe 502,114.6,dining,simulated_bank_transactions_uk
2024-04-08,Pos Morrisons Rice 202321,86.05,groceries,simulated_bank_transactions_uk
2024-03-01,fuel/national/rail/car/maintenance,104.98,transportation,simulated_bank_transactions_uk
2023-11-17,fuel tfl uber ride 279267,2.21,transportation,simulated_bank_transactions_uk
2023-02-02,food delivery pret fast food 505860,48.07,dining,simulated_bank_transactions_uk
2024-12-16,Contactless Morrisons Eggs 203110,31.06,groceries,simulated_bank_transactions_uk
2024-07-11,STO CARD PMT NHS PHARMACY 224471,154.59,other,simulated_bank_transactions_uk
2024-03-09,Contactless Aldi Rice,146.41,groceries,simulated_bank_transactions_uk
2024-09-24,CARD-PMT-UBER-EATS-CAFE,80.67,dining,simulated_bank_transactions_uk
2024-04-08,STO CARD PMT COSTA RESTAURANT 305118,78.52,dining,simulated_bank_transactions_uk
2023-11-08,FOOD DELIVERY COSTA FOOD DELIVERY 485231,28.21,dining,simulated_bank_transactions_uk
2023-10-28,Utility Bill E.on 906689,53.27,utilities,simulated_bank_transactions_uk
2023-12-25,card card pmt waitrose eggs 930183,46.2,groceries,simulated_bank_transactions_uk
2024-01-05,POS ICELAND CHICKEN,171.04,groceries,simulated_bank_transactions_uk
2024-01-21,transport-tfl-bus-pass,21.34,transportation,simulated_bank_transactions_uk
2023-09-10,subscription puregym 12466,26.53,subscriptions,simulated_bank_transactions_uk
2023-03-10,visa*transport*shell*train*ticket,54.39,transportation,simulated_bank_transactions_uk
2024-10-20,CARD CARD PMT UBER EATS FOOD DELIVERY 410122,118.93,dining,simulated_bank_transactions_uk
2023-12-31,direct/debit/direct/debit/british/gas 958206,173.92,utilities,simulated_bank_transactions_uk
2024-05-12,Direct-Debit-Restaurant-Costa-Fast-Food 671255,104.1,dining,simulated_bank_transactions_uk
2023-09-27,Card/Payment/Mcdonalds/Cafe 623194,136.88,dining,simulated_bank_transactions_uk
2023-01-27,Subscription Google *services,28.92,subscriptions,simulated_bank_transactions_uk
2023-07-03,Card Payment Lidl Vegetables 35885,5.48,groceries,simulated_bank_transactions_uk
2023-08-02,CARD PMT GREGGS FOOD DELIVERY 459788,58.21,dining,simulated_bank_transactions_uk
2024-11-30,SUBSCRIPTION SPOTIFY,35.96,subscriptions,simulated_bank_transactions_uk
2023-05-25,card*utility*bill*sky 352282,118.84,utilities,simulated_bank_transactions_uk
2023-11-04,Pos Waitrose Rice,116.67,groceries,simulated_bank_transactions_uk
2023-03-09,FUEL BP TRAIN TICKET 603268,134.02,transportation,simulated_bank_transactions_uk
2024-12-13,utility bill ee,89.86,utilities,simulated_bank_transactions_uk
2023-07-22,contactless iceland cereal,62.02,groceries,simulated_bank_transactions_uk
2024-12-14,pos morrisons bread 567540,27.32,groceries,simulated_bank_transactions_uk
2024-04-22,Direct Debit Gym Group 75376,25.57,subscriptions,simulated_bank_transactions_uk
2023-05-18,FPS-RESTAURANT-COSTA-FOOD-DELIVERY,38.12,dining,simulated_bank_transactions_uk
2024-08-20,Mortgage Pmt Landlord 863160,1098.75,housing,simulated_bank_transactions_uk
2024-10-28,so utility bill o2,128.59,utilities,simulated_bank_transactions_uk
2023-02-23,Bacs Fuel Bolt Uber Ride 169460,72.91,transportation,simulated_bank_transactions_uk
2023-03-03,RESTAURANT COSTA FOOD DELIVERY 94216,82.82,dining,simulated_bank_transactions_uk
2023-03-29,CONTACTLESS/LIDL/CEREAL 982386,193.18,groceries,simulated_bank_transactions_uk
2023-04-05,Utility Bill E.on 272255,44.81,utilities,simulated_bank_transactions_uk
2024-05-07,VISA BACS MORTGAGE RE,1004.7,housing,simulated_bank_transactions_uk
2023-01-16,Transport Uber Train Ticket 753383,89.12,transportation,simulated_bank_transactions_uk
2024-04-12,Card Pmt Bp Car Maintenance 151622,12.71,transportation,simulated_bank_transactions_uk
2023-11-24,Sto Card Pmt Iceland Fruit 66461,128.02,groceries,simulated_bank_transactions_uk
2024-04-10,TRANSPORT-NATIONAL-RAIL-TRAIN-TICKET,47.63,transportation,simulated_bank_transactions_uk
2024-10-29,direct debit disney+ 122896,30.33,subscriptions,simulated_bank_transactions_uk
2024-08-15,VISA SUBSCRIPTION APPLE.COM/BILL,39.41,subscriptions,simulated_bank_transactions_uk
2023-03-15,Card*Pmt*Pret*Fast*Food 232786,148.3,dining,simulated_bank_transactions_uk
2023-07-20,bill*pmt*ee 898967,67.11,utilities,simulated_bank_transactions_uk
2023-07-19,Direct*Debit*Pos*Sainsburys*Milk 109062,15.29,groceries,simulated_bank_transactions_uk
2024-10-24,Pos-Aldi-Fruit 112616,175.48,groceries,simulated_bank_transactions_uk
2023-01-20,food delivery just eat food delivery 998691,146.04,dining,simulated_bank_transactions_uk
2023-04-08,FOOD DELIVERY DELIVEROO FAST FOOD 852675,31.07,dining,simulated_bank_transactions_uk
2024-02-23,pos morrisons eggs,10.33,groceries,simulated_bank_transactions_uk
2023-09-20,Pos-Card-Pmt-Trainline-Uber-Ride 8917,45.48,transportation,simulated_bank_transactions_uk
2023-01-20,Bill-Pmt-Bt,158.1,utilities,simulated_bank_transactions_uk
2023-09-13,MASTERCARD/CARD/PMT/SAINSBURYS/FRUIT 699585,87.76,groceries,simulated_bank_transactions_uk
2023-05-20,Pos-Iceland-Eggs,30.1,groceries,simulated_bank_transactions_uk
2023-08-26,direct debit octopus energy 857,257.94,utilities,simulated_bank_transactions_uk
2024-11-11,BACS LETTING AGENT RENT 455511,852.26,housing,simulated_bank_transactions_uk
2024-11-01,Visa Pos Morrisons Vegetables,78.67,groceries,simulated_bank_transactions_uk
2023-04-27,bacs card payment sainsburys milk 228022,170.82,groceries,simulated_bank_transactions_uk
2023-08-03,CARD PAYMENT GYM GROUP 678510,25.9,subscriptions,simulated_bank_transactions_uk
2024-10-19,Card Payment Lidl Bread,42.53,groceries,simulated_bank_transactions_uk
2023-04-30,CARD PMT SAINSBURYS EGGS 322041,105.82,groceries,simulated_bank_transactions_uk
2024-09-04,card/pmt/netflix 224636,13.97,subscriptions,simulated_bank_transactions_uk
2023-12-08,POS UTILITY BILL O2,184.63,utilities,simulated_bank_transactions_uk
2024-02-14,Card/Payment/Asda/Chicken 946200,41.21,groceries,simulated_bank_transactions_uk
2024-03-14,BACS DIRECT DEBIT E.ON,168.21,utilities,simulated_bank_transactions_uk
2024-06-08,Card Payment Amazon Prime,14.81,subscriptions,simulated_bank_transactions_uk
2023-02-25,sto fuel shell train ticket,38.93,transportation,simulated_bank_transactions_uk
2024-04-09,visa restaurant pret food delivery,43.37,dining,simulated_bank_transactions_uk
2023-09-06,Restaurant Kfc Cafe 555719,101.89,dining,simulated_bank_transactions_uk
2024-10-02,utility-bill-vodafone 369620,154.28,utilities,simulated_bank_transactions_uk
2023-08-26,bill pmt o2 806478,135.9,utilities,simulated_bank_transactions_uk
2023-07-01,direct/debit/thames/water 378024,103.63,utilities,simulated_bank_transactions_uk
2023-12-07,POS/PURCHASE/HMRC/GIFT 40,94.62,other,simulated_bank_transactions_uk
2024-02-04,Card Payment Mcdonalds Restaurant 191450,46.46,dining,simulated_bank_transactions_uk
2024-10-16,online purchase currys pharmacy,197.52,other,simulated_bank_transactions_uk
2024-03-02,FUEL/UBER/CAR/MAINTENANCE,128.42,transportation,simulated_bank_transactions_uk
2024-01-14,FPS*UTILITY*BILL*SEVERN*TRENT,136.09,utilities,simulated_bank_transactions_uk
2024-12-15,pos lidl fruit 843906,170.55,groceries,simulated_bank_transactions_uk
2023-10-05,Bill Pmt Severn Trent 709691,231.37,utilities,simulated_bank_transactions_uk
2023-11-22,Rent Payment Mortgage,1323.17,housing,simulated_bank_transactions_uk
2024-08-17,RESTAURANT NANDO'S FOOD DELIVERY,37.3,dining,simulated_bank_transactions_uk
2024-10-11,visa*restaurant*just*eat*cafe 975860,24.73,dining,simulated_bank_transactions_uk
2023-12-14,Contactless Mortgage Payment Letting Agent 547509,1504.74,housing,simulated_bank_transactions_uk
2024-12-25,so*restaurant*uber*eats*fast*food 528220,49.89,dining,simulated_bank_transactions_uk
2024-08-29,Card Pmt Disney+,24.25,subscriptions,simulated_bank_transactions_uk
2023-03-25,CONTACTLESS CARD PMT SAINSBURYS BREAD 919938,71.06,groceries,simulated_bank_transactions_uk
2024-12-15,CARD-PMT-SAINSBURYS-CEREAL,173.37,groceries,simulated_bank_transactions_uk
2024-07-14,Bacs Landlord Rent 770,1804.67,housing,simulated_bank_transactions_uk
2024-11-06,RENT PMT LANDLORD 259390,1070.75,housing,simulated_bank_transactions_uk
2024-03-15,CARD/BILL/PAYMENT/O2,102.2,utilities,simulated_bank_transactions_uk
2023-04-14,Card Pmt Tesco Milk 813790,85.53,groceries,simulated_bank_transactions_uk
2024-08-02,utility bill british gas 75595,59.57,utilities,simulated_bank_transactions_uk
2024-07-13,Fuel Bp Train Ticket 986220,87.0,transportation,simulated_bank_transactions_uk
2023-12-29,SUBSCRIPTION GOOGLE *SERVICES 112781,21.03,subscriptions,simulated_bank_transactions_uk
2023-03-27,rent pmt rent 524898,2116.83,housing,simulated_bank_transactions_uk
2023-04-01,Pos Sainsburys Rice 7607,140.45,groceries,simulated_bank_transactions_uk
2023-08-02,So Card Pmt Morrisons Milk 616829,101.94,groceries,simulated_bank_transactions_uk
2024-12-08,Contactless Fuel Bp Fuel,10.13,transportation,simulated_bank_transactions_uk
2023-10-08,Contactless Aldi Milk,188.88,groceries,simulated_bank_transactions_uk
2024-07-21,fuel-bolt-fuel 139580,114.4,transportation,simulated_bank_transactions_uk
2023-05-24,So Mortgage Payment Mortgage 509453,1511.69,housing,simulated_bank_transactions_uk
2023-05-01,Bill-Payment-E.on 985465,159.85,utilities,simulated_bank_transactions_uk
2024-02-12,Card Pmt Tesco Bread,195.91,groceries,simulated_bank_transactions_uk
2024-03-28,CONTACTLESS SUBSCRIPTION AMAZON PRIME 21333,35.5,subscriptions,simulated_bank_transactions_uk
2023-05-28,Bill Payment Ee,175.97,utilities,simulated_bank_transactions_uk
2024-12-20,Restaurant Kfc Fast Food 327625,65.23,dining,simulated_bank_transactions_uk
2023-07-15,Direct Debit Utility Bill Vodafone 28541,73.2,utilities,simulated_bank_transactions_uk
2024-08-22,restaurant mcdonalds cafe 543976,26.5,dining,simulated_bank_transactions_uk
2023-11-04,rent pmt rent,1627.44,housing,simulated_bank_transactions_uk
2023-09-26,Mastercard Pos Waitrose Fruit 759781,165.03,groceries,simulated_bank_transactions_uk
2023-04-23,CARD FUEL TFL UBER RIDE 975429,139.1,transportation,simulated_bank_transactions_uk
2024-01-28,pos lidl fruit,141.99,groceries,simulated_bank_transactions_uk
2024-02-24,BACS*CARD*PAYMENT*PRET*CAFE 294415,18.71,dining,simulated_bank_transactions_uk
2024-07-17,Card Pmt Uber Uber Ride 636180,58.81,transportation,simulated_bank_transactions_uk
2023-04-24,Contactless Waitrose Vegetables 331504,48.03,groceries,simulated_bank_transactions_uk
2023-12-25,contactless-lidl-fruit 915035,25.95,groceries,simulated_bank_transactions_uk
2024-02-15,bacs-subscription-amazon-prime 538026,5.13,subscriptions,simulated_bank_transactions_uk
2023-10-06,SUBSCRIPTION SPOTIFY 833199,27.28,subscriptions,simulated_bank_transactions_uk
2023-03-25,RESTAURANT PRET RESTAURANT,123.02,dining,simulated_bank_transactions_uk
2023-10-06,Card Pmt Tesco Rice 191315,58.07,groceries,simulated_bank_transactions_uk
2024-11-03,Card Pmt Morrisons Fruit,167.48,groceries,simulated_bank_transactions_uk
2023-04-13,card/payment/amazon/prime 700096,25.87,subscriptions,simulated_bank_transactions_uk
2024-12-08,bill/payment/vodafone,153.19,utilities,simulated_bank_transactions_uk
2024-03-20,sto bill pmt thames water,249.43,utilities,simulated_bank_transactions_uk
2023-09-15,Transport Bp Train Ticket 967028,7.2,transportation,simulated_bank_transactions_uk
2023-01-11,mortgage pmt rent,810.78,housing,simulated_bank_transactions_uk
2024-08-27,POS/PURCHASE/ARGOS/ELECTRONICS,164.65,other,simulated_bank_transactions_uk
2023-02-18,food delivery costa restaurant,124.61,dining,simulated_bank_transactions_uk
2023-02-09,DIRECT DEBIT GYM GROUP 459050,40.64,subscriptions,simulated_bank_transactions_uk
2023-05-02,mastercard pos iceland fruit 266559,171.38,groceries,simulated_bank_transactions_uk
2023-03-16,Fuel Trainline Car Maintenance 529847,139.9,transportation,simulated_bank_transactions_uk
2023-10-26,bacs mortgage rent 485759,711.31,housing,simulated_bank_transactions_uk
2023-12-04,mastercard card pmt tesco rice 314766,55.27,groceries,simulated_bank_transactions_uk
2023-03-03,UTILITY*BILL*BT 410,233.72,utilities,simulated_bank_transactions_uk
2023-03-04,DIRECT/DEBIT/CARD/PMT/ASDA/RICE 346052,19.56,groceries,simulated_bank_transactions_uk
2024-08-28,FOOD/DELIVERY/JUST/EAT/RESTAURANT 717691,80.28,dining,simulated_bank_transactions_uk
2023-11-28,Contactless Contactless Sainsburys Frui,16.46,groceries,simulated_bank_transactions_uk
2023-03-30,Subscription Spotify,39.06,subscriptions,simulated_bank_transactions_uk
2023-05-19,DIRECT*DEBIT*DIRECT*DEBIT*DISNEY+,12.33,subscriptions,simulated_bank_transactions_uk
2023-11-13,card/pmt/disney,27.9,subscriptions,simulated_bank_transactions_uk
2023-11-07,mortgage-payment-mortgage 526180,2194.36,housing,simulated_bank_transactions_uk
2023-06-15,Mortgage-Payment-Mortgage 185259,1994.52,housing,simulated_bank_transactions_uk
2024-11-01,Sto*Pos*Purchase*Currys*Electronics 411911,140.24,other,simulated_bank_transactions_uk
2024-06-30,Contactless Pos Asda Bread 117271,28.25,groceries,simulated_bank_transactions_uk
2024-05-11,Transport Esso Bus Pass,45.76,transportation,simulated_bank_transactions_uk
2024-09-14,bacs mortgage rent,1847.54,housing,simulated_bank_transactions_uk
2024-06-06,bacs/card/pmt/morrisons/fruit,97.91,groceries,simulated_bank_transactions_uk
2024-03-14,BILL PMT SKY 581805,94.22,utilities,simulated_bank_transactions_uk
2023-03-23,card pmt morrisons bread 473402,51.57,groceries,simulated_bank_transactions_uk
2023-04-24,Bacs Contactless Lidl Cereal 219675,63.82,groceries,simulated_bank_transactions_uk
2024-08-14,Card Pmt Pret Cafe,23.93,dining,simulated_bank_transactions_uk
2023-06-05,card payment boots misc expense 708291,64.63,other,simulated_bank_transactions_uk
2023-03-19,card payment sainsburys chicken 299738,176.01,groceries,simulated_bank_transactions_uk
2023-08-12,bacs-food-delivery-nando's-restaurant 232822,147.61,dining,simulated_bank_transactions_uk
2024-03-19,bill payment scottishpower 650081,165.25,utilities,simulated_bank_transactions_uk
2024-02-21,Card Payment Argos Misc Expense 60404,98.97,other,simulated_bank_transactions_uk
2023-11-27,transport national rail bus pass,48.52,transportation,simulated_bank_transactions_uk
2023-03-18,Direct Debit Pos Tesco Cereal 977939,149.22,groceries,simulated_bank_transactions_uk
2023-03-08,contactless/iceland/vegetables 619299,60.18,groceries,simulated_bank_transactions_uk
2024-09-03,BACS LANDLORD RENT,1554.81,housing,simulated_bank_transactions_uk
2024-01-03,Restaurant*Deliveroo*Food*Delivery,85.69,dining,simulated_bank_transactions_uk
2024-08-06,transport*trainline*car*maintenance 786011,40.96,transportation,simulated_bank_transactions_uk
2023-03-01,online purchase currys electronics 749953,57.56,other,simulated_bank_transactions_uk
2024-10-05,Contactless Lidl Bread,120.22,groceries,simulated_bank_transactions_uk
2023-12-23,VISA FOOD DELIVERY KFC FOOD DELIVERY 303567,72.07,dining,simulated_bank_transactions_uk
2024-01-08,rent pmt mortgage 734433,972.72,housing,simulated_bank_transactions_uk
2023-07-08,Card Payment Apple.com/bill,40.35,subscriptions,simulated_bank_transactions_uk
2024-02-04,fuel esso uber rid,64.88,transportation,simulated_bank_transactions_uk
2023-01-27,fuel/tfl/bus/pass 925735,57.9,transportation,simulated_bank_transactions_uk
2024-11-10,Bill-Pmt-O2 7168,136.96,utilities,simulated_bank_transactions_uk
2024-10-31,card pmt lidl chicken 628192,172.51,groceries,simulated_bank_transactions_uk
2023-01-06,mortgage pmt rent 613114,1950.19,housing,simulated_bank_transactions_uk
2024-03-07,card payment currys gif,128.78,other,simulated_bank_transactions_uk
2024-12-18,Bacs/Landlord/Rent,712.81,housing,simulated_bank_transactions_uk
2023-01-04,fuel-tfl-uber-ride 409990,123.02,transportation,simulated_bank_transactions_uk
2024-09-05,pos purchase amazon gift,104.07,other,simulated_bank_transactions_uk
2023-04-13,Fps Card Pmt Iceland Chicken 197052,197.71,groceries,simulated_bank_transactions_uk
2024-04-28,Transport Bp Car Maintenance,21.42,transportation,simulated_bank_transactions_uk
2023-04-24,Transport Trainline Train Ticket 994943,71.21,transportation,simulated_bank_transactions_uk
2023-05-27,POS ASDA EGGS 887012,32.3,groceries,simulated_bank_transactions_uk
2023-06-08,Restaurant Nando's Fast Food,32.12,dining,simulated_bank_transactions_uk
2023-12-01,direct debit vodafone 316169,90.26,utilities,simulated_bank_transactions_uk
2024-09-12,Bacs Letting Agent Rent 53110,948.54,housing,simulated_bank_transactions_uk
2023-10-07,Card Payment Deliveroo Food Delivery,9.95,dining,simulated_bank_transactions_uk
2023-04-29,So/Card/Payment/Asda/Chicken 202344,93.21,groceries,simulated_bank_transactions_uk
2023-09-10,Fps/Pos/Tesco/Bread 225958,142.38,groceries,simulated_bank_transactions_uk
2023-11-18,Direct Debit E.on 702740,219.12,utilities,simulated_bank_transactions_uk
2023-06-18,Card Payment Waitrose Cereal 176480,185.89,groceries,simulated_bank_transactions_uk
2023-01-08,mastercard-subscription-gym-group 748933,28.27,subscriptions,simulated_bank_transactions_uk
2024-10-16,Card Payment Spotify 301261,15.86,subscriptions,simulated_bank_transactions_uk
2024-07-23,POS FOOD DELIVERY GREGGS FOOD DELIVERY,153.26,dining,simulated_bank_transactions_uk
2024-06-20,online purchase superdrug electronic,190.52,other,simulated_bank_transactions_uk
2023-01-18,Pos Morrisons Eggs,185.69,groceries,simulated_bank_transactions_uk
2023-04-15,Bacs Letting Agent Rent,2037.18,housing,simulated_bank_transactions_uk
2023-03-21,Sto Card Payment Kfc Food Delivery 902655,42.6,dining,simulated_bank_transactions_uk
2024-06-06,RESTAURANT/COSTA/FAST/FOOD 558,126.93,dining,simulated_bank_transactions_uk
2023-09-26,direct/debit/apple.com/bill,42.12,subscriptions,simulated_bank_transactions_uk
2024-04-10,Bill Payment Vodafone 268398,121.35,utilities,simulated_bank_transactions_uk
2023-06-29,CONTACTLESS DIRECT DEBIT SKY,154.39,utilities,simulated_bank_transactions_uk
2023-08-16,pos*aldi*rice 105853,9.4,groceries,simulated_bank_transactions_uk
2024-07-26,subscription amazon prime 213769,44.23,subscriptions,simulated_bank_transactions_uk
2023-08-21,RESTAURANT COSTA RESTAURANT 972738,109.42,dining,simulated_bank_transactions_uk
2024-11-14,so card pmt trainline car maintenance,108.69,transportation,simulated_bank_transactions_uk
2024-09-27,direct debit contactless tesco rice,165.66,groceries,simulated_bank_transactions_uk
2023-09-03,Food*Delivery*Nando's*Cafe,43.84,dining,simulated_bank_transactions_uk
2023-01-15,direct/debit/puregym,28.45,subscriptions,simulated_bank_transactions_uk
2023-12-19,UTILITY BILL SKY 667857,154.85,utilities,simulated_bank_transactions_uk
2023-11-10,Pos Bacs Landlord Rent,1568.15,housing,simulated_bank_transactions_uk
2023-10-12,card pmt uber eats restaurant,89.43,dining,simulated_bank_transactions_uk
2024-09-09,POS ASDA MILK 682555,167.65,groceries,simulated_bank_transactions_uk
2024-12-07,POS-PURCHASE-BOOTS-ELECTRONICS 583227,160.5,other,simulated_bank_transactions_uk
2024-07-10,utility/bill/bt 517399,147.16,utilities,simulated_bank_transactions_uk
2023-02-19,TRANSPORT UBER FUEL 220,11.2,transportation,simulated_bank_transactions_uk
2023-08-28,DIRECT DEBIT SKY 362061,133.03,utilities,simulated_bank_transactions_uk
2023-02-14,Bacs-Fuel-Esso-Bus-Pass,53.23,transportation,simulated_bank_transactions_uk
2024-02-29,Contactless Pos Lidl Vegetables 354007,33.06,groceries,simulated_bank_transactions_uk
2024-07-27,contactless tesco rice 103205,86.56,groceries,simulated_bank_transactions_uk
2023-08-14,pos sainsburys milk 830685,32.3,groceries,simulated_bank_transactions_uk
2024-02-13,RESTAURANT/MCDONALDS/FOOD/DELIVERY 456912,35.14,dining,simulated_bank_transactions_uk
2024-02-12,Pos/Card/Pmt/Starbucks/Fast/Food,104.22,dining,simulated_bank_transactions_uk
2024-05-25,DIRECT DEBIT O2 729125,133.06,utilities,simulated_bank_transactions_uk
2023-01-10,mortgage-pmt-landlord 53756,1150.82,housing,simulated_bank_transactions_uk
2023-05-25,transport uber train ticket,35.17,transportation,simulated_bank_transactions_uk
2024-06-08,Bacs Letting Agent Rent 237381,979.52,housing,simulated_bank_transactions_uk
2024-04-10,CONTACTLESS ALDI MILK 991689,58.41,groceries,simulated_bank_transactions_uk
2023-12-05,FOOD DELIVERY NANDO'S FOOD DELIVERY 92,22.14,dining,simulated_bank_transactions_uk
2023-12-02,contactless direct debit vodafone 62672,166.08,utilities,simulated_bank_transactions_uk
2024-08-21,Card Pmt Shell Bus Pass 577086,65.28,transportation,simulated_bank_transactions_uk
2024-05-25,rent pmt letting agent,919.88,housing,simulated_bank_transactions_uk
2023-10-12,Card Payment Uber Eats Cafe 883296,7.32,dining,simulated_bank_transactions_uk
2023-08-07,Pos Waitrose Cereal 885674,16.98,groceries,simulated_bank_transactions_uk
2023-12-13,CARD PMT ICELAND EGGS,126.01,groceries,simulated_bank_transactions_uk
2023-08-16,Bacs Card Pmt Uber Eats Food Delivery 724125,60.62,dining,simulated_bank_transactions_uk
2023-05-23,Direct Debit Gym Group 307199,30.24,subscriptions,simulated_bank_transactions_uk
2023-01-21,CARD PAYMENT TFL TRAIN TICKET 845,8.36,transportation,simulated_bank_transactions_uk
2024-02-06,VISA RENT PAYMENT MORTGAGE 522317,1587.91,housing,simulated_bank_transactions_uk
2023-04-12,contactless aldi bread 151710,91.31,groceries,simulated_bank_transactions_uk
2023-05-15,FUEL TFL TRAIN TICKET 844816,84.83,transportation,simulated_bank_transactions_uk
2024-07-08,Contactless*Tesco*Bread 845238,84.42,groceries,simulated_bank_transactions_uk
2024-01-03,Mortgage*Payment*Landlord 111305,2053.02,housing,simulated_bank_transactions_uk
2024-01-27,bacs/card/pmt/greggs/fast/food,144.48,dining,simulated_bank_transactions_uk
2023-01-06,card payment pret cafe 196430,138.06,dining,simulated_bank_transactions_uk
2023-02-03,Utility Bill Octopus Energy 85,217.56,utilities,simulated_bank_transactions_uk
2024-08-23,contactless pos purchase nhs online purchase,210.23,other,simulated_bank_transactions_uk
2024-01-02,Contactless*Morrisons*Milk 853884,63.9,groceries,simulated_bank_transactions_uk
2023-04-08,CONTACTLESS*MORRISONS*EGGS 995068,13.79,groceries,simulated_bank_transactions_uk
2023-09-03,Food Delivery Kfc Restaurant,21.47,dining,simulated_bank_transactions_uk
2023-08-20,CARD PMT DELIVEROO FAST FOOD 476876,62.92,dining,simulated_bank_transactions_uk
2023-03-05,sto fuel trainline fuel 705857,13.7,transportation,simulated_bank_transactions_uk
2024-08-18,Contactless Card Pmt Tesco Milk,40.84,groceries,simulated_bank_transactions_uk
2023-05-30,Food Delivery Deliveroo Cafe 246460,20.41,dining,simulated_bank_transactions_uk
2024-11-24,contactless morrisons vegetables 602299,78.43,groceries,simulated_bank_transactions_uk
2024-01-13,Utility*Bill*E.on,40.04,utilities,simulated_bank_transactions_uk
2024-04-05,Direct/Debit/Vodafone 20365,97.64,utilities,simulated_bank_transactions_uk
2023-10-20,Visa/Restaurant/Deliveroo/Fast/Food,40.17,dining,simulated_bank_transactions_uk
2023-08-11,Subscription Netflix 5687,33.81,subscriptions,simulated_bank_transactions_uk
2024-01-30,contactless iceland rice 527942,21.15,groceries,simulated_bank_transactions_uk
2024-07-01,SO FOOD DELIVERY JUST EAT CAFE 448104,77.15,dining,simulated_bank_transactions_uk
2023-10-24,SO/CARD/PAYMENT/DISNEY+ 309473,17.59,subscriptions,simulated_bank_transactions_uk
2024-03-30,transport bp bus pass 418326,117.63,transportation,simulated_bank_transactions_uk
2023-12-28,Card/Pmt/Asda/Bread 556668,124.91,groceries,simulated_bank_transactions_uk
2024-11-17,Sto*Pos*Asda*Bread,184.4,groceries,simulated_bank_transactions_uk
2024-03-06,Card*Pmt*Bp*Fuel 331408,61.05,transportation,simulated_bank_transactions_uk
2023-07-01,DIRECT/DEBIT/CARD/PMT/GREGGS/FOOD/DELIVERY 890288,14.05,dining,simulated_bank_transactions_uk
2023-01-28,card*pmt*costa*cafe 634541,15.37,dining,simulated_bank_transactions_uk
2024-12-18,CARD PMT SPOTIFY,26.7,subscriptions,simulated_bank_transactions_uk
2024-02-21,restaurant nando's cafe,89.85,dining,simulated_bank_transactions_uk
2023-09-09,FOOD DELIVERY KFC RESTAURANT 361352,29.16,dining,simulated_bank_transactions_uk
2024-10-03,Contactless Pos Asda Bread 665138,81.2,groceries,simulated_bank_transactions_uk
2024-10-06,Contactless Fuel National Rail Fuel 265834,5.32,transportation,simulated_bank_transactions_uk
2023-09-09,card-pmt-amazon-prime 815116,12.38,subscriptions,simulated_bank_transactions_uk
2023-05-07,Contactless Morrisons Rice 629559,138.37,groceries,simulated_bank_transactions_uk
2023-05-22,Card Payment National Rail Car Maintenance 515897,23.43,transportation,simulated_bank_transactions_uk
2024-10-24,UTILITY BILL SKY,194.31,utilities,simulated_bank_transactions_uk
2024-05-24,Transport Bolt Fuel 305125,32.45,transportation,simulated_bank_transactions_uk
2024-09-12,CARD PAYMENT TESCO CHICKEN 63782,169.93,groceries,simulated_bank_transactions_uk
2023-09-08,MASTERCARD DIRECT DEBIT BT 6,34.41,utilities,simulated_bank_transactions_uk
2023-09-09,FUEL ESSO BUS PASS 842187,108.66,transportation,simulated_bank_transactions_uk
2024-12-20,Food Delivery Deliveroo Fast Food 80537,140.42,dining,simulated_bank_transactions_uk
2024-03-23,Contactless Food Delivery Just Eat Fast Food 673542,27.2,dining,simulated_bank_transactions_uk
2024-01-25,Utility Bill Scottishpower,225.09,utilities,simulated_bank_transactions_uk
2024-07-02,Bacs Restaurant Nando's Fast Food 328596,155.49,dining,simulated_bank_transactions_uk
2024-07-21,Card Pmt Nando's Res,81.09,dining,simulated_bank_transactions_uk
2024-08-06,Pos*Card*Pmt*Morrisons*Cereal 646390,85.48,groceries,simulated_bank_transactions_uk
2024-06-20,pos*asda*vegetables 942298,179.63,groceries,simulated_bank_transactions_uk
2023-10-09,CONTACTLESS CONTACTLESS ASDA BREAD 975349,24.18,groceries,simulated_bank_transactions_uk
2023-12-28,Mastercard Card Pmt Nando's Restaurant,131.25,dining,simulated_bank_transactions_uk
2023-07-08,contactless-iceland-fruit 215222,81.62,groceries,simulated_bank_transactions_uk
2024-01-13,CARD PMT TFL TRAIN TICKET 221536,122.27,transportation,simulated_bank_transactions_uk
2023-10-14,CONTACTLESS/MORRISONS/EGGS 754300,100.13,groceries,simulated_bank_transactions_uk
2023-09-12,Direct Debit Sky 607793,76.84,utilities,simulated_bank_transactions_uk
2023-11-18,POS TRANSPORT UBER BUS PASS 338538,94.82,transportation,simulated_bank_transactions_uk
2024-02-25,rent pmt rent 431087,1601.07,housing,simulated_bank_transactions_uk
2024-08-25,DIRECT DEBIT O2 464075,145.16,utilities,simulated_bank_transactions_uk
2024-08-14,fuel national rail train ticket 398846,40.46,transportation,simulated_bank_transactions_uk
2023-01-23,utility bill british gas,220.16,utilities,simulated_bank_transactions_uk
2024-02-28,Bill Pmt O2 882093,99.0,utilities,simulated_bank_transactions_uk
2024-06-30,Food Delivery Starbucks Cafe 731439,55.68,dining,simulated_bank_transactions_uk
2024-11-19,RENT PAYMENT LETTING AGENT 752941,871.64,housing,simulated_bank_transactions_uk
2024-04-03,CONTACTLESS/WAITROSE/FRUIT 663584,154.35,groceries,simulated_bank_transactions_uk
2024-09-03,pos rent pmt rent 266819,1412.89,housing,simulated_bank_transactions_uk
2023-01-23,mortgage pmt mortgage 274912,1145.34,housing,simulated_bank_transactions_uk
2023-10-03,FOOD*DELIVERY*COSTA*FAST*FOOD 567105,44.9,dining,simulated_bank_transactions_uk
2023-04-23,Bacs Letting Agent Rent 408021,853.04,housing,simulated_bank_transactions_uk
2023-07-10,UTILITY BILL BRITISH GAS 594157,236.74,utilities,simulated_bank_transactions_uk
2024-05-20,pos tesco rice 940405,62.08,groceries,simulated_bank_transactions_uk
2023-12-20,STO*CARD*PAYMENT*TRAINLINE*UBER*RIDE,41.59,transportation,simulated_bank_transactions_uk
2023-05-21,pos purchase amazon electronics 107039,117.52,other,simulated_bank_transactions_uk
2024-11-02,UTILITY-BILL-E.ON 261659,93.46,utilities,simulated_bank_transactions_uk
2024-10-27,Contactless Waitrose Milk 83814,44.7,groceries,simulated_bank_transactions_uk
2024-04-08,Card-Restaurant-Deliveroo-Fast-Food 285748,19.51,dining,simulated_bank_transactions_uk
2023-07-17,Contactless Restaurant Just Eat Fast Foo,125.0,dining,simulated_bank_transactions_uk
2024-08-04,fps transport trainline train ticket,97.69,transportation,simulated_bank_transactions_uk
2024-02-09,Food Delivery Uber Eats Food Deliv,54.08,dining,simulated_bank_transactions_uk
2023-07-21,TRANSPORT-ESSO-FUEL 319134,3.62,transportation,simulated_bank_transactions_uk
2024-06-16,transport trainline train ticket,94.58,transportation,simulated_bank_transactions_uk
2023-05-22,MASTERCARD FUEL UBER UBER RIDE 164968,17.57,transportation,simulated_bank_transactions_uk
2023-02-20,rent payment letting agent,691.95,housing,simulated_bank_transactions_uk
2023-10-27,Mortgage Pmt Mortgage,1697.63,housing,simulated_bank_transactions_uk
2023-09-17,CARD CARD PAYMENT UBER BUS PASS 880861,19.46,transportation,simulated_bank_transactions_uk
2023-08-06,card payment spotify 793908,12.35,subscriptions,simulated_bank_transactions_uk
2024-01-26,FUEL TRAINLINE FUEL 732328,95.25,transportation,simulated_bank_transactions_uk
2024-12-08,Card*Pmt*Asda*Eggs 351067,188.01,groceries,simulated_bank_transactions_uk
2024-10-15,Transport National Rail Fuel,70.83,transportation,simulated_bank_transactions_uk
2023-12-10,contactless aldi rice 165607,79.33,groceries,simulated_bank_transactions_uk
2023-10-20,Food/Delivery/Uber/Eats/Food/Delivery 6574,99.02,dining,simulated_bank_transactions_uk
2024-07-29,Bacs Rent Rent 618075,856.28,housing,simulated_bank_transactions_uk
2023-02-23,POS PURCHASE ARGOS GIFT,72.14,other,simulated_bank_transactions_uk
2024-09-28,Card Payment Asda Rice 290956,33.39,groceries,simulated_bank_transactions_uk
2023-08-09,direct-debit-utility-bill-sky,238.4,utilities,simulated_bank_transactions_uk
2023-12-06,BILL PMT BT 155285,43.2,utilities,simulated_bank_transactions_uk
2024-06-27,DIRECT*DEBIT*THAMES*WATER 424498,136.67,utilities,simulated_bank_transactions_uk
2023-02-19,food delivery pret restaurant,88.84,dining,simulated_bank_transactions_uk
2024-10-15,Pos Card Payment Tesco Milk 485657,60.74,groceries,simulated_bank_transactions_uk
2023-09-05,Card Payment Morrisons Chicken 810344,16.98,groceries,simulated_bank_transactions_uk
2024-06-05,Pos*Aldi*Fruit 808805,80.07,groceries,simulated_bank_transactions_uk
2023-07-15,DIRECT*DEBIT*OCTOPUS*ENERGY 595794,220.9,utilities,simulated_bank_transactions_uk
2024-10-23,Fuel Bolt Uber Ride 481357,39.87,transportation,simulated_bank_transactions_uk
2023-12-27,CONTACTLESS SAINSBURYS CHICKEN,94.33,groceries,simulated_bank_transactions_uk
2024-10-16,FUEL*SHELL*TRAIN*TICKET,7.8,transportation,simulated_bank_transactions_uk
2023-11-22,Card Pmt Sainsburys Fruit,105.68,groceries,simulated_bank_transactions_uk
2024-04-06,UTILITY-BILL-EE 373067,50.85,utilities,simulated_bank_transactions_uk
2024-09-14,Fuel*Tfl*Uber*Ride 441747,14.59,transportation,simulated_bank_transactions_uk
2024-11-03,POS*MORRISONS*CEREAL 32782,159.11,groceries,simulated_bank_transactions_uk
2023-04-16,fps*contactless*lidl*rice 983755,99.33,groceries,simulated_bank_transactions_uk
2024-02-03,TRANSPORT BOLT UBER RIDE 377850,52.48,transportation,simulated_bank_transactions_uk
2023-04-26,Transport Bp Car Maintenan,136.93,transportation,simulated_bank_transactions_uk
2024-01-30,Pos Waitrose Cereal 584170,166.19,groceries,simulated_bank_transactions_uk
2024-06-17,FUEL SHELL CAR MAINTENANCE 90362,103.55,transportation,simulated_bank_transactions_uk
2023-03-09,Pos Lidl Rice 570268,36.17,groceries,simulated_bank_transactions_uk
2023-01-29,So Fuel Bp Uber Ride 922322,101.28,transportation,simulated_bank_transactions_uk
2023-07-14,Utility Bill Thames Water 895047,73.73,utilities,simulated_bank_transactions_uk
2023-12-23,Utility Bill O2,40.74,utilities,simulated_bank_transactions_uk
2024-07-12,CARD/PAYMENT/UBER/FUEL 397206,99.37,transportation,simulated_bank_transactions_uk
2023-09-11,BILL PMT SKY 245087,248.69,utilities,simulated_bank_transactions_uk
2024-02-02,Restaurant Mcdonalds Fast Food,48.75,dining,simulated_bank_transactions_uk
2024-12-18,transport trainline train ticket,15.01,transportation,simulated_bank_transactions_uk
2024-11-28,card payment bp car maintenance 800460,7.98,transportation,simulated_bank_transactions_uk
2024-03-14,Bill Payment Octopus Energy,243.32,utilities,simulated_bank_transactions_uk
2023-01-05,Transport Esso Car Maintenance 628639,121.92,transportation,simulated_bank_transactions_uk
2024-06-11,Sto Direct Debit Disney+,4.26,subscriptions,simulated_bank_transactions_uk
2024-04-18,Contactless Bill Payment Vodafone 611300,236.72,utilities,simulated_bank_transactions_uk
2024-07-27,Pos Aldi Fruit 24646,88.85,groceries,simulated_bank_transactions_uk
2023-03-13,Subscription Apple.com/bill 773269,14.46,subscriptions,simulated_bank_transactions_uk
2023-05-09,card payment deliveroo restaurant,30.51,dining,simulated_bank_transactions_uk
2024-03-12,bacs landlord rent 829098,2112.25,housing,simulated_bank_transactions_uk
2024-07-11,mastercard card pmt asda rice 817418,5.86,groceries,simulated_bank_transactions_uk
2023-01-08,fuel uber train ticket 952541,131.91,transportation,simulated_bank_transactions_uk
2023-05-09,transport esso car maintenance 610166,129.49,transportation,simulated_bank_transactions_uk
2023-08-18,fps bacs mortgage rent,1640.31,housing,simulated_bank_transactions_uk
2024-05-01,MASTERCARD*CARD*PMT*GREGGS*FAST*FOOD,152.27,dining,simulated_bank_transactions_uk
2024-05-28,fuel bp uber ride,18.68,transportation,simulated_bank_transactions_uk
2024-05-07,card*utility*bill*ee 592909,55.14,utilities,simulated_bank_transactions_uk
2024-09-09,sto/card/pmt/just/eat,35.76,dining,simulated_bank_transactions_uk
2023-05-30,Pos Iceland Cereal 670387,181.94,groceries,simulated_bank_transactions_uk
2023-10-13,SO POS ICELAND EGGS 807311,144.68,groceries,simulated_bank_transactions_uk
2024-05-15,card payment waitrose chicken 113734,136.65,groceries,simulated_bank_transactions_uk
2024-11-05,CARD/PMT/TESCO/MILK 273997,73.02,groceries,simulated_bank_transactions_uk
2023-04-07,Fuel Esso Fuel 905191,137.99,transportation,simulated_bank_transactions_uk
2024-11-25,subscription netflix,42.32,subscriptions,simulated_bank_transactions_uk
2024-01-09,FOOD DELIVERY GREGGS CAFE 300085,21.79,dining,simulated_bank_transactions_uk
2024-02-13,Food Delivery Pret,59.23,dining,simulated_bank_transactions_uk
2023-02-11,Card Pmt Tfl Fuel 695098,58.13,transportation,simulated_bank_transactions_uk
2023-08-29,CARD*PMT*JUST*EAT*CAFE 154970,86.22,dining,simulated_bank_transactions_uk
2024-09-21,Card Pmt Aldi Chicken 639803,8.14,groceries,simulated_bank_transactions_uk
2023-10-16,Restaurant/Nando's/Fast/Food 428515,30.03,dining,simulated_bank_transactions_uk
2024-12-30,Rent Payment Landlord 250153,1238.79,housing,simulated_bank_transactions_uk
2024-12-12,Direct/Debit/Severn/Trent,171.67,utilities,simulated_bank_transactions_uk
2023-09-22,Contactless Sainsburys Bread 273702,117.99,groceries,simulated_bank_transactions_uk
2024-01-06,Pos Aldi Milk 299969,94.44,groceries,simulated_bank_transactions_uk
2024-03-07,restaurant deliveroo cafe 195853,109.12,dining,simulated_bank_transactions_uk
2024-10-17,POS ASDA BREAD,70.24,groceries,simulated_bank_transactions_uk
2023-12-03,CARD-PAYMENT-STARBUCKS-RESTAURANT,145.72,dining,simulated_bank_transactions_uk
2024-02-11,Fps Contactless Tesco Bread 80371,13.55,groceries,simulated_bank_transactions_uk
2023-02-01,CARD-PAYMENT-UBER-EATS-FAST-FOOD 92767,69.95,dining,simulated_bank_transactions_uk
2024-07-27,TRANSPORT ESSO TRAIN TICKET 589609,57.38,transportation,simulated_bank_transactions_uk
2024-04-24,RESTAURANT PRET FAST FOOD 413686,108.76,dining,simulated_bank_transactions_uk
2024-07-23,MASTERCARD MORTGAGE PAYMENT MORTGAGE 25808,1356.36,housing,simulated_bank_transactions_uk
2023-10-23,sto rent payment letting agent,992.02,housing,simulated_bank_transactions_uk
2023-04-02,TRANSPORT NATIONAL RAIL TRAIN TICKET 899587,51.43,transportation,simulated_bank_transactions_uk
2024-02-17,restaurant/starbucks/restaurant 919234,48.97,dining,simulated_bank_transactions_uk
2024-01-29,fuel bp uber ride,114.91,transportation,simulated_bank_transactions_uk
2024-02-01,CARD PAYMENT WAITROSE FRUIT,197.07,groceries,simulated_bank_transactions_uk
2023-06-09,MORTGAGE PAYMENT LETTING AGENT 120396,1939.22,housing,simulated_bank_transactions_uk
2024-05-21,Contactless/Iceland/Rice,22.87,groceries,simulated_bank_transactions_uk
2023-05-30,CARD-PAYMENT-DELIVEROO-CAFE 784076,70.61,dining,simulated_bank_transactions_uk
2024-07-05,card/pmt/google/*services,16.73,subscriptions,simulated_bank_transactions_uk
2024-05-25,Utility Bill Sky,236.89,utilities,simulated_bank_transactions_uk
2023-02-05,Food*Delivery*Uber*Eats*Food*Delivery 91094,5.41,dining,simulated_bank_transactions_uk
2024-02-05,Bacs Restaurant Kfc Fast Food 956508,8.22,dining,simulated_bank_transactions_uk
2024-01-22,CONTACTLESS RESTAURANT MCDONALDS RESTAURANT 103,52.15,dining,simulated_bank_transactions_uk
2023-01-25,CARD PAYMENT NETFLIX,7.53,subscriptions,simulated_bank_transactions_uk
2023-05-27,FOOD DELIVERY KFC FOOD DELIVERY,48.37,dining,simulated_bank_transactions_uk
2024-10-29,Transport Shell Uber Ride 57312,57.29,transportation,simulated_bank_transactions_uk
2024-12-13,POS LIDL MILK 189307,176.43,groceries,simulated_bank_transactions_uk
2024-03-06,Card/Payment/Deliveroo/Fast/Food,54.64,dining,simulated_bank_transactions_uk
2024-12-30,CARD PAYMENT GYM GROUP 707796,19.64,subscriptions,simulated_bank_transactions_uk
2023-04-02,Direct Debit Gym Group 485991,37.28,subscriptions,simulated_bank_transactions_uk
2024-08-26,Sto-Rent-Pmt-Letting-Agent,1769.69,housing,simulated_bank_transactions_uk
2024-03-30,POS LIDL RICE 848929,17.86,groceries,simulated_bank_transactions_uk
2023-11-14,Card-Pmt-Shell-Uber-Ride 392124,113.72,transportation,simulated_bank_transactions_uk
2023-06-27,So Mortgage Payment Letting Agent 101668,2149.12,housing,simulated_bank_transactions_uk
2023-10-13,Direct Debit Card Pmt Esso Train Ticket,48.36,transportation,simulated_bank_transactions_uk
2023-02-21,card pmt morrisons eggs 860760,126.87,groceries,simulated_bank_transactions_uk
2023-09-26,Restaurant Deliveroo Fast Food 781846,12.65,dining,simulated_bank_transactions_uk
2023-04-01,FOOD DELIVERY STARBUCKS CAFE 885663,69.66,dining,simulated_bank_transactions_uk
2024-06-30,CONTACTLESS TESCO FRUIT 913588,81.81,groceries,simulated_bank_transactions_uk
2023-03-26,Mortgage Pmt Letting Agent,1443.36,housing,simulated_bank_transactions_uk
2024-03-15,Contactless Waitrose Eggs 50449,136.5,groceries,simulated_bank_transactions_uk
2024-08-08,card payment bolt bus pass,119.72,transportation,simulated_bank_transactions_uk
2023-09-20,STO BILL PMT BRITISH GAS 543738,235.12,utilities,simulated_bank_transactions_uk
2023-08-14,Bacs Subscription Apple.com/bill,39.74,subscriptions,simulated_bank_transactions_uk
2023-12-24,CARD PAYMENT ALDI BREAD 357706,12.09,groceries,simulated_bank_transactions_uk
2023-09-08,Contactless-Food-Delivery-Uber-Eats-Fast-Food,109.52,dining,simulated_bank_transactions_uk
2023-07-27,Bacs Pos Sainsburys Fruit 140863,101.95,groceries,simulated_bank_transactions_uk
2023-04-07,RESTAURANT GREGGS FOOD DELIVERY 831526,156.7,dining,simulated_bank_transactions_uk
2023-05-24,Restaurant*Deliveroo*Restaurant,120.78,dining,simulated_bank_transactions_uk
2024-02-22,Mastercard Food Delivery Just Eat Fast Food 437475,78.53,dining,simulated_bank_transactions_uk
2023-04-17,Restaurant-Costa-Food-Delivery 214046,105.38,dining,simulated_bank_transactions_uk
2024-12-07,card-pmt-esso-fuel 413150,60.95,transportation,simulated_bank_transactions_uk
2024-02-12,SO RENT PMT LETTING AGENT 657227,1417.62,housing,simulated_bank_transactions_uk
2024-07-09,Rent Payment Rent 200014,1670.21,housing,simulated_bank_transactions_uk
2023-08-30,CARD-PAYMENT-AMAZON-PRIME,20.78,subscriptions,simulated_bank_transactions_uk
2024-11-13,card payment shell car maintenan,127.04,transportation,simulated_bank_transactions_uk
2024-02-11,DIRECT DEBIT VODAFONE,196.25,utilities,simulated_bank_transactions_uk
2024-02-16,Bacs Mortgage Rent,900.27,housing,simulated_bank_transactions_uk
2024-03-18,contactless*waitrose*eggs,40.89,groceries,simulated_bank_transactions_uk
2024-06-11,transport tfl car maintena,116.65,transportation,simulated_bank_transactions_uk
2024-02-11,Pos Asda Rice,92.27,groceries,simulated_bank_transactions_uk
2023-11-29,Contactless/Morrisons/Fruit,197.95,groceries,simulated_bank_transactions_uk
2024-08-17,CARD PAYMENT SAINSBURYS MILK 561541,95.44,groceries,simulated_bank_transactions_uk
2023-04-19,card card pmt kfc food delivery 673195,92.67,dining,simulated_bank_transactions_uk
2024-05-06,Card Pmt Aldi Vegetables 947383,126.38,groceries,simulated_bank_transactions_uk
2024-09-09,card-pmt-bolt-fuel 830531,46.53,transportation,simulated_bank_transactions_uk
2024-07-16,DIRECT DEBIT APPLE.COM/BILL,16.15,subscriptions,simulated_bank_transactions_uk
2024-06-28,SUBSCRIPTION AMAZON PRIME 104908,19.14,subscriptions,simulated_bank_transactions_uk
2024-12-28,Pos Morrisons Milk,185.23,groceries,simulated_bank_transactions_uk
2024-03-27,RENT PAYMENT RENT 361664,843.44,housing,simulated_bank_transactions_uk
2024-07-18,Contactless-Iceland-Fruit 437316,69.28,groceries,simulated_bank_transactions_uk
2023-05-23,Restaurant Kfc Restaurant 692655,152.78,dining,simulated_bank_transactions_uk
2023-12-26,pos-food-delivery-deliveroo-food-delivery 276504,139.45,dining,simulated_bank_transactions_uk
2023-03-24,Subscription*Disney+ 60131,25.85,subscriptions,simulated_bank_transactions_uk
2023-02-10,Food/Delivery/Greggs/Food/Delivery 636936,86.47,dining,simulated_bank_transactions_uk
2023-01-05,card payment sainsburys vegetables 964167,155.9,groceries,simulated_bank_transactions_uk
2024-08-31,RESTAURANT-PRET-FAST-FOOD 286354,45.59,dining,simulated_bank_transactions_uk
2024-04-02,restaurant costa fast f,86.04,dining,simulated_bank_transactions_uk
2024-04-19,Card/Payment/Greggs/Cafe 926176,59.19,dining,simulated_bank_transactions_uk
2023-05-25,POS PURCHASE EBAY MISC EXPENSE 25374,161.71,other,simulated_bank_transactions_uk
2023-06-03,RESTAURANT-NANDO'S-RESTAURANT 26632,24.14,dining,simulated_bank_transactions_uk
2024-06-03,bill payment e.on 537945,39.99,utilities,simulated_bank_transactions_uk
2023-06-25,DIRECT*DEBIT*THAMES*WATER 517972,140.95,utilities,simulated_bank_transactions_uk
2024-10-20,restaurant kfc restaurant 888445,67.23,dining,simulated_bank_transactions_uk
2023-06-15,FOOD DELIVERY KFC FAST FOOD,159.3,dining,simulated_bank_transactions_uk
2023-08-04,CONTACTLESS*CONTACTLESS*WAITROSE*RICE,84.57,groceries,simulated_bank_transactions_uk
2023-06-22,so subscription puregym 35161,4.64,subscriptions,simulated_bank_transactions_uk
2024-05-25,BACS LETTING AGENT RENT 848510,1862.81,housing,simulated_bank_transactions_uk
2023-09-25,FOOD DELIVERY PRET RESTAURANT 602855,150.77,dining,simulated_bank_transactions_uk
2024-03-09,direct*debit*spotify 357261,30.7,subscriptions,simulated_bank_transactions_uk
2024-04-25,Direct Debit Card Pmt Waitrose Cereal 959611,75.88,groceries,simulated_bank_transactions_uk
2023-01-26,contactless rent pmt letting agent,1634.34,housing,simulated_bank_transactions_uk
2024-12-07,RESTAURANT/COSTA/FOOD/DELIVERY 32625,81.7,dining,simulated_bank_transactions_uk
2024-11-10,Card-Pmt-Waitrose-Chicken 964459,64.49,groceries,simulated_bank_transactions_uk
2024-11-25,CARD PAYMENT AMAZON PHARMACY 163103,225.62,other,simulated_bank_transactions_uk
2024-01-25,Subscription Spotify 875332,14.48,subscriptions,simulated_bank_transactions_uk
2024-01-06,CARD/PAYMENT/BOLT/FUEL 444532,110.88,transportation,simulated_bank_transactions_uk
2023-08-13,card pmt starbucks food delivery 339941,150.66,dining,simulated_bank_transactions_uk
2024-11-02,utility*bill*scottishpower,90.96,utilities,simulated_bank_transactions_uk
2024-11-09,Card Transport Uber Car Maintenance 124252,136.58,transportation,simulated_bank_transactions_uk
2024-06-10,Subscription Netflix,42.03,subscriptions,simulated_bank_transactions_uk
2023-10-31,card pmt tesco chicken 901585,103.8,groceries,simulated_bank_transactions_uk
2023-12-28,Food Delivery Starbucks Fast Food 451749,107.51,dining,simulated_bank_transactions_uk
2024-03-02,Restaurant Just Eat Cafe 570301,102.65,dining,simulated_bank_transactions_uk
2024-02-06,Card Payment Spotify 886764,21.8,subscriptions,simulated_bank_transactions_uk
2023-06-07,STO DIRECT DEBIT NETFLIX 631537,16.84,subscriptions,simulated_bank_transactions_uk
2024-06-21,CONTACTLESS ICELAND CEREAL,97.19,groceries,simulated_bank_transactions_uk
2023-10-25,Direct Debit Card Payment National Rail Car Maintenance 295986,126.35,transportation,simulated_bank_transactions_uk
2024-09-16,POS/POS/ASDA/FRUIT 562959,155.43,groceries,simulated_bank_transactions_uk
2024-03-16,card-payment-starbucks-food-delivery 52715,51.62,dining,simulated_bank_transactions_uk
2023-02-02,Online Purchase Ebay Pharmacy 167952,217.03,other,simulated_bank_transactions_uk
2023-03-03,direct debit vodafone,99.99,utilities,simulated_bank_transactions_uk
2024-06-28,SO UTILITY BILL SKY 910086,165.03,utilities,simulated_bank_transactions_uk
2023-01-09,Direct Debit Utility Bill Thames Water,63.82,utilities,simulated_bank_transactions_uk
2024-09-09,card card pmt waitrose rice 513056,59.67,groceries,simulated_bank_transactions_uk
2024-04-23,subscription spotify 404598,5.87,subscriptions,simulated_bank_transactions_uk
2024-08-27,CARD PAYMENT UBER FUEL 27444,127.16,transportation,simulated_bank_transactions_uk
2024-12-03,DIRECT DEBIT BRITISH GAS,181.73,utilities,simulated_bank_transactions_uk
2023-05-22,Pos-Morrisons-Milk,17.37,groceries,simulated_bank_transactions_uk
2023-02-09,Card-Bill-Pmt-O2 508578,50.84,utilities,simulated_bank_transactions_uk
2023-12-18,Restaurant-Mcdonalds-Restaurant 778626,51.48,dining,simulated_bank_transactions_uk
2023-04-07,FPS*CONTACTLESS*ICELAND*EGGS 309907,192.09,groceries,simulated_bank_transactions_uk
2023-03-08,utility/bill/sky 624313,78.34,utilities,simulated_bank_transactions_uk
2024-12-01,FPS CARD PMT ALDI CEREAL 49196,121.34,groceries,simulated_bank_transactions_uk
2024-05-18,SO/RESTAURANT/JUST/EAT/FAST/FOOD,132.78,dining,simulated_bank_transactions_uk
2023-04-13,restaurant mcdonalds food delivery 954762,34.15,dining,simulated_bank_transactions_uk
2024-08-12,pos morrisons rice,133.08,groceries,simulated_bank_transactions_uk
2023-07-09,DIRECT DEBIT POS LIDL EGGS,83.22,groceries,simulated_bank_transactions_uk
2024-03-20,mortgage*pmt*rent,880.93,housing,simulated_bank_transactions_uk
2024-11-14,direct/debit/gym/group 390480,41.15,subscriptions,simulated_bank_transactions_uk
2024-05-22,UTILITY BILL SCOTTISHPOWER 835335,148.04,utilities,simulated_bank_transactions_uk
2024-11-24,bacs pos iceland rice,113.03,groceries,simulated_bank_transactions_uk
2023-03-24,FPS BILL PMT E.ON 291873,105.42,utilities,simulated_bank_transactions_uk
2024-09-10,BILL-PMT-SCOTTISHPOWER,254.55,utilities,simulated_bank_transactions_uk
2023-11-28,DIRECT-DEBIT-SPOTIFY 275964,27.97,subscriptions,simulated_bank_transactions_uk
2023-11-08,CARD PMT ICELAND C,134.78,groceries,simulated_bank_transactions_uk
2024-12-01,BILL PAYMENT SEVERN TRENT 81258,98.48,utilities,simulated_bank_transactions_uk
2024-03-03,POS MORRISONS CEREAL,141.21,groceries,simulated_bank_transactions_uk
2023-04-21,Contactless Asda Eggs 211174,111.04,groceries,simulated_bank_transactions_uk
2023-09-14,Contactless Fuel Bp Train Ticket 69,36.15,transportation,simulated_bank_transactions_uk
2024-11-14,Direct Debit Thame,223.78,utilities,simulated_bank_transactions_uk
2024-03-09,Fps Bill Payment Bt 644101,113.02,utilities,simulated_bank_transactions_uk
2023-09-21,restaurant uber eats fast food 928491,122.96,dining,simulated_bank_transactions_uk
2023-01-30,Bacs Mortgage Rent,1817.55,housing,simulated_bank_transactions_uk
2024-11-01,transport*esso*car*maintenance 852518,18.36,transportation,simulated_bank_transactions_uk
2024-09-28,TRANSPORT SHELL TRAIN TICKET,3.95,transportation,simulated_bank_transactions_uk
2023-03-27,BACS-LANDLORD-RENT,1535.08,housing,simulated_bank_transactions_uk
2023-08-29,food delivery nando's cafe 94787,42.28,dining,simulated_bank_transactions_uk
2023-03-17,Rent Pmt Rent,1170.84,housing,simulated_bank_transactions_uk
2023-11-15,fuel bolt fuel 424390,131.86,transportation,simulated_bank_transactions_uk
2024-08-27,Bill Pmt O2 26466,194.46,utilities,simulated_bank_transactions_uk
2024-12-21,Transport Trainline Train Ticket 817978,128.18,transportation,simulated_bank_transactions_uk
2023-04-13,Food Delivery Uber Eats Cafe 642461,40.27,dining,simulated_bank_transactions_uk
2023-08-23,So/Rent/Payment/Mortgage 285065,1084.62,housing,simulated_bank_transactions_uk
2024-06-27,subscription netflix,41.71,subscriptions,simulated_bank_transactions_uk
2023-04-03,Pos*Purchase*Ebay*Pharmacy,127.01,other,simulated_bank_transactions_uk
2024-01-14,Sto Card Payment Starbucks Fast Food 447519,13.86,dining,simulated_bank_transactions_uk
2024-01-11,FPS FOOD DELIVERY PRET FAST,67.11,dining,simulated_bank_transactions_uk
2023-09-01,Card Pmt Iceland Eggs 225281,112.83,groceries,simulated_bank_transactions_uk
2024-01-06,card pmt lidl chicken,30.84,groceries,simulated_bank_transactions_uk
2023-07-09,SUBSCRIPTION AMAZON PRIME,19.52,subscriptions,simulated_bank_transactions_uk
2023-12-06,restaurant pret restaurant,22.08,dining,simulated_bank_transactions_uk
2024-10-05,direct debit vodafone 792811,200.89,utilities,simulated_bank_transactions_uk
2024-12-25,direct debit e.on,147.51,utilities,simulated_bank_transactions_uk
2024-09-21,So Contactless Iceland Chicken 73448,53.5,groceries,simulated_bank_transactions_uk
2024-12-03,Utility Bill E.on 133468,233.35,utilities,simulated_bank_transactions_uk
2024-08-22,Pos Card Payment Kfc Fast Food,107.99,dining,simulated_bank_transactions_uk
2023-04-20,fuel tfl uber ride,95.59,transportation,simulated_bank_transactions_uk
2024-08-21,So Utility Bill British Gas 815094,59.56,utilities,simulated_bank_transactions_uk
2024-02-04,card payment tesco cereal 44940,122.97,groceries,simulated_bank_transactions_uk
2024-04-07,Mortgage*Payment*Letting*Agent 719848,1903.79,housing,simulated_bank_transactions_uk
2024-03-13,CONTACTLESS MORRISONS EGGS 579428,104.3,groceries,simulated_bank_transactions_uk
2024-05-30,Card/Pmt/Aldi/Bread,150.01,groceries,simulated_bank_transactions_uk
2023-04-11,BACS TRANSPORT BOLT CAR MAINTENANCE,23.48,transportation,simulated_bank_transactions_uk
2023-03-19,Restaurant Deliveroo Fast Food,66.55,dining,simulated_bank_transactions_uk
2024-04-16,Direct Debit Netflix 454992,12.93,subscriptions,simulated_bank_transactions_uk
2023-01-28,Transport Trainline Fuel 725209,17.72,transportation,simulated_bank_transactions_uk
2024-04-07,BILL PAYMENT O2 681853,145.75,utilities,simulated_bank_transactions_uk
2023-12-21,SO CARD PAYMENT NATIONAL RAIL FUEL 399123,90.8,transportation,simulated_bank_transactions_uk
2023-03-24,RENT/PAYMENT/LETTING/AGENT 784329,1609.06,housing,simulated_bank_transactions_uk
2023-10-08,Direct Debit Thames Water 996459,38.27,utilities,simulated_bank_transactions_uk
2023-07-01,utility bill vodafone,215.08,utilities,simulated_bank_transactions_uk
2024-06-17,so card payment asda fruit 409213,149.77,groceries,simulated_bank_transactions_uk
2023-02-05,Card Pmt Lidl Cereal 80872,113.22,groceries,simulated_bank_transactions_uk
2024-10-15,Rent/Pmt/Mortgage,2107.2,housing,simulated_bank_transactions_uk
2023-11-20,Bill Payment British Gas,64.97,utilities,simulated_bank_transactions_uk
2023-02-18,Pos*Card*Payment*Tfl*Fuel 783966,107.05,transportation,simulated_bank_transactions_uk
2024-09-11,pos aldi milk 597525,58.08,groceries,simulated_bank_transactions_uk
2024-12-02,Direct Debit Disney+,15.2,subscriptions,simulated_bank_transactions_uk
2023-03-12,RESTAURANT-PRET-FOOD-DELIVERY,51.13,dining,simulated_bank_transactions_uk
2024-03-10,card pmt shell train ticket 5259,35.13,transportation,simulated_bank_transactions_uk
2023-09-07,FUEL NATIONAL RAIL UBER RIDE 668584,8.16,transportation,simulated_bank_transactions_uk
2023-03-15,card pmt puregym 294933,22.3,subscriptions,simulated_bank_transactions_uk
2023-09-08,card pmt morrisons vegetables 737749,24.53,groceries,simulated_bank_transactions_uk
2023-11-14,UTILITY/BILL/VODAFONE 444785,48.63,utilities,simulated_bank_transactions_uk
2024-07-02,Card-Contactless-Aldi-Milk 140676,24.22,groceries,simulated_bank_transactions_uk
2023-08-30,sto card payment starbucks fast food,61.06,dining,simulated_bank_transactions_uk
2023-03-20,CONTACTLESS SAINSBURYS RICE 699464,138.6,groceries,simulated_bank_transactions_uk
2023-05-05,Mortgage Pmt Landlord 337390,1249.44,housing,simulated_bank_transactions_uk
2023-01-10,SO CARD PMT JUST EAT CAFE,39.45,dining,simulated_bank_transactions_uk
2024-12-19,CONTACTLESS TESCO BREAD 955995,131.46,groceries,simulated_bank_transactions_uk
2024-09-06,Transport/Bolt/Train/Ticket 46703,103.88,transportation,simulated_bank_transactions_uk
2024-03-14,Pos Contactless Waitrose Chicken 955651,131.36,groceries,simulated_bank_transactions_uk
2023-12-29,FUEL SHELL UBER RIDE 411435,7.9,transportation,simulated_bank_transactions_uk
2023-04-13,MASTERCARD CARD PAYMENT LIDL CHICKEN 137142,141.26,groceries,simulated_bank_transactions_uk
2024-04-12,pos subscription amazon prime 867662,41.45,subscriptions,simulated_bank_transactions_uk
2024-01-09,Card-Payment-Sainsburys-Rice,57.45,groceries,simulated_bank_transactions_uk
2024-11-18,Rent Payment Rent 523870,1881.41,housing,simulated_bank_transactions_uk
2023-07-04,transport-bp-car-maintenance 874135,46.25,transportation,simulated_bank_transactions_uk
2023-03-24,card payment aldi milk 972965,108.17,groceries,simulated_bank_transactions_uk
2024-09-29,Pos Subscription Spotify 758517,34.89,subscriptions,simulated_bank_transactions_uk
2024-01-08,Bill Payment E.on 869390,110.02,utilities,simulated_bank_transactions_uk
2024-02-09,FUEL-UBER-FUEL,21.56,transportation,simulated_bank_transactions_uk
2024-09-06,DIRECT DEBIT VODAFONE 10808,218.34,utilities,simulated_bank_transactions_uk
2023-08-30,contactless/aldi/fruit 6,102.21,groceries,simulated_bank_transactions_uk
2024-11-22,TRANSPORT TRAINLINE UBER RIDE,96.96,transportation,simulated_bank_transactions_uk
2024-03-11,transport bolt fuel 367830,105.51,transportation,simulated_bank_transactions_uk
2023-05-18,Card Pmt Asda Vegetables 953941,83.15,groceries,simulated_bank_transactions_uk
2024-03-27,Direct Debit Card Payment Starbucks Caf,148.17,dining,simulated_bank_transactions_uk
2024-05-21,TRANSPORT-UBER-UBER-RIDE 834668,53.37,transportation,simulated_bank_transactions_uk
2024-06-21,Pos Card Pmt Morrisons Bread,43.14,groceries,simulated_bank_transactions_uk
2023-02-17,transport bp bus pass 84308,115.6,transportation,simulated_bank_transactions_uk
2024-11-02,Pos/Aldi/Eggs 170013,47.4,groceries,simulated_bank_transactions_uk
2023-03-12,bacs landlord rent,1684.19,housing,simulated_bank_transactions_uk
2023-06-30,VISA UTILITY BILL SEVERN TRENT 483661,233.15,utilities,simulated_bank_transactions_uk
2023-01-01,CARD/PMT/TFL/TRAIN/TICKET 618494,102.4,transportation,simulated_bank_transactions_uk
2024-04-13,UTILITY BILL THAMES WATER 543156,41.83,utilities,simulated_bank_transactions_uk
2023-06-28,Fuel Uber Uber Ride 412066,96.42,transportation,simulated_bank_transactions_uk
2023-10-30,mastercard card payment starbucks restaurant 733228,63.06,dining,simulated_bank_transactions_uk
2024-06-28,Card Pmt Esso Uber Ride 845,84.93,transportation,simulated_bank_transactions_uk
2024-03-01,Food Delivery Nando's Fast Food 627456,142.51,dining,simulated_bank_transactions_uk
2024-02-02,UTILITY BILL THAMES WATER 954597,222.8,utilities,simulated_bank_transactions_uk
2024-02-01,Direct Debit Bill Pmt E.on 786412,254.58,utilities,simulated_bank_transactions_uk
2023-08-10,food delivery nando's cafe 102151,148.68,dining,simulated_bank_transactions_uk
2023-08-25,Mastercard Bill Pmt Ee 584628,208.16,utilities,simulated_bank_transactions_uk
2024-05-13,card pos lidl chicken 695767,110.55,groceries,simulated_bank_transactions_uk
2023-08-21,Food Delivery Greggs Fast Food 31550,67.24,dining,simulated_bank_transactions_uk
2024-08-13,Food Delivery Costa Restaurant 391670,123.65,dining,simulated_bank_transactions_uk
2024-12-24,Online Purchase Ebay Misc Expense 466113,195.53,other,simulated_bank_transactions_uk
2024-10-21,ONLINE PURCHASE HMRC ELECTRONICS,31.06,other,simulated_bank_transactions_uk
2024-09-04,CARD PAYMENT ALDI MILK 722461,79.74,groceries,simulated_bank_transactions_uk
2023-09-28,CARD CARD PAYMENT TESCO BREAD,13.52,groceries,simulated_bank_transactions_uk
2023-03-25,Pos*Sainsburys*Eggs 737256,117.91,groceries,simulated_bank_transactions_uk
2023-06-10,card payment national rail train ticket 803572,19.7,transportation,simulated_bank_transactions_uk
2023-01-21,utility bill octopus energy 642088,146.87,utilities,simulated_bank_transactions_uk
2024-08-20,Pos-Tesco-Bread,92.04,groceries,simulated_bank_transactions_uk
2024-05-06,Subscription Disney+,30.73,subscriptions,simulated_bank_transactions_uk
2024-06-17,Direct Debit Bt 470691,148.57,utilities,simulated_bank_transactions_uk
2024-08-18,Food Delivery Costa Cafe,143.63,dining,simulated_bank_transactions_uk
2023-05-19,Restaurant Nando's Restaurant,53.94,dining,simulated_bank_transactions_uk
2024-07-13,Direct*Debit*Card*Payment*Iceland*Bread 919137,26.52,groceries,simulated_bank_transactions_uk
2023-12-31,bacs mortgage rent 857243,2181.16,housing,simulated_bank_transactions_uk
2024-07-01,BACS FUEL UBER UBER RIDE 7,78.3,transportation,simulated_bank_transactions_uk
2024-05-19,restaurant just eat restaur,72.06,dining,simulated_bank_transactions_uk
2023-09-07,contactless*sainsburys*vegetables 130131,84.24,groceries,simulated_bank_transactions_uk
2023-04-07,Pos-Card-Pmt-Iceland-Fruit,44.02,groceries,simulated_bank_transactions_uk
2024-01-11,pos contactless asda cereal 283317,196.31,groceries,simulated_bank_transactions_uk
2024-02-29,Visa-Direct-Debit-Puregym,37.54,subscriptions,simulated_bank_transactions_uk
2023-08-12,CONTACTLESS-TESCO-CHICKEN 302867,123.72,groceries,simulated_bank_transactions_uk
2023-04-01,transport-trainline-car-maintenance 830511,71.98,transportation,simulated_bank_transactions_uk
2024-12-07,direct debit food delivery deliveroo fast food,86.46,dining,simulated_bank_transactions_uk
2023-06-20,Mastercard Food Delivery Kfc Restaurant 721759,65.75,dining,simulated_bank_transactions_uk
2024-10-20,POS RESTAURANT NANDO'S RESTAURANT 855236,123.36,dining,simulated_bank_transactions_uk
2024-05-20,Subscription Gym Group 999627,7.15,subscriptions,simulated_bank_transactions_uk
2023-08-16,bill payment vodafone 975719,52.01,utilities,simulated_bank_transactions_uk
2023-05-04,card/pmt/netflix 766489,21.29,subscriptions,simulated_bank_transactions_uk
2024-09-20,CARD PMT SPOTIFY 957547,7.15,subscriptions,simulated_bank_transactions_uk
2023-02-07,Pos Mortgage Payment Landlord 368958,1065.03,housing,simulated_bank_transactions_uk
2024-09-08,Subscription-Google-*services 922157,16.73,subscriptions,simulated_bank_transactions_uk
2023-06-17,subscription spotify 566736,23.53,subscriptions,simulated_bank_transactions_uk
2023-12-07,food delivery costa food delivery,62.59,dining,simulated_bank_transactions_uk
2023-08-29,Fuel Bp Bus Pass,97.89,transportation,simulated_bank_transactions_uk
2023-10-13,Restaurant Costa Restaurant,28.74,dining,simulated_bank_transactions_uk
2023-06-07,ONLINE PURCHASE NHS MISC EXPENSE 784707,152.13,other,simulated_bank_transactions_uk
2023-12-17,CONTACTLESS ALDI VEGETABLES 345855,156.55,groceries,simulated_bank_transactions_uk
2024-09-06,CARD PAYMENT ALDI CHICKEN 857214,18.6,groceries,simulated_bank_transactions_uk
2023-03-10,Restaurant/Nando's/Fast/Food 14729,55.01,dining,simulated_bank_transactions_uk
2024-03-07,Food Delivery Nando's Food Delivery 77239,133.97,dining,simulated_bank_transactions_uk
2023-07-06,BACS-RENT-RENT 534351,1919.3,housing,simulated_bank_transactions_uk
2023-05-05,Restaurant/Greggs/Cafe 493746,130.72,dining,simulated_bank_transactions_uk
2024-09-04,MASTERCARD/FOOD/DELIVERY/NANDO'S/CAFE 943032,41.16,dining,simulated_bank_transactions_uk
2023-08-01,direct*debit*sky 921595,47.95,utilities,simulated_bank_transactions_uk
2023-04-07,CARD PMT PRET FOOD DELIVERY 481092,54.34,dining,simulated_bank_transactions_uk
2024-09-09,direct debit e.on,207.36,utilities,simulated_bank_transactions_uk
2024-06-17,pos lidl cereal 48085,121.57,groceries,simulated_bank_transactions_uk
2024-09-28,Card Payment Deliveroo Food Delivery,125.15,dining,simulated_bank_transactions_uk
2023-11-10,pos tesco fruit,140.67,groceries,simulated_bank_transactions_uk
2023-05-19,Utility/Bill/Severn/Trent 985987,151.52,utilities,simulated_bank_transactions_uk
2024-09-17,Food Delivery Nando's Restaurant 21975,92.17,dining,simulated_bank_transactions_uk
2024-04-16,Fps Restaurant Starbucks Fast Food,113.91,dining,simulated_bank_transactions_uk
2023-04-06,visa transport trainline train,47.35,transportation,simulated_bank_transactions_uk
2023-07-31,CARD/PMT/SHELL/CAR/MAINTENANCE 954088,10.88,transportation,simulated_bank_transactions_uk
2024-03-15,Direct Debit Card Payment Morrisons Cereal 944227,42.46,groceries,simulated_bank_transactions_uk
2023-05-04,transport esso fuel,97.55,transportation,simulated_bank_transactions_uk
2023-01-12,FUEL*UBER*TRAIN*TICKET,99.51,transportation,simulated_bank_transactions_uk
2024-10-28,card pmt starbucks fast food 501782,52.37,dining,simulated_bank_transactions_uk
2023-10-04,CONTACTLESS ASDA EGGS 720548,148.32,groceries,simulated_bank_transactions_uk
2023-03-04,pos/morrisons/rice,163.1,groceries,simulated_bank_transactions_uk
2023-08-29,Visa Fuel Trainline Train Ticket 342140,27.51,transportation,simulated_bank_transactions_uk
2023-04-07,Fuel Bolt Bus Pass 435837,126.45,transportation,simulated_bank_transactions_uk
2023-11-14,MORTGAGE PMT RENT 760979,1655.66,housing,simulated_bank_transactions_uk
2024-07-20,BILL*PAYMENT*VODAFONE 270753,94.68,utilities,simulated_bank_transactions_uk
2024-11-15,visa mortgage payment mortgage 394117,890.72,housing,simulated_bank_transactions_uk
2024-01-12,Contactless Tesco Chicken,52.71,groceries,simulated_bank_transactions_uk
2023-12-26,so contactless sainsburys chicken 158670,90.65,groceries,simulated_bank_transactions_uk
2024-06-11,So Restaurant Deliveroo Restaurant 159882,23.29,dining,simulated_bank_transactions_uk
2024-03-02,sto card pmt bp uber ride 825871,137.22,transportation,simulated_bank_transactions_uk
2024-08-12,CARD PMT AMAZON ONLINE PURCHASE 796726,154.33,other,simulated_bank_transactions_uk
2023-07-17,utility bill octopus energy 885760,141.32,utilities,simulated_bank_transactions_uk
2024-04-23,Sto*Card*Pmt*Nando's*Restaurant 129543,144.07,dining,simulated_bank_transactions_uk
2023-05-18,Pos Iceland Chicken,167.01,groceries,simulated_bank_transactions_uk
2024-12-01,Direct-Debit-British-Gas 259420,257.68,utilities,simulated_bank_transactions_uk
2023-07-03,Food Delivery Costa Restaurant,83.83,dining,simulated_bank_transactions_uk
2023-03-14,Bill Payment Scottishpower 350286,181.84,utilities,simulated_bank_transactions_uk
2023-11-24,Pos Lidl Rice 399341,67.07,groceries,simulated_bank_transactions_uk
2024-08-30,card pmt greggs fast food 720771,121.15,dining,simulated_bank_transactions_uk
2023-06-28,Online Purchase Ebay Online Purchase 643115,159.64,other,simulated_bank_transactions_uk
2024-03-19,Contactless Asda Fruit,143.67,groceries,simulated_bank_transactions_uk
2023-06-21,food delivery pret cafe,97.99,dining,simulated_bank_transactions_uk
2024-01-28,RESTAURANT-DELIVEROO-FAST-FOOD 693722,40.92,dining,simulated_bank_transactions_uk
2023-03-08,mastercard pos morrisons chicken 85644,23.11,groceries,simulated_bank_transactions_uk
2023-01-17,CARD*PAYMENT*UBER*EATS*FAST*FOOD 247318,99.37,dining,simulated_bank_transactions_uk
2023-11-09,CARD PMT PUREGYM 457827,36.12,subscriptions,simulated_bank_transactions_uk
2024-01-23,Sto Contactless Aldi Eggs 133531,62.34,groceries,simulated_bank_transactions_uk
2023-07-12,FUEL SHELL TRAIN TICKET 728,72.71,transportation,simulated_bank_transactions_uk
2023-11-04,utility bill british gas 393666,72.37,utilities,simulated_bank_transactions_uk
2023-09-21,FOOD DELIVERY UBER EATS FAST FOOD 937074,152.6,dining,simulated_bank_transactions_uk
2024-06-23,direct debit contactless morrisons vegetables 222334,24.99,groceries,simulated_bank_transactions_uk
2023-02-08,DIRECT DEBIT SKY,84.78,utilities,simulated_bank_transactions_uk
2023-06-29,Fuel Trainline Bus Pass,114.05,transportation,simulated_bank_transactions_uk
2024-09-27,DIRECT-DEBIT-BT,66.5,utilities,simulated_bank_transactions_uk
2023-01-22,so rent payment landlord 695829,1161.14,housing,simulated_bank_transactions_uk
2023-01-23,FUEL ESSO TRAIN TICKET,48.92,transportation,simulated_bank_transactions_uk
2024-07-26,CARD/PMT/UBER/EATS/FOOD/DELIVERY 427784,30.28,dining,simulated_bank_transactions_uk
2024-05-06,FOOD-DELIVERY-JUST-EAT-FOOD-DELIVERY,99.36,dining,simulated_bank_transactions_uk
2024-03-13,subscription gym group 570115,14.2,subscriptions,simulated_bank_transactions_uk
2024-03-08,direct debit puregym 188055,39.82,subscriptions,simulated_bank_transactions_uk
2023-04-09,Pos Bill Pmt Vodafone 665514,100.84,utilities,simulated_bank_transactions_uk
2023-02-15,STO CARD PMT APPLE.COM/BILL 153289,20.6,subscriptions,simulated_bank_transactions_uk
2024-06-19,Bill Pmt O2,213.6,utilities,simulated_bank_transactions_uk
2024-08-25,pos tesco milk,153.59,groceries,simulated_bank_transactions_uk
2024-04-11,Direct Debit Vodafone 437815,154.36,utilities,simulated_bank_transactions_uk
2024-09-17,Card Payment Sainsburys Chicken 357918,197.26,groceries,simulated_bank_transactions_uk
2024-03-20,Card Pmt Costa Cafe 181729,85.03,dining,simulated_bank_transactions_uk
2024-08-16,transport uber car maintenance 967205,76.37,transportation,simulated_bank_transactions_uk
2023-04-20,Bill*Pmt*Bt 545657,121.02,utilities,simulated_bank_transactions_uk
2024-03-19,FUEL TFL UBER RIDE 912,122.36,transportation,simulated_bank_transactions_uk
2024-09-28,food delivery mcdonalds restaurant 13062,136.17,dining,simulated_bank_transactions_uk
2023-08-09,FUEL SHELL UBER RIDE 842641,13.15,transportation,simulated_bank_transactions_uk
2024-04-03,card pmt netflix 540131,36.64,subscriptions,simulated_bank_transactions_uk
2024-01-03,CONTACTLESS-ALDI-FRUIT 785300,98.68,groceries,simulated_bank_transactions_uk
2023-12-13,FUEL BP BUS PASS 13462,2.01,transportation,simulated_bank_transactions_uk
2024-12-03,Direct Debit Pos Iceland Fruit,189.02,groceries,simulated_bank_transactions_uk
2023-09-25,CARD PMT ALDI CEREAL 716194,134.13,groceries,simulated_bank_transactions_uk
2024-12-11,RESTAURANT COSTA FAST FOOD,36.68,dining,simulated_bank_transactions_uk
2024-10-17,pos*aldi*vegetables 653629,124.09,groceries,simulated_bank_transactions_uk
2023-01-20,CONTACTLESS CARD PMT CURRYS ELECTRO,130.73,other,simulated_bank_transactions_uk
2023-01-18,CARD*RENT*PMT*LETTING*AGENT,1152.52,housing,simulated_bank_transactions_uk
2024-12-25,restaurant costa cafe,68.32,dining,simulated_bank_transactions_uk
2023-11-15,CARD PAYMENT GREGGS FAST FOOD 536531,80.09,dining,simulated_bank_transactions_uk
2024-07-28,CARD PAYMENT ASDA CHICKEN 297546,180.74,groceries,simulated_bank_transactions_uk
2024-07-03,Mastercard Fuel Esso Fuel 84440,116.74,transportation,simulated_bank_transactions_uk
2023-05-08,card payment nando's food delivery 148012,129.24,dining,simulated_bank_transactions_uk
2023-12-05,BILL*PAYMENT*SCOTTISHPOWER,223.45,utilities,simulated_bank_transactions_uk
2024-12-23,CONTACTLESS MORRISONS RICE,110.09,groceries,simulated_bank_transactions_uk
2024-01-21,Card Pmt Nhs Gift 986758,186.91,other,simulated_bank_transactions_uk
2023-03-15,sto bacs mortgage rent 200394,1446.95,housing,simulated_bank_transactions_uk
2023-10-22,card/payment/just/eat/fast/food,85.18,dining,simulated_bank_transactions_uk
2023-02-23,Food Delivery Uber Eats Cafe 735787,138.21,dining,simulated_bank_transactions_uk
2023-12-26,BACS-FOOD-DELIVERY-JUST-EAT-FAST-FOOD 925802,55.08,dining,simulated_bank_transactions_uk
2023-03-23,so-card-payment-tesco-bread,9.24,groceries,simulated_bank_transactions_uk
2024-08-14,RENT*PAYMENT*LETTING*AGENT 546063,1330.88,housing,simulated_bank_transactions_uk
2024-09-17,sto bill payment o2 410365,44.75,utilities,simulated_bank_transactions_uk
2024-10-20,card payment uber eats restauran,122.66,dining,simulated_bank_transactions_uk
2024-12-26,bacs mortgage rent,878.52,housing,simulated_bank_transactions_uk
2024-05-01,Transport National Rail Bus Pass 734533,74.34,transportation,simulated_bank_transactions_uk
2024-02-29,POS SAINSBURYS RICE 532733,80.52,groceries,simulated_bank_transactions_uk
2023-08-09,CONTACTLESS SAINSBURYS RICE 814035,150.73,groceries,simulated_bank_transactions_uk
2024-09-01,Bill Pmt Thames Water,74.65,utilities,simulated_bank_transactions_uk
2024-01-22,Contactless Utility Bill Sky 546911,208.51,utilities,simulated_bank_transactions_uk
2024-07-04,Food Delivery Greggs Fast Food 301774,41.06,dining,simulated_bank_transactions_uk
2024-01-15,Pos Pos Tesco Eggs 311563,43.25,groceries,simulated_bank_transactions_uk
2023-02-18,TRANSPORT BOLT FUEL,14.25,transportation,simulated_bank_transactions_uk
2024-04-02,Fuel Bolt Train Ticket,117.67,transportation,simulated_bank_transactions_uk
2024-03-14,UTILITY BILL VODAFONE 658821,133.33,utilities,simulated_bank_transactions_uk
2024-02-02,CARD POS SAINSBURYS FRUIT,178.59,groceries,simulated_bank_transactions_uk
2023-11-17,CARD CARD PMT TESCO FRUIT 177954,91.68,groceries,simulated_bank_transactions_uk
2023-09-29,Card*Payment*Nando's*Cafe 11774,131.13,dining,simulated_bank_transactions_uk
2024-12-01,DIRECT DEBIT GYM GROUP,29.14,subscriptions,simulated_bank_transactions_uk
2024-05-29,Direct/Debit/Bt 841178,246.12,utilities,simulated_bank_transactions_uk
2023-07-14,Bacs-Food-Delivery-Greggs-Fast-Food 849667,96.05,dining,simulated_bank_transactions_uk
2023-01-29,TRANSPORT BOLT FUEL 104383,110.64,transportation,simulated_bank_transactions_uk
2024-04-21,CONTACTLESS CARD PAYMENT EBAY MISC EXPENSE,120.62,other,simulated_bank_transactions_uk
2023-09-29,POS TRANSPORT SHELL FUEL 791157,40.83,transportation,simulated_bank_transactions_uk
2024-05-06,bacs landlord rent,2135.36,housing,simulated_bank_transactions_uk
2024-09-03,VISA-TRANSPORT-BOLT-BUS-PASS,13.11,transportation,simulated_bank_transactions_uk
2023-03-19,mastercard card payment trainline train ticket 716710,43.13,transportation,simulated_bank_transactions_uk
2024-10-29,direct/debit/octopus/energy,205.13,utilities,simulated_bank_transactions_uk
2023-03-01,Direct Debit Spotify 320466,29.5,subscriptions,simulated_bank_transactions_uk
2023-10-12,Card Pmt Spotify 2542,27.41,subscriptions,simulated_bank_transactions_uk
2024-01-01,Contactless Food Delivery Uber Eats Cafe,62.75,dining,simulated_bank_transactions_uk
2023-10-25,Visa Card Pmt Pret Fast Food 946839,42.54,dining,simulated_bank_transactions_uk
2023-12-08,Card Payment Just Eat Food Delivery 6569,42.85,dining,simulated_bank_transactions_uk
2023-12-17,Food-Delivery-Uber-Eats-Cafe 724095,61.65,dining,simulated_bank_transactions_uk
2023-05-14,CARD ONLINE PURCHASE CURRYS MISC EXPENSE 368811,216.64,other,simulated_bank_transactions_uk
2024-10-08,bacs mortgage rent 150258,2174.97,housing,simulated_bank_transactions_uk
2023-02-07,RESTAURANT*UBER*EATS*RESTAURANT 837580,138.56,dining,simulated_bank_transactions_uk
2024-08-07,Utility Bill Sky 701078,226.03,utilities,simulated_bank_transactions_uk
2023-09-09,food delivery starbucks restaurant,14.29,dining,simulated_bank_transactions_uk
2024-11-12,SUBSCRIPTION DISNEY+ 2,44.57,subscriptions,simulated_bank_transactions_uk
2024-09-06,bill pmt octopus energy 836376,43.28,utilities,simulated_bank_transactions_uk
2023-03-24,CARD PMT MCDONALDS CAFE 305525,134.2,dining,simulated_bank_transactions_uk
2023-11-22,CONTACTLESS ASDA BREAD 696983,138.16,groceries,simulated_bank_transactions_uk
2023-10-11,Fuel Bolt Fuel 591761,110.68,transportation,simulated_bank_transactions_uk
2023-11-10,Transport-Shell-Ub,45.05,transportation,simulated_bank_transactions_uk
2024-06-06,Card Pmt National Rail Fuel,129.42,transportation,simulated_bank_transactions_uk
2024-11-15,FOOD DELIVERY PRET CAFE 645204,84.22,dining,simulated_bank_transactions_uk
2024-02-26,So Card Pmt Lidl Cereal,147.95,groceries,simulated_bank_transactions_uk
2023-05-31,Utility Bill Octopus Energy,153.68,utilities,simulated_bank_transactions_uk
2024-12-30,Restaurant Greggs Restaurant,119.76,dining,simulated_bank_transactions_uk
2024-09-06,contactless tesco fruit 792070,71.9,groceries,simulated_bank_transactions_uk
2024-09-25,card-pmt-nando's-restaurant,86.65,dining,simulated_bank_transactions_uk
2024-12-09,sto contactless asda eggs 916607,141.77,groceries,simulated_bank_transactions_uk
2023-07-10,CONTACTLESS-ICELAND-EGGS,116.98,groceries,simulated_bank_transactions_uk
2023-11-20,CARD PMT BOLT BUS PASS 873275,120.04,transportation,simulated_bank_transactions_uk
2024-09-30,Direct Debit Sky 169620,184.9,utilities,simulated_bank_transactions_uk
2023-03-10,transport national rail train ticket 167971,128.22,transportation,simulated_bank_transactions_uk
2023-04-01,direct debit octopus energy,40.8,utilities,simulated_bank_transactions_uk
2024-05-11,Contactless Transport Bp Fuel 610182,6.45,transportation,simulated_bank_transactions_uk
2024-08-27,DIRECT DEBIT BRITISH GAS,75.11,utilities,simulated_bank_transactions_uk
2024-05-27,Card*Pmt*Google**services,22.61,subscriptions,simulated_bank_transactions_uk
2023-11-06,BILL PAYMENT SCOTTISHPOWER 852425,131.97,utilities,simulated_bank_transactions_uk
2024-09-12,Direct*Debit*Puregym,11.71,subscriptions,simulated_bank_transactions_uk
2024-11-19,bill/pmt/sky 375934,28.92,utilities,simulated_bank_transactions_uk
2024-05-07,visa pos morrisons rice 410095,157.7,groceries,simulated_bank_transactions_uk
2024-07-04,Card Pmt Uber Eats Food Delivery 298148,158.78,dining,simulated_bank_transactions_uk
2024-02-21,BACS BACS LANDLORD RENT,1734.51,housing,simulated_bank_transactions_uk
2023-04-08,CARD PMT BOLT FUEL 260304,68.11,transportation,simulated_bank_transactions_uk
2023-03-20,Pos Tesco Rice 811029,184.14,groceries,simulated_bank_transactions_uk
2023-12-30,transport shell train ticket 776500,3.2,transportation,simulated_bank_transactions_uk
2024-03-04,card payment shell train ticket 317162,38.92,transportation,simulated_bank_transactions_uk
2023-12-24,Direct Debit Puregym 411240,37.4,subscriptions,simulated_bank_transactions_uk
2024-12-11,POS-TESCO-VEGETABLES 818971,129.35,groceries,simulated_bank_transactions_uk
2024-09-29,Sto*Pos*Asda*Vegetables 407093,72.03,groceries,simulated_bank_transactions_uk
2024-06-19,Direct Debit Google *services,37.16,subscriptions,simulated_bank_transactions_uk
2024-07-21,Utility Bill O2 748100,240.42,utilities,simulated_bank_transactions_uk
2024-06-15,pos purchase ebay pharmacy,92.17,other,simulated_bank_transactions_uk
2023-12-20,CARD/DIRECT/DEBIT/SPOTIFY,19.45,subscriptions,simulated_bank_transactions_uk
2023-07-30,contactless*direct*debit*apple.com/bill 753659,12.82,subscriptions,simulated_bank_transactions_uk
2023-11-15,Rent-Pmt-Mortgage,1560.77,housing,simulated_bank_transactions_uk
2023-02-12,visa/fuel/trainline/car/maintenance,14.65,transportation,simulated_bank_transactions_uk
2023-03-08,Restaurant Starbucks F,153.88,dining,simulated_bank_transactions_uk
2023-05-11,subscription google *services 192633,11.75,subscriptions,simulated_bank_transactions_uk
2023-06-10,food/delivery/uber/eats/fast/food 569889,53.32,dining,simulated_bank_transactions_uk
2023-09-05,Visa-Card-Pmt-Iceland-Vegetables,116.98,groceries,simulated_bank_transactions_uk
2023-04-15,Card Pmt Hmrc Online Purchase 4746,210.58,other,simulated_bank_transactions_uk
2023-07-17,BACS CARD PMT WAITROSE VEGETABLES,35.17,groceries,simulated_bank_transactions_uk
2024-02-16,Utility*Bill*Thames*Water,94.49,utilities,simulated_bank_transactions_uk
2024-10-18,Card/Pmt/Iceland/Rice 70884,21.35,groceries,simulated_bank_transactions_uk
2023-03-06,Utility-Bill-Ee,224.51,utilities,simulated_bank_transactions_uk
2023-11-11,bill pmt sky,69.61,utilities,simulated_bank_transactions_uk
2023-04-01,direct debit o2 79582,128.62,utilities,simulated_bank_transactions_uk
2024-09-23,FOOD*DELIVERY*COSTA*RESTAURANT 456667,143.52,dining,simulated_bank_transactions_uk
2024-07-16,CARD*PAYMENT*SUPERDRUG*GIFT 457594,92.06,other,simulated_bank_transactions_uk
2024-02-21,Pos Bill Payment Octopus Energy 578675,100.15,utilities,simulated_bank_transactions_uk
2023-11-09,Food Delivery Starbucks Cafe 121051,41.79,dining,simulated_bank_transactions_uk
2024-07-25,UTILITY BILL BRITISH GAS 186813,53.12,utilities,simulated_bank_transactions_uk
2023-04-11,POS-RESTAURANT-COSTA-FAST-FOOD,97.63,dining,simulated_bank_transactions_uk
2023-02-26,Pos Asda Chicken 561782,71.54,groceries,simulated_bank_transactions_uk
2023-04-16,fuel*bp*uber*ride 265546,131.02,transportation,simulated_bank_transactions_uk
2024-01-27,CONTACTLESS ALDI BREAD 671277,183.96,groceries,simulated_bank_transactions_uk
2023-04-06,sto pos purchase amazon gift 321886,173.44,other,simulated_bank_transactions_uk
2023-09-14,Contactless Waitrose Eggs,36.21,groceries,simulated_bank_transactions_uk
2023-05-25,BACS CARD PMT SAINSBURYS BREAD 787799,83.88,groceries,simulated_bank_transactions_uk
2023-06-05,CARD*TRANSPORT*TRAINLINE*CAR*MAINTENANCE 449029,129.66,transportation,simulated_bank_transactions_uk
2024-10-15,card payment deliveroo cafe 31040,60.16,dining,simulated_bank_transactions_uk
2024-08-05,transport bolt fuel,117.32,transportation,simulated_bank_transactions_uk
2023-07-18,subscription apple.com/bill,5.25,subscriptions,simulated_bank_transactions_uk
2024-12-26,FOOD-DELIVERY-STARBUCKS-CAFE,93.8,dining,simulated_bank_transactions_uk
2024-08-05,CONTACTLESS ICELAND MILK,7.17,groceries,simulated_bank_transactions_uk
2023-05-16,Card Pmt Morrisons Vegetables 58102,100.99,groceries,simulated_bank_transactions_uk
2023-07-26,So Card Pmt Deliveroo Cafe 454534,12.62,dining,simulated_bank_transactions_uk
2024-10-22,So Pos Aldi Milk 297199,14.09,groceries,simulated_bank_transactions_uk
2024-09-22,pos restaurant costa food delivery,91.62,dining,simulated_bank_transactions_uk
2023-07-15,TRANSPORT NATIONAL RAIL TRAIN TICKET 296171,37.06,transportation,simulated_bank_transactions_uk
2023-12-25,food delivery deliveroo restaurant 871287,27.44,dining,simulated_bank_transactions_uk
2023-02-15,contactless tesco vegetables,41.32,groceries,simulated_bank_transactions_uk
2024-10-19,utility bill scottishpower 10374,232.88,utilities,simulated_bank_transactions_uk
2024-06-12,SO POS ALDI EGGS,183.14,groceries,simulated_bank_transactions_uk
2024-07-19,Utility Bill Ee,35.32,utilities,simulated_bank_transactions_uk
2024-03-04,Pos*Morrisons*Eggs 43703,56.12,groceries,simulated_bank_transactions_uk
2023-09-27,Card Payment Puregym 826434,40.34,subscriptions,simulated_bank_transactions_uk
2024-09-13,card payment national rail fuel 272472,97.58,transportation,simulated_bank_transactions_uk
2023-01-24,visa card payment argos online purchase 546839,180.35,other,simulated_bank_transactions_uk
2024-08-21,UTILITY BILL BT,174.12,utilities,simulated_bank_transactions_uk
2024-12-05,Fps Transport Esso Fuel,56.12,transportation,simulated_bank_transactions_uk
2024-02-03,bacs utility bill sky 187905,47.04,utilities,simulated_bank_transactions_uk
2023-05-18,Direct Debit Direct Debit Vodafone 517855,126.38,utilities,simulated_bank_transactions_uk
2024-06-06,card payment morrisons cereal 224809,108.51,groceries,simulated_bank_transactions_uk
2024-12-14,TRANSPORT TFL FUEL 338160,49.97,transportation,simulated_bank_transactions_uk
2023-09-01,pos purchase ebay electronics,156.99,other,simulated_bank_transactions_uk
2023-02-23,sto/contactless/sainsburys/fruit 440324,133.51,groceries,simulated_bank_transactions_uk
2023-05-22,fuel*tfl*train*ticket 173391,124.14,transportation,simulated_bank_transactions_uk
2023-04-11,DIRECT DEBIT NETFLIX,40.27,subscriptions,simulated_bank_transactions_uk
2023-01-10,Subscription Apple.com/bill,26.8,subscriptions,simulated_bank_transactions_uk
2023-10-11,Mortgage Pmt Landlord,1937.6,housing,simulated_bank_transactions_uk
2023-03-23,fps restaurant just eat cafe 122950,144.9,dining,simulated_bank_transactions_uk
2024-06-05,card payment amazon prime,4.63,subscriptions,simulated_bank_transactions_uk
2023-09-20,pos morrisons vegetables 720627,28.64,groceries,simulated_bank_transactions_uk
2023-11-27,Rent/Payment/Letting/Agent 583207,1559.64,housing,simulated_bank_transactions_uk
2024-08-06,Food Delivery Just Eat Fast Food 893609,152.36,dining,simulated_bank_transactions_uk
2023-05-05,VISA BILL PMT EE 969456,163.44,utilities,simulated_bank_transactions_uk
2024-01-06,Bill Pmt Ee 787476,196.8,utilities,simulated_bank_transactions_uk
2023-09-03,contactless morrisons cereal,29.99,groceries,simulated_bank_transactions_uk
2024-02-23,CARD/PAYMENT/GREGGS/RESTAURANT,153.38,dining,simulated_bank_transactions_uk
2023-12-06,FUEL TFL UBER RIDE,115.17,transportation,simulated_bank_transactions_uk
2024-02-08,RESTAURANT JUST EAT FAST FOOD 135000,106.91,dining,simulated_bank_transactions_uk
2024-06-06,FUEL/ESSO/CAR/MAINTENANCE 455,37.31,transportation,simulated_bank_transactions_uk
2024-06-25,direct debit netflix 395967,37.4,subscriptions,simulated_bank_transactions_uk
2023-12-06,Mastercard Restaurant Greggs Cafe,134.38,dining,simulated_bank_transactions_uk
2023-06-20,Bacs Bill Pmt E.on,164.36,utilities,simulated_bank_transactions_uk
2023-06-12,BILL PMT BRITISH GAS,180.93,utilities,simulated_bank_transactions_uk
2023-01-02,card payment bp train ticket 54558,100.93,transportation,simulated_bank_transactions_uk
2023-06-07,Card/Pmt/Google/*services,25.6,subscriptions,simulated_bank_transactions_uk
2024-06-06,contactless iceland rice,13.14,groceries,simulated_bank_transactions_uk
2023-11-02,Fuel Shell Fuel 861414,75.85,transportation,simulated_bank_transactions_uk
2024-02-24,Food Delivery Just Eat Cafe 577565,80.17,dining,simulated_bank_transactions_uk
2024-02-13,STO FOOD DELIVERY NANDO'S RESTAURANT 680342,99.68,dining,simulated_bank_transactions_uk
2023-10-03,Bacs Bill Pmt Bt,76.42,utilities,simulated_bank_transactions_uk
2024-05-01,Card-Pmt-Pret-Food-Delivery 688508,133.8,dining,simulated_bank_transactions_uk
2024-10-13,UTILITY*BILL*VODAFONE,79.3,utilities,simulated_bank_transactions_uk
2023-12-19,POS/MORRISONS/CEREAL,67.86,groceries,simulated_bank_transactions_uk
2023-06-12,Card*Payment*Greggs*Food*Delivery 249514,97.95,dining,simulated_bank_transactions_uk
2023-10-09,Mortgage Payment Letting Agent 389184,1615.11,housing,simulated_bank_transactions_uk
2023-03-31,fuel national rail fuel 55737,135.22,transportation,simulated_bank_transactions_uk
2023-10-26,POS PURCHASE CURRYS ONLINE PURCHASE,177.32,other,simulated_bank_transactions_uk
2023-06-10,VISA CARD PAYMENT HMRC GIFT 570636,171.92,other,simulated_bank_transactions_uk
2024-10-29,Direct*Debit*Fuel*Shell*Bus*Pass 953620,106.96,transportation,simulated_bank_transactions_uk
2023-12-09,Card Payment Aldi Cereal 523571,87.76,groceries,simulated_bank_transactions_uk
2023-11-22,POS LIDL FRUIT 166414,74.34,groceries,simulated_bank_transactions_uk
2024-03-22,Contactless Lidl Vegetables,156.84,groceries,simulated_bank_transactions_uk
2024-03-27,DIRECT-DEBIT-O2 510912,168.67,utilities,simulated_bank_transactions_uk
2023-01-09,Transport Uber Fuel,34.79,transportation,simulated_bank_transactions_uk
2023-07-31,RENT PAYMENT MORTGAGE 708231,1526.87,housing,simulated_bank_transactions_uk
2023-03-04,direct debit o2 374574,217.27,utilities,simulated_bank_transactions_uk
2023-02-08,Subscription-Gym-Group 637077,36.16,subscriptions,simulated_bank_transactions_uk
2024-10-29,card*payment*iceland*vegetables,117.24,groceries,simulated_bank_transactions_uk
2023-05-29,CONTACTLESS CARD PMT COSTA FAST FOOD,147.9,dining,simulated_bank_transactions_uk
2023-08-09,CARD PMT ASDA CHICKEN,153.07,groceries,simulated_bank_transactions_uk
2024-01-26,Direct Debit E.on,64.34,utilities,simulated_bank_transactions_uk
2024-06-16,Fps Card Payment Uber Uber Ride 248547,80.35,transportation,simulated_bank_transactions_uk
2023-02-20,SUBSCRIPTION*PUREGYM 603650,30.85,subscriptions,simulated_bank_transactions_uk
2023-10-09,ONLINE PURCHASE NHS ELECTRONICS 276672,242.79,other,simulated_bank_transactions_uk
2023-11-04,VISA*CARD*PAYMENT*TESCO*RICE 27897,43.32,groceries,simulated_bank_transactions_uk
2023-12-08,Card Pmt Costa Restaurant 980630,134.97,dining,simulated_bank_transactions_uk
2024-01-19,MORTGAGE PAYMENT LANDLORD 809253,1809.01,housing,simulated_bank_transactions_uk
2024-05-12,card*subscription*puregym,20.36,subscriptions,simulated_bank_transactions_uk
2023-10-07,CARD PMT ALDI VEGETABLES,68.63,groceries,simulated_bank_transactions_uk
2024-08-22,CARD/PAYMENT/BOLT/UBER/RIDE 247310,49.62,transportation,simulated_bank_transactions_uk
2024-03-23,POS*ICELAND*FRUIT 144972,12.98,groceries,simulated_bank_transactions_uk
2024-02-17,FUEL ESSO BUS PASS 483171,130.53,transportation,simulated_bank_transactions_uk
2023-02-19,Card Pmt Kfc Fast Food,81.84,dining,simulated_bank_transactions_uk
2024-12-14,RESTAURANT NANDO'S FAST F,66.24,dining,simulated_bank_transactions_uk
2023-03-06,contactless*rent*payment*landlord 647020,1617.28,housing,simulated_bank_transactions_uk
2023-12-24,card payment lidl eggs 528576,143.57,groceries,simulated_bank_transactions_uk
2024-01-09,So-Fuel-National-Rail-Train-Ticket,112.82,transportation,simulated_bank_transactions_uk
2024-01-01,DIRECT DEBIT FOOD DELIVERY MCDONALDS FAST FOOD 452758,157.07,dining,simulated_bank_transactions_uk
2023-01-21,online purchase ebay misc expense 491975,140.6,other,simulated_bank_transactions_uk
2023-11-24,CARD/PMT/STARBUCKS/CAFE 344220,57.73,dining,simulated_bank_transactions_uk
2024-01-31,transport/tfl/uber/ride,128.16,transportation,simulated_bank_transactions_uk
2024-09-13,Card Payment Tesco Chicken 980747,47.42,groceries,simulated_bank_transactions_uk
2023-10-01,Contactless Direct Debit Sky,175.72,utilities,simulated_bank_transactions_uk
2024-07-28,BILL*PAYMENT*VODAFONE,25.59,utilities,simulated_bank_transactions_uk
2023-12-18,CARD PMT MCDONALDS RESTAURANT 638291,133.83,dining,simulated_bank_transactions_uk
2023-03-08,pos iceland brea,123.39,groceries,simulated_bank_transactions_uk
2023-06-06,Card Transport Shell Bus Pass 175652,53.1,transportation,simulated_bank_transactions_uk
2023-11-11,RESTAURANT DELIVEROO FOOD DELIVERY 5,51.33,dining,simulated_bank_transactions_uk
2024-11-19,food/delivery/kfc/fast/food 937909,57.55,dining,simulated_bank_transactions_uk
2023-07-02,pos sainsburys chicken,125.88,groceries,simulated_bank_transactions_uk
2024-10-21,transport bp train ticket 758902,73.39,transportation,simulated_bank_transactions_uk
2024-03-26,Direct Debit Bt,136.83,utilities,simulated_bank_transactions_uk
2023-11-23,Fuel Esso Bus Pass,54.33,transportation,simulated_bank_transactions_uk
2024-01-06,Sto Restaurant Greggs Restaurant 374345,79.62,dining,simulated_bank_transactions_uk
2024-12-26,UTILITY-BILL-SCOTTISHPOWER 347644,86.88,utilities,simulated_bank_transactions_uk
2024-03-18,pos sainsburys chicken 885604,48.42,groceries,simulated_bank_transactions_uk
2024-02-25,Card Pmt Esso Fuel 852081,16.06,transportation,simulated_bank_transactions_uk
2023-01-03,VISA SUBSCRIPTION SPOTIFY,42.98,subscriptions,simulated_bank_transactions_uk
2023-02-25,Card*Pmt*Amazon*Prime 10818,35.47,subscriptions,simulated_bank_transactions_uk
2023-04-26,TRANSPORT BP TRAIN TICKET 749821,43.19,transportation,simulated_bank_transactions_uk
2024-04-22,direct-debit-severn-trent 620421,164.53,utilities,simulated_bank_transactions_uk
2023-04-23,CONTACTLESS MORRISONS MILK 361517,134.48,groceries,simulated_bank_transactions_uk
2024-04-18,Contactless-Sainsburys-Vegetables,130.47,groceries,simulated_bank_transactions_uk
2024-09-21,transport shell train ticket 388459,107.78,transportation,simulated_bank_transactions_uk
2024-11-06,MASTERCARD*CARD*PMT*HMRC*MISC*EXPENSE 71778,166.81,other,simulated_bank_transactions_uk
2023-06-27,bill pmt ee 896352,138.68,utilities,simulated_bank_transactions_uk
2024-05-27,DIRECT-DEBIT-BT,135.05,utilities,simulated_bank_transactions_uk
2023-12-17,BILL PAYMENT BRITISH GAS 740024,49.41,utilities,simulated_bank_transactions_uk
2024-02-07,Direct Debit Vodafone 982693,97.62,utilities,simulated_bank_transactions_uk
2024-09-26,Card Pmt National Rail Bus Pass,66.53,transportation,simulated_bank_transactions_uk
2023-05-29,VISA FOOD DELIVERY DELIVEROO FAST FOOD 282265,41.86,dining,simulated_bank_transactions_uk
2023-01-19,Fuel*Bp*Bus*Pass 462815,50.23,transportation,simulated_bank_transactions_uk
2023-12-19,CARD PAYMENT NETFLIX,36.22,subscriptions,simulated_bank_transactions_uk
2024-05-14,card payment national rail car maintenance 271925,43.59,transportation,simulated_bank_transactions_uk
2024-02-23,Pos Direct Debit Severn Trent,47.96,utilities,simulated_bank_transactions_uk
2024-06-27,Card Payment Bolt Train Ticket 497419,110.66,transportation,simulated_bank_transactions_uk
2023-05-01,subscription netflix 565045,29.75,subscriptions,simulated_bank_transactions_uk
2023-08-07,Mastercard Subscription Netflix 898750,10.87,subscriptions,simulated_bank_transactions_uk
2023-11-04,food delivery deliveroo food delivery 713291,73.83,dining,simulated_bank_transactions_uk
2024-08-30,Visa Contactless Morrisons Bread 257577,54.07,groceries,simulated_bank_transactions_uk
2023-04-09,ONLINE PURCHASE NHS GIFT 664342,159.5,other,simulated_bank_transactions_uk
2024-05-15,direct/debit/octopus/energy,182.32,utilities,simulated_bank_transactions_uk
2023-05-08,food delivery pret fast food 430396,156.0,dining,simulated_bank_transactions_uk
2023-02-12,Card Payment Just Eat Food Delivery 682647,93.65,dining,simulated_bank_transactions_uk
2023-10-18,TRANSPORT TRAINLINE TRAIN TICKET 602554,70.91,transportation,simulated_bank_transactions_uk
2024-04-17,UTILITY BILL OCTOPUS ENERGY,33.71,utilities,simulated_bank_transactions_uk
2023-03-21,CARD-PMT-LIDL-FRUIT 893167,24.65,groceries,simulated_bank_transactions_uk
2024-11-05,transport trainline car maintenance 716146,95.54,transportation,simulated_bank_transactions_uk
2023-02-06,Card Payment Puregym 798687,21.97,subscriptions,simulated_bank_transactions_uk
2024-10-23,Rent Payment Landlord 345914,1537.81,housing,simulated_bank_transactions_uk
2024-03-18,Card Bill Payment Scottishpower 551541,139.89,utilities,simulated_bank_transactions_uk
2023-11-17,card/pmt/mcdonalds/fast/food 561937,151.34,dining,simulated_bank_transactions_uk
2024-12-21,POS UTILITY BILL SKY 449512,118.5,utilities,simulated_bank_transactions_uk
2023-08-31,Pos Waitrose Vegetables 991592,117.77,groceries,simulated_bank_transactions_uk
2024-11-24,FPS-RESTAURANT-STARBUCKS-CAFE 883576,74.0,dining,simulated_bank_transactions_uk
2024-05-13,CARD PMT MORRISONS RICE 226468,159.16,groceries,simulated_bank_transactions_uk
2023-12-31,contactless online purchase boots pharmacy 864,220.16,other,simulated_bank_transactions_uk
2023-03-01,Food-Delivery-Greggs-Cafe 910098,12.05,dining,simulated_bank_transactions_uk
2023-08-08,Transport National Rail Train Ticket 260579,75.69,transportation,simulated_bank_transactions_uk
2023-08-25,Utility Bill Vodafone 839144,252.25,utilities,simulated_bank_transactions_uk
2024-09-18,DIRECT DEBIT PUREGYM,34.88,subscriptions,simulated_bank_transactions_uk
2024-09-10,Card*Payment*Lidl*Chicken 900581,41.96,groceries,simulated_bank_transactions_uk
2024-10-12,FUEL BOLT BUS PASS 515171,24.77,transportation,simulated_bank_transactions_uk
2024-02-19,Sto Bill Pmt Thames Water 594111,78.28,utilities,simulated_bank_transactions_uk
2024-12-30,Bacs Mortgage Rent 73386,1136.15,housing,simulated_bank_transactions_uk
2023-03-06,CARD-PAYMENT-DISNEY+ 195280,20.98,subscriptions,simulated_bank_transactions_uk
2023-01-23,CARD ONLINE PURCHASE CURRYS PHARMACY 614337,131.48,other,simulated_bank_transactions_uk
2024-04-12,card pmt waitrose milk 244219,134.52,groceries,simulated_bank_transactions_uk
2024-10-05,restaurant nando's fast food 258151,129.71,dining,simulated_bank_transactions_uk
2023-06-07,fuel/esso/bus/pass,79.38,transportation,simulated_bank_transactions_uk
2023-12-17,Direct Debit Ee 556147,145.71,utilities,simulated_bank_transactions_uk
2024-04-27,CONTACTLESS SAINSBURYS FRUIT 930478,51.27,groceries,simulated_bank_transactions_uk
2023-03-11,Card Payment Spotify 19861,33.01,subscriptions,simulated_bank_transactions_uk
2024-08-20,CONTACTLESS MORRISONS FRUIT 725608,88.69,groceries,simulated_bank_transactions_uk
2023-07-20,so pos iceland eggs 69025,136.08,groceries,simulated_bank_transactions_uk
2024-10-03,SUBSCRIPTION APPLE.COM/BILL 6456,7.1,subscriptions,simulated_bank_transactions_uk
2024-01-22,RESTAURANT DELIVEROO FOOD DELIVERY 384884,139.34,dining,simulated_bank_transactions_uk
2024-10-19,contactless/aldi/bread,119.19,groceries,simulated_bank_transactions_uk
2024-09-25,so transport tfl train ticket 251317,118.32,transportation,simulated_bank_transactions_uk
2023-11-23,Bacs Landlord Rent 945730,2163.96,housing,simulated_bank_transactions_uk
2023-10-07,FPS CARD PAYMENT ESSO BUS PASS 563660,88.83,transportation,simulated_bank_transactions_uk
2023-07-05,Pos Bill Payment Sky,189.52,utilities,simulated_bank_transactions_uk
2023-03-20,BILL/PMT/SCOTTISHPOWER 505607,90.84,utilities,simulated_bank_transactions_uk
2024-12-05,pos asda bread 257870,160.47,groceries,simulated_bank_transactions_uk
2024-01-27,POS*TRANSPORT*UBER*BUS*PASS 106174,13.78,transportation,simulated_bank_transactions_uk
2023-01-19,BACS LETTING AGENT RENT,1442.37,housing,simulated_bank_transactions_uk
2024-07-19,food/delivery/uber/eats/fast/food 955300,13.98,dining,simulated_bank_transactions_uk
2024-08-30,DIRECT DEBIT DISNEY+ 850931,8.11,subscriptions,simulated_bank_transactions_uk
2023-04-13,pos/waitrose/fruit 806655,105.03,groceries,simulated_bank_transactions_uk
2023-03-24,transport tfl bus pass 88017,120.95,transportation,simulated_bank_transactions_uk
2023-03-18,bill-pmt-severn-trent 630625,63.97,utilities,simulated_bank_transactions_uk
2023-09-06,SO DIRECT DEBIT O2 840946,82.3,utilities,simulated_bank_transactions_uk
2023-04-24,direct debit scottishpower 891822,236.36,utilities,simulated_bank_transactions_uk
2024-02-03,STO CARD PMT LIDL EGGS 953677,110.63,groceries,simulated_bank_transactions_uk
2024-02-09,BACS POS WAITROSE MILK 646273,104.09,groceries,simulated_bank_transactions_uk
2023-02-17,MORTGAGE PAYMENT LETTING AGENT 653296,2057.3,housing,simulated_bank_transactions_uk
2024-11-08,CARD PAYMENT JUST EAT RESTAURANT 664009,158.66,dining,simulated_bank_transactions_uk
2024-07-10,Direct Debit Restaurant Costa Cafe,21.8,dining,simulated_bank_transactions_uk
2024-09-10,pos aldi cereal 981214,78.56,groceries,simulated_bank_transactions_uk
2024-05-09,FPS DIRECT DEBIT SKY,123.95,utilities,simulated_bank_transactions_uk
2023-07-09,Card Pmt Starbucks Restaurant 782791,103.66,dining,simulated_bank_transactions_uk
2023-10-16,CARD PAYMENT HMRC GIFT 298607,39.38,other,simulated_bank_transactions_uk
2023-02-20,transport bp car maintenance 656345,56.48,transportation,simulated_bank_transactions_uk
2024-08-11,VISA FOOD DELIVERY COSTA RESTAURANT 682289,82.66,dining,simulated_bank_transactions_uk
2024-11-18,CARD PAYMENT LIDL RICE 135742,177.78,groceries,simulated_bank_transactions_uk
2024-02-15,Contactless/Morrisons/Chicken 971900,132.6,groceries,simulated_bank_transactions_uk
2023-04-22,Utility Bill Scottishpower 249670,134.81,utilities,simulated_bank_transactions_uk
2023-11-27,Food Delivery Starbucks Restaurant 716751,67.2,dining,simulated_bank_transactions_uk
2023-01-21,restaurant nando's fast food,99.43,dining,simulated_bank_transactions_uk
2024-08-05,Bacs Bill Payment Vodafone 589727,212.08,utilities,simulated_bank_transactions_uk
2023-08-23,FPS*POS*TESCO*CEREAL 14443,130.81,groceries,simulated_bank_transactions_uk
2023-04-28,Utility Bill Ee 728899,216.37,utilities,simulated_bank_transactions_uk
2023-05-07,Visa/Restaurant/Uber/Eats/Cafe 169798,110.81,dining,simulated_bank_transactions_uk
2023-04-13,CARD RESTAURANT PRET FOOD DELIVERY 802183,91.59,dining,simulated_bank_transactions_uk
2024-04-20,POS ICELAND EGGS 380472,118.02,groceries,simulated_bank_transactions_uk
2023-05-01,pos purchase amazon gift 506573,71.49,other,simulated_bank_transactions_uk
2023-09-12,online purchase boots misc expense,19.55,other,simulated_bank_transactions_uk
2023-12-16,VISA RESTAURANT STARBUCKS CAFE 81449,117.94,dining,simulated_bank_transactions_uk
2023-05-24,card payment boots gif,199.58,other,simulated_bank_transactions_uk
2023-01-26,contactless iceland fruit 160868,116.42,groceries,simulated_bank_transactions_uk
2023-10-10,Contactless Restaurant Mcdonalds Cafe,61.86,dining,simulated_bank_transactions_uk
2024-09-09,Card*Pmt*Trainline*Train*Ticket 78081,121.35,transportation,simulated_bank_transactions_uk
2024-05-30,Contactless Morrisons Vegetables 33453,111.32,groceries,simulated_bank_transactions_uk
2024-09-28,direct debit direct debit amazon prime 423422,31.98,subscriptions,simulated_bank_transactions_uk
2024-04-04,Pos Restaurant Nando's Restaurant 7189,68.28,dining,simulated_bank_transactions_uk
2024-05-06,Pos-Card-Payment-Waitrose-Vegetables 143900,171.0,groceries,simulated_bank_transactions_uk
2023-08-11,Contactless*Utility*Bill*E.on 18468,113.68,utilities,simulated_bank_transactions_uk
2023-06-16,subscription apple.com/bill,9.01,subscriptions,simulated_bank_transactions_uk
2023-04-01,restaurant deliveroo food delivery 131302,12.3,dining,simulated_bank_transactions_uk
2024-08-08,so card payment lidl rice 537828,41.93,groceries,simulated_bank_transactions_uk
2024-08-19,mastercard utility bill scottishpower 993845,248.61,utilities,simulated_bank_transactions_uk
2023-12-14,restaurant mcdonalds restaurant 927165,149.42,dining,simulated_bank_transactions_uk
2024-05-19,Subscription Gym Group 674337,22.61,subscriptions,simulated_bank_transactions_uk
2024-12-17,bacs letting agent rent 455044,1978.38,housing,simulated_bank_transactions_uk
2024-05-27,Pos Tesco Milk 790090,72.35,groceries,simulated_bank_transactions_uk
2023-11-07,card-pmt-national-rail-uber-ride,125.27,transportation,simulated_bank_transactions_uk
2024-12-16,Fps Pos Asda Chicken 944794,182.46,groceries,simulated_bank_transactions_uk
2024-02-06,Card Utility Bill Sky,46.91,utilities,simulated_bank_transactions_uk
2024-10-08,Fps Direct Debit Severn Trent,203.78,utilities,simulated_bank_transactions_uk
2024-04-03,restaurant mcdonalds food d,37.37,dining,simulated_bank_transactions_uk
2024-07-24,DIRECT DEBIT BRITISH GAS 592976,52.1,utilities,simulated_bank_transactions_uk
2024-11-14,Mastercard Fuel Tfl Fuel 528033,65.14,transportation,simulated_bank_transactions_uk
2023-10-14,FUEL TFL UBER RIDE,3.3,transportation,simulated_bank_transactions_uk
2024-11-02,sto pos sainsburys vegetables 472818,188.64,groceries,simulated_bank_transactions_uk
2024-04-10,Sto Direct Debit Gym Group 813990,36.76,subscriptions,simulated_bank_transactions_uk
2024-10-16,CARD PMT COSTA FAST FOOD,135.63,dining,simulated_bank_transactions_uk
2023-08-20,Card-Subscription-Puregym 152465,5.83,subscriptions,simulated_bank_transactions_uk
2024-04-07,Card-Pmt-Iceland-Fruit,150.94,groceries,simulated_bank_transactions_uk
2023-09-28,direct debit bt 687730,235.59,utilities,simulated_bank_transactions_uk
2023-01-01,Pos Purchase Currys Pharmacy 4,31.73,other,simulated_bank_transactions_uk
2023-02-14,direct debit e.on 34617,235.77,utilities,simulated_bank_transactions_uk
2023-08-11,card*pmt*deliveroo*cafe,117.43,dining,simulated_bank_transactions_uk
2023-12-19,SUBSCRIPTION GYM GROUP 2,7.8,subscriptions,simulated_bank_transactions_uk
2023-06-16,DIRECT DEBIT BT,223.6,utilities,simulated_bank_transactions_uk
2024-08-20,STO FUEL TRAINLINE FUEL 733703,84.02,transportation,simulated_bank_transactions_uk
2023-11-03,direct-debit-mortgage-payment-landlord,1917.32,housing,simulated_bank_transactions_uk
2023-04-18,Card Pmt Apple.com/bill 27251,38.11,subscriptions,simulated_bank_transactions_uk
2024-08-12,CARD PAYMENT LIDL C,190.91,groceries,simulated_bank_transactions_uk
2024-01-06,Transport/Uber/Bus/Pass 833394,123.59,transportation,simulated_bank_transactions_uk
2024-04-17,DIRECT DEBIT EE 291834,123.31,utilities,simulated_bank_transactions_uk
2024-02-01,contactless waitrose cereal,34.58,groceries,simulated_bank_transactions_uk
2023-12-12,Restaurant*Just*Eat*Fast*Food 684210,50.89,dining,simulated_bank_transactions_uk
2024-08-16,bill pmt sky 725477,203.18,utilities,simulated_bank_transactions_uk
2024-01-25,Fps Contactless Tesco Chicken 647628,191.54,groceries,simulated_bank_transactions_uk
2023-01-12,transport national rail bus pass 5,104.35,transportation,simulated_bank_transactions_uk
2024-09-03,DIRECT DEBIT PUREGYM 707743,33.67,subscriptions,simulated_bank_transactions_uk
2024-06-15,Pos Asda Fruit 835987,18.2,groceries,simulated_bank_transactions_uk
2024-05-02,contactless*tesco*fruit 73712,157.45,groceries,simulated_bank_transactions_uk
2024-04-12,Card/Payment/Morrison,177.21,groceries,simulated_bank_transactions_uk
2024-10-31,Mastercard Fuel National Rail Bus Pass 963857,66.64,transportation,simulated_bank_transactions_uk
2023-08-17,card pmt aldi fruit 55,33.14,groceries,simulated_bank_transactions_uk
2024-03-30,fuel tfl car maintenance 41901,27.36,transportation,simulated_bank_transactions_uk
2024-03-24,card payment asda bread 190327,15.76,groceries,simulated_bank_transactions_uk
2024-07-21,Pos Card Pmt Google *services,9.05,subscriptions,simulated_bank_transactions_uk
2023-02-03,card payment kfc fast food 73306,34.05,dining,simulated_bank_transactions_uk
2023-06-17,Fuel/National/Rail/Train/Ticket 360193,41.66,transportation,simulated_bank_transactions_uk
2023-05-27,mastercard/contactless/asda/rice 381092,15.12,groceries,simulated_bank_transactions_uk
2024-01-24,Card/Pmt/Aldi/Rice 904814,54.19,groceries,simulated_bank_transactions_uk
2023-01-29,pos-asda-fruit,163.81,groceries,simulated_bank_transactions_uk
2023-09-22,Card Pmt Disney+,27.21,subscriptions,simulated_bank_transactions_uk
2023-12-19,Card Pmt Uber Eats Restaurant 307822,66.82,dining,simulated_bank_transactions_uk
2024-07-04,RESTAURANT NANDO'S FAST FOOD 7401,57.86,dining,simulated_bank_transactions_uk
2024-09-05,Bacs Rent Pmt Rent 207675,1856.72,housing,simulated_bank_transactions_uk
2023-09-06,mastercard direct debit bt,143.87,utilities,simulated_bank_transactions_uk
2024-01-27,fuel bp uber ride,6.55,transportation,simulated_bank_transactions_uk
2024-07-23,MORTGAGE PAYMENT MORTGAGE,1043.4,housing,simulated_bank_transactions_uk
2023-12-15,bill-pmt-british-gas 927973,137.54,utilities,simulated_bank_transactions_uk
2024-10-08,pos aldi bread 73008,192.56,groceries,simulated_bank_transactions_uk
2023-09-20,Sto Direct Debit Puregym 221246,36.12,subscriptions,simulated_bank_transactions_uk
2023-05-27,pos-morrisons-vegetables,192.8,groceries,simulated_bank_transactions_uk
2024-03-30,fuel trainline uber ride,46.71,transportation,simulated_bank_transactions_uk
2024-01-09,STO FUEL BOLT BUS PASS 491907,135.95,transportation,simulated_bank_transactions_uk
2024-03-10,BILL PMT OCTOPUS ENERGY 52854,137.72,utilities,simulated_bank_transactions_uk
2023-01-29,FPS FOOD DELIVERY PRET CAFE 422161,89.38,dining,simulated_bank_transactions_uk
2024-08-27,card pmt deliveroo restaurant 73551,40.45,dining,simulated_bank_transactions_uk
2023-03-18,Pos Purchase Hmrc Misc Expense,33.22,other,simulated_bank_transactions_uk
2023-04-06,FPS BACS LANDLORD R,2048.04,housing,simulated_bank_transactions_uk
2024-02-29,Mastercard Food Delivery Costa Food Delivery 628543,91.83,dining,simulated_bank_transactions_uk
2024-11-08,Rent Payment Rent,1852.31,housing,simulated_bank_transactions_uk
2024-05-10,Direct*Debit*Pos*Sainsburys*Cereal,115.34,groceries,simulated_bank_transactions_uk
2024-12-17,POS/SAINSBURYS/CEREAL 638320,44.58,groceries,simulated_bank_transactions_uk
2024-08-04,pos*morrisons*eggs 120005,162.09,groceries,simulated_bank_transactions_uk
2023-04-26,Direct/Debit/Vodafone,65.82,utilities,simulated_bank_transactions_uk
2023-11-04,Card Pmt Uber Car Maintenance 729584,56.14,transportation,simulated_bank_transactions_uk
2023-07-07,Contactless*Tesco*Milk,50.72,groceries,simulated_bank_transactions_uk
2023-01-05,Card Pmt Bolt Car Maintenance 936710,2.91,transportation,simulated_bank_transactions_uk
2023-07-03,Pos Tesco Bread 465979,141.81,groceries,simulated_bank_transactions_uk
2023-03-23,CARD PMT NATIONAL RAIL BUS PASS,48.71,transportation,simulated_bank_transactions_uk
2023-06-13,Card*Payment*Waitrose*Milk 289980,33.69,groceries,simulated_bank_transactions_uk
2024-05-15,card pmt pret restaurant 899244,17.75,dining,simulated_bank_transactions_uk
2023-03-10,direct/debit/bt,247.57,utilities,simulated_bank_transactions_uk
2023-05-21,BILL PAYMENT E.ON 925045,142.1,utilities,simulated_bank_transactions_uk
2023-10-03,RESTAURANT UBER EATS RESTAURANT 38997,13.61,dining,simulated_bank_transactions_uk
2023-11-24,FUEL NATIONAL RAIL TRAIN TICKET,122.67,transportation,simulated_bank_transactions_uk
2023-12-31,card payment greggs restaurant 952460,125.89,dining,simulated_bank_transactions_uk
2023-06-24,sto contactless asda cereal 448459,54.31,groceries,simulated_bank_transactions_uk
2024-02-12,Subscription*Puregym 639607,39.58,subscriptions,simulated_bank_transactions_uk
2024-07-09,Contactless Aldi Vegetables 496029,62.01,groceries,simulated_bank_transactions_uk
2024-08-09,Mortgage Payment Mortgage 804155,962.58,housing,simulated_bank_transactions_uk
2023-05-26,Sto Online Purchase Nhs Electronic,238.23,other,simulated_bank_transactions_uk
2024-02-12,mortgage*pmt*rent,1510.86,housing,simulated_bank_transactions_uk
2023-04-01,card payment esso uber ride 102853,60.82,transportation,simulated_bank_transactions_uk
2024-08-31,MORTGAGE PMT LANDLORD 336252,1340.42,housing,simulated_bank_transactions_uk
2023-03-19,Card-Card-Payment-Aldi,83.26,groceries,simulated_bank_transactions_uk
2024-12-21,Direct Debit Ee 36942,105.43,utilities,simulated_bank_transactions_uk
2024-01-09,Pos Morrisons Cereal 494029,6.36,groceries,simulated_bank_transactions_uk
2024-05-23,Contactless Tesco Bread 978665,115.27,groceries,simulated_bank_transactions_uk
2023-01-29,card pmt uber eats cafe 474603,108.74,dining,simulated_bank_transactions_uk
2023-05-14,Restaurant Nando's Food Delivery,16.41,dining,simulated_bank_transactions_uk
2023-12-28,CONTACTLESS POS MORRISONS EGGS 263053,112.19,groceries,simulated_bank_transactions_uk
2024-08-01,So Pos Asda Rice,142.48,groceries,simulated_bank_transactions_uk
2024-08-12,Fuel*Esso*Uber*Ride 441901,116.73,transportation,simulated_bank_transactions_uk
2024-08-22,FOOD DELIVERY UBER EATS FAST FOOD,121.86,dining,simulated_bank_transactions_uk
2023-04-16,bill payment bt,164.45,utilities,simulated_bank_transactions_uk
2023-05-08,direct debit ee 226660,239.9,utilities,simulated_bank_transactions_uk
2024-10-23,CARD POS SAINSBURYS RICE,161.4,groceries,simulated_bank_transactions_uk
2023-01-20,fuel*tfl*bus*pass 872948,85.01,transportation,simulated_bank_transactions_uk
2024-04-15,fps bacs landlord rent,1168.08,housing,simulated_bank_transactions_uk
2023-11-14,direct debit thames water 19113,258.81,utilities,simulated_bank_transactions_uk
2024-04-23,bacs landlord rent 280140,1520.0,housing,simulated_bank_transactions_uk
2024-01-30,Direct Debit Puregym,20.89,subscriptions,simulated_bank_transactions_uk
2024-07-12,CARD PAYMENT ASDA BREAD 226333,105.84,groceries,simulated_bank_transactions_uk
2024-10-30,Contactless*Sainsburys*Bread,39.67,groceries,simulated_bank_transactions_uk
2023-08-30,Card Restaurant Nando's Cafe,117.78,dining,simulated_bank_transactions_uk
2024-04-17,CARD PAYMENT SPOTIFY 956823,33.04,subscriptions,simulated_bank_transactions_uk
2024-10-12,Card/Pmt/Uber/Bus/Pass 888018,43.0,transportation,simulated_bank_transactions_uk
2024-09-29,bill-pmt-e.on,227.08,utilities,simulated_bank_transactions_uk
2024-09-10,Bacs-Letting-Agent-Rent 971599,1417.88,housing,simulated_bank_transactions_uk
2023-04-23,CARD PMT HMRC GIFT,92.39,other,simulated_bank_transactions_uk
2023-11-11,Direct Debit Vodafone,201.88,utilities,simulated_bank_transactions_uk
2024-09-20,Pos-Morrisons-Milk 213126,167.81,groceries,simulated_bank_transactions_uk
2023-08-20,MORTGAGE PAYMENT LETTING,1832.49,housing,simulated_bank_transactions_uk
2024-10-18,Direct Debit Octopus Energy 2330,177.11,utilities,simulated_bank_transactions_uk
2024-03-04,BILL/PAYMENT/SKY 23716,135.66,utilities,simulated_bank_transactions_uk
2024-08-04,Card/Payment/Boots/Online/Purchase 288413,181.09,other,simulated_bank_transactions_uk
2024-12-16,Bill*Payment*E.on,40.47,utilities,simulated_bank_transactions_uk
2023-05-11,Utility/Bill/Thames/Water 20083,137.3,utilities,simulated_bank_transactions_uk
2024-12-12,DIRECT*DEBIT*OCTOPUS*ENERGY,120.3,utilities,simulated_bank_transactions_uk
2023-09-25,DIRECT*DEBIT*GYM*GROUP,9.16,subscriptions,simulated_bank_transactions_uk
2024-09-05,FOOD*DELIVERY*COSTA*RESTAURANT 607077,39.23,dining,simulated_bank_transactions_uk
2023-10-02,So Contactless Lidl Bread 890289,144.98,groceries,simulated_bank_transactions_uk
2023-04-13,MORTGAGE PAYMENT RENT,2160.54,housing,simulated_bank_transactions_uk
2023-04-22,CARD PAYMENT PRET FAST FOOD,77.35,dining,simulated_bank_transactions_uk
2023-07-08,MORTGAGE-PAYMENT-MORTGAGE,1815.82,housing,simulated_bank_transactions_uk
2023-03-09,direct debit spotify 740092,16.74,subscriptions,simulated_bank_transactions_uk
2023-01-14,Bacs Utility Bill Severn Trent,123.96,utilities,simulated_bank_transactions_uk
2023-09-30,bacs rent rent 289634,751.95,housing,simulated_bank_transactions_uk
2023-12-04,POS-ASDA-RICE,47.4,groceries,simulated_bank_transactions_uk
2023-11-10,RESTAURANT JUST EAT FOOD DELIVERY 5,74.5,dining,simulated_bank_transactions_uk
2024-10-24,Contactless Asda Rice 193978,167.64,groceries,simulated_bank_transactions_uk
2024-03-01,Subscription-Amazon-Prime,21.11,subscriptions,simulated_bank_transactions_uk
2023-03-26,Card/Rent/Pmt/Letting/Agent,1870.65,housing,simulated_bank_transactions_uk
2023-01-21,Online Purchase Argos Misc Expense,216.17,other,simulated_bank_transactions_uk
2023-06-17,card-payment-netflix 8754,21.68,subscriptions,simulated_bank_transactions_uk
2023-08-30,CARD PAYMENT MCDONALDS CAFE 895664,117.93,dining,simulated_bank_transactions_uk
2023-07-27,Fuel Bolt Uber Ride,7.89,transportation,simulated_bank_transactions_uk
2024-12-21,POS SAINSBURYS MILK 305332,117.06,groceries,simulated_bank_transactions_uk
2024-04-09,ONLINE PURCHASE AMAZON ONLINE PURCHASE,109.78,other,simulated_bank_transactions_uk
2024-04-07,Fuel Trainline Bus Pass,43.55,transportation,simulated_bank_transactions_uk
2024-12-23,CARD*TRANSPORT*ESSO*TRAIN*TICKET,118.2,transportation,simulated_bank_transactions_uk
2023-02-23,direct debit ee 591995,179.78,utilities,simulated_bank_transactions_uk
2023-09-12,Restaurant Uber Eats Food Delivery 845930,32.29,dining,simulated_bank_transactions_uk
2024-12-23,pos/tesco/cereal,121.74,groceries,simulated_bank_transactions_uk
2024-01-08,Food Delivery Uber Eats Cafe 748699,73.65,dining,simulated_bank_transactions_uk
2023-08-19,subscription gym group,42.79,subscriptions,simulated_bank_transactions_uk
2024-12-01,RESTAURANT KFC FOOD DELIVERY 520755,153.17,dining,simulated_bank_transactions_uk
2023-08-06,Card Food Delivery Uber Eats Restaurant,47.96,dining,simulated_bank_transactions_uk
2024-12-06,card payment starbucks fast food 971570,127.63,dining,simulated_bank_transactions_uk
2024-12-11,pos*bill*pmt*severn*trent 429386,135.17,utilities,simulated_bank_transactions_uk
2024-06-07,contactless sainsburys cereal 734156,43.63,groceries,simulated_bank_transactions_uk
2024-05-07,So-Contactless-Tesco-Rice 811300,53.02,groceries,simulated_bank_transactions_uk
2024-11-26,Card Payment Waitrose Vegetables,53.47,groceries,simulated_bank_transactions_uk
2024-03-09,CONTACTLESS/ASDA/EGGS 491872,197.22,groceries,simulated_bank_transactions_uk
2024-05-02,DIRECT DEBIT SCOTTISHPOWER,60.84,utilities,simulated_bank_transactions_uk
2024-07-05,bacs mortgage rent 654051,1631.99,housing,simulated_bank_transactions_uk
2023-09-05,Direct Debit Octopus Energy 180416,61.96,utilities,simulated_bank_transactions_uk
2023-03-16,Card/Payment/Waitrose/Milk 297959,68.22,groceries,simulated_bank_transactions_uk
2023-05-16,BILL PAYMENT OCTOPUS ENERGY,83.41,utilities,simulated_bank_transactions_uk
2023-04-02,DIRECT-DEBIT-SKY,139.56,utilities,simulated_bank_transactions_uk
2024-05-25,utility bill scottishpower 586636,101.2,utilities,simulated_bank_transactions_uk
2024-12-16,Contactless Lidl Chicken 719105,128.64,groceries,simulated_bank_transactions_uk
2024-10-25,Card*Payment*Lidl*Eggs 107280,34.7,groceries,simulated_bank_transactions_uk
2024-02-07,SUBSCRIPTION GOOGLE *SERV,42.8,subscriptions,simulated_bank_transactions_uk
2023-06-10,utility/bill/british/gas 914751,164.53,utilities,simulated_bank_transactions_uk
2023-05-15,Direct Debit O2,226.12,utilities,simulated_bank_transactions_uk
2023-02-06,UTILITY BILL BRITISH GAS 498183,213.18,utilities,simulated_bank_transactions_uk
2023-04-04,mortgage*payment*letting*agent,766.82,housing,simulated_bank_transactions_uk
2023-12-24,Sto*Subscription*Spotify,41.04,subscriptions,simulated_bank_transactions_uk
2023-11-14,Pos Card Pmt Starbucks Fast Food 244906,118.03,dining,simulated_bank_transactions_uk
2023-03-12,food delivery kfc food delivery 624977,149.4,dining,simulated_bank_transactions_uk
2024-12-09,card payment mcdonalds cafe,22.06,dining,simulated_bank_transactions_uk
2023-05-05,BACS-CARD-PMT-UBER-BUS-PASS 533954,51.4,transportation,simulated_bank_transactions_uk
2023-08-25,MORTGAGE PAYMENT RENT 139775,1319.98,housing,simulated_bank_transactions_uk
2024-02-24,CARD-PMT-SAINSBURYS-EGGS 268256,196.23,groceries,simulated_bank_transactions_uk
2024-02-25,POS ASDA FRUIT,28.46,groceries,simulated_bank_transactions_uk
2024-07-03,Card*Pmt*Tesco*Bread 865773,135.91,groceries,simulated_bank_transactions_uk
2023-05-15,Food Delivery Deliveroo Cafe 547071,41.8,dining,simulated_bank_transactions_uk
2023-03-16,contactless asda milk,94.35,groceries,simulated_bank_transactions_uk
2023-11-18,utility bill british gas 15,61.15,utilities,simulated_bank_transactions_uk
2024-01-03,Food Delivery Nando's Cafe,82.65,dining,simulated_bank_transactions_uk
2024-04-16,Card Payment Pret Cafe,97.33,dining,simulated_bank_transactions_uk
2023-08-09,Rent*Pmt*Landlord 666107,944.26,housing,simulated_bank_transactions_uk
2024-06-01,Card*Payment*Costa*Cafe 653123,8.72,dining,simulated_bank_transactions_uk
2023-03-22,DIRECT DEBIT CONTACTLESS ASDA MILK 814285,26.31,groceries,simulated_bank_transactions_uk
2023-02-21,mortgage-payment-mortgage 377824,1785.74,housing,simulated_bank_transactions_uk
2024-06-09,DIRECT DEBIT CARD PMT STARBUCKS FAST FOOD,80.27,dining,simulated_bank_transactions_uk
2024-08-31,Fuel Shell Car Mainten,15.55,transportation,simulated_bank_transactions_uk
2024-02-05,Card-Pmt-Iceland-Chicken 638184,160.85,groceries,simulated_bank_transactions_uk
2024-07-22,Visa Card Payment Nando's Cafe 877694,150.43,dining,simulated_bank_transactions_uk
2024-04-29,fps transport national rail fuel 830059,135.43,transportation,simulated_bank_transactions_uk
2024-12-02,FOOD DELIVERY KFC FOOD DELIVERY 667884,18.73,dining,simulated_bank_transactions_uk
2023-02-16,Direct Debit Scottishpower 58921,243.78,utilities,simulated_bank_transactions_uk
2024-01-26,visa online purchase boots online purchase 822341,166.23,other,simulated_bank_transactions_uk
2024-07-03,direct debit e,203.31,utilities,simulated_bank_transactions_uk
2024-06-20,card/payment/amazon/prime,23.62,subscriptions,simulated_bank_transactions_uk
2024-05-14,card-pmt-lidl-cereal 378167,190.1,groceries,simulated_bank_transactions_uk
2024-07-21,pos asda milk 223682,146.18,groceries,simulated_bank_transactions_uk
2024-10-09,Contactless Iceland Chicken 505263,92.25,groceries,simulated_bank_transactions_uk
2023-10-17,CARD*PAYMENT*ASDA*RICE 475071,73.58,groceries,simulated_bank_transactions_uk
2024-12-30,CARD PAYMENT ASDA RICE 577520,146.79,groceries,simulated_bank_transactions_uk
2024-02-14,FPS-DIRECT-DEBIT-PUREGYM 235703,13.1,subscriptions,simulated_bank_transactions_uk
2023-09-19,food delivery deliveroo food delivery 28,21.0,dining,simulated_bank_transactions_uk
2023-07-29,Utility Bill Scottishpower 13778,167.78,utilities,simulated_bank_transactions_uk
2024-05-07,Fuel Esso Uber Ride,37.91,transportation,simulated_bank_transactions_uk
2024-01-24,DIRECT DEBIT BRITISH GAS,246.8,utilities,simulated_bank_transactions_uk
2023-03-12,FUEL-BP-FUEL 153714,64.02,transportation,simulated_bank_transactions_uk
2023-04-14,Bacs Landlord Rent 569492,1832.44,housing,simulated_bank_transactions_uk
2023-02-16,Card Payment Tesco Chicken,74.09,groceries,simulated_bank_transactions_uk
2024-02-16,BILL PMT O2 128314,211.97,utilities,simulated_bank_transactions_uk
2023-04-02,Card Payment Lidl Chicken 738877,53.54,groceries,simulated_bank_transactions_uk
2023-05-31,transport uber fuel 373607,30.91,transportation,simulated_bank_transactions_uk
2024-06-25,POS WAITROSE MILK 802203,31.27,groceries,simulated_bank_transactions_uk
2023-08-08,DIRECT/DEBIT/GOOGLE/*SERVICES 604772,21.57,subscriptions,simulated_bank_transactions_uk
2024-05-08,POS*ICELAND*CEREAL 209584,142.18,groceries,simulated_bank_transactions_uk
2023-04-12,subscription amazon prime,31.76,subscriptions,simulated_bank_transactions_uk
2024-08-29,Direct Debit Scottishpower 771335,138.04,utilities,simulated_bank_transactions_uk
2023-10-17,direct/debit/puregym 145112,8.42,subscriptions,simulated_bank_transactions_uk
2023-04-16,Visa*Card*Pmt*Trainline*Trai,3.74,transportation,simulated_bank_transactions_uk
2024-01-19,Contactless/Tesco/Milk 128686,32.01,groceries,simulated_bank_transactions_uk
2023-01-25,CARD-PMT-BOOTS-PHARMACY 847885,86.24,other,simulated_bank_transactions_uk
2023-02-02,food delivery starbucks food delivery 942997,50.85,dining,simulated_bank_transactions_uk
2024-08-23,Fps Fuel Esso Uber Ride 342214,93.88,transportation,simulated_bank_transactions_uk
2024-05-22,STO BACS LETTING AGENT RENT 309056,1530.44,housing,simulated_bank_transactions_uk
2024-06-06,Fuel Bolt Fuel,34.69,transportation,simulated_bank_transactions_uk
2024-02-06,FPS/FUEL/UBER/BUS/PASS 966684,54.1,transportation,simulated_bank_transactions_uk
2023-10-16,Contactless Aldi Rice 761695,160.68,groceries,simulated_bank_transactions_uk
2023-03-02,contactless pos waitrose rice 208643,155.63,groceries,simulated_bank_transactions_uk
2023-11-17,Contactless Asda Bread,61.75,groceries,simulated_bank_transactions_uk
2023-08-20,CONTACTLESS LIDL CHICKEN,125.6,groceries,simulated_bank_transactions_uk
2023-10-12,ONLINE PURCHASE NHS GIFT,173.84,other,simulated_bank_transactions_uk
2023-10-05,Direct Debit Contactless Aldi Fruit,66.25,groceries,simulated_bank_transactions_uk
2024-09-26,Mastercard Fuel Trainli,23.06,transportation,simulated_bank_transactions_uk
2024-06-18,Fuel National Rail Train Ticket 23559,51.57,transportation,simulated_bank_transactions_uk
2023-12-11,Restaurant Nando's,29.3,dining,simulated_bank_transactions_uk
2023-02-27,pos/morrisons/vegetables 230838,128.21,groceries,simulated_bank_transactions_uk
2023-05-13,Card Payment Waitrose Eggs,53.71,groceries,simulated_bank_transactions_uk
2024-01-27,Card Payment Sainsburys Chicken 381717,12.6,groceries,simulated_bank_transactions_uk
2023-04-15,RESTAURANT COSTA CAFE,137.23,dining,simulated_bank_transactions_uk
2024-06-15,CARD POS WAITROSE BREAD 277322,133.56,groceries,simulated_bank_transactions_uk
2023-04-15,food delivery pret restaurant 27017,133.04,dining,simulated_bank_transactions_uk
2024-06-03,RENT PAYMENT LETTING AGENT,907.3,housing,simulated_bank_transactions_uk
2024-02-27,MORTGAGE*PAYMENT*MORTGAGE 544395,1172.06,housing,simulated_bank_transactions_uk
2023-04-28,Pos Fuel National Rail Uber Ride 26722,99.93,transportation,simulated_bank_transactions_uk
2024-05-14,subscription google *services 128683,27.74,subscriptions,simulated_bank_transactions_uk
2024-05-12,FUEL SHELL BUS PASS,108.44,transportation,simulated_bank_transactions_uk
2024-01-26,Restaurant Mcdonalds Restaurant 14768,95.47,dining,simulated_bank_transactions_uk
2023-05-24,Subscription Gym Group 191162,7.4,subscriptions,simulated_bank_transactions_uk
2024-07-18,FUEL TRAINLINE CAR MAINTENANCE 446765,46.57,transportation,simulated_bank_transactions_uk
2023-06-09,Card Payment Netflix 439726,16.41,subscriptions,simulated_bank_transactions_uk
2023-09-23,Sto/Card/Payment/Iceland/Eggs,160.85,groceries,simulated_bank_transactions_uk
2024-07-11,food delivery greggs fast food 462192,43.91,dining,simulated_bank_transactions_uk
2023-09-08,subscription puregym 725114,33.69,subscriptions,simulated_bank_transactions_uk
2023-11-04,Rent Payment Landlord 850333,1366.14,housing,simulated_bank_transactions_uk
2023-04-23,direct debit sky 207398,246.61,utilities,simulated_bank_transactions_uk
2024-01-25,MORTGAGE/PAYMENT/LANDLORD 297537,1727.95,housing,simulated_bank_transactions_uk
2023-05-05,card/payment/greggs/restaurant,147.61,dining,simulated_bank_transactions_uk
2024-02-23,Restaurant*Uber*Eats*Fast*Food 693080,108.78,dining,simulated_bank_transactions_uk
2024-04-10,CARD PAYMENT MORRISONS BREAD 816393,9.78,groceries,simulated_bank_transactions_uk
2024-08-04,bacs/rent/rent,2003.7,housing,simulated_bank_transactions_uk
2024-08-17,Card Payment Spotify 735443,38.06,subscriptions,simulated_bank_transactions_uk
2023-11-19,card pmt gym group 64721,9.13,subscriptions,simulated_bank_transactions_uk
2024-11-23,Card*Pmt*Google**services 952053,43.21,subscriptions,simulated_bank_transactions_uk
2024-02-24,Restaurant Costa Food Delivery 900550,117.57,dining,simulated_bank_transactions_uk
2023-02-16,food delivery costa fas,49.87,dining,simulated_bank_transactions_uk
2023-07-22,Card Payment Morrisons Bread,59.78,groceries,simulated_bank_transactions_uk
2024-07-29,card-pmt-spotify,8.25,subscriptions,simulated_bank_transactions_uk
2023-12-17,Visa*Card*Pmt*Nando's*Food*Delivery,6.5,dining,simulated_bank_transactions_uk
2023-06-10,Bacs Mortgage Pmt Landlord 132075,1741.0,housing,simulated_bank_transactions_uk
2024-08-24,bill payment thames water 273601,129.56,utilities,simulated_bank_transactions_uk
2023-02-09,STO CARD PMT DELIVEROO FOOD DELIVERY 709957,53.33,dining,simulated_bank_transactions_uk
2023-10-09,Card Pmt Shell Fuel 129611,2.19,transportation,simulated_bank_transactions_uk
2023-10-31,subscription/netflix 697350,22.58,subscriptions,simulated_bank_transactions_uk
2023-03-12,STO FOOD DELIVERY DELIVEROO CAFE,86.62,dining,simulated_bank_transactions_uk
2023-12-29,CARD PMT TESCO BREAD 185661,56.22,groceries,simulated_bank_transactions_uk
2024-04-30,Card/Pmt/Amazon/Prime 14196,15.14,subscriptions,simulated_bank_transactions_uk
2024-11-08,pos iceland eggs 129127,94.26,groceries,simulated_bank_transactions_uk
2023-02-25,Online Purchase Currys Electronics 274113,69.39,other,simulated_bank_transactions_uk
2023-08-08,SO CARD PAYMENT SHELL BUS PASS,5.77,transportation,simulated_bank_transactions_uk
2024-09-25,MORTGAGE PMT RENT,1061.56,housing,simulated_bank_transactions_uk
2023-08-24,Pos-Card-Pmt-Kfc-Cafe 435424,5.58,dining,simulated_bank_transactions_uk
2024-02-07,Pos Lidl Bread,143.06,groceries,simulated_bank_transactions_uk
2024-10-07,POS FOOD DELIVERY KFC FOOD DELIVERY 702034,18.79,dining,simulated_bank_transactions_uk
2024-01-30,Fuel-Shell-Bus-Pass,11.77,transportation,simulated_bank_transactions_uk
2024-04-06,direct-debit-card-pmt-tesco-eggs 922265,88.19,groceries,simulated_bank_transactions_uk
2024-07-23,direct debit scottishpower 550394,190.16,utilities,simulated_bank_transactions_uk
2024-02-11,Pos Aldi Cereal,185.46,groceries,simulated_bank_transactions_uk
2024-06-30,CONTACTLESS ASDA MILK 691621,20.84,groceries,simulated_bank_transactions_uk
2023-04-07,Food Delivery Uber Eats Food Delivery,50.78,dining,simulated_bank_transactions_uk
2024-02-02,POS TESCO RICE 103857,82.25,groceries,simulated_bank_transactions_uk
2024-03-27,Rent Pmt Mortgage 22449,745.22,housing,simulated_bank_transactions_uk
2024-09-05,Bill/Payment/E.on,119.0,utilities,simulated_bank_transactions_uk
2024-10-12,BILL/PAYMENT/EE 232154,113.96,utilities,simulated_bank_transactions_uk
2024-06-13,Food*Delivery*Just*Eat*Food*Delivery 32692,83.86,dining,simulated_bank_transactions_uk
2023-09-10,sto contactless tesco milk 266027,180.15,groceries,simulated_bank_transactions_uk
2023-02-24,Fuel Bp Uber Ride 834962,5.5,transportation,simulated_bank_transactions_uk
2023-01-05,Bacs-Mortgage-Rent 233779,1886.8,housing,simulated_bank_transactions_uk
2023-08-16,Card Payment Apple.com/bill 721568,23.94,subscriptions,simulated_bank_transactions_uk
2023-11-14,restaurant/pret/food/delivery 28669,93.99,dining,simulated_bank_transactions_uk
2023-02-07,Restaurant Mcdonalds Fast Food,131.46,dining,simulated_bank_transactions_uk
2023-03-17,transport bp uber ride 945826,17.27,transportation,simulated_bank_transactions_uk
2024-03-09,card payment trainline car maintenance,99.08,transportation,simulated_bank_transactions_uk
2023-01-25,Direct Debit Disney+ 491539,15.4,subscriptions,simulated_bank_transactions_uk
2023-10-28,POS SAINSBURYS BREAD 816993,57.27,groceries,simulated_bank_transactions_uk
2024-08-29,direct debit contactless aldi vegetables 326766,70.17,groceries,simulated_bank_transactions_uk
2023-08-27,Fuel Trainline Bus Pass 831658,33.39,transportation,simulated_bank_transactions_uk
2024-02-21,direct debit restaurant greggs food delivery 318582,107.86,dining,simulated_bank_transactions_uk
2023-06-15,Card Payment Superdrug Pharmacy 320815,95.38,other,simulated_bank_transactions_uk
2024-11-27,Pos Waitrose Bread 564434,98.61,groceries,simulated_bank_transactions_uk
2024-01-04,visa contactless waitrose rice 168480,146.74,groceries,simulated_bank_transactions_uk
2023-02-26,card payment aldi milk 3325,175.9,groceries,simulated_bank_transactions_uk
2024-01-29,DIRECT DEBIT BILL PMT SCOTTISHPOWER 57010,162.15,utilities,simulated_bank_transactions_uk
2024-01-31,RESTAURANT JUST EAT FOOD DELIVERY 636396,38.24,dining,simulated_bank_transactions_uk
2024-04-12,card restaurant starbucks,105.38,dining,simulated_bank_transactions_uk
2024-08-04,CONTACTLESS MORRISONS CEREAL 737057,47.21,groceries,simulated_bank_transactions_uk
2023-06-08,So*Bacs*Mortgage*Rent 263932,1726.43,housing,simulated_bank_transactions_uk
2023-06-05,utility bill e.on 3,193.65,utilities,simulated_bank_transactions_uk
2024-07-27,mortgage pmt mortgage,1878.81,housing,simulated_bank_transactions_uk
2023-12-04,bacs*direct*debit*spotify 122364,19.42,subscriptions,simulated_bank_transactions_uk
2023-06-07,card payment amazon misc expense,209.39,other,simulated_bank_transactions_uk
2024-07-20,bacs rent rent 999526,1908.71,housing,simulated_bank_transactions_uk
2023-03-22,FUEL TFL UBER RIDE 838480,37.99,transportation,simulated_bank_transactions_uk
2023-07-25,POS PURCHASE AMAZON MISC EXPENSE 615631,70.55,other,simulated_bank_transactions_uk
2024-02-04,CARD PMT NETFLIX 894633,41.61,subscriptions,simulated_bank_transactions_uk
2024-01-10,BACS TRANSPORT UBER UBER RIDE,61.4,transportation,simulated_bank_transactions_uk
2023-08-23,BILL PAYMENT O2 296340,137.26,utilities,simulated_bank_transactions_uk
2023-05-02,Card Payment Amazon Prime 470443,28.91,subscriptions,simulated_bank_transactions_uk
2023-12-14,bacs-landlord-rent 831868,1252.3,housing,simulated_bank_transactions_uk
2024-01-15,CARD PMT TESCO RICE 724623,187.22,groceries,simulated_bank_transactions_uk
2023-08-02,CARD SUBSCRIPTION DISN,16.39,subscriptions,simulated_bank_transactions_uk
2024-04-03,Card Payment Disney+ 63076,32.45,subscriptions,simulated_bank_transactions_uk
2024-10-05,POS MORRISONS,134.21,groceries,simulated_bank_transactions_uk
2023-08-25,Restaurant Just Eat Food Delivery 691407,80.33,dining,simulated_bank_transactions_uk
2023-05-16,Food*Delivery*Deliveroo*Fast*Food 671932,43.83,dining,simulated_bank_transactions_uk
2024-02-09,fps card pmt uber uber ride,101.95,transportation,simulated_bank_transactions_uk
2024-01-06,DIRECT DEBIT E.ON 95129,251.75,utilities,simulated_bank_transactions_uk
2024-10-26,DIRECT DEBIT THAMES WATER 632905,220.93,utilities,simulated_bank_transactions_uk
2023-06-27,contactless sainsburys milk 346102,126.12,groceries,simulated_bank_transactions_uk
2024-11-13,BILL PAYMENT O2,26.67,utilities,simulated_bank_transactions_uk
2023-02-26,pos lidl bread 924857,135.11,groceries,simulated_bank_transactions_uk
2024-03-01,so card payment iceland vegetables 235848,87.71,groceries,simulated_bank_transactions_uk
2023-09-22,Contactless Morrisons Cereal 80044,42.54,groceries,simulated_bank_transactions_uk
2023-03-25,VISA SUBSCRIPTION PUREGYM 370666,29.7,subscriptions,simulated_bank_transactions_uk
2023-01-02,card/pmt/waitrose/bread,171.81,groceries,simulated_bank_transactions_uk
2023-07-17,pos iceland eggs,132.75,groceries,simulated_bank_transactions_uk
2024-01-20,so*fuel*esso*bus*pass 154520,93.91,transportation,simulated_bank_transactions_uk
2024-11-27,Visa Direct Debit Google *services 427025,6.1,subscriptions,simulated_bank_transactions_uk
2023-07-21,Card Payment Uber Eats Cafe,79.1,dining,simulated_bank_transactions_uk
2023-09-28,Pos Food Delivery Nando's Fast Food 277667,16.4,dining,simulated_bank_transactions_uk
2024-04-22,CONTACTLESS RESTAURANT JUST EAT RESTAURANT 996778,81.54,dining,simulated_bank_transactions_uk
2024-02-27,rent/pmt/letting/agent,1623.6,housing,simulated_bank_transactions_uk
2024-03-05,Mastercard Bacs Letting Agent Rent,2152.61,housing,simulated_bank_transactions_uk
2023-03-15,Pos Morrisons Eggs,29.66,groceries,simulated_bank_transactions_uk
2023-05-24,direct*debit*puregym 355899,26.42,subscriptions,simulated_bank_transactions_uk
2024-06-22,pos-iceland-rice 40295,151.38,groceries,simulated_bank_transactions_uk
2023-05-05,MASTERCARD RESTAURANT GREGGS CAFE 1627,132.4,dining,simulated_bank_transactions_uk
2024-10-04,card pmt esso uber ride,90.05,transportation,simulated_bank_transactions_uk
2023-06-09,Online Purchase Ebay Misc Expense 899746,207.63,other,simulated_bank_transactions_uk
2024-12-07,sto contactless morrisons chicken 946179,154.09,groceries,simulated_bank_transactions_uk
2023-07-13,Card Payment Nando's Fast Food 812265,70.65,dining,simulated_bank_transactions_uk
2024-02-28,bill payment sky 990170,163.9,utilities,simulated_bank_transactions_uk
2023-09-07,Direct Debit Disney+ 364793,15.23,subscriptions,simulated_bank_transactions_uk
2023-08-22,CARD PAYMENT MORRISONS BREAD 199776,144.04,groceries,simulated_bank_transactions_uk
2024-06-30,FOOD DELIVERY GREGGS FOOD DELIVERY,26.69,dining,simulated_bank_transactions_uk
2023-04-15,Contactless*Lidl*Fruit 694655,161.98,groceries,simulated_bank_transactions_uk
2023-09-24,POS MORRISONS RICE 881475,94.91,groceries,simulated_bank_transactions_uk
2023-06-19,RESTAURANT JUST EAT FOOD DELIVERY 6,136.08,dining,simulated_bank_transactions_uk
2024-09-21,RENT-PMT-MORTGAGE,936.76,housing,simulated_bank_transactions_uk
2024-12-01,Transport Trainline Bus Pass 501909,37.62,transportation,simulated_bank_transactions_uk
2024-10-06,TRANSPORT/BOLT/TRAIN/TICKET 2,112.6,transportation,simulated_bank_transactions_uk
2023-04-26,fuel bp car maintenance 408781,62.03,transportation,simulated_bank_transactions_uk
2023-08-16,SO MORTGAGE PMT MORTGAGE 461286,765.3,housing,simulated_bank_transactions_uk
2024-09-11,POS CARD PMT ALDI FRUIT 677557,55.21,groceries,simulated_bank_transactions_uk
2024-05-26,FOOD/DELIVERY/KFC/RESTAURANT 800279,54.67,dining,simulated_bank_transactions_uk
2023-12-23,TRANSPORT TFL BUS PASS 348151,45.78,transportation,simulated_bank_transactions_uk
2024-02-02,sto card payment costa restaurant 328376,124.49,dining,simulated_bank_transactions_uk
2024-06-27,fps restaurant starbucks fast food 104963,125.9,dining,simulated_bank_transactions_uk
2023-12-31,CONTACTLESS FUEL TFL CAR MAINTENANCE 206682,9.19,transportation,simulated_bank_transactions_uk
2023-09-30,POS CARD PAYMENT NANDO'S FAST FOOD 978284,7.45,dining,simulated_bank_transactions_uk
2023-04-30,direct*debit*pos*purchase*argos*misc*expense 585913,118.59,other,simulated_bank_transactions_uk
2023-01-24,so-transport-bolt-fuel 296258,56.55,transportation,simulated_bank_transactions_uk
2023-11-01,CONTACTLESS TESCO RICE,68.18,groceries,simulated_bank_transactions_uk
2023-11-24,Card/Pmt/Waitrose/Milk 394391,39.17,groceries,simulated_bank_transactions_uk
2024-05-16,so/direct/debit/thames/water 399472,163.52,utilities,simulated_bank_transactions_uk
2024-08-07,card pmt shell train ticket 213154,101.56,transportation,simulated_bank_transactions_uk
2024-08-15,card payment waitrose vegetables 428883,195.47,groceries,simulated_bank_transactions_uk
2024-10-20,DIRECT DEBIT E.ON 552243,40.85,utilities,simulated_bank_transactions_uk
2023-10-03,Card Pmt Gym Group 346808,33.51,subscriptions,simulated_bank_transactions_uk
2024-11-22,FOOD DELIVERY NANDO'S RESTAURANT 320198,14.98,dining,simulated_bank_transactions_uk
2024-04-11,POS TESCO FRUIT 880369,192.82,groceries,simulated_bank_transactions_uk
2023-12-30,CONTACTLESS/ICELAND/FRUIT,33.94,groceries,simulated_bank_transactions_uk
2023-04-17,Utility*Bill*Sky 153288,227.77,utilities,simulated_bank_transactions_uk
2023-10-26,contactless tesco vegetables 423980,189.87,groceries,simulated_bank_transactions_uk
2023-02-01,food delivery nando's fast food 395556,36.82,dining,simulated_bank_transactions_uk
2024-02-12,pos card payment amazon prime 730832,5.76,subscriptions,simulated_bank_transactions_uk
2024-06-04,Sto Online Purchase Boots Online Purchase 95131,186.55,other,simulated_bank_transactions_uk
2024-10-14,FOOD/DELIVERY/PRET/FAST/FOOD,102.38,dining,simulated_bank_transactions_uk
2023-06-25,food delivery nando's cafe 293723,39.59,dining,simulated_bank_transactions_uk
2024-11-30,CARD/PMT/NETFLIX 147123,40.41,subscriptions,simulated_bank_transactions_uk
2024-10-13,Sto Card Pmt Starbucks Fast Food,17.9,dining,simulated_bank_transactions_uk
2023-10-25,fuel*uber*fuel 222102,137.46,transportation,simulated_bank_transactions_uk
2024-04-28,Transport/Trainline/Train/Ticket 58805,27.38,transportation,simulated_bank_transactions_uk
2023-01-24,mastercard/pos/morrisons/bread 168796,125.35,groceries,simulated_bank_transactions_uk
2023-09-17,CARD PAYMENT KFC FAST FOOD 686487,89.44,dining,simulated_bank_transactions_uk
2023-06-14,Direct/Debit/Puregym,21.91,subscriptions,simulated_bank_transactions_uk
2023-08-03,bacs/transport/esso/fuel 716051,107.16,transportation,simulated_bank_transactions_uk
2024-10-01,Food-Delivery-Deliveroo-Food-Delivery,15.26,dining,simulated_bank_transactions_uk
2023-04-04,food delivery kfc food delivery 937342,59.79,dining,simulated_bank_transactions_uk
2024-01-08,card payment kfc restaurant 55,7.84,dining,simulated_bank_transactions_uk
2024-09-25,Bacs Landlord Rent 894115,1445.56,housing,simulated_bank_transactions_uk
2024-12-28,Bill Pmt British Gas 920595,205.62,utilities,simulated_bank_transactions_uk
2023-08-01,Card Payment Aldi Fruit 152765,176.04,groceries,simulated_bank_transactions_uk
2023-01-11,bacs restaurant deliveroo restaurant,37.52,dining,simulated_bank_transactions_uk
2023-11-26,Pos Purchase Nhs Misc Expense 575681,34.86,other,simulated_bank_transactions_uk
2023-07-14,CONTACTLESS ICELAND RICE 132216,5.55,groceries,simulated_bank_transactions_uk
2024-10-17,sto food delivery pret fast food,140.96,dining,simulated_bank_transactions_uk
2023-07-29,CONTACTLESS UTILITY BILL O2 431729,102.76,utilities,simulated_bank_transactions_uk
2023-05-25,Restaurant*Pret*Cafe 408380,123.97,dining,simulated_bank_transactions_uk
2024-09-12,Card Payment Disney+,5.24,subscriptions,simulated_bank_transactions_uk
2023-08-15,Pos Tesco Fruit,143.35,groceries,simulated_bank_transactions_uk
2024-07-25,Pos Tesco Fruit 836259,124.38,groceries,simulated_bank_transactions_uk
2023-07-31,transport esso bus pass 478701,3.28,transportation,simulated_bank_transactions_uk
2023-09-16,Rent Pmt Landlord,1229.42,housing,simulated_bank_transactions_uk
2024-03-22,Pos*Aldi*Milk 265007,80.96,groceries,simulated_bank_transactions_uk
2023-02-01,DIRECT DEBIT THAMES WATER,134.11,utilities,simulated_bank_transactions_uk
2023-12-06,RESTAURANT DELIVEROO FOOD DELIVERY 864818,49.97,dining,simulated_bank_transactions_uk
2024-11-02,FOOD-DELIVERY-KFC-RESTAURANT 601124,56.03,dining,simulated_bank_transactions_uk
2024-08-17,Pos Pos Aldi Fruit 145212,63.37,groceries,simulated_bank_transactions_uk
2023-01-04,BACS RENT RENT 160472,913.43,housing,simulated_bank_transactions_uk
2024-01-03,card payment pret food delivery 32785,19.86,dining,simulated_bank_transactions_uk
2024-02-22,contactless morrisons milk 396467,132.57,groceries,simulated_bank_transactions_uk
2023-07-19,food delivery pret ca,20.3,dining,simulated_bank_transactions_uk
2024-01-17,pos lidl eggs 862810,143.13,groceries,simulated_bank_transactions_uk
2023-05-17,Card Payment Sainsburys Rice 793870,140.78,groceries,simulated_bank_transactions_uk
2024-07-15,card payment mcdonalds restaurant 327767,55.28,dining,simulated_bank_transactions_uk
2024-10-13,Card Pmt Sainsburys Cereal 71597,131.34,groceries,simulated_bank_transactions_uk
2023-02-28,Bill Payment Octopus Energy 666,241.49,utilities,simulated_bank_transactions_uk
2024-02-19,CARD PMT HMRC PHARMACY,125.75,other,simulated_bank_transactions_uk
2024-11-23,SO POS LIDL VEGETABLES 42659,150.5,groceries,simulated_bank_transactions_uk
2023-04-20,CARD*PMT*SAINSBURYS*VEGETABLES 65910,14.11,groceries,simulated_bank_transactions_uk
2023-11-29,Contactless Contactless Morrisons Vegetables 880700,156.38,groceries,simulated_bank_transactions_uk
2024-04-19,Direct Debit British Gas 309635,221.18,utilities,simulated_bank_transactions_uk
2023-07-01,Fuel-National-Rail-Car-Maintenance,78.2,transportation,simulated_bank_transactions_uk
2024-03-31,transport trainline train ticket,13.38,transportation,simulated_bank_transactions_uk
2023-09-01,UTILITY-BILL-E.ON 734168,29.39,utilities,simulated_bank_transactions_uk
2024-06-30,pos sainsburys vegetables 269060,161.46,groceries,simulated_bank_transactions_uk
2024-08-30,RENT PAYMENT LANDLORD 461453,660.84,housing,simulated_bank_transactions_uk
2023-11-13,Fuel*Bp*Car*Maintenance 34588,61.58,transportation,simulated_bank_transactions_uk
2023-08-14,Direct-Debit-Google-*services,11.3,subscriptions,simulated_bank_transactions_uk
2023-10-30,BILL PMT VODAFONE,250.51,utilities,simulated_bank_transactions_uk
2023-07-05,restaurant uber eats food delivery,97.42,dining,simulated_bank_transactions_uk
2024-03-29,card pmt waitrose vegetables,114.89,groceries,simulated_bank_transactions_uk
2023-04-01,Utility Bill Octopus Energy,165.9,utilities,simulated_bank_transactions_uk
2024-08-29,Contactless-Lidl-Rice 383169,158.12,groceries,simulated_bank_transactions_uk
2023-11-09,Direct-Debit-Puregym,4.75,subscriptions,simulated_bank_transactions_uk
2023-05-27,Direct Debit Spotify,20.88,subscriptions,simulated_bank_transactions_uk
2024-11-30,TRANSPORT/BOLT/BUS/PASS,46.87,transportation,simulated_bank_transactions_uk
2024-08-06,pos lidl frui,5.11,groceries,simulated_bank_transactions_uk
2024-08-07,CARD PAYMENT NHS PHARMACY,242.09,other,simulated_bank_transactions_uk
2023-04-22,transport bp uber ride 233803,112.12,transportation,simulated_bank_transactions_uk
2023-06-21,Sto Mortgage Payment Letting Agent 330326,2088.97,housing,simulated_bank_transactions_uk
2024-12-27,pos iceland rice,44.28,groceries,simulated_bank_transactions_uk
2024-06-10,Fuel Uber Fuel 857050,10.39,transportation,simulated_bank_transactions_uk
2023-03-14,Bacs*Contactless*Morrisons*Cereal 789954,89.36,groceries,simulated_bank_transactions_uk
2024-05-22,CARD PAYMENT ASDA RICE 971548,6.37,groceries,simulated_bank_transactions_uk
2023-09-10,sto direct debit vodafone,199.01,utilities,simulated_bank_transactions_uk
2024-08-31,Card Pmt Greggs Cafe,94.48,dining,simulated_bank_transactions_uk
2023-12-03,CARD PAYMENT SAINSBURYS BREAD 485133,128.51,groceries,simulated_bank_transactions_uk
2023-08-14,Restaurant Nando's Restaurant 505795,146.42,dining,simulated_bank_transactions_uk
2024-06-15,pos/aldi/cereal 526468,150.89,groceries,simulated_bank_transactions_uk
2024-10-20,CARD PMT GREGGS FAST FOOD,84.57,dining,simulated_bank_transactions_uk
2024-06-08,CARD-PAYMENT-SUPERDRUG-ELECTRONICS 583201,215.61,other,simulated_bank_transactions_uk
2023-09-22,BILL PAYMENT O2 227796,153.33,utilities,simulated_bank_transactions_uk
2024-12-14,direct debit apple.com/bill 884498,23.16,subscriptions,simulated_bank_transactions_uk
2024-04-26,visa contactless sainsburys milk 59840,130.78,groceries,simulated_bank_transactions_uk
2024-09-18,Contactless Aldi Chicken,125.02,groceries,simulated_bank_transactions_uk
2023-11-17,direct-debit-gym-group 706321,36.06,subscriptions,simulated_bank_transactions_uk
2023-11-14,Card Fuel Esso Bus Pass 739766,122.0,transportation,simulated_bank_transactions_uk
2024-08-18,bill-pmt-bt 777714,131.2,utilities,simulated_bank_transactions_uk
2023-05-19,RENT PMT LANDLORD,1802.92,housing,simulated_bank_transactions_uk
2023-08-26,Direct Debit Ee,91.93,utilities,simulated_bank_transactions_uk
2024-08-04,BILL PMT O2,220.13,utilities,simulated_bank_transactions_uk
2023-09-23,POS*WAITROSE*FRUIT,11.04,groceries,simulated_bank_transactions_uk
2024-06-12,CARD PAYMENT ALDI RICE 981911,184.58,groceries,simulated_bank_transactions_uk
2024-04-18,Contactless Bill Payment Thames Water,199.08,utilities,simulated_bank_transactions_uk
2024-01-08,CARD PMT DISNEY+ 127535,43.61,subscriptions,simulated_bank_transactions_uk
2023-08-17,Fuel Bolt Bus Pass 124841,64.16,transportation,simulated_bank_transactions_uk
2024-11-12,POS RENT PAYMENT RENT 107439,1161.29,housing,simulated_bank_transactions_uk
2024-05-03,Contactless Online Purchase Amazon Electronics 853209,20.79,other,simulated_bank_transactions_uk
2024-11-24,CARD PMT UBER TRAIN TICKET 335888,138.76,transportation,simulated_bank_transactions_uk
2024-03-29,direct debit pos iceland rice 192195,16.07,groceries,simulated_bank_transactions_uk
2024-04-22,RESTAURANT-COSTA-RESTAURANT 106116,129.99,dining,simulated_bank_transactions_uk
2024-12-03,fuel bolt fuel 102142,14.96,transportation,simulated_bank_transactions_uk
2023-01-27,card-card-pmt-deliveroo-fast-food,54.03,dining,simulated_bank_transactions_uk
2024-07-01,FOOD DELIVERY NANDO'S RESTAURANT 313088,81.25,dining,simulated_bank_transactions_uk
2023-07-22,Card Pmt Iceland Eggs,33.98,groceries,simulated_bank_transactions_uk
2023-08-30,Food Delivery Just Eat Food Delivery,48.79,dining,simulated_bank_transactions_uk
2024-09-10,RENT PMT LETTING AGENT 947536,1551.55,housing,simulated_bank_transactions_uk
2023-02-14,utility bill british gas,103.26,utilities,simulated_bank_transactions_uk
2023-05-22,Contactless Restaurant Costa Fast Food 669229,18.48,dining,simulated_bank_transactions_uk
2023-11-19,BACS-RENT-RENT,1891.8,housing,simulated_bank_transactions_uk
2024-12-12,Card Payment Asda Cereal 477937,51.39,groceries,simulated_bank_transactions_uk
2023-10-19,Food Delivery Deliveroo Food Delivery 10359,130.37,dining,simulated_bank_transactions_uk
2024-12-07,RESTAURANT DELIVEROO FAST FOOD 742282,45.68,dining,simulated_bank_transactions_uk
2023-09-09,Pos*Morrisons*Eggs,193.87,groceries,simulated_bank_transactions_uk
2024-03-10,bill payment scottishpower 941045,42.59,utilities,simulated_bank_transactions_uk
2024-08-22,card direct debit gym group 761013,40.34,subscriptions,simulated_bank_transactions_uk
2023-12-19,Contactless Aldi Vegetables,66.22,groceries,simulated_bank_transactions_uk
2023-06-02,Card-Payment-Just-Eat-Restaurant 585248,146.55,dining,simulated_bank_transactions_uk
2023-09-15,POS ICELAND FRUIT,27.14,groceries,simulated_bank_transactions_uk
2023-09-29,POS SAINSBURYS FRUIT,195.0,groceries,simulated_bank_transactions_uk
2024-04-26,Bacs-Mortgage-Rent 784831,1523.58,housing,simulated_bank_transactions_uk
2023-04-21,Direct Debit Gym Group 654993,35.4,subscriptions,simulated_bank_transactions_uk
2024-09-03,Restaurant/Kfc/Fast/Food 651983,148.71,dining,simulated_bank_transactions_uk
2023-01-15,CARD PAYMENT SAINSBURYS EGGS 859,98.13,groceries,simulated_bank_transactions_uk
2024-02-19,Bacs Card Payment Netflix 108879,5.22,subscriptions,simulated_bank_transactions_uk
2023-06-03,So Pos Iceland Eggs,37.93,groceries,simulated_bank_transactions_uk
2024-11-02,CARD RENT PAYMENT MORTGAGE 395,1656.12,housing,simulated_bank_transactions_uk
2023-10-31,Restaurant Deliveroo Restaurant,61.53,dining,simulated_bank_transactions_uk
2023-09-12,bill-payment-bt,188.32,utilities,simulated_bank_transactions_uk
2023-11-28,food*delivery*greggs*food*delivery 891851,62.5,dining,simulated_bank_transactions_uk
2023-02-22,subscription netflix 876476,27.81,subscriptions,simulated_bank_transactions_uk
2023-12-07,Pos Morrisons Fruit 211600,46.39,groceries,simulated_bank_transactions_uk
2024-07-05,transport esso fuel 214746,70.78,transportation,simulated_bank_transactions_uk
2023-08-10,CARD RESTAURANT DELIVEROO FOOD DELIVERY 609497,148.05,dining,simulated_bank_transactions_uk
2023-07-16,POS WAITROSE EGGS,100.19,groceries,simulated_bank_transactions_uk
2024-02-25,RESTAURANT GREGGS RESTAURANT 470448,45.74,dining,simulated_bank_transactions_uk
2023-09-08,SO CONTACTLESS ASDA EGGS 507682,140.38,groceries,simulated_bank_transactions_uk
2023-05-26,Card*Pmt*National*Rail*Fuel 127542,101.48,transportation,simulated_bank_transactions_uk
2024-07-30,Mortgage Pmt Rent 364085,2029.18,housing,simulated_bank_transactions_uk
2024-07-31,pos tesco eggs 59579,34.19,groceries,simulated_bank_transactions_uk
2024-02-15,card pmt tfl bus pass,95.36,transportation,simulated_bank_transactions_uk
2024-04-18,BACS CONTACTLESS ASDA MILK 756403,89.17,groceries,simulated_bank_transactions_uk
2024-11-25,Pos Tesco Bread 556342,191.46,groceries,simulated_bank_transactions_uk
2024-08-21,Sto Card Payment Lidl Milk 178090,15.88,groceries,simulated_bank_transactions_uk
2023-02-03,CARD PAYMENT SPOTIFY 96769,16.68,subscriptions,simulated_bank_transactions_uk
2023-06-17,TRANSPORT-TFL-CAR-MAINTENANCE,67.64,transportation,simulated_bank_transactions_uk
2023-03-17,mortgage/pmt/landlord 693347,932.6,housing,simulated_bank_transactions_uk
2024-12-03,Mastercard Food Delivery Costa Fast Food 13394,111.31,dining,simulated_bank_transactions_uk
2023-03-16,card pmt netflix 138447,34.12,subscriptions,simulated_bank_transactions_uk
2024-01-22,CARD PAYMENT GREGGS FAST FOOD 821958,94.59,dining,simulated_bank_transactions_uk
2023-01-03,VISA CARD PMT DISNEY+ 213677,10.01,subscriptions,simulated_bank_transactions_uk
2023-03-29,RENT*PMT*RENT,688.58,housing,simulated_bank_transactions_uk
2023-02-26,CARD PMT TESCO FRUIT,13.21,groceries,simulated_bank_transactions_uk
2024-06-07,rent payment rent 847431,2020.91,housing,simulated_bank_transactions_uk
2023-10-14,card/pmt/iceland/cereal 683243,91.67,groceries,simulated_bank_transactions_uk
2024-09-27,CARD PMT LIDL MILK 533093,66.53,groceries,simulated_bank_transactions_uk
2024-07-02,card*payment*pret*cafe 740782,118.98,dining,simulated_bank_transactions_uk
2023-05-29,MORTGAGE PAYMENT RENT,2030.53,housing,simulated_bank_transactions_uk
2024-12-10,Card Payment Sainsburys Rice 943022,34.39,groceries,simulated_bank_transactions_uk
2023-06-21,FOOD DELIVERY COSTA RESTAURANT 931859,153.8,dining,simulated_bank_transactions_uk
2023-10-26,TRANSPORT TFL CAR MAINTENANCE,78.37,transportation,simulated_bank_transactions_uk
2024-08-16,Direct*Debit*Scottishpower 543701,110.93,utilities,simulated_bank_transactions_uk
2023-01-14,DIRECT DEBIT E.ON 888970,140.4,utilities,simulated_bank_transactions_uk
2023-01-20,Subscription Netflix 829933,37.56,subscriptions,simulated_bank_transactions_uk
2024-12-12,restaurant costa food delivery 288967,73.19,dining,simulated_bank_transactions_uk
2024-04-17,food delivery costa food delivery 937067,32.42,dining,simulated_bank_transactions_uk
2024-04-25,CARD PAYMENT ALDI CEREAL,140.5,groceries,simulated_bank_transactions_uk
2024-03-28,Transport Trainline Car Maintenance 964628,38.0,transportation,simulated_bank_transactions_uk
2024-05-05,card card payment waitrose chicken 914121,86.23,groceries,simulated_bank_transactions_uk
2023-03-30,fps/transport/national/rail/uber/ride 412921,139.17,transportation,simulated_bank_transactions_uk
2023-06-06,CARD CONTACTLESS SAINSBURYS CEREAL 254533,190.93,groceries,simulated_bank_transactions_uk
2023-03-04,CARD PAYMENT BOLT TRAIN TICKET,57.05,transportation,simulated_bank_transactions_uk
2023-05-31,Visa Direct Debit Disney+ 802566,25.02,subscriptions,simulated_bank_transactions_uk
2024-12-25,MORTGAGE PAYMENT LANDLORD 808837,1765.31,housing,simulated_bank_transactions_uk
2024-03-24,CARD PAYMENT JUST EAT CAFE 524169,44.86,dining,simulated_bank_transactions_uk
2024-05-19,CONTACTLESS CONTACTLESS MORRISONS VEGETABLES 246989,43.2,groceries,simulated_bank_transactions_uk
2024-02-01,sto contactless iceland fruit 965637,11.49,groceries,simulated_bank_transactions_uk
2023-01-11,Food Delivery Just Eat Cafe 831571,89.13,dining,simulated_bank_transactions_uk
2024-10-18,DIRECT DEBIT GOOGLE *SERVICES 73365,32.29,subscriptions,simulated_bank_transactions_uk
2024-08-14,transport tfl bus pass,139.93,transportation,simulated_bank_transactions_uk
2024-08-19,direct debit spotify 34099,9.92,subscriptions,simulated_bank_transactions_uk
2023-09-26,sto-transport-national-rail-uber-ride 243986,123.46,transportation,simulated_bank_transactions_uk
2024-01-18,mastercard contactless waitrose vegetables 447242,51.45,groceries,simulated_bank_transactions_uk
2024-02-13,Bacs-Restaurant-Kfc-Food-Delivery 193553,17.9,dining,simulated_bank_transactions_uk
2023-03-29,Fps/Direct/Debit/Google/*services 362038,27.65,subscriptions,simulated_bank_transactions_uk
2024-07-23,Card/Pmt/Nhs/Electronics 932907,171.19,other,simulated_bank_transactions_uk
2024-12-20,pos card pmt aldi cereal 525672,5.54,groceries,simulated_bank_transactions_uk
2024-12-02,Card Payment Aldi Milk,139.97,groceries,simulated_bank_transactions_uk
2023-02-10,Fps*Fuel*Esso*Uber*Ride,52.65,transportation,simulated_bank_transactions_uk
2023-02-26,Transport National Rail Uber Ride 846589,101.99,transportation,simulated_bank_transactions_uk
2023-08-20,transport tfl bus pass 720938,10.03,transportation,simulated_bank_transactions_uk
2024-09-03,CARD PAYMENT WAITROSE VEGETABLES 152474,147.74,groceries,simulated_bank_transactions_uk
2023-10-28,SO BILL PAYMENT BRITISH GAS 167195,177.31,utilities,simulated_bank_transactions_uk
2023-03-10,transport shell uber ride 838237,47.2,transportation,simulated_bank_transactions_uk
2024-04-25,card pmt morrisons milk 719128,14.99,groceries,simulated_bank_transactions_uk
2024-01-06,Pos Morrisons Bread 619394,101.79,groceries,simulated_bank_transactions_uk
2023-02-19,POS SAINSBURYS EGGS 768374,7.31,groceries,simulated_bank_transactions_uk
2023-06-17,pos morrisons chicken,115.24,groceries,simulated_bank_transactions_uk
2024-09-24,Bacs*Restaurant*Starbucks*Fast*Food 690463,114.02,dining,simulated_bank_transactions_uk
2024-11-21,BACS CARD PMT LIDL BREAD 185664,7.33,groceries,simulated_bank_transactions_uk
2024-10-01,Contactless Asda Cereal,76.07,groceries,simulated_bank_transactions_uk
2024-04-16,Pos-Subscription-Gym-Group 769492,15.03,subscriptions,simulated_bank_transactions_uk
2024-09-05,Card Payment Mcdonalds Food Delivery,104.2,dining,simulated_bank_transactions_uk
2024-04-07,Card/Pmt/Shell/Car/Maintenance 569191,121.66,transportation,simulated_bank_transactions_uk
2023-06-21,Card Payment Costa Food Delivery 804025,133.87,dining,simulated_bank_transactions_uk
2024-11-27,Contactless-Bill-Payment-British-Gas,180.83,utilities,simulated_bank_transactions_uk
2023-06-19,FOOD DELIVERY MCDONALDS FOOD DELIVERY 904584,108.69,dining,simulated_bank_transactions_uk
2023-04-26,card payment asda bread 289399,83.87,groceries,simulated_bank_transactions_uk
2023-02-10,Bacs Bill Pmt O2 913971,128.59,utilities,simulated_bank_transactions_uk
2023-04-06,Rent Payment Landlord 749934,1968.72,housing,simulated_bank_transactions_uk
2024-09-19,BACS-LANDLORD-RENT 330489,1019.45,housing,simulated_bank_transactions_uk
2024-02-09,Fps Subscription Gym Group,36.37,subscriptions,simulated_bank_transactions_uk
2023-04-28,Visa Restaurant Just Eat Cafe 96312,63.79,dining,simulated_bank_transactions_uk
2023-01-05,So Card Pmt Nando's Cafe 685154,123.9,dining,simulated_bank_transactions_uk
2023-04-01,so direct debit spotify,18.08,subscriptions,simulated_bank_transactions_uk
2024-11-04,card payment google *services 784860,16.35,subscriptions,simulated_bank_transactions_uk
2024-09-22,Fps Contactless Asda Vegetables 8,106.59,groceries,simulated_bank_transactions_uk
2024-08-25,card payment nando's restaurant 123931,47.63,dining,simulated_bank_transactions_uk
2023-12-12,card-payment-nando's-restaurant 504436,37.77,dining,simulated_bank_transactions_uk
2023-02-16,fuel uber train ticket 251,41.09,transportation,simulated_bank_transactions_uk
2023-12-05,Restaurant Kfc Cafe 486305,44.6,dining,simulated_bank_transactions_uk
2023-09-22,CARD PMT TESCO FRUIT,45.77,groceries,simulated_bank_transactions_uk
2024-03-27,BILL PAYMENT O2 2,99.57,utilities,simulated_bank_transactions_uk
2023-04-30,FPS FOOD DELIVERY MCDONALDS RESTAURANT 694148,20.06,dining,simulated_bank_transactions_uk
2024-06-14,Card/Pmt/Iceland/Milk 681315,182.65,groceries,simulated_bank_transactions_uk
2023-09-14,utility bill scottishpowe,251.11,utilities,simulated_bank_transactions_uk
2024-09-16,Transport Bp Fuel 798372,125.8,transportation,simulated_bank_transactions_uk
2023-06-19,CARD-PAYMENT-NANDO'S-FOOD-DELIVERY 821095,97.45,dining,simulated_bank_transactions_uk
2024-02-26,pos*aldi*vegetables 505588,166.22,groceries,simulated_bank_transactions_uk
2024-11-05,POS LIDL RICE 123233,15.2,groceries,simulated_bank_transactions_uk
2024-12-10,Transport National Rail Train Ticket,91.82,transportation,simulated_bank_transactions_uk
2023-02-10,Mortgage*Payment*Letting*Agent,662.89,housing,simulated_bank_transactions_uk
2024-03-04,bacs*mortgage*rent 940563,1667.79,housing,simulated_bank_transactions_uk
2024-05-22,Direct-Debit-E.on 333204,169.81,utilities,simulated_bank_transactions_uk
2023-12-06,card-pmt-deliveroo-fast-food 68785,6.34,dining,simulated_bank_transactions_uk
2024-06-13,Bacs Utility Bill Sky,218.32,utilities,simulated_bank_transactions_uk
2024-07-15,Mortgage Pmt Mortgage,2078.15,housing,simulated_bank_transactions_uk
2023-03-07,RENT PAYMENT RENT 521553,1595.12,housing,simulated_bank_transactions_uk
2024-11-30,sto mortgage pmt rent 395209,1379.24,housing,simulated_bank_transactions_uk
2023-11-09,Utility Bill Thames Water 69803,90.81,utilities,simulated_bank_transactions_uk
2023-09-11,SO BILL PAYMENT O2 59696,66.01,utilities,simulated_bank_transactions_uk
2024-07-14,RENT PMT RENT 789637,1396.76,housing,simulated_bank_transactions_uk
2023-07-04,mortgage payment landlord 825304,1385.38,housing,simulated_bank_transactions_uk
2023-07-07,Card*Payment*Waitrose*Fruit,20.31,groceries,simulated_bank_transactions_uk
2023-10-05,So-Card-Payment-Esso-Car-Maintenance 599441,8.54,transportation,simulated_bank_transactions_uk
2023-07-05,Utility Bill Octopus Energy 384905,171.05,utilities,simulated_bank_transactions_uk
2024-05-30,fuel/bp/fuel 979252,87.51,transportation,simulated_bank_transactions_uk
2024-07-08,Pos Fuel Bolt Car Maintenance,64.79,transportation,simulated_bank_transactions_uk
2023-10-13,CARD FUEL TRAINLINE FUEL,47.63,transportation,simulated_bank_transactions_uk
2023-10-29,direct debit thames water 987449,232.62,utilities,simulated_bank_transactions_uk
2023-04-29,Pos Online Purchase Hmrc Misc Expense,71.58,other,simulated_bank_transactions_uk
2024-08-18,bacs rent pmt rent 42590,1769.17,housing,simulated_bank_transactions_uk
2023-01-04,Card Pos Purchase Currys Misc Expense,105.74,other,simulated_bank_transactions_uk
2024-04-09,restaurant/greggs/,33.21,dining,simulated_bank_transactions_uk
2024-08-18,Bill Pmt Bt 888452,257.15,utilities,simulated_bank_transactions_uk
2024-06-12,card payment iceland fruit 143094,179.68,groceries,simulated_bank_transactions_uk
2023-10-13,card/pmt/starbucks/restaurant,28.74,dining,simulated_bank_transactions_uk
2023-10-29,Card Pmt Google *services 16260,15.74,subscriptions,simulated_bank_transactions_uk
2024-11-16,Card Pmt Uber Train Ticket,60.23,transportation,simulated_bank_transactions_uk
2023-03-13,card direct debit vodafone 297680,241.46,utilities,simulated_bank_transactions_uk
2024-02-16,card pmt ebay gift 158432,139.93,other,simulated_bank_transactions_uk
2023-09-03,CARD PAYMENT ALDI EGGS 338120,141.74,groceries,simulated_bank_transactions_uk
2024-04-21,bacs mortgage rent,2147.44,housing,simulated_bank_transactions_uk
2023-09-16,Pos Asda Fruit 45207,70.38,groceries,simulated_bank_transactions_uk
2023-04-15,Contactless Fuel Shell Bus Pass 835068,135.56,transportation,simulated_bank_transactions_uk
2024-04-05,Bill Pmt Sky 938253,191.04,utilities,simulated_bank_transactions_uk
2023-02-24,restaurant kfc food delivery 23166,42.4,dining,simulated_bank_transactions_uk
2023-06-30,CONTACTLESS SAINSBURYS CEREAL 804265,192.24,groceries,simulated_bank_transactions_uk
2024-02-28,subscription disney+ 718669,6.76,subscriptions,simulated_bank_transactions_uk
2024-04-12,Card Payment Pret Fast Food 32,49.06,dining,simulated_bank_transactions_uk
2023-03-06,BACS BACS MORTGAGE RENT 474562,1298.47,housing,simulated_bank_transactions_uk
2023-03-20,CARD PAYMENT GOOGLE *SERVICES 630274,9.33,subscriptions,simulated_bank_transactions_uk
2023-07-10,CONTACTLESS-LIDL-MILK 487610,100.85,groceries,simulated_bank_transactions_uk
2023-02-18,direct debit restaurant pret cafe 496530,88.64,dining,simulated_bank_transactions_uk
2024-12-14,direct debit rent payment landlord 856911,770.24,housing,simulated_bank_transactions_uk
2024-06-06,RENT-PAYMENT-MORTGAGE 74945,1615.0,housing,simulated_bank_transactions_uk
2023-12-29,DIRECT-DEBIT-VODAFONE 547181,113.53,utilities,simulated_bank_transactions_uk
2023-01-30,CARD PAYMENT TRAINLINE BUS PASS 306475,13.03,transportation,simulated_bank_transactions_uk
2023-03-19,CONTACTLESS LIDL EGGS 331317,71.02,groceries,simulated_bank_transactions_uk
2024-07-07,Direct Debit Mortgage Payment Rent 351598,1461.13,housing,simulated_bank_transactions_uk
2023-11-20,bill payment sky,34.75,utilities,simulated_bank_transactions_uk
2024-08-26,Bacs/Subscription/Amazon/Prime 226089,15.17,subscriptions,simulated_bank_transactions_uk
2023-11-14,MORTGAGE PAYMENT LETTING AGENT 864050,1465.26,housing,simulated_bank_transactions_uk
2024-06-29,BACS/POS/WAITROSE/EGGS 550943,198.74,groceries,simulated_bank_transactions_uk
2023-12-03,pos purchase amazon gift 50184,221.21,other,simulated_bank_transactions_uk
2023-08-14,BACS POS MORRISONS RI,20.45,groceries,simulated_bank_transactions_uk
2024-07-07,DIRECT DEBIT AMAZON PRIME 941313,37.39,subscriptions,simulated_bank_transactions_uk
2023-06-21,restaurant nando's cafe,19.13,dining,simulated_bank_transactions_uk
2023-08-01,POS ALDI EGGS 316710,184.0,groceries,simulated_bank_transactions_uk
2023-10-28,bacs mortgage rent 406905,1460.58,housing,simulated_bank_transactions_uk
2024-05-07,Pos Morrisons Cereal 14998,186.25,groceries,simulated_bank_transactions_uk
2024-07-08,VISA/TRANSPORT/TFL/TRAIN/TICKET 388598,60.99,transportation,simulated_bank_transactions_uk
2023-05-28,BACS RESTAURANT DELIVEROO FOOD DELIVERY,33.85,dining,simulated_bank_transactions_uk
2023-09-07,CARD PMT BOLT FUEL 479663,137.45,transportation,simulated_bank_transactions_uk
2023-08-20,Card Pmt Sainsburys Cereal 381191,92.52,groceries,simulated_bank_transactions_uk
2023-01-08,Direct-Debit-Spotify 120715,43.77,subscriptions,simulated_bank_transactions_uk
2023-08-16,CARD-PAYMENT-UBER-CAR-MAINTENANCE 254721,33.4,transportation,simulated_bank_transactions_uk
2024-10-13,UTILITY BILL E.ON 106465,216.12,utilities,simulated_bank_transactions_uk
2024-03-11,CONTACTLESS FOOD DELIVERY KFC CAFE 536413,42.62,dining,simulated_bank_transactions_uk
2024-04-08,DIRECT DEBIT POS MORRISONS EGGS 230018,172.46,groceries,simulated_bank_transactions_uk
2023-12-05,Transport Trainline Uber Ride 497241,9.72,transportation,simulated_bank_transactions_uk
2024-04-26,mastercard contactless tesco vegetables,142.62,groceries,simulated_bank_transactions_uk
2023-08-14,contactless morrisons eggs 425743,156.31,groceries,simulated_bank_transactions_uk
2023-12-19,card/pmt/pret/fast/food 851424,31.38,dining,simulated_bank_transactions_uk
2023-01-24,CONTACTLESS SUBSCRIPTION APPLE.COM/BILL,41.83,subscriptions,simulated_bank_transactions_uk
2023-02-12,BILL PMT OCTOPUS ENERGY 863007,210.33,utilities,simulated_bank_transactions_uk
2023-12-12,SUBSCRIPTION SPOTIFY,17.57,subscriptions,simulated_bank_transactions_uk
2024-12-18,direct debit british gas 620418,147.48,utilities,simulated_bank_transactions_uk
2024-04-14,food delivery deliveroo cafe 163088,143.32,dining,simulated_bank_transactions_uk
2024-03-01,RESTAURANT*DELIVEROO*FOOD*DELIVERY 300857,21.16,dining,simulated_bank_transactions_uk
2023-03-12,card payment esso car maintenance 15814,76.17,transportation,simulated_bank_transactions_uk
2023-10-20,UTILITY*BILL*E.ON,124.01,utilities,simulated_bank_transactions_uk
2024-02-05,BILL PAYMENT VODAFONE 658665,79.72,utilities,simulated_bank_transactions_uk
2023-01-11,Bacs Subscription Spotify 59071,19.58,subscriptions,simulated_bank_transactions_uk
2023-09-28,BILL/PMT/THAMES/WATER 250389,146.0,utilities,simulated_bank_transactions_uk
2023-08-22,STO/RESTAURANT/MCDONALDS/CAFE 235981,82.42,dining,simulated_bank_transactions_uk
2023-03-14,CONTACTLESS TESCO EGGS 194450,126.6,groceries,simulated_bank_transactions_uk
2024-09-08,SO POS PURCHASE ARGOS MISC EXPENSE 979680,73.01,other,simulated_bank_transactions_uk
2024-12-07,UTILITY-BILL-O2 92790,134.33,utilities,simulated_bank_transactions_uk
2024-03-09,TRANSPORT UBER UBER RIDE 896686,92.97,transportation,simulated_bank_transactions_uk
2023-09-26,Mortgage*Pmt*Rent,1699.95,housing,simulated_bank_transactions_uk
2024-11-24,Fps Bacs Rent Rent 622251,1952.47,housing,simulated_bank_transactions_uk
2023-02-02,Subscription Apple.com/bill 161502,21.29,subscriptions,simulated_bank_transactions_uk
2024-08-31,Fuel Esso Uber Ride 473407,89.79,transportation,simulated_bank_transactions_uk
2023-02-18,DIRECT DEBIT THAMES WATER,45.01,utilities,simulated_bank_transactions_uk
2023-01-30,pos-sainsburys-rice,117.3,groceries,simulated_bank_transactions_uk
2024-05-31,CARD*PMT*DELIVEROO*FAST*FOOD,116.81,dining,simulated_bank_transactions_uk
2023-08-18,TRANSPORT/ESSO/FUEL,21.84,transportation,simulated_bank_transactions_uk
2023-02-24,Contactless Waitrose Fruit 415789,112.2,groceries,simulated_bank_transactions_uk
2023-03-19,Bill*Pmt*O2 870013,207.14,utilities,simulated_bank_transactions_uk
2024-01-10,Contactless Aldi Milk,189.6,groceries,simulated_bank_transactions_uk
2023-07-22,CARD-PMT-APPLE.COM/BILL,22.74,subscriptions,simulated_bank_transactions_uk
2024-10-13,BILL PMT EE,29.98,utilities,simulated_bank_transactions_uk
2024-04-16,Card Payment Costa Cafe 994970,30.68,dining,simulated_bank_transactions_uk
2024-01-10,pos*lidl*vegetables,185.57,groceries,simulated_bank_transactions_uk
2024-08-18,So Card Payment Mcdonalds Food Delivery 26045,76.72,dining,simulated_bank_transactions_uk
2024-05-21,Card Pmt Starbucks Food Delivery 722612,59.79,dining,simulated_bank_transactions_uk
2024-01-15,Direct Debit O2,168.73,utilities,simulated_bank_transactions_uk
2023-11-28,Pos-Purchase-Argos-Online-Purchase 557281,223.08,other,simulated_bank_transactions_uk
2024-02-01,rent payment mortgage 500226,1716.91,housing,simulated_bank_transactions_uk
2023-11-04,CARD CARD PMT ASDA BREAD 576257,91.41,groceries,simulated_bank_transactions_uk
2024-07-26,card payment esso bus pass 841737,125.86,transportation,simulated_bank_transactions_uk
2024-12-07,Pos/Morrisons/Vegetabl,188.7,groceries,simulated_bank_transactions_uk
2023-03-05,Utility Bill Octopus Energy 701160,58.7,utilities,simulated_bank_transactions_uk
2024-10-22,POS BACS LETTING AGENT RENT 335532,1849.14,housing,simulated_bank_transactions_uk
2023-03-18,ONLINE PURCHASE BOOTS MISC EXPENSE,194.39,other,simulated_bank_transactions_uk
2023-03-10,bill payment thames water 340029,47.63,utilities,simulated_bank_transactions_uk
2024-01-19,FOOD DELIVERY KFC FAST FOOD 340045,19.34,dining,simulated_bank_transactions_uk
2023-03-03,FUEL-TRAINLINE-BUS-PASS 544039,46.11,transportation,simulated_bank_transactions_uk
2024-11-11,subscription*amazon*prime 748441,36.37,subscriptions,simulated_bank_transactions_uk
2023-09-26,Contactless Contactless Aldi Fruit 645385,154.18,groceries,simulated_bank_transactions_uk
2024-07-14,FUEL NATIONAL RAIL UBER RI,72.78,transportation,simulated_bank_transactions_uk
2024-01-07,Contactless*Tesco*Milk 106004,41.77,groceries,simulated_bank_transactions_uk
2023-04-04,Restaurant-Kfc-Fast-Food 929988,31.71,dining,simulated_bank_transactions_uk
2023-10-20,Direct Debit Spotify,40.0,subscriptions,simulated_bank_transactions_uk
2024-03-22,Contactless Tesco Eggs 590269,118.64,groceries,simulated_bank_transactions_uk
2023-04-03,Pos Waitrose Milk 846443,117.3,groceries,simulated_bank_transactions_uk
2023-02-09,SO CARD PAYMENT ALDI BREAD 597978,165.43,groceries,simulated_bank_transactions_uk
2024-08-08,Direct Debit Thames Water 4,108.09,utilities,simulated_bank_transactions_uk
2023-01-28,utility/bill/bt 719755,39.37,utilities,simulated_bank_transactions_uk
2023-09-16,sto direct debit sky 356675,167.83,utilities,simulated_bank_transactions_uk
2023-11-29,contactless aldi rice,181.33,groceries,simulated_bank_transactions_uk
2024-08-31,STO BILL PMT SEVERN TRENT 131337,45.29,utilities,simulated_bank_transactions_uk
2023-11-06,fps/contactless/waitrose/br,44.77,groceries,simulated_bank_transactions_uk
2024-05-29,fps restaurant costa fast food 902163,45.61,dining,simulated_bank_transactions_uk
2023-08-08,FOOD DELIVERY STARBUCKS CAFE 160361,15.64,dining,simulated_bank_transactions_uk
2024-04-17,So Food Delivery Costa Cafe 427286,112.25,dining,simulated_bank_transactions_uk
2024-05-20,Transport Tfl Fuel 381723,14.03,transportation,simulated_bank_transactions_uk
2023-04-30,Contactless Iceland Eggs 704603,27.62,groceries,simulated_bank_transactions_uk
2024-12-13,Mastercard/Pos/Aldi/Eggs 966768,125.75,groceries,simulated_bank_transactions_uk
2023-02-10,CARD PAYMENT DELIVEROO RESTAURANT,159.06,dining,simulated_bank_transactions_uk
2023-06-16,CARD PAYMENT ICELAND CHICKEN 652788,114.29,groceries,simulated_bank_transactions_uk
2024-10-22,fps food delivery just eat restaurant 229295,91.19,dining,simulated_bank_transactions_uk
2024-11-24,fuel bolt uber ride 124143,81.82,transportation,simulated_bank_transactions_uk
2023-04-30,Card Pmt Shell Bus Pass 454991,23.77,transportation,simulated_bank_transactions_uk
2024-08-27,SUBSCRIPTION-GYM-GROUP 812559,31.72,subscriptions,simulated_bank_transactions_uk
2023-08-11,fps contactless lidl eggs 798332,18.67,groceries,simulated_bank_transactions_uk
2024-12-13,card payment tesco fruit,193.02,groceries,simulated_bank_transactions_uk
2023-08-28,contactless card payment iceland cereal,192.02,groceries,simulated_bank_transactions_uk
2023-11-04,CARD*SUBSCRIPTION*SPOTIFY 168936,24.05,subscriptions,simulated_bank_transactions_uk
2023-03-29,online purchase superdrug online purchase 666054,228.09,other,simulated_bank_transactions_uk
2024-07-30,POS ALDI RICE 576417,139.7,groceries,simulated_bank_transactions_uk
2024-05-05,pos aldi bread,178.13,groceries,simulated_bank_transactions_uk
2023-01-31,bill payment british gas,216.09,utilities,simulated_bank_transactions_uk
2023-01-24,POS TESCO RICE 593691,157.44,groceries,simulated_bank_transactions_uk
2023-09-27,subscription/disney+ 609124,15.17,subscriptions,simulated_bank_transactions_uk
2024-05-19,card pmt just eat cafe 857886,9.31,dining,simulated_bank_transactions_uk
2023-12-20,Pos Lidl Cereal 52251,155.14,groceries,simulated_bank_transactions_uk
2024-12-21,card pmt asda cereal,93.49,groceries,simulated_bank_transactions_uk
2023-03-19,card*payment*asda*cereal 737881,34.64,groceries,simulated_bank_transactions_uk
2023-01-27,card pmt puregym 519248,8.82,subscriptions,simulated_bank_transactions_uk
2024-05-30,subscription apple.com/bill 821619,43.35,subscriptions,simulated_bank_transactions_uk
2024-11-18,Restaurant Kfc Restaurant 346283,106.11,dining,simulated_bank_transactions_uk
2024-12-07,DIRECT DEBIT CARD PAYMENT MCDONALDS RESTAURANT 859452,53.9,dining,simulated_bank_transactions_uk
2024-08-10,So Card Payment Gym Group 239175,43.12,subscriptions,simulated_bank_transactions_uk
2024-02-13,contactless-food-delivery-kfc-fast-food 726560,14.37,dining,simulated_bank_transactions_uk
2024-08-31,Bacs-Letting-Agent-Rent 418270,671.18,housing,simulated_bank_transactions_uk
2024-02-11,RESTAURANT JUST EAT CAFE 88,146.67,dining,simulated_bank_transactions_uk
2023-05-21,Direct Debit British Gas,82.71,utilities,simulated_bank_transactions_uk
2024-04-17,pos-purchase-amazon-misc-expense,56.9,other,simulated_bank_transactions_uk
2024-11-28,Pos-Sainsburys-Cereal 332078,26.08,groceries,simulated_bank_transactions_uk
2024-08-16,Utility Bill Octopus Energy 862725,208.62,utilities,simulated_bank_transactions_uk
2023-02-19,Card/Pmt/Shell/Uber/Ride 81669,39.86,transportation,simulated_bank_transactions_uk
2023-08-10,FOOD/DELIVERY/MCDONALDS/FAST/FOOD,43.7,dining,simulated_bank_transactions_uk
2024-02-20,Direct Debit E.on 746637,212.78,utilities,simulated_bank_transactions_uk
2023-10-28,Bill/Payment/E.on 442041,207.9,utilities,simulated_bank_transactions_uk
2024-07-19,Bill*Pmt*E.on,187.97,utilities,simulated_bank_transactions_uk
2023-12-10,Pos/Tesco/Eggs 373289,52.46,groceries,simulated_bank_transactions_uk
2024-05-19,Card Pmt Greggs Restaurant 704413,135.31,dining,simulated_bank_transactions_uk
2024-12-10,card pmt iceland vegetables 742517,183.1,groceries,simulated_bank_transactions_uk
2023-12-12,POS LIDL VEGETABLES,112.33,groceries,simulated_bank_transactions_uk
2023-04-26,CARD-PMT-GREGGS-FOOD-DELIVERY 230367,54.04,dining,simulated_bank_transactions_uk
2024-03-06,STO CARD PAYMENT ASDA BREAD 821123,179.36,groceries,simulated_bank_transactions_uk
2024-06-15,direct debit gym group 599596,41.69,subscriptions,simulated_bank_transactions_uk
2024-07-09,BACS RENT RENT,1313.97,housing,simulated_bank_transactions_uk
2024-05-15,RESTAURANT GREGGS FAST FOOD 606687,89.91,dining,simulated_bank_transactions_uk
2023-09-04,pos-lidl-rice 691073,33.35,groceries,simulated_bank_transactions_uk
2023-08-30,Card-Pmt-Bolt-Uber-Ride,37.62,transportation,simulated_bank_transactions_uk
2023-11-15,Fps Fuel National Rail Fuel 559,52.24,transportation,simulated_bank_transactions_uk
2024-05-06,CARD PMT SHELL BUS PASS,73.38,transportation,simulated_bank_transactions_uk
2023-08-25,Card*Mortgage*Pmt*Mortgage 871703,802.31,housing,simulated_bank_transactions_uk
2024-02-14,fuel national rail uber ride,19.98,transportation,simulated_bank_transactions_uk
2023-06-22,Contactless-Aldi-Cereal 135808,69.92,groceries,simulated_bank_transactions_uk
2023-05-05,Food Delivery Kfc Cafe 722652,66.94,dining,simulated_bank_transactions_uk
2024-06-09,bill payment bt 784631,95.95,utilities,simulated_bank_transactions_uk
2023-03-23,Contactless Card Pmt Aldi Chicken 598771,54.35,groceries,simulated_bank_transactions_uk
2024-12-24,UTILITY/BILL/THAMES/WATER 544688,152.85,utilities,simulated_bank_transactions_uk
2023-03-12,Direct Debit Sky,190.22,utilities,simulated_bank_transactions_uk
2023-11-11,POS LIDL FRUIT,28.06,groceries,simulated_bank_transactions_uk
2024-01-20,CARD BILL PAYMENT SEVERN TRENT 39763,227.04,utilities,simulated_bank_transactions_uk
2023-01-23,Card Payment Waitrose Eggs 217067,82.94,groceries,simulated_bank_transactions_uk
2024-10-07,contactless subscription spotify 8,17.93,subscriptions,simulated_bank_transactions_uk
2023-06-29,utility bill octopus energy 536836,238.8,utilities,simulated_bank_transactions_uk
2023-09-19,Card Payment Kfc Fast Food 306073,63.87,dining,simulated_bank_transactions_uk
2023-04-02,bacs bacs mortgage rent 129044,1424.74,housing,simulated_bank_transactions_uk
2024-11-23,Card Payment Nhs Online Purchase 977260,52.01,other,simulated_bank_transactions_uk
2023-12-13,Bill Pmt Octopus Energy 91079,90.99,utilities,simulated_bank_transactions_uk
2024-03-10,Direct Debit Spotify,31.66,subscriptions,simulated_bank_transactions_uk
2023-03-30,so-card-payment-sainsburys-rice 146583,198.53,groceries,simulated_bank_transactions_uk
2023-05-21,Bacs*Pos*Aldi*Fruit 686937,130.49,groceries,simulated_bank_transactions_uk
2024-06-19,CARD/PAYMENT/WAITROSE/EGGS,191.51,groceries,simulated_bank_transactions_uk
2023-10-01,FPS BILL PMT SEVERN TRENT,135.82,utilities,simulated_bank_transactions_uk
2024-03-31,Bacs Restaurant Costa Restaur,106.0,dining,simulated_bank_transactions_uk
2024-06-27,Restaurant Mcdonalds Fast Food,65.54,dining,simulated_bank_transactions_uk
2023-02-26,POS SAINSBURYS VEGETABLES,133.33,groceries,simulated_bank_transactions_uk
2024-10-08,CARD RENT PAYMENT RENT 722436,1948.48,housing,simulated_bank_transactions_uk
2023-01-31,Card Payment Bolt Car Maintenance,28.73,transportation,simulated_bank_transactions_uk
2024-02-21,BACS SUBSCRIPTION APPLE.COM/BILL 613134,27.52,subscriptions,simulated_bank_transactions_uk
2023-04-27,Card-Payment-Mcdonalds-Food-Delivery 449420,10.14,dining,simulated_bank_transactions_uk
2023-09-23,Contactless Tesco Fruit 841,161.69,groceries,simulated_bank_transactions_uk
2024-06-24,BACS LETTING AGENT RENT,1022.85,housing,simulated_bank_transactions_uk
2024-04-30,direct debit restaurant nando's food delivery 69,34.27,dining,simulated_bank_transactions_uk
2024-03-06,STO-CARD-PAYMENT-AMAZON-PRIME 159143,4.64,subscriptions,simulated_bank_transactions_uk
2023-12-05,Pos Waitrose Cere,185.95,groceries,simulated_bank_transactions_uk
2023-05-08,direct debit restaurant starbucks food delivery 222960,140.82,dining,simulated_bank_transactions_uk
2023-12-30,Direct Debit Sky 905300,164.57,utilities,simulated_bank_transactions_uk
2024-03-14,So Utility Bill Ee 12372,200.98,utilities,simulated_bank_transactions_uk
2023-03-28,RESTAURANT*STARBUCKS*FOOD*DELIVERY 948849,26.42,dining,simulated_bank_transactions_uk
2024-12-15,Online Purchase Boots Gift,211.11,other,simulated_bank_transactions_uk
2023-12-18,card pos purchase argos gift,35.22,other,simulated_bank_transactions_uk
2023-04-25,CONTACTLESS ICELAND MILK 251758,193.61,groceries,simulated_bank_transactions_uk
2024-04-02,FUEL*TFL*UBER*RIDE 431364,91.47,transportation,simulated_bank_transactions_uk
2024-11-09,POS TESCO CHICKEN 712087,94.89,groceries,simulated_bank_transactions_uk
2023-08-28,sto*direct*debit*spotify 884748,27.99,subscriptions,simulated_bank_transactions_uk
2024-12-29,Fps/Bill/Pmt/Ee 571035,216.79,utilities,simulated_bank_transactions_uk
2024-03-08,card-pmt-morrisons-rice 737674,165.55,groceries,simulated_bank_transactions_uk
2023-04-04,DIRECT-DEBIT-E.ON 208852,167.42,utilities,simulated_bank_transactions_uk
2024-03-31,Card Pmt Deliveroo Resta,13.22,dining,simulated_bank_transactions_uk
2024-12-30,Contactless/Asda/Bread 741739,29.46,groceries,simulated_bank_transactions_uk
2023-03-18,restaurant just eat food delivery 278862,74.51,dining,simulated_bank_transactions_uk
2023-10-05,CARD PAYMENT STARBUCKS FAST FOOD 524959,11.35,dining,simulated_bank_transactions_uk
2023-10-16,RENT*PAYMENT*RENT,1117.69,housing,simulated_bank_transactions_uk
2024-12-23,Pos Asda Chicken 40660,38.88,groceries,simulated_bank_transactions_uk
2023-12-26,Bacs*Landlord*Rent 248496,1135.74,housing,simulated_bank_transactions_uk
2023-08-07,DIRECT DEBIT NETFLIX 824728,12.28,subscriptions,simulated_bank_transactions_uk
2024-12-31,FPS TRANSPORT BP CAR MAINTENANCE 563418,113.74,transportation,simulated_bank_transactions_uk
2024-08-10,DIRECT DEBIT BT 271312,179.73,utilities,simulated_bank_transactions_uk
2023-02-19,Online Purchase Superdrug Online Purchase 713370,165.91,other,simulated_bank_transactions_uk
2024-01-23,rent pmt landlord,2022.15,housing,simulated_bank_transactions_uk
2024-04-28,contactless/direct/debit/scottishpowe,248.39,utilities,simulated_bank_transactions_uk
2024-07-27,card pmt morrisons bread,71.62,groceries,simulated_bank_transactions_uk
2024-04-24,Contactless Morrisons Bread 155594,167.98,groceries,simulated_bank_transactions_uk
2023-10-12,pos online purchase amazon electronics,198.23,other,simulated_bank_transactions_uk
2024-08-13,pos iceland milk 287167,100.09,groceries,simulated_bank_transactions_uk
2023-11-04,pos-aldi-fruit 638371,28.26,groceries,simulated_bank_transactions_uk
2024-12-30,Direct Debit Bacs Landlord Rent 10626,1044.6,housing,simulated_bank_transactions_uk
2024-05-31,Food Delivery Nando's Restaurant,159.9,dining,simulated_bank_transactions_uk
2023-11-07,card pmt sainsburys cereal 784958,75.83,groceries,simulated_bank_transactions_uk
2024-05-16,Contactless Tesco Chicken 821036,175.27,groceries,simulated_bank_transactions_uk
2023-07-09,card pmt lidl vegetables 519095,194.16,groceries,simulated_bank_transactions_uk
2024-07-26,Contactless Asda Cereal 1572,194.25,groceries,simulated_bank_transactions_uk
2023-02-27,FOOD-DELIVERY-NANDO'S-CAFE 458554,76.07,dining,simulated_bank_transactions_uk
2024-10-09,CARD PAYMENT ESSO CAR MAINTENANCE 260689,124.46,transportation,simulated_bank_transactions_uk
2023-04-08,card pmt waitrose rice,38.65,groceries,simulated_bank_transactions_uk
2023-06-17,CARD PMT LIDL MILK,112.37,groceries,simulated_bank_transactions_uk
2024-08-22,subscription disney+ 669546,23.81,subscriptions,simulated_bank_transactions_uk
2024-02-26,card-payment-iceland-fruit,134.84,groceries,simulated_bank_transactions_uk
2024-01-05,visa food delivery costa fast food,88.88,dining,simulated_bank_transactions_uk
2023-08-09,mortgage pmt letting agent 273779,1501.44,housing,simulated_bank_transactions_uk
2024-02-24,CARD PAYMENT AMAZON PRIME,22.83,subscriptions,simulated_bank_transactions_uk
2023-04-22,utility*bill*vodafone 164276,56.4,utilities,simulated_bank_transactions_uk
2023-07-13,DIRECT DEBIT NETFLIX,37.99,subscriptions,simulated_bank_transactions_uk
2024-08-30,Card*Pmt*Starbucks*Cafe 468487,6.49,dining,simulated_bank_transactions_uk
2023-09-09,SUBSCRIPTION DISNEY+ 513739,22.33,subscriptions,simulated_bank_transactions_uk
2024-06-08,bacs card pmt shell uber ride 608847,74.83,transportation,simulated_bank_transactions_uk
2024-12-22,CARD PMT NETFLIX,41.68,subscriptions,simulated_bank_transactions_uk
2023-02-07,Direct Debit Spotify 125772,13.22,subscriptions,simulated_bank_transactions_uk
2024-06-11,SO/TRANSPORT/SHELL/UBER/RIDE 562707,80.75,transportation,simulated_bank_transactions_uk
2024-11-19,Bacs Contactless Waitrose Chicken,120.8,groceries,simulated_bank_transactions_uk
2023-11-08,Card Payment Starbucks Ca,81.21,dining,simulated_bank_transactions_uk
2023-06-30,fuel esso fuel,130.87,transportation,simulated_bank_transactions_uk
2024-05-01,Visa Card Payment Nando's Food Delivery 576290,14.19,dining,simulated_bank_transactions_uk
2024-02-09,card/pmt/puregym,37.3,subscriptions,simulated_bank_transactions_uk
2024-02-09,Bill Pmt E.on 548476,125.36,utilities,simulated_bank_transactions_uk
2024-09-04,bill payment sky 561704,46.11,utilities,simulated_bank_transactions_uk
2024-08-23,Fuel/National/Rail/Car/Maintenance,16.21,transportation,simulated_bank_transactions_uk
2023-01-04,Pos Direct Debit Severn Trent 183523,160.69,utilities,simulated_bank_transactions_uk
2023-12-08,mortgage pmt rent 356567,950.44,housing,simulated_bank_transactions_uk
2024-03-23,Visa Direct Debit Gym Group,6.5,subscriptions,simulated_bank_transactions_uk
2023-08-20,Online/Purchase/Superdrug/Gift,154.03,other,simulated_bank_transactions_uk
2024-02-03,Contactless Card Pmt Sainsburys Eggs 563858,169.81,groceries,simulated_bank_transactions_uk
2024-01-16,Restaurant Just Eat Food Delivery 595894,58.52,dining,simulated_bank_transactions_uk
2024-09-18,ONLINE/PURCHASE/BOOTS/MISC/EXPENSE 626765,62.66,other,simulated_bank_transactions_uk
2024-04-17,bacs mortgage pmt rent 840121,2198.6,housing,simulated_bank_transactions_uk
2023-02-10,direct debit google *services 131276,35.8,subscriptions,simulated_bank_transactions_uk
2024-03-19,FOOD/DELIVERY/UBER/EATS/FAST/FOOD 912586,56.93,dining,simulated_bank_transactions_uk
2023-10-06,TRANSPORT TFL TRAIN TICKET 286375,91.33,transportation,simulated_bank_transactions_uk
2023-05-09,Card Payment Uber Fuel 689311,52.8,transportation,simulated_bank_transactions_uk
2024-10-10,sto-utility-bill-octopus-energy 391569,72.02,utilities,simulated_bank_transactions_uk
2024-01-02,FOOD*DELIVERY*JUST*EAT*RESTAURANT 619122,14.59,dining,simulated_bank_transactions_uk
2024-02-22,CARD PMT AMAZON PRIME 764604,20.38,subscriptions,simulated_bank_transactions_uk
2024-05-19,DIRECT/DEBIT/RESTAURANT/PRET/FAST/FOOD 95983,35.09,dining,simulated_bank_transactions_uk
2023-05-13,transport tfl train ticket 171461,139.02,transportation,simulated_bank_transactions_uk
2023-06-13,POS ICELAND VEGETABLES 431589,140.94,groceries,simulated_bank_transactions_uk
2023-05-24,fps-direct-debit-puregym 220531,13.47,subscriptions,simulated_bank_transactions_uk
2023-06-30,mortgage/pmt/letting/agent 209995,1420.8,housing,simulated_bank_transactions_uk
2023-08-27,pos*iceland*rice 61761,24.89,groceries,simulated_bank_transactions_uk
2024-12-16,CARD PMT GYM GROUP 153625,37.81,subscriptions,simulated_bank_transactions_uk
2024-12-10,FOOD*DELIVERY*STARBUCKS*RESTAURANT 265495,6.07,dining,simulated_bank_transactions_uk
2023-09-15,FOOD DELIVERY NANDO'S FAST FOOD,106.52,dining,simulated_bank_transactions_uk
2024-04-01,Bacs Rent Rent 735247,966.84,housing,simulated_bank_transactions_uk
2023-07-21,So Pos Asda Rice 390581,42.26,groceries,simulated_bank_transactions_uk
2024-01-11,RESTAURANT JUST EAT FAST FOOD 124489,87.67,dining,simulated_bank_transactions_uk
2024-10-23,Bill/Pmt/O2 872908,55.05,utilities,simulated_bank_transactions_uk
2023-01-13,CARD PMT NATIONAL RAIL CAR MAINTENANCE,88.38,transportation,simulated_bank_transactions_uk
2024-08-29,Direct Debit Direct Debit Vodafone,128.37,utilities,simulated_bank_transactions_uk
2024-12-04,fuel tfl bus pass 897271,105.88,transportation,simulated_bank_transactions_uk
2024-08-08,Contactless Restaurant Deliveroo Cafe 138590,152.17,dining,simulated_bank_transactions_uk
2024-10-30,Restaurant Kfc Restaurant 3,143.52,dining,simulated_bank_transactions_uk
2024-12-23,sto restaurant greggs food delivery 775905,62.28,dining,simulated_bank_transactions_uk
2024-12-08,UTILITY BILL SCOTTISHPOWER,196.06,utilities,simulated_bank_transactions_uk
2024-12-14,CARD PAYMENT TESCO VEGETABLES 48,100.45,groceries,simulated_bank_transactions_uk
2024-11-15,fps transport tfl train ticket 950500,65.97,transportation,simulated_bank_transactions_uk
2023-07-31,pos sainsburys chicken 642914,10.87,groceries,simulated_bank_transactions_uk
2024-09-08,RESTAURANT MCDONALDS CAFE,35.72,dining,simulated_bank_transactions_uk
2023-07-29,Sto Fuel Bp Car Maintenance 255158,52.05,transportation,simulated_bank_transactions_uk
2024-07-23,BILL PAYMENT SKY 137031,148.65,utilities,simulated_bank_transactions_uk
2024-04-12,Fps Card Payment Morrisons Milk,48.08,groceries,simulated_bank_transactions_uk
2024-11-24,food delivery starbucks cafe 889767,146.62,dining,simulated_bank_transactions_uk
2023-03-24,CARD PAYMENT UBER EATS FAST FOOD 141035,110.05,dining,simulated_bank_transactions_uk
2023-04-07,RESTAURANT-NANDO'S-RESTAURANT,41.89,dining,simulated_bank_transactions_uk
2024-11-21,CARD PMT COSTA FOOD DELIVERY,122.42,dining,simulated_bank_transactions_uk
2023-03-24,FUEL*NATIONAL*RAIL*BUS*PASS 694066,112.11,transportation,simulated_bank_transactions_uk
2023-01-12,card card payment greggs restaurant 931738,24.8,dining,simulated_bank_transactions_uk
2024-10-26,UTILITY BILL E.ON 490174,231.08,utilities,simulated_bank_transactions_uk
2024-04-13,TRANSPORT TRAINLINE UBER RIDE 695363,57.65,transportation,simulated_bank_transactions_uk
2024-04-27,Contactless*Aldi*Chicken 978635,101.37,groceries,simulated_bank_transactions_uk
2024-08-13,Card/Payment/Lidl/Chicken 66993,166.62,groceries,simulated_bank_transactions_uk
2024-07-26,restaurant kfc cafe 362606,43.23,dining,simulated_bank_transactions_uk
2023-01-01,food delivery pret restaurant 833470,143.04,dining,simulated_bank_transactions_uk
2023-05-31,Pos Tesco Vegetables 199184,41.11,groceries,simulated_bank_transactions_uk
2023-04-16,Rent Payment Mortgage 842438,911.79,housing,simulated_bank_transactions_uk
2023-09-05,BILL PAYMENT SCOTTISHPOWER 427340,203.45,utilities,simulated_bank_transactions_uk
2024-08-09,rent pmt landlord 971912,1107.18,housing,simulated_bank_transactions_uk
2024-09-10,Visa Restaurant Costa Cafe 329057,40.32,dining,simulated_bank_transactions_uk
2023-10-23,STO DIRECT DEBIT BRITISH GAS,240.48,utilities,simulated_bank_transactions_uk
2023-10-20,Contactless Aldi Vegetables 957391,67.48,groceries,simulated_bank_transactions_uk
2024-10-30,Transport National Rail Fuel 579440,109.46,transportation,simulated_bank_transactions_uk
2024-06-09,utility bill british gas 739661,135.43,utilities,simulated_bank_transactions_uk
2023-04-04,Card Payment Shell Uber Ride 368266,9.39,transportation,simulated_bank_transactions_uk
2024-04-23,POS-MORRISONS-EGGS 7,148.58,groceries,simulated_bank_transactions_uk
2023-08-15,Contactless Bacs Letting Agent Rent 679751,1690.8,housing,simulated_bank_transactions_uk
2024-02-04,restaurant*deliveroo*fast*food 87424,59.39,dining,simulated_bank_transactions_uk
2024-12-22,mastercard food delivery costa cafe 794928,36.76,dining,simulated_bank_transactions_uk
2023-07-29,bacs direct debit amazon prime 28453,42.83,subscriptions,simulated_bank_transactions_uk
2024-07-31,Bill Pmt Severn Trent 659603,131.22,utilities,simulated_bank_transactions_uk
2024-02-05,POS LIDL BREAD,88.09,groceries,simulated_bank_transactions_uk
2023-02-04,FPS POS WAITROSE BREAD 105930,118.15,groceries,simulated_bank_transactions_uk
2024-03-17,visa food delivery starbucks food delivery 728696,90.05,dining,simulated_bank_transactions_uk
2023-08-01,mastercard utility bill bt 414352,200.73,utilities,simulated_bank_transactions_uk
2023-11-08,POS PURCHASE ARGOS MISC EXPENSE 97255,105.1,other,simulated_bank_transactions_uk
2024-07-25,BACS MORTGAGE RENT,1849.0,housing,simulated_bank_transactions_uk
2024-11-11,rent payment rent 998800,1720.82,housing,simulated_bank_transactions_uk
2024-10-07,CARD PMT UBER BUS PASS,86.74,transportation,simulated_bank_transactions_uk
2024-03-17,bacs rent rent 333236,1400.73,housing,simulated_bank_transactions_uk
2024-09-05,Subscription Disney+,31.51,subscriptions,simulated_bank_transactions_uk
2023-10-27,Direct Debit Contactless Aldi Bread 534092,184.1,groceries,simulated_bank_transactions_uk
2024-01-10,BACS RENT RENT 464119,1668.25,housing,simulated_bank_transactions_uk
2023-12-25,restaurant just eat restaurant,7.24,dining,simulated_bank_transactions_uk
2024-03-04,CARD PAYMENT APPLE.COM/BILL 91456,33.35,subscriptions,simulated_bank_transactions_uk
2023-09-19,Card-Payment-National-Rail-Car-Maintenance 534957,117.28,transportation,simulated_bank_transactions_uk
2023-08-28,Mortgage*Payment*Mortgage 858989,1717.43,housing,simulated_bank_transactions_uk
2024-12-29,card payment tfl car maintenance 844272,123.74,transportation,simulated_bank_transactions_uk
2023-01-31,BILL PAYMENT VODAFONE 130703,246.7,utilities,simulated_bank_transactions_uk
2023-03-31,card pmt deliveroo cafe,72.7,dining,simulated_bank_transactions_uk
2023-11-07,Card-Pmt-Uber-Eats-Cafe,89.06,dining,simulated_bank_transactions_uk
2024-06-25,Pos Food Delivery Costa Cafe 363165,19.04,dining,simulated_bank_transactions_uk
2024-03-31,Direct-Debit-Bacs-Rent-Rent 757755,1428.81,housing,simulated_bank_transactions_uk
2024-09-12,Bill Payment Severn Trent 115155,108.37,utilities,simulated_bank_transactions_uk
2023-08-08,DIRECT DEBIT PUREGYM 489928,17.08,subscriptions,simulated_bank_transactions_uk
2023-11-28,Fps Card Pmt Bp Fuel 898133,23.77,transportation,simulated_bank_transactions_uk
2024-08-07,contactless/tesco/rice 819612,13.79,groceries,simulated_bank_transactions_uk
2024-09-14,CARD PMT UBER EATS CAFE 9342,48.46,dining,simulated_bank_transactions_uk
2023-08-16,pos*purchase*boots*misc*expense 9281,68.51,other,simulated_bank_transactions_uk
2024-06-25,BACS*UTILITY*BILL*SKY 756276,109.21,utilities,simulated_bank_transactions_uk
2023-04-25,FUEL ESSO BUS PASS 635052,26.4,transportation,simulated_bank_transactions_uk
2024-02-03,FPS CONTACTLESS LIDL BREAD 907480,138.78,groceries,simulated_bank_transactions_uk
2023-03-07,SO POS TESCO RICE 7,103.36,groceries,simulated_bank_transactions_uk
2023-11-14,contactless asda milk,45.87,groceries,simulated_bank_transactions_uk
2023-01-01,Transport Esso Bus Pass 35618,54.68,transportation,simulated_bank_transactions_uk
2023-08-06,card*rent*payment*rent 124621,1893.69,housing,simulated_bank_transactions_uk
2024-04-15,Card Pmt Tfl Bus Pass 836641,62.9,transportation,simulated_bank_transactions_uk
2023-03-25,Transport-Uber-Car-Maintenance 324679,18.91,transportation,simulated_bank_transactions_uk
2023-12-13,TRANSPORT-BOLT-TRAIN-TICKET,26.48,transportation,simulated_bank_transactions_uk
2024-11-27,Pos Tesco Rice,146.77,groceries,simulated_bank_transactions_uk
2024-07-18,CARD PAYMENT BP BUS PASS,137.11,transportation,simulated_bank_transactions_uk
2024-12-19,direct debit card pmt amazon prime 90396,33.15,subscriptions,simulated_bank_transactions_uk
2023-11-06,pos morrisons milk 688001,13.27,groceries,simulated_bank_transactions_uk
2024-01-17,Card Payment Aldi Rice 765089,46.9,groceries,simulated_bank_transactions_uk
2024-11-08,Card Payment Waitrose Fruit,144.36,groceries,simulated_bank_transactions_uk
2024-06-11,fuel bolt uber ride 352588,114.46,transportation,simulated_bank_transactions_uk
2023-01-27,Direct Debit British Gas 239308,205.11,utilities,simulated_bank_transactions_uk
2024-05-08,pos sainsburys vegetables,158.15,groceries,simulated_bank_transactions_uk
2023-02-01,CONTACTLESS LIDL MILK 91572,25.66,groceries,simulated_bank_transactions_uk
2024-04-21,contactless/waitrose/chicken,163.08,groceries,simulated_bank_transactions_uk
2024-07-26,bacs contactless tesco bread 340776,182.69,groceries,simulated_bank_transactions_uk
2024-09-14,CARD PAYMENT ALDI BREAD 636852,121.56,groceries,simulated_bank_transactions_uk
2024-02-15,Card Payment Just Eat Restaurant 676213,34.4,dining,simulated_bank_transactions_uk
2023-12-31,Card Payment Starbucks Food Delivery,10.61,dining,simulated_bank_transactions_uk
2024-08-30,sto direct debit severn trent,47.3,utilities,simulated_bank_transactions_uk
2023-03-25,POS*MORRISONS*FRUIT 356612,108.79,groceries,simulated_bank_transactions_uk
2023-01-08,Card-Payment-Bolt-Fuel 127608,12.6,transportation,simulated_bank_transactions_uk
2023-06-01,Card*Pmt*Shell*Bus*Pass 587683,86.22,transportation,simulated_bank_transactions_uk
2024-07-25,Food Delivery Costa Fast Food 7,114.61,dining,simulated_bank_transactions_uk
2024-12-19,bacs/bacs/rent/rent 658409,676.77,housing,simulated_bank_transactions_uk
2024-08-28,CARD PMT LIDL FRUIT 394298,21.33,groceries,simulated_bank_transactions_uk
2023-07-19,Contactless Waitrose Eggs 671831,19.47,groceries,simulated_bank_transactions_uk
2023-05-19,bill pmt severn trent,63.35,utilities,simulated_bank_transactions_uk
2023-02-23,card-payment-tesco-chicken 486037,13.06,groceries,simulated_bank_transactions_uk
2024-11-23,BACS/MORTGAGE/RENT 55823,1390.9,housing,simulated_bank_transactions_uk
2024-06-18,CONTACTLESS ASDA CEREAL 233638,101.73,groceries,simulated_bank_transactions_uk
2024-04-04,Restaurant Uber Eats Cafe,28.95,dining,simulated_bank_transactions_uk
2023-04-19,Utility-Bill-British-Gas 769558,116.34,utilities,simulated_bank_transactions_uk
2023-05-15,card pmt sainsburys eggs 898653,181.5,groceries,simulated_bank_transactions_uk
2024-02-02,so food delivery nando's fast food 708255,147.11,dining,simulated_bank_transactions_uk
2024-03-15,sto card pmt just eat food delivery,151.19,dining,simulated_bank_transactions_uk
2023-05-01,Bill/Pmt/Thames/Water 141343,64.48,utilities,simulated_bank_transactions_uk
2023-03-06,card pmt starbucks restaurant 479641,133.88,dining,simulated_bank_transactions_uk
2023-05-15,FUEL SHELL UBER RIDE 513977,94.08,transportation,simulated_bank_transactions_uk
2023-08-24,Bacs Letting Agent Rent,1649.86,housing,simulated_bank_transactions_uk
2023-08-15,Mortgage Payment Landlord 222044,1957.82,housing,simulated_bank_transactions_uk
2024-08-20,Fps Card Payment Aldi Eggs 927911,68.29,groceries,simulated_bank_transactions_uk
2024-08-17,Bacs Mortgage Rent 44,1841.93,housing,simulated_bank_transactions_uk
2023-06-04,So Restaurant Nando's Fast Food 721625,14.23,dining,simulated_bank_transactions_uk
2023-12-16,pos pos tesco chicken 607679,164.12,groceries,simulated_bank_transactions_uk
2024-08-19,card payment mcdonalds restaurant 751787,136.1,dining,simulated_bank_transactions_uk
2024-02-19,Restaurant*Greggs*Restauran,93.46,dining,simulated_bank_transactions_uk
2024-01-03,Bacs Mortgage Rent 303644,2148.67,housing,simulated_bank_transactions_uk
2023-05-25,FPS POS ASDA EGGS 601507,22.37,groceries,simulated_bank_transactions_uk
2023-01-07,sto subscription amazon prime 451722,36.5,subscriptions,simulated_bank_transactions_uk
2023-04-16,Mastercard Card Pmt Tfl Fuel 148023,110.47,transportation,simulated_bank_transactions_uk
2023-09-17,Mortgage-Pmt-Mortgage 381447,1841.45,housing,simulated_bank_transactions_uk
2024-07-08,card direct debit sky,222.36,utilities,simulated_bank_transactions_uk
2023-09-20,Contactless Food Delivery Costa Cafe 871456,145.59,dining,simulated_bank_transactions_uk
2024-07-31,Contactless Tesco Rice 180243,58.27,groceries,simulated_bank_transactions_uk
2023-12-27,direct debit sky,158.02,utilities,simulated_bank_transactions_uk
2024-11-27,Contactless Asda Fruit 58,7.25,groceries,simulated_bank_transactions_uk
2024-05-28,Card Pmt Puregym 208260,37.97,subscriptions,simulated_bank_transactions_uk
2024-04-12,So Pos Waitrose Eggs 55324,140.0,groceries,simulated_bank_transactions_uk
2024-07-24,Bill*Pmt*Bt 755394,126.57,utilities,simulated_bank_transactions_uk
2023-02-11,Pos-Waitrose-Vegetables,116.44,groceries,simulated_bank_transactions_uk
2023-10-08,contactless fuel trainline train ticket 247847,85.96,transportation,simulated_bank_transactions_uk
2024-11-04,CARD PAYMENT WAITROSE EGGS,134.71,groceries,simulated_bank_transactions_uk
2024-10-28,CARD PMT ALDI VEGETABLES,93.59,groceries,simulated_bank_transactions_uk
2023-07-15,Fps*Fuel*Tfl*Fuel 4524,26.72,transportation,simulated_bank_transactions_uk
2024-02-04,Card Pmt Nando's Food Delivery,75.39,dining,simulated_bank_transactions_uk
2023-04-09,card pmt nando's food delivery 202723,35.26,dining,simulated_bank_transactions_uk
2024-06-21,DIRECT-DEBIT-SKY 405897,141.41,utilities,simulated_bank_transactions_uk
2023-10-28,Pos Purchase Hmrc Gift 315172,33.5,other,simulated_bank_transactions_uk
2023-11-24,RESTAURANT/UBER/EATS/CAFE 104255,142.97,dining,simulated_bank_transactions_uk
2024-12-03,CARD PMT NANDO'S RESTAURANT 3891,25.89,dining,simulated_bank_transactions_uk
2024-02-02,bill payment octopus energy 129717,214.56,utilities,simulated_bank_transactions_uk
2024-07-07,card payment iceland fruit 8,80.45,groceries,simulated_bank_transactions_uk
2023-11-12,contactless bill pmt e.on,205.48,utilities,simulated_bank_transactions_uk
2024-02-14,food*delivery*pret*fast*food 757348,46.86,dining,simulated_bank_transactions_uk
2024-11-22,contactless mortgage pmt landlord,2072.11,housing,simulated_bank_transactions_uk
2024-01-14,FUEL TFL UBER RIDE,19.24,transportation,simulated_bank_transactions_uk
2024-12-01,UTILITY BILL OCTOPUS ENERGY 939689,200.31,utilities,simulated_bank_transactions_uk
2024-01-08,bill payment severn t,39.78,utilities,simulated_bank_transactions_uk
2023-07-31,direct debit disney+ 354264,43.03,subscriptions,simulated_bank_transactions_uk
2023-10-08,Contactless Lidl Eggs 987920,67.85,groceries,simulated_bank_transactions_uk
2023-12-16,CARD-PMT-MORRISONS-RICE 826443,71.34,groceries,simulated_bank_transactions_uk
2023-01-01,subscription amazon prime,38.08,subscriptions,simulated_bank_transactions_uk
2023-11-13,Transport Bolt Car Maintenance 631685,117.6,transportation,simulated_bank_transactions_uk
2023-04-21,Restaurant Greggs Restaurant 271669,75.16,dining,simulated_bank_transactions_uk
2023-06-03,UTILITY-BILL-EE,104.78,utilities,simulated_bank_transactions_uk
2023-08-22,FPS POS TESCO VEGETABLES 419101,182.1,groceries,simulated_bank_transactions_uk
2023-05-02,Direct Debit Thames Water 607066,69.28,utilities,simulated_bank_transactions_uk
2023-01-18,Sto Transport Uber Bus Pass 867023,128.76,transportation,simulated_bank_transactions_uk
2024-11-10,SO UTILITY BILL VODAFONE,79.03,utilities,simulated_bank_transactions_uk
2024-12-29,Card*Payment*Iceland*Eggs 467394,29.74,groceries,simulated_bank_transactions_uk
2024-08-15,Mastercard Contactless Morrisons Bread 644594,177.22,groceries,simulated_bank_transactions_uk
2023-08-20,direct/debit/ee 78490,233.94,utilities,simulated_bank_transactions_uk
2024-10-18,Card/Pmt/Deliveroo/Food/Delivery 386937,145.86,dining,simulated_bank_transactions_uk
2024-07-05,subscription apple.com/bill 887934,39.35,subscriptions,simulated_bank_transactions_uk
2023-09-29,Bacs Landlord Rent,1443.59,housing,simulated_bank_transactions_uk
2024-10-12,FOOD DELIVERY NANDO'S FAST FOOD,110.54,dining,simulated_bank_transactions_uk
2024-07-11,TRANSPORT ESSO FUEL,83.66,transportation,simulated_bank_transactions_uk
2023-06-02,fps contactless morrisons chicken,13.8,groceries,simulated_bank_transactions_uk
2024-06-27,contactless contactless tesco bread 262991,88.28,groceries,simulated_bank_transactions_uk
2024-09-29,Contactless*Asda*Bread 597888,47.32,groceries,simulated_bank_transactions_uk
2024-06-13,Bacs*Landlord*Rent,2046.86,housing,simulated_bank_transactions_uk
2023-02-13,pos tesco bread 782364,132.36,groceries,simulated_bank_transactions_uk
2023-11-15,visa-direct-debit-gym-group 167616,19.7,subscriptions,simulated_bank_transactions_uk
2024-04-19,contactless lidl fruit 789358,72.04,groceries,simulated_bank_transactions_uk
2024-03-21,Visa/Fuel/Tfl/Car/Maintenance 622607,106.17,transportation,simulated_bank_transactions_uk
2024-04-29,Direct Debit Netflix,18.83,subscriptions,simulated_bank_transactions_uk
2023-12-22,CARD PMT UBER BUS PASS 845301,109.13,transportation,simulated_bank_transactions_uk
2024-12-20,RENT/PMT/RENT 981032,980.47,housing,simulated_bank_transactions_uk
2023-05-28,UTILITY BILL BRITISH GA,248.33,utilities,simulated_bank_transactions_uk
2023-06-02,Visa Contactless Aldi Cereal 257506,165.67,groceries,simulated_bank_transactions_uk
2023-05-12,DIRECT DEBIT DIRECT DEBIT THAMES WATER 192934,200.75,utilities,simulated_bank_transactions_uk
2023-03-11,Bacs Card Payment Pret Fast Food,55.68,dining,simulated_bank_transactions_uk
2023-07-11,Mortgage Pmt Mortgage 296143,1703.32,housing,simulated_bank_transactions_uk
2023-09-13,Restaurant Starbucks Food Delivery 664361,12.14,dining,simulated_bank_transactions_uk
2024-06-23,DIRECT DEBIT UTILITY BILL SEVE,79.14,utilities,simulated_bank_transactions_uk
2023-09-26,Card*Payment*Sainsburys*Cereal 39737,35.97,groceries,simulated_bank_transactions_uk
2024-01-23,Fuel Shell Fuel,62.05,transportation,simulated_bank_transactions_uk
2024-05-22,Food/Delivery/Uber/Eats/Fast/Food 129719,88.75,dining,simulated_bank_transactions_uk
2024-11-12,BILL PMT SKY 260806,129.99,utilities,simulated_bank_transactions_uk
2023-03-15,Pos Pos Iceland Cereal 980450,66.11,groceries,simulated_bank_transactions_uk
2024-02-04,Food Delivery Deliveroo Fast Food,116.1,dining,simulated_bank_transactions_uk
2024-12-27,FOOD DELIVERY NANDO'S FAST FOOD 598812,20.92,dining,simulated_bank_transactions_uk
2024-11-01,direct debit contactless aldi eggs 135280,23.58,groceries,simulated_bank_transactions_uk
2023-03-26,Pos Aldi Chicken,143.82,groceries,simulated_bank_transactions_uk
2024-10-12,Fps*Direct*Debit*Thames*Water,76.67,utilities,simulated_bank_transactions_uk
2023-03-25,Direct/Debit/Gym/Group 978491,37.02,subscriptions,simulated_bank_transactions_uk
2024-08-28,bill payment scottishpower,108.54,utilities,simulated_bank_transactions_uk
2023-11-10,card card payment puregym 180410,19.66,subscriptions,simulated_bank_transactions_uk
2023-07-29,Direct-Debit-Vodafone 912540,98.29,utilities,simulated_bank_transactions_uk
2023-05-06,MASTERCARD*POS*SAINSBURYS*CEREAL 925332,23.85,groceries,simulated_bank_transactions_uk
2023-09-06,Card Payment Mcdonalds Food Delivery 511622,40.15,dining,simulated_bank_transactions_uk
2023-06-18,Pos Rent Payment,2095.9,housing,simulated_bank_transactions_uk
2023-01-26,CARD/CARD/PMT/KFC/CAFE 99392,9.42,dining,simulated_bank_transactions_uk
2023-11-06,BACS CARD PMT APPLE.COM/BILL 529202,36.46,subscriptions,simulated_bank_transactions_uk
2024-05-23,Card Pmt Aldi Chicken 907421,121.95,groceries,simulated_bank_transactions_uk
2024-07-18,Bill Payment O2 586094,189.74,utilities,simulated_bank_transactions_uk
2024-06-20,RESTAURANT MCDONALDS RESTAURANT 908204,118.72,dining,simulated_bank_transactions_uk
2023-02-24,transport*shell*fuel 79757,72.62,transportation,simulated_bank_transactions_uk
2024-08-09,BACS MORTGAGE RENT,829.19,housing,simulated_bank_transactions_uk
2023-08-11,card payment greggs cafe,99.09,dining,simulated_bank_transactions_uk
2024-05-17,transport uber train ticket 983015,73.07,transportation,simulated_bank_transactions_uk
2023-08-04,Bacs Mortgage Rent,1994.6,housing,simulated_bank_transactions_uk
2023-08-23,Pos/Iceland/Eggs,37.64,groceries,simulated_bank_transactions_uk
2023-02-11,Mortgage Payment Mortgage,1059.26,housing,simulated_bank_transactions_uk
2024-04-06,Pos Bacs Rent Rent 350335,671.36,housing,simulated_bank_transactions_uk
2024-06-21,CARD PMT TESCO BREAD 175434,196.21,groceries,simulated_bank_transactions_uk
2023-11-14,Pos Iceland Fruit 664053,113.34,groceries,simulated_bank_transactions_uk
2024-04-15,sto fuel esso fuel 945622,37.31,transportation,simulated_bank_transactions_uk
2023-12-28,Pos Asda Fruit 585040,80.07,groceries,simulated_bank_transactions_uk
2024-04-05,Transport-Shell-Uber-Ride 747113,94.77,transportation,simulated_bank_transactions_uk
2024-07-16,Utility Bill Scottishpower 9517,63.08,utilities,simulated_bank_transactions_uk
2023-07-05,RENT PAYMENT RENT 997401,1991.46,housing,simulated_bank_transactions_uk
2024-08-17,So Subscription Disney+ 351485,9.21,subscriptions,simulated_bank_transactions_uk
2024-05-30,Subscription Apple.com/bill 58919,39.21,subscriptions,simulated_bank_transactions_uk
2024-07-22,transport bp car maintenance,24.77,transportation,simulated_bank_transactions_uk
2023-09-25,Fps-Card-Pmt-Amazon-Prime 991444,9.48,subscriptions,simulated_bank_transactions_uk
2023-07-22,Restaurant Pret Fast Food 981673,97.8,dining,simulated_bank_transactions_uk
2024-01-04,Mortgage-Pmt-Mortgage,1768.98,housing,simulated_bank_transactions_uk
2024-11-09,RESTAURANT-STARBUCKS-CAFE,93.34,dining,simulated_bank_transactions_uk
2024-02-11,SUBSCRIPTION NETFLIX,20.44,subscriptions,simulated_bank_transactions_uk
2023-08-26,Contactless Morrisons Chicken 48167,110.9,groceries,simulated_bank_transactions_uk
2023-09-28,Pos Lidl Rice 971650,54.21,groceries,simulated_bank_transactions_uk
2023-10-11,CARD PMT TESCO VEGETABLES 79433,106.6,groceries,simulated_bank_transactions_uk
2024-06-17,CARD PAYMENT JUST EAT RESTAURANT 691087,22.43,dining,simulated_bank_transactions_uk
2023-06-07,food delivery kfc cafe,59.48,dining,simulated_bank_transactions_uk
2024-02-03,online purchase ebay misc expense 507442,32.23,other,simulated_bank_transactions_uk
2023-04-01,FOOD/DELIVERY/GREGGS/CAFE 848790,91.39,dining,simulated_bank_transactions_uk
2024-12-28,Contactless Transport Bp Uber Ride 704163,44.36,transportation,simulated_bank_transactions_uk
2023-09-16,Direct Debit Restaurant Uber Eats Fast Food 336373,127.34,dining,simulated_bank_transactions_uk
2024-02-25,card*card*payment*starbucks*restaurant,17.89,dining,simulated_bank_transactions_uk
2024-07-19,visa restaurant mcdonalds food delivery 908391,148.49,dining,simulated_bank_transactions_uk
2023-09-22,Card Pmt Netflix,27.48,subscriptions,simulated_bank_transactions_uk
2023-07-22,CONTACTLESS-ASDA-RICE,102.43,groceries,simulated_bank_transactions_uk
2024-02-24,Bacs Letting Agent Rent 372761,1832.75,housing,simulated_bank_transactions_uk
2024-05-23,Contactless Waitrose Fruit 783994,70.61,groceries,simulated_bank_transactions_uk
2024-06-16,Direct-Debit-Pos-Lidl-Fruit 35,94.94,groceries,simulated_bank_transactions_uk
2023-08-03,Transport*Uber*Fuel,52.52,transportation,simulated_bank_transactions_uk
2023-08-02,bill pmt octopus energy 965913,124.91,utilities,simulated_bank_transactions_uk
2023-09-21,mastercard card pmt gym group,7.66,subscriptions,simulated_bank_transactions_uk
2023-08-14,visa online purchase hmrc online purchase 700244,147.45,other,simulated_bank_transactions_uk
2024-07-14,direct debit disney+ 890974,4.96,subscriptions,simulated_bank_transactions_uk
2024-05-18,CARD PMT COSTA FOOD DELIVERY,32.77,dining,simulated_bank_transactions_uk
2024-09-13,RENT PAYMENT RENT 335763,960.75,housing,simulated_bank_transactions_uk
2023-04-28,POS ICELAND CEREAL 799854,170.66,groceries,simulated_bank_transactions_uk
2023-03-18,VISA DIRECT DEBIT SKY,32.79,utilities,simulated_bank_transactions_uk
2024-06-22,Fps Card Payment Tesco Bread,70.19,groceries,simulated_bank_transactions_uk
2023-07-23,Pos-Purchase-Superdrug-Pharmacy 753182,72.92,other,simulated_bank_transactions_uk
2023-06-10,CARD PAYMENT TRAINLINE BUS PASS 62714,70.92,transportation,simulated_bank_transactions_uk
2024-09-10,Direct Debit Spotify,44.71,subscriptions,simulated_bank_transactions_uk
2024-06-21,Visa Pos Lidl Milk 323937,173.48,groceries,simulated_bank_transactions_uk
2024-01-29,Visa Card Payment Argos Online Purchase 785926,200.66,other,simulated_bank_transactions_uk
2024-12-21,subscription amazon prime 428604,37.85,subscriptions,simulated_bank_transactions_uk
2024-11-05,Restaurant Greggs Food Delivery 54692,135.08,dining,simulated_bank_transactions_uk
2024-05-07,Food*Delivery*Mcdonalds*Restaurant,58.11,dining,simulated_bank_transactions_uk
2024-09-19,POS TESCO MILK 325514,79.38,groceries,simulated_bank_transactions_uk
2023-08-25,Bacs Letting Agent Rent 150289,1365.77,housing,simulated_bank_transactions_uk
2024-08-21,Utility-Bill-Severn-Trent 939410,254.78,utilities,simulated_bank_transactions_uk
2023-07-05,restaurant kfc restaurant,11.98,dining,simulated_bank_transactions_uk
2023-11-09,CARD PAYMENT DISNEY+ 939794,11.43,subscriptions,simulated_bank_transactions_uk
2024-06-05,POS CARD PMT WAITROSE EGGS,16.14,groceries,simulated_bank_transactions_uk
2023-06-12,CARD*PAYMENT*GYM*GROUP 843155,27.2,subscriptions,simulated_bank_transactions_uk
2024-04-25,Rent*Payment*Landlord 348409,1611.7,housing,simulated_bank_transactions_uk
2024-11-29,card-card-payment-iceland-vegetables,75.57,groceries,simulated_bank_transactions_uk
2024-05-15,fuel tfl train tick,23.66,transportation,simulated_bank_transactions_uk
2023-12-10,FUEL UBER UBER RIDE 446892,17.96,transportation,simulated_bank_transactions_uk
2024-04-22,SO*UTILITY*BILL*SKY 627337,47.53,utilities,simulated_bank_transactions_uk
2023-07-07,Card Payment Mcdonalds Fast Food 880747,101.93,dining,simulated_bank_transactions_uk
2024-08-23,Card-Pmt-Deliveroo-Cafe 12702,5.71,dining,simulated_bank_transactions_uk
2024-07-19,Pos-Fuel-Bolt-Bus-Pass 960482,58.07,transportation,simulated_bank_transactions_uk
2023-02-05,Fps Food Delivery Uber Eats Cafe 153088,121.92,dining,simulated_bank_transactions_uk
2024-09-11,sto rent payment rent,1181.68,housing,simulated_bank_transactions_uk
2024-05-05,Card Card Payment Bolt Bus Pass 772521,71.13,transportation,simulated_bank_transactions_uk
2023-08-06,rent-payment-mortgage 682993,1104.68,housing,simulated_bank_transactions_uk
2024-02-25,Rent Payment Rent 591673,2188.93,housing,simulated_bank_transactions_uk
2024-01-27,card utility bill thames water,37.0,utilities,simulated_bank_transactions_uk
2024-05-19,pos iceland cereal 593441,82.14,groceries,simulated_bank_transactions_uk
2023-09-28,Food Delivery Costa Food Delivery 164706,97.15,dining,simulated_bank_transactions_uk
2024-02-01,food-delivery-starbucks-cafe,106.65,dining,simulated_bank_transactions_uk
2024-10-10,UTILITY-BILL-OCTOPUS-ENERGY 53641,217.53,utilities,simulated_bank_transactions_uk
2023-12-24,DIRECT DEBIT BRITISH GAS 994949,199.98,utilities,simulated_bank_transactions_uk
2024-03-29,DIRECT DEBIT SEVERN TRENT 221628,89.64,utilities,simulated_bank_transactions_uk
2024-10-15,bacs mortgage rent,1654.05,housing,simulated_bank_transactions_uk
2023-09-05,Card Pmt Lidl Milk,156.06,groceries,simulated_bank_transactions_uk
2023-01-06,FUEL TRAINLINE TRAIN TICKET 811463,84.87,transportation,simulated_bank_transactions_uk
2024-06-20,Restaurant*Nando's*Food*Delivery 717624,110.28,dining,simulated_bank_transactions_uk
2024-10-19,food delivery deliveroo food delivery 765212,141.17,dining,simulated_bank_transactions_uk
2023-08-31,FOOD DELIVERY STARBUCKS FOOD DELIVERY,141.02,dining,simulated_bank_transactions_uk
2023-02-03,pos fuel tfl bus pass 467155,40.59,transportation,simulated_bank_transactions_uk
2024-01-19,CARD SUBSCRIPTION PUREGYM 342241,25.52,subscriptions,simulated_bank_transactions_uk
2024-06-30,CARD PMT ALDI RICE,43.75,groceries,simulated_bank_transactions_uk
2023-07-11,utility bill o2 97874,161.38,utilities,simulated_bank_transactions_uk
2024-09-07,food delivery kfc restaurant,43.39,dining,simulated_bank_transactions_uk
2023-10-11,UTILITY-BILL-BRITISH-GAS 115157,35.08,utilities,simulated_bank_transactions_uk
2024-04-14,subscription amazon prime 615604,23.46,subscriptions,simulated_bank_transactions_uk
2023-01-02,Pos Aldi Chicken 147243,22.04,groceries,simulated_bank_transactions_uk
2024-12-24,Restaurant Nando's Cafe 399129,38.86,dining,simulated_bank_transactions_uk
2023-02-16,direct debit british gas 136822,98.84,utilities,simulated_bank_transactions_uk
2024-06-12,DIRECT DEBIT GOOGLE *SERVICES,20.71,subscriptions,simulated_bank_transactions_uk
2024-03-18,Pos Asda Cereal,128.17,groceries,simulated_bank_transactions_uk
2024-04-23,Card Card Payment Iceland Chicken 569782,185.28,groceries,simulated_bank_transactions_uk
2024-02-08,sto direct debit sky 726106,87.62,utilities,simulated_bank_transactions_uk
2023-08-12,RENT PAYMENT RENT,707.88,housing,simulated_bank_transactions_uk
2023-07-21,BACS LANDLORD REN,2050.31,housing,simulated_bank_transactions_uk
2023-09-28,Card Payment Disney+ 235055,29.39,subscriptions,simulated_bank_transactions_uk
2024-12-26,mastercard*card*pmt*lidl*eggs 625162,157.6,groceries,simulated_bank_transactions_uk
2023-03-13,online-purchase-hmrc-electronics 965506,73.07,other,simulated_bank_transactions_uk
2024-10-05,CARD PMT ALDI BREAD,9.12,groceries,simulated_bank_transactions_uk
2024-06-30,FUEL UBER UBER RIDE 93107,68.65,transportation,simulated_bank_transactions_uk
2023-11-03,Pos/Tesco/Vegetables,27.42,groceries,simulated_bank_transactions_uk
2024-04-17,Direct-Debit-Online-Purchase-Boots-Pharmacy 144213,149.2,other,simulated_bank_transactions_uk
2023-07-21,Fuel-Trainline-Fuel,29.9,transportation,simulated_bank_transactions_uk
2023-09-27,Pos Purchase Hmrc Online Purchase 744183,108.5,other,simulated_bank_transactions_uk
2024-11-02,Bill/Pmt/British/Gas,130.09,utilities,simulated_bank_transactions_uk
2023-08-04,Utility-Bill-Sky,149.1,utilities,simulated_bank_transactions_uk
2023-12-19,Sto*Mortgage*Payment*Rent 739,2116.05,housing,simulated_bank_transactions_uk
2023-07-10,Food Delivery Kfc Fast Food 373190,68.53,dining,simulated_bank_transactions_uk
2024-06-24,So Subscription Google *services 529473,33.77,subscriptions,simulated_bank_transactions_uk
2023-03-03,fps fuel esso fuel 82422,106.36,transportation,simulated_bank_transactions_uk
2023-05-03,Fuel Tfl Car Maintenance,95.87,transportation,simulated_bank_transactions_uk
2024-02-13,MASTERCARD BACS RENT RENT 579567,932.62,housing,simulated_bank_transactions_uk
2023-05-11,Rent/Payment/Rent 357711,1533.48,housing,simulated_bank_transactions_uk
2024-09-04,FPS CONTACTLESS MORRISONS CEREAL 919141,54.44,groceries,simulated_bank_transactions_uk
2023-04-15,restaurant deliveroo food del,153.79,dining,simulated_bank_transactions_uk
2023-09-12,Restaurant/Deliveroo/Fast/Food,145.93,dining,simulated_bank_transactions_uk
2023-12-09,card payment bolt car maintenance 437943,63.53,transportation,simulated_bank_transactions_uk
2023-01-12,Bacs Mortgage Rent,1856.68,housing,simulated_bank_transactions_uk
2024-10-05,Fuel Esso Uber Ride 236489,106.67,transportation,simulated_bank_transactions_uk
2024-01-08,SUBSCRIPTION-NETFLIX 219732,38.65,subscriptions,simulated_bank_transactions_uk
2023-10-01,CONTACTLESS ALDI MILK 869361,164.64,groceries,simulated_bank_transactions_uk
2024-06-24,POS ICELAND MILK,193.3,groceries,simulated_bank_transactions_uk
2023-10-03,Mastercard Contactless Lidl Chicken,91.07,groceries,simulated_bank_transactions_uk
2023-08-22,MASTERCARD CARD PAYMENT ESSO TRAIN TICKET 879572,113.16,transportation,simulated_bank_transactions_uk
2024-03-19,DIRECT DEBIT VODAFONE 810196,133.67,utilities,simulated_bank_transactions_uk
2024-12-07,mortgage pmt landlord 898996,1672.9,housing,simulated_bank_transactions_uk
2024-09-27,Food/Delivery/Just/Eat/Food/Delivery,141.03,dining,simulated_bank_transactions_uk
2024-09-21,Contactless-Waitrose-Eggs 161263,105.24,groceries,simulated_bank_transactions_uk
2024-07-21,Contactless/Tesco/Bread 249618,174.04,groceries,simulated_bank_transactions_uk
2024-11-10,Bacs Mortgage Rent 560222,1029.53,housing,simulated_bank_transactions_uk
2023-03-26,direct debit google *services,14.07,subscriptions,simulated_bank_transactions_uk
2024-10-01,Fuel*Tfl*Car*Maintenance,46.94,transportation,simulated_bank_transactions_uk
2023-10-01,TRANSPORT NATIONAL RAIL BUS PASS,132.85,transportation,simulated_bank_transactions_uk
2024-08-09,mastercard bacs landlord rent 651690,1521.05,housing,simulated_bank_transactions_uk
2023-01-25,RENT PMT RENT,1560.82,housing,simulated_bank_transactions_uk
2023-02-04,Contactless/Asda/Eggs,194.48,groceries,simulated_bank_transactions_uk
2024-12-31,fuel*shell*bus*pass,62.13,transportation,simulated_bank_transactions_uk
2024-10-01,card payment apple.com/bill 135698,21.36,subscriptions,simulated_bank_transactions_uk
2023-06-12,Fps Card Payment Netflix 493764,34.47,subscriptions,simulated_bank_transactions_uk
2024-09-13,pos asda milk 393716,180.29,groceries,simulated_bank_transactions_uk
2024-01-26,RENT PMT RENT 172925,1614.8,housing,simulated_bank_transactions_uk
2023-06-19,Pos Sainsburys Milk 702466,192.08,groceries,simulated_bank_transactions_uk
2024-02-14,BACS-RENT-RENT 243191,1967.01,housing,simulated_bank_transactions_uk
2023-01-31,utility bill vodafone,254.94,utilities,simulated_bank_transactions_uk
2023-12-28,direct debit card pmt shell car maintenance 611909,18.19,transportation,simulated_bank_transactions_uk
2024-11-30,Direct Debit Severn Trent 511307,214.01,utilities,simulated_bank_transactions_uk
2023-05-30,sto/card/pmt/trainline/train/ticket 418962,5.55,transportation,simulated_bank_transactions_uk
2023-08-09,RENT-PMT-MORTGAGE,1594.35,housing,simulated_bank_transactions_uk
2023-10-27,card payment waitrose vegetables,5.85,groceries,simulated_bank_transactions_uk
2024-06-28,Visa Pos Tesco Bread,134.54,groceries,simulated_bank_transactions_uk
2024-12-10,Contactless Morrisons Milk 601595,152.82,groceries,simulated_bank_transactions_uk
2023-02-26,bacs-letting-agent-rent,845.79,housing,simulated_bank_transactions_uk
2023-02-03,Direct Debit Tham,208.71,utilities,simulated_bank_transactions_uk
2023-12-21,CARD PAYMENT KFC RESTAURANT 627754,145.98,dining,simulated_bank_transactions_uk
2023-08-11,utility bill vodafone 290230,191.57,utilities,simulated_bank_transactions_uk
2024-05-12,Mortgage Payment Rent 940030,1337.37,housing,simulated_bank_transactions_uk
2024-06-22,BACS CARD PMT UBER EATS FAST FOOD 250125,95.97,dining,simulated_bank_transactions_uk
2023-12-04,Bacs Letting Agent Rent 647433,1069.89,housing,simulated_bank_transactions_uk
2023-04-18,FOOD DELIVERY MCDONALDS FOOD DELIVERY 66,41.69,dining,simulated_bank_transactions_uk
2024-05-12,Bacs Utility Bill Scottishpower 355904,150.91,utilities,simulated_bank_transactions_uk
2023-05-22,Pos*Iceland*Rice 796499,154.11,groceries,simulated_bank_transactions_uk
2024-08-23,CONTACTLESS-TRANSPORT-BP-BUS-PASS,119.57,transportation,simulated_bank_transactions_uk
2023-07-09,Bill*Payment*Bt,143.54,utilities,simulated_bank_transactions_uk
2024-12-03,POS MORTGAGE PMT RENT 881901,1652.11,housing,simulated_bank_transactions_uk
2024-11-08,Transport Shell Car Maintenance,110.12,transportation,simulated_bank_transactions_uk
2024-08-28,CARD PAYMENT COSTA FOOD DELIVERY,145.32,dining,simulated_bank_transactions_uk
2023-05-07,Contactless Iceland Milk,187.69,groceries,simulated_bank_transactions_uk
2023-09-26,Pos Food Delivery Deliveroo Food Delivery,135.97,dining,simulated_bank_transactions_uk
2024-11-22,Food Delivery Costa Cafe,65.09,dining,simulated_bank_transactions_uk
2023-10-29,card pmt netflix 217682,37.81,subscriptions,simulated_bank_transactions_uk
2023-04-28,Transport Tfl Bus Pass,82.76,transportation,simulated_bank_transactions_uk
2024-06-06,RENT PMT LETTING AGENT 416359,1792.5,housing,simulated_bank_transactions_uk
2024-12-29,So Restaurant Starbucks Food Delivery 111082,49.66,dining,simulated_bank_transactions_uk
2023-01-28,direct debit scottishpower 561322,240.6,utilities,simulated_bank_transactions_uk
2024-01-05,transport*trainline*fuel,84.2,transportation,simulated_bank_transactions_uk
2023-08-04,Direct Debit Vodafone 333679,166.31,utilities,simulated_bank_transactions_uk
2023-03-21,Utility Bill Vodafone 777949,144.45,utilities,simulated_bank_transactions_uk
2023-05-18,Rent Pmt Rent 956605,1822.78,housing,simulated_bank_transactions_uk
2023-12-04,CONTACTLESS CARD PMT GREGGS CAFE,72.99,dining,simulated_bank_transactions_uk
2024-05-19,Utility Bill Vodafone 825328,172.48,utilities,simulated_bank_transactions_uk
2024-01-14,direct debit british gas 13371,230.36,utilities,simulated_bank_transactions_uk
2024-06-10,BILL PMT SCOTTISHPOWER,54.65,utilities,simulated_bank_transactions_uk
2023-09-12,TRANSPORT TFL BUS PASS 374690,103.66,transportation,simulated_bank_transactions_uk
2023-01-18,TRANSPORT ESSO FUEL 321569,86.97,transportation,simulated_bank_transactions_uk
2024-01-08,Fuel Tfl Bus Pass 740654,122.63,transportation,simulated_bank_transactions_uk
2023-11-14,Pos/Card/Payment/Kfc/Food/Delivery 807029,89.85,dining,simulated_bank_transactions_uk
2023-09-29,FPS RESTAURANT COSTA CAFE,76.59,dining,simulated_bank_transactions_uk
2023-05-16,mortgage payment letting agent 955151,1326.38,housing,simulated_bank_transactions_uk
2024-11-05,Direct-Debit-Contactless-Waitrose-Vegetables,158.68,groceries,simulated_bank_transactions_uk
2024-01-08,Direct Debit Gym Group 155164,10.32,subscriptions,simulated_bank_transactions_uk
2023-06-22,Food-Delivery-Greggs-Food-Delivery 478890,144.75,dining,simulated_bank_transactions_uk
2024-10-01,SO DIRECT DEBIT GOOGLE *SERVICES 668085,22.32,subscriptions,simulated_bank_transactions_uk
2023-05-07,Restaurant/Pret/Restaurant,63.22,dining,simulated_bank_transactions_uk
2024-11-26,card pmt netflix,24.12,subscriptions,simulated_bank_transactions_uk
2023-03-06,Transport Uber Bus Pass 275459,29.23,transportation,simulated_bank_transactions_uk
2024-12-11,Mortgage Payment Rent 686832,2120.08,housing,simulated_bank_transactions_uk
2024-10-14,Card-Card-Payment-Just-Eat-Food-Delivery 241584,21.0,dining,simulated_bank_transactions_uk
2024-01-09,Visa/Subscription/Gym/Group,17.9,subscriptions,simulated_bank_transactions_uk
2023-12-28,Bill Payment Sky 528371,210.72,utilities,simulated_bank_transactions_uk
2024-01-08,Direct Debit Thames Water 557781,233.62,utilities,simulated_bank_transactions_uk
2024-03-10,Bacs Rent Rent 104726,2135.24,housing,simulated_bank_transactions_uk
2024-11-04,Pos Purchase Boots Misc Expense,53.27,other,simulated_bank_transactions_uk
2023-02-25,TRANSPORT TFL FUEL 379570,59.24,transportation,simulated_bank_transactions_uk
2023-11-05,Card-Payment-Uber-Eats-Food-Delivery 862468,122.59,dining,simulated_bank_transactions_uk
2024-05-29,CARD PAYMENT BOOTS ELECTRONICS 333408,25.64,other,simulated_bank_transactions_uk
2023-03-23,CARD PAYMENT SHELL UBER RIDE,42.53,transportation,simulated_bank_transactions_uk
2024-11-27,Card Payment Bp Bus Pas,127.68,transportation,simulated_bank_transactions_uk
2023-04-06,VISA FUEL BOLT BUS PASS,107.7,transportation,simulated_bank_transactions_uk
2023-08-17,CARD PMT UBER EATS CAFE 93051,95.38,dining,simulated_bank_transactions_uk
2024-09-22,So Bill Pmt Scottishpower,233.48,utilities,simulated_bank_transactions_uk
2024-11-15,CARD PMT DELIVEROO FAST FOOD 631693,139.9,dining,simulated_bank_transactions_uk
2024-06-14,restaurant mcdonalds restaurant,86.14,dining,simulated_bank_transactions_uk
2024-11-26,card payment currys electronics,89.51,other,simulated_bank_transactions_uk
2024-01-16,POS/MORRISONS/BREAD,11.52,groceries,simulated_bank_transactions_uk
2023-03-22,fps card pmt puregym 853561,12.07,subscriptions,simulated_bank_transactions_uk
2023-06-27,Contactless Tesco Vegetables 682884,169.04,groceries,simulated_bank_transactions_uk
2023-02-03,so pos lidl fruit 36336,60.58,groceries,simulated_bank_transactions_uk
2023-09-01,FOOD DELIVERY COSTA FAST FOOD 359156,111.33,dining,simulated_bank_transactions_uk
2024-08-24,So Card Payment Kfc,42.66,dining,simulated_bank_transactions_uk
2023-08-30,Bacs Card Pmt Asda Milk 160895,134.81,groceries,simulated_bank_transactions_uk
2024-11-01,pos/transport/national/rail/fuel 206292,73.59,transportation,simulated_bank_transactions_uk
2024-09-21,visa-online-purchase-boots-online-purchase 453273,141.22,other,simulated_bank_transactions_uk
2024-04-05,POS*ASDA*CHICKEN 614593,60.25,groceries,simulated_bank_transactions_uk
2024-03-18,Transport Esso Fuel,108.66,transportation,simulated_bank_transactions_uk
2023-05-19,Transport Trainline Bus Pass,123.53,transportation,simulated_bank_transactions_uk
2024-12-17,food delivery mcdonalds fast food 961036,51.34,dining,simulated_bank_transactions_uk
2024-02-19,Card Pos Iceland Chicken 129290,41.34,groceries,simulated_bank_transactions_uk
2024-02-27,Card/Pmt/Shell/Fuel 77,40.38,transportation,simulated_bank_transactions_uk
2024-10-25,Bill Pmt O2,85.55,utilities,simulated_bank_transactions_uk
2024-09-05,card pmt kfc fast fo,123.05,dining,simulated_bank_transactions_uk
2024-08-31,card card payment disney+ 868672,13.82,subscriptions,simulated_bank_transactions_uk
2024-11-30,DIRECT DEBIT AMAZON PRIME 294256,25.25,subscriptions,simulated_bank_transactions_uk
2023-11-06,Food Delivery Costa Cafe 269095,73.76,dining,simulated_bank_transactions_uk
2024-02-02,DIRECT DEBIT SKY,64.66,utilities,simulated_bank_transactions_uk
2023-09-21,TRANSPORT ESSO UBER RIDE 132635,44.22,transportation,simulated_bank_transactions_uk
2024-08-05,VISA BILL PMT THAMES WATER 288663,76.05,utilities,simulated_bank_transactions_uk
2023-12-01,Card Pmt Mcdonalds Food Delivery 75763,43.64,dining,simulated_bank_transactions_uk
2024-10-31,DIRECT DEBIT O2 23125,119.79,utilities,simulated_bank_transactions_uk
2023-06-06,card payment aldi chicken,7.0,groceries,simulated_bank_transactions_uk
2024-08-01,restaurant mcdonalds restaurant 784408,136.27,dining,simulated_bank_transactions_uk
2024-08-26,direct debit puregym,35.39,subscriptions,simulated_bank_transactions_uk
2024-06-15,Utility Bill Sky 840502,181.9,utilities,simulated_bank_transactions_uk
2024-07-04,POS ICELAND BREAD 414417,133.95,groceries,simulated_bank_transactions_uk
2023-05-30,CONTACTLESS SAINSBURYS EGGS,117.43,groceries,simulated_bank_transactions_uk
2024-07-27,Contactless Morrisons Eggs,56.93,groceries,simulated_bank_transactions_uk
2023-08-20,visa card pmt shell train ticket 770270,126.66,transportation,simulated_bank_transactions_uk
2024-07-25,FUEL UBER TRAIN TICKET 237705,69.06,transportation,simulated_bank_transactions_uk
2024-11-22,DIRECT DEBIT GOOGLE *SERVICES 313743,44.23,subscriptions,simulated_bank_transactions_uk
2024-05-18,food delivery costa fast food 495169,84.78,dining,simulated_bank_transactions_uk
2024-06-17,so mortgage pmt letting agent 13372,2019.04,housing,simulated_bank_transactions_uk
2023-02-22,So Online Purchase Argos Gift 460894,126.86,other,simulated_bank_transactions_uk
2024-01-30,rent pmt rent 637961,1158.18,housing,simulated_bank_transactions_uk
2024-04-05,card pmt uber eats food delivery 582352,109.75,dining,simulated_bank_transactions_uk
2024-04-16,Card Pmt Pret Food Delivery,132.98,dining,simulated_bank_transactions_uk
2023-02-25,fuel tfl car maintenanc,95.43,transportation,simulated_bank_transactions_uk
2023-05-15,mortgage payment landlord 529494,754.01,housing,simulated_bank_transactions_uk
2024-10-29,RENT-PAYMENT-LETTING-AGENT 876498,1810.35,housing,simulated_bank_transactions_uk
2023-09-28,sto fuel uber bus pass,131.81,transportation,simulated_bank_transactions_uk
2023-06-19,mastercard*pos*asda*fruit,183.52,groceries,simulated_bank_transactions_uk
2023-09-19,CARD PMT ESSO BUS PASS 410446,58.73,transportation,simulated_bank_transactions_uk
2023-09-15,Online Purchase Superdrug Pharmacy 896738,50.64,other,simulated_bank_transactions_uk
2023-10-26,DIRECT DEBIT PUREGYM 597555,5.73,subscriptions,simulated_bank_transactions_uk
2024-04-11,CONTACTLESS-SAINSBURYS-FRUIT 376333,91.4,groceries,simulated_bank_transactions_uk
2023-09-13,CARD PAYMENT UBER EATS FOOD DELIVERY 466424,26.28,dining,simulated_bank_transactions_uk
2024-06-24,DIRECT DEBIT EE 293024,46.78,utilities,simulated_bank_transactions_uk
2024-02-23,Direct Debit Octopus Energy 162480,214.05,utilities,simulated_bank_transactions_uk
2023-11-21,Direct-Debit-Thames-Wate,80.33,utilities,simulated_bank_transactions_uk
2024-07-10,Direct Debit Rent Payment Letting Agent 757555,1145.23,housing,simulated_bank_transactions_uk
2023-07-10,So Contactless Tesco Chicken 108681,197.83,groceries,simulated_bank_transactions_uk
2024-05-02,subscription apple.com/bill,24.53,subscriptions,simulated_bank_transactions_uk
2023-07-29,card bacs letting agent re,1750.84,housing,simulated_bank_transactions_uk
2024-12-09,card payment waitrose cereal,135.97,groceries,simulated_bank_transactions_uk
2023-07-29,CARD PAYMENT STARBUCKS FOOD DELIVERY 426503,24.97,dining,simulated_bank_transactions_uk
2024-06-01,transport bolt uber ride 15590,57.51,transportation,simulated_bank_transactions_uk
2024-05-17,Card-Pmt-Pret-Restaurant 10047,119.19,dining,simulated_bank_transactions_uk
2024-09-09,Card Payment Lidl Vegetables,34.46,groceries,simulated_bank_transactions_uk
2024-11-01,Contactless-Aldi-Chicken 694450,73.17,groceries,simulated_bank_transactions_uk
2024-02-21,Card Payment Puregym 88331,27.8,subscriptions,simulated_bank_transactions_uk
2023-05-16,bill pmt octopus energy 452238,29.92,utilities,simulated_bank_transactions_uk
2024-09-27,fuel trainline train ticket,50.49,transportation,simulated_bank_transactions_uk
2023-08-09,card pmt national rail uber ride 452149,112.64,transportation,simulated_bank_transactions_uk
2023-02-15,direct debit vodafone,218.08,utilities,simulated_bank_transactions_uk
2024-05-05,Direct Debit Thames Water 811114,172.47,utilities,simulated_bank_transactions_uk
2023-02-11,Card Payment Greggs Food Delivery 839373,24.14,dining,simulated_bank_transactions_uk
2023-06-06,direct/debit/transport/uber/uber/ride 311186,84.16,transportation,simulated_bank_transactions_uk
2024-07-16,Visa Rent Pmt Rent 662553,818.54,housing,simulated_bank_transactions_uk
2023-07-25,Food Delivery Deliveroo Food Delivery,57.57,dining,simulated_bank_transactions_uk
2024-04-02,card payment spotify 938729,15.58,subscriptions,simulated_bank_transactions_uk
2023-09-09,CONTACTLESS AS,13.53,groceries,simulated_bank_transactions_uk
2023-09-12,Card Pos Sainsburys Eggs 355723,91.48,groceries,simulated_bank_transactions_uk
2024-02-26,mastercard direct debit gym group,20.96,subscriptions,simulated_bank_transactions_uk
2023-07-26,direct debit british gas,66.25,utilities,simulated_bank_transactions_uk
2023-12-14,Transport Uber Fuel 23701,135.59,transportation,simulated_bank_transactions_uk
2023-09-14,Card Payment Trainline Fuel,107.27,transportation,simulated_bank_transactions_uk
2024-03-07,fps card payment uber bus pass,48.7,transportation,simulated_bank_transactions_uk
2024-11-21,Bacs Fuel Shell Train Ticket 533545,125.41,transportation,simulated_bank_transactions_uk
2023-05-28,Pos Sainsburys Cereal 900804,150.74,groceries,simulated_bank_transactions_uk
2023-01-08,CONTACTLESS FUEL TRAINLINE BUS PASS 836836,17.56,transportation,simulated_bank_transactions_uk
2024-12-02,Pos*Mortgage*Payment*Letting*Agent 839968,2050.3,housing,simulated_bank_transactions_uk
2024-03-12,mortgage-payment-letting-agent,1405.51,housing,simulated_bank_transactions_uk
2023-03-19,restaurant kfc food delivery 448861,76.67,dining,simulated_bank_transactions_uk
2024-06-19,card payment disney+ 281291,7.41,subscriptions,simulated_bank_transactions_uk
2024-12-05,Card Payment Iceland Fruit 769402,93.46,groceries,simulated_bank_transactions_uk
2024-01-09,Restaurant Kfc Fast Food 335460,155.64,dining,simulated_bank_transactions_uk
2023-08-24,direct debit spotify,27.55,subscriptions,simulated_bank_transactions_uk
2024-01-15,card pmt puregym,4.68,subscriptions,simulated_bank_transactions_uk
2024-12-18,DIRECT DEBIT SEVERN TRENT,197.51,utilities,simulated_bank_transactions_uk
2024-03-04,UTILITY*BILL*THAMES*WATER 577659,229.66,utilities,simulated_bank_transactions_uk
2024-08-18,CARD-DIRECT-DEBIT-E.ON 224724,235.65,utilities,simulated_bank_transactions_uk
2024-12-24,utility bill bt 84327,227.26,utilities,simulated_bank_transactions_uk
2023-06-30,Fuel*Shell*Uber*Ride,22.41,transportation,simulated_bank_transactions_uk
2024-06-25,so direct debit e.on 9664,121.88,utilities,simulated_bank_transactions_uk
2024-08-10,SUBSCRIPTION GOOGLE *SERVICES 106135,34.31,subscriptions,simulated_bank_transactions_uk
2024-10-30,visa/pos/lidl/milk 591719,64.39,groceries,simulated_bank_transactions_uk
2024-07-11,RENT PMT RENT,1750.65,housing,simulated_bank_transactions_uk
2024-09-13,Card Pmt Bolt Bus Pass 164944,15.6,transportation,simulated_bank_transactions_uk
2024-01-09,Card*Payment*Lidl*Chicken,81.31,groceries,simulated_bank_transactions_uk
2023-07-27,Sto Restaurant Uber Eats Fast Food 510238,156.98,dining,simulated_bank_transactions_uk
2024-12-26,DIRECT DEBIT NETFLIX 969532,16.94,subscriptions,simulated_bank_transactions_uk
2024-12-18,Mastercard Subscription Amazon Prime 362959,11.93,subscriptions,simulated_bank_transactions_uk
2024-07-07,DIRECT-DEBIT-BACS-LANDLORD-RENT,1545.34,housing,simulated_bank_transactions_uk
2023-09-27,Bacs Landlord Rent 391624,1278.71,housing,simulated_bank_transactions_uk
2024-10-24,Pos Sainsburys Cereal 542153,11.44,groceries,simulated_bank_transactions_uk
2023-10-04,pos morrisons cereal 769004,7.09,groceries,simulated_bank_transactions_uk
2023-12-16,FUEL UBER UBER RIDE,115.01,transportation,simulated_bank_transactions_uk
2024-11-27,Card Card Pmt Uber Eats Fast Food 337121,90.53,dining,simulated_bank_transactions_uk
2024-10-04,direct/debit/netflix 798243,39.37,subscriptions,simulated_bank_transactions_uk
2024-10-19,Subscription Puregym 35282,7.79,subscriptions,simulated_bank_transactions_uk
2024-06-25,direct debit google *services 864445,19.34,subscriptions,simulated_bank_transactions_uk
2024-01-19,pos tesco fruit 599422,123.0,groceries,simulated_bank_transactions_uk
2023-08-31,Card-Card-Pmt-Asda-Bread 2,101.25,groceries,simulated_bank_transactions_uk
2024-12-19,Card*Payment*Boots*Electronics 427059,62.03,other,simulated_bank_transactions_uk
2024-01-07,Pos Pos Aldi Milk 375068,138.7,groceries,simulated_bank_transactions_uk
2024-01-23,RENT PAYMENT LANDLORD,780.14,housing,simulated_bank_transactions_uk
2024-10-28,Restaurant*Costa*Fast*Food 830093,43.34,dining,simulated_bank_transactions_uk
2024-01-20,Card Payment Sainsburys Rice 904708,199.03,groceries,simulated_bank_transactions_uk
2024-09-08,direct debit vodafone 881968,31.56,utilities,simulated_bank_transactions_uk
2023-02-14,Restaurant Pret Food Deliver,117.02,dining,simulated_bank_transactions_uk
2023-12-30,BILL PMT SKY 485370,243.1,utilities,simulated_bank_transactions_uk
2024-01-13,BACS-SUBSCRIPTION-GOOGLE-*SERVICES,27.41,subscriptions,simulated_bank_transactions_uk
2024-01-27,CARD CARD PMT BP FUEL 367195,119.64,transportation,simulated_bank_transactions_uk
2024-02-06,Mortgage/Payment/Mortgage 503342,1543.65,housing,simulated_bank_transactions_uk
2024-10-25,contactless aldi milk 767433,96.45,groceries,simulated_bank_transactions_uk
2023-07-06,Direct Debit Vodafone,178.35,utilities,simulated_bank_transactions_uk
2023-06-13,transport-bp-car-maintenance 574760,93.31,transportation,simulated_bank_transactions_uk
2024-10-08,Fuel-Esso-Train-Ticket,136.99,transportation,simulated_bank_transactions_uk
2024-03-22,Card Card Payment Mcdonalds Restaurant 728196,23.8,dining,simulated_bank_transactions_uk
2023-01-28,Transport Esso Ube,104.05,transportation,simulated_bank_transactions_uk
2023-01-04,online purchase currys misc expense,110.69,other,simulated_bank_transactions_uk
2024-08-08,CARD PAYMENT GREGGS RESTAURANT 269582,96.38,dining,simulated_bank_transactions_uk
2023-02-20,card payment aldi bread 364949,132.47,groceries,simulated_bank_transactions_uk
2024-05-26,Pos Contactless Aldi Rice 251416,198.96,groceries,simulated_bank_transactions_uk
2023-12-19,Restaurant-Pret-Fas,86.74,dining,simulated_bank_transactions_uk
2024-06-20,bacs letting agent rent 508412,1683.82,housing,simulated_bank_transactions_uk
2023-02-20,fuel bolt fuel 226268,119.46,transportation,simulated_bank_transactions_uk
2024-01-30,Fps Contactless Iceland Cereal 430390,31.16,groceries,simulated_bank_transactions_uk
2023-12-10,Bacs Fuel Shell Uber Ride,16.52,transportation,simulated_bank_transactions_uk
2023-11-10,TRANSPORT*ESSO*CAR*MAINTENANCE 28263,127.41,transportation,simulated_bank_transactions_uk
2024-10-12,Fuel Trainline Fuel,64.04,transportation,simulated_bank_transactions_uk
2024-12-13,direct debit bt,110.07,utilities,simulated_bank_transactions_uk
2023-06-21,Subscription-Spotify,44.61,subscriptions,simulated_bank_transactions_uk
2023-05-04,Sto-Pos-Iceland-Vegetables 543570,173.74,groceries,simulated_bank_transactions_uk
2024-08-05,CARD PAYMENT HMRC PHARMACY,102.11,other,simulated_bank_transactions_uk
2023-10-17,BACS LANDLORD RENT,1362.32,housing,simulated_bank_transactions_uk
2023-02-19,RESTAURANT DELIVEROO FAST FOOD 966952,59.51,dining,simulated_bank_transactions_uk
2023-09-30,CONTACTLESS FUEL ESSO UBER RIDE 864160,60.57,transportation,simulated_bank_transactions_uk
2024-10-16,Mortgage/Pmt/Rent,1463.66,housing,simulated_bank_transactions_uk
2024-07-18,fuel bolt bus pass,76.7,transportation,simulated_bank_transactions_uk
2024-05-23,Card Pmt Lidl Bread 591209,100.56,groceries,simulated_bank_transactions_uk
2023-10-16,Utility Bill Thames Water,246.81,utilities,simulated_bank_transactions_uk
2024-09-20,Fuel Esso Car Maintenance 323369,34.95,transportation,simulated_bank_transactions_uk
2023-12-08,Mortgage Payment Landlord 618430,1701.05,housing,simulated_bank_transactions_uk
2023-08-29,FOOD DELIVERY UBER EATS FOOD DELIVERY 608739,38.5,dining,simulated_bank_transactions_uk
2024-04-25,UTILITY BILL SCOTTISHPOWER 294349,160.99,utilities,simulated_bank_transactions_uk
2023-02-06,SUBSCRIPTION PUREGYM 520262,18.38,subscriptions,simulated_bank_transactions_uk
2024-12-14,Subscription Netflix 476373,12.21,subscriptions,simulated_bank_transactions_uk
2024-08-14,Contactless Utility Bill Octopus Energy 892929,125.06,utilities,simulated_bank_transactions_uk
2023-04-25,So-Contactless-Morrisons-Fruit 546685,162.92,groceries,simulated_bank_transactions_uk
2024-08-12,Food Delivery Deliveroo Cafe 326956,154.14,dining,simulated_bank_transactions_uk
2023-02-08,contactless contactless tesco vegetables 506434,51.6,groceries,simulated_bank_transactions_uk
2024-07-22,pos tesco bread 933080,52.84,groceries,simulated_bank_transactions_uk
2024-10-18,FUEL-NATIONAL-RAIL-TRAIN-TICKET 409433,7.47,transportation,simulated_bank_transactions_uk
2024-05-03,utility-bill-vodafone 716822,146.17,utilities,simulated_bank_transactions_uk
2023-12-06,STO DIRECT DEBIT SCOTTISHPOWER 614258,102.41,utilities,simulated_bank_transactions_uk
2024-09-04,POS LIDL EGGS 912791,15.39,groceries,simulated_bank_transactions_uk
2024-05-31,food delivery deliveroo cafe 746665,44.31,dining,simulated_bank_transactions_uk
2024-02-17,Card Pmt Asda Eggs 712601,113.91,groceries,simulated_bank_transactions_uk
2024-01-13,food*delivery*nando's*fast*food 36148,50.01,dining,simulated_bank_transactions_uk
2023-06-19,card pmt aldi rice 44888,116.26,groceries,simulated_bank_transactions_uk
2023-03-26,subscription apple.com/bill 720203,27.74,subscriptions,simulated_bank_transactions_uk
2023-12-10,Transport Bp Fuel,72.47,transportation,simulated_bank_transactions_uk
2024-08-04,MORTGAGE PAYMENT LETTING AGENT 163171,1879.48,housing,simulated_bank_transactions_uk
2024-10-21,Card Restaurant Just Eat Cafe,62.9,dining,simulated_bank_transactions_uk
2024-05-08,restaurant kfc food delivery 134794,55.48,dining,simulated_bank_transactions_uk
2024-07-30,Bacs Card Pmt Kfc Cafe 802125,117.34,dining,simulated_bank_transactions_uk
2023-05-09,contactless waitrose chicken 652053,44.75,groceries,simulated_bank_transactions_uk
2023-11-23,CARD PMT KFC FAST FOOD 413143,51.78,dining,simulated_bank_transactions_uk
2024-12-13,CARD PAYMENT SAINSBURYS RICE 998786,103.07,groceries,simulated_bank_transactions_uk
2023-02-02,Contactless Tesco Vegetables 807128,101.52,groceries,simulated_bank_transactions_uk
2024-04-15,rent payment rent 499351,2044.89,housing,simulated_bank_transactions_uk
2023-07-12,Pos Asda Chicken 728133,105.54,groceries,simulated_bank_transactions_uk
2023-12-27,UTILITY BILL OCTOPUS ENERGY 503095,130.92,utilities,simulated_bank_transactions_uk
2023-09-20,Pos/Purchase/Amazon/Misc/Expense 295804,220.87,other,simulated_bank_transactions_uk
2024-01-22,Contactless Asda Bread 677232,84.35,groceries,simulated_bank_transactions_uk
2024-06-17,Rent Pmt Landlord 441019,2163.54,housing,simulated_bank_transactions_uk
2024-08-09,Transport Bp B,4.29,transportation,simulated_bank_transactions_uk
2024-08-16,bacs/subscription/spotify,35.73,subscriptions,simulated_bank_transactions_uk
2023-04-19,Food Delivery Nando's Food Delivery 565828,46.23,dining,simulated_bank_transactions_uk
2023-05-30,card/payment/tesco/bread 974112,8.05,groceries,simulated_bank_transactions_uk
2023-09-24,VISA BACS LANDLORD RENT 158492,1569.16,housing,simulated_bank_transactions_uk
2024-08-21,Restaurant/Just/Eat/Food/Delivery 905798,48.15,dining,simulated_bank_transactions_uk
2024-06-21,POS ICELAND MILK 115615,25.83,groceries,simulated_bank_transactions_uk
2024-10-17,VISA*CARD*PMT*PUREGYM,26.37,subscriptions,simulated_bank_transactions_uk
2023-06-09,pos food delivery greggs restaurant 278070,38.19,dining,simulated_bank_transactions_uk
2024-04-04,Direct Debit Google *services 785758,14.06,subscriptions,simulated_bank_transactions_uk
2023-11-11,Online Purchase Currys Pharmacy,54.9,other,simulated_bank_transactions_uk
2023-11-29,Card Pmt Amazon P,8.13,subscriptions,simulated_bank_transactions_uk
2023-11-03,Bacs-Restaurant-Pret-Restaurant 552765,137.54,dining,simulated_bank_transactions_uk
2023-04-05,TRANSPORT TRAINLINE FUEL 291594,9.34,transportation,simulated_bank_transactions_uk
2024-12-04,Bacs-Mortgage-Payment-Letting-Agent 719175,1093.75,housing,simulated_bank_transactions_uk
2023-12-09,POS ICELAND EGGS,63.87,groceries,simulated_bank_transactions_uk
2023-06-16,BACS MORTGAGE PAYMENT LETTING AGENT,1295.15,housing,simulated_bank_transactions_uk
2023-08-25,Visa Contactless Tesco Eggs 410679,192.5,groceries,simulated_bank_transactions_uk
2024-09-29,Direct Debit Bt,211.37,utilities,simulated_bank_transactions_uk
2023-09-13,food delivery mcdonalds fast food,27.33,dining,simulated_bank_transactions_uk
2023-03-27,Card Pmt Pret Restaurant 614576,80.98,dining,simulated_bank_transactions_uk
2023-08-23,visa subscription puregym 487800,31.32,subscriptions,simulated_bank_transactions_uk
2024-10-01,Bill Pmt Ee 344137,239.57,utilities,simulated_bank_transactions_uk
2023-02-20,MORTGAGE PAYMENT LETTING AGENT 384357,1382.04,housing,simulated_bank_transactions_uk
2023-09-13,MASTERCARD RESTAURANT GREGGS RESTAURANT 752618,69.65,dining,simulated_bank_transactions_uk
2023-03-20,Rent Payment Letting Agent 154082,1972.51,housing,simulated_bank_transactions_uk
2023-07-14,Contactless Morrisons Vegetables 333951,26.13,groceries,simulated_bank_transactions_uk
2023-03-29,bill pmt severn trent,86.04,utilities,simulated_bank_transactions_uk
2023-06-19,RESTAURANT STARBUCKS RESTAURAN,146.46,dining,simulated_bank_transactions_uk
2024-02-13,UTILITY BILL VODAFONE,139.59,utilities,simulated_bank_transactions_uk
2023-12-12,card pos sainsburys milk 204880,181.56,groceries,simulated_bank_transactions_uk
2023-12-10,Transport National Rail Uber Ride 949909,74.97,transportation,simulated_bank_transactions_uk
2023-07-21,FPS/BILL/PMT/VODAFONE 515593,76.31,utilities,simulated_bank_transactions_uk
2023-01-13,DIRECT DEBIT TRANSPORT TFL BUS PASS,102.85,transportation,simulated_bank_transactions_uk
2024-09-03,POS TESCO VEGETABLES 869523,196.2,groceries,simulated_bank_transactions_uk
2024-03-17,subscription apple.com/bill 962151,17.48,subscriptions,simulated_bank_transactions_uk
2024-03-25,Card Pmt Greggs Food Delivery 986719,90.55,dining,simulated_bank_transactions_uk
2024-04-29,Food Delivery Just Eat Restaurant 660100,108.38,dining,simulated_bank_transactions_uk
2023-12-04,FUEL BOLT CAR MAINTENANCE,10.22,transportation,simulated_bank_transactions_uk
2023-06-24,Card Pmt Aldi Chicken 834078,120.57,groceries,simulated_bank_transactions_uk
2023-04-16,Pos Card Pmt Iceland Bread 512822,130.41,groceries,simulated_bank_transactions_uk
2024-09-14,restaurant kfc fast food 163002,93.42,dining,simulated_bank_transactions_uk
2023-10-19,Utility Bill Scottishpower 41,93.2,utilities,simulated_bank_transactions_uk
2024-06-09,pos asda bread 800965,47.2,groceries,simulated_bank_transactions_uk
2024-08-18,Online/Purchase/Currys/Gift 955645,225.62,other,simulated_bank_transactions_uk
2023-06-22,POS TESCO BREAD 48418,60.48,groceries,simulated_bank_transactions_uk
2023-05-04,Card Transport Esso Train Ticket,2.79,transportation,simulated_bank_transactions_uk
2023-11-06,Subscription Gym Group 493014,8.43,subscriptions,simulated_bank_transactions_uk
2024-06-02,Rent Payment Rent,730.04,housing,simulated_bank_transactions_uk
2024-05-30,Food/Delivery/Mcdonalds/Food/Delivery 294289,72.56,dining,simulated_bank_transactions_uk
2024-01-08,card payment bp car maintenance 799005,55.96,transportation,simulated_bank_transactions_uk
2023-05-31,card payment costa restaurant 755931,112.11,dining,simulated_bank_transactions_uk
2024-11-08,Card/Pmt/Uber/Car/Maintenance,19.2,transportation,simulated_bank_transactions_uk
2023-04-15,utility bill e.on,248.11,utilities,simulated_bank_transactions_uk
2024-12-11,Bacs Landlord Rent 901799,2132.72,housing,simulated_bank_transactions_uk
2023-11-17,direct debit card payment deliveroo restaurant 44232,159.4,dining,simulated_bank_transactions_uk
2024-07-27,Card/Pmt/Iceland/Eggs 154232,145.27,groceries,simulated_bank_transactions_uk
2023-03-05,card/payment/kfc/restaurant 635025,20.25,dining,simulated_bank_transactions_uk
2024-01-03,CARD/PAYMENT/TFL/TRAIN/TICKET,32.05,transportation,simulated_bank_transactions_uk
2023-08-30,Card Pmt Uber Car Maintenance,107.92,transportation,simulated_bank_transactions_uk
2023-01-13,direct debit ee 396719,83.92,utilities,simulated_bank_transactions_uk
2023-09-15,restaurant nando's fast food,141.62,dining,simulated_bank_transactions_uk
2023-03-25,UTILITY BILL BRITISH GA,137.0,utilities,simulated_bank_transactions_uk
2023-05-23,Contactless Food Delivery Costa Fast Food 832386,6.55,dining,simulated_bank_transactions_uk
2024-07-03,Direct-Debit-Bill-Pmt-E.on,62.35,utilities,simulated_bank_transactions_uk
2024-04-30,Transport Bp Uber Ride 710174,114.27,transportation,simulated_bank_transactions_uk
2024-09-25,Direct Debit Bt,206.6,utilities,simulated_bank_transactions_uk
2024-10-11,Mortgage Payment Landlord 32124,1660.31,housing,simulated_bank_transactions_uk
2024-07-02,rent-payment-mortgage 492081,1564.57,housing,simulated_bank_transactions_uk
2024-04-26,Card*Pmt*Esso*Fuel 214635,99.75,transportation,simulated_bank_transactions_uk
2024-05-26,direct debit o2 90,189.69,utilities,simulated_bank_transactions_uk
2024-04-04,transport shell train ticket 73688,12.36,transportation,simulated_bank_transactions_uk
2024-12-05,FOOD DELIVERY JUST EAT FAST FOOD,127.99,dining,simulated_bank_transactions_uk
2024-12-16,FPS POS ASDA RICE 628471,167.35,groceries,simulated_bank_transactions_uk
2023-01-20,CONTACTLESS-POS-ASDA-VEGETABLES 845039,171.62,groceries,simulated_bank_transactions_uk
2023-05-29,Card/Restaurant/Pret/Cafe,154.81,dining,simulated_bank_transactions_uk
2023-05-21,DIRECT-DEBIT-BRITISH-GAS 271267,214.02,utilities,simulated_bank_transactions_uk
2023-10-24,direct*debit*severn*trent 355071,126.58,utilities,simulated_bank_transactions_uk
2024-11-13,RENT/PMT/RENT,1804.66,housing,simulated_bank_transactions_uk
2024-08-30,Sto Pos Purchase Boots Electronics 209813,168.72,other,simulated_bank_transactions_uk
2024-12-27,card pos asda fruit,151.73,groceries,simulated_bank_transactions_uk
2023-08-13,Card Payment Mcdonalds Food Delivery,113.39,dining,simulated_bank_transactions_uk
2023-06-23,food delivery starbucks restaurant 547631,129.77,dining,simulated_bank_transactions_uk
2024-01-26,Subscription Spotify 8822,27.64,subscriptions,simulated_bank_transactions_uk
2024-04-15,Card Pmt Mcdonalds Fast Food,125.45,dining,simulated_bank_transactions_uk
2024-05-04,FUEL NATIONAL RAIL FUEL 759964,73.2,transportation,simulated_bank_transactions_uk
2023-10-08,BACS-MORTGAGE-RENT 135722,2073.85,housing,simulated_bank_transactions_uk
2024-04-12,Bacs/Pos/Morrisons/Rice 592760,73.69,groceries,simulated_bank_transactions_uk
2024-09-20,DIRECT DEBIT NETFLIX,7.24,subscriptions,simulated_bank_transactions_uk
2023-03-24,pos food delivery pret fast food 999042,15.97,dining,simulated_bank_transactions_uk
2024-10-28,CARD*RESTAURANT*UBER*EATS*FAST*FOOD 285644,109.54,dining,simulated_bank_transactions_uk
2024-04-23,MASTERCARD*POS*LIDL*RICE,65.93,groceries,simulated_bank_transactions_uk
2024-04-25,RESTAURANT PRET FOOD DELIVERY,6.06,dining,simulated_bank_transactions_uk
2024-01-19,online purchase ebay online purchase 494027,125.42,other,simulated_bank_transactions_uk
2024-11-05,POS/SAINSBURYS/CHICKEN 971428,115.44,groceries,simulated_bank_transactions_uk
2023-12-21,CARD PMT STARBUCKS CAFE 980484,35.66,dining,simulated_bank_transactions_uk
2024-02-29,Fuel/Shell/Car/Maintenance,59.43,transportation,simulated_bank_transactions_uk
2023-01-12,pos tesco bread,51.35,groceries,simulated_bank_transactions_uk
2024-09-17,fps direct debit disney+ 718940,18.69,subscriptions,simulated_bank_transactions_uk
2024-01-03,Subscription Amazon Prime 496445,26.65,subscriptions,simulated_bank_transactions_uk
2024-01-15,bill pmt ee 195109,63.28,utilities,simulated_bank_transactions_uk
2023-07-13,Fps/Restaurant/Greggs/Food/Delivery 108813,20.63,dining,simulated_bank_transactions_uk
2023-12-26,food delivery mcdonalds food d,99.91,dining,simulated_bank_transactions_uk
2024-11-06,MASTERCARD UTILITY BILL VODAFONE 634334,122.17,utilities,simulated_bank_transactions_uk
2024-12-21,FOOD DELIVERY JUST EAT RESTAURANT,147.71,dining,simulated_bank_transactions_uk
2024-02-25,mastercard bacs landlord rent 679184,690.16,housing,simulated_bank_transactions_uk
2023-08-24,Visa Fuel Bolt Bus Pass 100944,16.8,transportation,simulated_bank_transactions_uk
2023-12-31,POS*PURCHASE*ARGOS*GIFT 600839,59.66,other,simulated_bank_transactions_uk
2023-12-10,Food/Delivery/Costa/Restaurant 637186,151.13,dining,simulated_bank_transactions_uk
2023-09-01,Card Payment Nando's Food Delivery,15.06,dining,simulated_bank_transactions_uk
2023-09-25,Fuel Bp Train Ticket 404772,21.41,transportation,simulated_bank_transactions_uk
2024-04-22,Card-Payment-Lidl-Cereal,169.44,groceries,simulated_bank_transactions_uk
2023-07-23,Pos-Bacs-Rent-Rent 570139,2189.22,housing,simulated_bank_transactions_uk
2024-10-10,Bacs Letting Agent Rent 388744,917.36,housing,simulated_bank_transactions_uk
2023-03-24,DIRECT DEBIT GYM GROUP 700318,9.74,subscriptions,simulated_bank_transactions_uk
2024-10-31,Card/Pmt/Shell/Car/Maintenance 369125,114.61,transportation,simulated_bank_transactions_uk
2023-11-11,CARD PMT KFC FAST FOOD 440328,59.76,dining,simulated_bank_transactions_uk
2023-05-03,Card Card Pmt Kfc Food,140.99,dining,simulated_bank_transactions_uk
2023-11-21,POS LIDL EGGS,91.04,groceries,simulated_bank_transactions_uk
2024-05-24,mortgage payment rent,1028.46,housing,simulated_bank_transactions_uk
2023-11-10,RENT*PMT*LANDLORD 46907,759.01,housing,simulated_bank_transactions_uk
2023-04-18,Food*Delivery*Deliveroo*Fast*Food 118108,41.98,dining,simulated_bank_transactions_uk
2023-06-15,Rent Payment Letting Agent,1431.0,housing,simulated_bank_transactions_uk
2023-12-09,Online Purchase Superdrug Online Purchase 322226,204.65,other,simulated_bank_transactions_uk
2024-11-20,SO*DIRECT*DEBIT*DISNEY+,40.43,subscriptions,simulated_bank_transactions_uk
2024-06-29,direct debit puregym,13.63,subscriptions,simulated_bank_transactions_uk
2024-03-03,Bacs Contactless Iceland Milk,52.47,groceries,simulated_bank_transactions_uk
2024-11-24,card*bill*payment*severn*trent 476839,193.09,utilities,simulated_bank_transactions_uk
2024-05-27,Card-Pmt-Morrisons-Milk 727728,30.15,groceries,simulated_bank_transactions_uk
2023-01-25,CARD*PMT*WAITROSE*BREAD,142.75,groceries,simulated_bank_transactions_uk
2024-06-14,Fuel Shell Fuel 366793,8.28,transportation,simulated_bank_transactions_uk
2024-10-11,Bill Pmt Bt 423499,39.73,utilities,simulated_bank_transactions_uk
2024-10-09,Card*Pmt*Kfc*Cafe,104.44,dining,simulated_bank_transactions_uk
2024-09-13,Contactless Aldi Bread 13918,59.9,groceries,simulated_bank_transactions_uk
2023-05-12,Restaurant Just Eat Restaurant,37.49,dining,simulated_bank_transactions_uk
2023-11-15,online purchase boots pharmacy 891201,49.36,other,simulated_bank_transactions_uk
2023-07-29,food/delivery/mcdonalds/food/delivery 934124,38.02,dining,simulated_bank_transactions_uk
2024-02-26,Bill Payment Ee 588090,49.55,utilities,simulated_bank_transactions_uk
2023-10-29,Utility Bill British Gas 110162,214.13,utilities,simulated_bank_transactions_uk
2024-10-06,Mastercard Subscription Disney+ 23983,6.69,subscriptions,simulated_bank_transactions_uk
2023-12-11,BACS BILL PAYMENT THAMES WATER,53.66,utilities,simulated_bank_transactions_uk
2023-05-17,Card/Utility/Bill/British/Gas 854175,159.24,utilities,simulated_bank_transactions_uk
2023-05-31,card pmt tesco cereal,153.17,groceries,simulated_bank_transactions_uk
2024-09-03,Card*Payment*Just*Eat*Fast*Food 182122,110.25,dining,simulated_bank_transactions_uk
2024-12-10,pos*purchase*boots*gift 181660,189.49,other,simulated_bank_transactions_uk
2023-03-20,fuel tfl uber ride 7379,69.5,transportation,simulated_bank_transactions_uk
2024-04-09,Food Delivery Nando's Cafe,115.87,dining,simulated_bank_transactions_uk
2024-01-15,Fuel Bolt Fuel 549182,103.51,transportation,simulated_bank_transactions_uk
2024-04-20,Bacs/Letting/Agent/Rent,1425.16,housing,simulated_bank_transactions_uk
2024-09-13,card payment just eat fast food 423878,127.42,dining,simulated_bank_transactions_uk
2023-08-17,so/transport/esso/car/maintenance 278775,135.99,transportation,simulated_bank_transactions_uk
2024-06-02,RESTAURANT JUST EAT FAST FOOD 204266,11.47,dining,simulated_bank_transactions_uk
2023-04-30,Fuel Bp Uber Ride,39.94,transportation,simulated_bank_transactions_uk
2024-05-28,restaurant uber eats food delivery,57.95,dining,simulated_bank_transactions_uk
2023-03-28,fuel national rail car maintenance 242257,113.57,transportation,simulated_bank_transactions_uk
2023-08-17,restaurant mcdonalds cafe 835616,133.39,dining,simulated_bank_transactions_uk
2024-12-03,DIRECT DEBIT OCTOPUS ENERGY,155.55,utilities,simulated_bank_transactions_uk
2024-11-24,CONTACTLESS MORRISONS FRUIT 340887,156.88,groceries,simulated_bank_transactions_uk
2024-05-11,POS ALDI BREAD 76809,72.83,groceries,simulated_bank_transactions_uk
2023-07-17,DIRECT DEBIT GYM GROUP 321984,17.59,subscriptions,simulated_bank_transactions_uk
2024-07-06,rent pmt rent 821946,1839.21,housing,simulated_bank_transactions_uk
2023-05-24,visa food delivery kfc fast food,107.56,dining,simulated_bank_transactions_uk
2024-09-07,Card Payment Asda Chicken 249484,166.31,groceries,simulated_bank_transactions_uk
2024-04-03,Mastercard Pos Waitrose Rice 690763,118.79,groceries,simulated_bank_transactions_uk
2024-02-25,POS WAITROSE VEGETABLES 829603,54.07,groceries,simulated_bank_transactions_uk
2024-04-12,CARD PAYMENT ASDA VEGETABLES 325522,170.25,groceries,simulated_bank_transactions_uk
2024-10-12,Contactless Card Pmt Morrisons Milk 956457,149.08,groceries,simulated_bank_transactions_uk
2024-07-26,So Card Payment Asda Vegetables 873738,43.46,groceries,simulated_bank_transactions_uk
2023-12-21,Restaurant Starbucks Fast Food,13.55,dining,simulated_bank_transactions_uk
2023-08-13,UTILITY BILL SEVERN TRENT 505169,193.96,utilities,simulated_bank_transactions_uk
2023-02-06,CARD PAYMENT KFC FOOD DELIVERY 174301,48.77,dining,simulated_bank_transactions_uk
2024-11-24,Contactless Fuel Shell Car Maintenance 761529,99.73,transportation,simulated_bank_transactions_uk
2024-05-30,TRANSPORT BOLT FUEL 732306,98.4,transportation,simulated_bank_transactions_uk
2024-08-24,BACS RENT RENT,2156.67,housing,simulated_bank_transactions_uk
2023-05-19,MORTGAGE PAYMENT RENT,1648.73,housing,simulated_bank_transactions_uk
2023-02-02,Pos Purchase Hmrc Online Purchase 773738,191.28,other,simulated_bank_transactions_uk
2024-11-26,Card-Pmt-Deliveroo-Cafe 183038,125.84,dining,simulated_bank_transactions_uk
2024-09-25,RESTAURANT COSTA FOOD DELIVERY 504911,8.36,dining,simulated_bank_transactions_uk
2023-06-27,BILL PMT E.ON 652881,256.98,utilities,simulated_bank_transactions_uk
2024-01-11,Bill/Pmt/Bt 127896,186.7,utilities,simulated_bank_transactions_uk
2023-10-14,food delivery pret restaurant 5980,143.34,dining,simulated_bank_transactions_uk
2023-11-15,Direct Debit Contactless Sainsburys Milk 420905,190.75,groceries,simulated_bank_transactions_uk
2024-06-18,Restaurant Greggs Cafe,79.94,dining,simulated_bank_transactions_uk
2024-03-19,FUEL NATIONAL RAIL BUS PASS 196630,22.55,transportation,simulated_bank_transactions_uk
2024-05-24,CARD PAYMENT ASDA CHICKEN 976994,63.62,groceries,simulated_bank_transactions_uk
2024-02-29,POS ALDI CHICKEN 444126,114.78,groceries,simulated_bank_transactions_uk
2023-05-01,fuel esso uber ride,113.12,transportation,simulated_bank_transactions_uk
2023-08-25,CARD/PMT/TRAINLINE/FUEL 581499,109.45,transportation,simulated_bank_transactions_uk
2023-02-18,POS WAITROSE VEGETABLES 4,95.33,groceries,simulated_bank_transactions_uk
2023-01-30,SO RESTAURANT STARBUCKS FOOD DELIVERY 430549,39.74,dining,simulated_bank_transactions_uk
2024-01-21,Fps Card Pmt National Rail Train Ticket,44.5,transportation,simulated_bank_transactions_uk
2023-09-20,FOOD DELIVERY JUST EAT CAFE,106.88,dining,simulated_bank_transactions_uk
2024-10-16,RESTAURANT-PRET-RESTAURANT 611690,121.99,dining,simulated_bank_transactions_uk
2023-08-22,visa card pmt gym group 508182,36.72,subscriptions,simulated_bank_transactions_uk
2024-03-28,Pos Transport National Rail Uber Ride 222264,112.79,transportation,simulated_bank_transactions_uk
2024-08-10,Fps Food Delivery Uber Eats Fast Food,45.47,dining,simulated_bank_transactions_uk
2024-06-24,CARD PAYMENT ICELAND,9.35,groceries,simulated_bank_transactions_uk
2024-06-07,visa contactless iceland rice 202783,16.54,groceries,simulated_bank_transactions_uk
2023-09-11,Card Pmt Trainline Bus Pass 660639,35.82,transportation,simulated_bank_transactions_uk
2024-12-06,CONTACTLESS SAINSBURYS CHICKEN 694027,184.85,groceries,simulated_bank_transactions_uk
2023-05-08,Bill*Payment*Bt 809,47.77,utilities,simulated_bank_transactions_uk
2024-05-01,Pos/Card/Pmt/Aldi/Vegetables 298357,120.96,groceries,simulated_bank_transactions_uk
2024-04-16,contactless aldi rice 81307,57.89,groceries,simulated_bank_transactions_uk
2024-01-26,Bill Payment Octopus Energy,108.21,utilities,simulated_bank_transactions_uk
2024-12-06,direct debit amazon prime 54089,16.14,subscriptions,simulated_bank_transactions_uk
2023-04-04,UTILITY*BILL*BRITISH*GAS 673927,57.45,utilities,simulated_bank_transactions_uk
2023-05-07,MORTGAGE PAYMENT LANDLORD 31334,890.0,housing,simulated_bank_transactions_uk
2024-10-14,Contactless Card Payment Lidl Vegetables 777688,55.28,groceries,simulated_bank_transactions_uk
2023-01-29,card payment waitrose milk 84525,129.82,groceries,simulated_bank_transactions_uk
2024-02-16,UTILITY*BILL*BT 81708,49.08,utilities,simulated_bank_transactions_uk
2023-02-03,Card-Pmt-Deliveroo-Fast-Food,13.18,dining,simulated_bank_transactions_uk
2024-11-22,BILL/PMT/BRITISH/GAS,66.49,utilities,simulated_bank_transactions_uk
2024-03-10,bill pmt ee 779173,176.98,utilities,simulated_bank_transactions_uk
2023-09-08,Card Payment Disney+ 143910,30.81,subscriptions,simulated_bank_transactions_uk
2024-07-27,Visa Food Delivery Kfc Food Delivery 546750,131.53,dining,simulated_bank_transactions_uk
2024-03-10,UTILITY BILL E.ON 234425,99.25,utilities,simulated_bank_transactions_uk
2024-12-02,contactless sainsburys fruit 976896,26.19,groceries,simulated_bank_transactions_uk
2024-09-17,Utility/Bill/Vodafone,159.16,utilities,simulated_bank_transactions_uk
2024-12-19,DIRECT DEBIT SKY,122.08,utilities,simulated_bank_transactions_uk
2023-12-04,card pmt morrisons chicken 270808,170.95,groceries,simulated_bank_transactions_uk
2023-11-21,DIRECT DEBIT BILL PAYMENT BT 337741,204.35,utilities,simulated_bank_transactions_uk
2023-05-11,Bacs Card Payment Bp Train Ticket,57.4,transportation,simulated_bank_transactions_uk
2023-04-20,food delivery uber eats food delivery 834890,14.3,dining,simulated_bank_transactions_uk
2024-11-03,UTILITY BILL THAMES WATER,161.42,utilities,simulated_bank_transactions_uk
2023-07-16,DIRECT DEBIT SEVERN TRENT 774879,68.0,utilities,simulated_bank_transactions_uk
2024-08-30,pos-pos-waitrose-vegetables,113.26,groceries,simulated_bank_transactions_uk
2024-12-11,Pos/Tesco/Vegetables 587183,104.68,groceries,simulated_bank_transactions_uk
2023-06-25,visa contactless lidl vegetables 303013,175.8,groceries,simulated_bank_transactions_uk
2024-05-22,Transport Shell Uber Ride,48.38,transportation,simulated_bank_transactions_uk
2024-06-04,Direct-Debit-Bill-Payment-Sky 658415,193.28,utilities,simulated_bank_transactions_uk
2024-01-05,CARD PMT TESCO CEREAL 262733,162.62,groceries,simulated_bank_transactions_uk
2024-01-02,Bill Pmt Octopus Energy 518792,239.34,utilities,simulated_bank_transactions_uk
2024-05-09,Pos Tesco Cereal,101.01,groceries,simulated_bank_transactions_uk
2023-09-28,bill pmt sky 375533,157.89,utilities,simulated_bank_transactions_uk
2024-03-13,CARD*PMT*APPLE.COM/BILL,5.39,subscriptions,simulated_bank_transactions_uk
2023-01-09,BILL PAYMENT BRITISH GAS 365897,36.47,utilities,simulated_bank_transactions_uk
2023-05-19,Bill*Payment*Vodafone 754613,230.34,utilities,simulated_bank_transactions_uk
2024-11-18,utility bill ee 441,127.08,utilities,simulated_bank_transactions_uk
2024-05-23,fuel bp bus pass,112.72,transportation,simulated_bank_transactions_uk
2024-07-29,direct-debit-fuel-esso-train-ticket 254685,110.35,transportation,simulated_bank_transactions_uk
2024-01-24,utility*bill*e.on 51396,178.51,utilities,simulated_bank_transactions_uk
2023-01-23,card payment morrisons bread 374466,32.24,groceries,simulated_bank_transactions_uk
2023-06-10,Rent Payment Rent,687.75,housing,simulated_bank_transactions_uk
2023-12-29,MORTGAGE PMT MORTGAGE,1905.23,housing,simulated_bank_transactions_uk
2024-03-20,food delivery deliveroo cafe 491897,11.75,dining,simulated_bank_transactions_uk
2024-10-09,Card Payment Morrisons,32.56,groceries,simulated_bank_transactions_uk
2024-07-31,Card Payment Kfc Cafe,9.82,dining,simulated_bank_transactions_uk
2023-04-17,card pmt waitrose eggs,75.31,groceries,simulated_bank_transactions_uk
2024-12-03,Sto-Card-Payment-Pret-Food-Delivery 857278,36.2,dining,simulated_bank_transactions_uk
2024-01-16,bill pmt o2 623711,76.14,utilities,simulated_bank_transactions_uk
2024-12-10,So Card Payment Tesco Rice 607900,151.16,groceries,simulated_bank_transactions_uk
2024-10-11,Subscription Disney+,14.11,subscriptions,simulated_bank_transactions_uk
2023-06-08,food delivery pret food delivery 260464,151.9,dining,simulated_bank_transactions_uk
2024-12-03,Transport Tfl Car Maintenance 748130,51.33,transportation,simulated_bank_transactions_uk
2024-05-26,bacs letting agent rent 669908,790.75,housing,simulated_bank_transactions_uk
2023-09-26,Sto Restaurant Pret Food Delivery 624011,93.34,dining,simulated_bank_transactions_uk
2023-12-29,MASTERCARD UTILITY BILL VODAFONE 529049,167.06,utilities,simulated_bank_transactions_uk
2024-06-03,CARD PAYMENT NANDO'S FOOD DELIVERY,135.62,dining,simulated_bank_transactions_uk
2023-07-17,MASTERCARD MORTGAGE PAYMENT LETTING AGENT,1345.37,housing,simulated_bank_transactions_uk
2023-10-22,Card Pmt Just Eat Cafe 573102,114.99,dining,simulated_bank_transactions_uk
2023-04-20,bacs food delivery uber eats fast food,73.11,dining,simulated_bank_transactions_uk
2024-11-30,FUEL BP TRAIN TICKET 422225,119.3,transportation,simulated_bank_transactions_uk
2024-09-06,Direct*Debit*Scottishpower 103299,62.93,utilities,simulated_bank_transactions_uk
2023-05-13,Card*Payment*Nhs*Gift 271939,216.04,other,simulated_bank_transactions_uk
2023-10-05,fuel trainline uber ride 553339,65.71,transportation,simulated_bank_transactions_uk
2023-10-12,restaurant/just/eat/food/delivery 626517,156.67,dining,simulated_bank_transactions_uk
2024-01-11,Food/Delivery/Nando's/Cafe 509415,57.14,dining,simulated_bank_transactions_uk
2023-08-25,Pos Iceland Eggs,112.72,groceries,simulated_bank_transactions_uk
2023-12-25,Card Payment Tfl Uber Ride 870521,135.15,transportation,simulated_bank_transactions_uk
2023-05-15,CONTACTLESS WAITROSE EGGS,142.93,groceries,simulated_bank_transactions_uk
2024-05-03,fuel national rail car maintenance 938947,24.35,transportation,simulated_bank_transactions_uk
2023-12-13,Card Pmt Spotify,31.85,subscriptions,simulated_bank_transactions_uk
2024-06-22,Contactless Food Delivery Uber Eats Fast Food,127.94,dining,simulated_bank_transactions_uk
2024-03-06,FPS POS PURCHASE HMRC MISC EXPENSE,112.26,other,simulated_bank_transactions_uk
2024-10-01,fuel esso bus pass 186624,27.19,transportation,simulated_bank_transactions_uk
2023-08-23,Card Payment Lidl Chicken 779130,47.32,groceries,simulated_bank_transactions_uk
2023-05-17,subscription google *services 490497,11.93,subscriptions,simulated_bank_transactions_uk
2024-08-15,Direct Debit Food Delivery Just Eat Fast Food,99.23,dining,simulated_bank_transactions_uk
2023-01-13,FPS CONTACTLESS TESCO VEGETABLES,28.34,groceries,simulated_bank_transactions_uk
2023-06-19,CARD PAYMENT ICELAND MILK 206686,100.49,groceries,simulated_bank_transactions_uk
2024-10-03,contactless iceland rice,179.34,groceries,simulated_bank_transactions_uk
2024-08-05,CARD BILL PAYMENT SCOTTISHPOWER 628811,115.56,utilities,simulated_bank_transactions_uk
2023-12-18,RESTAURANT-UBER-EATS-CAFE,155.54,dining,simulated_bank_transactions_uk
2024-01-01,pos tesco cereal 88632,18.32,groceries,simulated_bank_transactions_uk
2023-12-31,Fuel*Esso*Uber*Ride,135.8,transportation,simulated_bank_transactions_uk
2024-04-09,Contactless Morrisons Rice 534064,17.77,groceries,simulated_bank_transactions_uk
2024-09-29,so/card/pmt/iceland/vegetables 450703,15.09,groceries,simulated_bank_transactions_uk
2023-08-22,pos sainsburys rice 872663,96.08,groceries,simulated_bank_transactions_uk
2023-07-17,Contactless-Lidl-Eggs 736641,124.4,groceries,simulated_bank_transactions_uk
2023-11-15,mortgage payment landlord 104538,2109.08,housing,simulated_bank_transactions_uk
2023-06-13,CARD PMT TRAINLINE UBER RIDE,125.33,transportation,simulated_bank_transactions_uk
2024-01-18,Food Delivery Mcdonalds Cafe 997183,108.83,dining,simulated_bank_transactions_uk
2024-02-26,FOOD-DELIVERY-PRET-RESTAURANT 148600,86.45,dining,simulated_bank_transactions_uk
2023-03-02,Transport Shell Uber Ride 536129,2.04,transportation,simulated_bank_transactions_uk
2024-11-01,pos-transport-trainline-train-ticket,5.8,transportation,simulated_bank_transactions_uk
2023-05-05,Mastercard-Card-Payment-Deliveroo-Restaurant,140.07,dining,simulated_bank_transactions_uk
2023-09-09,contactless-fuel-tfl-bus-pass 307487,49.91,transportation,simulated_bank_transactions_uk
2023-02-08,FPS RESTAURANT COSTA FOOD DELIVERY 845722,93.39,dining,simulated_bank_transactions_uk
2023-12-02,card pmt iceland rice 127520,19.7,groceries,simulated_bank_transactions_uk
2024-04-20,CARD PMT DISNEY+,25.16,subscriptions,simulated_bank_transactions_uk
2024-04-01,BACS LANDLORD RENT,1363.38,housing,simulated_bank_transactions_uk
2023-07-21,card/payment/gym/group,12.11,subscriptions,simulated_bank_transactions_uk
2023-01-04,DIRECT/DEBIT/POS/L,159.9,groceries,simulated_bank_transactions_uk
2024-04-21,bacs/landlord/rent 557756,2105.39,housing,simulated_bank_transactions_uk
2023-10-14,bill pmt severn trent,249.36,utilities,simulated_bank_transactions_uk
2023-02-18,Pos Asda Rice 60859,186.89,groceries,simulated_bank_transactions_uk
2024-10-27,CARD PMT TFL CAR MAINTENANCE,60.4,transportation,simulated_bank_transactions_uk
2024-11-30,bacs utility bill octopus energy,101.27,utilities,simulated_bank_transactions_uk
2024-08-11,FUEL UBER UBER RIDE 50208,83.1,transportation,simulated_bank_transactions_uk
2023-10-31,DIRECT DEBIT NETFLIX 160564,17.75,subscriptions,simulated_bank_transactions_uk
2023-09-12,Sto Card Payment Greggs Cafe,32.28,dining,simulated_bank_transactions_uk
2024-02-07,Bill*Payment*Vodafone 89844,93.45,utilities,simulated_bank_transactions_uk
2023-12-14,Card/Pmt/Asda/Eggs 364113,102.83,groceries,simulated_bank_transactions_uk
2024-12-07,card*card*pmt*tesco*bread 698095,61.17,groceries,simulated_bank_transactions_uk
2023-08-20,CONTACTLESS LIDL CHICKEN 829890,159.68,groceries,simulated_bank_transactions_uk
2023-11-28,Food Delivery Deliveroo Food Delivery 799359,123.64,dining,simulated_bank_transactions_uk
2023-09-23,bacs landlord rent,2129.37,housing,simulated_bank_transactions_uk
2024-01-31,mortgage/payment/landlord 367047,814.37,housing,simulated_bank_transactions_uk
2024-09-11,Direct Debit Sky 661275,243.33,utilities,simulated_bank_transactions_uk
2023-04-20,RENT*PMT*LETTING*AGENT,2051.59,housing,simulated_bank_transactions_uk
2023-02-04,Sto Transport Uber Fue,63.98,transportation,simulated_bank_transactions_uk
2024-12-12,fuel national rail car maintenance,94.74,transportation,simulated_bank_transactions_uk
2024-12-14,Fuel*Tfl*Car*Maintenance 516653,103.54,transportation,simulated_bank_transactions_uk
2024-04-02,MORTGAGE PMT LETTING AGENT 80655,1475.99,housing,simulated_bank_transactions_uk
2023-03-30,Mastercard Direct Debit Thames Water,250.07,utilities,simulated_bank_transactions_uk
2023-06-04,CONTACTLESS ASDA FRUIT,94.26,groceries,simulated_bank_transactions_uk
2024-05-31,online purchase boots pharmacy 432804,237.56,other,simulated_bank_transactions_uk
2024-04-05,direct debit card pmt national rail train ticket 878084,92.13,transportation,simulated_bank_transactions_uk
2024-04-29,fps-transport-national-rail-bus-pass,31.89,transportation,simulated_bank_transactions_uk
2023-08-06,POS LIDL EGGS 757401,59.35,groceries,simulated_bank_transactions_uk
2023-09-30,Mortgage*Pmt*Letting*Agent 397261,1318.3,housing,simulated_bank_transactions_uk
2023-05-31,utility bill british gas,147.56,utilities,simulated_bank_transactions_uk
2024-03-25,Mortgage-Payment-Mortgage 906504,2172.37,housing,simulated_bank_transactions_uk
2023-10-27,CARD PMT TRAINLINE BUS PASS 994991,62.77,transportation,simulated_bank_transactions_uk
2023-03-11,Pos Morrisons Rice 27180,80.85,groceries,simulated_bank_transactions_uk
2024-08-16,DIRECT DEBIT GOOGLE *SERVICES,19.3,subscriptions,simulated_bank_transactions_uk
2024-08-26,pos waitrose fruit 158446,180.49,groceries,simulated_bank_transactions_uk
2023-08-14,Card Pmt Iceland Milk 263484,167.57,groceries,simulated_bank_transactions_uk
2023-08-02,Contactless*Food*Delivery*Greggs*Fast*Food 485425,77.79,dining,simulated_bank_transactions_uk
2024-01-08,ONLINE/PURCHASE/SUPERDRUG/GIFT,32.1,other,simulated_bank_transactions_uk
2023-03-16,Utility Bill Octopus Energy 128879,257.7,utilities,simulated_bank_transactions_uk
2024-07-19,so pos waitrose rice 692003,5.95,groceries,simulated_bank_transactions_uk
2024-08-12,Subscription Apple.com/bill 187807,31.05,subscriptions,simulated_bank_transactions_uk
2023-08-28,UTILITY BILL SKY 216094,52.06,utilities,simulated_bank_transactions_uk
2024-02-02,Card Payment Sainsburys Chicken,40.42,groceries,simulated_bank_transactions_uk
2023-01-01,utility bill sky 236357,161.38,utilities,simulated_bank_transactions_uk
2024-07-04,bacs mortgage rent 907119,2071.15,housing,simulated_bank_transactions_uk
2023-07-30,Pos Iceland Milk 940892,141.07,groceries,simulated_bank_transactions_uk
2023-09-09,CARD PMT MORRISONS CHICKEN,19.27,groceries,simulated_bank_transactions_uk
2023-07-13,direct-debit-puregym 264659,17.87,subscriptions,simulated_bank_transactions_uk
2024-07-02,card pmt waitrose vegetables 103830,89.57,groceries,simulated_bank_transactions_uk
2024-03-30,Direct-Debit-Sky,259.52,utilities,simulated_bank_transactions_uk
2023-01-29,Mortgage Payment Rent 970144,1915.37,housing,simulated_bank_transactions_uk
2023-01-26,food*delivery*mcdonalds*restaurant 93113,71.06,dining,simulated_bank_transactions_uk
2023-10-12,CARD PAYMENT BOLT FUEL 519796,15.71,transportation,simulated_bank_transactions_uk
2023-02-02,Card Card Pmt Netflix 289389,39.75,subscriptions,simulated_bank_transactions_uk
2023-03-23,POS-PURCHASE-SUPERDRUG-PHARMACY 244995,184.11,other,simulated_bank_transactions_uk
2023-10-18,card*payment*mcdonalds*cafe,158.73,dining,simulated_bank_transactions_uk
2024-10-14,Card Pmt Lidl Cereal 678330,21.08,groceries,simulated_bank_transactions_uk
2024-12-20,Pos Card Pmt Google *services 904510,13.77,subscriptions,simulated_bank_transactions_uk
2024-01-02,Fuel Shell Train Ticket 665019,122.75,transportation,simulated_bank_transactions_uk
2023-11-05,Mortgage Pmt Letting Agent 138126,1409.18,housing,simulated_bank_transactions_uk
2024-01-19,subscription*gym*group,14.45,subscriptions,simulated_bank_transactions_uk
2024-06-20,Subscription Amazon Prime 953879,21.59,subscriptions,simulated_bank_transactions_uk
2023-10-08,Pos Lidl Cereal 443649,64.98,groceries,simulated_bank_transactions_uk
2024-10-04,Card Payment Asda Vegetables,177.06,groceries,simulated_bank_transactions_uk
2024-09-10,Pos Sainsburys Bread 270306,146.53,groceries,simulated_bank_transactions_uk
2023-08-01,transport uber fuel,25.89,transportation,simulated_bank_transactions_uk
2023-06-14,food delivery uber eats fast food 376443,17.73,dining,simulated_bank_transactions_uk
2024-08-22,CARD/PAYMENT/MORRISONS/RICE 4,117.37,groceries,simulated_bank_transactions_uk
2023-06-13,VISA CARD PAYMENT DISNEY+ 140767,40.78,subscriptions,simulated_bank_transactions_uk
2024-12-16,Contactless*Tesco*Milk 900638,7.79,groceries,simulated_bank_transactions_uk
2023-05-22,Direct*Debit*Apple.com/bill,39.31,subscriptions,simulated_bank_transactions_uk
2023-10-07,food delivery kfc restaurant,49.87,dining,simulated_bank_transactions_uk
2023-12-26,mortgage payment letting agent,2080.64,housing,simulated_bank_transactions_uk
2024-11-13,sto fuel uber fuel 944133,11.81,transportation,simulated_bank_transactions_uk
2024-01-24,UTILITY*BILL*SCOTTISHPOWER 430568,177.73,utilities,simulated_bank_transactions_uk
2024-07-15,Direct-Debit-Octopus-Energy 778177,99.18,utilities,simulated_bank_transactions_uk
2023-04-12,Card Payment Greggs Fast Food,94.39,dining,simulated_bank_transactions_uk
2024-10-30,transport esso bus pass 659632,53.14,transportation,simulated_bank_transactions_uk
2024-02-14,card*payment*tfl*fuel,105.75,transportation,simulated_bank_transactions_uk
2024-01-30,Sto Mortgage Payment Letting Agent,1765.34,housing,simulated_bank_transactions_uk
2024-02-08,FUEL-SHELL-BUS-PASS 390727,68.33,transportation,simulated_bank_transactions_uk
2024-05-27,Pos Tesco Vegetables 119447,29.52,groceries,simulated_bank_transactions_uk
2023-05-24,Card Payment Starbucks Food Delivery 722225,136.73,dining,simulated_bank_transactions_uk
2023-11-25,Card-Payment-Just-Eat-Food-Delivery,56.08,dining,simulated_bank_transactions_uk
2023-03-05,Mortgage Payment Mortgage 663282,1411.07,housing,simulated_bank_transactions_uk
2024-05-21,Bill Pmt Sky 125548,151.26,utilities,simulated_bank_transactions_uk
2024-05-14,CARD PMT BP CAR MAINTENANCE 992931,79.05,transportation,simulated_bank_transactions_uk
2023-10-10,ONLINE PURCHASE AMAZON GIFT 16565,92.07,other,simulated_bank_transactions_uk
2024-12-04,CONTACTLESS ICELAND MILK 666932,89.07,groceries,simulated_bank_transactions_uk
2024-02-29,BACS FOOD DELIVERY MCDONALDS FOOD DELIVERY 732706,112.31,dining,simulated_bank_transactions_uk
2024-07-03,Rent Payment Ren,1572.11,housing,simulated_bank_transactions_uk
2024-03-18,card*pmt*tfl*train*ticket 582140,91.06,transportation,simulated_bank_transactions_uk
2024-01-25,SUBSCRIPTION DISNEY+,5.42,subscriptions,simulated_bank_transactions_uk
2024-03-18,Subscription/Disney+,16.52,subscriptions,simulated_bank_transactions_uk
2023-03-31,contactless iceland milk 381610,52.92,groceries,simulated_bank_transactions_uk
2024-07-11,BILL PAYMENT BT,70.59,utilities,simulated_bank_transactions_uk
2023-01-21,visa restaurant starbucks fast food,42.48,dining,simulated_bank_transactions_uk
2024-06-04,Mortgage/Pmt/Mortgage 242391,2078.76,housing,simulated_bank_transactions_uk
2023-09-15,BILL PAYMENT BT 191828,119.11,utilities,simulated_bank_transactions_uk
2024-05-25,FUEL BP BUS PASS,49.35,transportation,simulated_bank_transactions_uk
2023-12-31,Bill Payment Severn Trent,188.68,utilities,simulated_bank_transactions_uk
2023-03-18,card*payment*waitrose*,25.35,groceries,simulated_bank_transactions_uk
2023-09-17,Direct Debit Sky,168.02,utilities,simulated_bank_transactions_uk
2023-03-16,direct debit sky 484171,74.61,utilities,simulated_bank_transactions_uk
2023-07-24,Bacs Landlord Rent 841282,2013.53,housing,simulated_bank_transactions_uk
2023-04-02,MASTERCARD-RESTAURANT-COSTA-CAFE 842635,115.46,dining,simulated_bank_transactions_uk
2024-02-11,Visa*Card*Pmt*Deliveroo*Food*Delivery,59.11,dining,simulated_bank_transactions_uk
2023-09-11,BACS ONLINE PURCHASE EBAY ELECTRONICS 868259,109.71,other,simulated_bank_transactions_uk
2024-07-09,Card Payment Just Eat Fast Food,130.22,dining,simulated_bank_transactions_uk
2024-07-04,Pos Restaurant Deliveroo Food Delivery 519120,115.14,dining,simulated_bank_transactions_uk
2024-10-31,Transport Tfl Bus Pass,11.42,transportation,simulated_bank_transactions_uk
2024-11-29,Visa Fuel Trainline Train Ticket 916000,47.13,transportation,simulated_bank_transactions_uk
2024-09-06,Bill/Pmt/Octopus/Energy,187.74,utilities,simulated_bank_transactions_uk
2024-03-18,contactless card pmt kfc restaurant 214375,125.11,dining,simulated_bank_transactions_uk
2023-11-10,Pos Iceland Fruit 725632,187.18,groceries,simulated_bank_transactions_uk
2023-06-22,RESTAURANT COSTA,114.07,dining,simulated_bank_transactions_uk
2024-12-01,Mastercard Restaurant Just Eat Cafe 939553,129.26,dining,simulated_bank_transactions_uk
2024-06-21,STO BACS LANDLORD RENT 329871,862.95,housing,simulated_bank_transactions_uk
2024-08-27,Bacs Letting Agent Rent,1402.13,housing,simulated_bank_transactions_uk
2024-09-12,TRANSPORT SHELL FUEL 340927,68.43,transportation,simulated_bank_transactions_uk
2023-01-05,MORTGAGE*PMT*MORTGAGE 301673,790.21,housing,simulated_bank_transactions_uk
2024-09-13,CONTACTLESS LIDL CEREAL 488649,163.57,groceries,simulated_bank_transactions_uk
2024-11-23,CARD PAYMENT NETFLIX 562011,16.83,subscriptions,simulated_bank_transactions_uk
2024-11-07,Mortgage Pmt Rent 539479,941.2,housing,simulated_bank_transactions_uk
2023-05-08,card pmt tfl uber ride 784459,128.28,transportation,simulated_bank_transactions_uk
2024-08-08,direct/debit/amazon/prime,30.11,subscriptions,simulated_bank_transactions_uk
2024-01-27,pos waitrose chicken,180.31,groceries,simulated_bank_transactions_uk
2023-10-05,CARD PAYMENT ALDI CHICKEN,164.02,groceries,simulated_bank_transactions_uk
2023-04-07,Fuel Tfl Train Ticket 276641,22.77,transportation,simulated_bank_transactions_uk
2024-10-09,utility bill sky 452177,120.89,utilities,simulated_bank_transactions_uk
2024-11-25,Card Payment Apple.com/bill 254881,12.7,subscriptions,simulated_bank_transactions_uk
2023-07-13,Mastercard Bill Payment British Gas 402618,61.58,utilities,simulated_bank_transactions_uk
2023-09-04,Card Card Pmt Starbucks Cafe,24.88,dining,simulated_bank_transactions_uk
2023-01-15,Card/Pmt/Deliveroo/Restaur,152.93,dining,simulated_bank_transactions_uk
2024-09-01,visa contactless lidl cereal 698535,66.21,groceries,simulated_bank_transactions_uk
2023-10-08,Card Pmt Apple.com/bill 324875,6.69,subscriptions,simulated_bank_transactions_uk
2023-10-17,BACS LETTING AGENT RENT 338109,868.77,housing,simulated_bank_transactions_uk
2023-12-21,transport uber train ticket,105.92,transportation,simulated_bank_transactions_uk
2024-09-06,bacs contactless lidl chicken 541632,76.97,groceries,simulated_bank_transactions_uk
2024-06-11,contactless*aldi*rice 484985,188.62,groceries,simulated_bank_transactions_uk
2023-09-29,POS ALDI CEREAL,9.77,groceries,simulated_bank_transactions_uk
2023-07-27,Visa Direct Debit Octopus Energy 758131,243.05,utilities,simulated_bank_transactions_uk
2023-04-09,Pos Pos Iceland Milk 820306,96.27,groceries,simulated_bank_transactions_uk
2023-12-03,Bacs*Restaurant*Nando's*Fast*Food,41.52,dining,simulated_bank_transactions_uk
2023-05-13,restaurant uber eats fast food 930924,150.5,dining,simulated_bank_transactions_uk
2024-10-20,direct debit apple.com/bill 900637,23.46,subscriptions,simulated_bank_transactions_uk
2023-09-21,Bacs/Contactless/Asda/Fruit 729178,74.15,groceries,simulated_bank_transactions_uk
2024-03-30,Fuel Trainline Uber Ride 367,62.38,transportation,simulated_bank_transactions_uk
2023-11-14,Visa*Direct*Debit*Severn*Trent,104.33,utilities,simulated_bank_transactions_uk
2023-04-10,Food Delivery Costa Restaurant 371576,49.66,dining,simulated_bank_transactions_uk
2023-04-19,Pos Asda Fruit 861909,84.23,groceries,simulated_bank_transactions_uk
2024-08-13,DIRECT-DEBIT-V,161.32,utilities,simulated_bank_transactions_uk
2023-07-03,Food Delivery Pret Fast Food 327334,99.12,dining,simulated_bank_transactions_uk
2023-03-12,Transport Shell Uber Ride 870079,116.85,transportation,simulated_bank_transactions_uk
2023-09-18,BILL-PAYMENT-E.ON 281781,73.81,utilities,simulated_bank_transactions_uk
2024-08-06,card payment google *services,30.1,subscriptions,simulated_bank_transactions_uk
2024-07-06,Bacs-Contactless-Aldi-Eggs 294225,97.15,groceries,simulated_bank_transactions_uk
2023-10-22,FPS POS PURCHASE CURRYS PHARMACY 207,127.55,other,simulated_bank_transactions_uk
2024-12-22,Sto Direct Debit Google *services 663790,11.75,subscriptions,simulated_bank_transactions_uk
2023-05-15,bacs/letting/agent/rent 803915,758.3,housing,simulated_bank_transactions_uk
2023-04-25,Card Pmt Mcdonalds Restaurant,39.26,dining,simulated_bank_transactions_uk
2024-03-28,FPS RESTAURANT GREGGS RESTAURANT 59217,27.95,dining,simulated_bank_transactions_uk
2024-01-07,Utility Bill Sky 40207,158.33,utilities,simulated_bank_transactions_uk
2023-07-05,BILL PAYMENT SKY 722963,248.0,utilities,simulated_bank_transactions_uk
2024-11-20,CARD PAYMENT ASDA BREAD 325501,87.18,groceries,simulated_bank_transactions_uk
2024-12-24,Card/Payment/Morrisons/Eggs 100844,11.55,groceries,simulated_bank_transactions_uk
2023-02-16,mastercard utility bill e.on 972111,165.54,utilities,simulated_bank_transactions_uk
2023-07-14,pos-card-payment-tesco-chicke,167.66,groceries,simulated_bank_transactions_uk
2023-10-25,mastercard utility bill ee 480431,117.19,utilities,simulated_bank_transactions_uk
2024-07-30,Bill*Payment*Thames*Water 260864,200.96,utilities,simulated_bank_transactions_uk
2023-09-16,Pos Direct Debit Spotify 608131,28.12,subscriptions,simulated_bank_transactions_uk
2024-04-19,contactless contactless asda milk 553523,128.15,groceries,simulated_bank_transactions_uk
2024-03-28,Restaurant Just Eat Fast Food 828288,147.58,dining,simulated_bank_transactions_uk
2023-06-10,bill payment bt 361616,81.16,utilities,simulated_bank_transactions_uk
2024-06-03,transport*trainline*uber*ride 601858,118.91,transportation,simulated_bank_transactions_uk
2023-11-24,BACS MORTGAGE RENT,2078.7,housing,simulated_bank_transactions_uk
2023-08-12,RESTAURANT DELIVEROO RESTAURANT 818244,13.74,dining,simulated_bank_transactions_uk
2023-01-15,CARD PAYMENT WAITROSE VEGETABLES 211716,47.52,groceries,simulated_bank_transactions_uk
2024-11-12,Contactless Lidl Milk 515001,180.4,groceries,simulated_bank_transactions_uk
2024-03-10,sto card pmt bp train ticket,49.21,transportation,simulated_bank_transactions_uk
2023-12-05,RESTAURANT PRET CAFE 282143,149.43,dining,simulated_bank_transactions_uk
2023-05-04,visa direct debit e.on 302594,154.61,utilities,simulated_bank_transactions_uk
2024-04-18,Transport-Bolt-Car-Maintenance 134510,92.81,transportation,simulated_bank_transactions_uk
2024-03-07,food delivery starbucks fast food 546399,49.84,dining,simulated_bank_transactions_uk
2023-10-21,RESTAURANT-KFC-FAST-FOOD 9438,33.49,dining,simulated_bank_transactions_uk
2024-11-17,pos direct debit puregym 448628,30.59,subscriptions,simulated_bank_transactions_uk
2023-03-08,CARD PAYMENT ESSO CAR MAINTENANCE 990219,41.34,transportation,simulated_bank_transactions_uk
2023-12-07,utility bill british gas,197.69,utilities,simulated_bank_transactions_uk
2023-11-18,CONTACTLESS ICELAND VEGETABLES 985825,101.54,groceries,simulated_bank_transactions_uk
2024-06-11,online purchase currys online purchase,204.95,other,simulated_bank_transactions_uk
2024-11-21,BACS BILL PAYMENT BT 254290,118.03,utilities,simulated_bank_transactions_uk
2024-08-16,Direct*Debit*Bill*Payment*Thames*Water 574797,109.82,utilities,simulated_bank_transactions_uk
2024-10-17,FUEL-BP-FUEL,3.74,transportation,simulated_bank_transactions_uk
2024-04-03,BACS LANDLORD RENT,1743.28,housing,simulated_bank_transactions_uk
2024-02-09,CARD PMT JUST EAT FAST FOOD,33.26,dining,simulated_bank_transactions_uk
2023-04-01,FOOD DELIVERY GREGGS FOOD DELIVERY 585982,103.8,dining,simulated_bank_transactions_uk
2023-05-11,bacs contactless lidl eggs 123880,40.88,groceries,simulated_bank_transactions_uk
2024-05-06,bill payment ee,104.55,utilities,simulated_bank_transactions_uk
2023-07-22,Mastercard*Mortgage*Payment*Landlord,1220.81,housing,simulated_bank_transactions_uk
2024-02-11,TRANSPORT TFL TRAIN TICKET,33.72,transportation,simulated_bank_transactions_uk
2023-05-28,Pos Fuel National Rail Bus Pass,11.67,transportation,simulated_bank_transactions_uk
2023-07-09,Rent Payment Mortgage 952959,981.71,housing,simulated_bank_transactions_uk
2023-03-21,food delivery deliveroo cafe,12.17,dining,simulated_bank_transactions_uk
2024-08-27,contactless/iceland/cereal 416159,35.27,groceries,simulated_bank_transactions_uk
2023-07-25,CARD PMT GREGGS RESTAURANT 58107,7.5,dining,simulated_bank_transactions_uk
2024-11-18,bill*payment*e.on 815315,98.18,utilities,simulated_bank_transactions_uk
2024-10-15,pos waitrose eggs 875224,37.41,groceries,simulated_bank_transactions_uk
2024-11-20,DIRECT DEBIT EE,193.33,utilities,simulated_bank_transactions_uk
2023-05-17,restaurant nando's food delivery,93.0,dining,simulated_bank_transactions_uk
2024-03-18,Food Delivery Just Eat Restaurant,76.43,dining,simulated_bank_transactions_uk
2023-02-25,Restaurant/Starbucks/Food/Delivery 100681,35.71,dining,simulated_bank_transactions_uk
2023-08-06,Sto Mortgage Payment Letting Agent 447349,1484.67,housing,simulated_bank_transactions_uk
2024-02-17,card pmt pret food delivery 121882,121.49,dining,simulated_bank_transactions_uk
2024-03-24,fuel tfl car maintenance,5.32,transportation,simulated_bank_transactions_uk
2024-03-17,Fuel National Rail Bus Pass 739230,43.88,transportation,simulated_bank_transactions_uk
2024-12-05,POS PURCHASE BOOTS GIFT 431577,153.07,other,simulated_bank_transactions_uk
2023-01-05,FOOD DELIVERY NANDO'S CAFE,149.04,dining,simulated_bank_transactions_uk
2024-02-23,Card Pmt Costa Food Delivery,37.61,dining,simulated_bank_transactions_uk
2023-01-17,Transport National Rail Bus,126.95,transportation,simulated_bank_transactions_uk
2023-12-09,Fuel Esso Bus Pass 68591,81.94,transportation,simulated_bank_transactions_uk
2024-05-03,direct debit gym group 775733,10.77,subscriptions,simulated_bank_transactions_uk
2023-05-30,direct*debit*disney+ 571125,19.59,subscriptions,simulated_bank_transactions_uk
2023-06-12,CARD*PMT*ALDI*EGGS 109018,68.84,groceries,simulated_bank_transactions_uk
2024-02-27,transport*shell*bus*pass,101.06,transportation,simulated_bank_transactions_uk
2023-06-19,BACS LANDLORD RENT 444759,1588.89,housing,simulated_bank_transactions_uk
2023-10-04,Fps-Card-Pmt-National-Rail-Uber-Ride 82635,102.42,transportation,simulated_bank_transactions_uk
2024-11-27,SO*CARD*PAYMENT*ESSO*TRAIN*TICKET 656971,109.77,transportation,simulated_bank_transactions_uk
2024-03-16,Pos-Tesco-Chicken,175.67,groceries,simulated_bank_transactions_uk
2023-04-13,card*transport*esso*uber*ride,8.34,transportation,simulated_bank_transactions_uk
2024-01-31,POS MORTGAGE PAYMENT RENT,1579.22,housing,simulated_bank_transactions_uk
2024-06-09,card-payment-tesco-milk 708642,196.16,groceries,simulated_bank_transactions_uk
2024-01-31,UTILITY BILL OCTOPUS ENERGY 162127,216.23,utilities,simulated_bank_transactions_uk
2024-04-27,CARD-PAYMENT-NETFLI,32.51,subscriptions,simulated_bank_transactions_uk
2023-10-06,SO BACS LETTING AGENT RENT,2148.8,housing,simulated_bank_transactions_uk
2023-09-18,Card Pmt Ebay Electronics 157929,223.85,other,simulated_bank_transactions_uk
2024-10-27,Card Mortgage Pmt Rent,1704.28,housing,simulated_bank_transactions_uk
2024-03-13,VISA FOOD DELIVERY JUST EAT FOOD DELIVERY 683041,17.92,dining,simulated_bank_transactions_uk
2023-03-30,FOOD DELIVERY KFC FOOD DELIVERY 188996,69.65,dining,simulated_bank_transactions_uk
2024-07-28,pos-morrisons-chicken 336919,58.25,groceries,simulated_bank_transactions_uk
2023-08-29,Pos Purchase Currys Misc Expense 727913,174.76,other,simulated_bank_transactions_uk
2023-01-29,rent payment mortgage,1033.74,housing,simulated_bank_transactions_uk
2024-03-06,Contactless Iceland Rice,57.23,groceries,simulated_bank_transactions_uk
2023-07-28,card/pmt/costa/fast/food,105.04,dining,simulated_bank_transactions_uk
2023-09-11,card*payment*national*rail*fuel,85.14,transportation,simulated_bank_transactions_uk
2024-11-20,restaurant mcdonalds restaurant 6767,19.11,dining,simulated_bank_transactions_uk
2023-01-29,MASTERCARD BACS MORTGAGE RENT 379359,2092.09,housing,simulated_bank_transactions_uk
2024-01-11,Pos-Tesco-Rice 802538,23.68,groceries,simulated_bank_transactions_uk
2023-09-04,Pos Lidl Milk 92383,127.3,groceries,simulated_bank_transactions_uk
2023-03-16,restaurant starbucks food delivery,28.54,dining,simulated_bank_transactions_uk
2024-02-09,Bacs Mortgage Rent,1911.22,housing,simulated_bank_transactions_uk
2023-10-26,Food Delivery Pret Fast Food 832317,110.23,dining,simulated_bank_transactions_uk
2023-03-23,Bacs Direct Debit Netflix 8727,26.69,subscriptions,simulated_bank_transactions_uk
2023-05-06,CARD CONTACTLESS ALDI MILK 900011,40.8,groceries,simulated_bank_transactions_uk
2023-02-05,BACS FUEL BP FUEL 169136,68.78,transportation,simulated_bank_transactions_uk
2024-09-10,DIRECT/DEBIT/GYM/GROUP,29.52,subscriptions,simulated_bank_transactions_uk
2024-04-12,contactless waitrose rice 370064,24.05,groceries,simulated_bank_transactions_uk
2024-08-12,fps transport trainline bus pass 449468,57.04,transportation,simulated_bank_transactions_uk
2023-01-06,food delivery just eat restaurant 428924,6.21,dining,simulated_bank_transactions_uk
2024-01-21,CARD-PMT-NANDO'S-RESTAURANT,152.44,dining,simulated_bank_transactions_uk
2023-06-28,Bacs Mortgage Rent 827224,1922.28,housing,simulated_bank_transactions_uk
2023-09-21,mortgage pmt rent,1470.88,housing,simulated_bank_transactions_uk
2024-05-07,Mastercard/Card/Pmt/Nhs/Electronics 223140,227.69,other,simulated_bank_transactions_uk
2024-05-19,SO*CONTACTLESS*LIDL*BREA,65.96,groceries,simulated_bank_transactions_uk
2024-04-21,Mastercard Utility Bill British Gas,52.09,utilities,simulated_bank_transactions_uk
2024-12-07,Visa Card Pmt Nhs Online Purchase 100786,224.78,other,simulated_bank_transactions_uk
2023-05-25,Mastercard Food Delivery Costa Restaurant 915153,25.67,dining,simulated_bank_transactions_uk
2023-09-18,TRANSPORT NATIONAL RAIL TRAIN TICKET 366445,127.04,transportation,simulated_bank_transactions_uk
2024-06-16,contactless waitrose rice,133.07,groceries,simulated_bank_transactions_uk
2024-12-31,contactless*aldi*rice 639232,60.19,groceries,simulated_bank_transactions_uk
2023-07-29,card payment pret res,32.7,dining,simulated_bank_transactions_uk
2023-01-13,Contactless Sainsburys Fruit 777476,134.88,groceries,simulated_bank_transactions_uk
2024-12-15,POS SAINSBURYS RICE 299524,39.7,groceries,simulated_bank_transactions_uk
2023-12-25,CARD PMT SAINSBURYS RICE 535,32.07,groceries,simulated_bank_transactions_uk
2024-01-05,POS MORRISONS CEREAL 937515,79.95,groceries,simulated_bank_transactions_uk
2023-04-01,contactless card payment tesco milk 52766,177.39,groceries,simulated_bank_transactions_uk
2024-07-31,CARD PMT SAINSBURYS,90.15,groceries,simulated_bank_transactions_uk
2023-08-09,direct debit severn trent 411192,63.92,utilities,simulated_bank_transactions_uk
2023-01-28,Card Payment Aldi Fruit 110908,101.35,groceries,simulated_bank_transactions_uk
2024-06-01,Card-Payment-Lidl-Bread 679392,83.17,groceries,simulated_bank_transactions_uk
2024-04-24,Fps Pos Lidl Fruit 215896,197.51,groceries,simulated_bank_transactions_uk
2023-05-19,Direct Debit Subscription Gym Group,20.87,subscriptions,simulated_bank_transactions_uk
2023-04-09,online purchase argos online purchase,47.34,other,simulated_bank_transactions_uk
2023-09-20,Bill Payment Vodafone 335805,118.29,utilities,simulated_bank_transactions_uk
2023-01-17,Card-Payment-Google-*ser,22.14,subscriptions,simulated_bank_transactions_uk
2023-11-03,POS ALDI MILK 558113,124.88,groceries,simulated_bank_transactions_uk
2023-01-24,Visa-Card-Payment-Iceland-Vegetables,45.7,groceries,simulated_bank_transactions_uk
2023-07-22,DIRECT DEBIT O2 223216,109.84,utilities,simulated_bank_transactions_uk
2023-03-04,POS ICELAND CHICKE,156.96,groceries,simulated_bank_transactions_uk
2023-11-24,Restaurant Starbucks Restaurant 544747,74.34,dining,simulated_bank_transactions_uk
2023-06-17,card pmt lidl chicken 792354,102.85,groceries,simulated_bank_transactions_uk
2024-04-02,Transport Bolt Fuel 918831,130.21,transportation,simulated_bank_transactions_uk
2024-03-22,Contactless*Morrisons*Cereal,103.32,groceries,simulated_bank_transactions_uk
2023-01-08,FUEL*UBER*FUEL 50816,8.83,transportation,simulated_bank_transactions_uk
2024-10-28,Food Delivery Mcdonalds Fast Food 816981,159.41,dining,simulated_bank_transactions_uk
2023-02-11,transport shell bus pass 27725,93.06,transportation,simulated_bank_transactions_uk
2023-12-02,direct debit severn trent 898028,79.59,utilities,simulated_bank_transactions_uk
2023-06-17,Direct-Debit-Restaurant-Just-Eat-Restaurant 538857,18.05,dining,simulated_bank_transactions_uk
2024-03-29,fuel tfl fuel 609463,90.49,transportation,simulated_bank_transactions_uk
2024-08-01,Contactless Waitrose Eggs,111.96,groceries,simulated_bank_transactions_uk
2024-01-05,CARD PAYMENT SAINSBURYS RICE 371613,30.44,groceries,simulated_bank_transactions_uk
2023-07-17,Contactless Iceland Eggs 702582,17.33,groceries,simulated_bank_transactions_uk
2024-01-28,utility bill o2 390485,235.42,utilities,simulated_bank_transactions_uk
2024-09-02,mastercard transport bolt uber ride,124.24,transportation,simulated_bank_transactions_uk
2023-02-12,CONTACTLESS SAINSBURYS MILK 89674,39.86,groceries,simulated_bank_transactions_uk
2024-04-25,STO FUEL NATIONAL RAIL UBER RIDE 650882,11.13,transportation,simulated_bank_transactions_uk
2024-05-01,CARD PMT GREGGS FOOD DELIVERY,137.66,dining,simulated_bank_transactions_uk
2024-11-15,FPS DIRECT DEBIT APPLE.COM/BILL 571057,22.9,subscriptions,simulated_bank_transactions_uk
2024-03-26,CARD UTILITY BILL E.ON,107.64,utilities,simulated_bank_transactions_uk
2024-10-07,DIRECT DEBIT CARD PAYMENT COSTA CAFE,152.58,dining,simulated_bank_transactions_uk
2023-09-18,fps food delivery deliveroo fast food,143.61,dining,simulated_bank_transactions_uk
2024-09-10,CONTACTLESS CARD PMT NETFLIX 663285,34.27,subscriptions,simulated_bank_transactions_uk
2023-03-24,MASTERCARD POS SAINSBURYS CHICKEN 196775,110.89,groceries,simulated_bank_transactions_uk
2024-06-17,Bacs*Letting*Agent*Rent 352323,2173.13,housing,simulated_bank_transactions_uk
2023-04-13,CARD PMT WAITROSE MILK,183.21,groceries,simulated_bank_transactions_uk
2023-12-10,direct debit pos purchase nhs pharmacy 335893,205.77,other,simulated_bank_transactions_uk
2024-02-16,Card-Pmt-Deliveroo-Cafe 591204,128.34,dining,simulated_bank_transactions_uk
2024-08-21,TRANSPORT UBER FUEL 471391,126.49,transportation,simulated_bank_transactions_uk
2024-02-13,Rent Payment Letting Agent 8,1065.36,housing,simulated_bank_transactions_uk
2024-08-04,FOOD/DELIVERY/GREGGS/RESTAURANT,80.01,dining,simulated_bank_transactions_uk
2023-11-10,CARD PAYMENT ASDA BREAD 713783,92.72,groceries,simulated_bank_transactions_uk
2024-04-22,DIRECT DEBIT UTILITY BILL O2 63644,229.45,utilities,simulated_bank_transactions_uk
2023-06-06,DIRECT-DEBIT-PUREGYM 707207,9.29,subscriptions,simulated_bank_transactions_uk
2023-12-25,Food Delivery Nando's Restaurant 577149,44.0,dining,simulated_bank_transactions_uk
2023-06-16,ONLINE*PURCHASE*EBAY*PHARMACY 915457,114.67,other,simulated_bank_transactions_uk
2023-07-14,Fuel Bolt Train Ticket 904716,46.52,transportation,simulated_bank_transactions_uk
2023-12-28,food delivery pret restaurant,100.68,dining,simulated_bank_transactions_uk
2024-06-20,Card Payment Greggs Fast Food 841331,87.48,dining,simulated_bank_transactions_uk
2024-01-05,card payment costa cafe 23,126.5,dining,simulated_bank_transactions_uk
2024-04-14,Sto-Card-Pmt-Starbucks-Cafe 849245,32.07,dining,simulated_bank_transactions_uk
2023-07-14,Card Pmt Amazon Electronics 736186,153.1,other,simulated_bank_transactions_uk
2024-12-01,Pos Sainsburys Vegetables,141.61,groceries,simulated_bank_transactions_uk
2023-09-19,Mastercard Food Delivery Just Eat Fast Food 726516,113.5,dining,simulated_bank_transactions_uk
2024-02-15,Contactless*Lidl*Rice 985340,117.19,groceries,simulated_bank_transactions_uk
2024-06-25,Food Delivery Costa Fast Food 12223,115.65,dining,simulated_bank_transactions_uk
2023-10-20,Bill*Pmt*Thames*Water,92.25,utilities,simulated_bank_transactions_uk
2024-07-24,Direct Debit Sky 709332,83.39,utilities,simulated_bank_transactions_uk
2023-12-22,POS MORRISONS FRUIT 608048,160.23,groceries,simulated_bank_transactions_uk
2024-07-20,direct debit card payment waitrose rice,122.55,groceries,simulated_bank_transactions_uk
2024-02-19,Card Food Delivery Pret Cafe,107.53,dining,simulated_bank_transactions_uk
2023-12-08,Pos Aldi Eggs 281792,97.3,groceries,simulated_bank_transactions_uk
2023-11-16,ONLINE/PURCHASE/BOOTS/MISC/EXPENSE 877106,208.12,other,simulated_bank_transactions_uk
2023-02-27,Bacs*Letting*Agent*Rent 777059,1627.69,housing,simulated_bank_transactions_uk
2023-09-09,FPS RENT PMT MORTGAGE 46724,1307.4,housing,simulated_bank_transactions_uk
2024-12-08,Bacs Utility Bill Scottishpower,52.42,utilities,simulated_bank_transactions_uk
2024-12-07,Rent*Pmt*Letting*Agent 13540,1230.32,housing,simulated_bank_transactions_uk
2024-03-01,Fps/Pos/Sainsburys/Vegetables 155514,39.53,groceries,simulated_bank_transactions_uk
2024-06-24,Contactless Contactless Lidl Eggs,160.94,groceries,simulated_bank_transactions_uk
2023-07-19,food delivery deliveroo fast fo,142.47,dining,simulated_bank_transactions_uk
2023-09-30,UTILITY BILL SKY 124353,91.58,utilities,simulated_bank_transactions_uk
2024-10-30,CARD-BILL-PAYMENT-BT 288223,198.95,utilities,simulated_bank_transactions_uk
2023-10-25,DIRECT-DEBIT-BACS-LANDLORD-RENT 549521,1069.89,housing,simulated_bank_transactions_uk
2024-04-23,rent pmt letting agent,770.12,housing,simulated_bank_transactions_uk
2024-08-04,Contactless Direct Debit Ee 60104,87.27,utilities,simulated_bank_transactions_uk
2023-03-24,Utility/Bill/Vodafone 5,64.17,utilities,simulated_bank_transactions_uk
2024-10-02,Card*Payment*Starbucks*Food*Delivery 477158,32.84,dining,simulated_bank_transactions_uk
2023-04-23,subscription gym group 277775,13.74,subscriptions,simulated_bank_transactions_uk
2023-04-24,bacs mortgage rent 894930,900.2,housing,simulated_bank_transactions_uk
2024-05-17,fps pos morrisons fruit 127855,58.26,groceries,simulated_bank_transactions_uk
2024-11-07,Card Pmt Just Eat Fast Food 81486,144.82,dining,simulated_bank_transactions_uk
2024-05-28,Fps Utility Bill E.on 571271,162.86,utilities,simulated_bank_transactions_uk
2023-07-29,pos purchase ebay misc expense 165426,65.54,other,simulated_bank_transactions_uk
2024-05-22,DIRECT DEBIT VODAFONE 757784,170.31,utilities,simulated_bank_transactions_uk
2024-01-04,fps*bill*payment*scottishpower 967410,215.82,utilities,simulated_bank_transactions_uk
2023-11-20,Card Pmt Waitrose Milk,16.93,groceries,simulated_bank_transactions_uk
2024-10-28,Subscription Netflix 9,19.11,subscriptions,simulated_bank_transactions_uk
2024-05-06,card*pmt*waitrose*rice 267930,172.04,groceries,simulated_bank_transactions_uk
2023-08-29,Sto Mortgage Pmt Letting Agent,2071.97,housing,simulated_bank_transactions_uk
2024-07-25,Card Payment Aldi Cereal,163.49,groceries,simulated_bank_transactions_uk
2023-03-20,CONTACTLESS-SAINSBURYS-VEGETABLES 216274,149.33,groceries,simulated_bank_transactions_uk
2024-02-19,Card Card Pmt Aldi Bread,32.36,groceries,simulated_bank_transactions_uk
2024-07-01,pos purchase ebay misc expense 838569,186.47,other,simulated_bank_transactions_uk
2023-11-12,Food/Delivery/Costa/Cafe 289038,150.66,dining,simulated_bank_transactions_uk
2024-10-12,Contactless Morrisons Milk 56249,197.62,groceries,simulated_bank_transactions_uk
2023-01-14,pos lidl chicken,128.22,groceries,simulated_bank_transactions_uk
2023-01-28,transport*national*rail*car*maintenance 367695,55.72,transportation,simulated_bank_transactions_uk
2023-09-06,bacs bill payment ee 77047,172.26,utilities,simulated_bank_transactions_uk
2023-05-31,So Food Delivery Pret Food Delivery,99.11,dining,simulated_bank_transactions_uk
2024-05-17,So Direct Debit Google *services 866637,25.27,subscriptions,simulated_bank_transactions_uk
2023-01-10,Sto*Restaurant*Kfc*Restaurant 743022,64.79,dining,simulated_bank_transactions_uk
2023-12-25,Card Payment Bolt Bus Pass 616959,62.41,transportation,simulated_bank_transactions_uk
2023-06-18,RESTAURANT-DELIVEROO-RESTAURANT 536176,21.66,dining,simulated_bank_transactions_uk
2023-07-15,Direct Debit Vodafone 95495,195.88,utilities,simulated_bank_transactions_uk
2023-09-18,Contactless Waitrose Milk 998164,5.32,groceries,simulated_bank_transactions_uk
2024-05-07,Subscription Google *services 466481,41.32,subscriptions,simulated_bank_transactions_uk
2024-06-07,Pos Asda Fruit 753013,158.89,groceries,simulated_bank_transactions_uk
2023-06-26,Fps Card Pmt Nhs Misc Expense,30.87,other,simulated_bank_transactions_uk
2023-09-28,Card Payment Iceland Fruit 67586,178.27,groceries,simulated_bank_transactions_uk
2023-02-07,Food/Delivery/Pret/Food/Delivery,26.86,dining,simulated_bank_transactions_uk
2024-01-25,Mortgage Payment Landlord 87802,1262.3,housing,simulated_bank_transactions_uk
2023-09-25,food delivery deliveroo cafe,83.31,dining,simulated_bank_transactions_uk
2023-10-20,POS/ALDI/MILK,131.23,groceries,simulated_bank_transactions_uk
2024-02-06,Pos Asda Chicken 729053,31.6,groceries,simulated_bank_transactions_uk
2024-05-15,CONTACTLESS TESCO CEREAL,48.45,groceries,simulated_bank_transactions_uk
2023-12-29,POS-WAITROSE-FRUIT 64891,18.21,groceries,simulated_bank_transactions_uk
2023-11-26,Restaurant Uber Eats Fast Food,85.42,dining,simulated_bank_transactions_uk
2023-11-28,Card Payment Pret Food Delivery 607349,75.83,dining,simulated_bank_transactions_uk
2024-05-16,Direct Debit Card Payment Pret Cafe 626609,38.07,dining,simulated_bank_transactions_uk
2023-01-30,restaurant costa fast food,96.92,dining,simulated_bank_transactions_uk
2024-04-25,utility/bill/bt 442471,137.3,utilities,simulated_bank_transactions_uk
2024-03-20,card pmt greggs fast food,65.44,dining,simulated_bank_transactions_uk
2023-04-13,CONTACTLESS ICELAND CHICKEN 912692,145.38,groceries,simulated_bank_transactions_uk
2024-11-19,CARD PAYMENT SAINSBURYS RICE 977029,123.02,groceries,simulated_bank_transactions_uk
2023-10-15,fuel esso bus pass 148542,2.61,transportation,simulated_bank_transactions_uk
2023-08-31,Contactless Subscription Puregym 369683,27.36,subscriptions,simulated_bank_transactions_uk
2023-05-17,visa direct debit sky,199.39,utilities,simulated_bank_transactions_uk
2024-09-25,Contactless Card Payment Uber Car Maintenance 789452,89.31,transportation,simulated_bank_transactions_uk
2023-01-16,restaurant mcdonalds cafe 959096,70.96,dining,simulated_bank_transactions_uk
2023-11-11,mortgage pmt letting agent 377418,977.79,housing,simulated_bank_transactions_uk
2024-05-12,RESTAURANT-JUST-EAT-CAFE 439956,7.65,dining,simulated_bank_transactions_uk
2023-03-31,STO-DIRECT-DEBIT-SEVERN-TRENT,212.34,utilities,simulated_bank_transactions_uk
2023-06-19,POS LIDL CHICKEN,30.26,groceries,simulated_bank_transactions_uk
2024-11-02,Food-Delivery-Starbucks-Cafe 863205,53.17,dining,simulated_bank_transactions_uk
2023-05-14,UTILITY BILL EE 706101,148.7,utilities,simulated_bank_transactions_uk
2023-03-04,MORTGAGE-PMT-LETTING-AGENT 893662,1552.76,housing,simulated_bank_transactions_uk
2023-11-26,visa card payment trainline car maintenance 5917,89.38,transportation,simulated_bank_transactions_uk
2023-10-11,transport esso train ticket 31,48.42,transportation,simulated_bank_transactions_uk
2024-08-27,Restaurant Pret Cafe,124.8,dining,simulated_bank_transactions_uk
2024-03-03,Bill Pmt British Gas 807421,194.84,utilities,simulated_bank_transactions_uk
2023-11-27,RENT PAYMENT LETTING AGENT 786204,1848.83,housing,simulated_bank_transactions_uk
2023-09-16,fuel tfl train ticket 143128,69.05,transportation,simulated_bank_transactions_uk
2023-06-08,sto card pmt uber eats food delivery,117.75,dining,simulated_bank_transactions_uk
2023-12-05,UTILITY-BILL-OCTOPUS-ENERGY,65.08,utilities,simulated_bank_transactions_uk
2023-10-25,Mortgage Payment Mortgage 916871,1503.75,housing,simulated_bank_transactions_uk
2023-02-22,Contactless/Transport/National/Rail/Car/Maintenance 638190,118.71,transportation,simulated_bank_transactions_uk
2023-06-23,CONTACTLESS-ALDI-CEREAL 673367,162.06,groceries,simulated_bank_transactions_uk
2024-10-11,MORTGAGE PAYMENT RENT 354094,1562.93,housing,simulated_bank_transactions_uk
2024-12-03,POS BACS LETTING AGENT RENT 824721,1074.31,housing,simulated_bank_transactions_uk
2023-06-15,subscription apple.com/bill 854849,17.44,subscriptions,simulated_bank_transactions_uk
2024-11-25,Sto Card Payment Morrisons Fruit 720118,101.79,groceries,simulated_bank_transactions_uk
2023-05-26,rent payment rent,1605.67,housing,simulated_bank_transactions_uk
2023-12-14,Mastercard/Card/Pmt/Asda/Rice 267229,134.63,groceries,simulated_bank_transactions_uk
2024-07-27,direct debit vodafone 548612,25.22,utilities,simulated_bank_transactions_uk
2023-03-26,Pos-Utility-Bill-Octopus-Energy 161268,105.48,utilities,simulated_bank_transactions_uk
2024-07-31,Rent Payment Rent 890871,872.43,housing,simulated_bank_transactions_uk
2023-08-15,FPS RESTAURANT JUST EAT CAFE 985416,142.79,dining,simulated_bank_transactions_uk
2024-12-25,MASTERCARD DIRECT DEBIT SPOTIFY 869765,17.97,subscriptions,simulated_bank_transactions_uk
2024-01-20,ONLINE PURCHASE SUPERDRUG ELECTRONICS 926879,218.07,other,simulated_bank_transactions_uk
2023-10-19,food*delivery*just*eat*food*delivery 434652,29.96,dining,simulated_bank_transactions_uk
2024-03-20,FUEL TFL BUS PASS 10560,20.06,transportation,simulated_bank_transactions_uk
2024-06-07,Card Payment Uber Eats Restaurant,47.02,dining,simulated_bank_transactions_uk
2023-09-09,BILL PMT EE 543710,118.5,utilities,simulated_bank_transactions_uk
2024-06-23,CONTACTLESS SAINSBURYS FRUIT 417515,19.86,groceries,simulated_bank_transactions_uk
2023-05-28,Card Payment Costa Cafe 169458,34.27,dining,simulated_bank_transactions_uk
2024-09-09,CARD PAYMENT BOLT FUEL 989294,126.47,transportation,simulated_bank_transactions_uk
2024-12-09,Mortgage Payment Letting Agent,1671.47,housing,simulated_bank_transactions_uk
2024-09-19,Card*Pmt*Trainline*Bu,16.13,transportation,simulated_bank_transactions_uk
2024-01-29,CONTACTLESS ICELAND BREAD 410550,161.87,groceries,simulated_bank_transactions_uk
2024-11-24,pos asda rice,44.45,groceries,simulated_bank_transactions_uk
2023-03-30,Card Pmt Morrisons Vegetables 98421,61.92,groceries,simulated_bank_transactions_uk
2024-10-30,Fuel Esso Bus Pass 986836,36.47,transportation,simulated_bank_transactions_uk
2023-07-05,Direct-Debit-Amazon-Prim,6.22,subscriptions,simulated_bank_transactions_uk
2024-04-27,RESTAURANT PRET FAST FOOD 110067,18.51,dining,simulated_bank_transactions_uk
2023-06-12,RENT PMT LETTING AGENT,724.83,housing,simulated_bank_transactions_uk
2023-09-04,restaurant just eat restaurant,9.87,dining,simulated_bank_transactions_uk
2024-02-28,Rent Pmt Rent 712563,1773.54,housing,simulated_bank_transactions_uk
2024-04-10,Card Pmt National Rail Fuel 810789,110.07,transportation,simulated_bank_transactions_uk
2024-04-12,Card Payment Lidl Fruit 759,71.7,groceries,simulated_bank_transactions_uk
2023-12-05,bill payment ee,106.92,utilities,simulated_bank_transactions_uk
2024-05-31,Restaurant Costa Restaurant 136597,37.24,dining,simulated_bank_transactions_uk
2024-12-13,pos morrisons vegetables 265989,162.15,groceries,simulated_bank_transactions_uk
2023-04-24,direct debit bt 986479,206.31,utilities,simulated_bank_transactions_uk
2024-10-01,Pos Sainsburys Milk 651752,32.24,groceries,simulated_bank_transactions_uk
2023-08-29,so pos iceland vegetables 518084,77.44,groceries,simulated_bank_transactions_uk
2023-05-19,Direct Debit Netflix 359841,29.35,subscriptions,simulated_bank_transactions_uk
2023-03-26,Pos Tesco Rice 732655,41.78,groceries,simulated_bank_transactions_uk
2024-11-01,Card Payment Iceland Bread 382711,65.71,groceries,simulated_bank_transactions_uk
2023-01-30,Fuel/Shell/Bus/Pass 946921,105.05,transportation,simulated_bank_transactions_uk
2023-01-18,TRANSPORT*TRAINLINE*TRAIN*TICKET 525909,53.96,transportation,simulated_bank_transactions_uk
2024-03-26,Fps-Fuel-National-Rail-Fuel 464869,3.96,transportation,simulated_bank_transactions_uk
2023-05-07,direct debit o2 403007,100.16,utilities,simulated_bank_transactions_uk
2024-06-03,RESTAURANT JUST EAT FOOD DELIVERY 471240,52.38,dining,simulated_bank_transactions_uk
2024-03-06,Transport Bp Train Ticket,16.82,transportation,simulated_bank_transactions_uk
2023-09-19,card/payment/currys/electronics,246.07,other,simulated_bank_transactions_uk
2024-08-15,BACS FOOD DELIVERY UBER EATS CAFE 263084,113.08,dining,simulated_bank_transactions_uk
2023-10-16,Mastercard Fuel Bp Uber Ride 8865,26.05,transportation,simulated_bank_transactions_uk
2023-06-22,pos/aldi/vegetables 760059,165.89,groceries,simulated_bank_transactions_uk
2024-01-05,Utility Bill O2 462721,62.06,utilities,simulated_bank_transactions_uk
2023-04-25,Fuel*National*Rail*Train*Ticket 563784,64.65,transportation,simulated_bank_transactions_uk
2024-06-27,fps pos waitrose eggs 987495,109.72,groceries,simulated_bank_transactions_uk
2023-03-28,Pos Purchase Nhs Electronics 47138,151.84,other,simulated_bank_transactions_uk
2024-01-02,FOOD-DELIVERY-COSTA-FOOD-DELIVERY 639769,133.67,dining,simulated_bank_transactions_uk
2023-12-08,Online Purchase Boots Gift 188547,170.64,other,simulated_bank_transactions_uk
2024-12-18,Restaurant Mcdonalds Restaurant 232334,121.12,dining,simulated_bank_transactions_uk
2024-02-08,CARD-PAYMENT-DELIVEROO-FOOD-DELIVERY,134.61,dining,simulated_bank_transactions_uk
2024-03-18,restaurant just eat food delivery,159.76,dining,simulated_bank_transactions_uk
2024-08-21,Bill Pmt Sky,58.93,utilities,simulated_bank_transactions_uk
2024-01-15,pos tesco chicken 74882,19.15,groceries,simulated_bank_transactions_uk
2024-06-22,CONTACTLESS-ALDI-EGGS,195.77,groceries,simulated_bank_transactions_uk
2023-09-19,Mastercard Utility Bill Severn Trent 964236,110.89,utilities,simulated_bank_transactions_uk
2024-05-29,Transport Bp Uber Ride,110.67,transportation,simulated_bank_transactions_uk
2023-12-21,restaurant deliveroo cafe 466919,97.86,dining,simulated_bank_transactions_uk
2023-11-05,Subscription Amazon Prime,40.62,subscriptions,simulated_bank_transactions_uk
2024-09-22,Direct Debit O2 354744,200.92,utilities,simulated_bank_transactions_uk
2023-05-27,restaurant costa fast food 647270,70.65,dining,simulated_bank_transactions_uk
2023-05-12,mastercard subscription google *services 479112,41.05,subscriptions,simulated_bank_transactions_uk
2024-12-08,Mortgage/Pmt/Mortgage 7105,693.18,housing,simulated_bank_transactions_uk
2024-12-29,Bill-Pmt-Sky 890950,133.44,utilities,simulated_bank_transactions_uk
2024-12-18,Bacs Pos Iceland Cereal 854242,52.06,groceries,simulated_bank_transactions_uk
2023-04-19,RENT PMT RENT 243012,1693.03,housing,simulated_bank_transactions_uk
2023-01-13,CARD*PMT*UBER*TRAIN*TICKET 613130,93.58,transportation,simulated_bank_transactions_uk
2023-03-31,RESTAURANT-KFC-FAST-FOOD 26712,129.29,dining,simulated_bank_transactions_uk
2023-11-28,UTILITY BILL SKY 189041,107.26,utilities,simulated_bank_transactions_uk
2024-10-25,Subscription Gym Group,18.16,subscriptions,simulated_bank_transactions_uk
2024-07-29,Card Payment Asda Rice,174.49,groceries,simulated_bank_transactions_uk
2024-05-29,DIRECT DEBIT DISNEY+ 912939,32.18,subscriptions,simulated_bank_transactions_uk
2024-11-27,Utility Bill Bt 33404,250.48,utilities,simulated_bank_transactions_uk
2024-06-04,contactless*morrisons*fruit 983490,106.61,groceries,simulated_bank_transactions_uk
2023-04-23,POS*ALDI*VEGETABLES,149.83,groceries,simulated_bank_transactions_uk
2024-11-24,Card Pmt Kfc Food Delivery,134.56,dining,simulated_bank_transactions_uk
2024-08-19,fuel bolt fuel 948298,59.21,transportation,simulated_bank_transactions_uk
2024-03-06,mortgage pmt landlord 221745,1526.79,housing,simulated_bank_transactions_uk
2024-02-22,POS RENT PMT RENT 470511,1251.41,housing,simulated_bank_transactions_uk
2024-01-15,Card Pmt Pret Food Delivery 472608,93.14,dining,simulated_bank_transactions_uk
2023-03-15,Bill Payment Ee 471895,52.39,utilities,simulated_bank_transactions_uk
2023-07-12,CONTACTLESS ASDA VEGETABLES 465223,85.99,groceries,simulated_bank_transactions_uk
2023-03-18,FPS-CARD-PMT-MORRISONS-CHICKEN 241483,181.73,groceries,simulated_bank_transactions_uk
2024-02-18,Pos*Card*Pmt*National*Rail*Bus*Pass 54272,56.5,transportation,simulated_bank_transactions_uk
2023-05-29,direct debit card payment iceland eggs 656334,20.9,groceries,simulated_bank_transactions_uk
2024-04-06,card/pmt/mcdonalds/cafe 808249,145.05,dining,simulated_bank_transactions_uk
2024-12-17,subscription-apple.com/bill 522137,26.88,subscriptions,simulated_bank_transactions_uk
2023-11-08,bacs landlord rent 141924,1403.43,housing,simulated_bank_transactions_uk
2024-06-03,transport esso car maintenance,106.01,transportation,simulated_bank_transactions_uk
2023-03-29,Restaurant Just Eat Cafe 906780,119.63,dining,simulated_bank_transactions_uk
2023-06-15,Restaurant Kfc Fast Food 999300,14.06,dining,simulated_bank_transactions_uk
2023-07-29,CARD PAYMENT ESSO UBER RIDE 887,37.86,transportation,simulated_bank_transactions_uk
2023-12-22,BILL PAYMENT EE 74515,67.4,utilities,simulated_bank_transactions_uk
2023-05-17,direct/debit/puregym 663395,21.3,subscriptions,simulated_bank_transactions_uk
2023-10-16,card/payment/lidl/bread,31.16,groceries,simulated_bank_transactions_uk
2024-02-04,FUEL/UBER/UBER/RIDE 819213,17.26,transportation,simulated_bank_transactions_uk
2023-04-03,Contactless Asda Bread 464021,151.86,groceries,simulated_bank_transactions_uk
2024-11-29,RESTAURANT PRET CAFE,42.78,dining,simulated_bank_transactions_uk
2023-08-20,SO/CARD/PAYMENT/COSTA/FOOD/DELIVERY 933182,108.44,dining,simulated_bank_transactions_uk
2023-06-03,CONTACTLESS DIRECT DEBIT APPLE.COM/BILL,21.22,subscriptions,simulated_bank_transactions_uk
2023-12-23,CARD PAYMENT ICELAND MILK,85.58,groceries,simulated_bank_transactions_uk
2023-12-28,Transport Uber Train Ticket 765980,90.48,transportation,simulated_bank_transactions_uk
2023-10-24,Card-Payment-Shell-Bus-Pass 663707,56.04,transportation,simulated_bank_transactions_uk
2023-01-02,card contactless iceland chicken 563146,161.08,groceries,simulated_bank_transactions_uk
2024-12-27,Card-Pmt-Puregym 132596,38.36,subscriptions,simulated_bank_transactions_uk
2023-01-19,Contactless Aldi Eggs 202652,96.41,groceries,simulated_bank_transactions_uk
2024-06-20,Card Card Payment Iceland Eggs 819053,65.16,groceries,simulated_bank_transactions_uk
2024-12-12,So Contactless Iceland Cereal 903226,64.4,groceries,simulated_bank_transactions_uk
2023-11-29,Card Payment Ebay Misc Expense 929682,187.79,other,simulated_bank_transactions_uk
2024-02-28,CARD*CONTACTLESS*MORRISONS*RICE,158.47,groceries,simulated_bank_transactions_uk
2023-09-06,CONTACTLESS LIDL EGGS,7.51,groceries,simulated_bank_transactions_uk
2024-03-15,direct debit gym grou,4.14,subscriptions,simulated_bank_transactions_uk
2024-08-19,Rent-Pmt-Letting-Agent 481588,1740.53,housing,simulated_bank_transactions_uk
2024-11-08,Utility Bill Thames Water 784934,252.15,utilities,simulated_bank_transactions_uk
2024-10-27,contactless aldi vegetable,43.97,groceries,simulated_bank_transactions_uk
2023-04-07,ONLINE PURCHASE AMAZON ONLINE PURCHASE 856192,178.41,other,simulated_bank_transactions_uk
2023-03-22,food delivery costa fast food 67,82.89,dining,simulated_bank_transactions_uk
2023-08-03,Card Payment Shell Car Maintenance 671607,6.14,transportation,simulated_bank_transactions_uk
2023-08-23,Card*Pmt*Just*Eat*Cafe 147178,64.67,dining,simulated_bank_transactions_uk
2023-06-29,Bill Pmt Octopus Energy 409982,96.37,utilities,simulated_bank_transactions_uk
2023-12-01,TRANSPORT UBER TRAIN TICKET,23.85,transportation,simulated_bank_transactions_uk
2023-07-17,Restaurant Costa Food Delivery,57.12,dining,simulated_bank_transactions_uk
2023-06-27,POS-WAITROSE-CEREAL 119775,124.17,groceries,simulated_bank_transactions_uk
2023-02-01,card card pmt uber eats food delivery 585853,158.12,dining,simulated_bank_transactions_uk
2023-12-20,CARD*PAYMENT*GYM*GROUP 388785,18.81,subscriptions,simulated_bank_transactions_uk
2023-04-21,mastercard food delivery nando's fast food 946521,108.28,dining,simulated_bank_transactions_uk
2023-12-18,CARD PMT NANDO'S FAST FOOD 623075,115.13,dining,simulated_bank_transactions_uk
2023-12-04,Fps Card Pmt Morrisons Cereal,190.81,groceries,simulated_bank_transactions_uk
2023-12-17,Fuel Esso Uber Ride 683863,82.32,transportation,simulated_bank_transactions_uk
2024-02-17,Card Pmt Iceland Rice 389781,15.63,groceries,simulated_bank_transactions_uk
2023-03-10,TRANSPORT-BOLT-CAR-MAINTENANCE 285550,10.5,transportation,simulated_bank_transactions_uk
2023-10-18,Card*Payment*Sainsburys*Fruit,69.3,groceries,simulated_bank_transactions_uk
2024-07-08,Card-Pmt-Puregym 993048,15.98,subscriptions,simulated_bank_transactions_uk
2024-09-05,Direct Debit Restaurant Uber Eats Food Delivery 948206,29.8,dining,simulated_bank_transactions_uk
2023-06-23,ONLINE PURCHASE ARGOS MISC EXPENSE,128.4,other,simulated_bank_transactions_uk
2023-05-04,MORTGAGE PAYMENT LANDLORD,764.45,housing,simulated_bank_transactions_uk
2024-02-28,Bill Pmt O2 745681,128.8,utilities,simulated_bank_transactions_uk
2023-03-28,bill payment o2 61056,82.83,utilities,simulated_bank_transactions_uk
2023-12-21,card payment shell bus pass 306182,62.78,transportation,simulated_bank_transactions_uk
2024-12-21,Card Pmt Aldi Eggs 113624,191.97,groceries,simulated_bank_transactions_uk
2024-08-04,VISA/RENT/PMT/MORTGAGE,818.21,housing,simulated_bank_transactions_uk
2024-07-31,CARD*PAYMENT*JUST*EAT*FOOD*DELIVERY 762084,114.81,dining,simulated_bank_transactions_uk
2023-05-15,Bacs-Restaurant-Costa-Restaurant 125041,142.85,dining,simulated_bank_transactions_uk
2023-10-31,FOOD DELIVERY MCDONALDS FOOD DELIVERY 629830,94.96,dining,simulated_bank_transactions_uk
2023-11-24,POS WAITROSE CHICKEN 654470,149.37,groceries,simulated_bank_transactions_uk
2023-03-20,Card Pmt National Rail Fuel 952058,121.15,transportation,simulated_bank_transactions_uk
2024-07-02,RESTAURANT/NANDO'S/FAST/FOOD 622519,147.38,dining,simulated_bank_transactions_uk
2023-01-17,card-pmt-netflix 823779,29.64,subscriptions,simulated_bank_transactions_uk
2024-08-19,Subscription Netflix 482419,32.99,subscriptions,simulated_bank_transactions_uk
2023-12-21,Mortgage Pmt Letting Agent 201750,1219.63,housing,simulated_bank_transactions_uk
2023-05-26,Restaurant Costa Cafe 128464,84.91,dining,simulated_bank_transactions_uk
2024-01-09,mortgage payment letting agent,1730.3,housing,simulated_bank_transactions_uk
2024-01-28,ONLINE PURCHASE CURRYS ELECTRONICS,189.88,other,simulated_bank_transactions_uk
2023-10-19,card*payment*puregym 688618,27.75,subscriptions,simulated_bank_transactions_uk
2024-01-28,Contactless Lidl Cereal 589195,10.98,groceries,simulated_bank_transactions_uk
2024-02-24,contactless morrisons vegetables 216054,135.91,groceries,simulated_bank_transactions_uk
2024-03-24,Card*Pmt*Aldi*Cereal,109.31,groceries,simulated_bank_transactions_uk
2023-08-17,contactless/lidl/eggs,10.67,groceries,simulated_bank_transactions_uk
2024-07-16,Bacs Landlord Rent,982.73,housing,simulated_bank_transactions_uk
2024-08-14,Card/Pmt/Aldi/Bread,35.8,groceries,simulated_bank_transactions_uk
2024-03-14,Card Pmt Greggs Cafe 204263,137.13,dining,simulated_bank_transactions_uk
2023-01-18,CARD PAYMENT BOOTS GIFT 297055,43.48,other,simulated_bank_transactions_uk
2023-09-14,card/payment/aldi/cereal,48.59,groceries,simulated_bank_transactions_uk
2024-05-09,so transport trainline fuel 858146,51.9,transportation,simulated_bank_transactions_uk
2024-12-14,contactless asda bread,117.96,groceries,simulated_bank_transactions_uk
2023-11-30,CONTACTLESS TESCO,133.57,groceries,simulated_bank_transactions_uk
2023-07-18,So*Transport*Tfl*Bus*Pass 116221,117.78,transportation,simulated_bank_transactions_uk
2023-11-22,MASTERCARD/CARD/PAYMENT/PRET/CAFE 842107,79.14,dining,simulated_bank_transactions_uk
2023-09-07,UTILITY BILL THAMES WATER 186893,72.29,utilities,simulated_bank_transactions_uk
2023-01-06,CARD PAYMENT MORRISONS CHICKEN 92766,146.53,groceries,simulated_bank_transactions_uk
2024-03-11,restaurant*kfc*food*delivery 9,46.93,dining,simulated_bank_transactions_uk
2023-09-04,Mastercard Mortgage Pmt Rent 623843,1475.65,housing,simulated_bank_transactions_uk
2024-06-13,Fps-Food-Delivery-Deliveroo-Restaurant,122.03,dining,simulated_bank_transactions_uk
2023-03-01,CARD PMT CURRYS GIFT,134.85,other,simulated_bank_transactions_uk
2023-04-07,DIRECT DEBIT SUBSCRIPTION DISNEY+ 707717,12.71,subscriptions,simulated_bank_transactions_uk
2024-03-05,CONTACTLESS ICELAND EGGS,87.37,groceries,simulated_bank_transactions_uk
2024-06-04,Pos Sainsburys Chicken,196.97,groceries,simulated_bank_transactions_uk
2023-12-02,mortgage pmt landlord 814096,700.63,housing,simulated_bank_transactions_uk
2023-04-03,Transport Shell,3.95,transportation,simulated_bank_transactions_uk
2023-11-20,direct/debit/disney+ 621466,9.01,subscriptions,simulated_bank_transactions_uk
2023-01-14,food delivery just eat cafe 576120,124.13,dining,simulated_bank_transactions_uk
2024-11-18,CARD PAYMENT SAINSBURYS BREAD 977737,183.69,groceries,simulated_bank_transactions_uk
2024-06-15,CARD-PAYMENT-ICELAND-MILK,92.9,groceries,simulated_bank_transactions_uk
2024-03-27,TRANSPORT NATIONAL RAIL BUS PASS 381914,37.55,transportation,simulated_bank_transactions_uk
2023-11-13,Mortgage Pmt Letting Agent 294320,1009.28,housing,simulated_bank_transactions_uk
2024-02-16,card pmt greggs food delivery 986848,42.82,dining,simulated_bank_transactions_uk
2024-10-13,Direct Debit Disney+ 161662,37.63,subscriptions,simulated_bank_transactions_uk
2023-04-18,sto*online*purchase*superdrug*electr,152.28,other,simulated_bank_transactions_uk
2024-01-23,Pos*Asda*Vegetables,189.53,groceries,simulated_bank_transactions_uk
2023-04-22,Fuel Esso Car Maintenance 694422,32.23,transportation,simulated_bank_transactions_uk
2023-05-09,direct/debit/card/pmt/iceland/milk,73.28,groceries,simulated_bank_transactions_uk
2024-11-01,Mortgage*Pmt*Mortgage 269716,1637.97,housing,simulated_bank_transactions_uk
2023-03-11,Subscription Netflix,18.7,subscriptions,simulated_bank_transactions_uk
2023-12-28,DIRECT-DEBIT-CONTACTLESS-SAINSBURYS-MILK,43.28,groceries,simulated_bank_transactions_uk
2023-06-20,Restaurant Deliveroo Restaurant 161099,94.56,dining,simulated_bank_transactions_uk
2023-07-05,FOOD DELIVERY COSTA FOOD DELIVERY,14.77,dining,simulated_bank_transactions_uk
2024-08-26,BILL PAYMENT BT 198522,171.04,utilities,simulated_bank_transactions_uk
2023-05-23,POS MORRISONS RICE 702871,153.26,groceries,simulated_bank_transactions_uk
2024-04-24,contactless sainsburys cereal 932676,137.48,groceries,simulated_bank_transactions_uk
2024-10-09,bacs utility bill sky 268720,33.52,utilities,simulated_bank_transactions_uk
2024-06-20,So Direct Debit Bt 99786,222.76,utilities,simulated_bank_transactions_uk
2023-03-14,sto card payment starbucks food delivery 67101,143.92,dining,simulated_bank_transactions_uk
2023-08-06,RENT PMT RENT,675.88,housing,simulated_bank_transactions_uk
2024-06-30,Card Pmt Nando's Cafe 818483,90.27,dining,simulated_bank_transactions_uk
2024-10-30,BACS FUEL BP BUS PASS,94.34,transportation,simulated_bank_transactions_uk
2024-02-22,POS MORRISONS BREAD 156827,104.55,groceries,simulated_bank_transactions_uk
2024-12-01,DIRECT DEBIT POS ALDI RICE,128.56,groceries,simulated_bank_transactions_uk
2024-01-27,Card Pmt Netflix 431863,11.39,subscriptions,simulated_bank_transactions_uk
2024-04-28,MASTERCARD CONTACTLESS ALDI EGGS 430959,176.1,groceries,simulated_bank_transactions_uk
2024-07-18,Mastercard/Card/Pmt/Iceland/Chicken 138077,114.05,groceries,simulated_bank_transactions_uk
2023-04-18,Direct Debit Thames Water 63662,77.47,utilities,simulated_bank_transactions_uk
2023-02-27,Card Pmt Tesco Cereal 363231,104.32,groceries,simulated_bank_transactions_uk
2024-04-08,utility bill scottishpower 685286,120.41,utilities,simulated_bank_transactions_uk
2024-12-22,CARD PAYMENT UBER CAR MAINTENANCE 873845,20.85,transportation,simulated_bank_transactions_uk
2023-05-19,DIRECT DEBIT NETFLIX 335089,26.66,subscriptions,simulated_bank_transactions_uk
2023-06-09,direct debit apple.com/bill,6.42,subscriptions,simulated_bank_transactions_uk
2024-03-24,transport bp fuel 93267,46.1,transportation,simulated_bank_transactions_uk
2023-07-10,utility bill thames water 773483,143.32,utilities,simulated_bank_transactions_uk
2023-01-14,Sto Card Pmt Aldi Milk,45.8,groceries,simulated_bank_transactions_uk
2023-04-24,Utility Bill Bt 732,149.52,utilities,simulated_bank_transactions_uk
2024-09-03,card-payment-nando's-fast-food 478304,46.27,dining,simulated_bank_transactions_uk
2023-12-16,transport esso train ticket 586168,54.16,transportation,simulated_bank_transactions_uk
2024-02-19,CARD/PMT/SPOTIFY,6.63,subscriptions,simulated_bank_transactions_uk
2023-09-22,Contactless-Direct-Debit-Sky 3,137.01,utilities,simulated_bank_transactions_uk
2023-11-13,Card Payment Mcdonalds Restaurant 397672,112.63,dining,simulated_bank_transactions_uk
2023-07-01,BILL PMT VODAFONE,108.75,utilities,simulated_bank_transactions_uk
2023-11-01,Utility-Bill-Octopus-Energy 985476,253.55,utilities,simulated_bank_transactions_uk
2023-11-27,restaurant deliveroo fast food 459942,157.38,dining,simulated_bank_transactions_uk
2024-09-10,CARD PAYMENT MORRISONS FRUIT 853047,132.67,groceries,simulated_bank_transactions_uk
2024-06-17,card-payment-nando's-restaurant 72042,114.62,dining,simulated_bank_transactions_uk
2023-04-16,BILL PMT SCOTTISHPOWER 8364,204.05,utilities,simulated_bank_transactions_uk
2024-05-02,SUBSCRIPTION/NETFLIX 481719,34.17,subscriptions,simulated_bank_transactions_uk
2023-12-19,rent payment rent,1492.34,housing,simulated_bank_transactions_uk
2024-03-06,MASTERCARD-POS-ICELAND-CEREAL 608547,88.43,groceries,simulated_bank_transactions_uk
2023-03-03,card transport trainline uber ride 632292,91.56,transportation,simulated_bank_transactions_uk
2024-07-11,Card-Pmt-Pret-Restaurant 968923,155.44,dining,simulated_bank_transactions_uk
2024-08-19,card pmt tesco rice 271764,198.54,groceries,simulated_bank_transactions_uk
2023-03-03,Contactless Pos Waitrose Fruit 185898,68.1,groceries,simulated_bank_transactions_uk
2024-03-14,Pos Aldi Cereal,67.41,groceries,simulated_bank_transactions_uk
2023-12-19,CONTACTLESS MORRISONS CHICKEN 474122,150.58,groceries,simulated_bank_transactions_uk
2024-07-07,direct debit octopus energy 544438,225.72,utilities,simulated_bank_transactions_uk
2024-01-04,CARD-PMT-MCDONALDS-FAST-FOOD 759343,51.6,dining,simulated_bank_transactions_uk
2023-12-14,CARD CARD PMT ASDA VEGETABLES 501773,93.15,groceries,simulated_bank_transactions_uk
2024-06-27,Sto Contactless Sainsburys Vegetables 679709,145.88,groceries,simulated_bank_transactions_uk
2023-07-16,MORTGAGE*PMT*LETTING*AGENT 841187,856.89,housing,simulated_bank_transactions_uk
2023-07-27,So Transport Shell Uber Ride 448849,115.7,transportation,simulated_bank_transactions_uk
2023-05-29,Card Pmt Puregym,44.81,subscriptions,simulated_bank_transactions_uk
2024-06-21,Card Payment Tfl Fuel 685220,17.19,transportation,simulated_bank_transactions_uk
2024-12-05,CARD/PAYMENT/MCDONALDS/CAFE,124.8,dining,simulated_bank_transactions_uk
2024-04-18,Fuel Esso Fuel 508033,82.04,transportation,simulated_bank_transactions_uk
2023-07-04,CONTACTLESS*CARD*PMT*HMRC*PHARMACY 739427,121.91,other,simulated_bank_transactions_uk
2023-01-26,online purchase argos misc expense 624024,159.25,other,simulated_bank_transactions_uk
2023-10-13,mastercard card payment sainsburys vegetables,132.03,groceries,simulated_bank_transactions_uk
2024-12-12,BACS TRANSPORT TFL FUEL 746024,105.79,transportation,simulated_bank_transactions_uk
2023-07-13,contactless waitrose bread,116.31,groceries,simulated_bank_transactions_uk
2024-08-08,Bacs Landlord Rent 645793,890.28,housing,simulated_bank_transactions_uk
2024-12-30,DIRECT/DEBIT/ONLINE/PURCHASE/CURRYS/ONLINE/PURCHASE,193.66,other,simulated_bank_transactions_uk
2024-12-14,card-pmt-hmrc-misc-expense 10307,37.46,other,simulated_bank_transactions_uk
2023-09-04,CONTACTLESS/ALDI/FRUIT 6,41.16,groceries,simulated_bank_transactions_uk
2023-04-08,card payment mcdonalds food delivery 200466,139.47,dining,simulated_bank_transactions_uk
2024-01-12,Contactless/Mortgage/Pmt/Letting/Agent 80,1075.59,housing,simulated_bank_transactions_uk
2023-11-22,Utility Bill Bt 520470,169.04,utilities,simulated_bank_transactions_uk
2023-09-02,FUEL-TRAINLINE-CAR-MAINTENANCE 384345,124.52,transportation,simulated_bank_transactions_uk
2023-08-26,card pmt asda milk,14.98,groceries,simulated_bank_transactions_uk
2023-06-12,Direct-Debit-Severn-Trent 467069,31.58,utilities,simulated_bank_transactions_uk
2023-12-01,STO CARD PMT SHELL FUEL 442841,67.53,transportation,simulated_bank_transactions_uk
2024-04-02,So Restaurant Just Eat Restaurant 4,52.79,dining,simulated_bank_transactions_uk
2023-04-13,RESTAURANT MCDONALDS CAFE,60.84,dining,simulated_bank_transactions_uk
2024-03-23,Pos Card Payment Bp Car Maintenance 723893,82.62,transportation,simulated_bank_transactions_uk
2024-01-11,CARD-PAYMENT-STARBUCKS-RESTAURANT 629520,35.18,dining,simulated_bank_transactions_uk
2024-07-06,Visa/Card/Pmt/Morrisons/Fruit 354521,38.66,groceries,simulated_bank_transactions_uk
2023-10-27,BACS TRANSPORT UBER CAR MAINTENANCE 773622,45.29,transportation,simulated_bank_transactions_uk
2024-01-31,Pos Purchase Ebay Misc Expense 539469,76.62,other,simulated_bank_transactions_uk
2024-08-13,Contactless Morrisons Eggs 230357,46.13,groceries,simulated_bank_transactions_uk
2023-07-01,contactless waitrose vegetables 725697,111.15,groceries,simulated_bank_transactions_uk
2024-11-11,Card Payment Esso Bus Pass 438949,56.52,transportation,simulated_bank_transactions_uk
2023-07-27,so-card-pmt-tesco-rice 1,20.22,groceries,simulated_bank_transactions_uk
2023-04-16,Contactless Iceland Chicken 376437,80.55,groceries,simulated_bank_transactions_uk
2023-06-05,TRANSPORT NATIONAL RAIL FUEL,135.51,transportation,simulated_bank_transactions_uk
2023-08-01,Fuel Shell Uber Ride 857406,34.52,transportation,simulated_bank_transactions_uk
2023-02-20,CARD/PMT/JUST/EAT/CAF,53.3,dining,simulated_bank_transactions_uk
2024-11-14,Transport-Uber-Bus-Pass 783360,110.04,transportation,simulated_bank_transactions_uk
2023-04-03,fuel*uber*car*maintenance,13.14,transportation,simulated_bank_transactions_uk
2024-10-29,FUEL UBER TRAIN TICKET,37.07,transportation,simulated_bank_transactions_uk
2023-04-08,Food Delivery Kfc Restaurant 63358,40.45,dining,simulated_bank_transactions_uk
2023-08-29,Contactless Sainsburys Bread,80.7,groceries,simulated_bank_transactions_uk
2023-05-28,direct*debit*spotify 58238,11.34,subscriptions,simulated_bank_transactions_uk
2023-11-10,Direct Debit Transport Shell Bus Pass 42586,117.52,transportation,simulated_bank_transactions_uk
2023-12-06,card payment aldi,109.02,groceries,simulated_bank_transactions_uk
2024-08-11,DIRECT DEBIT CARD PMT ESSO FUEL 330202,23.01,transportation,simulated_bank_transactions_uk
2024-06-07,utility bill scottishpower,173.96,utilities,simulated_bank_transactions_uk
2024-01-27,Bill Payment Severn Tren,43.75,utilities,simulated_bank_transactions_uk
2024-11-06,Food Delivery Kfc Cafe 418561,120.86,dining,simulated_bank_transactions_uk
2023-01-07,DIRECT*DEBIT*NETFLIX 509962,39.52,subscriptions,simulated_bank_transactions_uk
2023-04-17,BILL PMT E.ON,29.13,utilities,simulated_bank_transactions_uk
2023-07-24,Fuel-Bolt-Car-Maintenance,93.1,transportation,simulated_bank_transactions_uk
2024-01-24,transport trainline car maintenance,16.62,transportation,simulated_bank_transactions_uk
2023-10-12,RENT-PAYMENT-LA,2047.36,housing,simulated_bank_transactions_uk
2024-10-03,VISA/POS/ICELAND/MILK 228556,86.2,groceries,simulated_bank_transactions_uk
2024-04-26,Card/Payment/National/Rail/Car/Maintenance,41.73,transportation,simulated_bank_transactions_uk
2023-06-01,rent payment mortgage 243611,1964.97,housing,simulated_bank_transactions_uk
2023-07-01,rent/payment/letting/agent,1191.18,housing,simulated_bank_transactions_uk
2023-08-05,Mortgage Payment Landlord 186905,886.96,housing,simulated_bank_transactions_uk
2023-09-30,CARD PAYMENT GOOGLE *SERVICES 222247,12.0,subscriptions,simulated_bank_transactions_uk
2023-03-11,direct debit card payment greggs restaurant,76.44,dining,simulated_bank_transactions_uk
2023-06-25,Card-Payment-Kfc-Restaurant 47,111.49,dining,simulated_bank_transactions_uk
2023-09-07,FOOD DELIVERY GREGGS FOOD DELIVERY,8.72,dining,simulated_bank_transactions_uk
2024-10-16,RESTAURANT PRET RESTAURANT 800882,158.52,dining,simulated_bank_transactions_uk
2024-03-20,Bacs/Letting/Agent/Rent 411534,1952.83,housing,simulated_bank_transactions_uk
2023-08-28,Pos Transport Esso Bus Pass 160554,76.64,transportation,simulated_bank_transactions_uk
2023-05-05,Mortgage Payment Letting Agent 70065,958.76,housing,simulated_bank_transactions_uk
2024-08-11,Card/Fuel/Tfl/Uber/Ride 649448,37.15,transportation,simulated_bank_transactions_uk
2023-03-09,CARD PAYMENT SPOTIFY 308657,14.47,subscriptions,simulated_bank_transactions_uk
2024-08-15,So Contactless Waitrose Eggs,62.08,groceries,simulated_bank_transactions_uk
2023-07-04,card payment aldi milk 253852,165.03,groceries,simulated_bank_transactions_uk
2024-10-31,Card*Pmt*Bolt*Car*Maintenance 199188,11.97,transportation,simulated_bank_transactions_uk
2024-03-27,Pos Aldi Vegetables 258364,32.04,groceries,simulated_bank_transactions_uk
2023-06-11,BACS LANDLORD RENT 68761,655.56,housing,simulated_bank_transactions_uk
2023-02-16,Transport Trainline Fuel,24.94,transportation,simulated_bank_transactions_uk
2023-08-22,CONTACTLESS*MORTGAGE*PMT*LANDLORD,1389.7,housing,simulated_bank_transactions_uk
2024-09-06,Online-Purchase-Argos-Misc-Expense 758686,71.8,other,simulated_bank_transactions_uk
2023-09-10,Card Pmt Sainsburys Chicken,51.53,groceries,simulated_bank_transactions_uk
2023-06-22,visa card payment google *services,18.98,subscriptions,simulated_bank_transactions_uk
2023-06-05,CARD*PAYMENT*TRAINLINE*CAR*MAINTENANCE,56.85,transportation,simulated_bank_transactions_uk
2024-06-01,Subscription/Apple.com/bill 846899,27.01,subscriptions,simulated_bank_transactions_uk
2024-11-26,Pos Purchase Ebay Pharmacy 117932,14.68,other,simulated_bank_transactions_uk
2023-12-30,Subscription Spotify 624621,30.34,subscriptions,simulated_bank_transactions_uk
2023-09-30,Direct Debit Bt 353047,162.25,utilities,simulated_bank_transactions_uk
2023-01-20,card payment morrisons vegetab,148.79,groceries,simulated_bank_transactions_uk
2024-10-17,POS SAINSBURYS MILK 418974,106.93,groceries,simulated_bank_transactions_uk
2024-02-26,FPS-DIRECT-DEBIT-OCTOPUS-ENERGY 559737,92.56,utilities,simulated_bank_transactions_uk
2023-02-17,card pmt just eat fast food 211901,96.57,dining,simulated_bank_transactions_uk
2023-02-28,Card Payment National Rail Uber Ride,47.91,transportation,simulated_bank_transactions_uk
2024-06-07,DIRECT DEBIT GYM GROUP 20353,42.43,subscriptions,simulated_bank_transactions_uk
2024-08-21,rent*pmt*rent 667782,814.0,housing,simulated_bank_transactions_uk
2023-05-09,Bacs*Card*Payment*Asda*Vegetables 442617,27.99,groceries,simulated_bank_transactions_uk
2023-04-18,Mortgage Payment Mortgage 826235,1406.75,housing,simulated_bank_transactions_uk
2023-10-23,Pos Tesco Milk,99.24,groceries,simulated_bank_transactions_uk
2024-08-04,bill*pmt*sky,187.36,utilities,simulated_bank_transactions_uk
2024-05-11,CONTACTLESS/ALDI/BREAD,96.97,groceries,simulated_bank_transactions_uk
2023-07-25,Mortgage Payment Mor,665.32,housing,simulated_bank_transactions_uk
2024-11-26,FOOD*DELIVERY*KFC*FOOD*DELIVERY,66.15,dining,simulated_bank_transactions_uk
2024-06-26,mortgage payment mortgage 829481,1079.41,housing,simulated_bank_transactions_uk
2024-05-05,SO/UTILITY/BILL/BRITISH/GAS 896787,202.26,utilities,simulated_bank_transactions_uk
2024-02-19,Direct Debit Octopus Energy 933253,165.74,utilities,simulated_bank_transactions_uk
2023-08-13,Bill Payment Scottishpower,128.98,utilities,simulated_bank_transactions_uk
2024-04-26,UTILITY-BILL-E.ON,205.36,utilities,simulated_bank_transactions_uk
2023-04-19,bacs bill pmt vodafone 282468,26.57,utilities,simulated_bank_transactions_uk
2024-08-31,Card Payment Bolt Train Ticket,62.22,transportation,simulated_bank_transactions_uk
2023-05-16,POS LIDL EGGS 900186,74.34,groceries,simulated_bank_transactions_uk
2023-01-05,direct debit amazon prime,29.63,subscriptions,simulated_bank_transactions_uk
2024-01-09,bacs utility bill bt 703012,83.06,utilities,simulated_bank_transactions_uk
2024-09-14,SO-CARD-PMT-ALDI-MILK 190220,31.66,groceries,simulated_bank_transactions_uk
2024-03-27,Card Payment Amazon Prime 976950,23.81,subscriptions,simulated_bank_transactions_uk
2023-10-24,utility bill o2 254956,123.4,utilities,simulated_bank_transactions_uk
2023-04-12,MORTGAGE PMT RENT,986.39,housing,simulated_bank_transactions_uk
2023-03-13,Pos Card Payment Tfl Fuel 51787,66.84,transportation,simulated_bank_transactions_uk
2024-10-25,Fuel*Bolt*Train*Ticket 566848,38.1,transportation,simulated_bank_transactions_uk
2024-05-14,Card Payment Uber Eats Fast Food,57.44,dining,simulated_bank_transactions_uk
2024-06-11,Bill Payment Thames Water 520781,61.83,utilities,simulated_bank_transactions_uk
2024-10-01,pos-asda-rice 236977,7.23,groceries,simulated_bank_transactions_uk
2024-01-11,subscription google *services 119614,13.85,subscriptions,simulated_bank_transactions_uk
2024-10-31,Pos Waitrose Fruit 206460,13.14,groceries,simulated_bank_transactions_uk
2024-09-06,FUEL SHELL BUS PASS 409576,27.97,transportation,simulated_bank_transactions_uk
2023-10-25,Bacs Subscription Disney+ 562151,40.07,subscriptions,simulated_bank_transactions_uk
2023-09-18,RESTAURANT GREGGS RESTAURANT 45,19.41,dining,simulated_bank_transactions_uk
2023-11-08,card pmt deliveroo cafe 947498,134.54,dining,simulated_bank_transactions_uk
2024-05-16,card payment bolt bus pass,39.58,transportation,simulated_bank_transactions_uk
2023-02-07,Card Pmt Tesco Cereal,171.96,groceries,simulated_bank_transactions_uk
2023-02-10,direct debit direct debit o2,248.9,utilities,simulated_bank_transactions_uk
2023-03-11,Card Payment Uber Eats Cafe 259062,76.12,dining,simulated_bank_transactions_uk
2024-02-03,Card Payment Costa Food Delivery 88940,132.55,dining,simulated_bank_transactions_uk
2024-04-06,Pos Online Purchase Hmrc Pharmacy 289721,145.02,other,simulated_bank_transactions_uk
2023-02-02,CARD PAYMENT ICELAND FRUIT,23.35,groceries,simulated_bank_transactions_uk
2024-04-26,RESTAURANT MCDONALDS FOOD DELIVERY 15800,8.29,dining,simulated_bank_transactions_uk
2024-08-17,pos sainsburys fruit,110.58,groceries,simulated_bank_transactions_uk
2023-01-21,POS ALDI MILK 642453,106.18,groceries,simulated_bank_transactions_uk
2024-05-23,Visa Utility Bill Severn Trent 300389,190.85,utilities,simulated_bank_transactions_uk
2024-10-16,card payment boots pharmacy 622212,109.04,other,simulated_bank_transactions_uk
2024-12-31,bill pmt octopus energy,32.45,utilities,simulated_bank_transactions_uk
2024-05-29,contactless bacs rent rent,2041.66,housing,simulated_bank_transactions_uk
2023-03-11,food delivery mcdonalds,107.57,dining,simulated_bank_transactions_uk
2024-08-13,so food delivery mcdonalds cafe 383818,152.7,dining,simulated_bank_transactions_uk
2024-04-18,Food/Delivery/Costa/Cafe,54.64,dining,simulated_bank_transactions_uk
2023-03-13,Card Pmt Iceland Fruit,53.21,groceries,simulated_bank_transactions_uk
2023-12-06,Contactless/Waitrose/Chicken 669967,109.92,groceries,simulated_bank_transactions_uk
2024-03-05,Transport Shell Car Maintenance 454540,128.57,transportation,simulated_bank_transactions_uk
2024-01-30,Mastercard Card Pmt Trainline Uber Ride 400721,131.84,transportation,simulated_bank_transactions_uk
2024-07-16,Direct/Debit/Severn/Trent 816130,188.15,utilities,simulated_bank_transactions_uk
2024-08-23,card*payment*netflix,43.72,subscriptions,simulated_bank_transactions_uk
2024-07-29,CARD/PMT/APPLE.COM/BILL,38.83,subscriptions,simulated_bank_transactions_uk
2023-06-18,Card/Pmt/Pret/Food/Delivery 160388,146.33,dining,simulated_bank_transactions_uk
2024-02-19,BILL PAYMENT THAMES WATER 603384,40.04,utilities,simulated_bank_transactions_uk
2024-12-13,fps card pmt sainsburys chicken 643893,24.48,groceries,simulated_bank_transactions_uk
2024-01-12,DIRECT/DEBIT/BRITISH/GAS 321627,207.92,utilities,simulated_bank_transactions_uk
2023-10-12,pos morrisons rice 220915,17.03,groceries,simulated_bank_transactions_uk
2024-06-26,Fps-Card-Pmt-Morrisons-,44.62,groceries,simulated_bank_transactions_uk
2024-05-20,direct*debit*octopus*energy 853538,119.84,utilities,simulated_bank_transactions_uk
2024-09-29,CONTACTLESS ALDI BREAD 935116,89.87,groceries,simulated_bank_transactions_uk
