Category,Item,Total Spent,Transaction Date
Housing,Rent,985.04,2023-08-17
Utilities,Electricity Bill,226.28,2023-03-31
Subscriptions,Spotify,8.28,2023-08-27
Subscriptions,Gym Membership,11.96,2024-10-27
Housing,Mortgage,1424.97,2023-01-07
Other,Online Purchase,105.63,2023-12-15
Transportation,Train Ticket,34.65,2023-12-11
Groceries,Milk,58.85,2024-01-03
Other,Misc Expense,91.75,2023-02-14
Housing,Mortgage,1962.36,2024-01-23
Groceries,Chicken,46.1,2024-10-05
Subscriptions,Spotify,29.66,2023-02-16
Housing,Rent,1979.31,2023-08-27
Other,Online Purchase,58.88,2024-04-09
Housing,Mortgage,1097.38,2024-11-17
Transportation,Uber Ride,92.54,2023-06-25
Subscriptions,Gym Membership,21.18,2023-10-04
Housing,Rent,1779.99,2023-02-27
Utilities,Electricity Bill,118.26,2023-03-09
Utilities,Gas Bill,139.83,2024-10-20
Dining,Restaurant,41.94,2023-09-10
Housing,Mortgage,1199.81,2024-08-20
Dining,Fast Food,35.24,2023-05-22
Subscriptions,Spotify,6.65,2023-04-23
Utilities,Water Bill,122.88,2023-03-07
Dining,Fast Food,90.6,2024-04-24
Subscriptions,Spotify,35.13,2023-01-12
Housing,Rent,1351.76,2023-10-01
Other,Misc Expense,19.4,2024-03-21
Utilities,Internet Bill,188.86,2023-09-27
Subscriptions,Netflix,8.72,2024-10-02
Transportation,Train Ticket,25.47,2023-06-15
Subscriptions,Gym Membership,25.96,2024-05-15
Groceries,Milk,139.58,2023-11-11
Utilities,Electricity Bill,154.82,2023-03-22
Groceries,Vegetables,74.44,2023-03-12
Other,Online Purchase,21.87,2024-05-01
Subscriptions,Netflix,35.54,2024-03-09
Utilities,Water Bill,117.78,2024-11-18
Housing,Mortgage,1324.61,2023-05-04
Utilities,Water Bill,34.63,2024-07-21
Utilities,Water Bill,185.73,2023-03-02
Utilities,Electricity Bill,219.12,2023-03-14
Subscriptions,Netflix,21.99,2024-07-06
Utilities,Internet Bill,134.05,2024-02-21
Utilities,Electricity Bill,124.83,2024-03-09
Dining,Fast Food,129.98,2023-02-25
Housing,Rent,1619.5,2023-04-22
Utilities,Water Bill,128.69,2024-03-08
Utilities,Gas Bill,222.39,2023-03-19
Dining,Food Delivery,17.39,2024-10-29
Subscriptions,Netflix,37.42,2023-08-31
Utilities,Internet Bill,77.02,2024-02-15
Groceries,Bread,58.71,2024-02-04
Transportation,Fuel,44.93,2024-12-14
Housing,Mortgage,1015.39,2023-03-01
Subscriptions,Gym Membership,31.18,2023-02-28
Groceries,Chicken,73.09,2024-06-27
Utilities,Electricity Bill,47.62,2023-07-10
Groceries,Chicken,12.99,2023-08-29
Dining,Restaurant,141.41,2024-08-06
Utilities,Electricity Bill,122.23,2024-08-20
Subscriptions,Gym Membership,14.13,2024-11-16
Housing,Mortgage,1154.1,2024-11-18
Housing,Mortgage,1900.63,2023-03-16
Groceries,Rice,94.31,2024-07-30
Groceries,Milk,82.03,2024-06-02
Transportation,Train Ticket,140.19,2023-03-12
Utilities,Gas Bill,126.4,2024-07-10
Housing,Mortgage,1982.13,2024-10-31
Subscriptions,Netflix,24.41,2024-11-10
Groceries,Bread,41.88,2023-04-20
Housing,Rent,1446.76,2023-12-18
Utilities,Gas Bill,85.25,2023-02-22
Groceries,Vegetables,65.27,2023-10-11
Groceries,Milk,52.03,2023-05-14
Housing,Mortgage,1218.57,2024-12-23
Dining,Food Delivery,4.42,2023-03-19
Housing,Rent,1768.43,2024-08-19
Subscriptions,Netflix,6.46,2024-01-09
Other,Online Purchase,135.14,2023-08-04
Housing,Rent,1095.15,2024-07-27
Other,Misc Expense,146.15,2023-06-08
Utilities,Water Bill,208.37,2024-02-27
Groceries,Bread,111.27,2023-12-07
Other,Misc Expense,120.93,2023-09-12
Transportation,Train Ticket,118.74,2023-04-21
Dining,Restaurant,129.21,2023-08-16
Utilities,Internet Bill,210.52,2023-08-22
Utilities,Electricity Bill,117.66,2023-10-13
Other,Online Purchase,145.13,2023-10-13
Transportation,Fuel,102.89,2024-07-03
Transportation,Uber Ride,19.96,2023-09-25
Utilities,Gas Bill,161.25,2023-12-20
Housing,Mortgage,1977.93,2023-04-29
Dining,Food Delivery,30.94,2023-02-15
Housing,Mortgage,1895.81,2024-07-05
Housing,Rent,697.96,2024-11-11
Transportation,Bus Pass,100.52,2023-05-08
Housing,Mortgage,1533.65,2023-12-01
Dining,Food Delivery,46.46,2023-05-11
Utilities,Internet Bill,113.41,2023-06-28
Subscriptions,Gym Membership,24.18,2023-01-01
Transportation,Bus Pass,33.9,2024-08-16
Subscriptions,Gym Membership,20.46,2024-11-22
Utilities,Internet Bill,241.16,2023-06-23
Housing,Rent,1529.4,2024-09-26
Transportation,Uber Ride,123.31,2023-08-29
Housing,Mortgage,878.78,2023-01-26
Groceries,Bread,147.64,2024-09-17
Other,Online Purchase,69.95,2024-10-06
Subscriptions,Netflix,18.44,2024-02-14
Utilities,Water Bill,31.22,2023-04-20
Other,Misc Expense,35.17,2024-12-13
Subscriptions,Spotify,13.72,2023-05-05
Dining,Restaurant,120.81,2024-11-14
Subscriptions,Gym Membership,38.25,2024-03-29
Subscriptions,Gym Membership,19.94,2024-07-15
Dining,Restaurant,112.32,2024-05-01
Dining,Fast Food,113.51,2024-10-14
Transportation,Fuel,95.13,2023-10-09
Dining,Restaurant,107.89,2023-08-29
Transportation,Bus Pass,50.0,2024-07-07
Groceries,Bread,25.17,2024-01-28
Housing,Rent,689.92,2024-02-22
Transportation,Fuel,64.12,2023-07-31
Other,Misc Expense,60.25,2024-08-21
Housing,Rent,1671.83,2024-01-25
Dining,Restaurant,141.58,2023-11-02
Other,Misc Expense,128.46,2024-03-05
Subscriptions,Gym Membership,33.0,2023-08-14
Dining,Restaurant,43.12,2024-05-12
Groceries,Rice,52.41,2024-11-26
Other,Misc Expense,109.45,2024-04-23
Utilities,Electricity Bill,160.22,2024-11-09
Groceries,Milk,97.48,2023-05-19
Other,Misc Expense,29.71,2023-09-24
Dining,Fast Food,34.11,2023-12-01
Transportation,Fuel,43.9,2024-03-07
Transportation,Uber Ride,72.14,2024-07-06
Groceries,Eggs,35.96,2023-03-12
Other,Online Purchase,113.87,2023-09-11
Utilities,Electricity Bill,82.48,2024-04-29
Housing,Rent,905.15,2024-12-17
Transportation,Bus Pass,27.67,2024-09-13
Housing,Rent,829.27,2023-11-15
Groceries,Chicken,6.77,2023-11-16
Subscriptions,Gym Membership,18.14,2023-07-23
Groceries,Chicken,104.52,2024-10-04
Utilities,Electricity Bill,96.35,2024-12-01
Subscriptions,Netflix,24.81,2023-02-12
Transportation,Fuel,100.24,2023-03-12
Subscriptions,Gym Membership,34.74,2024-05-16
Groceries,Rice,144.24,2024-10-12
Other,Misc Expense,106.97,2024-03-21
Utilities,Gas Bill,232.32,2024-05-10
Dining,Fast Food,124.38,2024-08-29
Transportation,Bus Pass,128.2,2023-03-30
Transportation,Fuel,38.85,2024-04-20
Subscriptions,Gym Membership,16.77,2024-05-21
Other,Misc Expense,29.73,2023-08-06
Transportation,Bus Pass,53.03,2024-09-02
Housing,Mortgage,1323.28,2023-07-15
Groceries,Bread,108.85,2024-05-15
Subscriptions,Netflix,27.61,2024-05-17
Dining,Restaurant,16.68,2023-08-15
Dining,Food Delivery,38.77,2024-11-10
Subscriptions,Spotify,23.58,2024-03-11
Housing,Mortgage,1235.24,2023-11-10
Transportation,Train Ticket,20.74,2023-07-17
Transportation,Uber Ride,112.2,2024-12-07
Utilities,Water Bill,136.52,2024-08-26
Other,Misc Expense,147.14,2023-07-18
Transportation,Train Ticket,56.05,2023-11-06
Groceries,Vegetables,81.52,2023-10-08
Groceries,Milk,84.34,2024-12-15
Utilities,Internet Bill,32.7,2023-10-19
Dining,Fast Food,67.75,2023-07-08
Groceries,Eggs,141.34,2024-05-04
Groceries,Milk,61.9,2023-03-17
Subscriptions,Gym Membership,10.31,2024-07-30
Transportation,Uber Ride,149.11,2023-05-02
Subscriptions,Spotify,32.68,2023-08-20
Other,Misc Expense,69.23,2024-03-29
Transportation,Fuel,47.89,2024-09-27
Groceries,Chicken,144.14,2023-04-12
Other,Online Purchase,94.95,2023-09-28
Housing,Rent,843.34,2023-03-18
Utilities,Electricity Bill,181.66,2024-04-26
Transportation,Uber Ride,37.03,2024-12-24
Transportation,Fuel,13.46,2023-08-28
Transportation,Train Ticket,65.5,2024-07-11
Utilities,Water Bill,211.86,2023-03-15
Groceries,Bread,119.52,2024-09-01
Housing,Mortgage,1256.18,2023-11-08
Housing,Mortgage,1300.66,2024-05-20
Dining,Restaurant,90.91,2024-03-18
Housing,Mortgage,636.21,2023-08-23
Housing,Rent,1541.19,2023-10-03
Subscriptions,Netflix,11.13,2024-06-15
Housing,Mortgage,854.08,2024-08-22
Dining,Food Delivery,122.69,2023-04-04
Dining,Fast Food,63.03,2023-11-25
Housing,Rent,1061.73,2024-12-11
Dining,Fast Food,100.4,2024-02-15
Other,Online Purchase,69.86,2023-11-19
Transportation,Bus Pass,20.04,2024-02-18
Other,Online Purchase,99.68,2024-07-09
Dining,Fast Food,10.97,2024-06-14
Transportation,Fuel,94.94,2023-02-22
Utilities,Gas Bill,234.09,2024-03-24
Housing,Mortgage,1962.41,2024-09-15
Other,Online Purchase,107.34,2023-11-15
Subscriptions,Netflix,8.26,2023-04-27
Dining,Restaurant,98.21,2023-06-07
Dining,Food Delivery,45.9,2024-12-23
Transportation,Fuel,125.7,2024-04-28
Utilities,Internet Bill,114.39,2024-09-05
Subscriptions,Gym Membership,35.24,2023-10-10
Other,Misc Expense,52.96,2024-06-03
Transportation,Uber Ride,44.58,2023-11-02
Other,Misc Expense,130.19,2024-04-02
Subscriptions,Spotify,24.32,2024-07-10
Dining,Fast Food,140.13,2023-07-13
Housing,Rent,926.99,2024-02-25
Groceries,Eggs,112.47,2024-12-23
Other,Misc Expense,59.75,2024-11-10
Other,Online Purchase,75.81,2023-02-07
Utilities,Gas Bill,222.32,2024-03-26
Groceries,Chicken,136.83,2023-01-16
Housing,Rent,1516.69,2023-06-08
Groceries,Rice,117.88,2023-09-29
Transportation,Fuel,98.53,2023-12-03
Other,Misc Expense,143.26,2024-10-03
Housing,Mortgage,650.26,2023-03-12
Utilities,Gas Bill,194.29,2024-03-20
Groceries,Vegetables,106.47,2023-04-13
Dining,Restaurant,105.02,2023-01-30
Groceries,Eggs,120.03,2023-10-28
Transportation,Bus Pass,66.31,2023-09-08
Subscriptions,Spotify,32.74,2023-06-24
Utilities,Electricity Bill,114.16,2024-11-30
Utilities,Internet Bill,61.49,2024-04-17
Housing,Mortgage,1533.58,2024-04-21
Transportation,Train Ticket,13.86,2023-12-20
Subscriptions,Spotify,19.85,2023-09-14
Dining,Fast Food,32.28,2024-01-29
Other,Misc Expense,18.68,2024-01-26
Subscriptions,Spotify,39.74,2023-10-30
Groceries,Vegetables,61.18,2023-01-09
Subscriptions,Gym Membership,39.08,2024-09-12
Housing,Mortgage,1864.11,2023-08-24
Subscriptions,Spotify,11.65,2023-09-14
Housing,Rent,1864.77,2024-10-23
Groceries,Eggs,118.93,2023-02-04
Subscriptions,Spotify,8.15,2023-10-30
Transportation,Fuel,28.82,2023-05-16
Other,Misc Expense,81.04,2023-10-07
Other,Online Purchase,40.77,2024-05-08
Other,Misc Expense,112.74,2023-12-13
Other,Online Purchase,71.84,2023-03-19
Utilities,Water Bill,189.33,2024-02-11
Other,Misc Expense,16.27,2024-02-09
Groceries,Eggs,81.88,2024-04-10
Transportation,Bus Pass,88.93,2024-10-15
Transportation,Uber Ride,102.2,2024-04-27
Groceries,Chicken,132.98,2024-07-28
Transportation,Train Ticket,98.2,2024-10-12
Other,Misc Expense,136.68,2023-11-06
Housing,Mortgage,663.49,2023-02-08
Transportation,Fuel,20.07,2023-08-29
Subscriptions,Netflix,17.99,2024-12-14
Subscriptions,Spotify,30.43,2024-02-29
Housing,Rent,1461.91,2023-10-14
Groceries,Vegetables,57.47,2024-03-30
Dining,Restaurant,128.75,2023-04-12
Housing,Mortgage,1968.98,2024-01-03
Groceries,Rice,43.55,2023-05-06
Other,Misc Expense,16.48,2023-08-06
Housing,Rent,1066.91,2023-05-09
Other,Online Purchase,13.09,2024-07-21
Utilities,Water Bill,81.26,2023-06-01
Other,Online Purchase,43.76,2023-05-29
Utilities,Gas Bill,54.18,2023-01-27
Utilities,Electricity Bill,203.45,2024-08-25
Transportation,Uber Ride,28.61,2023-02-23
Utilities,Internet Bill,194.05,2024-05-02
Dining,Fast Food,78.45,2023-04-22
Dining,Food Delivery,35.57,2024-09-21
Groceries,Vegetables,118.13,2024-11-05
Subscriptions,Spotify,38.74,2023-03-04
Dining,Fast Food,65.66,2023-04-21
Dining,Food Delivery,136.73,2023-03-17
Groceries,Eggs,92.42,2023-03-09
Utilities,Gas Bill,158.78,2024-12-30
Transportation,Fuel,149.21,2024-06-27
Transportation,Fuel,77.32,2024-03-16
Groceries,Vegetables,19.82,2024-11-01
Housing,Rent,1843.33,2024-02-28
Transportation,Fuel,61.61,2023-04-08
Transportation,Fuel,48.94,2023-09-19
Transportation,Train Ticket,103.96,2024-04-30
Groceries,Milk,125.27,2023-04-06
Dining,Restaurant,112.45,2024-01-17
Other,Online Purchase,84.79,2024-08-23
Subscriptions,Gym Membership,9.28,2023-12-29
Other,Misc Expense,130.61,2023-02-22
Transportation,Bus Pass,54.69,2024-08-14
Subscriptions,Netflix,21.88,2023-04-21
Transportation,Bus Pass,19.89,2023-10-13
Subscriptions,Netflix,34.58,2024-09-28
Subscriptions,Gym Membership,5.92,2024-11-04
Other,Misc Expense,7.26,2023-10-07
Housing,Mortgage,1091.43,2023-07-05
Other,Online Purchase,86.25,2024-02-15
Groceries,Bread,111.92,2023-02-01
Groceries,Vegetables,80.98,2024-01-21
Dining,Fast Food,53.11,2024-01-14
Transportation,Bus Pass,117.19,2024-08-04
Subscriptions,Netflix,10.45,2024-09-24
Groceries,Vegetables,14.99,2024-03-29
Housing,Mortgage,1218.86,2023-10-07
Utilities,Electricity Bill,54.4,2024-11-25
Housing,Mortgage,1031.79,2023-08-14
Dining,Food Delivery,11.05,2023-07-29
Transportation,Train Ticket,115.8,2023-09-19
Transportation,Bus Pass,20.64,2024-05-24
Housing,Mortgage,1132.29,2024-12-21
Utilities,Gas Bill,219.59,2023-02-13
Dining,Restaurant,70.58,2023-03-21
Other,Misc Expense,87.64,2024-08-10
Dining,Food Delivery,97.1,2023-10-24
Groceries,Rice,6.07,2023-11-29
Utilities,Internet Bill,232.35,2023-04-01
Dining,Restaurant,38.77,2024-08-26
Dining,Food Delivery,14.56,2023-11-14
Housing,Mortgage,1690.77,2023-03-20
Subscriptions,Gym Membership,22.85,2023-12-24
Transportation,Train Ticket,37.73,2023-05-30
Transportation,Train Ticket,28.5,2023-06-06
Other,Online Purchase,29.04,2024-10-05
Dining,Fast Food,113.9,2024-08-16
Dining,Food Delivery,138.85,2024-08-01
Housing,Mortgage,1478.1,2023-06-04
Dining,Restaurant,71.93,2024-10-08
Transportation,Bus Pass,89.94,2023-12-27
Subscriptions,Netflix,20.82,2023-02-28
Transportation,Bus Pass,14.28,2023-04-03
Subscriptions,Gym Membership,21.19,2024-07-21
Other,Online Purchase,69.11,2024-08-08
Housing,Rent,1265.88,2023-06-04
Groceries,Rice,18.21,2023-12-18
Housing,Rent,841.58,2023-09-11
Housing,Mortgage,1333.7,2024-09-16
Utilities,Gas Bill,92.24,2024-02-23
Other,Misc Expense,102.8,2023-02-23
Other,Misc Expense,12.69,2023-04-07
Subscriptions,Gym Membership,13.82,2024-11-03
Subscriptions,Netflix,25.4,2023-05-25
Transportation,Bus Pass,145.25,2024-12-16
Housing,Mortgage,1592.37,2023-03-28
Transportation,Fuel,97.59,2023-12-03
Other,Online Purchase,101.51,2024-12-02
Subscriptions,Netflix,19.82,2024-01-06
Groceries,Eggs,48.4,2023-08-08
Transportation,Fuel,31.22,2023-05-21
Utilities,Electricity Bill,203.39,2024-06-03
Other,Online Purchase,100.3,2024-09-24
Utilities,Internet Bill,69.79,2024-12-10
Other,Online Purchase,109.01,2023-02-14
Dining,Fast Food,102.43,2023-09-01
Dining,Food Delivery,44.88,2024-04-04
Utilities,Water Bill,207.9,2024-04-25
Other,Online Purchase,57.07,2024-08-07
Dining,Fast Food,116.11,2024-01-27
Subscriptions,Gym Membership,10.67,2023-07-24
Other,Online Purchase,131.33,2023-02-23
Housing,Mortgage,1376.36,2023-04-16
Housing,Rent,1668.36,2023-10-07
Dining,Food Delivery,24.66,2024-03-23
Groceries,Bread,123.06,2023-12-24
Groceries,Rice,10.83,2024-05-29
Transportation,Train Ticket,59.77,2023-03-25
Transportation,Train Ticket,7.14,2023-04-12
Other,Misc Expense,119.33,2023-05-21
Groceries,Eggs,137.86,2024-04-28
Housing,Rent,1256.75,2024-09-22
Groceries,Milk,5.79,2023-08-09
Other,Online Purchase,83.67,2024-09-15
Subscriptions,Spotify,15.08,2023-11-05
Groceries,Milk,38.05,2024-10-16
Other,Misc Expense,12.23,2024-05-26
Subscriptions,Gym Membership,23.04,2023-09-05
Housing,Rent,602.19,2023-12-28
Utilities,Internet Bill,177.01,2024-06-20
Transportation,Uber Ride,143.15,2024-07-11
Subscriptions,Gym Membership,18.67,2024-04-26
Groceries,Vegetables,59.87,2024-01-18
Transportation,Uber Ride,55.49,2023-03-11
Transportation,Train Ticket,110.74,2024-10-05
Groceries,Chicken,111.07,2023-12-07
Utilities,Electricity Bill,104.48,2024-10-20
Utilities,Internet Bill,135.28,2023-07-06
Other,Online Purchase,12.28,2024-04-13
Groceries,Eggs,32.63,2023-07-24
Groceries,Eggs,140.21,2024-06-11
Dining,Food Delivery,72.59,2023-02-07
Other,Online Purchase,45.06,2023-02-18
Other,Misc Expense,43.16,2024-01-12
Dining,Fast Food,112.27,2024-01-31
Transportation,Train Ticket,75.94,2024-05-24
Transportation,Bus Pass,120.77,2024-03-10
Groceries,Rice,91.56,2023-07-04
Subscriptions,Spotify,7.8,2024-11-07
Transportation,Bus Pass,68.55,2024-03-12
Utilities,Internet Bill,39.32,2023-12-28
Subscriptions,Spotify,39.3,2023-02-28
Groceries,Vegetables,96.71,2024-01-08
Subscriptions,Gym Membership,38.35,2023-05-27
Other,Misc Expense,8.12,2023-03-10
Utilities,Gas Bill,238.88,2023-02-03
Subscriptions,Netflix,38.21,2024-01-16
Dining,Restaurant,87.37,2024-06-26
Transportation,Fuel,49.21,2023-10-13
Utilities,Electricity Bill,70.93,2024-06-14
Dining,Food Delivery,20.31,2023-09-24
Housing,Mortgage,1456.63,2024-12-11
Dining,Restaurant,21.03,2023-03-17
Dining,Restaurant,135.11,2024-03-31
Groceries,Vegetables,145.23,2023-11-24
Housing,Mortgage,1370.0,2023-10-25
Transportation,Train Ticket,107.64,2024-12-18
Housing,Rent,1312.26,2023-05-05
Utilities,Water Bill,138.68,2024-01-05
Subscriptions,Gym Membership,33.13,2024-07-18
Utilities,Electricity Bill,117.6,2024-05-05
Subscriptions,Spotify,33.82,2023-03-17
Utilities,Gas Bill,128.99,2024-11-27
Subscriptions,Spotify,34.02,2024-07-18
Housing,Rent,780.65,2024-05-29
Other,Online Purchase,125.21,2024-06-14
Utilities,Gas Bill,100.99,2024-12-27
Utilities,Gas Bill,144.16,2023-10-18
Other,Online Purchase,39.84,2024-10-12
Subscriptions,Spotify,15.6,2024-06-30
Groceries,Chicken,97.23,2024-08-29
Subscriptions,Netflix,26.86,2024-09-11
Transportation,Uber Ride,124.31,2023-01-30
Groceries,Milk,142.44,2024-08-13
Transportation,Train Ticket,115.74,2024-03-02
Subscriptions,Gym Membership,36.11,2024-07-12
Transportation,Bus Pass,73.99,2024-12-02
Dining,Fast Food,69.67,2024-12-06
Groceries,Bread,67.62,2024-05-10
Dining,Restaurant,53.01,2023-05-28
Transportation,Bus Pass,110.93,2023-12-20
Dining,Restaurant,114.82,2024-06-11
Subscriptions,Netflix,21.33,2023-10-01
Dining,Restaurant,23.71,2023-02-21
Transportation,Fuel,130.03,2024-03-04
Utilities,Water Bill,235.43,2023-11-17
Utilities,Water Bill,143.24,2024-05-25
Transportation,Fuel,6.41,2024-02-07
Subscriptions,Spotify,12.53,2023-12-28
Groceries,Milk,44.36,2024-09-03
Other,Misc Expense,45.01,2023-01-09
Other,Online Purchase,66.35,2023-09-28
Housing,Mortgage,1112.31,2024-02-15
Groceries,Chicken,85.59,2024-01-07
Subscriptions,Spotify,22.65,2024-07-17
Transportation,Uber Ride,21.91,2023-04-10
Dining,Fast Food,119.85,2023-12-14
Subscriptions,Spotify,11.97,2024-06-05
Dining,Food Delivery,8.92,2023-02-09
Utilities,Gas Bill,144.25,2023-06-02
Subscriptions,Gym Membership,37.6,2023-11-23
Utilities,Internet Bill,192.65,2023-11-03
Subscriptions,Spotify,22.84,2024-05-16
Housing,Mortgage,623.29,2023-12-06
Housing,Rent,1417.18,2024-12-05
Housing,Rent,971.74,2024-11-02
Other,Online Purchase,109.05,2024-08-20
Dining,Restaurant,80.06,2024-09-26
Other,Misc Expense,24.72,2024-11-28
Utilities,Electricity Bill,184.11,2023-07-15
Groceries,Rice,49.11,2023-06-05
Dining,Food Delivery,32.97,2024-05-28
Other,Misc Expense,131.3,2023-03-05
Housing,Rent,1385.24,2024-11-09
Dining,Food Delivery,58.39,2023-06-27
Dining,Food Delivery,53.32,2023-12-29
Housing,Mortgage,869.17,2023-09-10
Transportation,Bus Pass,36.06,2023-11-01
Other,Misc Expense,106.62,2024-12-07
Housing,Mortgage,1088.32,2023-10-08
Transportation,Uber Ride,87.3,2024-07-10
Dining,Fast Food,123.3,2023-05-30
Transportation,Uber Ride,45.28,2023-03-22
Transportation,Fuel,99.43,2024-05-05
Utilities,Water Bill,89.65,2024-07-29
Housing,Mortgage,1461.95,2024-08-23
Utilities,Water Bill,229.14,2023-08-20
Housing,Rent,1178.62,2024-04-28
Groceries,Vegetables,116.3,2023-01-06
Subscriptions,Netflix,37.73,2024-05-02
Dining,Food Delivery,32.32,2023-10-22
Transportation,Bus Pass,97.95,2023-04-02
Housing,Rent,1612.36,2023-02-08
Utilities,Internet Bill,68.67,2023-02-07
Other,Misc Expense,118.83,2023-07-10
Housing,Mortgage,612.97,2024-08-04
Subscriptions,Netflix,16.73,2024-04-10
Housing,Mortgage,787.88,2024-05-31
Dining,Fast Food,31.34,2023-04-26
Transportation,Train Ticket,110.47,2024-10-25
Transportation,Train Ticket,5.07,2023-12-12
Other,Misc Expense,86.46,2023-07-17
Utilities,Internet Bill,143.36,2023-03-30
Dining,Food Delivery,17.02,2023-05-24
Dining,Fast Food,140.57,2023-01-07
Transportation,Fuel,37.62,2023-10-01
Transportation,Bus Pass,88.62,2024-08-09
Groceries,Eggs,99.09,2024-12-10
Utilities,Electricity Bill,132.39,2023-06-13
Dining,Food Delivery,76.87,2024-12-21
Other,Misc Expense,104.47,2024-10-16
Transportation,Bus Pass,93.35,2023-08-13
Utilities,Internet Bill,194.5,2024-09-12
Transportation,Fuel,106.19,2024-04-27
Other,Online Purchase,114.99,2024-11-27
Other,Online Purchase,80.25,2024-06-24
Housing,Mortgage,1389.84,2023-03-05
Other,Online Purchase,87.19,2023-06-03
Utilities,Gas Bill,127.2,2024-11-27
Utilities,Internet Bill,142.28,2023-02-26
Dining,Restaurant,78.45,2024-04-12
Subscriptions,Netflix,28.55,2023-11-12
Housing,Rent,1743.03,2023-08-12
Subscriptions,Netflix,17.06,2023-03-07
Subscriptions,Netflix,7.42,2024-04-28
Groceries,Eggs,63.1,2023-05-19
Other,Misc Expense,58.05,2024-01-27
Dining,Fast Food,58.22,2024-11-30
Housing,Rent,1086.88,2023-07-02
Subscriptions,Spotify,30.48,2023-08-17
Other,Online Purchase,114.16,2023-11-02
Dining,Food Delivery,108.71,2024-03-10
Subscriptions,Spotify,13.66,2023-12-21
Utilities,Gas Bill,222.55,2023-04-26
Groceries,Vegetables,64.63,2023-01-17
Utilities,Water Bill,160.67,2024-04-02
Subscriptions,Gym Membership,6.7,2023-02-15
Dining,Fast Food,37.45,2023-08-11
Other,Online Purchase,23.6,2023-10-24
Utilities,Gas Bill,199.96,2023-11-25
Utilities,Gas Bill,246.85,2024-06-17
Utilities,Internet Bill,43.41,2024-08-28
Housing,Rent,1198.08,2024-05-22
Groceries,Eggs,141.41,2024-11-18
Dining,Food Delivery,49.85,2024-03-02
Dining,Restaurant,47.08,2023-07-08
Other,Misc Expense,38.42,2023-08-19
Transportation,Train Ticket,121.45,2023-03-01
Subscriptions,Spotify,24.51,2023-05-18
Dining,Restaurant,40.48,2023-12-05
Housing,Rent,1785.99,2023-04-05
Subscriptions,Gym Membership,6.8,2024-01-22
Housing,Rent,863.43,2024-08-24
Housing,Rent,1817.26,2023-12-07
Transportation,Uber Ride,34.14,2023-07-14
Housing,Rent,1656.06,2023-09-06
Housing,Rent,935.06,2023-11-26
Other,Misc Expense,58.96,2024-06-30
Housing,Mortgage,1103.5,2024-05-24
Dining,Restaurant,121.01,2024-04-25
Other,Misc Expense,137.41,2024-01-15
Transportation,Fuel,9.72,2023-08-15
Housing,Rent,1374.64,2024-08-21
Subscriptions,Gym Membership,10.33,2023-12-04
Utilities,Internet Bill,84.06,2024-07-17
Housing,Mortgage,1750.23,2024-10-19
Housing,Mortgage,1625.88,2023-12-27
Utilities,Water Bill,137.43,2024-07-09
Housing,Rent,1774.7,2023-03-18
Other,Online Purchase,115.36,2024-02-27
Utilities,Water Bill,63.23,2023-08-12
Subscriptions,Spotify,26.62,2024-11-13
Subscriptions,Spotify,5.55,2024-06-28
Subscriptions,Spotify,23.53,2023-10-09
Subscriptions,Spotify,33.46,2024-11-21
Dining,Restaurant,18.73,2023-04-09
Subscriptions,Netflix,26.69,2023-09-16
Other,Misc Expense,42.3,2024-02-11
Groceries,Eggs,144.02,2024-04-15
Subscriptions,Netflix,12.91,2024-12-01
Other,Online Purchase,99.1,2024-10-27
Other,Online Purchase,16.74,2024-01-24
Dining,Food Delivery,72.97,2024-10-14
Groceries,Vegetables,28.19,2024-05-26
Other,Misc Expense,97.8,2023-12-06
Subscriptions,Netflix,37.17,2023-08-24
Utilities,Internet Bill,233.32,2024-12-01
Transportation,Uber Ride,29.37,2023-11-19
Groceries,Bread,89.29,2024-12-30
Other,Misc Expense,139.54,2023-11-03
Utilities,Water Bill,216.88,2024-11-24
Subscriptions,Spotify,30.89,2024-12-06
Housing,Rent,1964.05,2023-02-24
Groceries,Rice,37.13,2023-03-19
Transportation,Fuel,145.43,2023-12-01
Groceries,Vegetables,43.18,2024-04-06
Dining,Restaurant,55.3,2024-01-20
Dining,Restaurant,102.92,2024-11-07
Dining,Restaurant,116.51,2023-10-30
Other,Online Purchase,107.83,2023-03-26
Transportation,Train Ticket,58.86,2024-10-11
Utilities,Internet Bill,53.44,2023-01-06
Transportation,Fuel,55.91,2023-10-04
Groceries,Bread,15.83,2024-03-17
Dining,Food Delivery,84.55,2024-02-22
Groceries,Milk,16.17,2024-07-21
Groceries,Chicken,90.91,2023-11-29
Other,Misc Expense,4.81,2024-02-28
Dining,Restaurant,109.55,2024-07-26
Utilities,Water Bill,67.29,2023-10-03
Transportation,Bus Pass,75.49,2023-03-06
Utilities,Internet Bill,95.95,2023-03-20
Transportation,Bus Pass,141.8,2024-10-02
Dining,Food Delivery,93.65,2024-04-13
Groceries,Bread,47.78,2024-02-10
Transportation,Fuel,121.2,2023-12-04
Dining,Fast Food,66.3,2024-10-28
Subscriptions,Netflix,26.11,2024-12-12
Utilities,Internet Bill,242.21,2023-11-23
Transportation,Fuel,145.26,2023-09-06
Transportation,Fuel,44.2,2024-02-07
Transportation,Uber Ride,140.01,2023-07-24
Subscriptions,Gym Membership,31.87,2023-01-28
Housing,Mortgage,893.51,2023-10-26
Other,Online Purchase,123.39,2024-02-23
Housing,Mortgage,1023.97,2023-09-16
Housing,Rent,1704.71,2023-03-17
Dining,Food Delivery,73.45,2024-02-15
Subscriptions,Gym Membership,35.44,2024-03-04
Subscriptions,Netflix,17.58,2024-07-03
Subscriptions,Gym Membership,8.83,2023-09-12
Housing,Mortgage,1457.75,2024-07-30
Housing,Mortgage,1064.24,2024-03-16
Groceries,Milk,17.5,2023-08-16
Subscriptions,Gym Membership,25.32,2024-08-12
Utilities,Internet Bill,131.87,2024-11-26
Subscriptions,Gym Membership,17.07,2023-01-26
Dining,Restaurant,46.43,2023-03-29
Groceries,Vegetables,23.83,2023-11-16
Transportation,Fuel,118.29,2024-06-17
Dining,Fast Food,73.0,2024-03-24
Housing,Mortgage,1020.37,2024-12-28
Groceries,Milk,127.83,2024-10-25
Groceries,Vegetables,120.61,2023-09-07
Subscriptions,Netflix,16.58,2024-03-12
Dining,Restaurant,120.27,2024-10-06
Utilities,Water Bill,125.07,2023-01-30
Housing,Rent,1201.37,2023-01-05
Housing,Rent,1653.26,2023-03-06
Subscriptions,Netflix,23.79,2024-01-10
Transportation,Train Ticket,70.26,2023-09-26
Housing,Mortgage,1494.75,2024-09-03
Dining,Food Delivery,60.7,2023-04-27
Transportation,Bus Pass,127.29,2024-09-24
Utilities,Gas Bill,159.84,2024-11-19
Utilities,Gas Bill,97.18,2023-07-07
Transportation,Train Ticket,78.09,2024-03-04
Subscriptions,Netflix,19.81,2024-05-13
Housing,Rent,1285.5,2023-05-24
Utilities,Gas Bill,166.27,2024-01-03
Groceries,Rice,23.07,2024-01-29
Subscriptions,Gym Membership,19.32,2024-05-18
Dining,Food Delivery,126.46,2024-05-15
Utilities,Electricity Bill,205.09,2023-08-14
Transportation,Uber Ride,43.4,2024-07-04
Transportation,Train Ticket,117.77,2024-08-02
Housing,Mortgage,758.5,2023-04-27
Transportation,Bus Pass,82.68,2023-02-12
Other,Misc Expense,83.31,2024-03-11
Groceries,Vegetables,125.02,2023-09-11
Transportation,Uber Ride,69.11,2023-12-23
Other,Online Purchase,67.54,2023-05-01
Other,Online Purchase,33.85,2024-08-25
Housing,Mortgage,1454.37,2024-03-14
Utilities,Water Bill,208.98,2023-03-02
Subscriptions,Spotify,25.89,2023-06-22
Transportation,Bus Pass,45.53,2023-10-01
Other,Online Purchase,22.93,2024-02-26
Groceries,Eggs,130.46,2023-05-10
Housing,Rent,1595.95,2023-09-11
Other,Misc Expense,74.95,2024-08-14
Housing,Mortgage,1125.24,2023-03-19
Housing,Rent,1649.72,2024-12-12
Transportation,Fuel,142.69,2023-12-02
Subscriptions,Netflix,34.65,2023-04-06
Housing,Mortgage,1576.2,2023-03-06
Other,Misc Expense,35.02,2024-03-15
Other,Online Purchase,75.72,2023-11-27
Other,Misc Expense,52.65,2024-08-14
Utilities,Internet Bill,226.71,2023-02-19
Groceries,Milk,95.05,2024-04-15
Groceries,Milk,139.63,2023-06-11
Dining,Fast Food,3.1,2024-03-14
Utilities,Water Bill,96.41,2023-10-08
Groceries,Vegetables,55.98,2023-03-26
Transportation,Train Ticket,10.61,2024-10-02
Transportation,Train Ticket,66.1,2023-04-04
Housing,Rent,1267.53,2023-05-16
Subscriptions,Netflix,20.58,2023-01-09
Housing,Mortgage,1983.42,2024-03-08
Housing,Rent,920.53,2023-04-02
Housing,Rent,1114.59,2023-11-03
Utilities,Internet Bill,195.69,2023-05-17
Housing,Rent,1388.61,2024-09-16
Housing,Rent,1611.4,2024-10-05
Housing,Rent,1462.51,2024-03-29
Other,Online Purchase,15.74,2023-04-13
Utilities,Electricity Bill,114.49,2024-03-15
Transportation,Train Ticket,39.42,2024-10-22
Groceries,Bread,84.35,2024-09-06
Housing,Mortgage,1566.67,2024-11-05
Transportation,Train Ticket,79.11,2024-06-05
Utilities,Internet Bill,42.01,2023-09-03
Dining,Fast Food,19.57,2024-05-26
Housing,Rent,1968.78,2024-01-05
Transportation,Train Ticket,59.87,2024-08-05
Dining,Fast Food,83.31,2023-06-26
Other,Misc Expense,143.3,2023-03-16
Groceries,Chicken,12.93,2023-09-26
Utilities,Electricity Bill,238.71,2024-02-12
Subscriptions,Spotify,22.54,2024-03-01
Dining,Food Delivery,62.13,2024-10-17
Subscriptions,Gym Membership,14.71,2023-11-14
Groceries,Chicken,138.38,2023-06-09
Subscriptions,Spotify,27.2,2024-10-27
Housing,Rent,1212.48,2023-09-02
Groceries,Bread,15.67,2024-03-20
Groceries,Rice,93.01,2023-02-26
Transportation,Train Ticket,20.56,2024-12-25
Utilities,Electricity Bill,239.66,2024-06-19
Subscriptions,Gym Membership,18.02,2023-10-03
Housing,Rent,641.1,2024-03-15
Transportation,Uber Ride,41.65,2024-08-13
Housing,Rent,1315.09,2023-02-26
Dining,Food Delivery,27.53,2023-06-11
Transportation,Uber Ride,134.46,2024-11-21
Housing,Rent,1312.35,2023-02-15
Other,Online Purchase,38.95,2024-04-28
Transportation,Fuel,138.27,2023-07-03
Other,Online Purchase,84.27,2024-11-02
Dining,Restaurant,50.3,2024-03-02
Housing,Mortgage,709.04,2024-01-17
Groceries,Chicken,101.98,2023-02-23
Utilities,Water Bill,245.91,2024-02-15
Groceries,Rice,130.31,2023-11-15
Transportation,Uber Ride,84.3,2023-01-09
Transportation,Train Ticket,45.86,2023-11-08
Housing,Rent,1428.37,2024-05-20
Other,Online Purchase,110.67,2024-07-13
Other,Online Purchase,25.13,2024-02-24
Groceries,Bread,82.61,2024-10-13
Other,Online Purchase,142.8,2023-01-02
Other,Misc Expense,127.8,2023-11-11
Groceries,Bread,80.88,2023-09-01
Dining,Fast Food,144.29,2023-05-26
Housing,Mortgage,1889.78,2024-06-16
Dining,Food Delivery,134.65,2024-04-14
Housing,Rent,1307.6,2024-10-14
Other,Misc Expense,14.0,2024-08-04
Groceries,Rice,100.38,2023-05-14
Utilities,Gas Bill,99.3,2024-02-07
Housing,Mortgage,980.74,2023-03-18
Utilities,Water Bill,158.64,2023-06-09
Groceries,Bread,69.09,2023-11-18
Dining,Restaurant,81.78,2023-08-01
Dining,Fast Food,71.11,2023-05-03
Groceries,Bread,121.72,2023-11-08
Other,Online Purchase,34.61,2023-12-02
Utilities,Electricity Bill,243.05,2024-02-10
Subscriptions,Netflix,14.11,2023-06-28
Groceries,Rice,128.63,2024-07-23
Housing,Rent,742.67,2023-05-24
Groceries,Milk,12.07,2023-08-16
Utilities,Water Bill,111.89,2024-10-07
Housing,Rent,962.35,2023-03-18
Groceries,Milk,32.07,2024-10-23
Dining,Restaurant,16.52,2023-12-06
Groceries,Milk,141.52,2023-02-21
Utilities,Internet Bill,116.9,2023-01-31
Dining,Food Delivery,65.72,2023-12-29
Utilities,Water Bill,128.12,2023-06-02
Groceries,Chicken,94.02,2023-09-09
Housing,Mortgage,1835.89,2024-05-05
Groceries,Milk,44.13,2023-05-21
Dining,Restaurant,97.47,2024-06-22
Utilities,Electricity Bill,202.02,2024-01-03
Dining,Food Delivery,117.87,2023-12-19
Subscriptions,Gym Membership,14.47,2023-01-27
Transportation,Train Ticket,7.31,2023-10-15
Groceries,Rice,80.83,2024-08-21
Utilities,Water Bill,174.51,2023-09-30
Subscriptions,Gym Membership,39.87,2023-08-13
Subscriptions,Spotify,34.37,2023-06-27
Utilities,Water Bill,207.37,2024-12-15
Transportation,Uber Ride,106.41,2023-12-27
Subscriptions,Gym Membership,38.19,2024-05-19
Subscriptions,Spotify,6.33,2023-02-27
Utilities,Water Bill,135.16,2023-12-06
Subscriptions,Netflix,16.93,2023-07-01
Other,Misc Expense,11.75,2023-06-01
Subscriptions,Gym Membership,32.1,2024-06-22
Other,Misc Expense,144.2,2024-01-18
Housing,Mortgage,1071.19,2023-11-27
Utilities,Water Bill,126.11,2024-10-16
Dining,Food Delivery,49.64,2024-12-25
Subscriptions,Gym Membership,26.48,2024-01-01
Utilities,Water Bill,191.48,2023-10-29
Utilities,Water Bill,238.73,2024-08-09
Dining,Food Delivery,7.76,2024-09-08
Transportation,Train Ticket,97.03,2023-04-17
Dining,Restaurant,51.68,2023-03-21
Utilities,Gas Bill,66.94,2023-04-01
Other,Misc Expense,68.65,2023-09-29
Utilities,Water Bill,107.11,2023-04-21
Housing,Rent,1213.51,2024-03-05
Utilities,Internet Bill,113.32,2024-07-13
Dining,Restaurant,124.83,2024-08-14
Housing,Rent,703.19,2023-02-04
Transportation,Uber Ride,49.85,2023-04-18
Groceries,Eggs,28.01,2024-01-20
Utilities,Electricity Bill,227.59,2023-04-06
Transportation,Fuel,106.56,2024-03-17
Housing,Rent,1207.88,2023-02-24
Groceries,Eggs,33.22,2023-07-14
Dining,Food Delivery,84.45,2024-07-07
Transportation,Bus Pass,46.72,2023-04-09
Groceries,Rice,87.05,2024-05-17
Utilities,Electricity Bill,124.07,2023-10-29
Other,Misc Expense,32.35,2023-01-27
Utilities,Water Bill,244.95,2024-04-29
Other,Online Purchase,48.33,2024-02-12
Dining,Fast Food,134.55,2023-09-29
Groceries,Vegetables,82.99,2023-07-09
Transportation,Fuel,57.3,2024-04-01
Groceries,Eggs,67.64,2023-09-27
Utilities,Gas Bill,63.25,2024-12-14
Housing,Rent,1081.31,2024-07-08
Dining,Food Delivery,36.44,2023-03-04
Other,Misc Expense,123.31,2024-03-04
Subscriptions,Gym Membership,21.62,2023-08-30
Dining,Fast Food,14.61,2023-02-05
Subscriptions,Gym Membership,33.02,2024-11-24
Subscriptions,Netflix,31.5,2023-06-27
Utilities,Water Bill,57.76,2024-03-09
Groceries,Vegetables,67.0,2024-10-04
Utilities,Gas Bill,189.96,2023-03-10
Groceries,Rice,84.79,2024-07-19
Transportation,Bus Pass,79.39,2023-01-13
Other,Misc Expense,19.54,2023-06-03
Utilities,Electricity Bill,153.79,2023-04-14
Other,Misc Expense,130.52,2023-12-19
Dining,Fast Food,59.31,2024-05-12
Subscriptions,Gym Membership,11.03,2024-02-17
Utilities,Internet Bill,225.71,2023-12-06
Housing,Rent,1265.31,2023-10-03
Transportation,Uber Ride,52.67,2023-11-07
Transportation,Bus Pass,126.9,2024-12-13
Housing,Rent,919.14,2023-11-04
Housing,Mortgage,1049.22,2024-03-02
Subscriptions,Gym Membership,20.46,2024-02-21
Housing,Mortgage,1814.06,2023-02-27
Subscriptions,Netflix,29.83,2024-02-18
Utilities,Electricity Bill,222.54,2023-07-25
Other,Online Purchase,39.68,2024-04-12
Groceries,Eggs,106.58,2023-10-08
Transportation,Fuel,77.25,2024-10-12
Groceries,Vegetables,7.49,2024-01-17
Dining,Food Delivery,68.58,2024-04-30
Subscriptions,Gym Membership,10.72,2023-09-22
Housing,Rent,1141.19,2023-06-16
Other,Online Purchase,129.0,2024-10-24
Utilities,Water Bill,120.09,2023-01-21
Other,Online Purchase,72.69,2023-05-16
Housing,Rent,611.85,2023-09-16
Subscriptions,Spotify,29.83,2023-10-09
Dining,Fast Food,128.18,2024-04-15
Transportation,Train Ticket,71.6,2024-11-24
Subscriptions,Gym Membership,8.58,2024-06-07
Housing,Mortgage,1431.28,2023-10-17
Transportation,Uber Ride,73.82,2023-12-11
Transportation,Bus Pass,129.64,2023-09-25
Housing,Mortgage,1324.21,2023-09-04
Groceries,Chicken,62.4,2023-11-24
Housing,Rent,1517.56,2023-10-30
Transportation,Fuel,62.48,2023-02-06
Subscriptions,Gym Membership,33.56,2023-12-18
Housing,Rent,1493.64,2024-05-02
Housing,Mortgage,1783.59,2024-11-04
Subscriptions,Netflix,21.48,2023-09-22
Housing,Rent,1859.43,2024-11-01
Groceries,Bread,55.23,2023-11-11
Dining,Fast Food,57.64,2024-08-22
Transportation,Fuel,128.13,2024-04-26
Groceries,Vegetables,88.79,2024-09-27
Groceries,Rice,133.75,2024-05-27
Groceries,Vegetables,59.11,2023-11-02
Dining,Restaurant,131.01,2023-06-04
Utilities,Water Bill,247.18,2024-04-13
Utilities,Gas Bill,69.68,2023-03-24
Dining,Fast Food,95.76,2023-07-01
Transportation,Uber Ride,3.69,2023-10-08
Utilities,Water Bill,64.86,2023-04-01
Utilities,Internet Bill,118.75,2024-05-03
Dining,Restaurant,8.55,2023-07-24
Housing,Mortgage,1848.81,2024-06-27
Utilities,Electricity Bill,167.87,2023-09-12
Utilities,Gas Bill,52.6,2024-05-30
Subscriptions,Spotify,33.83,2023-11-02
Transportation,Fuel,109.99,2024-09-02
Subscriptions,Spotify,29.04,2023-05-18
Transportation,Fuel,55.81,2023-07-12
Utilities,Internet Bill,79.35,2023-05-15
Utilities,Electricity Bill,67.18,2024-01-11
Housing,Rent,1496.45,2024-07-01
Subscriptions,Netflix,6.68,2023-04-21
Housing,Rent,762.11,2024-03-30
Dining,Restaurant,83.45,2024-04-30
Housing,Rent,1560.04,2023-01-10
Transportation,Fuel,100.26,2024-11-09
Subscriptions,Spotify,29.53,2024-03-04
Other,Online Purchase,78.2,2024-09-24
Groceries,Eggs,19.76,2023-04-19
Dining,Restaurant,92.52,2023-09-27
Other,Online Purchase,55.61,2024-02-24
Transportation,Train Ticket,8.79,2024-05-23
Utilities,Internet Bill,30.6,2024-11-18
Groceries,Milk,125.78,2024-11-16
Dining,Restaurant,142.57,2024-06-07
Groceries,Vegetables,109.37,2023-09-20
Housing,Rent,1968.21,2023-09-28
Dining,Restaurant,17.67,2023-06-28
Other,Online Purchase,128.28,2024-01-04
Other,Misc Expense,65.62,2023-04-29
Groceries,Milk,4.42,2023-05-22
Housing,Rent,1852.34,2024-09-28
Transportation,Uber Ride,57.78,2023-12-17
Utilities,Electricity Bill,241.71,2023-10-06
Other,Misc Expense,104.42,2024-05-04
Other,Misc Expense,98.38,2023-06-20
Groceries,Bread,105.34,2023-03-02
Other,Online Purchase,18.25,2024-08-27
Dining,Food Delivery,102.72,2023-07-05
Subscriptions,Spotify,26.4,2024-12-01
Other,Online Purchase,74.01,2024-05-14
Groceries,Rice,67.78,2023-03-06
Transportation,Bus Pass,4.82,2024-11-25
Subscriptions,Gym Membership,24.78,2024-11-16
Other,Misc Expense,79.31,2024-12-05
Housing,Rent,1617.31,2024-05-08
Transportation,Fuel,24.85,2024-07-25
Subscriptions,Netflix,37.7,2024-06-01
Other,Misc Expense,128.23,2023-06-19
Groceries,Rice,50.13,2023-12-05
Transportation,Uber Ride,77.52,2024-07-17
Housing,Mortgage,929.0,2024-04-15
Dining,Food Delivery,68.87,2024-05-25
Dining,Fast Food,20.45,2024-05-24
Housing,Rent,1177.27,2024-07-24
Subscriptions,Netflix,32.71,2024-09-25
Housing,Mortgage,1387.27,2024-11-01
Housing,Mortgage,1108.68,2023-02-25
Other,Online Purchase,127.11,2023-12-06
Subscriptions,Gym Membership,30.08,2024-01-08
Housing,Mortgage,1663.05,2023-08-16
Groceries,Eggs,55.21,2024-10-10
Other,Misc Expense,83.51,2024-01-18
Housing,Rent,829.82,2023-05-24
Other,Misc Expense,18.72,2024-09-17
Utilities,Water Bill,217.48,2023-08-09
Dining,Restaurant,108.37,2023-04-21
Other,Misc Expense,9.84,2024-10-10
Other,Online Purchase,116.51,2024-04-06
Dining,Food Delivery,89.63,2024-05-31
Utilities,Internet Bill,191.97,2024-07-20
Dining,Food Delivery,73.99,2024-06-04
Other,Online Purchase,104.7,2023-06-27
Housing,Rent,1520.53,2024-09-12
Transportation,Fuel,64.54,2024-09-15
Housing,Rent,1949.03,2023-10-29
Dining,Restaurant,23.31,2024-09-08
Housing,Mortgage,1366.93,2023-11-18
Housing,Rent,1473.83,2023-10-25
Housing,Mortgage,785.74,2024-12-28
Housing,Rent,1572.04,2023-11-27
Housing,Rent,1387.19,2024-08-19
Subscriptions,Gym Membership,28.6,2024-06-30
Transportation,Fuel,121.82,2024-06-19
Groceries,Milk,58.99,2023-02-24
Housing,Rent,1650.26,2023-06-14
Transportation,Bus Pass,24.52,2023-03-05
Housing,Mortgage,1357.64,2024-01-03
Other,Misc Expense,18.06,2024-11-22
Housing,Rent,1385.78,2023-09-01
Subscriptions,Gym Membership,28.26,2024-01-26
Dining,Fast Food,143.64,2024-12-02
Transportation,Uber Ride,4.91,2023-09-15
Utilities,Internet Bill,230.53,2024-12-22
Housing,Mortgage,1365.26,2024-09-09
Utilities,Water Bill,69.03,2024-11-30
Groceries,Bread,144.48,2024-06-10
Groceries,Rice,8.97,2023-10-13
Subscriptions,Spotify,25.44,2023-09-19
Groceries,Eggs,71.55,2023-06-08
Groceries,Bread,139.51,2024-09-03
Groceries,Vegetables,93.49,2024-11-08
Transportation,Fuel,119.12,2024-07-17
Transportation,Uber Ride,118.25,2023-11-22
Subscriptions,Netflix,23.22,2024-06-01
Utilities,Internet Bill,118.75,2023-12-24
Utilities,Water Bill,102.83,2023-10-28
Utilities,Internet Bill,211.21,2024-10-26
Groceries,Milk,101.33,2024-04-01
Utilities,Water Bill,180.16,2023-11-25
Dining,Restaurant,59.72,2024-07-07
Housing,Mortgage,1323.61,2024-01-19
Subscriptions,Gym Membership,6.53,2024-10-29
Utilities,Gas Bill,238.61,2023-06-21
Other,Online Purchase,95.16,2023-08-04
Housing,Rent,1193.89,2023-04-17
Utilities,Internet Bill,236.75,2024-12-03
Utilities,Electricity Bill,102.98,2023-03-31
Groceries,Milk,29.16,2023-09-15
Subscriptions,Netflix,12.97,2023-09-22
Dining,Fast Food,69.32,2024-02-19
Dining,Fast Food,5.48,2024-11-20
Groceries,Chicken,3.87,2024-09-25
Groceries,Vegetables,89.08,2024-12-18
Other,Online Purchase,55.58,2024-05-29
Groceries,Eggs,118.67,2023-11-05
Subscriptions,Netflix,37.43,2024-01-26
Dining,Food Delivery,7.53,2023-06-10
Subscriptions,Netflix,18.68,2024-07-12
Transportation,Train Ticket,46.81,2024-10-25
Transportation,Uber Ride,84.37,2024-07-22
Utilities,Electricity Bill,156.0,2024-02-08
Subscriptions,Gym Membership,15.66,2023-12-19
Utilities,Internet Bill,217.32,2023-05-26
Utilities,Water Bill,213.64,2023-07-18
Groceries,Bread,101.63,2024-08-03
Other,Online Purchase,128.15,2024-07-16
Dining,Food Delivery,83.8,2023-10-25
Housing,Rent,876.38,2024-08-17
Dining,Fast Food,55.5,2024-11-18
Housing,Rent,1467.32,2023-07-18
Transportation,Fuel,69.24,2024-09-23
Housing,Mortgage,813.35,2024-08-03
Transportation,Bus Pass,143.92,2023-06-22
Groceries,Eggs,39.19,2023-08-15
Housing,Mortgage,1103.28,2024-11-26
Housing,Mortgage,1247.99,2024-01-03
Other,Misc Expense,74.58,2023-04-22
Utilities,Electricity Bill,218.92,2023-05-24
Subscriptions,Netflix,36.02,2023-03-20
Housing,Rent,1789.42,2024-10-08
Groceries,Chicken,88.1,2024-08-27
Utilities,Electricity Bill,149.56,2024-07-06
Dining,Food Delivery,116.95,2024-01-10
Dining,Restaurant,134.04,2024-08-26
Housing,Mortgage,1301.57,2023-04-03
Dining,Fast Food,76.82,2024-11-09
Utilities,Water Bill,60.88,2023-06-13
Utilities,Water Bill,136.37,2024-01-03
Groceries,Bread,114.94,2023-08-26
Groceries,Eggs,57.31,2023-02-13
Housing,Rent,1708.04,2024-02-02
Dining,Fast Food,132.59,2023-02-10
Housing,Mortgage,1955.82,2024-10-10
Other,Misc Expense,125.73,2023-09-27
Subscriptions,Gym Membership,18.18,2024-01-23
Transportation,Uber Ride,78.95,2024-01-21
Utilities,Internet Bill,220.9,2024-05-13
Other,Misc Expense,133.41,2023-01-07
Subscriptions,Netflix,13.05,2024-06-10
Housing,Mortgage,861.67,2024-01-06
Subscriptions,Gym Membership,28.14,2024-02-29
Other,Misc Expense,108.88,2024-05-08
Housing,Mortgage,1427.11,2024-10-24
Other,Misc Expense,6.3,2023-02-14
Utilities,Water Bill,142.78,2024-08-09
Utilities,Electricity Bill,232.94,2024-06-13
Dining,Food Delivery,145.48,2024-10-14
Groceries,Vegetables,110.01,2023-10-18
Groceries,Bread,69.03,2024-04-27
Other,Misc Expense,28.07,2024-02-25
Subscriptions,Netflix,33.72,2023-07-06
Subscriptions,Gym Membership,10.87,2024-12-03
Transportation,Fuel,90.69,2023-03-12
Utilities,Internet Bill,53.89,2023-07-27
Subscriptions,Gym Membership,33.93,2024-09-12
Groceries,Bread,72.95,2024-09-21
Subscriptions,Netflix,23.6,2023-05-01
Groceries,Rice,99.93,2024-09-09
Subscriptions,Netflix,32.12,2024-10-26
Dining,Food Delivery,64.84,2023-02-14
Housing,Mortgage,1723.22,2024-01-26
Transportation,Uber Ride,65.55,2023-09-18
Dining,Restaurant,136.78,2023-03-27
Transportation,Fuel,40.9,2023-01-06
Housing,Rent,764.96,2023-01-08
Dining,Food Delivery,33.2,2023-11-20
Dining,Fast Food,18.67,2024-03-12
Housing,Mortgage,1350.55,2024-08-01
Transportation,Bus Pass,148.79,2024-02-11
Other,Online Purchase,63.74,2024-07-24
Dining,Restaurant,57.42,2024-07-22
Dining,Fast Food,148.31,2024-08-14
Transportation,Fuel,111.16,2024-11-06
Groceries,Vegetables,36.78,2024-12-17
Utilities,Electricity Bill,118.12,2023-12-13
Other,Online Purchase,26.63,2024-10-13
Groceries,Milk,124.02,2024-04-27
Subscriptions,Spotify,14.21,2024-01-15
Groceries,Chicken,8.55,2024-01-29
Dining,Food Delivery,99.46,2023-10-21
Housing,Rent,1748.32,2024-10-17
Dining,Fast Food,4.57,2024-11-03
Other,Misc Expense,31.63,2024-09-05
Subscriptions,Gym Membership,26.53,2024-11-21
Groceries,Eggs,38.17,2023-01-01
Utilities,Electricity Bill,201.53,2023-12-28
Housing,Mortgage,880.43,2023-01-16
Housing,Rent,1369.43,2024-07-26
Subscriptions,Spotify,33.54,2023-08-20
Subscriptions,Netflix,19.14,2023-01-05
Transportation,Train Ticket,62.85,2023-04-20
Subscriptions,Netflix,16.9,2023-04-30
Other,Misc Expense,131.79,2024-08-11
Transportation,Fuel,145.01,2024-07-30
Dining,Restaurant,114.35,2024-04-14
Housing,Mortgage,1806.83,2024-05-08
Groceries,Eggs,12.93,2024-10-10
Other,Online Purchase,102.51,2023-08-24
Other,Misc Expense,63.63,2023-12-28
Subscriptions,Gym Membership,34.13,2023-09-12
Transportation,Uber Ride,61.64,2023-12-17
Groceries,Chicken,139.92,2024-05-02
Transportation,Bus Pass,35.13,2024-08-10
Transportation,Train Ticket,142.23,2024-11-30
Utilities,Internet Bill,81.67,2023-09-05
Other,Misc Expense,33.4,2023-07-27
Other,Online Purchase,125.94,2023-12-31
Utilities,Electricity Bill,47.27,2024-11-10
Dining,Food Delivery,3.97,2024-07-08
Groceries,Rice,57.57,2023-11-19
Dining,Food Delivery,130.71,2024-05-17
Utilities,Gas Bill,195.04,2023-05-12
Groceries,Chicken,120.49,2024-05-04
Subscriptions,Netflix,18.78,2024-12-03
Other,Online Purchase,70.21,2023-05-04
Housing,Mortgage,611.79,2024-11-21
Utilities,Internet Bill,101.6,2024-09-19
Other,Misc Expense,30.51,2023-09-27
Utilities,Gas Bill,164.88,2024-01-10
Utilities,Internet Bill,122.2,2024-01-17
Transportation,Fuel,44.11,2023-07-04
Subscriptions,Netflix,29.01,2023-04-13
Housing,Mortgage,1377.48,2024-01-26
Utilities,Water Bill,192.48,2024-04-29
Other,Online Purchase,28.96,2024-05-26
Utilities,Gas Bill,96.01,2024-07-29
Other,Online Purchase,61.57,2024-12-08
Utilities,Electricity Bill,85.94,2024-10-06
Groceries,Rice,112.46,2023-09-24
Transportation,Bus Pass,85.37,2023-09-21
Transportation,Uber Ride,63.53,2023-12-26
Other,Online Purchase,87.8,2024-10-27
Housing,Rent,998.45,2023-11-29
Housing,Mortgage,1225.7,2023-03-22
Dining,Food Delivery,45.12,2024-10-08
Utilities,Water Bill,234.28,2024-03-07
Housing,Mortgage,699.88,2023-06-15
Transportation,Train Ticket,49.08,2024-10-30
Transportation,Bus Pass,91.99,2024-02-09
Transportation,Fuel,117.8,2024-01-07
Housing,Mortgage,857.44,2023-01-24
Utilities,Water Bill,236.9,2024-12-18
Housing,Rent,1155.86,2023-04-08
Groceries,Rice,83.62,2023-01-27
Other,Misc Expense,80.03,2023-03-27
Groceries,Eggs,93.86,2023-03-28
Housing,Mortgage,946.36,2023-10-18
Dining,Food Delivery,21.58,2024-06-23
Other,Online Purchase,7.2,2024-11-10
Transportation,Bus Pass,130.04,2024-04-23
Other,Misc Expense,83.64,2023-05-19
Housing,Rent,1239.16,2024-10-13
Subscriptions,Spotify,27.38,2023-11-14
Transportation,Fuel,82.33,2023-04-02
Dining,Fast Food,56.77,2023-09-24
Utilities,Gas Bill,145.13,2023-05-20
Transportation,Bus Pass,71.97,2023-01-09
Housing,Mortgage,1267.89,2023-01-10
Other,Misc Expense,120.3,2024-09-03
Utilities,Electricity Bill,71.49,2024-07-28
Dining,Fast Food,39.73,2024-10-23
Dining,Fast Food,35.43,2023-03-23
Dining,Food Delivery,38.22,2024-09-19
Other,Misc Expense,44.85,2024-06-28
Other,Misc Expense,63.7,2023-03-12
Utilities,Water Bill,170.12,2024-09-24
Dining,Fast Food,105.97,2024-05-18
Utilities,Gas Bill,40.92,2024-07-01
Groceries,Bread,145.93,2023-10-16
Transportation,Train Ticket,108.13,2023-01-09
Utilities,Electricity Bill,138.59,2023-12-17
Dining,Fast Food,118.5,2024-05-25
Transportation,Fuel,105.45,2023-02-02
Transportation,Uber Ride,127.0,2023-05-30
Groceries,Eggs,117.02,2023-03-15
Subscriptions,Spotify,36.35,2023-09-14
Other,Misc Expense,124.75,2023-05-05
Other,Online Purchase,59.57,2024-03-29
Utilities,Electricity Bill,191.77,2023-04-07
Subscriptions,Gym Membership,21.55,2024-11-28
Transportation,Bus Pass,26.32,2023-02-13
Housing,Rent,1493.93,2023-07-23
Transportation,Uber Ride,129.96,2023-08-12
Groceries,Bread,96.04,2023-11-29
Groceries,Bread,119.78,2024-08-21
Groceries,Rice,119.0,2023-01-10
Groceries,Chicken,118.17,2024-05-01
Housing,Rent,725.27,2023-06-11
Dining,Restaurant,103.83,2023-12-13
Other,Online Purchase,11.79,2024-10-22
Utilities,Electricity Bill,81.19,2024-07-25
Other,Misc Expense,121.41,2024-03-25
Housing,Rent,1128.88,2023-05-18
Transportation,Uber Ride,74.34,2024-03-24
Subscriptions,Spotify,22.15,2024-08-03
Utilities,Gas Bill,133.05,2024-09-05
Other,Online Purchase,13.12,2023-06-08
Dining,Fast Food,123.45,2024-07-08
Transportation,Fuel,3.11,2024-10-15
Subscriptions,Spotify,35.9,2024-09-26
Other,Misc Expense,117.07,2023-09-02
Transportation,Uber Ride,99.77,2024-07-05
Other,Misc Expense,30.91,2024-11-30
Dining,Food Delivery,25.66,2023-10-17
Transportation,Fuel,97.21,2023-04-24
Groceries,Chicken,99.86,2023-02-14
Other,Online Purchase,29.26,2023-02-02
Utilities,Electricity Bill,51.73,2024-08-07
Housing,Mortgage,1336.15,2024-12-19
Subscriptions,Spotify,12.73,2023-03-14
Groceries,Bread,99.4,2023-03-23
Dining,Food Delivery,11.92,2024-07-25
Housing,Mortgage,1711.95,2023-03-01
Other,Misc Expense,80.77,2023-03-14
Other,Misc Expense,14.46,2023-08-10
Subscriptions,Netflix,13.09,2024-01-30
Utilities,Water Bill,84.73,2024-10-02
Utilities,Internet Bill,198.58,2024-08-13
Transportation,Fuel,106.27,2024-03-13
Groceries,Bread,119.49,2024-07-17
Dining,Food Delivery,52.61,2023-06-11
Subscriptions,Gym Membership,17.33,2023-11-19
Subscriptions,Spotify,19.43,2024-10-10
Dining,Food Delivery,50.55,2023-09-04
Subscriptions,Gym Membership,31.8,2023-09-18
Transportation,Fuel,68.78,2024-02-11
Groceries,Vegetables,8.1,2023-10-19
Subscriptions,Netflix,39.77,2023-11-06
Groceries,Eggs,147.71,2023-08-08
Other,Misc Expense,6.19,2024-12-07
Other,Misc Expense,138.11,2024-06-07
Subscriptions,Gym Membership,10.42,2023-02-08
Dining,Fast Food,25.95,2023-09-29
Transportation,Train Ticket,37.25,2023-11-04
Groceries,Chicken,61.77,2023-08-11
Housing,Rent,1710.07,2023-06-27
Dining,Food Delivery,106.32,2023-04-08
Subscriptions,Gym Membership,30.58,2024-08-13
Dining,Restaurant,117.68,2023-12-09
Transportation,Fuel,64.23,2023-05-04
Other,Online Purchase,112.91,2024-09-08
Groceries,Vegetables,117.28,2024-01-27
Groceries,Eggs,80.08,2023-11-23
Subscriptions,Gym Membership,22.58,2023-08-15
Utilities,Electricity Bill,249.42,2024-04-01
Other,Online Purchase,35.65,2023-10-24
Other,Misc Expense,24.76,2023-12-11
Groceries,Rice,87.0,2023-02-20
Subscriptions,Spotify,18.95,2024-03-20
Other,Online Purchase,115.02,2024-05-07
Subscriptions,Netflix,27.83,2023-07-20
Subscriptions,Gym Membership,23.35,2023-09-06
Groceries,Eggs,117.19,2023-11-28
Housing,Rent,1179.01,2024-01-10
Transportation,Train Ticket,50.15,2024-08-31
Housing,Rent,836.96,2023-12-25
Subscriptions,Spotify,20.42,2023-08-28
Utilities,Gas Bill,190.27,2023-03-29
Groceries,Vegetables,11.02,2024-09-27
Utilities,Gas Bill,182.63,2023-04-24
Transportation,Fuel,72.26,2023-12-06
Utilities,Water Bill,145.12,2023-09-22
Subscriptions,Spotify,39.73,2024-12-12
Housing,Rent,1868.46,2024-06-23
Groceries,Eggs,28.04,2023-10-18
Utilities,Gas Bill,174.05,2023-01-09
Groceries,Rice,100.07,2024-11-09
Other,Misc Expense,130.05,2023-01-20
Transportation,Fuel,36.98,2024-01-25
Subscriptions,Gym Membership,16.04,2024-09-03
Subscriptions,Netflix,22.52,2024-04-13
Subscriptions,Gym Membership,13.66,2024-06-26
Transportation,Bus Pass,75.02,2023-06-10
Groceries,Eggs,103.59,2023-12-30
Housing,Mortgage,1969.54,2024-05-28
Transportation,Uber Ride,94.99,2024-02-01
Other,Online Purchase,141.79,2023-10-14
Utilities,Water Bill,116.43,2023-05-21
Groceries,Vegetables,59.18,2024-11-25
Subscriptions,Gym Membership,19.61,2024-08-09
Utilities,Internet Bill,230.14,2023-12-04
Dining,Food Delivery,22.37,2024-10-30
Utilities,Water Bill,97.98,2024-12-23
Subscriptions,Netflix,36.82,2023-05-29
Housing,Rent,1380.28,2023-05-02
Utilities,Gas Bill,62.02,2023-01-31
Other,Misc Expense,132.38,2024-02-28
Dining,Fast Food,68.12,2024-10-14
Housing,Mortgage,863.11,2023-05-15
Utilities,Electricity Bill,164.64,2023-10-01
Subscriptions,Gym Membership,25.87,2023-08-25
Housing,Rent,1563.4,2024-05-03
Utilities,Internet Bill,112.27,2024-02-01
Dining,Fast Food,23.21,2023-07-17
Utilities,Electricity Bill,243.14,2023-10-04
Dining,Restaurant,112.13,2023-07-27
Other,Online Purchase,12.72,2024-03-25
Other,Misc Expense,104.12,2024-04-13
Utilities,Internet Bill,39.2,2024-01-25
Housing,Mortgage,1914.79,2024-08-08
Subscriptions,Gym Membership,35.65,2023-02-09
Subscriptions,Netflix,33.95,2023-02-13
Utilities,Internet Bill,38.64,2024-02-01
Subscriptions,Gym Membership,11.64,2024-03-26
Dining,Fast Food,116.73,2023-10-20
Dining,Restaurant,65.1,2024-09-19
Groceries,Vegetables,78.99,2023-05-26
Dining,Food Delivery,69.4,2024-05-27
Groceries,Bread,117.47,2024-12-13
Subscriptions,Netflix,16.32,2023-01-26
Utilities,Internet Bill,186.78,2023-07-26
Dining,Restaurant,39.76,2024-12-09
Housing,Rent,772.96,2023-04-27
Housing,Mortgage,719.43,2024-12-25
Dining,Food Delivery,119.29,2024-06-07
Subscriptions,Netflix,18.32,2023-06-24
Transportation,Train Ticket,26.83,2023-05-29
Utilities,Electricity Bill,98.09,2024-04-01
Transportation,Train Ticket,20.28,2023-05-15
Utilities,Electricity Bill,85.68,2024-04-14
Dining,Fast Food,82.89,2023-01-06
Subscriptions,Spotify,25.61,2024-05-02
Dining,Fast Food,67.96,2024-09-07
Subscriptions,Netflix,24.16,2024-09-26
Housing,Rent,807.56,2024-10-30
Transportation,Uber Ride,24.37,2023-02-03
Housing,Mortgage,722.78,2023-04-22
Dining,Restaurant,26.72,2023-10-19
Subscriptions,Gym Membership,25.82,2024-07-29
Utilities,Internet Bill,109.24,2023-02-06
Groceries,Eggs,50.45,2024-01-24
Other,Online Purchase,114.49,2024-07-17
Groceries,Eggs,72.21,2023-05-05
Housing,Mortgage,1179.26,2023-08-03
Housing,Rent,753.02,2024-10-06
Subscriptions,Netflix,29.1,2024-12-24
Transportation,Fuel,92.5,2023-11-21
Transportation,Bus Pass,139.28,2024-09-21
Subscriptions,Spotify,27.12,2024-05-19
Other,Online Purchase,132.9,2023-08-27
Housing,Mortgage,602.21,2023-01-25
Dining,Food Delivery,120.12,2023-08-01
Other,Misc Expense,63.86,2023-12-08
Transportation,Train Ticket,4.66,2023-07-26
Housing,Mortgage,694.97,2023-11-04
Subscriptions,Gym Membership,5.21,2024-12-03
Transportation,Bus Pass,61.22,2024-08-05
Subscriptions,Netflix,11.79,2023-12-13
Housing,Mortgage,1716.16,2024-10-23
Utilities,Internet Bill,131.34,2024-07-03
Transportation,Fuel,118.25,2024-02-28
Housing,Rent,1019.08,2024-11-25
Transportation,Uber Ride,33.61,2024-12-02
Transportation,Bus Pass,12.73,2023-06-02
Transportation,Uber Ride,52.86,2024-01-20
Housing,Rent,1145.39,2024-09-01
Groceries,Eggs,106.67,2023-11-19
Housing,Rent,721.52,2023-09-01
Transportation,Fuel,124.93,2023-11-06
Utilities,Gas Bill,112.33,2023-02-08
Other,Online Purchase,137.26,2024-03-30
Subscriptions,Netflix,36.67,2023-06-07
Utilities,Gas Bill,191.14,2024-06-20
Transportation,Bus Pass,24.06,2023-04-11
Other,Online Purchase,33.16,2023-02-07
Dining,Fast Food,107.91,2024-06-18
Groceries,Milk,48.71,2023-02-15
Housing,Rent,1844.86,2023-04-16
Subscriptions,Gym Membership,5.79,2023-11-16
Housing,Rent,869.56,2023-10-11
Subscriptions,Spotify,28.49,2023-10-07
Utilities,Water Bill,33.36,2024-09-29
Subscriptions,Gym Membership,23.99,2024-07-16
Transportation,Bus Pass,23.81,2024-12-22
Other,Misc Expense,87.39,2023-06-25
Groceries,Eggs,93.15,2023-12-13
Subscriptions,Spotify,6.01,2024-11-22
Groceries,Milk,59.39,2023-03-30
Dining,Fast Food,29.31,2024-09-02
Subscriptions,Gym Membership,29.48,2024-09-23
Transportation,Bus Pass,51.85,2023-07-22
Housing,Rent,1658.04,2024-04-21
Subscriptions,Netflix,33.08,2024-12-16
Dining,Restaurant,69.97,2024-12-01
Housing,Mortgage,1926.43,2023-05-28
Other,Misc Expense,137.19,2024-02-06
Utilities,Gas Bill,224.13,2024-04-09
Dining,Restaurant,12.61,2023-04-26
Transportation,Fuel,70.8,2023-06-24
Transportation,Bus Pass,91.85,2023-05-11
Subscriptions,Netflix,30.0,2023-04-20
Transportation,Uber Ride,119.49,2024-06-29
Dining,Fast Food,89.81,2023-09-02
Subscriptions,Netflix,39.09,2024-01-29
Groceries,Eggs,33.61,2024-12-11
Subscriptions,Spotify,20.24,2023-12-17
Subscriptions,Gym Membership,28.19,2023-03-21
Housing,Mortgage,1434.51,2023-11-30
Subscriptions,Netflix,11.17,2024-02-20
Groceries,Chicken,18.99,2024-09-02
Other,Misc Expense,51.13,2024-10-22
Housing,Rent,1743.85,2024-08-17
Other,Online Purchase,114.29,2024-11-07
Utilities,Internet Bill,115.8,2024-08-14
Dining,Restaurant,33.23,2023-11-21
Transportation,Bus Pass,138.02,2024-03-21
Housing,Mortgage,1415.82,2024-09-18
Subscriptions,Spotify,34.84,2023-03-05
Transportation,Uber Ride,3.12,2024-07-27
Other,Misc Expense,19.13,2023-10-16
Other,Online Purchase,37.58,2024-12-20
Subscriptions,Spotify,29.91,2024-02-20
Dining,Fast Food,83.13,2024-11-09
Utilities,Internet Bill,152.19,2024-01-04
Other,Misc Expense,25.68,2024-11-17
Utilities,Water Bill,172.65,2023-05-28
Housing,Mortgage,1964.97,2023-05-20
Groceries,Bread,97.41,2024-03-01
Other,Misc Expense,134.36,2024-12-13
Subscriptions,Spotify,20.9,2024-03-10
Subscriptions,Spotify,12.9,2024-03-10
Subscriptions,Netflix,34.64,2023-08-31
Housing,Mortgage,1364.63,2024-01-11
Groceries,Milk,86.52,2024-12-22
Transportation,Uber Ride,88.3,2024-12-08
Groceries,Bread,110.34,2024-06-23
Other,Misc Expense,71.35,2023-03-22
Subscriptions,Gym Membership,21.54,2024-11-10
Housing,Rent,1354.88,2024-08-16
Transportation,Uber Ride,135.83,2024-07-01
Other,Online Purchase,71.92,2024-06-08
Dining,Food Delivery,110.87,2024-03-07
Transportation,Bus Pass,45.51,2023-02-06
Housing,Mortgage,1389.19,2023-03-04
Housing,Mortgage,1402.0,2024-11-03
Transportation,Uber Ride,45.16,2023-03-26
Utilities,Electricity Bill,91.13,2023-05-16
Subscriptions,Spotify,13.99,2023-04-25
Subscriptions,Netflix,30.86,2024-11-05
Dining,Fast Food,121.75,2023-09-25
Other,Online Purchase,74.28,2024-06-24
Other,Online Purchase,53.4,2023-03-28
Utilities,Water Bill,195.61,2024-02-27
Other,Misc Expense,37.98,2024-03-26
Housing,Rent,1628.11,2023-12-20
Groceries,Vegetables,41.87,2023-04-29
Groceries,Bread,71.21,2024-05-02
Transportation,Fuel,112.68,2024-06-29
Utilities,Internet Bill,115.82,2023-09-26
Utilities,Internet Bill,233.99,2024-04-04
Dining,Food Delivery,49.41,2024-06-26
Housing,Rent,1343.81,2023-12-29
Other,Misc Expense,92.74,2024-10-29
Other,Misc Expense,52.24,2023-10-01
Other,Online Purchase,40.54,2024-08-21
Dining,Fast Food,116.65,2023-09-05
Housing,Rent,1548.81,2023-07-04
Transportation,Uber Ride,101.9,2023-03-11
Groceries,Rice,17.36,2023-04-17
Housing,Mortgage,1615.35,2023-09-15
Utilities,Electricity Bill,50.23,2024-08-31
Housing,Rent,1493.32,2024-12-26
Groceries,Milk,128.9,2023-05-14
Dining,Food Delivery,115.29,2024-10-25
Subscriptions,Netflix,29.35,2023-09-17
Transportation,Fuel,100.09,2023-03-19
Housing,Mortgage,986.94,2024-03-13
Housing,Mortgage,1693.02,2023-10-11
Other,Online Purchase,59.27,2023-12-07
Groceries,Eggs,143.47,2023-09-29
Utilities,Internet Bill,245.47,2023-07-25
Subscriptions,Spotify,22.22,2023-05-28
Subscriptions,Spotify,27.52,2024-03-28
Housing,Mortgage,702.09,2024-08-08
Housing,Mortgage,626.27,2024-05-24
Utilities,Electricity Bill,176.21,2023-09-30
Utilities,Gas Bill,156.42,2024-06-11
Housing,Mortgage,1165.48,2023-03-13
Subscriptions,Netflix,38.4,2024-05-08
Groceries,Chicken,81.69,2024-01-03
Transportation,Bus Pass,61.89,2024-10-09
Housing,Rent,1794.68,2023-12-15
Groceries,Rice,114.79,2023-10-24
Housing,Rent,655.06,2024-01-29
Housing,Rent,1146.15,2023-04-20
Housing,Mortgage,1839.3,2024-03-24
Housing,Rent,870.33,2024-08-30
Utilities,Internet Bill,204.4,2024-10-20
Transportation,Fuel,81.49,2024-04-05
Groceries,Milk,52.87,2023-12-12
Other,Online Purchase,62.61,2023-08-05
Other,Misc Expense,141.19,2024-07-03
Utilities,Water Bill,38.11,2023-05-25
Dining,Food Delivery,5.8,2024-09-25
Groceries,Bread,106.09,2023-05-14
Groceries,Bread,96.0,2023-11-11
Other,Online Purchase,70.06,2023-06-24
Other,Online Purchase,123.22,2023-04-19
Groceries,Rice,90.46,2024-09-22
Utilities,Electricity Bill,123.77,2024-11-25
Dining,Fast Food,20.76,2024-12-01
Subscriptions,Gym Membership,34.27,2023-08-07
Other,Online Purchase,90.18,2023-12-10
Groceries,Milk,43.26,2024-03-01
Utilities,Gas Bill,126.51,2024-08-18
Groceries,Bread,17.7,2024-10-09
Subscriptions,Spotify,5.55,2024-05-13
Groceries,Milk,4.06,2023-04-02
Housing,Mortgage,1730.38,2024-05-02
Housing,Rent,1495.76,2024-06-19
Dining,Fast Food,38.17,2023-06-28
Subscriptions,Gym Membership,11.3,2024-05-26
Subscriptions,Netflix,32.39,2023-12-23
Dining,Restaurant,84.98,2023-07-16
Groceries,Chicken,146.59,2024-09-25
Transportation,Train Ticket,71.24,2024-10-03
Housing,Rent,871.21,2023-06-02
Housing,Mortgage,823.66,2023-02-14
Groceries,Vegetables,56.54,2023-08-03
Dining,Fast Food,52.14,2024-04-09
Groceries,Milk,111.84,2024-07-04
Utilities,Water Bill,136.71,2023-04-29
Groceries,Bread,109.05,2024-08-29
Subscriptions,Spotify,31.15,2023-11-30
Utilities,Electricity Bill,51.57,2024-02-27
Other,Online Purchase,58.2,2023-08-14
Groceries,Rice,89.01,2023-02-25
Dining,Restaurant,34.78,2024-09-16
Dining,Restaurant,59.94,2023-05-20
Dining,Food Delivery,31.54,2024-01-03
Transportation,Train Ticket,52.38,2023-02-02
Housing,Rent,755.55,2024-04-21
Dining,Fast Food,28.17,2023-12-18
Utilities,Gas Bill,203.7,2024-10-15
Subscriptions,Netflix,24.35,2023-08-24
Groceries,Rice,128.98,2024-05-15
Other,Online Purchase,89.96,2024-04-18
Transportation,Uber Ride,110.31,2023-09-10
Utilities,Gas Bill,78.93,2024-08-28
Utilities,Electricity Bill,39.73,2024-04-26
Housing,Rent,1152.05,2024-12-14
Other,Online Purchase,69.51,2023-09-04
Groceries,Chicken,113.7,2024-12-10
Housing,Mortgage,785.8,2023-10-30
Utilities,Electricity Bill,177.19,2023-06-15
Housing,Mortgage,1646.2,2023-01-25
Dining,Fast Food,116.46,2024-12-21
Dining,Restaurant,119.11,2024-01-15
Housing,Mortgage,601.91,2024-10-04
Groceries,Rice,134.33,2023-12-07
Subscriptions,Netflix,31.35,2024-12-15
Subscriptions,Gym Membership,12.25,2024-12-02
Groceries,Chicken,132.48,2023-02-26
Subscriptions,Gym Membership,6.8,2024-01-28
Transportation,Fuel,94.01,2024-01-10
Transportation,Train Ticket,98.28,2024-12-22
Groceries,Chicken,107.27,2023-07-29
Utilities,Gas Bill,54.98,2024-05-04
Housing,Rent,1665.24,2023-11-25
Transportation,Bus Pass,77.02,2024-03-09
Transportation,Uber Ride,12.32,2023-12-20
Dining,Fast Food,76.71,2023-05-06
Dining,Food Delivery,81.19,2024-06-29
Transportation,Fuel,94.28,2024-11-20
Housing,Rent,1837.57,2023-03-31
Groceries,Rice,135.0,2023-10-23
Groceries,Milk,27.22,2023-04-25
Housing,Rent,1824.99,2024-06-17
Housing,Rent,1957.4,2024-07-08
Utilities,Internet Bill,127.65,2024-10-22
Groceries,Eggs,30.79,2023-01-23
Other,Online Purchase,125.74,2024-06-16
Housing,Mortgage,1079.91,2024-10-23
Other,Misc Expense,74.46,2024-11-12
Housing,Mortgage,1394.15,2023-11-10
Utilities,Gas Bill,111.82,2023-10-23
Other,Online Purchase,24.81,2023-10-19
Dining,Restaurant,93.94,2023-06-14
Housing,Mortgage,845.5,2024-12-26
Housing,Rent,763.68,2023-11-21
Subscriptions,Netflix,17.94,2023-07-30
Subscriptions,Gym Membership,16.09,2023-12-19
Utilities,Gas Bill,244.6,2024-06-30
Transportation,Uber Ride,138.3,2024-02-19
Dining,Restaurant,142.32,2023-11-24
Utilities,Electricity Bill,150.15,2024-06-03
Transportation,Bus Pass,72.66,2023-10-24
Other,Online Purchase,120.54,2024-03-28
Transportation,Uber Ride,110.55,2023-02-11
Utilities,Electricity Bill,118.36,2023-08-14
Dining,Fast Food,16.59,2023-02-26
Subscriptions,Gym Membership,23.43,2023-10-12
Utilities,Electricity Bill,216.88,2024-11-24
Housing,Rent,1152.19,2024-05-17
Transportation,Uber Ride,136.54,2024-01-05
Dining,Restaurant,108.25,2024-03-13
Transportation,Fuel,57.81,2023-10-19
Transportation,Bus Pass,48.29,2024-04-01
Other,Online Purchase,34.71,2024-03-30
Housing,Mortgage,1004.09,2024-03-10
Housing,Mortgage,1422.05,2023-03-30
Utilities,Water Bill,247.44,2024-06-21
Transportation,Uber Ride,140.17,2024-08-27
Other,Misc Expense,16.0,2024-02-24
Housing,Mortgage,1378.14,2024-12-28
Subscriptions,Netflix,34.13,2023-10-24
Subscriptions,Spotify,33.92,2024-08-22
Transportation,Fuel,85.21,2024-04-19
Utilities,Electricity Bill,63.89,2023-11-04
Housing,Mortgage,1532.28,2023-10-22
Dining,Restaurant,75.31,2024-12-05
Housing,Rent,1670.61,2024-05-19
Groceries,Chicken,112.6,2024-08-18
Dining,Food Delivery,67.1,2023-09-22
Housing,Mortgage,1745.59,2024-01-18
Subscriptions,Gym Membership,34.58,2023-06-16
Subscriptions,Netflix,21.14,2024-12-10
Utilities,Gas Bill,89.99,2024-03-05
Housing,Mortgage,1008.33,2024-10-16
Groceries,Chicken,31.49,2024-10-05
Utilities,Electricity Bill,66.77,2023-11-27
Other,Misc Expense,124.54,2024-12-02
Other,Misc Expense,42.9,2024-12-15
Housing,Mortgage,1412.07,2023-05-28
Groceries,Bread,79.17,2024-01-17
Other,Misc Expense,63.56,2023-06-16
Groceries,Bread,25.72,2023-08-15
Other,Online Purchase,119.88,2024-07-26
Subscriptions,Gym Membership,23.4,2024-06-28
Housing,Rent,1882.44,2023-04-30
Other,Online Purchase,138.74,2024-05-06
Transportation,Bus Pass,104.58,2023-05-23
Other,Misc Expense,133.79,2024-09-03
Subscriptions,Spotify,15.66,2023-05-02
Utilities,Water Bill,61.32,2023-08-21
Transportation,Train Ticket,33.85,2023-03-22
Dining,Food Delivery,115.16,2023-04-25
Groceries,Milk,116.88,2024-03-17
Groceries,Bread,18.85,2024-11-06
Subscriptions,Gym Membership,9.16,2023-09-17
Groceries,Milk,47.34,2023-01-11
Other,Online Purchase,118.01,2024-09-08
Utilities,Water Bill,107.34,2023-04-03
Utilities,Gas Bill,106.52,2023-06-14
Other,Online Purchase,77.22,2023-03-11
Groceries,Chicken,115.2,2024-06-25
Utilities,Water Bill,67.79,2024-07-04
Groceries,Vegetables,17.51,2023-08-08
Subscriptions,Gym Membership,29.43,2023-07-09
Dining,Food Delivery,143.79,2023-07-05
Other,Misc Expense,147.25,2024-03-10
Utilities,Water Bill,197.51,2023-11-18
Groceries,Rice,19.22,2023-05-20
Dining,Fast Food,106.6,2024-07-24
Housing,Rent,1291.2,2024-01-30
Transportation,Fuel,91.26,2023-11-16
Housing,Mortgage,1170.2,2024-03-14
Utilities,Electricity Bill,206.54,2024-11-26
Transportation,Train Ticket,4.88,2024-11-21
Dining,Food Delivery,18.46,2024-03-24
Subscriptions,Gym Membership,9.17,2024-02-09
Dining,Food Delivery,89.81,2023-04-15
Housing,Rent,1965.29,2023-12-13
Utilities,Internet Bill,214.38,2024-05-26
Transportation,Bus Pass,114.18,2024-10-21
Dining,Fast Food,72.95,2024-09-09
Dining,Fast Food,78.18,2023-05-31
Other,Misc Expense,18.88,2023-09-14
Dining,Fast Food,36.93,2023-05-18
Groceries,Milk,111.46,2023-03-11
Dining,Food Delivery,6.93,2023-07-03
Dining,Food Delivery,102.84,2023-06-06
Transportation,Uber Ride,114.75,2024-11-07
Other,Misc Expense,119.53,2023-07-26
Transportation,Fuel,75.07,2023-09-25
Subscriptions,Spotify,23.92,2023-01-19
Other,Online Purchase,148.63,2023-05-02
Dining,Fast Food,49.24,2024-01-21
Dining,Fast Food,8.29,2023-07-01
Subscriptions,Gym Membership,15.61,2024-12-24
Utilities,Internet Bill,98.74,2024-02-03
Dining,Restaurant,86.62,2024-05-17
Housing,Mortgage,1796.09,2024-06-02
Groceries,Rice,41.72,2024-08-28
Dining,Food Delivery,102.44,2023-10-19
Transportation,Uber Ride,7.14,2023-02-16
Utilities,Gas Bill,193.25,2023-01-28
Other,Misc Expense,58.94,2024-03-14
Transportation,Bus Pass,63.55,2023-02-27
Housing,Rent,1507.32,2024-08-29
Groceries,Vegetables,12.63,2023-11-09
Groceries,Eggs,27.96,2024-07-05
Transportation,Uber Ride,70.75,2024-03-08
Subscriptions,Gym Membership,14.33,2024-12-13
Dining,Food Delivery,6.27,2023-11-21
Dining,Food Delivery,60.37,2024-08-09
Groceries,Rice,17.71,2024-11-22
Utilities,Gas Bill,208.52,2024-11-14
Transportation,Train Ticket,93.38,2024-01-08
Dining,Restaurant,76.05,2023-03-19
Other,Online Purchase,45.24,2023-02-18
Transportation,Fuel,121.28,2024-10-01
Housing,Rent,1409.47,2024-08-29
Transportation,Bus Pass,12.89,2024-06-27
Dining,Fast Food,33.83,2023-03-20
Housing,Mortgage,1019.87,2024-11-10
Subscriptions,Spotify,19.08,2024-10-01
Subscriptions,Spotify,24.16,2023-01-20
Housing,Rent,898.13,2024-04-23
Transportation,Fuel,140.39,2024-10-03
Groceries,Chicken,32.5,2024-04-18
Utilities,Water Bill,180.77,2023-11-04
Other,Misc Expense,63.31,2023-03-07
Housing,Rent,973.71,2023-10-21
Housing,Rent,1441.73,2024-02-20
Utilities,Electricity Bill,36.09,2023-11-14
Dining,Fast Food,85.29,2024-03-22
Dining,Food Delivery,136.13,2023-07-26
Utilities,Gas Bill,86.85,2023-10-12
Housing,Rent,659.13,2024-05-12
Other,Online Purchase,11.13,2023-03-27
Transportation,Bus Pass,130.47,2024-02-21
Transportation,Uber Ride,61.34,2023-05-24
Utilities,Electricity Bill,140.05,2023-05-04
Subscriptions,Gym Membership,38.24,2024-06-21
Transportation,Fuel,133.03,2023-09-01
Subscriptions,Netflix,15.97,2024-08-21
Housing,Mortgage,1641.54,2024-03-09
Utilities,Water Bill,77.1,2023-10-09
Dining,Fast Food,40.38,2024-08-26
Groceries,Rice,81.42,2024-12-17
Groceries,Eggs,83.22,2024-05-01
Housing,Rent,1831.21,2023-05-29
Transportation,Fuel,108.2,2023-11-12
Groceries,Vegetables,145.12,2024-09-12
Groceries,Vegetables,100.35,2023-02-25
Housing,Rent,1138.57,2024-10-16
Housing,Mortgage,1559.35,2024-07-01
Other,Online Purchase,129.07,2024-02-02
Groceries,Rice,139.34,2023-09-19
Transportation,Uber Ride,140.64,2023-08-30
Transportation,Train Ticket,129.33,2023-06-14
Dining,Food Delivery,49.63,2024-10-21
Dining,Restaurant,43.28,2023-03-24
Other,Misc Expense,72.25,2024-02-27
Other,Misc Expense,108.46,2023-04-13
Other,Online Purchase,105.68,2024-06-02
Groceries,Eggs,64.87,2024-07-14
Housing,Mortgage,638.29,2023-02-23
Housing,Rent,1707.43,2023-05-20
Groceries,Rice,32.41,2023-11-09
Transportation,Uber Ride,19.29,2023-09-13
Subscriptions,Gym Membership,34.07,2023-05-14
Other,Misc Expense,119.52,2023-11-24
Dining,Fast Food,131.41,2023-05-17
Transportation,Train Ticket,104.06,2023-12-02
Other,Misc Expense,32.2,2024-02-29
Transportation,Train Ticket,60.84,2024-01-22
Other,Online Purchase,6.05,2023-01-24
Subscriptions,Gym Membership,13.0,2023-04-02
Dining,Restaurant,41.48,2023-06-22
Groceries,Rice,93.85,2024-09-06
Transportation,Train Ticket,16.09,2024-01-12
Utilities,Electricity Bill,145.68,2024-04-09
Other,Misc Expense,20.42,2024-12-31
Utilities,Water Bill,208.95,2023-09-30
Transportation,Fuel,59.16,2024-03-17
Other,Online Purchase,91.21,2023-10-17
Housing,Rent,1171.93,2023-05-30
Groceries,Eggs,146.49,2023-08-30
Subscriptions,Spotify,17.94,2024-12-01
Housing,Mortgage,1256.43,2023-11-28
Housing,Mortgage,1598.67,2024-12-26
Dining,Food Delivery,90.79,2023-03-16
Groceries,Chicken,11.64,2023-12-07
Utilities,Internet Bill,249.28,2024-11-17
Other,Online Purchase,3.79,2024-05-31
Subscriptions,Spotify,18.81,2024-01-15
Utilities,Electricity Bill,87.26,2024-05-30
Dining,Fast Food,132.05,2023-05-16
Groceries,Eggs,107.41,2024-03-19
Utilities,Gas Bill,39.72,2023-05-11
Dining,Fast Food,112.93,2024-03-16
Transportation,Bus Pass,93.1,2023-09-28
Subscriptions,Spotify,10.77,2024-05-18
Other,Online Purchase,84.68,2024-11-04
Housing,Mortgage,808.07,2023-08-24
Utilities,Electricity Bill,65.98,2024-04-23
Dining,Restaurant,149.29,2024-05-21
Groceries,Rice,55.41,2024-12-27
Subscriptions,Spotify,8.94,2023-06-01
Groceries,Eggs,16.76,2023-10-18
Utilities,Water Bill,210.97,2024-07-30
Housing,Rent,1960.28,2024-06-22
Other,Online Purchase,64.21,2023-03-20
Utilities,Internet Bill,225.22,2023-01-27
Transportation,Uber Ride,60.94,2024-08-27
Groceries,Eggs,25.6,2023-03-25
Dining,Food Delivery,99.95,2024-04-09
Housing,Mortgage,608.13,2023-02-14
Housing,Mortgage,1624.16,2024-08-05
Utilities,Water Bill,206.34,2023-10-17
Transportation,Uber Ride,112.34,2024-07-14
Subscriptions,Spotify,13.93,2023-09-03
Other,Misc Expense,16.11,2023-08-02
Utilities,Internet Bill,92.69,2024-10-31
Utilities,Electricity Bill,206.24,2023-11-14
Housing,Rent,734.56,2024-01-12
Subscriptions,Netflix,35.99,2024-05-02
Transportation,Fuel,16.26,2024-03-08
Other,Misc Expense,93.24,2024-03-20
Housing,Mortgage,1318.68,2024-04-19
Housing,Rent,1599.09,2024-05-22
Subscriptions,Gym Membership,7.94,2024-04-24
Dining,Restaurant,136.36,2024-05-04
Transportation,Train Ticket,147.68,2024-12-01
Transportation,Train Ticket,79.89,2023-10-30
Subscriptions,Netflix,37.11,2024-06-09
Groceries,Chicken,65.46,2023-04-07
Dining,Food Delivery,108.89,2023-09-17
Transportation,Bus Pass,89.08,2024-05-30
Groceries,Milk,111.86,2024-04-18
Utilities,Water Bill,39.96,2024-03-02
Housing,Mortgage,1613.73,2024-11-17
Dining,Food Delivery,121.75,2023-12-16
Other,Online Purchase,34.03,2023-03-22
Housing,Mortgage,748.86,2024-07-01
Groceries,Milk,61.06,2023-01-14
Utilities,Internet Bill,119.12,2024-11-04
Housing,Mortgage,1738.39,2024-09-23
Transportation,Fuel,121.28,2023-03-31
Utilities,Water Bill,54.62,2023-01-17
Housing,Rent,892.92,2024-10-26
Utilities,Water Bill,167.73,2024-07-05
Utilities,Electricity Bill,131.95,2024-04-30
Dining,Restaurant,20.12,2023-06-06
Housing,Mortgage,1260.08,2024-04-05
Subscriptions,Netflix,24.93,2024-02-06
Groceries,Eggs,4.16,2024-10-07
Other,Misc Expense,146.98,2024-05-22
Housing,Mortgage,1159.55,2024-06-09
Subscriptions,Gym Membership,28.75,2024-05-14
Utilities,Electricity Bill,122.84,2023-11-20
Subscriptions,Netflix,27.69,2024-04-29
Groceries,Rice,94.54,2024-10-23
Transportation,Fuel,105.53,2023-01-22
Utilities,Gas Bill,133.23,2024-03-24
Utilities,Water Bill,180.69,2024-09-08
Other,Misc Expense,22.28,2023-10-28
Housing,Mortgage,1766.31,2024-11-20
Housing,Mortgage,1719.66,2023-06-15
Subscriptions,Netflix,31.22,2024-11-14
Dining,Restaurant,28.47,2023-06-10
Subscriptions,Spotify,19.56,2024-05-20
Transportation,Train Ticket,33.79,2023-02-18
Groceries,Eggs,132.49,2024-01-01
Housing,Rent,1803.25,2024-05-30
Groceries,Milk,52.65,2023-04-27
Subscriptions,Netflix,12.84,2023-09-22
Transportation,Bus Pass,116.1,2024-07-24
Transportation,Train Ticket,128.45,2024-06-11
Subscriptions,Gym Membership,6.76,2024-03-24
Other,Misc Expense,144.51,2023-04-24
Groceries,Chicken,92.62,2023-04-15
Other,Online Purchase,77.57,2023-06-21
Housing,Rent,1875.38,2023-06-10
Housing,Mortgage,1666.75,2024-05-25
Housing,Rent,1109.23,2023-05-22
Groceries,Bread,67.55,2024-03-01
Other,Online Purchase,39.06,2024-04-30
Transportation,Bus Pass,77.24,2023-03-29
Transportation,Bus Pass,108.13,2024-02-29
Transportation,Train Ticket,25.29,2024-06-26
Dining,Restaurant,23.29,2024-03-15
Dining,Fast Food,135.02,2024-06-12
Other,Misc Expense,141.73,2024-03-29
Utilities,Electricity Bill,143.82,2023-03-13
Groceries,Eggs,49.28,2023-06-18
Dining,Restaurant,60.81,2023-02-07
Housing,Rent,680.93,2024-10-08
Housing,Mortgage,1840.1,2024-12-18
Subscriptions,Spotify,15.98,2023-12-19
Groceries,Eggs,135.33,2024-09-17
Utilities,Internet Bill,75.13,2024-07-11
Subscriptions,Gym Membership,29.41,2024-10-26
Dining,Restaurant,132.5,2023-03-28
Groceries,Chicken,52.17,2023-05-10
Subscriptions,Gym Membership,8.25,2024-07-19
Transportation,Bus Pass,114.29,2023-06-13
Groceries,Milk,133.88,2024-07-06
Subscriptions,Spotify,32.1,2024-03-08
Subscriptions,Netflix,34.46,2023-09-23
Housing,Mortgage,1659.18,2023-05-08
Dining,Fast Food,87.15,2023-01-06
Dining,Fast Food,147.49,2024-08-18
Subscriptions,Gym Membership,26.97,2024-06-30
Other,Online Purchase,54.5,2023-10-19
Housing,Rent,1327.53,2023-09-11
Groceries,Eggs,78.92,2023-07-17
Other,Misc Expense,69.78,2023-05-31
Housing,Mortgage,714.73,2023-03-05
Dining,Restaurant,73.01,2024-04-01
Groceries,Eggs,102.49,2024-02-17
Subscriptions,Gym Membership,18.82,2023-09-28
Subscriptions,Spotify,39.88,2024-12-06
Dining,Food Delivery,146.07,2023-06-16
Utilities,Water Bill,130.7,2024-12-22
Subscriptions,Gym Membership,12.44,2024-04-29
Groceries,Vegetables,26.06,2024-07-26
Transportation,Uber Ride,91.44,2024-02-23
Groceries,Milk,57.33,2023-10-24
Groceries,Chicken,25.54,2024-01-16
Transportation,Bus Pass,47.58,2024-05-12
Groceries,Bread,23.89,2024-08-26
Dining,Restaurant,140.71,2023-11-09
Transportation,Train Ticket,29.91,2024-05-15
Groceries,Milk,83.49,2023-03-11
Other,Online Purchase,64.38,2024-08-09
Transportation,Fuel,135.34,2024-01-22
Dining,Food Delivery,125.55,2023-05-16
Other,Online Purchase,77.2,2024-04-16
Other,Misc Expense,101.08,2023-06-02
Other,Misc Expense,16.13,2024-10-01
Housing,Mortgage,1860.34,2023-12-14
Subscriptions,Netflix,36.15,2023-10-12
Housing,Rent,1590.09,2024-08-08
Housing,Mortgage,773.29,2024-07-26
Groceries,Bread,143.41,2024-07-08
Subscriptions,Netflix,23.26,2024-05-02
Subscriptions,Netflix,37.77,2023-07-04
Groceries,Eggs,118.65,2023-09-09
Other,Misc Expense,15.44,2024-06-30
Subscriptions,Spotify,6.57,2023-01-24
Transportation,Fuel,29.53,2023-01-25
Other,Misc Expense,59.16,2023-04-04
Groceries,Milk,82.64,2023-10-20
Utilities,Water Bill,49.72,2023-11-11
Dining,Food Delivery,27.87,2024-09-21
Transportation,Train Ticket,6.99,2023-03-01
Transportation,Fuel,17.52,2023-05-26
Dining,Fast Food,40.92,2023-05-04
Groceries,Bread,38.22,2024-09-03
Subscriptions,Netflix,31.33,2024-01-30
Groceries,Eggs,11.91,2024-04-20
Subscriptions,Spotify,6.01,2024-10-10
Utilities,Electricity Bill,241.96,2024-11-22
Groceries,Bread,115.16,2024-10-29
Other,Online Purchase,47.78,2024-02-21
Dining,Restaurant,127.4,2024-05-27
Utilities,Water Bill,246.77,2023-09-09
Subscriptions,Spotify,24.43,2023-02-12
Groceries,Rice,144.28,2024-09-27
Transportation,Train Ticket,3.08,2024-05-08
Transportation,Bus Pass,126.4,2024-01-25
Transportation,Train Ticket,89.02,2024-06-06
Transportation,Uber Ride,26.73,2024-06-30
Subscriptions,Netflix,18.84,2023-05-06
Other,Online Purchase,109.59,2023-10-14
Dining,Restaurant,92.74,2023-11-22
Housing,Mortgage,1971.5,2024-12-25
Dining,Fast Food,39.15,2023-11-26
Transportation,Train Ticket,70.59,2024-09-05
Transportation,Uber Ride,137.36,2023-05-17
Housing,Rent,605.99,2023-01-10
Housing,Rent,1853.38,2024-12-21
Dining,Fast Food,82.11,2024-10-26
Housing,Rent,1849.6,2024-11-18
Dining,Food Delivery,21.14,2024-01-21
Other,Misc Expense,59.85,2024-12-14
Groceries,Milk,71.02,2023-07-17
Dining,Restaurant,35.56,2023-01-21
Other,Misc Expense,103.04,2024-12-27
Transportation,Train Ticket,16.23,2024-09-20
Housing,Mortgage,909.61,2024-05-20
Transportation,Uber Ride,44.27,2024-12-21
Housing,Rent,1977.97,2024-10-15
Dining,Restaurant,130.88,2024-08-05
Subscriptions,Spotify,11.78,2024-08-02
Housing,Rent,779.54,2023-03-08
Utilities,Gas Bill,218.21,2024-06-19
Housing,Mortgage,1549.17,2024-12-10
Housing,Mortgage,1836.34,2023-01-03
Dining,Food Delivery,101.95,2024-10-27
Groceries,Eggs,66.58,2024-02-21
Transportation,Uber Ride,102.99,2024-04-22
Dining,Fast Food,79.04,2023-02-14
Housing,Rent,1885.75,2024-06-29
Dining,Fast Food,3.76,2023-07-19
Transportation,Uber Ride,132.37,2023-01-26
Housing,Rent,1193.35,2023-03-18
Utilities,Water Bill,98.38,2024-10-03
Housing,Rent,1204.73,2023-01-25
Subscriptions,Gym Membership,34.42,2023-09-11
Groceries,Rice,38.04,2023-12-15
Other,Online Purchase,123.78,2024-06-16
Other,Online Purchase,141.7,2024-09-06
Subscriptions,Spotify,26.89,2024-08-15
Groceries,Milk,146.26,2023-02-04
Dining,Fast Food,133.84,2024-12-11
Groceries,Bread,12.11,2024-03-28
Groceries,Eggs,92.78,2024-03-18
Groceries,Milk,102.6,2024-07-26
Groceries,Eggs,127.94,2024-02-16
Groceries,Chicken,113.54,2023-08-27
Other,Online Purchase,69.65,2024-04-20
Other,Misc Expense,132.35,2024-09-26
Groceries,Eggs,98.69,2024-11-22
Other,Online Purchase,69.75,2023-12-03
Subscriptions,Netflix,5.43,2024-12-31
Groceries,Chicken,119.04,2023-07-18
Subscriptions,Netflix,13.97,2024-03-07
Dining,Food Delivery,94.27,2023-07-10
Utilities,Water Bill,43.31,2023-11-16
Subscriptions,Spotify,27.81,2024-01-02
Transportation,Train Ticket,24.67,2023-11-13
Subscriptions,Spotify,38.96,2024-06-14
Subscriptions,Gym Membership,7.01,2024-06-03
Other,Online Purchase,65.04,2023-07-20
Utilities,Water Bill,105.14,2024-11-14
Dining,Food Delivery,104.7,2024-04-23
Subscriptions,Gym Membership,25.24,2023-12-10
Subscriptions,Spotify,10.68,2024-04-10
Other,Online Purchase,75.9,2023-01-04
Housing,Rent,1253.15,2023-08-07
Utilities,Internet Bill,239.57,2023-12-06
Other,Misc Expense,33.18,2023-07-08
Other,Online Purchase,56.33,2023-03-17
Transportation,Uber Ride,84.54,2023-05-26
Transportation,Fuel,31.58,2024-08-22
Other,Misc Expense,9.45,2023-01-31
Utilities,Water Bill,78.17,2023-09-26
Housing,Rent,1376.31,2023-07-02
Utilities,Electricity Bill,87.59,2023-04-14
Groceries,Vegetables,23.17,2024-11-01
Other,Online Purchase,52.74,2023-08-04
Transportation,Fuel,38.3,2024-01-17
Housing,Rent,1967.94,2024-09-30
Dining,Food Delivery,12.61,2023-05-28
Utilities,Water Bill,113.2,2024-01-19
Transportation,Fuel,146.62,2023-09-08
Groceries,Chicken,89.34,2024-07-02
Transportation,Train Ticket,51.17,2023-02-24
Housing,Mortgage,1792.1,2024-08-21
Dining,Restaurant,109.91,2024-04-26
Other,Online Purchase,27.61,2024-02-02
Other,Misc Expense,76.29,2024-04-20
Utilities,Gas Bill,145.6,2024-05-09
Housing,Mortgage,1413.66,2024-10-15
Other,Online Purchase,33.46,2023-07-27
Dining,Restaurant,61.2,2023-11-10
Dining,Fast Food,86.99,2024-01-19
Transportation,Uber Ride,22.75,2023-03-28
Transportation,Fuel,79.27,2023-08-24
Subscriptions,Netflix,26.74,2024-03-12
Dining,Fast Food,66.58,2024-01-12
Other,Misc Expense,49.6,2024-01-27
Groceries,Bread,67.93,2023-09-29
Housing,Rent,715.39,2024-05-28
Subscriptions,Gym Membership,32.51,2023-08-22
Groceries,Milk,13.49,2023-02-09
Subscriptions,Netflix,28.63,2023-09-14
Transportation,Bus Pass,31.02,2024-09-10
Utilities,Gas Bill,95.88,2023-12-21
Other,Misc Expense,142.03,2024-08-16
Other,Online Purchase,72.38,2024-06-08
Other,Online Purchase,130.22,2023-08-22
Utilities,Water Bill,143.48,2024-07-19
Other,Misc Expense,109.21,2024-04-17
Transportation,Uber Ride,49.02,2023-07-12
Dining,Food Delivery,64.4,2024-03-25
Dining,Food Delivery,7.43,2023-05-23
Subscriptions,Netflix,30.82,2024-05-26
Other,Misc Expense,52.95,2024-03-05
Dining,Food Delivery,113.64,2024-12-08
Subscriptions,Spotify,5.81,2023-02-02
Utilities,Water Bill,248.74,2024-08-04
Housing,Mortgage,885.89,2024-02-05
Groceries,Chicken,59.81,2024-05-01
Groceries,Eggs,86.72,2024-04-07
Housing,Mortgage,746.04,2024-07-20
Utilities,Electricity Bill,162.74,2023-01-28
Utilities,Water Bill,241.86,2023-10-18
Utilities,Water Bill,145.37,2024-04-10
Groceries,Eggs,79.22,2023-06-25
Transportation,Fuel,60.49,2023-04-24
Utilities,Internet Bill,45.13,2023-07-31
Utilities,Water Bill,209.94,2024-11-11
Dining,Restaurant,91.75,2023-11-14
Subscriptions,Netflix,28.97,2023-10-10
Utilities,Electricity Bill,128.06,2024-02-13
Subscriptions,Netflix,36.86,2024-05-17
Dining,Fast Food,87.69,2023-04-04
Transportation,Fuel,53.98,2024-12-29
Other,Misc Expense,60.49,2023-06-29
Dining,Restaurant,29.4,2024-09-24
Housing,Mortgage,1875.17,2023-07-07
Housing,Rent,1923.96,2023-09-03
Other,Online Purchase,43.25,2024-10-05
Subscriptions,Spotify,7.34,2023-08-11
Dining,Fast Food,148.88,2024-07-20
Groceries,Eggs,14.25,2023-04-18
Subscriptions,Spotify,10.77,2023-08-01
Subscriptions,Netflix,7.56,2024-12-12
Housing,Mortgage,1644.34,2023-07-19
Dining,Restaurant,4.58,2023-04-28
Housing,Rent,1648.15,2024-05-11
Dining,Restaurant,15.13,2024-11-03
Utilities,Internet Bill,210.49,2023-06-15
Utilities,Electricity Bill,68.99,2023-05-08
Subscriptions,Gym Membership,7.72,2023-01-12
Housing,Mortgage,1101.32,2023-08-10
Housing,Rent,1345.22,2024-03-28
Housing,Rent,1736.12,2024-10-18
Housing,Rent,1031.65,2023-02-23
Subscriptions,Netflix,18.21,2023-07-26
Utilities,Gas Bill,74.0,2023-01-17
Dining,Restaurant,148.43,2023-12-12
Other,Online Purchase,102.95,2023-03-06
Utilities,Electricity Bill,212.7,2023-06-21
Housing,Rent,1317.5,2023-12-01
Transportation,Train Ticket,94.83,2024-07-08
Dining,Fast Food,20.76,2023-08-07
Groceries,Eggs,50.54,2023-01-16
Dining,Food Delivery,49.49,2024-02-03
Utilities,Internet Bill,174.75,2023-10-13
Housing,Mortgage,1839.64,2024-02-25
Transportation,Fuel,147.52,2023-04-15
Housing,Rent,732.64,2023-11-29
Housing,Mortgage,1961.31,2024-12-11
Utilities,Gas Bill,197.58,2024-12-05
Transportation,Fuel,12.92,2023-01-19
Subscriptions,Gym Membership,22.89,2023-08-27
Subscriptions,Gym Membership,5.47,2023-01-22
Subscriptions,Netflix,30.83,2023-09-07
Subscriptions,Netflix,18.11,2023-10-31
Utilities,Water Bill,171.25,2023-09-01
Housing,Mortgage,1060.17,2023-10-12
Transportation,Uber Ride,79.57,2024-02-29
Housing,Mortgage,920.61,2023-12-06
Transportation,Train Ticket,33.26,2023-02-25
Housing,Rent,1574.79,2023-08-16
Subscriptions,Spotify,11.42,2024-10-06
Groceries,Milk,130.87,2023-03-13
Utilities,Electricity Bill,61.14,2023-07-29
Utilities,Electricity Bill,150.75,2023-07-29
Utilities,Electricity Bill,132.76,2023-06-18
Housing,Rent,847.01,2023-09-12
Transportation,Bus Pass,87.73,2024-10-12
Utilities,Gas Bill,135.86,2024-01-04
Dining,Fast Food,27.66,2024-03-27
Dining,Food Delivery,92.58,2024-03-19
Other,Online Purchase,123.48,2024-05-08
Groceries,Rice,65.83,2023-03-27
Other,Misc Expense,90.49,2023-06-06
Subscriptions,Gym Membership,18.32,2023-11-10
Dining,Fast Food,58.15,2024-09-12
Dining,Restaurant,51.99,2024-04-25
Utilities,Water Bill,30.92,2024-05-27
Housing,Mortgage,1895.97,2024-02-09
Housing,Mortgage,1030.94,2024-08-25
Groceries,Rice,133.09,2023-05-08
Dining,Food Delivery,26.87,2024-03-22
Transportation,Bus Pass,77.91,2024-05-15
Housing,Mortgage,1511.27,2024-03-10
Housing,Rent,648.31,2024-01-06
Housing,Rent,1503.47,2023-09-25
Subscriptions,Spotify,10.16,2023-09-11
Subscriptions,Gym Membership,34.45,2023-01-13
Groceries,Milk,97.73,2024-01-29
Dining,Food Delivery,89.17,2023-03-24
Subscriptions,Netflix,10.8,2024-03-13
Transportation,Bus Pass,76.6,2024-06-29
Housing,Mortgage,1627.51,2023-04-02
Groceries,Vegetables,87.17,2023-12-19
Other,Online Purchase,42.55,2023-08-03
Housing,Mortgage,608.99,2023-06-22
Other,Misc Expense,3.23,2023-03-13
Other,Misc Expense,80.17,2024-11-01
Transportation,Fuel,28.08,2024-01-19
Utilities,Water Bill,70.04,2023-04-23
Dining,Food Delivery,122.71,2023-07-10
Utilities,Electricity Bill,208.02,2023-07-16
Transportation,Fuel,67.79,2024-10-01
Groceries,Vegetables,27.42,2023-10-28
Groceries,Rice,21.33,2023-03-07
Transportation,Uber Ride,89.09,2024-05-04
Dining,Food Delivery,114.8,2023-01-10
Groceries,Eggs,113.51,2023-01-08
Housing,Rent,1331.27,2023-01-08
Dining,Food Delivery,79.45,2023-09-30
Dining,Fast Food,114.27,2024-09-10
Dining,Fast Food,57.51,2023-12-18
Transportation,Train Ticket,141.33,2024-11-12
Dining,Fast Food,92.79,2023-12-31
Other,Misc Expense,121.52,2023-01-04
Dining,Food Delivery,62.07,2023-05-23
Groceries,Chicken,21.07,2024-06-27
Transportation,Train Ticket,57.16,2024-09-25
Housing,Mortgage,1524.32,2023-01-04
Housing,Mortgage,1104.29,2023-02-16
Other,Misc Expense,102.66,2023-08-28
Subscriptions,Spotify,26.44,2023-03-25
Transportation,Fuel,141.05,2024-05-02
Housing,Rent,1011.41,2023-07-19
Housing,Rent,1826.73,2024-05-31
Groceries,Bread,76.19,2023-03-31
Transportation,Fuel,27.7,2024-04-01
Groceries,Rice,100.41,2023-09-04
Utilities,Water Bill,237.73,2024-12-17
Groceries,Milk,66.93,2023-01-30
Utilities,Gas Bill,198.59,2023-08-14
Housing,Mortgage,1932.11,2024-11-17
Groceries,Vegetables,22.96,2024-07-01
Housing,Mortgage,1568.5,2023-08-18
Subscriptions,Gym Membership,17.01,2024-01-26
Housing,Mortgage,912.97,2023-04-29
Transportation,Uber Ride,19.37,2023-12-15
Housing,Rent,762.55,2024-01-12
Utilities,Gas Bill,156.92,2023-01-02
Transportation,Uber Ride,89.74,2023-07-14
Other,Misc Expense,147.04,2023-11-24
Other,Misc Expense,120.24,2023-05-10
Subscriptions,Gym Membership,12.77,2024-02-09
Groceries,Chicken,128.3,2023-11-20
Utilities,Gas Bill,139.96,2024-04-11
Utilities,Gas Bill,176.38,2024-12-20
Groceries,Chicken,50.06,2024-05-29
Housing,Rent,1786.74,2024-08-10
Dining,Food Delivery,124.82,2024-05-21
Transportation,Fuel,11.65,2023-12-08
Utilities,Water Bill,235.58,2023-08-19
Housing,Rent,1686.45,2024-05-14
Housing,Mortgage,1741.02,2023-06-13
Groceries,Chicken,60.67,2024-03-08
Housing,Mortgage,1660.8,2024-02-05
Groceries,Chicken,109.83,2023-10-17
Housing,Rent,1367.21,2023-04-10
Utilities,Gas Bill,157.68,2023-02-25
Other,Misc Expense,70.26,2023-06-17
Subscriptions,Netflix,21.89,2023-05-29
Utilities,Water Bill,73.04,2024-10-28
Groceries,Eggs,109.72,2024-08-12
Groceries,Vegetables,118.47,2023-06-01
Dining,Fast Food,102.88,2023-06-22
Groceries,Milk,55.27,2024-04-30
Utilities,Electricity Bill,143.4,2023-12-13
Subscriptions,Spotify,26.94,2024-02-18
Utilities,Electricity Bill,117.26,2023-11-06
Housing,Rent,1125.52,2024-12-09
Other,Online Purchase,117.33,2024-10-27
Dining,Fast Food,95.95,2024-03-31
Transportation,Uber Ride,20.64,2023-03-26
Groceries,Rice,97.29,2024-06-05
Utilities,Electricity Bill,247.22,2024-05-06
Transportation,Uber Ride,119.77,2023-07-05
Dining,Fast Food,149.99,2024-12-20
Dining,Fast Food,87.0,2023-04-12
Transportation,Uber Ride,107.92,2024-07-04
Utilities,Internet Bill,34.34,2024-07-23
Other,Misc Expense,12.4,2024-08-21
Subscriptions,Gym Membership,27.81,2023-08-01
Housing,Rent,1438.74,2023-07-04
Groceries,Chicken,68.74,2023-11-18
Groceries,Milk,21.94,2023-07-31
Housing,Rent,959.46,2023-02-05
Groceries,Milk,77.4,2024-01-08
Subscriptions,Netflix,38.08,2023-01-01
Utilities,Gas Bill,238.07,2023-10-28
Housing,Mortgage,1286.62,2023-11-17
Subscriptions,Spotify,22.87,2024-12-05
Groceries,Vegetables,123.51,2023-08-31
Groceries,Bread,23.83,2023-08-09
Utilities,Water Bill,91.03,2024-09-29
Dining,Restaurant,83.83,2023-09-24
Dining,Food Delivery,135.84,2024-02-14
Dining,Restaurant,141.88,2024-11-23
Dining,Food Delivery,24.06,2023-07-28
Groceries,Vegetables,110.7,2024-10-10
Housing,Rent,1389.1,2024-10-25
Other,Online Purchase,64.69,2023-06-07
Transportation,Fuel,58.7,2024-09-10
Utilities,Electricity Bill,146.92,2024-12-01
Subscriptions,Spotify,27.41,2024-01-07
Transportation,Bus Pass,24.51,2023-08-20
Transportation,Uber Ride,17.4,2023-08-16
Dining,Restaurant,118.06,2023-05-07
Utilities,Gas Bill,207.5,2023-04-08
Subscriptions,Spotify,35.29,2024-07-18
Transportation,Uber Ride,134.8,2023-06-24
Transportation,Fuel,29.56,2024-11-25
Other,Misc Expense,73.1,2023-05-11
Transportation,Uber Ride,103.94,2024-12-31
Utilities,Water Bill,154.86,2023-10-01
Groceries,Vegetables,96.96,2024-01-15
Housing,Rent,1185.54,2024-04-13
Utilities,Internet Bill,205.66,2024-05-29
Transportation,Bus Pass,143.03,2024-06-17
Housing,Rent,1801.09,2023-11-09
Dining,Fast Food,127.25,2024-10-11
Groceries,Milk,110.3,2023-04-06
Utilities,Electricity Bill,92.89,2024-05-19
Other,Online Purchase,144.44,2024-03-10
Housing,Rent,1321.02,2024-11-24
Subscriptions,Gym Membership,5.49,2023-07-14
Other,Online Purchase,107.98,2024-12-20
Subscriptions,Gym Membership,39.8,2024-11-08
Other,Online Purchase,92.28,2023-06-22
Housing,Rent,1113.87,2023-05-17
Subscriptions,Spotify,19.8,2024-01-24
Utilities,Gas Bill,104.35,2024-11-26
Utilities,Electricity Bill,136.29,2023-09-29
Utilities,Electricity Bill,155.15,2023-08-11
Transportation,Uber Ride,140.51,2024-09-24
Other,Misc Expense,11.45,2023-01-07
Subscriptions,Spotify,17.39,2023-01-06
Transportation,Train Ticket,62.1,2023-01-10
Groceries,Rice,75.33,2023-03-28
Subscriptions,Gym Membership,19.38,2024-05-14
Groceries,Bread,116.11,2023-09-14
Utilities,Internet Bill,95.84,2024-03-14
Utilities,Gas Bill,126.49,2024-03-25
Utilities,Water Bill,125.47,2024-01-03
Other,Online Purchase,19.27,2023-10-19
Groceries,Bread,61.0,2023-12-06
Groceries,Bread,100.93,2024-05-05
Housing,Mortgage,1284.69,2024-05-22
Other,Online Purchase,50.76,2024-02-14
Subscriptions,Gym Membership,34.51,2024-02-03
Utilities,Electricity Bill,204.4,2023-05-10
Utilities,Gas Bill,198.82,2023-08-31
Groceries,Vegetables,124.99,2024-03-15
Subscriptions,Gym Membership,21.81,2023-10-16
Dining,Restaurant,114.85,2023-09-11
Subscriptions,Netflix,11.54,2023-10-15
Other,Online Purchase,130.03,2024-12-18
Utilities,Internet Bill,185.42,2023-04-16
Housing,Rent,1796.82,2024-10-06
Housing,Rent,785.21,2023-02-09
Transportation,Train Ticket,139.58,2024-03-12
Groceries,Chicken,32.35,2023-02-22
Dining,Fast Food,80.17,2024-12-17
Housing,Rent,1196.51,2023-03-04
Subscriptions,Spotify,15.65,2023-10-03
Transportation,Bus Pass,141.62,2024-12-29
Dining,Restaurant,50.02,2023-02-18
Utilities,Electricity Bill,175.29,2023-11-26
Utilities,Gas Bill,229.87,2023-04-14
Dining,Restaurant,40.08,2024-05-18
Transportation,Bus Pass,47.74,2023-04-10
Housing,Rent,1678.65,2023-05-14
Transportation,Bus Pass,111.97,2024-01-06
Housing,Mortgage,986.33,2024-08-21
Dining,Restaurant,133.42,2023-05-14
Housing,Rent,1955.66,2024-11-01
Other,Online Purchase,31.36,2024-04-01
Groceries,Milk,141.45,2024-09-25
Transportation,Bus Pass,109.63,2023-07-26
Subscriptions,Gym Membership,9.47,2024-03-04
Subscriptions,Gym Membership,35.7,2024-07-27
Transportation,Bus Pass,68.93,2023-05-01
Dining,Restaurant,73.97,2024-06-20
Subscriptions,Netflix,14.6,2023-05-13
Transportation,Uber Ride,143.5,2023-03-04
Other,Online Purchase,111.89,2024-02-12
Dining,Food Delivery,81.27,2024-06-09
Groceries,Bread,67.35,2024-06-05
Dining,Food Delivery,117.57,2024-02-15
Subscriptions,Spotify,5.13,2024-08-08
Utilities,Electricity Bill,203.94,2024-04-11
Subscriptions,Gym Membership,14.06,2023-08-14
Transportation,Bus Pass,84.17,2023-06-25
Utilities,Electricity Bill,94.21,2024-10-16
Utilities,Gas Bill,89.5,2023-02-22
Housing,Rent,893.96,2023-04-29
Groceries,Vegetables,54.08,2024-09-11
Transportation,Bus Pass,15.24,2024-12-23
Subscriptions,Spotify,19.29,2024-09-18
Transportation,Bus Pass,147.83,2024-10-02
Other,Online Purchase,124.12,2023-08-13
Housing,Mortgage,1960.25,2024-07-04
Housing,Rent,1563.36,2024-10-31
Transportation,Train Ticket,123.08,2023-08-14
Transportation,Bus Pass,32.98,2024-10-06
Other,Misc Expense,25.88,2023-08-26
Housing,Mortgage,1863.04,2023-04-06
Dining,Restaurant,70.53,2023-06-30
Utilities,Internet Bill,69.69,2023-10-16
Groceries,Eggs,26.95,2023-07-01
Other,Misc Expense,104.04,2023-07-12
Groceries,Bread,13.59,2023-09-09
Dining,Food Delivery,145.65,2023-04-13
Housing,Rent,1731.19,2024-09-09
Groceries,Rice,59.45,2023-04-23
Other,Online Purchase,115.23,2024-10-21
Groceries,Bread,39.51,2023-03-27
Transportation,Train Ticket,140.97,2024-09-06
Groceries,Milk,143.77,2023-04-19
Subscriptions,Gym Membership,34.85,2023-03-29
Utilities,Water Bill,153.83,2024-03-30
Other,Online Purchase,48.19,2024-05-05
Utilities,Water Bill,182.25,2024-10-04
Subscriptions,Netflix,6.56,2024-07-11
Transportation,Uber Ride,78.2,2024-03-01
Utilities,Electricity Bill,35.28,2024-03-13
Dining,Restaurant,54.94,2023-10-21
Utilities,Internet Bill,187.27,2023-04-26
Dining,Restaurant,148.64,2023-08-18
Groceries,Eggs,55.52,2024-09-22
Transportation,Uber Ride,55.99,2023-03-28
Groceries,Chicken,25.21,2024-03-14
Subscriptions,Spotify,28.78,2023-06-03
Housing,Mortgage,1001.81,2023-04-17
Transportation,Fuel,100.27,2023-09-29
Other,Online Purchase,118.96,2023-06-02
Other,Online Purchase,50.08,2024-02-04
Dining,Food Delivery,120.14,2024-05-04
Other,Online Purchase,19.64,2024-03-13
Housing,Mortgage,1052.27,2023-05-11
Utilities,Internet Bill,138.73,2024-05-07
Housing,Mortgage,1491.25,2023-05-22
Other,Online Purchase,59.33,2024-07-16
Dining,Food Delivery,81.46,2024-06-29
Subscriptions,Netflix,25.33,2024-03-07
Subscriptions,Gym Membership,33.4,2023-08-13
Housing,Rent,604.01,2023-01-18
Transportation,Fuel,143.77,2023-04-23
Groceries,Eggs,56.05,2023-05-23
Transportation,Fuel,24.19,2024-07-18
Dining,Restaurant,33.98,2023-08-18
Groceries,Vegetables,23.26,2024-12-13
Housing,Rent,636.89,2024-03-10
Transportation,Uber Ride,106.11,2024-11-09
Subscriptions,Netflix,25.79,2023-06-11
Groceries,Bread,56.69,2023-03-22
Utilities,Electricity Bill,212.83,2024-03-02
Utilities,Water Bill,60.82,2024-06-24
Housing,Mortgage,1611.58,2024-03-30
Other,Online Purchase,45.16,2023-06-09
Groceries,Vegetables,7.72,2023-06-27
Subscriptions,Netflix,34.14,2024-11-27
Dining,Food Delivery,107.58,2023-09-22
Subscriptions,Gym Membership,12.96,2023-06-10
Transportation,Uber Ride,79.66,2023-05-09
Housing,Rent,678.4,2024-02-06
Utilities,Electricity Bill,133.06,2023-11-17
Housing,Mortgage,830.75,2024-01-16
Housing,Mortgage,751.76,2023-03-21
Transportation,Bus Pass,7.12,2023-10-16
Utilities,Electricity Bill,161.36,2023-11-13
Utilities,Water Bill,37.12,2023-10-03
Groceries,Chicken,86.03,2024-07-31
Other,Misc Expense,9.72,2023-11-19
Groceries,Eggs,4.25,2024-01-01
Other,Misc Expense,143.93,2024-05-27
Utilities,Gas Bill,189.65,2023-05-13
Housing,Rent,1855.12,2024-05-30
Groceries,Chicken,121.7,2023-06-03
Groceries,Chicken,120.02,2024-05-03
Subscriptions,Netflix,10.3,2024-04-19
Groceries,Vegetables,16.71,2023-08-26
Utilities,Water Bill,65.43,2024-05-28
Subscriptions,Gym Membership,23.32,2023-12-16
Dining,Restaurant,52.84,2024-01-04
Subscriptions,Spotify,29.95,2024-11-30
Dining,Restaurant,33.7,2024-09-17
Subscriptions,Netflix,24.84,2024-05-24
Groceries,Milk,23.97,2023-11-13
Subscriptions,Netflix,20.92,2023-06-23
Transportation,Train Ticket,13.02,2024-08-13
Transportation,Bus Pass,16.12,2023-07-03
Housing,Mortgage,1262.57,2023-09-20
Other,Misc Expense,98.59,2023-05-24
Groceries,Chicken,74.77,2024-01-08
Other,Misc Expense,61.94,2024-09-26
Housing,Rent,1317.47,2024-10-01
Transportation,Bus Pass,15.27,2024-02-28
Subscriptions,Spotify,35.64,2024-11-29
Groceries,Chicken,146.68,2023-02-28
Housing,Rent,1385.12,2023-06-08
Other,Online Purchase,45.73,2023-06-12
Subscriptions,Spotify,12.81,2024-04-18
Housing,Rent,1255.88,2024-07-01
Other,Misc Expense,19.04,2023-07-04
Housing,Rent,1891.49,2024-03-19
Utilities,Internet Bill,99.8,2024-09-10
Dining,Restaurant,106.24,2024-05-02
Groceries,Eggs,69.82,2024-07-12
Utilities,Internet Bill,76.96,2024-08-04
Groceries,Chicken,116.81,2023-03-05
Other,Misc Expense,119.07,2024-04-29
Utilities,Electricity Bill,35.05,2024-12-01
Dining,Fast Food,40.05,2023-06-30
Groceries,Bread,13.18,2024-02-19
Groceries,Eggs,131.45,2024-04-07
Other,Misc Expense,80.14,2024-11-16
Transportation,Train Ticket,125.09,2023-04-05
Dining,Fast Food,144.61,2023-11-01
Utilities,Water Bill,122.2,2024-05-01
Subscriptions,Gym Membership,38.8,2024-03-23
Transportation,Fuel,123.98,2024-07-28
Other,Online Purchase,14.44,2024-11-14
Subscriptions,Gym Membership,28.24,2023-11-21
Groceries,Bread,134.79,2023-06-01
Dining,Fast Food,19.7,2024-11-21
Dining,Fast Food,79.54,2023-01-04
Dining,Restaurant,96.24,2024-10-16
Subscriptions,Netflix,31.1,2023-07-12
Dining,Food Delivery,83.27,2023-06-20
Subscriptions,Spotify,12.34,2023-07-15
Housing,Rent,1109.31,2023-11-06
Transportation,Uber Ride,105.8,2024-10-26
Dining,Fast Food,63.33,2023-12-27
Other,Misc Expense,79.91,2023-12-10
Groceries,Bread,70.45,2024-01-18
Utilities,Water Bill,113.94,2024-11-06
Housing,Mortgage,1582.93,2023-04-12
Groceries,Milk,16.18,2023-01-17
Subscriptions,Spotify,31.25,2024-09-30
Subscriptions,Netflix,22.62,2023-02-03
Housing,Mortgage,896.62,2024-04-10
Subscriptions,Spotify,34.97,2023-05-08
Transportation,Fuel,63.7,2024-10-22
Housing,Mortgage,1124.5,2023-08-18
Subscriptions,Spotify,28.05,2023-11-11
Other,Misc Expense,101.98,2023-01-05
Dining,Restaurant,5.28,2023-06-07
Other,Misc Expense,126.59,2024-06-15
Other,Misc Expense,52.26,2024-08-08
Dining,Restaurant,84.69,2024-02-05
Utilities,Internet Bill,206.29,2024-08-14
Dining,Restaurant,141.09,2024-02-04
Housing,Rent,1045.37,2023-06-12
Dining,Restaurant,17.64,2023-05-10
Subscriptions,Netflix,32.45,2024-10-04
Transportation,Train Ticket,142.46,2023-07-28
Groceries,Milk,6.77,2023-01-12
Housing,Rent,1590.61,2023-03-22
Subscriptions,Spotify,30.7,2024-04-09
Housing,Mortgage,1513.53,2023-08-16
Transportation,Train Ticket,81.71,2023-09-09
Housing,Mortgage,1522.96,2023-10-09
Groceries,Bread,95.23,2024-10-15
Subscriptions,Netflix,37.45,2023-05-06
Groceries,Bread,44.52,2023-07-04
Groceries,Milk,75.65,2024-01-06
Other,Online Purchase,60.45,2024-05-17
Other,Online Purchase,63.82,2024-05-13
Housing,Rent,1187.87,2023-11-18
Housing,Mortgage,851.73,2023-01-11
Utilities,Electricity Bill,105.42,2023-12-22
Dining,Food Delivery,91.2,2023-01-06
Utilities,Gas Bill,72.43,2023-01-31
Subscriptions,Netflix,31.63,2023-08-10
Other,Misc Expense,19.87,2023-08-11
Groceries,Eggs,23.37,2023-03-27
Housing,Rent,1274.2,2023-04-05
Transportation,Bus Pass,71.66,2024-05-22
Dining,Food Delivery,142.11,2023-07-17
Transportation,Train Ticket,32.09,2023-10-15
Dining,Restaurant,88.8,2024-08-24
Transportation,Train Ticket,119.73,2024-05-14
Dining,Fast Food,65.29,2023-10-06
Other,Misc Expense,94.57,2024-09-13
Dining,Fast Food,32.36,2023-12-28
Transportation,Uber Ride,69.06,2023-02-04
Subscriptions,Spotify,15.27,2024-10-22
Subscriptions,Spotify,9.01,2023-11-27
Dining,Restaurant,55.59,2023-03-16
Utilities,Gas Bill,201.49,2023-05-06
Groceries,Eggs,104.18,2023-12-03
Utilities,Internet Bill,100.74,2023-08-27
Subscriptions,Netflix,26.06,2024-06-23
Utilities,Electricity Bill,187.58,2024-11-18
Groceries,Chicken,134.22,2024-03-07
Housing,Mortgage,1048.17,2023-07-21
Groceries,Rice,76.3,2023-10-09
Dining,Restaurant,21.24,2023-06-25
Subscriptions,Spotify,13.27,2023-01-22
Transportation,Uber Ride,97.62,2024-08-12
Groceries,Rice,44.8,2024-02-17
Groceries,Chicken,137.95,2023-02-10
Transportation,Uber Ride,13.21,2023-04-08
Other,Misc Expense,109.32,2023-10-09
Transportation,Bus Pass,61.85,2024-07-23
Other,Misc Expense,75.59,2023-02-18
Dining,Fast Food,105.38,2024-04-10
Dining,Food Delivery,145.17,2023-05-05
Other,Misc Expense,140.84,2023-04-16
Groceries,Bread,10.03,2023-01-11
Utilities,Electricity Bill,219.51,2024-03-22
Utilities,Water Bill,189.3,2024-01-13
Other,Online Purchase,140.31,2023-02-23
Transportation,Uber Ride,19.29,2023-11-08
Groceries,Eggs,51.41,2024-09-19
Other,Misc Expense,42.68,2023-06-24
Utilities,Internet Bill,100.25,2023-06-01
Other,Misc Expense,96.62,2024-11-15
Groceries,Chicken,80.56,2024-08-14
Dining,Food Delivery,75.05,2023-10-15
Transportation,Fuel,36.2,2023-09-28
Other,Misc Expense,107.57,2023-12-28
Subscriptions,Netflix,30.73,2023-07-30
Housing,Rent,1292.45,2023-08-06
Groceries,Vegetables,34.77,2024-01-30
Utilities,Internet Bill,75.91,2024-08-27
Other,Misc Expense,114.79,2023-11-16
Housing,Mortgage,1786.93,2023-04-19
Utilities,Water Bill,114.83,2024-04-08
Other,Online Purchase,117.66,2023-07-12
Groceries,Eggs,65.19,2024-12-03
Transportation,Uber Ride,24.65,2023-04-20
Housing,Rent,1851.74,2023-07-11
Transportation,Uber Ride,73.01,2024-06-27
Dining,Fast Food,42.04,2024-07-17
Groceries,Eggs,66.43,2023-06-04
Dining,Food Delivery,66.33,2023-12-08
Groceries,Rice,43.07,2023-04-11
Groceries,Vegetables,59.23,2024-03-08
Utilities,Gas Bill,68.86,2023-10-10
Subscriptions,Gym Membership,20.17,2024-11-28
Groceries,Vegetables,39.59,2023-04-24
Utilities,Electricity Bill,37.85,2023-09-30
Utilities,Electricity Bill,90.6,2024-09-27
Housing,Mortgage,741.83,2024-12-09
Transportation,Fuel,33.24,2023-07-28
Transportation,Bus Pass,106.76,2023-10-22
Housing,Rent,1304.54,2024-12-18
Subscriptions,Spotify,34.84,2024-12-05
Utilities,Water Bill,45.28,2023-07-11
Transportation,Fuel,23.85,2023-01-14
Housing,Mortgage,629.16,2023-09-28
Groceries,Bread,102.84,2023-01-10
Subscriptions,Spotify,25.41,2024-05-15
Other,Online Purchase,72.47,2023-02-16
Other,Online Purchase,86.39,2023-10-25
Other,Online Purchase,80.21,2023-06-21
Other,Online Purchase,116.96,2023-04-13
Transportation,Bus Pass,69.53,2023-12-26
Subscriptions,Spotify,13.87,2024-04-14
Groceries,Eggs,47.27,2023-12-08
Subscriptions,Gym Membership,36.58,2024-09-02
Dining,Restaurant,42.68,2024-06-15
Housing,Rent,1174.45,2023-08-14
Housing,Rent,643.27,2024-08-14
Housing,Mortgage,1642.11,2023-07-18
Dining,Food Delivery,18.87,2023-10-08
Housing,Mortgage,1826.53,2023-06-29
Transportation,Bus Pass,133.54,2024-02-05
Subscriptions,Spotify,14.67,2023-07-15
Groceries,Chicken,79.45,2023-12-18
Other,Online Purchase,66.72,2024-04-10
Subscriptions,Spotify,38.93,2024-05-25
Housing,Rent,810.32,2023-10-24
Subscriptions,Gym Membership,15.63,2023-10-23
Groceries,Eggs,5.29,2023-02-11
Utilities,Gas Bill,57.16,2024-05-15
Transportation,Uber Ride,66.26,2024-11-07
Other,Online Purchase,10.34,2023-05-22
Transportation,Bus Pass,118.43,2024-05-29
Housing,Rent,1598.48,2023-05-27
Housing,Rent,1885.56,2023-10-25
Utilities,Electricity Bill,108.02,2024-11-25
Housing,Mortgage,1953.67,2023-04-11
Transportation,Bus Pass,90.76,2023-06-27
Subscriptions,Spotify,16.29,2024-08-15
Utilities,Water Bill,121.59,2023-07-24
Transportation,Bus Pass,15.58,2024-08-03
Housing,Mortgage,1126.35,2024-03-23
Groceries,Bread,80.41,2024-12-11
Transportation,Bus Pass,71.85,2024-03-13
Dining,Fast Food,144.33,2024-04-17
Groceries,Chicken,6.88,2024-03-07
Groceries,Bread,93.44,2023-11-06
Other,Online Purchase,88.31,2024-01-18
Utilities,Gas Bill,215.92,2023-05-09
Dining,Food Delivery,3.88,2024-06-14
Dining,Restaurant,15.44,2023-10-04
Other,Online Purchase,52.02,2023-04-10
Other,Misc Expense,86.12,2024-12-08
Transportation,Uber Ride,20.85,2024-08-21
Housing,Rent,1322.77,2024-07-29
Housing,Mortgage,1853.07,2024-10-17
Other,Online Purchase,47.23,2023-11-15
Housing,Rent,1473.13,2023-07-25
Groceries,Milk,3.01,2024-09-10
Groceries,Chicken,17.24,2023-07-29
Groceries,Rice,6.62,2024-06-01
Dining,Fast Food,11.18,2023-05-05
Transportation,Fuel,74.11,2023-07-08
Other,Online Purchase,126.73,2024-07-13
Transportation,Fuel,129.32,2024-09-23
Groceries,Rice,24.5,2023-01-23
Utilities,Water Bill,174.64,2023-06-24
Subscriptions,Gym Membership,12.01,2024-05-06
Transportation,Bus Pass,101.13,2024-08-25
Dining,Fast Food,101.15,2024-02-05
Dining,Food Delivery,120.58,2024-04-20
Dining,Fast Food,24.78,2023-10-18
Dining,Restaurant,85.94,2023-01-12
Subscriptions,Spotify,27.76,2024-11-03
Subscriptions,Spotify,36.75,2023-05-23
Dining,Food Delivery,70.38,2023-01-10
Utilities,Gas Bill,219.42,2023-08-04
Transportation,Fuel,78.42,2023-06-28
Housing,Rent,1606.89,2023-12-14
Dining,Food Delivery,129.22,2023-05-24
Transportation,Bus Pass,138.75,2023-03-11
Other,Misc Expense,58.35,2024-04-28
Subscriptions,Gym Membership,29.8,2024-06-03
Other,Misc Expense,22.03,2023-11-28
Subscriptions,Gym Membership,26.61,2024-02-18
Groceries,Milk,7.34,2023-06-12
Utilities,Electricity Bill,139.88,2024-11-26
Dining,Fast Food,114.71,2023-08-31
Groceries,Bread,110.04,2024-01-29
Other,Misc Expense,138.59,2023-03-05
Subscriptions,Spotify,34.64,2023-03-16
Dining,Fast Food,92.16,2023-01-31
Utilities,Gas Bill,128.89,2023-05-17
Housing,Rent,1287.54,2024-11-26
Transportation,Train Ticket,32.58,2023-06-15
Dining,Food Delivery,121.87,2023-07-16
Groceries,Chicken,6.56,2024-11-15
Groceries,Bread,7.89,2023-05-24
Groceries,Eggs,116.83,2024-08-04
Subscriptions,Netflix,28.88,2024-10-19
Subscriptions,Spotify,12.26,2024-04-30
Subscriptions,Spotify,36.49,2023-05-22
Other,Online Purchase,67.52,2024-10-02
Dining,Restaurant,86.67,2023-05-11
Other,Misc Expense,17.83,2024-05-25
Utilities,Electricity Bill,102.8,2023-08-18
Other,Misc Expense,138.57,2023-09-15
Dining,Food Delivery,55.61,2023-06-11
Transportation,Uber Ride,81.56,2023-09-05
Other,Misc Expense,61.69,2023-02-28
Subscriptions,Gym Membership,25.4,2023-09-27
Housing,Rent,1189.97,2023-07-25
Transportation,Uber Ride,23.48,2024-07-14
Other,Misc Expense,138.85,2024-11-10
Groceries,Bread,75.55,2024-07-31
Subscriptions,Gym Membership,33.26,2023-12-21
Groceries,Rice,90.93,2024-09-19
Groceries,Chicken,73.38,2023-05-13
Transportation,Uber Ride,18.3,2024-05-23
Subscriptions,Netflix,20.1,2023-11-07
Other,Online Purchase,6.15,2023-02-26
Groceries,Bread,81.53,2024-01-24
Housing,Rent,673.0,2024-01-22
Housing,Rent,1197.57,2023-05-22
Groceries,Rice,20.34,2024-09-22
Transportation,Bus Pass,31.47,2024-03-23
Groceries,Bread,37.11,2024-08-25
Groceries,Bread,63.72,2024-07-03
Subscriptions,Netflix,5.52,2023-09-13
Other,Online Purchase,14.26,2023-05-10
Dining,Restaurant,44.54,2023-11-18
Transportation,Train Ticket,149.72,2023-05-13
Subscriptions,Spotify,9.28,2023-03-20
Groceries,Eggs,140.94,2023-07-30
Dining,Food Delivery,111.08,2024-01-01
Other,Online Purchase,68.2,2023-11-06
Transportation,Bus Pass,130.74,2023-09-08
Subscriptions,Spotify,23.95,2023-04-17
Groceries,Eggs,135.36,2024-12-23
Subscriptions,Spotify,12.12,2023-05-21
Other,Online Purchase,47.83,2024-07-20
Utilities,Electricity Bill,209.6,2023-05-26
Groceries,Bread,105.66,2024-10-27
Other,Misc Expense,143.1,2023-01-22
Dining,Restaurant,42.73,2024-08-25
Dining,Fast Food,124.6,2023-03-28
Groceries,Eggs,128.62,2024-01-29
Dining,Restaurant,129.83,2024-01-29
Dining,Restaurant,35.99,2024-01-24
Utilities,Internet Bill,175.29,2023-02-02
Subscriptions,Spotify,36.85,2023-12-11
Other,Misc Expense,122.11,2024-08-28
Utilities,Electricity Bill,212.43,2024-03-20
Other,Misc Expense,118.04,2023-02-28
Other,Online Purchase,84.33,2024-11-25
Transportation,Fuel,65.3,2024-08-04
Other,Misc Expense,26.89,2024-01-26
Dining,Food Delivery,148.91,2023-09-01
Utilities,Electricity Bill,180.17,2023-10-08
Groceries,Bread,116.39,2023-10-30
Transportation,Fuel,8.68,2023-10-08
Transportation,Bus Pass,99.91,2024-10-30
Other,Online Purchase,21.27,2024-08-05
Housing,Mortgage,1786.63,2024-03-30
Dining,Restaurant,67.67,2024-04-22
Groceries,Eggs,73.59,2024-07-23
Utilities,Internet Bill,236.54,2023-10-11
Subscriptions,Gym Membership,7.24,2023-07-04
Transportation,Bus Pass,41.15,2024-05-21
Utilities,Water Bill,62.32,2024-09-24
Housing,Rent,1516.44,2023-07-08
Housing,Mortgage,658.74,2023-08-22
Groceries,Vegetables,148.82,2023-09-21
Groceries,Vegetables,127.2,2023-12-28
Subscriptions,Gym Membership,13.21,2023-04-22
Groceries,Chicken,68.24,2024-06-07
Groceries,Bread,32.99,2024-08-07
Transportation,Fuel,13.49,2024-03-12
Transportation,Train Ticket,6.63,2024-09-13
Other,Misc Expense,52.24,2024-02-22
Housing,Mortgage,1962.9,2024-09-28
Groceries,Bread,57.14,2023-10-25
Utilities,Electricity Bill,76.53,2023-11-17
Subscriptions,Gym Membership,22.79,2024-08-18
Housing,Mortgage,1130.38,2024-08-19
Groceries,Vegetables,109.76,2024-01-26
Other,Online Purchase,143.41,2023-08-18
Subscriptions,Gym Membership,27.06,2024-03-04
Subscriptions,Gym Membership,35.75,2023-02-22
Subscriptions,Spotify,23.21,2023-11-21
Transportation,Train Ticket,125.89,2023-10-28
Utilities,Gas Bill,198.88,2024-01-06
Utilities,Internet Bill,243.93,2024-12-10
Utilities,Internet Bill,223.65,2024-01-06
Groceries,Eggs,85.39,2023-03-20
Transportation,Fuel,91.97,2024-04-04
Other,Misc Expense,36.78,2023-05-09
Subscriptions,Netflix,19.27,2024-08-21
Housing,Rent,1714.2,2023-12-16
Transportation,Uber Ride,14.98,2024-03-07
Subscriptions,Netflix,27.14,2023-07-22
Utilities,Internet Bill,56.57,2023-09-27
Other,Misc Expense,112.2,2023-05-10
Other,Online Purchase,125.58,2023-01-25
Housing,Rent,785.33,2024-06-26
Dining,Fast Food,55.09,2024-02-16
Housing,Rent,766.64,2023-12-11
Subscriptions,Gym Membership,39.79,2023-02-16
Groceries,Vegetables,138.35,2024-04-04
Dining,Food Delivery,69.11,2024-03-22
Transportation,Fuel,105.92,2023-07-07
Housing,Rent,610.9,2024-08-30
Transportation,Fuel,58.77,2024-03-25
Utilities,Gas Bill,51.32,2023-11-01
Dining,Fast Food,10.1,2024-06-14
Subscriptions,Gym Membership,37.48,2023-10-20
Transportation,Fuel,49.83,2023-07-02
Utilities,Electricity Bill,191.62,2023-08-04
Dining,Food Delivery,43.9,2024-09-22
Transportation,Uber Ride,54.06,2023-06-19
Groceries,Eggs,43.26,2024-03-25
Utilities,Water Bill,231.89,2024-09-12
Other,Online Purchase,138.9,2024-11-13
Transportation,Train Ticket,17.11,2024-07-19
Other,Online Purchase,7.02,2023-02-10
Subscriptions,Gym Membership,5.23,2023-01-27
Transportation,Train Ticket,44.43,2024-08-07
Dining,Food Delivery,68.39,2023-05-10
Other,Misc Expense,46.36,2023-04-23
Housing,Rent,1205.17,2023-09-27
Groceries,Bread,148.98,2024-11-15
Groceries,Eggs,121.14,2023-08-16
Housing,Rent,1309.88,2023-10-10
Dining,Food Delivery,111.12,2024-11-19
Other,Online Purchase,106.9,2023-11-19
Groceries,Rice,17.76,2024-12-23
Other,Misc Expense,30.99,2024-07-25
Housing,Rent,1478.2,2023-09-09
Utilities,Internet Bill,78.45,2023-07-20
Transportation,Fuel,25.26,2023-07-11
Housing,Mortgage,878.0,2023-04-01
Subscriptions,Gym Membership,5.11,2023-03-10
Dining,Food Delivery,92.85,2024-12-28
Utilities,Electricity Bill,87.88,2024-01-25
Housing,Rent,1277.93,2024-11-03
Utilities,Gas Bill,222.51,2024-11-15
Dining,Fast Food,120.12,2024-02-06
Subscriptions,Spotify,15.34,2023-08-13
Groceries,Eggs,64.68,2024-04-02
Transportation,Train Ticket,100.38,2023-04-29
Utilities,Internet Bill,175.33,2023-12-22
Housing,Mortgage,1683.15,2024-05-10
Other,Misc Expense,91.36,2024-12-04
Utilities,Electricity Bill,141.65,2024-02-23
Groceries,Chicken,116.45,2023-09-25
Housing,Mortgage,1732.64,2024-03-11
Dining,Fast Food,137.12,2023-10-02
Dining,Food Delivery,35.19,2024-10-13
Other,Online Purchase,48.35,2024-02-24
Utilities,Water Bill,201.5,2023-04-23
Subscriptions,Gym Membership,26.17,2023-01-21
Housing,Rent,726.35,2024-12-22
Transportation,Bus Pass,115.73,2024-07-20
Groceries,Vegetables,10.23,2023-08-04
Transportation,Train Ticket,147.83,2024-07-02
Dining,Food Delivery,36.71,2023-06-15
Transportation,Bus Pass,63.77,2024-07-20
Housing,Rent,650.5,2023-01-21
Other,Online Purchase,76.72,2024-05-11
Groceries,Bread,44.61,2023-01-25
Utilities,Water Bill,194.98,2024-01-22
Housing,Mortgage,1636.74,2023-10-04
Other,Online Purchase,14.25,2024-05-31
Housing,Mortgage,1639.71,2024-07-08
Subscriptions,Netflix,25.59,2024-02-05
Utilities,Gas Bill,123.53,2023-01-24
Transportation,Bus Pass,70.46,2023-04-13
Transportation,Fuel,58.36,2024-03-15
Groceries,Bread,145.13,2024-07-28
Transportation,Fuel,44.81,2024-12-20
Subscriptions,Gym Membership,5.6,2024-05-23
Housing,Mortgage,1667.78,2023-04-21
Dining,Restaurant,87.95,2023-01-26
Dining,Restaurant,68.72,2024-05-03
Subscriptions,Netflix,16.64,2024-10-07
Groceries,Milk,85.45,2023-08-01
Other,Misc Expense,90.23,2023-03-27
Utilities,Internet Bill,134.17,2024-08-03
Other,Online Purchase,11.66,2024-05-20
Transportation,Fuel,48.78,2023-12-12
Other,Online Purchase,8.37,2024-12-06
Subscriptions,Gym Membership,5.2,2024-12-07
Utilities,Internet Bill,98.86,2024-10-29
Utilities,Gas Bill,136.26,2024-07-22
Other,Online Purchase,138.42,2024-03-11
Housing,Rent,1659.64,2023-06-15
Subscriptions,Gym Membership,11.91,2023-04-27
Groceries,Rice,75.79,2024-10-03
Other,Misc Expense,23.56,2024-07-14
Dining,Fast Food,4.36,2023-05-01
Dining,Fast Food,108.83,2024-11-23
Transportation,Bus Pass,93.42,2024-01-16
Subscriptions,Gym Membership,15.16,2024-12-02
Utilities,Gas Bill,85.27,2024-04-18
Utilities,Gas Bill,188.43,2023-05-19
Utilities,Internet Bill,121.59,2023-06-03
Dining,Restaurant,149.02,2023-01-06
Transportation,Train Ticket,32.29,2023-04-07
Subscriptions,Spotify,7.14,2024-04-24
Subscriptions,Netflix,27.27,2023-08-20
Transportation,Uber Ride,139.4,2023-10-09
Transportation,Fuel,88.92,2023-11-10
Transportation,Fuel,140.34,2024-07-28
Subscriptions,Gym Membership,7.71,2023-06-06
Groceries,Vegetables,34.82,2023-07-02
Transportation,Uber Ride,21.63,2024-06-18
Subscriptions,Gym Membership,16.56,2024-08-29
Subscriptions,Spotify,30.8,2024-09-22
Housing,Mortgage,603.74,2023-08-26
Utilities,Electricity Bill,165.28,2023-05-27
Utilities,Internet Bill,101.13,2023-02-23
Utilities,Internet Bill,133.77,2023-11-06
Subscriptions,Netflix,18.76,2024-01-30
Housing,Mortgage,1774.11,2023-11-21
Subscriptions,Netflix,34.48,2023-06-20
Housing,Mortgage,1775.83,2024-07-27
Dining,Fast Food,105.18,2023-09-14
Housing,Rent,1209.58,2023-12-23
Utilities,Electricity Bill,218.18,2024-11-17
Transportation,Fuel,34.43,2024-07-27
Utilities,Internet Bill,235.3,2023-01-11
Utilities,Internet Bill,72.88,2024-08-23
Transportation,Bus Pass,16.83,2024-01-13
Transportation,Uber Ride,92.2,2023-02-04
Housing,Mortgage,1157.61,2024-12-13
Housing,Mortgage,680.12,2024-08-08
Other,Online Purchase,129.89,2024-04-27
Subscriptions,Gym Membership,11.08,2024-10-25
Other,Online Purchase,8.61,2023-01-30
Subscriptions,Gym Membership,30.77,2023-05-15
Groceries,Rice,125.61,2023-05-03
Groceries,Rice,96.71,2023-03-05
Transportation,Uber Ride,129.11,2023-10-12
Other,Online Purchase,99.3,2023-01-18
Transportation,Bus Pass,134.97,2023-06-23
Subscriptions,Gym Membership,23.07,2024-11-11
Dining,Fast Food,126.14,2024-11-16
Groceries,Milk,31.36,2024-05-28
Utilities,Gas Bill,127.55,2023-10-10
Subscriptions,Netflix,19.32,2024-10-12
Housing,Rent,1384.78,2023-05-01
Transportation,Fuel,86.52,2024-12-14
Groceries,Chicken,139.75,2023-04-01
Groceries,Milk,29.83,2023-03-30
Utilities,Gas Bill,242.47,2023-06-23
Other,Online Purchase,34.98,2024-01-19
Dining,Restaurant,131.95,2023-09-10
Transportation,Train Ticket,112.87,2023-05-16
Transportation,Uber Ride,58.76,2023-10-21
Utilities,Gas Bill,99.42,2023-08-20
Other,Online Purchase,43.1,2023-07-24
Utilities,Gas Bill,126.71,2023-04-05
Dining,Fast Food,88.07,2023-12-24
Other,Misc Expense,124.94,2024-12-04
Other,Online Purchase,8.4,2024-08-22
Dining,Restaurant,82.08,2023-08-04
Housing,Mortgage,1735.27,2023-10-23
Utilities,Gas Bill,140.83,2023-10-03
Groceries,Chicken,116.69,2023-09-22
Utilities,Internet Bill,232.82,2024-06-13
Housing,Rent,1254.15,2023-11-27
Transportation,Fuel,99.77,2023-02-04
Transportation,Uber Ride,95.53,2023-01-09
Utilities,Internet Bill,104.07,2023-04-13
Utilities,Gas Bill,132.71,2023-07-10
Other,Online Purchase,67.53,2024-09-23
Dining,Food Delivery,87.67,2024-03-21
Housing,Mortgage,941.02,2024-01-18
Subscriptions,Spotify,19.04,2023-02-11
Utilities,Electricity Bill,200.3,2024-08-14
Dining,Food Delivery,7.2,2024-06-08
Utilities,Gas Bill,242.35,2024-06-20
Utilities,Water Bill,103.29,2023-02-25
Groceries,Eggs,119.55,2023-05-25
Other,Misc Expense,70.43,2023-06-19
Dining,Restaurant,99.82,2023-07-25
Utilities,Gas Bill,70.61,2023-07-28
Dining,Restaurant,109.45,2023-06-07
Housing,Mortgage,823.06,2023-04-13
Dining,Food Delivery,103.96,2024-12-16
Utilities,Internet Bill,212.9,2024-12-24
Utilities,Electricity Bill,100.04,2023-05-17
Dining,Fast Food,135.01,2024-11-21
Housing,Mortgage,1347.76,2023-12-22
Dining,Food Delivery,111.84,2024-08-23
Groceries,Bread,133.18,2023-07-02
Other,Online Purchase,57.26,2023-12-15
Subscriptions,Netflix,31.31,2023-03-21
Housing,Rent,863.16,2023-08-05
Transportation,Fuel,16.65,2024-01-29
Housing,Rent,998.95,2024-02-01
Housing,Mortgage,1941.92,2024-03-07
Utilities,Water Bill,143.82,2023-04-19
Dining,Restaurant,53.9,2023-04-14
Housing,Mortgage,617.11,2023-11-23
Utilities,Internet Bill,32.55,2024-10-31
Housing,Mortgage,676.32,2024-03-11
Transportation,Uber Ride,91.73,2024-04-06
Subscriptions,Spotify,29.92,2024-07-01
Transportation,Uber Ride,118.47,2024-03-10
Subscriptions,Spotify,7.8,2023-01-08
Transportation,Bus Pass,32.05,2024-09-21
Housing,Mortgage,1250.67,2023-02-10
Groceries,Rice,70.66,2023-02-21
Subscriptions,Gym Membership,19.9,2024-11-22
Transportation,Uber Ride,82.78,2023-07-03
Transportation,Bus Pass,64.31,2024-04-02
Transportation,Bus Pass,96.49,2024-09-02
Groceries,Eggs,110.59,2024-06-28
Housing,Mortgage,717.67,2023-04-07
Utilities,Water Bill,124.84,2023-10-09
Transportation,Fuel,104.28,2023-09-07
Other,Misc Expense,8.97,2023-12-01
Transportation,Uber Ride,24.57,2024-10-15
Other,Online Purchase,59.14,2023-03-22
Transportation,Bus Pass,65.11,2023-01-23
Utilities,Gas Bill,193.39,2023-03-23
Other,Misc Expense,144.88,2023-07-16
Subscriptions,Spotify,26.55,2024-07-06
Other,Online Purchase,105.06,2023-02-20
Transportation,Fuel,34.64,2024-03-23
Transportation,Train Ticket,43.7,2024-11-18
Groceries,Chicken,61.6,2023-07-05
Housing,Mortgage,1170.06,2023-01-20
Other,Misc Expense,99.61,2023-10-09
Transportation,Fuel,91.06,2024-10-12
Transportation,Uber Ride,35.53,2023-01-19
Housing,Mortgage,1455.94,2024-12-30
Subscriptions,Spotify,27.22,2023-12-03
Subscriptions,Spotify,24.52,2023-12-18
Transportation,Bus Pass,53.92,2024-03-31
Utilities,Internet Bill,139.77,2024-06-29
Housing,Rent,957.97,2023-02-03
Housing,Rent,1385.86,2023-12-20
Groceries,Bread,112.96,2024-06-26
Transportation,Bus Pass,45.9,2023-11-19
Dining,Food Delivery,71.7,2023-06-09
Subscriptions,Gym Membership,17.31,2024-03-17
Dining,Restaurant,113.45,2023-10-18
Subscriptions,Gym Membership,13.22,2024-07-04
Utilities,Internet Bill,216.93,2023-04-10
Dining,Restaurant,34.06,2023-04-24
Subscriptions,Spotify,10.57,2024-02-15
Subscriptions,Spotify,12.62,2024-09-05
Transportation,Bus Pass,116.26,2024-10-07
Groceries,Vegetables,133.06,2024-10-10
Other,Misc Expense,76.84,2024-06-29
Dining,Restaurant,129.28,2024-05-21
Other,Misc Expense,45.08,2024-04-05
Utilities,Water Bill,30.73,2023-12-09
Other,Misc Expense,99.46,2024-11-30
Groceries,Rice,88.28,2024-03-04
Dining,Fast Food,30.76,2023-01-30
Subscriptions,Netflix,26.7,2023-03-24
Subscriptions,Gym Membership,38.09,2023-11-29
Subscriptions,Netflix,26.89,2024-12-01
Groceries,Eggs,6.34,2024-09-07
Other,Misc Expense,84.15,2023-07-17
Other,Online Purchase,70.29,2023-09-03
Utilities,Internet Bill,232.7,2023-11-27
Utilities,Gas Bill,36.8,2024-08-14
Dining,Fast Food,39.02,2024-09-09
Dining,Restaurant,120.12,2024-04-17
Subscriptions,Gym Membership,26.14,2023-12-06
Other,Online Purchase,38.99,2023-03-13
Groceries,Vegetables,7.75,2024-11-24
Dining,Food Delivery,149.34,2024-01-30
Groceries,Rice,143.76,2024-07-04
Groceries,Vegetables,117.16,2024-10-24
Subscriptions,Gym Membership,21.83,2023-03-03
Transportation,Fuel,124.76,2023-02-10
Transportation,Fuel,108.34,2024-06-07
Housing,Mortgage,773.68,2023-05-30
Other,Misc Expense,114.42,2024-08-16
Other,Online Purchase,109.13,2024-01-11
Dining,Food Delivery,52.96,2023-09-06
Other,Misc Expense,33.88,2023-04-10
Transportation,Uber Ride,70.36,2024-12-27
Dining,Restaurant,114.28,2023-12-17
Transportation,Fuel,51.61,2024-04-06
Housing,Mortgage,1432.2,2023-05-24
Utilities,Gas Bill,223.64,2024-07-31
Transportation,Bus Pass,48.08,2023-06-12
Subscriptions,Gym Membership,29.96,2024-11-20
Transportation,Train Ticket,112.33,2024-12-12
Utilities,Water Bill,219.01,2023-09-21
Housing,Rent,896.33,2023-11-07
Utilities,Electricity Bill,188.65,2024-06-13
Dining,Fast Food,93.91,2023-06-24
Transportation,Train Ticket,89.31,2024-05-28
Transportation,Bus Pass,58.56,2024-05-11
Housing,Rent,1274.87,2024-05-10
Dining,Restaurant,101.31,2023-03-08
Transportation,Train Ticket,48.47,2023-08-18
Utilities,Gas Bill,190.33,2023-05-03
Housing,Rent,1243.05,2024-10-15
Groceries,Vegetables,127.32,2024-06-20
Utilities,Water Bill,37.22,2024-10-03
Groceries,Eggs,77.59,2023-10-05
Subscriptions,Gym Membership,23.82,2023-03-23
Other,Online Purchase,68.66,2024-06-19
Utilities,Water Bill,192.68,2024-12-07
Housing,Rent,1604.33,2023-07-01
Groceries,Chicken,42.07,2023-10-12
Groceries,Vegetables,30.93,2023-03-07
Utilities,Gas Bill,80.07,2024-08-22
Other,Misc Expense,71.25,2024-07-03
Other,Online Purchase,49.87,2024-10-11
Groceries,Bread,73.31,2024-03-28
Groceries,Rice,32.02,2024-07-09
Subscriptions,Netflix,15.5,2023-01-10
Subscriptions,Spotify,8.9,2024-03-29
Other,Online Purchase,89.57,2024-10-12
Subscriptions,Spotify,13.81,2024-02-21
Subscriptions,Spotify,11.18,2024-06-03
Dining,Food Delivery,44.71,2024-10-22
Transportation,Bus Pass,130.49,2023-09-12
Transportation,Bus Pass,102.64,2024-05-30
Transportation,Fuel,19.39,2023-07-06
Dining,Restaurant,49.92,2024-06-05
Dining,Fast Food,26.98,2023-03-09
Other,Misc Expense,101.93,2023-04-07
Other,Misc Expense,53.34,2024-12-04
Subscriptions,Netflix,8.8,2023-08-26
Utilities,Gas Bill,100.4,2024-06-27
Dining,Restaurant,103.66,2024-09-16
Utilities,Water Bill,72.22,2024-02-10
Other,Online Purchase,128.3,2024-09-16
Housing,Rent,1323.05,2024-04-30
Housing,Mortgage,977.14,2023-09-27
Dining,Fast Food,57.51,2023-11-10
Transportation,Bus Pass,124.9,2023-11-19
Dining,Fast Food,65.52,2024-02-07
Other,Misc Expense,3.83,2024-02-18
Groceries,Rice,54.98,2023-05-24
Dining,Fast Food,5.86,2024-12-22
Utilities,Water Bill,86.3,2024-01-18
Groceries,Eggs,65.84,2024-01-27
Transportation,Train Ticket,120.23,2024-09-24
Subscriptions,Spotify,8.74,2023-09-06
Utilities,Gas Bill,237.13,2024-08-30
Dining,Restaurant,117.84,2024-02-04
Housing,Mortgage,1981.7,2024-08-23
Dining,Restaurant,17.91,2024-10-16
Transportation,Bus Pass,82.07,2024-03-24
Transportation,Uber Ride,72.36,2023-03-17
Transportation,Fuel,124.17,2023-06-04
Subscriptions,Spotify,24.66,2024-03-24
Utilities,Gas Bill,197.81,2023-09-24
Subscriptions,Gym Membership,29.13,2023-05-24
Other,Online Purchase,131.0,2024-12-17
Housing,Mortgage,1105.72,2024-04-01
Housing,Rent,1255.66,2024-04-16
Transportation,Bus Pass,32.25,2024-12-21
Transportation,Bus Pass,91.73,2023-01-24
Utilities,Electricity Bill,124.01,2024-05-13
Other,Online Purchase,125.26,2023-03-03
Subscriptions,Spotify,20.3,2023-02-02
Subscriptions,Spotify,22.22,2024-08-11
Transportation,Uber Ride,110.96,2024-08-01
Groceries,Chicken,117.75,2024-06-28
Utilities,Electricity Bill,133.06,2024-10-27
Utilities,Electricity Bill,124.81,2023-10-11
Dining,Fast Food,133.74,2023-06-05
Housing,Mortgage,1506.98,2023-12-14
Dining,Food Delivery,117.82,2024-03-18
Groceries,Rice,87.49,2023-01-07
Subscriptions,Spotify,12.88,2024-03-13
Utilities,Gas Bill,158.56,2023-12-01
Subscriptions,Spotify,12.01,2024-08-11
Transportation,Train Ticket,30.76,2023-06-01
Utilities,Gas Bill,35.77,2024-09-08
Other,Online Purchase,117.58,2024-07-07
Transportation,Uber Ride,51.14,2023-11-19
Utilities,Water Bill,65.92,2023-10-05
Utilities,Water Bill,36.01,2024-03-26
Groceries,Rice,6.74,2023-08-02
Dining,Restaurant,68.68,2024-02-13
Utilities,Water Bill,159.85,2023-05-08
Groceries,Bread,77.49,2024-08-15
Housing,Rent,893.49,2024-05-15
Housing,Mortgage,1043.63,2023-07-15
Utilities,Electricity Bill,109.17,2023-09-19
Subscriptions,Netflix,5.57,2024-01-25
Other,Misc Expense,61.85,2023-04-13
Transportation,Bus Pass,142.02,2023-03-08
Dining,Food Delivery,47.2,2024-12-19
Groceries,Vegetables,97.61,2024-02-04
Dining,Restaurant,142.84,2023-10-09
Housing,Mortgage,1786.38,2023-07-01
Subscriptions,Netflix,10.45,2024-12-12
Dining,Restaurant,11.99,2023-08-03
Other,Misc Expense,57.64,2024-02-29
Other,Online Purchase,64.63,2023-06-28
Subscriptions,Netflix,33.36,2023-07-05
Transportation,Uber Ride,118.62,2023-01-31
Dining,Restaurant,47.99,2024-10-02
Transportation,Bus Pass,94.42,2023-01-30
Other,Online Purchase,51.74,2024-04-26
Groceries,Vegetables,131.19,2024-02-22
Groceries,Chicken,58.42,2024-09-04
Housing,Rent,620.91,2023-08-17
Groceries,Rice,148.26,2023-04-26
Dining,Fast Food,147.56,2024-07-03
Dining,Restaurant,128.97,2024-10-14
Groceries,Eggs,73.01,2023-09-21
Utilities,Gas Bill,110.43,2024-09-20
Housing,Rent,1648.21,2024-08-07
Utilities,Water Bill,58.56,2023-05-27
Utilities,Electricity Bill,187.8,2023-10-17
Subscriptions,Netflix,13.77,2024-11-06
Transportation,Bus Pass,107.44,2024-04-18
Housing,Mortgage,784.39,2024-03-08
Transportation,Train Ticket,88.17,2023-02-05
Housing,Mortgage,1711.87,2023-07-06
Groceries,Bread,96.29,2023-09-01
Utilities,Internet Bill,155.86,2024-05-10
Other,Misc Expense,30.6,2024-08-14
Dining,Fast Food,148.93,2024-04-09
Subscriptions,Spotify,9.12,2023-10-14
Housing,Mortgage,1849.54,2023-09-19
Transportation,Fuel,116.49,2024-04-12
Housing,Rent,1079.33,2024-06-15
Transportation,Uber Ride,117.95,2024-03-12
Housing,Rent,776.72,2023-08-21
Dining,Restaurant,20.68,2024-12-30
Transportation,Train Ticket,131.38,2023-11-11
Dining,Fast Food,84.33,2023-03-26
Other,Online Purchase,61.44,2024-06-07
Utilities,Water Bill,78.81,2023-01-18
Utilities,Gas Bill,201.59,2024-07-30
Other,Online Purchase,120.64,2024-01-07
Subscriptions,Netflix,39.9,2023-06-20
Transportation,Train Ticket,17.72,2023-06-19
Housing,Rent,1651.55,2023-06-05
Subscriptions,Gym Membership,12.08,2023-02-20
Dining,Fast Food,60.3,2024-06-18
Dining,Fast Food,71.8,2023-05-20
Housing,Mortgage,951.86,2024-07-23
Housing,Mortgage,1626.84,2024-08-31
Groceries,Milk,114.01,2023-05-24
Utilities,Internet Bill,198.21,2023-09-06
Dining,Restaurant,97.97,2024-02-05
Subscriptions,Netflix,17.26,2023-08-20
Transportation,Train Ticket,134.22,2023-05-07
Housing,Rent,799.37,2023-10-10
Other,Misc Expense,4.58,2023-05-01
Subscriptions,Spotify,32.01,2024-09-04
Dining,Restaurant,100.08,2023-11-02
Other,Online Purchase,82.57,2024-09-16
Dining,Restaurant,13.35,2023-12-16
Transportation,Uber Ride,59.08,2023-09-19
Groceries,Vegetables,71.58,2024-08-22
Utilities,Internet Bill,79.42,2023-04-16
Groceries,Vegetables,91.69,2024-09-05
Other,Misc Expense,38.47,2024-11-11
Dining,Food Delivery,144.6,2024-03-07
Groceries,Vegetables,18.46,2023-10-14
Other,Misc Expense,136.0,2024-10-17
Subscriptions,Spotify,34.27,2024-01-01
Groceries,Milk,17.87,2024-05-12
Utilities,Internet Bill,125.43,2023-09-30
Groceries,Vegetables,74.72,2024-09-13
Other,Misc Expense,92.17,2024-11-14
Dining,Restaurant,91.44,2024-08-27
Other,Online Purchase,87.62,2023-05-01
Other,Online Purchase,56.02,2024-11-19
Housing,Mortgage,1605.6,2023-02-10
Transportation,Fuel,128.28,2024-08-10
Other,Online Purchase,141.21,2024-10-05
Housing,Mortgage,635.9,2024-08-03
Utilities,Electricity Bill,102.37,2023-10-27
Dining,Restaurant,110.17,2023-09-17
Transportation,Bus Pass,54.8,2023-09-12
Transportation,Fuel,118.21,2023-11-29
Dining,Food Delivery,148.67,2023-09-27
Other,Online Purchase,33.78,2024-07-14
Housing,Mortgage,1654.65,2023-06-26
Other,Misc Expense,128.93,2023-12-08
Transportation,Train Ticket,49.53,2023-11-10
Groceries,Vegetables,16.29,2024-02-20
Transportation,Fuel,97.0,2024-01-27
Utilities,Gas Bill,136.8,2023-12-12
Other,Misc Expense,134.68,2023-06-13
Utilities,Gas Bill,71.75,2023-11-14
Subscriptions,Gym Membership,15.37,2024-07-27
Subscriptions,Netflix,29.35,2023-07-23
Groceries,Milk,107.61,2024-11-10
Dining,Fast Food,24.43,2023-12-15
Subscriptions,Spotify,37.24,2023-04-17
Other,Misc Expense,93.17,2023-03-26
Transportation,Train Ticket,68.05,2023-02-11
Utilities,Water Bill,90.23,2024-05-21
Utilities,Water Bill,79.68,2024-10-25
Other,Online Purchase,24.37,2023-10-31
Utilities,Electricity Bill,136.32,2024-03-25
Dining,Food Delivery,84.03,2024-08-04
Utilities,Internet Bill,144.09,2024-02-14
Housing,Mortgage,1589.44,2024-01-08
Other,Misc Expense,66.4,2024-01-09
Utilities,Gas Bill,46.95,2024-12-10
Utilities,Gas Bill,246.98,2023-09-10
Other,Online Purchase,17.2,2024-06-03
Housing,Mortgage,746.73,2024-09-10
Utilities,Gas Bill,171.89,2024-07-21
Other,Online Purchase,71.4,2024-08-11
Other,Online Purchase,70.66,2024-03-24
Dining,Food Delivery,67.12,2023-06-25
Groceries,Chicken,68.92,2024-10-27
Groceries,Eggs,73.06,2024-12-24
Utilities,Electricity Bill,44.39,2023-10-10
Subscriptions,Spotify,30.47,2024-12-31
Subscriptions,Spotify,31.75,2023-05-17
Dining,Restaurant,100.28,2023-11-14
Subscriptions,Gym Membership,16.57,2024-08-06
Other,Misc Expense,24.2,2024-07-06
Housing,Mortgage,1959.24,2023-02-24
Housing,Mortgage,1684.47,2023-03-14
Subscriptions,Netflix,30.56,2023-07-19
Utilities,Water Bill,36.49,2024-05-21
Housing,Rent,731.83,2024-02-18
Subscriptions,Gym Membership,18.56,2024-02-22
Dining,Food Delivery,72.74,2023-12-18
Utilities,Electricity Bill,69.03,2024-03-16
Transportation,Fuel,16.34,2023-09-24
Dining,Restaurant,36.32,2024-10-24
Housing,Rent,1652.54,2024-06-20
Transportation,Uber Ride,132.26,2023-03-04
Subscriptions,Netflix,8.34,2023-01-02
Subscriptions,Netflix,18.47,2023-01-29
Other,Misc Expense,129.33,2023-06-26
Utilities,Internet Bill,78.04,2023-12-20
Groceries,Vegetables,137.15,2024-09-06
Transportation,Train Ticket,134.04,2024-12-24
Other,Online Purchase,77.58,2024-03-31
Groceries,Chicken,8.7,2024-07-04
Other,Online Purchase,121.66,2023-11-16
Transportation,Uber Ride,54.31,2023-07-04
Subscriptions,Gym Membership,8.49,2023-07-17
Subscriptions,Netflix,37.2,2024-04-10
Housing,Mortgage,1921.62,2024-11-15
Subscriptions,Netflix,17.8,2023-09-03
Other,Misc Expense,30.69,2024-02-18
Groceries,Eggs,11.62,2024-05-06
Other,Online Purchase,127.62,2023-04-04
Housing,Mortgage,1388.2,2024-12-20
Subscriptions,Gym Membership,24.12,2023-07-25
Transportation,Bus Pass,22.91,2023-07-22
Transportation,Fuel,62.42,2024-01-22
Groceries,Rice,6.5,2023-04-17
Transportation,Fuel,92.62,2023-11-10
Dining,Fast Food,116.31,2024-12-16
Groceries,Chicken,125.19,2023-07-12
Groceries,Eggs,134.14,2024-08-07
Subscriptions,Netflix,30.87,2024-07-01
Groceries,Milk,145.11,2024-01-30
Utilities,Gas Bill,41.54,2024-12-01
Other,Misc Expense,111.57,2024-06-20
Other,Online Purchase,77.79,2024-11-28
Housing,Rent,738.11,2023-07-10
Utilities,Gas Bill,74.79,2023-07-31
Subscriptions,Gym Membership,6.58,2024-01-26
Utilities,Electricity Bill,31.04,2023-09-04
Housing,Mortgage,1981.92,2023-08-22
Transportation,Fuel,9.58,2023-05-26
Subscriptions,Netflix,14.04,2024-03-08
Housing,Mortgage,1830.15,2023-10-07
Dining,Food Delivery,4.5,2024-02-28
Dining,Fast Food,126.87,2023-07-14
Other,Misc Expense,40.25,2023-01-11
Housing,Mortgage,1673.98,2023-05-12
Housing,Rent,760.13,2023-06-12
Other,Misc Expense,12.78,2024-07-03
Transportation,Train Ticket,141.69,2023-09-20
Housing,Mortgage,1001.01,2024-08-06
Transportation,Uber Ride,114.87,2024-02-09
Other,Online Purchase,142.68,2024-07-22
Other,Misc Expense,32.52,2024-06-14
Groceries,Rice,73.39,2023-04-25
Utilities,Electricity Bill,70.59,2024-12-11
Other,Online Purchase,38.54,2024-09-22
Transportation,Fuel,111.54,2024-03-28
Subscriptions,Netflix,22.63,2023-07-13
Other,Online Purchase,109.56,2023-02-14
Subscriptions,Netflix,16.95,2023-09-14
Utilities,Gas Bill,228.34,2023-02-27
Dining,Fast Food,25.51,2023-10-26
Subscriptions,Netflix,26.95,2023-12-10
Housing,Mortgage,1216.74,2023-09-09
Subscriptions,Gym Membership,10.64,2024-07-14
Transportation,Uber Ride,19.37,2023-03-08
Dining,Food Delivery,81.54,2024-09-25
Housing,Rent,1050.32,2023-02-09
Utilities,Electricity Bill,31.3,2023-01-04
Subscriptions,Netflix,31.9,2023-05-03
Other,Online Purchase,115.04,2023-02-06
Subscriptions,Gym Membership,27.71,2024-05-02
Subscriptions,Gym Membership,29.0,2024-02-01
Dining,Food Delivery,37.94,2024-05-17
Subscriptions,Spotify,39.58,2024-04-10
Dining,Restaurant,69.77,2024-01-04
Utilities,Water Bill,190.82,2024-02-02
Transportation,Train Ticket,57.11,2023-01-22
Dining,Fast Food,24.17,2024-04-15
Dining,Food Delivery,132.33,2023-08-21
Dining,Restaurant,126.5,2023-12-28
Utilities,Internet Bill,121.9,2024-04-08
Dining,Fast Food,71.14,2023-12-12
Transportation,Fuel,22.57,2024-06-26
Utilities,Water Bill,72.01,2023-07-19
Other,Misc Expense,135.35,2024-07-15
Other,Misc Expense,58.1,2023-11-11
Utilities,Internet Bill,53.9,2024-10-29
Dining,Fast Food,135.99,2024-09-30
Dining,Restaurant,32.31,2023-12-12
Subscriptions,Netflix,37.8,2024-03-18
Utilities,Internet Bill,75.42,2024-08-04
Housing,Rent,1644.36,2024-07-30
Other,Online Purchase,97.26,2024-08-11
Other,Online Purchase,25.15,2023-11-21
Dining,Restaurant,130.6,2023-05-14
Other,Misc Expense,49.48,2024-09-19
Subscriptions,Gym Membership,6.24,2023-04-10
Other,Online Purchase,15.61,2023-01-09
Other,Online Purchase,51.73,2023-04-03
Transportation,Bus Pass,32.84,2023-06-04
Utilities,Gas Bill,109.85,2023-11-20
Subscriptions,Spotify,29.63,2023-10-24
Transportation,Uber Ride,120.94,2023-06-13
Utilities,Water Bill,147.11,2024-09-25
Dining,Restaurant,85.56,2024-10-05
Dining,Food Delivery,147.55,2024-12-07
Other,Online Purchase,146.49,2024-11-10
Utilities,Internet Bill,38.66,2024-01-26
Dining,Fast Food,73.1,2023-01-21
Subscriptions,Gym Membership,17.68,2024-03-27
Subscriptions,Gym Membership,36.29,2024-05-18
Housing,Mortgage,1982.94,2024-01-14
Groceries,Bread,22.84,2023-11-04
Housing,Mortgage,755.36,2024-11-15
Utilities,Gas Bill,204.41,2023-03-27
Transportation,Fuel,5.35,2024-08-27
Dining,Restaurant,56.69,2023-09-16
Utilities,Gas Bill,228.94,2023-01-25
Dining,Fast Food,136.16,2023-02-23
Housing,Rent,968.36,2024-03-19
Transportation,Uber Ride,43.11,2024-11-03
Dining,Food Delivery,14.8,2024-07-18
Groceries,Bread,131.19,2024-10-01
Groceries,Vegetables,87.33,2023-11-06
Dining,Restaurant,135.97,2024-01-25
Dining,Restaurant,105.21,2023-10-04
Housing,Mortgage,1724.4,2024-03-10
Dining,Food Delivery,53.29,2023-12-21
Housing,Mortgage,1284.36,2023-10-01
Groceries,Rice,138.06,2023-03-28
Other,Misc Expense,129.64,2023-04-27
Groceries,Bread,121.52,2023-04-20
Utilities,Electricity Bill,44.29,2024-08-08
Other,Online Purchase,117.49,2023-03-19
Groceries,Vegetables,4.98,2023-12-16
Other,Online Purchase,25.97,2024-10-03
Other,Misc Expense,95.76,2023-12-05
Other,Online Purchase,93.05,2023-02-27
Housing,Rent,1644.49,2023-03-25
Utilities,Electricity Bill,50.15,2024-03-19
Other,Online Purchase,33.9,2023-03-23
Dining,Fast Food,94.94,2023-07-17
Dining,Restaurant,107.11,2024-05-22
Subscriptions,Gym Membership,15.08,2024-11-23
Subscriptions,Netflix,22.77,2023-03-23
Utilities,Water Bill,223.2,2024-08-12
Utilities,Electricity Bill,46.67,2023-07-11
Other,Misc Expense,114.17,2023-08-22
Utilities,Internet Bill,160.31,2024-09-07
Dining,Food Delivery,97.17,2023-08-12
Dining,Fast Food,124.2,2023-09-04
Subscriptions,Netflix,38.88,2023-09-15
Transportation,Train Ticket,12.5,2023-03-06
Dining,Fast Food,135.7,2023-03-03
Subscriptions,Spotify,31.76,2024-04-01
Groceries,Vegetables,102.15,2023-11-23
Subscriptions,Spotify,26.19,2023-03-09
Subscriptions,Spotify,16.17,2024-01-02
Housing,Mortgage,1020.35,2024-05-15
Transportation,Train Ticket,36.53,2023-06-24
Groceries,Vegetables,54.88,2024-04-21
Dining,Fast Food,138.75,2024-02-17
Dining,Fast Food,69.47,2023-05-26
Housing,Mortgage,634.27,2023-05-23
Other,Misc Expense,59.07,2024-10-09
Utilities,Internet Bill,125.56,2024-11-08
Utilities,Water Bill,70.46,2023-04-08
Groceries,Rice,72.43,2023-10-05
Transportation,Train Ticket,6.19,2024-02-06
Utilities,Gas Bill,217.84,2023-10-12
Utilities,Water Bill,189.22,2024-03-19
Dining,Restaurant,74.64,2024-11-12
Groceries,Eggs,144.33,2023-03-10
Transportation,Fuel,92.35,2023-05-25
Utilities,Internet Bill,121.6,2023-01-14
Transportation,Train Ticket,52.77,2023-11-15
Housing,Mortgage,1438.76,2024-06-26
Transportation,Bus Pass,109.54,2024-12-06
Other,Online Purchase,57.33,2024-04-29
Groceries,Milk,68.72,2024-03-03
Utilities,Water Bill,181.42,2023-11-17
Housing,Mortgage,1376.99,2024-08-14
Other,Misc Expense,105.65,2023-05-11
Transportation,Train Ticket,107.09,2024-09-16
Utilities,Water Bill,133.35,2023-01-20
Transportation,Uber Ride,59.47,2023-06-01
Subscriptions,Spotify,22.18,2024-09-09
Housing,Mortgage,1145.41,2023-07-17
Other,Misc Expense,107.65,2024-01-08
Other,Online Purchase,72.64,2023-08-17
Housing,Rent,1754.77,2024-05-09
Subscriptions,Netflix,38.48,2024-05-11
Transportation,Train Ticket,124.15,2024-10-23
Utilities,Electricity Bill,43.32,2023-07-19
Subscriptions,Gym Membership,32.67,2024-03-09
Housing,Rent,885.94,2023-10-31
Groceries,Milk,98.79,2024-03-07
Groceries,Eggs,71.35,2023-06-01
Dining,Food Delivery,59.16,2023-06-10
Subscriptions,Spotify,8.77,2023-10-08
Dining,Fast Food,32.07,2024-09-13
Dining,Fast Food,26.95,2023-05-12
Transportation,Uber Ride,21.22,2023-12-01
Subscriptions,Spotify,16.03,2024-01-20
Subscriptions,Netflix,27.62,2024-02-10
Utilities,Gas Bill,197.32,2024-10-21
Transportation,Bus Pass,86.15,2024-08-05
Groceries,Chicken,11.21,2024-12-31
Utilities,Internet Bill,44.94,2023-06-05
Groceries,Chicken,27.02,2024-12-31
Utilities,Electricity Bill,243.91,2023-12-13
Groceries,Rice,53.51,2023-03-13
Dining,Fast Food,83.13,2024-06-21
Dining,Food Delivery,119.09,2024-12-12
Utilities,Electricity Bill,128.67,2023-04-29
Other,Misc Expense,36.43,2023-02-27
Housing,Rent,1780.05,2023-08-19
Dining,Restaurant,9.2,2023-08-27
Utilities,Water Bill,101.05,2024-10-11
Housing,Mortgage,1671.75,2024-05-19
Groceries,Vegetables,108.07,2024-02-29
Subscriptions,Netflix,25.64,2023-08-02
Utilities,Internet Bill,184.4,2024-08-18
Transportation,Train Ticket,61.39,2023-06-05
Subscriptions,Netflix,31.05,2023-10-16
Transportation,Bus Pass,78.1,2023-06-13
Other,Online Purchase,113.86,2023-09-20
Transportation,Train Ticket,51.08,2023-09-24
Dining,Restaurant,98.62,2024-04-07
Groceries,Rice,91.7,2024-10-29
Housing,Mortgage,757.77,2024-02-01
Other,Online Purchase,112.19,2023-07-30
Utilities,Gas Bill,178.33,2024-08-30
Other,Misc Expense,56.06,2023-02-25
Housing,Rent,1838.13,2023-09-16
Utilities,Electricity Bill,77.61,2023-07-05
Other,Misc Expense,33.33,2024-02-02
Housing,Mortgage,1147.06,2023-06-19
Dining,Fast Food,85.44,2023-10-20
Other,Online Purchase,14.42,2023-04-20
Groceries,Milk,94.03,2023-01-12
Transportation,Uber Ride,47.61,2024-01-26
Housing,Rent,1115.27,2024-10-23
Utilities,Internet Bill,112.02,2023-10-14
Dining,Food Delivery,6.29,2023-02-05
Groceries,Eggs,23.85,2024-04-12
Other,Online Purchase,20.69,2024-10-13
Housing,Rent,1904.86,2023-06-28
Groceries,Milk,15.66,2023-08-29
Dining,Food Delivery,105.15,2023-10-07
Transportation,Uber Ride,106.32,2024-05-06
Groceries,Vegetables,104.69,2023-08-09
Groceries,Rice,102.67,2023-01-31
Groceries,Rice,66.58,2024-04-21
Dining,Restaurant,146.02,2024-08-13
Groceries,Vegetables,12.26,2023-10-15
Housing,Mortgage,883.78,2023-10-01
Groceries,Vegetables,42.98,2023-07-12
Utilities,Internet Bill,249.08,2023-02-15
Other,Misc Expense,85.16,2024-12-20
Dining,Restaurant,108.19,2023-02-18
Transportation,Bus Pass,16.0,2024-01-12
Dining,Fast Food,83.05,2024-01-18
Housing,Mortgage,1357.07,2023-11-25
Housing,Mortgage,1412.3,2024-01-17
Dining,Fast Food,115.8,2023-06-01
Other,Misc Expense,102.33,2024-02-22
Transportation,Fuel,15.71,2023-09-17
Utilities,Gas Bill,172.0,2024-04-06
Other,Online Purchase,133.79,2023-12-18
Subscriptions,Gym Membership,16.96,2024-10-09
Other,Online Purchase,128.11,2024-08-10
Utilities,Water Bill,117.2,2024-03-05
Groceries,Chicken,82.97,2024-06-16
Groceries,Chicken,3.59,2024-07-17
Housing,Rent,1557.61,2023-12-09
Dining,Restaurant,50.85,2024-01-18
Subscriptions,Spotify,33.68,2023-08-13
Subscriptions,Spotify,29.07,2023-04-19
Utilities,Internet Bill,182.67,2023-07-12
Housing,Rent,1956.99,2023-04-21
Dining,Restaurant,137.63,2024-12-12
Transportation,Train Ticket,114.1,2023-11-07
Other,Online Purchase,82.67,2023-04-09
Other,Online Purchase,6.46,2023-02-01
Transportation,Uber Ride,33.44,2024-11-27
Groceries,Milk,40.25,2023-05-02
Dining,Fast Food,100.25,2023-01-11
Housing,Mortgage,1124.88,2023-11-08
Dining,Food Delivery,89.68,2024-05-04
Housing,Rent,1967.82,2024-05-26
Transportation,Bus Pass,7.56,2024-12-18
Dining,Fast Food,113.68,2023-04-11
Dining,Food Delivery,89.31,2023-12-26
Housing,Mortgage,1131.95,2024-05-14
Other,Online Purchase,72.81,2024-07-10
Groceries,Milk,39.07,2024-10-08
Groceries,Rice,58.84,2023-12-12
Utilities,Internet Bill,98.16,2024-12-21
Other,Misc Expense,34.83,2024-02-25
Groceries,Milk,103.52,2024-08-30
Other,Online Purchase,140.52,2024-03-31
Groceries,Chicken,29.64,2023-10-09
Housing,Mortgage,1349.93,2023-02-19
Transportation,Uber Ride,105.64,2024-05-17
Utilities,Internet Bill,65.8,2023-10-25
Subscriptions,Spotify,29.04,2023-03-20
Utilities,Internet Bill,31.25,2024-10-31
Utilities,Internet Bill,70.19,2023-12-15
Other,Misc Expense,36.62,2024-03-31
Other,Online Purchase,17.93,2023-05-23
Utilities,Electricity Bill,110.67,2024-12-16
Dining,Restaurant,107.14,2024-12-11
Transportation,Uber Ride,64.54,2023-02-04
Transportation,Fuel,84.92,2024-03-08
Groceries,Milk,15.82,2024-11-11
Transportation,Fuel,62.0,2023-09-07
Utilities,Electricity Bill,49.0,2023-07-11
Housing,Rent,1995.13,2024-01-18
Subscriptions,Spotify,38.98,2024-11-03
Utilities,Internet Bill,38.75,2023-07-27
Utilities,Gas Bill,184.32,2023-01-12
Transportation,Uber Ride,78.0,2023-01-13
Groceries,Chicken,100.89,2024-08-22
Subscriptions,Netflix,33.4,2023-11-24
Utilities,Internet Bill,71.51,2024-05-01
Dining,Fast Food,34.48,2023-06-26
Dining,Food Delivery,96.11,2024-07-08
Other,Online Purchase,24.48,2023-05-11
Other,Online Purchase,129.59,2023-03-11
Dining,Food Delivery,148.51,2023-03-16
Subscriptions,Netflix,31.37,2024-10-02
Transportation,Train Ticket,124.71,2024-02-21
Groceries,Rice,9.31,2023-11-25
Other,Misc Expense,7.07,2024-11-18
Housing,Mortgage,1449.01,2023-08-19
Housing,Rent,1929.14,2024-06-05
Dining,Food Delivery,131.17,2024-10-12
Utilities,Water Bill,93.28,2023-03-18
Dining,Food Delivery,7.54,2023-03-09
Subscriptions,Netflix,32.2,2024-10-18
Groceries,Eggs,43.78,2023-10-15
Dining,Food Delivery,121.6,2023-12-16
Transportation,Bus Pass,138.14,2024-04-26
Subscriptions,Spotify,35.49,2024-12-05
Subscriptions,Gym Membership,28.88,2024-09-05
Housing,Rent,727.38,2024-05-16
Transportation,Uber Ride,39.98,2023-10-02
Transportation,Bus Pass,90.38,2023-08-22
Transportation,Bus Pass,136.36,2024-08-02
Utilities,Gas Bill,72.21,2023-12-10
Subscriptions,Gym Membership,14.24,2024-03-10
Housing,Rent,1846.77,2023-05-23
Other,Misc Expense,30.93,2024-12-03
Transportation,Bus Pass,33.06,2024-04-18
Subscriptions,Gym Membership,30.36,2023-10-26
Housing,Rent,1705.92,2023-12-12
Utilities,Internet Bill,116.16,2023-10-05
Subscriptions,Spotify,10.12,2024-09-12
Groceries,Eggs,21.29,2024-01-21
Other,Misc Expense,3.48,2023-07-13
Other,Misc Expense,139.39,2024-04-10
Subscriptions,Gym Membership,22.89,2024-03-06
Utilities,Gas Bill,124.1,2024-05-16
Subscriptions,Netflix,18.54,2023-05-03
Utilities,Water Bill,197.23,2023-02-25
Groceries,Milk,43.77,2024-07-15
Subscriptions,Spotify,8.36,2024-12-04
Dining,Restaurant,8.87,2024-11-07
Subscriptions,Netflix,16.82,2024-10-01
Housing,Mortgage,936.95,2023-08-14
Subscriptions,Gym Membership,14.34,2024-07-19
Transportation,Train Ticket,25.3,2024-07-20
Subscriptions,Spotify,11.01,2024-01-28
Utilities,Electricity Bill,50.06,2024-09-20
Transportation,Fuel,21.31,2023-09-10
Other,Misc Expense,35.48,2024-04-15
Subscriptions,Netflix,37.12,2023-10-14
Groceries,Milk,38.1,2023-11-12
Dining,Food Delivery,129.55,2024-01-31
Dining,Restaurant,37.13,2023-03-25
Dining,Food Delivery,68.29,2023-06-03
Housing,Mortgage,1650.97,2023-01-24
Subscriptions,Spotify,28.57,2024-03-23
Other,Misc Expense,50.35,2024-05-26
Subscriptions,Gym Membership,20.48,2023-07-30
Transportation,Train Ticket,106.41,2024-09-07
Other,Misc Expense,27.75,2024-02-18
Utilities,Water Bill,119.12,2023-09-12
Housing,Mortgage,1131.22,2024-04-25
Groceries,Vegetables,140.48,2023-09-07
Housing,Rent,1720.14,2024-02-03
Subscriptions,Spotify,5.72,2024-03-22
Housing,Mortgage,725.25,2023-09-19
Transportation,Train Ticket,42.56,2023-09-24
Dining,Restaurant,27.78,2024-08-22
Housing,Rent,1970.83,2024-01-09
Groceries,Bread,16.23,2023-06-12
Groceries,Chicken,105.21,2023-02-21
Transportation,Uber Ride,80.21,2023-09-19
Dining,Restaurant,46.09,2024-03-22
Transportation,Train Ticket,36.68,2023-11-16
Utilities,Electricity Bill,50.3,2023-02-23
Subscriptions,Gym Membership,35.51,2023-06-30
Transportation,Fuel,141.48,2023-06-21
Utilities,Electricity Bill,72.98,2024-12-30
Groceries,Milk,116.61,2023-10-03
Other,Online Purchase,81.49,2024-04-18
Subscriptions,Spotify,10.35,2023-07-11
Utilities,Electricity Bill,67.79,2023-10-06
Subscriptions,Netflix,36.32,2024-02-08
Utilities,Water Bill,64.3,2023-05-16
Utilities,Gas Bill,91.44,2023-09-09
Dining,Restaurant,107.4,2024-12-31
Utilities,Water Bill,195.99,2023-03-10
Dining,Restaurant,3.08,2024-04-16
Subscriptions,Spotify,18.83,2024-07-08
Housing,Mortgage,1253.27,2024-10-24
Subscriptions,Spotify,25.21,2024-02-19
Other,Misc Expense,79.95,2024-02-22
Utilities,Internet Bill,38.01,2023-03-17
Subscriptions,Spotify,9.04,2024-02-27
Dining,Fast Food,47.03,2023-01-25
Transportation,Fuel,32.21,2023-01-17
Utilities,Internet Bill,195.08,2024-04-05
Other,Online Purchase,98.41,2023-11-06
Dining,Restaurant,23.92,2023-08-21
Dining,Fast Food,74.56,2024-04-22
Housing,Mortgage,886.57,2023-05-14
Dining,Restaurant,39.07,2023-05-30
Housing,Rent,674.37,2024-04-21
Dining,Food Delivery,131.2,2023-03-21
Subscriptions,Spotify,22.94,2024-05-03
Groceries,Rice,12.96,2023-12-06
Utilities,Gas Bill,66.51,2023-04-14
Utilities,Gas Bill,142.09,2024-10-07
Subscriptions,Spotify,19.12,2024-09-19
Dining,Fast Food,94.4,2023-10-19
Transportation,Uber Ride,120.78,2024-08-22
Groceries,Rice,114.5,2024-03-19
Other,Online Purchase,100.95,2024-07-15
Housing,Rent,814.66,2024-01-22
Transportation,Fuel,110.52,2024-10-12
Transportation,Train Ticket,23.91,2023-07-21
Groceries,Chicken,59.43,2024-02-08
Utilities,Electricity Bill,32.67,2023-05-17
Utilities,Internet Bill,121.87,2023-06-05
Dining,Food Delivery,86.52,2023-08-04
Groceries,Milk,27.02,2023-02-08
Transportation,Fuel,118.69,2023-08-13
Dining,Restaurant,138.95,2024-05-20
Groceries,Milk,101.4,2023-12-17
Subscriptions,Gym Membership,34.77,2023-09-22
Subscriptions,Gym Membership,36.55,2023-12-05
Housing,Mortgage,1534.85,2024-08-26
Subscriptions,Gym Membership,25.78,2023-09-09
Utilities,Electricity Bill,89.88,2024-06-05
Transportation,Fuel,146.0,2024-02-19
Groceries,Chicken,47.15,2023-09-21
Groceries,Bread,84.59,2023-08-13
Utilities,Internet Bill,233.73,2024-12-15
Subscriptions,Gym Membership,30.99,2024-03-05
Subscriptions,Spotify,13.49,2024-09-30
Dining,Food Delivery,12.75,2023-11-18
Groceries,Rice,62.67,2024-03-18
Utilities,Internet Bill,36.73,2024-01-15
Groceries,Eggs,37.65,2024-05-18
Dining,Food Delivery,34.46,2024-03-16
Other,Online Purchase,45.11,2024-09-17
Other,Online Purchase,52.41,2024-09-04
Transportation,Fuel,128.42,2023-04-14
Groceries,Milk,120.04,2023-01-09
Utilities,Internet Bill,50.31,2024-12-15
Housing,Rent,602.92,2023-07-01
Groceries,Bread,45.84,2024-01-11
Housing,Mortgage,722.53,2023-06-19
Transportation,Bus Pass,17.7,2024-08-19
Groceries,Milk,93.31,2023-07-16
Other,Online Purchase,134.87,2024-05-17
Groceries,Eggs,90.23,2024-09-22
Other,Online Purchase,125.27,2023-10-19
Utilities,Electricity Bill,217.53,2023-06-11
Housing,Rent,913.31,2023-10-18
Groceries,Rice,128.27,2024-11-11
Utilities,Internet Bill,108.93,2024-06-05
Transportation,Bus Pass,99.06,2024-02-15
Dining,Restaurant,119.76,2023-11-13
Housing,Mortgage,1245.8,2024-12-21
Utilities,Electricity Bill,159.29,2023-05-01
Utilities,Electricity Bill,57.74,2023-03-17
Transportation,Bus Pass,104.1,2024-08-16
Utilities,Internet Bill,56.98,2024-10-21
Housing,Mortgage,893.68,2024-04-29
Housing,Rent,1147.11,2023-12-20
Groceries,Milk,7.61,2023-09-16
Dining,Restaurant,122.44,2024-04-19
Housing,Mortgage,1807.6,2024-04-05
Utilities,Gas Bill,185.62,2024-11-05
Transportation,Train Ticket,4.09,2023-06-18
Transportation,Fuel,16.7,2023-12-09
Utilities,Electricity Bill,82.81,2024-09-10
Dining,Fast Food,136.37,2023-07-04
Dining,Restaurant,116.32,2024-10-08
Transportation,Bus Pass,120.63,2024-01-17
Transportation,Uber Ride,18.38,2024-05-28
Utilities,Water Bill,179.68,2024-06-01
Transportation,Fuel,133.77,2024-08-27
Subscriptions,Gym Membership,31.94,2023-02-10
Dining,Food Delivery,89.87,2023-10-25
Subscriptions,Spotify,16.64,2024-02-22
Subscriptions,Gym Membership,7.2,2024-03-03
Dining,Food Delivery,87.07,2023-11-19
Other,Online Purchase,69.04,2023-11-04
Housing,Rent,1535.81,2024-08-16
Transportation,Fuel,42.01,2024-06-27
Utilities,Electricity Bill,210.73,2023-09-02
Dining,Restaurant,66.21,2023-03-19
Other,Misc Expense,81.68,2024-07-13
Dining,Restaurant,76.76,2024-10-17
Other,Misc Expense,116.03,2024-11-10
Groceries,Rice,148.36,2023-08-07
Subscriptions,Gym Membership,32.29,2023-08-29
Dining,Food Delivery,109.68,2023-07-01
Subscriptions,Gym Membership,28.98,2023-03-23
Transportation,Train Ticket,142.15,2023-01-22
Groceries,Bread,139.87,2023-09-22
Utilities,Gas Bill,121.43,2024-03-12
Utilities,Water Bill,198.32,2023-10-23
Transportation,Uber Ride,14.21,2023-06-09
Other,Online Purchase,128.4,2023-01-04
Utilities,Electricity Bill,204.77,2023-10-04
Utilities,Electricity Bill,104.26,2024-05-27
Other,Misc Expense,78.08,2024-05-07
Housing,Mortgage,1098.76,2023-04-05
Transportation,Train Ticket,60.02,2023-07-13
Subscriptions,Spotify,36.88,2024-09-27
Other,Online Purchase,148.84,2023-06-16
Utilities,Gas Bill,209.35,2024-07-01
Utilities,Internet Bill,196.61,2023-12-26
Groceries,Eggs,128.47,2024-03-18
Groceries,Chicken,117.05,2024-02-17
Utilities,Water Bill,170.25,2024-08-23
Housing,Rent,1642.51,2024-11-03
Other,Misc Expense,84.95,2024-04-13
Dining,Fast Food,97.45,2023-07-23
Groceries,Milk,69.58,2023-01-04
Subscriptions,Spotify,28.26,2024-01-17
Housing,Mortgage,1772.53,2023-11-19
Other,Misc Expense,15.53,2023-04-09
Subscriptions,Gym Membership,9.08,2023-05-20
Dining,Fast Food,84.38,2024-07-18
Housing,Mortgage,1735.16,2024-10-15
Transportation,Train Ticket,48.87,2024-03-11
Transportation,Uber Ride,129.22,2023-02-26
Transportation,Train Ticket,105.3,2024-01-24
Utilities,Gas Bill,120.65,2023-03-18
Subscriptions,Spotify,15.79,2023-11-04
Dining,Restaurant,6.84,2023-10-19
Transportation,Train Ticket,107.63,2023-05-21
Subscriptions,Gym Membership,8.5,2023-04-27
Groceries,Eggs,115.9,2023-11-22
Groceries,Bread,87.73,2024-08-19
Other,Online Purchase,37.03,2023-10-11
Transportation,Uber Ride,122.3,2024-07-16
Subscriptions,Gym Membership,36.72,2024-11-04
Transportation,Uber Ride,134.61,2023-02-11
Transportation,Fuel,16.67,2023-12-08
Transportation,Uber Ride,23.12,2023-04-07
Subscriptions,Netflix,21.69,2024-04-25
Other,Misc Expense,62.68,2023-04-20
Transportation,Train Ticket,89.86,2024-07-28
Other,Online Purchase,15.06,2023-06-22
Utilities,Electricity Bill,33.71,2023-08-12
Housing,Rent,1940.21,2024-11-29
Subscriptions,Netflix,5.19,2024-06-19
Transportation,Train Ticket,75.42,2023-09-01
Groceries,Rice,34.02,2024-11-13
Dining,Restaurant,124.28,2023-10-27
Transportation,Train Ticket,62.46,2024-08-27
Dining,Food Delivery,45.29,2023-09-13
Subscriptions,Netflix,13.92,2024-09-11
Dining,Restaurant,146.74,2024-02-20
Subscriptions,Netflix,29.2,2024-08-13
Utilities,Electricity Bill,84.73,2024-12-29
Groceries,Bread,149.73,2023-02-17
Housing,Rent,786.15,2023-08-12
Transportation,Uber Ride,87.46,2024-10-29
Utilities,Electricity Bill,33.03,2023-04-20
Transportation,Train Ticket,68.72,2023-05-31
Housing,Rent,1055.16,2024-02-25
Dining,Food Delivery,79.27,2023-10-09
Dining,Food Delivery,32.63,2024-10-12
Utilities,Water Bill,71.36,2024-11-12
Other,Online Purchase,75.02,2023-10-08
Dining,Restaurant,40.06,2024-03-19
Dining,Restaurant,12.03,2023-03-03
Housing,Mortgage,885.38,2023-04-24
Transportation,Train Ticket,44.67,2023-07-01
Dining,Restaurant,72.57,2024-06-26
Groceries,Chicken,69.8,2023-11-07
Housing,Rent,1563.8,2023-10-10
Other,Misc Expense,144.64,2023-10-04
Utilities,Internet Bill,229.06,2023-01-18
Other,Online Purchase,97.85,2024-01-29
Utilities,Water Bill,188.67,2024-06-18
Transportation,Uber Ride,42.96,2024-11-05
Subscriptions,Spotify,5.71,2024-08-03
Groceries,Bread,135.12,2023-09-16
Other,Online Purchase,114.39,2024-11-15
Subscriptions,Gym Membership,37.36,2023-07-07
Housing,Mortgage,604.72,2023-01-21
Transportation,Fuel,86.49,2023-01-02
Dining,Restaurant,30.54,2023-11-10
Housing,Mortgage,1726.43,2024-08-23
Utilities,Internet Bill,241.34,2024-08-01
Subscriptions,Spotify,21.51,2023-07-20
Utilities,Gas Bill,103.95,2024-04-27
Other,Online Purchase,81.28,2024-05-19
Utilities,Internet Bill,33.61,2023-03-20
Groceries,Chicken,134.7,2023-08-25
Dining,Restaurant,33.13,2024-02-27
Subscriptions,Gym Membership,28.83,2024-07-15
Dining,Food Delivery,22.95,2023-08-08
Utilities,Gas Bill,86.42,2024-08-24
Dining,Restaurant,148.72,2024-10-20
Subscriptions,Spotify,8.27,2023-08-31
Subscriptions,Netflix,13.76,2024-09-04
Subscriptions,Gym Membership,31.63,2023-02-15
Dining,Food Delivery,43.73,2023-06-21
Housing,Rent,1285.37,2023-08-10
Other,Misc Expense,133.46,2023-04-13
Groceries,Chicken,88.68,2024-08-12
Transportation,Uber Ride,65.78,2023-12-24
Transportation,Fuel,84.77,2023-06-18
Groceries,Vegetables,17.33,2024-10-04
Subscriptions,Netflix,11.74,2023-06-10
Utilities,Electricity Bill,73.09,2023-08-03
Utilities,Water Bill,43.48,2024-04-05
Utilities,Water Bill,189.66,2023-07-29
Transportation,Bus Pass,125.71,2024-03-18
Utilities,Electricity Bill,65.0,2024-01-23
Groceries,Bread,58.06,2024-06-29
Utilities,Internet Bill,198.17,2023-08-05
Groceries,Bread,64.01,2024-03-21
Utilities,Water Bill,144.46,2024-07-22
Housing,Mortgage,820.36,2024-08-31
Subscriptions,Gym Membership,38.38,2024-03-11
Utilities,Internet Bill,87.25,2023-08-08
Housing,Rent,1013.75,2024-07-02
Dining,Restaurant,131.58,2023-04-29
Other,Online Purchase,135.42,2023-08-24
Housing,Rent,1152.45,2024-10-27
Subscriptions,Gym Membership,9.73,2024-06-14
Utilities,Water Bill,82.91,2023-02-21
Subscriptions,Gym Membership,7.6,2024-07-05
Subscriptions,Netflix,23.81,2023-09-23
Transportation,Bus Pass,83.69,2023-07-02
Groceries,Rice,75.1,2023-07-30
Utilities,Water Bill,49.66,2023-06-01
Subscriptions,Spotify,30.23,2024-07-13
Groceries,Vegetables,114.74,2024-04-16
Utilities,Gas Bill,104.29,2023-02-03
Other,Online Purchase,117.67,2024-11-11
Housing,Rent,1612.33,2023-03-27
Transportation,Train Ticket,114.36,2024-10-14
Subscriptions,Netflix,11.66,2023-04-11
Dining,Food Delivery,98.19,2023-02-28
Other,Online Purchase,108.73,2023-12-28
Transportation,Fuel,101.81,2024-05-31
Housing,Mortgage,965.13,2023-03-29
Subscriptions,Netflix,25.17,2024-05-03
Transportation,Fuel,79.77,2023-03-20
Utilities,Water Bill,93.57,2024-09-28
Other,Online Purchase,49.17,2024-04-25
Groceries,Chicken,66.9,2023-01-27
Groceries,Chicken,10.18,2024-11-08
Transportation,Train Ticket,58.55,2024-10-13
Transportation,Uber Ride,56.14,2024-06-12
Transportation,Train Ticket,62.56,2024-07-30
Groceries,Bread,63.71,2023-10-03
Subscriptions,Netflix,17.93,2023-02-20
Transportation,Bus Pass,123.77,2024-08-13
Dining,Food Delivery,9.16,2023-02-10
Housing,Mortgage,891.08,2024-02-25
Subscriptions,Gym Membership,26.63,2023-01-18
Other,Online Purchase,21.49,2023-03-04
Transportation,Uber Ride,139.44,2024-02-06
Transportation,Uber Ride,133.86,2024-06-25
Housing,Rent,1626.6,2024-10-21
Utilities,Internet Bill,234.8,2024-06-12
Utilities,Internet Bill,71.29,2024-10-25
Groceries,Rice,42.37,2023-06-08
Housing,Rent,1160.12,2024-11-25
Transportation,Train Ticket,79.69,2024-10-22
Housing,Mortgage,822.03,2023-09-06
Dining,Food Delivery,22.19,2024-06-25
Dining,Restaurant,18.3,2023-09-15
Groceries,Rice,131.4,2024-02-04
Transportation,Fuel,26.03,2024-01-18
Other,Misc Expense,130.34,2023-02-13
Utilities,Internet Bill,188.65,2024-01-13
Transportation,Train Ticket,46.19,2023-01-24
Housing,Rent,1030.82,2023-10-14
Other,Misc Expense,78.41,2024-06-27
Subscriptions,Netflix,30.58,2024-01-13
Utilities,Water Bill,90.6,2023-05-18
Dining,Food Delivery,125.27,2023-03-05
Housing,Mortgage,1561.56,2023-02-28
Other,Misc Expense,38.11,2023-08-10
Utilities,Gas Bill,145.77,2024-08-24
Transportation,Uber Ride,61.02,2023-08-16
Other,Online Purchase,121.47,2023-04-03
Groceries,Vegetables,91.18,2024-06-22
Dining,Food Delivery,132.15,2023-05-07
Subscriptions,Netflix,11.95,2024-08-30
Groceries,Vegetables,102.78,2024-05-19
Utilities,Water Bill,101.06,2023-08-20
Groceries,Rice,128.66,2023-03-20
Groceries,Chicken,114.92,2024-05-23
Other,Misc Expense,148.74,2023-04-08
Dining,Food Delivery,129.18,2024-07-19
Housing,Rent,858.76,2023-01-28
Other,Online Purchase,89.16,2023-12-09
Other,Misc Expense,19.47,2023-05-11
Other,Online Purchase,38.92,2024-01-22
Transportation,Fuel,96.61,2024-05-24
Transportation,Bus Pass,123.99,2024-09-02
Groceries,Vegetables,136.47,2023-01-04
Subscriptions,Gym Membership,17.88,2023-12-21
Utilities,Electricity Bill,162.81,2023-05-07
Other,Misc Expense,19.0,2023-10-27
Utilities,Water Bill,135.02,2023-01-28
Subscriptions,Netflix,19.25,2023-06-24
Other,Online Purchase,141.42,2024-09-13
Subscriptions,Gym Membership,13.4,2023-10-09
Transportation,Bus Pass,64.49,2023-04-05
Transportation,Uber Ride,105.23,2023-10-29
Utilities,Internet Bill,39.43,2024-01-11
Housing,Rent,1072.49,2024-05-19
Dining,Fast Food,67.0,2023-02-17
Subscriptions,Gym Membership,31.12,2024-03-12
Other,Online Purchase,141.01,2023-07-17
Other,Online Purchase,79.48,2023-07-28
Transportation,Fuel,61.48,2024-09-14
Groceries,Milk,59.78,2024-12-02
Dining,Restaurant,50.1,2023-08-06
Groceries,Bread,115.84,2023-09-18
Transportation,Bus Pass,10.65,2024-03-16
Subscriptions,Gym Membership,25.02,2024-05-12
Housing,Mortgage,1385.92,2023-05-27
Subscriptions,Netflix,34.1,2023-10-25
Housing,Rent,1025.61,2024-07-21
Groceries,Chicken,147.82,2023-07-18
Transportation,Bus Pass,37.9,2024-11-14
Subscriptions,Gym Membership,9.78,2023-02-17
Utilities,Water Bill,165.19,2023-05-08
Groceries,Milk,101.05,2024-04-07
Housing,Rent,666.49,2024-01-13
Subscriptions,Gym Membership,33.12,2023-10-20
Subscriptions,Netflix,30.01,2024-04-08
Transportation,Train Ticket,62.22,2024-09-04
Housing,Mortgage,1401.8,2024-01-20
Other,Misc Expense,125.05,2024-10-19
Subscriptions,Gym Membership,28.66,2024-04-12
Groceries,Chicken,46.45,2024-07-02
Other,Misc Expense,88.15,2024-10-14
Subscriptions,Netflix,24.79,2023-10-29
Groceries,Chicken,133.44,2024-08-06
Subscriptions,Netflix,36.17,2023-04-21
Utilities,Water Bill,61.08,2024-03-16
Dining,Food Delivery,85.3,2023-02-26
Dining,Food Delivery,105.85,2024-07-25
Dining,Restaurant,61.51,2023-05-01
Dining,Fast Food,145.93,2023-02-01
Housing,Mortgage,902.27,2024-07-29
Housing,Rent,908.56,2024-11-17
Housing,Mortgage,1857.93,2024-06-16
Utilities,Electricity Bill,245.81,2023-01-04
Transportation,Fuel,133.43,2023-05-01
Utilities,Internet Bill,150.84,2023-05-31
Dining,Food Delivery,115.18,2024-07-11
Housing,Rent,972.45,2024-07-17
Dining,Food Delivery,58.61,2024-02-21
Housing,Rent,903.28,2024-07-29
Dining,Fast Food,17.44,2024-12-03
Utilities,Water Bill,99.01,2023-12-11
Other,Online Purchase,40.03,2023-07-16
Other,Misc Expense,61.6,2023-06-02
Utilities,Gas Bill,89.82,2023-02-11
Other,Online Purchase,125.38,2023-06-18
Dining,Restaurant,3.14,2024-11-14
Other,Misc Expense,91.26,2024-02-03
Groceries,Milk,20.17,2024-02-01
Subscriptions,Netflix,28.39,2024-09-18
Transportation,Uber Ride,10.04,2023-03-09
Dining,Food Delivery,11.23,2024-10-25
Transportation,Uber Ride,46.08,2024-09-13
Groceries,Vegetables,50.24,2024-04-09
Dining,Restaurant,129.85,2024-06-18
Utilities,Internet Bill,167.94,2023-02-21
Housing,Mortgage,991.72,2023-01-18
Dining,Fast Food,68.08,2023-10-16
Dining,Restaurant,11.55,2024-04-04
Utilities,Internet Bill,120.56,2023-05-14
Subscriptions,Netflix,24.44,2023-04-05
Housing,Mortgage,1756.41,2024-01-29
Groceries,Bread,86.12,2024-09-08
Groceries,Eggs,6.34,2024-06-20
Housing,Mortgage,873.38,2023-07-27
Dining,Restaurant,16.11,2023-05-16
Transportation,Bus Pass,108.09,2023-06-25
Utilities,Gas Bill,118.29,2024-04-23
Subscriptions,Netflix,12.17,2023-06-18
Housing,Rent,828.74,2024-01-24
Groceries,Bread,113.3,2023-09-01
Other,Misc Expense,22.46,2024-05-22
Subscriptions,Gym Membership,18.16,2023-07-14
Utilities,Internet Bill,176.93,2023-10-31
Transportation,Bus Pass,90.11,2023-06-22
Other,Misc Expense,10.02,2024-02-10
Transportation,Uber Ride,146.04,2023-04-07
Dining,Fast Food,44.86,2023-02-24
Utilities,Internet Bill,85.03,2023-04-15
Dining,Fast Food,81.52,2023-05-26
Dining,Food Delivery,119.27,2024-11-14
Subscriptions,Netflix,7.63,2023-06-15
Housing,Rent,1851.97,2024-08-26
Subscriptions,Netflix,11.77,2024-06-15
Dining,Restaurant,87.16,2023-12-15
Housing,Mortgage,1561.49,2024-03-24
Utilities,Internet Bill,80.96,2024-07-06
Utilities,Electricity Bill,68.99,2024-11-28
Transportation,Fuel,7.29,2023-08-23
Subscriptions,Spotify,5.8,2024-12-20
Subscriptions,Gym Membership,20.0,2024-11-28
Groceries,Rice,73.31,2023-03-04
Dining,Fast Food,37.68,2024-02-19
Subscriptions,Netflix,5.54,2023-01-03
Dining,Food Delivery,24.11,2024-11-05
Other,Online Purchase,29.53,2024-10-06
Transportation,Bus Pass,102.06,2023-03-30
Dining,Food Delivery,131.4,2024-01-10
Groceries,Eggs,82.24,2024-04-03
Groceries,Vegetables,41.94,2024-08-06
Utilities,Electricity Bill,199.42,2023-06-28
Groceries,Chicken,23.4,2024-08-04
Dining,Fast Food,113.98,2023-02-10
Subscriptions,Gym Membership,28.87,2023-08-29
Dining,Food Delivery,92.52,2023-10-23
Other,Online Purchase,143.1,2023-05-10
Groceries,Eggs,120.36,2024-09-11
Housing,Rent,1359.2,2024-09-04
Housing,Mortgage,1008.61,2023-05-14
Transportation,Bus Pass,127.38,2024-09-16
Subscriptions,Gym Membership,27.65,2023-10-18
Transportation,Fuel,95.03,2024-06-03
Dining,Restaurant,105.21,2024-03-27
Groceries,Eggs,138.78,2023-08-29
Subscriptions,Spotify,21.72,2024-07-06
Other,Online Purchase,6.85,2024-09-22
Dining,Fast Food,58.93,2023-03-21
Subscriptions,Netflix,28.23,2024-04-17
Dining,Food Delivery,81.23,2024-01-29
Subscriptions,Netflix,25.11,2024-03-22
Subscriptions,Spotify,10.39,2023-05-13
Transportation,Train Ticket,75.6,2023-02-09
Other,Misc Expense,103.19,2023-01-01
Dining,Food Delivery,30.38,2024-10-02
Other,Online Purchase,57.2,2024-12-13
Transportation,Uber Ride,100.54,2024-01-05
Other,Misc Expense,59.0,2024-09-26
Transportation,Fuel,86.67,2023-02-01
Housing,Rent,1859.67,2023-06-30
Other,Misc Expense,128.31,2023-10-02
Transportation,Train Ticket,140.33,2024-02-07
Dining,Food Delivery,60.93,2023-05-24
Transportation,Bus Pass,30.3,2023-09-10
Housing,Rent,1635.1,2023-10-03
Other,Misc Expense,125.06,2023-08-16
Other,Online Purchase,83.29,2024-08-09
Groceries,Eggs,62.52,2023-09-24
Groceries,Vegetables,103.04,2023-12-02
Utilities,Gas Bill,235.08,2023-07-02
Transportation,Fuel,27.65,2024-08-12
Utilities,Internet Bill,78.76,2024-12-12
Utilities,Gas Bill,201.97,2024-01-14
Groceries,Bread,129.49,2024-05-31
Groceries,Chicken,107.46,2024-01-14
Transportation,Uber Ride,142.89,2024-05-16
Subscriptions,Spotify,38.24,2024-07-26
Transportation,Uber Ride,92.65,2024-05-14
Other,Misc Expense,124.25,2023-08-18
Groceries,Bread,48.07,2024-09-30
Groceries,Vegetables,134.4,2024-08-13
Groceries,Milk,137.34,2024-09-05
Dining,Restaurant,9.89,2024-06-18
Other,Misc Expense,88.55,2023-10-03
Other,Online Purchase,15.64,2024-01-08
Utilities,Internet Bill,101.55,2024-04-09
Groceries,Eggs,124.66,2023-07-27
Groceries,Bread,110.15,2024-01-10
Subscriptions,Netflix,21.65,2024-06-21
Groceries,Bread,120.42,2024-04-03
Other,Misc Expense,9.73,2024-09-27
Transportation,Train Ticket,105.48,2024-10-20
Other,Online Purchase,44.67,2023-03-31
Groceries,Eggs,29.07,2024-01-28
Subscriptions,Gym Membership,9.27,2024-08-28
Subscriptions,Spotify,26.18,2023-05-15
Other,Misc Expense,3.99,2024-01-05
Utilities,Water Bill,145.89,2023-12-23
Dining,Restaurant,133.86,2023-12-05
Subscriptions,Spotify,38.44,2024-08-20
Subscriptions,Spotify,20.74,2024-03-28
Transportation,Bus Pass,129.8,2023-05-22
Dining,Food Delivery,52.67,2023-12-12
Housing,Mortgage,1075.35,2024-08-25
Dining,Fast Food,120.1,2023-11-21
Other,Misc Expense,29.13,2023-05-12
Transportation,Uber Ride,145.24,2024-12-10
Dining,Fast Food,6.73,2023-01-07
Groceries,Milk,25.92,2023-11-11
Transportation,Train Ticket,89.19,2023-08-26
Groceries,Bread,22.28,2023-04-29
Other,Misc Expense,130.67,2023-03-12
Utilities,Electricity Bill,135.72,2024-06-18
Utilities,Internet Bill,70.07,2023-04-13
Transportation,Bus Pass,44.8,2024-06-16
Subscriptions,Gym Membership,25.53,2024-05-17
Utilities,Internet Bill,181.88,2023-08-16
Dining,Fast Food,135.13,2024-03-27
Housing,Mortgage,809.59,2023-01-07
Utilities,Gas Bill,246.65,2024-12-21
Utilities,Gas Bill,238.93,2023-03-13
Subscriptions,Netflix,11.05,2024-07-10
Other,Online Purchase,111.35,2023-07-14
Other,Online Purchase,21.57,2024-09-13
Utilities,Electricity Bill,167.29,2023-03-02
Dining,Food Delivery,4.19,2023-04-03
Subscriptions,Netflix,22.13,2023-07-28
Housing,Mortgage,1345.52,2024-04-27
Dining,Food Delivery,106.81,2024-11-12
Dining,Restaurant,118.68,2023-12-25
Dining,Fast Food,50.16,2024-01-07
Subscriptions,Gym Membership,9.75,2023-06-08
Other,Online Purchase,50.84,2024-09-25
Groceries,Chicken,123.05,2024-11-16
Housing,Mortgage,1520.75,2023-09-04
Housing,Rent,1369.12,2023-07-06
Housing,Mortgage,1503.59,2023-06-29
Groceries,Rice,104.06,2023-07-23
Dining,Food Delivery,110.06,2024-08-01
Housing,Rent,1896.52,2023-11-30
Utilities,Water Bill,240.14,2024-09-21
Utilities,Internet Bill,240.18,2024-03-13
Other,Misc Expense,99.62,2024-08-22
Groceries,Vegetables,47.57,2024-07-20
Subscriptions,Netflix,10.83,2024-10-30
Transportation,Train Ticket,119.03,2024-07-07
Utilities,Gas Bill,97.77,2024-03-03
Groceries,Rice,109.54,2024-04-19
Housing,Mortgage,1731.54,2023-10-24
Utilities,Electricity Bill,87.43,2023-09-17
Subscriptions,Spotify,30.38,2023-07-04
Dining,Food Delivery,124.26,2024-08-19
Dining,Restaurant,30.46,2023-06-28
Dining,Restaurant,26.83,2023-12-06
Utilities,Internet Bill,230.35,2023-04-26
Utilities,Internet Bill,209.85,2023-05-22
Subscriptions,Gym Membership,23.16,2023-05-14
Utilities,Electricity Bill,195.6,2023-04-11
Utilities,Gas Bill,203.93,2023-02-25
Subscriptions,Netflix,35.92,2023-09-29
Other,Misc Expense,92.17,2024-12-03
Dining,Food Delivery,77.01,2024-08-05
Dining,Fast Food,103.49,2024-12-10
Housing,Mortgage,1100.31,2023-08-31
Housing,Mortgage,1718.17,2023-02-11
Utilities,Electricity Bill,96.46,2024-02-02
Housing,Rent,1797.26,2024-08-10
Transportation,Uber Ride,70.65,2023-12-22
Other,Online Purchase,143.25,2024-08-07
Other,Online Purchase,6.36,2023-06-02
Housing,Rent,1621.67,2024-08-23
Housing,Mortgage,729.47,2023-07-23
Dining,Fast Food,99.1,2024-06-07
Utilities,Electricity Bill,73.19,2023-01-06
Subscriptions,Spotify,7.89,2024-12-04
Subscriptions,Spotify,38.86,2023-05-29
Dining,Restaurant,96.09,2023-06-05
Groceries,Bread,26.14,2024-12-04
Housing,Mortgage,1653.72,2023-05-23
Groceries,Milk,92.06,2024-11-20
Groceries,Milk,19.57,2024-02-17
Groceries,Bread,137.25,2023-02-12
Groceries,Chicken,109.09,2024-04-02
Utilities,Gas Bill,233.62,2024-03-24
Utilities,Water Bill,194.29,2023-08-08
Groceries,Eggs,87.07,2024-03-17
Dining,Fast Food,33.64,2023-01-14
Housing,Rent,1827.62,2023-11-05
Other,Online Purchase,25.0,2023-10-16
Utilities,Electricity Bill,35.0,2024-07-25
Housing,Mortgage,796.86,2023-12-12
Other,Online Purchase,87.74,2023-12-01
Utilities,Water Bill,112.63,2023-01-18
Other,Online Purchase,105.99,2024-01-11
Transportation,Fuel,126.43,2023-03-09
Other,Online Purchase,121.39,2023-08-08
Housing,Mortgage,1572.38,2024-05-23
Other,Online Purchase,117.13,2023-08-23
Dining,Restaurant,23.86,2023-07-15
Dining,Fast Food,83.81,2024-07-06
Transportation,Fuel,48.12,2023-05-14
Utilities,Electricity Bill,46.49,2023-06-09
Groceries,Bread,148.54,2023-02-25
Dining,Restaurant,56.19,2023-06-15
Dining,Restaurant,84.96,2023-10-12
Groceries,Bread,91.06,2023-03-04
Dining,Food Delivery,109.07,2023-03-29
Dining,Fast Food,129.71,2023-01-23
Dining,Restaurant,22.11,2023-10-16
Subscriptions,Gym Membership,8.75,2023-11-24
Transportation,Train Ticket,124.68,2024-12-01
Housing,Rent,1594.46,2023-10-20
Groceries,Bread,11.62,2023-01-18
Subscriptions,Spotify,19.19,2024-05-23
Subscriptions,Gym Membership,19.81,2023-11-12
Subscriptions,Netflix,25.65,2023-12-23
Transportation,Bus Pass,65.5,2023-06-26
Utilities,Gas Bill,53.41,2023-09-15
Dining,Fast Food,3.4,2023-02-15
Subscriptions,Netflix,32.9,2024-06-10
Groceries,Milk,33.46,2024-02-27
Subscriptions,Netflix,18.95,2023-04-03
Dining,Restaurant,65.3,2023-02-13
Subscriptions,Netflix,33.43,2024-11-17
Transportation,Fuel,18.79,2024-08-29
Groceries,Vegetables,18.9,2023-12-17
Housing,Rent,873.68,2023-02-13
Dining,Fast Food,17.94,2023-02-25
Dining,Food Delivery,36.69,2023-03-23
Groceries,Eggs,56.08,2024-06-27
Transportation,Fuel,47.13,2024-02-15
Utilities,Electricity Bill,35.45,2024-08-01
Dining,Restaurant,54.29,2024-06-24
Housing,Mortgage,1584.77,2024-09-02
Transportation,Fuel,7.36,2023-05-04
Subscriptions,Netflix,39.99,2023-07-25
Subscriptions,Spotify,33.35,2024-03-26
Transportation,Fuel,133.78,2024-03-23
Other,Online Purchase,14.6,2024-08-22
Groceries,Chicken,38.36,2023-05-22
Housing,Mortgage,680.61,2023-09-30
Dining,Fast Food,65.56,2023-11-15
Transportation,Uber Ride,114.0,2023-04-30
Groceries,Rice,89.51,2024-11-13
Dining,Restaurant,137.35,2023-02-08
Groceries,Vegetables,99.3,2024-08-22
Utilities,Electricity Bill,153.84,2024-12-17
Other,Misc Expense,87.4,2023-11-19
Utilities,Electricity Bill,67.87,2023-09-19
Subscriptions,Gym Membership,33.27,2023-11-01
Housing,Mortgage,1153.0,2024-09-12
Subscriptions,Spotify,27.68,2023-07-23
Dining,Food Delivery,67.54,2023-05-04
Other,Misc Expense,59.19,2024-07-23
Housing,Mortgage,1871.31,2023-04-12
Utilities,Water Bill,239.56,2024-05-11
Dining,Food Delivery,42.13,2023-08-27
Other,Online Purchase,115.04,2024-03-23
Utilities,Water Bill,242.75,2024-11-16
Subscriptions,Gym Membership,24.9,2023-04-27
Subscriptions,Spotify,7.34,2023-09-28
Utilities,Internet Bill,240.27,2023-05-23
Groceries,Bread,71.69,2024-06-11
Dining,Food Delivery,127.1,2023-04-19
Groceries,Rice,11.07,2023-06-12
Housing,Rent,1524.62,2023-09-23
Groceries,Chicken,141.73,2023-03-27
Utilities,Gas Bill,195.2,2024-08-08
Subscriptions,Gym Membership,39.76,2024-08-21
Dining,Restaurant,134.92,2023-03-27
Dining,Restaurant,110.45,2024-07-04
Subscriptions,Gym Membership,15.14,2024-11-08
Subscriptions,Netflix,34.8,2024-07-13
Dining,Fast Food,47.7,2023-05-22
Utilities,Electricity Bill,223.64,2023-12-31
Subscriptions,Gym Membership,13.16,2024-03-26
Subscriptions,Spotify,5.4,2023-06-26
Groceries,Milk,41.15,2023-02-17
Dining,Fast Food,50.07,2024-11-13
Groceries,Bread,126.79,2024-01-25
Subscriptions,Netflix,19.11,2024-10-25
Housing,Rent,1315.26,2024-05-26
Housing,Mortgage,1439.86,2024-03-09
Subscriptions,Gym Membership,30.42,2024-02-06
Subscriptions,Gym Membership,21.7,2024-10-12
Groceries,Eggs,9.34,2023-12-30
Utilities,Electricity Bill,203.9,2024-08-17
Dining,Restaurant,55.13,2023-02-15
Dining,Food Delivery,97.42,2023-07-01
Dining,Fast Food,102.11,2024-12-08
Subscriptions,Gym Membership,30.3,2023-12-29
Groceries,Rice,88.41,2024-11-05
Housing,Mortgage,1496.0,2024-09-11
Dining,Food Delivery,97.03,2024-09-16
Dining,Fast Food,83.38,2023-09-29
Subscriptions,Spotify,20.86,2023-11-16
Utilities,Electricity Bill,63.65,2023-12-13
Groceries,Rice,23.92,2023-12-31
Subscriptions,Netflix,19.23,2024-07-09
Subscriptions,Netflix,38.87,2023-08-16
Transportation,Fuel,81.31,2024-05-28
Utilities,Electricity Bill,60.24,2023-09-22
Dining,Fast Food,25.25,2024-06-23
Dining,Food Delivery,87.64,2024-03-11
Groceries,Chicken,125.45,2023-04-02
Transportation,Uber Ride,34.52,2023-04-26
Subscriptions,Gym Membership,28.14,2024-09-06
Housing,Rent,1822.39,2024-02-22
Groceries,Bread,34.36,2024-02-22
Groceries,Eggs,30.43,2023-09-12
Groceries,Eggs,50.22,2024-06-07
Groceries,Rice,51.87,2024-12-18
Groceries,Bread,55.97,2023-10-13
Other,Misc Expense,75.85,2023-09-26
Groceries,Chicken,17.31,2023-11-22
Housing,Rent,1575.82,2023-10-08
Groceries,Chicken,64.21,2023-03-06
Dining,Food Delivery,74.18,2023-03-08
Other,Online Purchase,105.93,2024-08-31
Subscriptions,Gym Membership,27.07,2024-07-13
Subscriptions,Gym Membership,19.02,2024-07-18
Utilities,Electricity Bill,127.43,2024-02-28
Subscriptions,Netflix,34.39,2024-09-29
Utilities,Internet Bill,238.38,2024-07-13
Dining,Food Delivery,100.49,2024-09-24
Other,Online Purchase,105.74,2024-08-18
Dining,Food Delivery,93.93,2024-03-26
Transportation,Fuel,86.38,2024-12-06
Other,Online Purchase,51.12,2024-08-25
Transportation,Bus Pass,121.13,2023-02-20
Groceries,Milk,93.21,2024-09-05
Housing,Rent,1562.43,2024-05-04
Transportation,Train Ticket,105.46,2024-01-26
Housing,Rent,698.54,2023-03-22
Dining,Food Delivery,110.05,2023-08-21
Other,Misc Expense,33.45,2023-11-18
Utilities,Internet Bill,172.48,2023-04-13
Subscriptions,Gym Membership,18.03,2023-02-27
Dining,Fast Food,4.13,2023-01-26
Subscriptions,Gym Membership,15.54,2023-05-20
Transportation,Bus Pass,29.3,2023-10-28
Dining,Fast Food,103.31,2023-10-08
Other,Misc Expense,66.41,2024-02-25
Groceries,Eggs,119.01,2023-09-26
Utilities,Electricity Bill,234.91,2023-11-19
Dining,Fast Food,75.03,2024-03-29
Transportation,Uber Ride,86.97,2023-11-12
Other,Misc Expense,144.82,2023-07-16
Other,Online Purchase,65.5,2023-09-06
Other,Misc Expense,40.94,2024-02-19
Dining,Restaurant,128.58,2023-07-08
Other,Misc Expense,52.47,2023-10-24
Groceries,Milk,61.28,2023-12-09
Subscriptions,Gym Membership,37.39,2023-01-10
Housing,Mortgage,861.43,2023-06-29
Utilities,Gas Bill,197.65,2024-04-07
Dining,Fast Food,105.01,2024-04-30
Transportation,Fuel,22.75,2023-11-20
Subscriptions,Netflix,8.63,2023-07-01
Transportation,Uber Ride,16.57,2024-05-30
Other,Misc Expense,81.41,2024-06-13
Housing,Mortgage,608.57,2024-07-03
Groceries,Milk,72.76,2024-06-12
Dining,Fast Food,107.51,2024-07-26
Utilities,Water Bill,68.04,2024-09-01
Transportation,Fuel,139.82,2023-01-14
Other,Misc Expense,68.58,2024-02-23
Other,Misc Expense,128.35,2024-10-15
Other,Misc Expense,14.19,2023-04-24
Utilities,Electricity Bill,85.27,2024-05-05
Transportation,Train Ticket,66.22,2024-12-14
Subscriptions,Gym Membership,31.34,2023-02-19
Dining,Food Delivery,54.5,2024-10-12
Utilities,Gas Bill,238.56,2023-06-29
Transportation,Train Ticket,21.14,2024-07-24
Housing,Rent,1830.11,2024-01-06
Other,Misc Expense,9.93,2024-11-23
Dining,Fast Food,47.91,2024-01-12
Transportation,Fuel,52.77,2023-05-30
Other,Online Purchase,127.29,2023-03-20
Groceries,Bread,141.84,2023-06-07
Housing,Mortgage,1352.17,2024-05-18
Housing,Rent,1861.64,2024-02-12
Other,Online Purchase,38.71,2023-10-28
Housing,Rent,642.99,2024-07-22
Subscriptions,Spotify,33.69,2024-05-01
Transportation,Uber Ride,99.29,2023-03-04
Other,Online Purchase,92.19,2024-02-01
Utilities,Electricity Bill,187.25,2023-07-19
Groceries,Rice,92.51,2023-08-24
Transportation,Train Ticket,42.21,2023-08-23
Transportation,Train Ticket,132.52,2023-01-13
Groceries,Vegetables,118.81,2023-04-17
Subscriptions,Netflix,18.87,2024-04-30
Subscriptions,Spotify,7.34,2024-03-11
Transportation,Train Ticket,43.99,2023-09-18
Housing,Mortgage,1198.5,2024-06-28
Utilities,Gas Bill,134.52,2024-09-26
Utilities,Internet Bill,151.54,2023-01-16
Housing,Mortgage,1434.06,2023-05-31
Subscriptions,Spotify,22.94,2023-09-19
Other,Misc Expense,121.17,2024-08-04
Subscriptions,Spotify,23.47,2023-06-08
Other,Online Purchase,47.99,2023-11-19
Dining,Food Delivery,106.35,2024-05-05
Groceries,Eggs,126.44,2024-11-28
Utilities,Gas Bill,38.01,2023-04-02
Other,Misc Expense,107.44,2023-06-29
Transportation,Train Ticket,135.97,2024-07-24
Housing,Rent,827.83,2023-08-30
Utilities,Electricity Bill,54.8,2024-10-23
Housing,Mortgage,1887.93,2023-06-10
Subscriptions,Netflix,23.1,2024-06-11
Groceries,Vegetables,87.98,2023-08-06
Utilities,Water Bill,209.57,2023-01-16
Utilities,Water Bill,30.46,2023-03-06
Housing,Mortgage,1131.16,2023-02-16
Groceries,Chicken,126.67,2024-09-03
Housing,Mortgage,770.38,2024-07-14
Groceries,Eggs,30.83,2024-01-28
Other,Online Purchase,45.45,2023-08-29
Subscriptions,Spotify,27.75,2024-10-18
Groceries,Chicken,78.02,2023-02-18
Other,Misc Expense,43.63,2024-07-17
Housing,Rent,1033.06,2024-08-25
Transportation,Uber Ride,8.13,2023-07-23
Housing,Rent,1652.24,2023-07-06
Groceries,Eggs,123.15,2023-10-13
Transportation,Fuel,67.32,2023-03-18
Transportation,Uber Ride,135.73,2023-02-17
Dining,Fast Food,145.95,2024-11-15
Dining,Fast Food,42.49,2023-03-17
Groceries,Vegetables,60.77,2024-01-15
Transportation,Uber Ride,107.22,2024-12-21
Other,Online Purchase,148.06,2023-01-02
Other,Misc Expense,82.62,2023-04-13
Dining,Food Delivery,123.24,2024-08-28
Transportation,Fuel,9.17,2024-09-21
Groceries,Eggs,116.63,2023-07-19
Dining,Fast Food,83.59,2023-10-29
Subscriptions,Netflix,30.4,2024-08-01
Subscriptions,Spotify,26.24,2023-01-16
Subscriptions,Netflix,24.53,2024-06-16
Housing,Rent,1993.01,2024-11-07
Housing,Mortgage,701.71,2023-02-01
Transportation,Fuel,29.55,2024-04-09
Other,Online Purchase,86.69,2024-01-22
Groceries,Vegetables,90.42,2023-05-10
Groceries,Milk,22.51,2024-12-19
Other,Misc Expense,69.82,2024-10-08
Subscriptions,Gym Membership,35.54,2024-01-25
Groceries,Eggs,146.73,2024-07-20
Other,Online Purchase,114.87,2024-08-08
Transportation,Train Ticket,141.29,2024-04-17
Transportation,Bus Pass,78.04,2023-05-01
Dining,Fast Food,70.17,2024-12-24
Groceries,Vegetables,112.95,2024-05-14
Transportation,Fuel,91.51,2023-03-18
Groceries,Chicken,101.93,2024-10-22
Subscriptions,Netflix,26.3,2024-08-29
Dining,Restaurant,67.05,2023-07-01
Utilities,Water Bill,135.06,2024-06-08
Subscriptions,Netflix,33.39,2023-09-28
Housing,Mortgage,784.65,2024-07-20
Transportation,Bus Pass,57.81,2023-02-16
Transportation,Fuel,117.59,2023-05-10
Groceries,Chicken,23.81,2024-01-11
Dining,Restaurant,107.42,2023-01-19
Housing,Rent,1159.02,2024-12-22
Transportation,Fuel,43.44,2023-02-24
Dining,Restaurant,34.06,2023-05-20
Transportation,Fuel,148.81,2024-05-30
Utilities,Gas Bill,224.81,2023-10-14
Groceries,Milk,16.08,2024-06-16
Housing,Rent,966.54,2024-04-08
Utilities,Electricity Bill,122.33,2024-02-03
Subscriptions,Spotify,7.31,2023-12-26
Subscriptions,Gym Membership,38.21,2023-04-04
Groceries,Chicken,57.65,2023-01-02
Subscriptions,Netflix,36.01,2023-04-22
Other,Online Purchase,49.3,2024-03-13
Groceries,Vegetables,132.38,2024-01-07
Utilities,Internet Bill,155.29,2023-07-24
Groceries,Milk,70.97,2024-03-16
Subscriptions,Spotify,5.16,2024-05-10
Transportation,Uber Ride,131.96,2024-08-10
Other,Misc Expense,85.58,2023-12-02
Housing,Mortgage,1504.2,2024-08-04
Subscriptions,Spotify,24.44,2023-08-07
Other,Misc Expense,53.66,2024-09-01
Transportation,Bus Pass,143.61,2023-04-29
Dining,Food Delivery,15.95,2024-10-01
Other,Online Purchase,146.68,2023-07-27
Other,Misc Expense,122.21,2023-03-26
Utilities,Electricity Bill,103.1,2023-06-07
Transportation,Fuel,35.6,2023-07-07
Groceries,Rice,134.18,2023-08-07
Other,Misc Expense,67.36,2024-06-20
Other,Online Purchase,52.6,2023-06-05
Dining,Food Delivery,11.89,2023-10-07
Subscriptions,Spotify,20.02,2023-07-18
Subscriptions,Gym Membership,30.12,2023-09-15
Transportation,Train Ticket,83.43,2023-07-01
Transportation,Train Ticket,59.25,2024-10-07
Other,Misc Expense,62.67,2023-05-22
Subscriptions,Netflix,6.86,2024-03-30
Transportation,Uber Ride,60.84,2024-04-04
Subscriptions,Spotify,17.75,2024-02-11
Utilities,Water Bill,190.42,2023-01-10
Subscriptions,Netflix,16.67,2023-11-29
Groceries,Milk,75.53,2024-12-17
Transportation,Uber Ride,100.91,2024-09-06
Groceries,Bread,17.66,2023-03-27
Groceries,Rice,117.5,2024-02-02
Groceries,Chicken,147.98,2023-01-20
Utilities,Gas Bill,184.92,2024-03-31
Housing,Mortgage,1583.78,2023-06-22
Housing,Rent,1469.38,2023-08-28
Transportation,Bus Pass,105.7,2023-03-27
Housing,Rent,1850.16,2024-11-13
Utilities,Water Bill,99.02,2024-08-02
Transportation,Uber Ride,4.55,2024-03-03
Other,Online Purchase,14.6,2023-04-24
Transportation,Train Ticket,129.84,2023-07-07
Transportation,Bus Pass,67.7,2024-09-24
Transportation,Uber Ride,67.4,2023-02-14
Other,Misc Expense,17.68,2024-03-29
Housing,Rent,1249.17,2024-07-17
Groceries,Eggs,107.12,2024-08-27
Housing,Mortgage,1878.84,2024-11-13
Other,Online Purchase,10.08,2024-02-07
Transportation,Train Ticket,145.57,2023-01-13
Utilities,Electricity Bill,106.61,2023-02-02
Utilities,Internet Bill,164.55,2023-10-19
Groceries,Milk,82.79,2024-10-03
Subscriptions,Netflix,39.67,2023-12-11
Subscriptions,Gym Membership,38.59,2024-01-03
Transportation,Train Ticket,136.67,2024-12-03
Subscriptions,Spotify,17.65,2023-03-14
Groceries,Milk,62.91,2024-05-13
Subscriptions,Gym Membership,5.67,2024-08-07
Dining,Food Delivery,11.64,2024-07-13
Dining,Food Delivery,67.57,2023-09-27
Groceries,Vegetables,134.63,2024-05-05
Subscriptions,Spotify,9.39,2023-08-12
Housing,Rent,1004.57,2024-08-17
Housing,Mortgage,628.72,2024-02-07
Dining,Fast Food,58.42,2023-06-10
Transportation,Bus Pass,4.18,2023-06-14
Housing,Mortgage,702.03,2023-08-06
Dining,Fast Food,40.5,2024-02-05
Utilities,Gas Bill,148.19,2023-07-08
Subscriptions,Netflix,28.15,2024-08-09
Housing,Rent,909.85,2023-12-05
Other,Online Purchase,13.25,2023-02-02
Subscriptions,Netflix,36.23,2024-11-24
Groceries,Eggs,38.91,2024-10-14
Other,Misc Expense,78.03,2023-09-06
Groceries,Bread,133.3,2023-04-30
Groceries,Rice,60.71,2023-08-14
Other,Online Purchase,93.59,2023-01-07
Transportation,Bus Pass,143.78,2024-04-12
Transportation,Fuel,50.52,2024-08-02
Other,Online Purchase,15.9,2024-08-30
Housing,Mortgage,1153.34,2023-08-25
Other,Online Purchase,64.6,2023-07-03
Other,Online Purchase,133.06,2023-05-25
Dining,Fast Food,55.0,2023-07-11
Groceries,Eggs,70.91,2024-04-19
Groceries,Vegetables,90.59,2023-01-02
Dining,Restaurant,16.35,2023-12-19
Other,Online Purchase,36.17,2024-07-17
Groceries,Bread,30.79,2024-12-18
Utilities,Electricity Bill,163.76,2024-11-07
Utilities,Electricity Bill,230.28,2023-05-08
Subscriptions,Gym Membership,30.3,2024-12-03
Transportation,Uber Ride,66.76,2023-04-25
Subscriptions,Spotify,18.0,2024-07-17
Subscriptions,Netflix,35.83,2024-08-05
Housing,Mortgage,1258.62,2024-12-21
Housing,Rent,1323.47,2024-12-26
Groceries,Eggs,137.82,2024-05-05
Subscriptions,Gym Membership,12.56,2024-07-14
Dining,Food Delivery,141.56,2024-06-04
Subscriptions,Spotify,33.13,2023-10-10
Transportation,Bus Pass,130.34,2024-11-04
Groceries,Chicken,23.3,2024-05-03
Utilities,Electricity Bill,151.26,2024-09-21
Transportation,Train Ticket,94.91,2023-08-23
Utilities,Water Bill,49.51,2023-10-13
Dining,Fast Food,99.26,2023-05-15
Housing,Rent,1963.51,2024-01-04
Subscriptions,Gym Membership,29.54,2024-11-20
Utilities,Electricity Bill,169.49,2023-02-21
Transportation,Train Ticket,35.2,2023-05-15
Utilities,Internet Bill,217.11,2023-05-11
Housing,Rent,1604.99,2023-02-12
Other,Online Purchase,76.99,2024-03-03
Transportation,Uber Ride,62.85,2024-02-10
Utilities,Electricity Bill,211.47,2023-12-19
Housing,Rent,1215.96,2024-04-15
Transportation,Fuel,135.75,2023-04-09
Subscriptions,Gym Membership,31.88,2024-12-01
Groceries,Vegetables,26.8,2024-09-04
Groceries,Rice,103.35,2024-12-03
Housing,Rent,1129.37,2024-09-14
Groceries,Bread,88.56,2024-06-27
Utilities,Electricity Bill,36.42,2023-09-11
Other,Misc Expense,12.83,2024-02-01
Dining,Restaurant,25.17,2023-03-25
Other,Online Purchase,141.02,2024-03-05
Dining,Restaurant,76.66,2024-01-11
Dining,Food Delivery,133.07,2024-03-03
Other,Misc Expense,70.69,2023-02-11
Dining,Restaurant,105.96,2023-06-06
Groceries,Chicken,78.29,2024-02-08
Transportation,Bus Pass,11.89,2024-08-18
Transportation,Bus Pass,47.17,2023-02-07
Dining,Fast Food,60.55,2023-07-21
Housing,Mortgage,863.99,2023-08-19
Subscriptions,Spotify,15.58,2024-09-11
Dining,Restaurant,69.68,2023-05-13
Other,Online Purchase,59.65,2024-03-20
Other,Online Purchase,16.0,2023-05-31
Transportation,Train Ticket,118.52,2024-11-12
Utilities,Gas Bill,152.06,2023-11-25
Transportation,Train Ticket,17.91,2024-06-11
Other,Online Purchase,81.47,2024-05-19
Subscriptions,Gym Membership,30.9,2024-02-22
Utilities,Water Bill,229.64,2024-12-29
Groceries,Vegetables,91.32,2024-11-30
Dining,Fast Food,35.43,2024-07-27
Transportation,Train Ticket,133.44,2023-10-16
Dining,Restaurant,133.68,2024-11-13
Groceries,Eggs,81.15,2023-08-19
Utilities,Gas Bill,238.86,2023-02-05
Other,Online Purchase,14.4,2024-12-24
Other,Misc Expense,127.71,2024-06-25
Dining,Fast Food,7.11,2023-10-01
Transportation,Fuel,117.42,2024-02-04
Housing,Mortgage,1714.49,2024-02-16
Subscriptions,Gym Membership,32.91,2023-10-02
Housing,Mortgage,1104.69,2023-09-03
Dining,Fast Food,85.95,2023-10-05
Dining,Fast Food,139.89,2024-08-31
Other,Misc Expense,144.45,2023-03-07
Dining,Restaurant,136.17,2023-05-10
Groceries,Bread,53.46,2024-01-14
Groceries,Chicken,105.57,2023-01-09
Subscriptions,Spotify,37.79,2023-11-10
Subscriptions,Netflix,11.49,2024-02-13
Subscriptions,Netflix,37.9,2024-08-12
Dining,Fast Food,47.41,2024-04-02
Utilities,Electricity Bill,82.7,2024-04-09
Other,Misc Expense,23.1,2024-01-12
Other,Online Purchase,42.06,2024-01-30
Groceries,Eggs,10.74,2024-11-14
Transportation,Train Ticket,39.43,2023-06-11
Dining,Restaurant,47.25,2023-11-21
Transportation,Train Ticket,108.6,2023-02-27
Dining,Food Delivery,63.66,2024-11-04
Other,Misc Expense,36.22,2024-11-28
Groceries,Milk,81.52,2024-12-03
Housing,Rent,1343.16,2023-12-31
Utilities,Water Bill,47.47,2024-07-16
Dining,Restaurant,137.67,2024-07-24
Transportation,Bus Pass,25.99,2024-01-07
Other,Misc Expense,111.65,2023-06-30
Dining,Food Delivery,120.23,2023-09-23
Transportation,Fuel,10.15,2024-05-24
Utilities,Water Bill,235.43,2024-11-23
Groceries,Vegetables,80.77,2023-12-16
Housing,Rent,1222.59,2024-04-08
Utilities,Internet Bill,101.26,2023-07-12
Utilities,Internet Bill,91.3,2023-03-05
Housing,Rent,1481.02,2024-01-01
Other,Online Purchase,122.61,2024-07-03
Groceries,Milk,139.35,2024-01-12
Transportation,Uber Ride,8.35,2023-06-05
Dining,Food Delivery,29.19,2023-05-12
Groceries,Eggs,30.39,2024-04-19
Housing,Rent,637.06,2023-11-05
Utilities,Electricity Bill,77.88,2024-02-12
Subscriptions,Gym Membership,22.3,2023-06-18
Groceries,Bread,20.88,2024-01-23
Subscriptions,Spotify,10.4,2024-02-05
Utilities,Electricity Bill,71.03,2024-10-08
Other,Misc Expense,118.26,2023-12-19
Utilities,Gas Bill,107.49,2024-11-06
Housing,Rent,807.7,2023-06-04
Housing,Mortgage,1462.33,2024-06-18
Subscriptions,Gym Membership,15.06,2024-04-30
Housing,Rent,915.7,2023-08-21
Dining,Fast Food,15.8,2023-12-25
Groceries,Rice,61.37,2023-02-20
Subscriptions,Spotify,11.56,2024-09-13
Dining,Restaurant,115.38,2023-06-12
Other,Online Purchase,59.03,2023-04-12
Groceries,Rice,21.33,2024-02-10
Groceries,Eggs,97.79,2024-07-20
Utilities,Water Bill,242.0,2024-05-19
Housing,Mortgage,1666.86,2024-06-30
Other,Misc Expense,117.56,2024-05-04
Utilities,Gas Bill,87.78,2023-05-29
Utilities,Water Bill,246.14,2023-05-26
Utilities,Electricity Bill,195.96,2023-10-27
Transportation,Train Ticket,53.88,2024-11-17
Other,Online Purchase,108.45,2024-11-11
Housing,Rent,1941.7,2024-02-19
Groceries,Rice,29.91,2024-09-24
Transportation,Train Ticket,57.62,2023-02-20
Dining,Restaurant,125.47,2024-10-12
Other,Misc Expense,130.08,2023-09-08
Groceries,Vegetables,19.87,2023-02-26
Transportation,Fuel,103.5,2024-05-18
Transportation,Uber Ride,124.67,2023-01-07
Dining,Food Delivery,49.34,2024-07-26
Transportation,Uber Ride,99.02,2023-11-28
Utilities,Electricity Bill,45.78,2024-01-30
Utilities,Internet Bill,141.92,2023-10-21
Housing,Mortgage,1759.44,2024-04-29
Housing,Mortgage,1039.36,2023-10-11
Other,Misc Expense,9.62,2023-11-23
Transportation,Uber Ride,120.49,2024-10-03
Housing,Rent,1199.37,2023-10-02
Groceries,Milk,86.24,2024-11-20
Transportation,Bus Pass,65.95,2023-01-18
Subscriptions,Gym Membership,30.23,2024-08-29
Utilities,Gas Bill,139.26,2023-07-09
Groceries,Rice,121.1,2023-05-21
Groceries,Eggs,27.8,2023-06-12
Housing,Rent,1813.63,2024-05-23
Groceries,Bread,110.16,2023-04-02
Utilities,Gas Bill,74.39,2023-09-07
Other,Misc Expense,136.17,2024-09-27
Dining,Fast Food,81.2,2024-10-24
Dining,Fast Food,8.34,2024-06-19
Dining,Restaurant,13.91,2024-03-12
Dining,Fast Food,37.0,2024-09-08
Other,Online Purchase,22.38,2024-10-29
Dining,Food Delivery,115.4,2024-04-16
Transportation,Fuel,98.37,2024-03-06
Transportation,Train Ticket,126.58,2023-08-01
Housing,Mortgage,1443.67,2024-10-07
Other,Misc Expense,51.34,2023-07-12
Groceries,Chicken,101.8,2024-08-15
Housing,Mortgage,774.56,2023-02-16
Utilities,Electricity Bill,107.43,2023-01-25
Other,Misc Expense,74.48,2024-01-23
Transportation,Bus Pass,85.77,2024-04-12
Other,Misc Expense,73.55,2024-12-29
Groceries,Milk,23.62,2024-07-28
Dining,Fast Food,48.01,2024-07-11
Housing,Mortgage,1016.84,2024-04-03
Subscriptions,Spotify,35.97,2023-04-02
Dining,Restaurant,59.69,2023-12-22
Dining,Food Delivery,148.62,2023-09-21
Other,Misc Expense,7.85,2024-02-21
Utilities,Gas Bill,78.53,2023-07-23
Groceries,Chicken,111.65,2023-10-06
Subscriptions,Spotify,38.7,2024-03-27
Groceries,Milk,132.76,2024-08-02
Housing,Mortgage,1574.32,2023-08-17
Transportation,Train Ticket,10.28,2024-01-15
Subscriptions,Spotify,11.27,2023-12-25
Groceries,Bread,80.77,2024-04-18
Dining,Food Delivery,33.34,2023-11-03
Utilities,Electricity Bill,165.1,2024-06-21
Subscriptions,Gym Membership,31.72,2024-09-18
Dining,Fast Food,138.62,2024-02-28
Housing,Mortgage,1961.32,2023-09-26
Other,Misc Expense,112.56,2023-11-11
Housing,Mortgage,1708.39,2023-11-09
Subscriptions,Netflix,37.48,2024-08-26
Utilities,Water Bill,237.84,2023-09-22
Transportation,Fuel,44.91,2024-08-11
Transportation,Fuel,41.78,2024-06-22
Other,Online Purchase,24.48,2023-02-18
Subscriptions,Spotify,9.49,2024-05-03
Housing,Rent,1536.61,2024-06-29
Housing,Mortgage,820.77,2023-01-09
Other,Misc Expense,21.98,2024-12-08
Utilities,Electricity Bill,197.57,2024-05-05
Transportation,Bus Pass,135.19,2024-06-15
Transportation,Train Ticket,45.2,2024-12-27
Other,Misc Expense,57.47,2024-04-28
Other,Online Purchase,129.29,2023-05-09
Groceries,Bread,4.49,2023-11-06
Transportation,Fuel,127.69,2024-01-26
Groceries,Bread,109.36,2023-08-17
Subscriptions,Netflix,9.95,2023-12-31
Groceries,Bread,117.48,2023-07-28
Housing,Mortgage,1150.88,2023-12-31
Subscriptions,Gym Membership,11.66,2024-08-19
Transportation,Fuel,144.68,2024-07-22
Dining,Restaurant,138.64,2024-09-16
Utilities,Electricity Bill,109.31,2023-11-02
Utilities,Gas Bill,117.24,2023-08-15
Groceries,Milk,35.75,2024-07-09
Subscriptions,Spotify,12.16,2023-07-07
Utilities,Internet Bill,177.56,2023-05-19
Groceries,Bread,31.65,2024-04-13
Transportation,Train Ticket,41.97,2023-08-01
Housing,Rent,924.79,2024-04-06
Housing,Mortgage,1570.41,2024-11-04
Dining,Food Delivery,125.19,2023-02-03
Subscriptions,Gym Membership,29.77,2023-05-25
Subscriptions,Spotify,25.39,2023-02-21
Utilities,Electricity Bill,243.9,2024-03-24
Transportation,Uber Ride,71.47,2023-07-12
Groceries,Eggs,33.55,2023-11-23
Groceries,Bread,36.57,2024-01-11
Groceries,Bread,26.81,2024-07-26
Subscriptions,Spotify,16.84,2024-04-04
Other,Misc Expense,110.29,2023-06-13
Utilities,Water Bill,248.68,2024-09-30
Other,Online Purchase,4.37,2023-01-17
Utilities,Gas Bill,248.13,2023-08-09
Utilities,Electricity Bill,78.28,2023-09-17
Dining,Fast Food,67.82,2024-12-09
Groceries,Vegetables,135.43,2024-04-12
Transportation,Uber Ride,67.32,2024-03-13
Utilities,Internet Bill,106.42,2023-11-19
Utilities,Electricity Bill,171.19,2023-08-04
Groceries,Milk,141.41,2023-06-27
Utilities,Gas Bill,67.54,2023-01-30
Utilities,Gas Bill,239.17,2023-05-15
Groceries,Bread,82.41,2024-04-14
Groceries,Chicken,122.0,2023-01-17
Groceries,Rice,108.5,2023-06-17
Housing,Rent,1833.51,2023-03-01
Dining,Food Delivery,63.8,2023-09-23
Housing,Mortgage,1941.82,2024-05-02
Housing,Mortgage,964.63,2023-04-19
Subscriptions,Gym Membership,11.4,2023-09-28
Groceries,Rice,55.88,2024-07-08
Utilities,Internet Bill,179.08,2024-10-06
Utilities,Gas Bill,234.85,2023-07-04
Utilities,Gas Bill,206.59,2024-08-21
Other,Misc Expense,59.64,2024-06-30
Transportation,Bus Pass,137.48,2023-05-31
Utilities,Internet Bill,71.28,2024-08-10
Other,Online Purchase,119.78,2023-04-13
Utilities,Electricity Bill,40.37,2024-06-27
Dining,Food Delivery,9.17,2024-12-14
Transportation,Fuel,121.68,2024-09-20
Groceries,Vegetables,137.7,2023-03-17
Dining,Restaurant,129.85,2024-05-11
Transportation,Uber Ride,120.3,2023-08-19
Subscriptions,Netflix,25.57,2024-09-26
Subscriptions,Spotify,11.24,2023-11-22
Housing,Rent,841.73,2023-05-26
Dining,Fast Food,113.02,2023-09-13
Utilities,Internet Bill,34.72,2023-10-24
Utilities,Water Bill,68.75,2024-11-26
Transportation,Bus Pass,89.89,2024-10-23
Dining,Restaurant,136.59,2023-01-02
Housing,Rent,1005.86,2023-11-06
Dining,Restaurant,47.8,2024-06-15
Dining,Food Delivery,91.09,2023-12-05
Groceries,Eggs,71.3,2023-06-20
Groceries,Eggs,93.24,2024-01-22
Other,Misc Expense,13.49,2023-11-17
Utilities,Internet Bill,167.26,2023-07-06
Dining,Fast Food,96.3,2023-08-03
Utilities,Gas Bill,88.96,2024-04-08
Dining,Fast Food,49.88,2023-06-24
Utilities,Gas Bill,33.86,2023-03-24
Dining,Fast Food,82.78,2023-05-26
Other,Online Purchase,7.08,2024-01-13
Subscriptions,Gym Membership,10.28,2023-10-20
Groceries,Milk,50.42,2024-02-25
Utilities,Electricity Bill,99.9,2024-11-11
Housing,Mortgage,942.11,2024-11-15
Housing,Rent,841.3,2024-09-29
Housing,Mortgage,1935.54,2023-02-13
Dining,Fast Food,14.17,2024-11-10
Transportation,Uber Ride,98.01,2024-07-18
Transportation,Uber Ride,31.6,2023-04-20
Utilities,Electricity Bill,156.26,2023-08-18
Housing,Rent,1499.31,2023-07-01
Other,Online Purchase,16.87,2023-06-27
Other,Online Purchase,57.7,2023-10-31
Subscriptions,Gym Membership,8.94,2024-01-17
Subscriptions,Netflix,24.02,2024-07-02
Dining,Fast Food,46.8,2023-01-09
Groceries,Chicken,19.13,2023-12-01
Transportation,Uber Ride,60.25,2023-11-09
Other,Online Purchase,126.06,2024-11-20
Groceries,Milk,119.81,2023-07-01
Subscriptions,Gym Membership,22.42,2024-10-15
Subscriptions,Spotify,15.98,2023-12-02
Other,Misc Expense,96.76,2023-10-16
Other,Misc Expense,113.09,2023-05-02
Subscriptions,Spotify,12.62,2024-11-05
Utilities,Electricity Bill,187.27,2024-03-22
Other,Online Purchase,29.32,2023-07-17
Utilities,Electricity Bill,44.07,2023-10-19
Utilities,Gas Bill,205.08,2023-04-26
Transportation,Fuel,140.84,2024-08-04
Other,Online Purchase,16.24,2024-09-21
Dining,Restaurant,124.33,2024-02-21
Subscriptions,Gym Membership,26.45,2024-08-12
Housing,Rent,1319.16,2023-07-23
Groceries,Vegetables,83.78,2023-02-28
Utilities,Internet Bill,34.61,2024-12-05
Housing,Rent,687.34,2023-12-23
Utilities,Water Bill,72.55,2024-02-10
Utilities,Electricity Bill,169.0,2023-12-01
Other,Online Purchase,42.71,2024-06-26
Utilities,Electricity Bill,151.69,2023-06-15
Dining,Food Delivery,28.12,2024-08-01
Other,Online Purchase,11.77,2024-02-12
Subscriptions,Gym Membership,33.79,2024-03-22
Utilities,Water Bill,152.28,2023-07-31
Other,Misc Expense,101.96,2023-07-28
Utilities,Internet Bill,194.34,2024-06-01
Transportation,Uber Ride,132.84,2024-07-09
Other,Misc Expense,29.02,2024-04-10
Groceries,Bread,66.81,2023-11-09
Other,Online Purchase,3.12,2023-03-18
Utilities,Water Bill,204.04,2023-07-25
Utilities,Water Bill,148.92,2024-06-04
Housing,Rent,861.57,2024-09-06
Housing,Rent,1055.51,2024-12-18
Groceries,Rice,143.04,2024-05-08
Dining,Fast Food,16.96,2023-02-14
Dining,Food Delivery,109.33,2024-08-18
Utilities,Electricity Bill,235.55,2024-06-19
Groceries,Vegetables,122.54,2023-09-11
Other,Online Purchase,94.31,2024-04-23
Subscriptions,Spotify,9.09,2024-05-30
Housing,Rent,1430.79,2024-08-16
Other,Online Purchase,82.53,2023-11-03
Transportation,Fuel,29.19,2024-11-22
Groceries,Vegetables,123.82,2023-06-04
Housing,Mortgage,1574.3,2024-02-13
Subscriptions,Spotify,26.41,2023-12-29
Subscriptions,Netflix,20.69,2023-11-12
Subscriptions,Gym Membership,36.19,2023-06-16
Transportation,Bus Pass,35.86,2023-10-07
Housing,Mortgage,612.65,2024-03-31
Housing,Mortgage,1411.06,2024-09-14
Groceries,Rice,42.41,2024-05-01
Utilities,Internet Bill,247.46,2023-11-08
Groceries,Rice,87.39,2024-02-10
Dining,Restaurant,85.68,2024-07-20
Other,Misc Expense,48.13,2024-11-27
Dining,Fast Food,85.2,2024-12-03
Subscriptions,Gym Membership,14.65,2024-06-05
Utilities,Gas Bill,131.65,2023-10-23
Other,Misc Expense,79.29,2024-10-07
Transportation,Train Ticket,61.6,2024-08-18
Subscriptions,Gym Membership,18.33,2024-08-21
Subscriptions,Netflix,16.06,2024-09-11
Utilities,Internet Bill,101.87,2023-06-25
Groceries,Milk,27.11,2023-05-23
Dining,Restaurant,61.32,2023-10-24
Subscriptions,Gym Membership,5.63,2024-07-11
Utilities,Gas Bill,85.59,2024-06-16
Groceries,Bread,3.08,2024-07-06
Subscriptions,Gym Membership,28.3,2023-02-12
Transportation,Fuel,47.85,2024-07-07
Subscriptions,Netflix,30.79,2023-09-26
Other,Online Purchase,84.34,2024-03-01
Other,Online Purchase,5.14,2024-04-02
Other,Misc Expense,137.53,2023-02-18
Groceries,Bread,9.75,2023-12-20
Housing,Mortgage,1164.62,2024-08-29
Other,Misc Expense,97.82,2023-01-18
Transportation,Fuel,46.04,2024-07-25
Transportation,Train Ticket,124.34,2024-07-08
Housing,Mortgage,1397.28,2024-05-29
Other,Misc Expense,137.36,2023-01-20
Housing,Rent,826.79,2024-10-20
Other,Online Purchase,7.59,2024-10-08
Other,Online Purchase,65.88,2024-12-05
Groceries,Milk,36.95,2023-10-30
Transportation,Bus Pass,22.33,2024-09-01
Groceries,Rice,74.14,2024-11-12
Transportation,Fuel,85.12,2024-02-15
Other,Misc Expense,27.23,2023-02-09
Dining,Restaurant,118.75,2023-05-10
Groceries,Eggs,136.79,2024-09-17
Subscriptions,Spotify,9.79,2024-03-11
Other,Online Purchase,30.08,2023-07-05
Groceries,Chicken,4.16,2023-08-30
Utilities,Gas Bill,36.47,2024-05-25
Transportation,Fuel,135.41,2023-11-07
Subscriptions,Spotify,16.4,2024-09-03
Utilities,Internet Bill,51.21,2023-08-26
Subscriptions,Netflix,22.12,2023-03-25
Utilities,Gas Bill,106.49,2023-04-15
Utilities,Electricity Bill,84.81,2023-05-11
Housing,Rent,1902.73,2023-03-11
Housing,Mortgage,1690.32,2023-05-27
Housing,Mortgage,1195.84,2023-10-05
Subscriptions,Gym Membership,13.62,2023-12-21
Subscriptions,Spotify,16.24,2023-11-29
Utilities,Water Bill,97.16,2024-11-28
Other,Misc Expense,23.57,2023-11-17
Groceries,Rice,20.0,2024-05-29
Transportation,Fuel,57.13,2023-03-28
Dining,Restaurant,11.05,2023-02-23
Subscriptions,Gym Membership,15.8,2023-04-05
Transportation,Fuel,69.75,2023-10-03
Dining,Restaurant,115.41,2024-10-15
Utilities,Gas Bill,95.46,2024-06-25
Housing,Mortgage,1705.26,2024-04-17
Groceries,Eggs,88.35,2024-12-20
Other,Misc Expense,32.32,2023-10-24
Other,Online Purchase,8.39,2023-08-25
Dining,Food Delivery,81.54,2023-08-16
Utilities,Electricity Bill,122.68,2023-03-12
Housing,Rent,1502.03,2024-09-07
Utilities,Internet Bill,142.86,2024-06-02
Subscriptions,Netflix,24.49,2023-12-28
Other,Online Purchase,73.55,2024-05-01
Utilities,Electricity Bill,152.07,2023-07-08
Transportation,Uber Ride,49.08,2023-05-06
Dining,Food Delivery,47.94,2023-12-01
Other,Online Purchase,139.21,2023-08-20
Dining,Food Delivery,10.35,2024-06-08
Subscriptions,Netflix,28.99,2023-07-12
Transportation,Bus Pass,130.8,2024-05-23
Groceries,Vegetables,73.44,2024-01-23
Utilities,Internet Bill,44.37,2023-11-14
Utilities,Water Bill,60.04,2024-09-11
Subscriptions,Spotify,27.02,2024-03-16
Transportation,Bus Pass,10.74,2024-08-24
Subscriptions,Gym Membership,29.13,2023-04-25
Groceries,Chicken,90.55,2023-12-15
Dining,Restaurant,87.88,2024-06-28
Utilities,Gas Bill,184.94,2024-07-07
Subscriptions,Spotify,15.17,2023-10-22
Utilities,Gas Bill,191.95,2024-06-10
Other,Misc Expense,94.03,2024-11-17
Subscriptions,Gym Membership,17.97,2023-06-24
Subscriptions,Spotify,36.14,2023-12-03
Housing,Mortgage,776.99,2024-06-14
Housing,Rent,671.88,2023-05-27
Groceries,Rice,112.54,2024-04-18
Housing,Rent,1018.94,2024-07-07
Utilities,Internet Bill,131.67,2023-12-03
Other,Misc Expense,137.64,2023-09-26
Transportation,Uber Ride,119.12,2023-07-31
Dining,Fast Food,114.8,2023-06-13
Subscriptions,Spotify,8.67,2023-07-06
Housing,Rent,893.89,2024-05-29
Transportation,Fuel,127.79,2023-04-27
Other,Online Purchase,87.98,2024-09-16
Dining,Food Delivery,14.73,2023-12-11
Subscriptions,Netflix,5.79,2024-09-24
Housing,Rent,1223.41,2024-08-13
Groceries,Eggs,49.4,2024-07-27
Other,Misc Expense,138.92,2024-08-22
Utilities,Water Bill,112.21,2024-10-05
Other,Misc Expense,112.44,2024-07-05
Other,Online Purchase,113.92,2024-04-20
Housing,Rent,1536.51,2023-07-19
Utilities,Internet Bill,193.77,2023-05-05
Subscriptions,Netflix,7.79,2023-09-12
Other,Online Purchase,128.37,2024-04-30
Transportation,Train Ticket,98.01,2023-11-19
Transportation,Uber Ride,38.77,2024-03-12
Groceries,Chicken,11.68,2024-06-27
Transportation,Uber Ride,128.77,2023-05-06
Groceries,Eggs,51.18,2023-05-19
Transportation,Train Ticket,108.05,2023-07-31
Dining,Restaurant,136.15,2024-12-14
Other,Misc Expense,33.23,2024-02-16
Utilities,Internet Bill,181.85,2024-06-05
Housing,Mortgage,892.58,2023-09-05
Other,Online Purchase,106.53,2024-10-03
Transportation,Bus Pass,146.39,2024-03-16
Groceries,Eggs,96.03,2023-10-26
Dining,Food Delivery,39.21,2024-10-28
Transportation,Fuel,123.6,2023-09-03
Subscriptions,Spotify,17.5,2023-04-29
Groceries,Rice,45.66,2024-02-07
Housing,Rent,1773.65,2023-09-03
Dining,Fast Food,29.71,2023-01-29
Other,Online Purchase,83.07,2024-03-07
Other,Misc Expense,63.25,2023-12-18
Utilities,Gas Bill,48.09,2023-09-19
Transportation,Uber Ride,123.1,2024-11-30
Dining,Restaurant,8.14,2023-04-18
Subscriptions,Gym Membership,38.21,2024-10-11
Utilities,Gas Bill,209.99,2023-11-03
Dining,Fast Food,9.3,2024-01-18
Groceries,Milk,30.77,2024-07-27
Subscriptions,Netflix,39.3,2023-01-09
Transportation,Train Ticket,74.53,2023-08-02
Dining,Restaurant,140.24,2024-06-05
Other,Online Purchase,41.7,2023-09-23
Housing,Mortgage,1340.42,2024-08-15
Utilities,Gas Bill,233.84,2024-08-12
Dining,Food Delivery,120.2,2024-03-04
Dining,Fast Food,41.24,2024-11-06
Other,Online Purchase,86.74,2023-06-27
Subscriptions,Gym Membership,14.74,2024-09-20
Subscriptions,Spotify,35.49,2023-12-26
Groceries,Vegetables,37.86,2023-12-03
Subscriptions,Gym Membership,9.75,2024-05-17
Groceries,Rice,42.08,2023-07-21
Groceries,Vegetables,145.27,2024-07-20
Subscriptions,Netflix,31.51,2023-10-05
Other,Online Purchase,32.85,2023-08-02
Subscriptions,Gym Membership,36.54,2024-06-03
Dining,Restaurant,83.61,2024-03-29
Housing,Mortgage,911.42,2023-08-28
Utilities,Internet Bill,134.48,2023-01-15
Other,Misc Expense,16.86,2023-01-09
Subscriptions,Netflix,8.95,2023-12-24
Utilities,Internet Bill,70.98,2023-05-11
Dining,Restaurant,54.26,2023-06-20
Groceries,Eggs,12.97,2023-06-24
Other,Online Purchase,134.48,2024-09-17
Groceries,Vegetables,98.9,2024-04-06
Dining,Restaurant,4.08,2023-10-14
Groceries,Milk,11.32,2024-12-07
Dining,Food Delivery,89.96,2024-12-22
Transportation,Uber Ride,86.06,2023-06-13
Transportation,Bus Pass,149.68,2023-09-03
Other,Online Purchase,11.75,2024-05-09
Housing,Mortgage,1488.01,2023-05-28
Utilities,Gas Bill,132.44,2024-08-24
Housing,Mortgage,1145.68,2023-09-19
Other,Misc Expense,33.09,2023-07-01
Transportation,Uber Ride,148.8,2023-11-02
Other,Online Purchase,30.27,2023-01-15
Transportation,Train Ticket,28.34,2023-04-13
Groceries,Chicken,124.78,2023-02-22
Groceries,Bread,47.91,2024-06-22
Dining,Restaurant,104.07,2023-08-09
Groceries,Rice,4.76,2024-07-13
Dining,Fast Food,105.09,2023-06-23
Groceries,Bread,117.52,2023-02-02
Subscriptions,Spotify,13.28,2024-02-29
Housing,Rent,1104.55,2024-02-24
Subscriptions,Gym Membership,16.86,2024-05-02
Subscriptions,Spotify,8.35,2023-09-07
Utilities,Gas Bill,153.88,2023-01-13
Groceries,Rice,34.78,2024-04-17
Groceries,Bread,113.64,2023-02-05
Housing,Mortgage,730.93,2023-07-29
Subscriptions,Spotify,31.01,2024-04-28
Groceries,Vegetables,60.31,2023-05-26
Utilities,Electricity Bill,211.2,2023-11-20
Other,Misc Expense,112.29,2023-04-25
Dining,Restaurant,86.71,2024-07-14
Other,Online Purchase,72.67,2023-01-07
Dining,Fast Food,48.04,2024-02-21
Groceries,Bread,124.28,2023-11-05
Transportation,Train Ticket,30.0,2023-05-28
Groceries,Vegetables,61.4,2023-05-28
Transportation,Train Ticket,34.56,2024-08-24
Transportation,Uber Ride,23.86,2024-11-11
Housing,Rent,1027.13,2024-04-01
Other,Misc Expense,132.85,2024-01-20
Subscriptions,Netflix,11.39,2024-10-18
Housing,Mortgage,914.51,2023-05-14
Dining,Fast Food,14.6,2024-04-21
Subscriptions,Spotify,5.84,2024-11-24
Utilities,Gas Bill,211.98,2024-01-03
Subscriptions,Gym Membership,18.38,2023-05-15
Groceries,Milk,87.52,2023-04-24
Transportation,Uber Ride,28.1,2024-03-16
Subscriptions,Spotify,29.61,2024-09-13
Other,Misc Expense,40.53,2024-07-23
Dining,Food Delivery,102.15,2023-05-10
Utilities,Internet Bill,42.93,2023-01-10
Subscriptions,Gym Membership,20.97,2023-01-25
Subscriptions,Gym Membership,33.73,2024-07-24
Groceries,Chicken,19.1,2023-02-03
Dining,Fast Food,94.1,2024-08-03
Utilities,Electricity Bill,39.59,2024-02-18
Subscriptions,Gym Membership,23.52,2023-07-26
Dining,Food Delivery,144.41,2024-10-02
Utilities,Water Bill,245.52,2023-10-13
Subscriptions,Spotify,14.46,2023-02-10
Subscriptions,Netflix,25.09,2024-06-24
Dining,Fast Food,43.33,2023-07-11
Utilities,Electricity Bill,249.53,2023-07-24
Housing,Mortgage,1639.56,2023-01-15
Transportation,Bus Pass,3.22,2023-08-02
Other,Online Purchase,3.29,2023-01-22
Groceries,Chicken,79.29,2023-09-12
Other,Misc Expense,112.34,2024-02-17
Dining,Restaurant,90.28,2024-09-18
Groceries,Milk,78.88,2024-08-08
Other,Online Purchase,20.83,2023-05-02
Dining,Restaurant,6.4,2023-04-05
Dining,Food Delivery,113.69,2024-10-04
Utilities,Water Bill,138.78,2024-04-12
Housing,Mortgage,1464.89,2024-02-02
Groceries,Chicken,119.89,2023-12-11
Transportation,Uber Ride,141.59,2024-07-14
Dining,Fast Food,150.0,2024-02-02
Utilities,Electricity Bill,232.7,2024-08-26
Subscriptions,Spotify,13.72,2023-05-02
Groceries,Vegetables,125.75,2024-04-01
Groceries,Milk,79.94,2023-03-29
Transportation,Uber Ride,100.34,2024-07-22
Housing,Mortgage,1061.62,2023-05-25
Other,Misc Expense,25.06,2023-01-19
Utilities,Gas Bill,176.24,2023-03-12
Transportation,Train Ticket,50.62,2023-09-02
Transportation,Fuel,63.43,2024-04-02
Transportation,Fuel,141.69,2024-09-13
Subscriptions,Spotify,36.17,2023-10-07
Other,Misc Expense,66.5,2023-06-01
Housing,Rent,1370.75,2023-10-01
Housing,Rent,1588.88,2024-07-06
Groceries,Vegetables,77.53,2023-05-22
Housing,Rent,1435.05,2023-10-23
Groceries,Bread,144.26,2024-02-05
Utilities,Electricity Bill,140.18,2023-03-13
Dining,Fast Food,104.26,2023-05-20
Dining,Restaurant,119.08,2024-01-03
Housing,Rent,823.68,2023-08-16
Transportation,Fuel,5.56,2023-10-29
Groceries,Bread,94.1,2024-07-27
Utilities,Gas Bill,55.56,2024-03-04
Groceries,Vegetables,28.97,2024-10-08
Transportation,Bus Pass,85.98,2023-10-21
Housing,Mortgage,644.39,2024-04-20
Subscriptions,Netflix,14.26,2024-02-23
Groceries,Milk,15.53,2024-07-29
Utilities,Water Bill,36.52,2023-06-29
Utilities,Water Bill,247.85,2024-10-04
Dining,Restaurant,54.57,2023-05-09
Groceries,Vegetables,135.95,2024-06-29
Housing,Mortgage,1629.6,2024-03-21
Other,Misc Expense,35.99,2023-09-22
Transportation,Fuel,109.63,2023-11-09
Housing,Rent,1969.86,2024-03-05
Utilities,Gas Bill,242.61,2023-04-20
Subscriptions,Netflix,5.24,2024-05-26
Housing,Rent,1032.78,2023-06-02
Transportation,Train Ticket,54.41,2024-03-07
Groceries,Rice,149.88,2024-07-01
Utilities,Water Bill,196.51,2024-11-26
Utilities,Internet Bill,70.32,2024-04-08
Groceries,Chicken,60.62,2024-03-04
Housing,Mortgage,1904.64,2024-02-14
Utilities,Water Bill,46.85,2024-09-28
Dining,Fast Food,128.29,2024-03-28
Subscriptions,Spotify,15.27,2024-04-23
Other,Online Purchase,100.37,2024-08-15
Groceries,Vegetables,33.53,2023-01-16
Groceries,Rice,146.32,2023-04-22
Other,Misc Expense,76.59,2024-05-09
Transportation,Train Ticket,21.46,2023-11-17
Other,Misc Expense,122.32,2023-11-11
Groceries,Eggs,109.73,2024-01-23
Subscriptions,Netflix,10.28,2023-12-11
Other,Misc Expense,126.99,2024-09-11
Housing,Mortgage,959.49,2023-06-26
Groceries,Rice,100.01,2023-10-11
Other,Misc Expense,97.49,2023-04-01
Other,Online Purchase,17.86,2024-12-28
Subscriptions,Spotify,24.13,2023-03-24
Subscriptions,Netflix,5.09,2024-11-15
Dining,Restaurant,48.09,2023-12-12
Housing,Mortgage,1809.6,2023-07-03
Housing,Rent,988.12,2024-03-05
Subscriptions,Netflix,19.18,2023-01-19
Transportation,Uber Ride,123.03,2023-02-14
Utilities,Electricity Bill,223.2,2023-11-15
Utilities,Gas Bill,189.77,2023-09-11
Other,Online Purchase,20.41,2024-02-16
Groceries,Eggs,92.86,2024-06-24
Dining,Restaurant,124.1,2023-09-03
Dining,Restaurant,17.77,2024-10-19
Other,Misc Expense,10.77,2023-03-01
Utilities,Water Bill,183.75,2023-04-18
Subscriptions,Spotify,25.73,2024-09-10
Groceries,Milk,16.15,2023-10-10
Groceries,Milk,33.85,2024-05-01
Other,Online Purchase,38.38,2024-12-07
Dining,Food Delivery,17.54,2024-04-22
Other,Misc Expense,9.7,2023-04-18
Housing,Mortgage,817.82,2023-12-30
Housing,Rent,961.72,2024-08-18
Housing,Mortgage,1490.59,2024-06-20
Transportation,Bus Pass,138.43,2024-10-05
Groceries,Milk,33.29,2024-03-24
Transportation,Train Ticket,52.64,2023-06-19
Housing,Rent,1891.67,2024-07-25
Subscriptions,Gym Membership,20.53,2023-01-04
Dining,Restaurant,117.57,2024-09-05
Other,Online Purchase,108.11,2024-04-24
Groceries,Rice,18.55,2023-01-29
Subscriptions,Gym Membership,32.27,2024-04-26
Other,Online Purchase,22.08,2023-07-27
Housing,Mortgage,1286.57,2023-05-04
Subscriptions,Netflix,34.31,2023-02-11
Dining,Fast Food,85.27,2023-04-19
Groceries,Bread,120.35,2024-07-14
Groceries,Vegetables,109.25,2024-07-16
Transportation,Bus Pass,71.43,2024-05-27
Groceries,Milk,27.95,2023-09-21
Housing,Mortgage,1675.25,2023-08-07
Dining,Restaurant,26.85,2023-05-05
Dining,Food Delivery,8.59,2024-01-29
Subscriptions,Gym Membership,24.3,2024-04-11
Transportation,Fuel,100.96,2023-01-21
Dining,Fast Food,103.29,2024-01-01
Groceries,Rice,94.1,2023-05-02
Utilities,Gas Bill,236.71,2023-05-26
Groceries,Eggs,11.07,2023-04-29
Other,Misc Expense,134.51,2023-05-29
Dining,Restaurant,3.65,2023-01-10
Utilities,Water Bill,245.43,2024-10-26
Subscriptions,Spotify,10.48,2023-08-05
Housing,Rent,1811.98,2024-08-14
Utilities,Gas Bill,94.42,2023-03-09
Utilities,Electricity Bill,230.83,2024-03-11
Subscriptions,Netflix,16.07,2023-08-23
Groceries,Bread,17.84,2023-03-14
Dining,Fast Food,108.8,2024-07-17
Dining,Food Delivery,45.75,2024-12-31
Other,Online Purchase,36.97,2024-09-21
Other,Misc Expense,37.2,2024-07-17
Groceries,Milk,3.46,2023-01-18
Other,Online Purchase,132.43,2023-10-10
Dining,Fast Food,41.16,2023-06-09
Dining,Food Delivery,123.58,2024-08-22
Other,Misc Expense,128.76,2023-05-06
Transportation,Fuel,39.28,2023-12-12
Transportation,Uber Ride,23.11,2023-03-20
Dining,Fast Food,51.44,2023-04-11
Utilities,Water Bill,198.32,2024-05-24
Subscriptions,Netflix,14.09,2024-01-21
Other,Online Purchase,115.08,2024-09-04
Dining,Restaurant,36.38,2024-01-28
Groceries,Bread,46.46,2023-10-27
Dining,Food Delivery,126.86,2024-01-14
Other,Misc Expense,65.16,2024-04-18
Dining,Restaurant,8.39,2023-03-08
Dining,Restaurant,7.02,2023-07-28
Groceries,Chicken,71.19,2024-01-06
Dining,Fast Food,113.94,2024-05-07
Subscriptions,Gym Membership,21.84,2023-03-04
Utilities,Electricity Bill,97.52,2023-08-22
Subscriptions,Netflix,36.1,2023-10-31
Other,Online Purchase,126.56,2024-05-30
Other,Misc Expense,106.73,2024-11-18
Utilities,Internet Bill,153.78,2023-12-07
Transportation,Fuel,103.73,2024-02-17
Utilities,Internet Bill,143.56,2023-11-04
Groceries,Rice,64.24,2023-09-14
Utilities,Electricity Bill,226.32,2024-11-30
Utilities,Water Bill,44.87,2024-12-24
Utilities,Gas Bill,150.67,2024-02-15
Dining,Fast Food,104.67,2024-01-02
Subscriptions,Netflix,23.52,2024-05-31
Other,Misc Expense,92.29,2024-02-21
Housing,Rent,1323.82,2024-06-19
Dining,Food Delivery,102.88,2023-06-30
Groceries,Vegetables,52.19,2024-01-15
Other,Online Purchase,41.18,2023-12-22
Other,Online Purchase,104.03,2024-09-10
Other,Online Purchase,72.72,2024-08-14
Dining,Food Delivery,15.32,2023-12-02
Subscriptions,Spotify,14.01,2023-01-10
Transportation,Train Ticket,103.23,2023-11-26
Dining,Fast Food,11.49,2024-04-30
Subscriptions,Gym Membership,22.49,2023-12-14
Transportation,Bus Pass,26.34,2023-03-20
Subscriptions,Gym Membership,13.44,2024-06-23
Transportation,Train Ticket,127.23,2024-05-03
Utilities,Internet Bill,58.65,2023-07-31
Utilities,Electricity Bill,68.6,2024-10-20
Utilities,Internet Bill,197.55,2024-04-20
Other,Misc Expense,98.73,2024-05-16
Dining,Food Delivery,20.74,2024-05-18
Groceries,Rice,27.16,2023-10-29
Utilities,Gas Bill,89.01,2024-07-19
Dining,Food Delivery,84.36,2023-02-03
Transportation,Train Ticket,141.18,2024-03-11
Subscriptions,Netflix,34.98,2023-07-03
Utilities,Electricity Bill,194.31,2024-08-05
Other,Online Purchase,17.06,2023-09-30
Utilities,Internet Bill,212.34,2023-03-04
Dining,Food Delivery,6.72,2023-03-15
Dining,Fast Food,132.88,2023-01-20
Utilities,Electricity Bill,72.68,2023-02-10
Transportation,Uber Ride,141.38,2023-10-26
Subscriptions,Netflix,19.46,2024-04-14
Utilities,Gas Bill,112.88,2023-08-18
Other,Online Purchase,129.86,2024-03-27
Utilities,Gas Bill,125.31,2023-09-05
Subscriptions,Netflix,38.53,2023-02-03
Housing,Mortgage,1055.13,2023-03-04
Utilities,Gas Bill,164.8,2024-07-17
Transportation,Uber Ride,105.74,2023-08-13
Housing,Rent,1581.0,2024-05-20
Utilities,Electricity Bill,155.97,2024-02-01
Utilities,Gas Bill,95.66,2024-07-30
Other,Misc Expense,11.75,2024-03-16
Housing,Mortgage,1504.23,2023-06-25
Dining,Restaurant,84.29,2023-11-08
Transportation,Train Ticket,89.45,2023-09-29
Subscriptions,Gym Membership,18.08,2024-04-08
Housing,Rent,1364.58,2023-11-05
Other,Online Purchase,64.55,2024-05-22
Transportation,Fuel,127.43,2023-01-23
Utilities,Electricity Bill,176.32,2023-04-16
Subscriptions,Netflix,10.81,2023-03-21
Transportation,Bus Pass,132.67,2023-09-01
Subscriptions,Netflix,23.98,2023-02-05
Subscriptions,Netflix,10.49,2023-07-17
Utilities,Water Bill,240.63,2023-09-08
Transportation,Uber Ride,8.99,2024-01-19
Housing,Mortgage,1962.8,2023-04-27
Subscriptions,Gym Membership,16.82,2023-12-03
Other,Online Purchase,36.23,2024-02-19
Subscriptions,Gym Membership,33.3,2023-10-19
Housing,Rent,1657.07,2023-09-09
Utilities,Water Bill,84.18,2023-06-17
Subscriptions,Spotify,33.41,2023-01-28
Transportation,Train Ticket,21.0,2023-10-03
Other,Misc Expense,16.3,2024-08-16
Groceries,Rice,117.67,2024-09-04
Dining,Fast Food,136.43,2024-09-18
Subscriptions,Gym Membership,6.98,2023-05-27
Utilities,Internet Bill,46.56,2024-04-15
Transportation,Bus Pass,43.84,2023-03-09
Groceries,Rice,29.79,2023-10-02
Housing,Rent,1862.36,2023-12-17
Subscriptions,Netflix,11.33,2024-04-02
Groceries,Vegetables,36.67,2024-05-08
Transportation,Train Ticket,109.21,2023-05-12
Dining,Fast Food,72.6,2023-06-04
Housing,Mortgage,744.04,2023-05-26
Housing,Rent,1196.01,2024-04-04
Other,Online Purchase,6.89,2024-08-07
Subscriptions,Netflix,35.78,2023-10-03
Transportation,Train Ticket,42.76,2023-07-15
Utilities,Electricity Bill,182.04,2023-12-06
Transportation,Uber Ride,49.72,2023-10-05
Utilities,Water Bill,170.77,2023-11-03
Utilities,Electricity Bill,127.16,2024-08-28
Dining,Food Delivery,23.53,2024-04-22
Subscriptions,Netflix,30.94,2023-05-15
Utilities,Electricity Bill,81.98,2023-09-18
Housing,Mortgage,1355.58,2023-04-23
Subscriptions,Netflix,38.92,2023-11-06
Other,Misc Expense,75.42,2024-03-17
Dining,Food Delivery,59.18,2024-08-11
Utilities,Water Bill,196.66,2024-08-26
Subscriptions,Gym Membership,8.33,2024-09-24
Groceries,Bread,53.02,2024-07-09
Housing,Mortgage,984.91,2024-06-16
Transportation,Bus Pass,111.08,2024-06-27
Utilities,Water Bill,100.54,2024-03-23
Housing,Mortgage,1703.95,2023-01-19
Housing,Mortgage,775.46,2024-08-21
Other,Online Purchase,56.27,2023-08-10
Other,Misc Expense,111.36,2023-03-24
Other,Misc Expense,27.81,2023-06-12
Utilities,Water Bill,31.9,2023-04-19
Subscriptions,Netflix,32.85,2024-10-12
Dining,Restaurant,114.27,2023-11-04
Dining,Restaurant,84.21,2023-07-13
Subscriptions,Spotify,27.61,2023-04-03
Other,Online Purchase,119.56,2023-09-09
Transportation,Uber Ride,45.26,2024-08-10
Utilities,Electricity Bill,163.21,2024-11-01
Dining,Fast Food,28.03,2024-12-11
Dining,Restaurant,22.75,2024-02-13
Groceries,Eggs,138.03,2023-12-17
Other,Online Purchase,144.54,2024-01-05
Dining,Restaurant,30.21,2024-05-03
Other,Misc Expense,98.11,2023-01-20
Housing,Rent,669.86,2023-03-28
Subscriptions,Netflix,31.71,2024-07-05
Subscriptions,Netflix,15.43,2024-04-19
Groceries,Milk,142.6,2023-08-16
Dining,Restaurant,105.14,2024-03-05
Groceries,Chicken,24.1,2024-05-12
Housing,Rent,993.38,2023-04-24
Housing,Mortgage,676.85,2024-03-22
Other,Online Purchase,60.47,2023-08-12
Housing,Mortgage,1401.42,2023-08-22
Dining,Restaurant,32.38,2024-03-09
Groceries,Rice,124.45,2024-11-05
Utilities,Water Bill,75.23,2023-07-22
Other,Misc Expense,19.86,2024-10-20
Other,Misc Expense,44.62,2023-04-06
Dining,Fast Food,23.17,2023-07-24
Housing,Rent,986.43,2023-10-22
Groceries,Vegetables,31.9,2023-07-02
Dining,Fast Food,99.8,2024-02-02
Subscriptions,Spotify,19.71,2023-02-02
Dining,Food Delivery,33.64,2023-09-15
Subscriptions,Spotify,39.11,2023-10-12
Dining,Restaurant,72.59,2023-12-15
Groceries,Chicken,83.92,2023-01-21
Groceries,Rice,94.1,2024-08-01
Utilities,Water Bill,70.21,2023-06-22
Transportation,Train Ticket,68.46,2023-10-01
Other,Misc Expense,14.43,2024-05-23
Utilities,Water Bill,124.25,2023-12-10
Other,Online Purchase,76.64,2024-02-03
Subscriptions,Spotify,31.63,2023-01-12
Utilities,Gas Bill,200.0,2024-01-14
Housing,Rent,1665.49,2024-03-04
Subscriptions,Gym Membership,29.09,2023-06-27
Utilities,Internet Bill,88.57,2024-10-30
Groceries,Milk,90.56,2023-08-21
Subscriptions,Spotify,15.95,2023-10-02
Utilities,Electricity Bill,91.28,2023-11-25
Other,Online Purchase,125.78,2023-02-03
Subscriptions,Netflix,7.72,2024-11-19
Dining,Restaurant,47.79,2024-10-25
Housing,Mortgage,1011.04,2024-04-11
Subscriptions,Gym Membership,12.43,2023-02-22
Dining,Food Delivery,58.15,2024-07-09
Other,Misc Expense,126.96,2023-12-26
Dining,Fast Food,134.73,2024-04-23
Utilities,Internet Bill,118.91,2023-03-10
Transportation,Bus Pass,132.69,2023-03-31
Subscriptions,Spotify,31.13,2024-08-07
Groceries,Milk,24.93,2024-05-01
Housing,Rent,754.0,2024-06-13
Transportation,Bus Pass,9.03,2024-04-10
Housing,Mortgage,1966.81,2024-01-08
Dining,Fast Food,7.89,2023-02-07
Utilities,Water Bill,231.27,2024-08-29
Subscriptions,Netflix,18.87,2024-10-22
Dining,Food Delivery,34.02,2024-02-19
Dining,Food Delivery,119.34,2023-05-04
Subscriptions,Netflix,11.42,2024-02-25
Other,Misc Expense,136.95,2024-10-19
Transportation,Uber Ride,93.3,2024-06-08
Dining,Food Delivery,98.12,2024-03-17
Transportation,Train Ticket,76.85,2023-12-04
Housing,Rent,1652.0,2024-08-09
Dining,Restaurant,47.79,2023-06-23
Housing,Mortgage,633.7,2023-11-19
Other,Misc Expense,127.68,2024-11-17
Housing,Mortgage,794.6,2023-05-01
Housing,Mortgage,1507.08,2024-07-28
Dining,Food Delivery,115.43,2024-07-12
Other,Misc Expense,103.37,2024-03-29
Groceries,Rice,60.44,2023-07-11
Other,Online Purchase,115.09,2024-02-16
Other,Online Purchase,87.95,2024-11-23
Groceries,Rice,31.17,2024-08-17
Subscriptions,Netflix,22.81,2024-09-22
Groceries,Vegetables,149.29,2024-07-03
Utilities,Internet Bill,63.86,2024-12-20
Transportation,Train Ticket,116.57,2023-08-27
Dining,Restaurant,70.26,2023-01-07
Subscriptions,Spotify,15.78,2023-09-26
Utilities,Internet Bill,64.7,2023-07-31
Housing,Rent,721.94,2023-09-01
Transportation,Bus Pass,104.0,2024-10-17
Subscriptions,Gym Membership,14.88,2024-08-02
Subscriptions,Spotify,39.79,2024-09-05
Utilities,Electricity Bill,210.3,2024-03-25
Utilities,Electricity Bill,249.17,2024-06-27
Utilities,Gas Bill,230.74,2023-10-12
Housing,Rent,1576.32,2024-12-11
Housing,Rent,1354.29,2024-02-29
Dining,Food Delivery,129.42,2023-01-06
Dining,Food Delivery,58.41,2024-10-18
Transportation,Train Ticket,102.64,2023-12-18
Housing,Rent,1510.69,2023-09-16
Other,Online Purchase,135.48,2024-10-31
Subscriptions,Netflix,11.99,2024-04-04
Other,Online Purchase,19.82,2023-02-25
Subscriptions,Netflix,15.44,2024-04-01
Groceries,Bread,7.57,2024-10-06
Subscriptions,Netflix,36.44,2023-03-09
Dining,Restaurant,62.11,2024-06-25
Utilities,Internet Bill,173.28,2023-10-31
Other,Misc Expense,126.84,2023-12-01
Other,Online Purchase,100.1,2023-01-20
Dining,Restaurant,78.9,2024-11-06
Subscriptions,Spotify,11.43,2024-10-24
Dining,Food Delivery,43.51,2023-03-19
Dining,Food Delivery,3.32,2024-08-29
Housing,Rent,1838.38,2024-01-30
Other,Online Purchase,28.21,2024-04-28
Dining,Fast Food,22.47,2024-07-24
Groceries,Chicken,22.62,2023-01-18
Utilities,Electricity Bill,169.83,2023-06-29
Dining,Restaurant,101.86,2023-09-28
Transportation,Bus Pass,35.1,2024-09-01
Dining,Food Delivery,98.69,2024-10-19
Transportation,Bus Pass,149.75,2024-11-27
Other,Misc Expense,135.3,2023-03-25
Utilities,Electricity Bill,94.95,2024-11-08
Housing,Rent,1520.68,2024-01-18
Utilities,Internet Bill,158.82,2023-06-09
Utilities,Internet Bill,31.97,2024-07-18
Transportation,Fuel,62.55,2024-12-22
Groceries,Bread,92.68,2024-10-26
Other,Misc Expense,3.11,2023-10-28
Utilities,Internet Bill,215.78,2024-12-07
Transportation,Uber Ride,54.73,2023-08-16
Housing,Mortgage,1655.46,2024-12-17
Subscriptions,Spotify,32.26,2023-10-13
Housing,Rent,1823.19,2024-12-19
Transportation,Train Ticket,20.47,2024-08-06
Dining,Fast Food,39.57,2024-01-14
Transportation,Fuel,63.43,2023-07-22
Utilities,Water Bill,113.86,2024-04-19
Subscriptions,Gym Membership,19.27,2024-08-22
Groceries,Bread,57.81,2023-11-14
Subscriptions,Spotify,34.94,2024-11-13
Utilities,Water Bill,239.29,2023-07-10
Subscriptions,Gym Membership,10.8,2024-02-25
Subscriptions,Gym Membership,18.43,2024-02-12
Groceries,Rice,142.45,2024-08-05
Subscriptions,Spotify,36.24,2024-01-22
Subscriptions,Gym Membership,38.18,2024-11-04
Other,Online Purchase,89.43,2024-09-09
Other,Online Purchase,34.65,2024-07-20
Housing,Mortgage,1159.74,2024-06-11
Dining,Food Delivery,75.83,2024-09-17
Utilities,Gas Bill,125.44,2023-11-05
Groceries,Bread,40.46,2023-06-26
Groceries,Chicken,142.29,2023-09-15
Subscriptions,Netflix,12.0,2024-06-24
Housing,Rent,1439.29,2023-06-08
Utilities,Internet Bill,30.97,2023-03-10
Transportation,Bus Pass,10.3,2024-11-05
Housing,Mortgage,805.51,2024-09-23
Housing,Rent,1026.94,2024-10-29
Housing,Rent,1819.0,2024-07-31
Groceries,Bread,47.18,2023-01-18
Utilities,Internet Bill,228.25,2024-07-10
Dining,Restaurant,7.88,2024-09-19
Subscriptions,Spotify,34.15,2024-01-28
Transportation,Train Ticket,112.12,2024-11-14
Housing,Rent,615.9,2024-09-27
Housing,Rent,855.71,2023-12-11
Other,Online Purchase,7.55,2024-05-11
Dining,Fast Food,92.47,2023-04-15
Subscriptions,Spotify,26.72,2023-05-09
Subscriptions,Gym Membership,39.26,2023-02-04
Housing,Mortgage,784.39,2023-01-05
Groceries,Rice,99.86,2023-09-09
Housing,Rent,1171.89,2023-04-13
Subscriptions,Spotify,39.24,2023-06-06
Other,Misc Expense,127.89,2023-01-07
Transportation,Train Ticket,119.92,2023-11-11
Dining,Fast Food,20.72,2023-06-17
Transportation,Train Ticket,144.76,2024-11-03
Utilities,Internet Bill,99.46,2024-02-19
Groceries,Milk,10.62,2024-05-16
Dining,Restaurant,97.43,2023-03-17
Dining,Fast Food,12.13,2024-03-05
Groceries,Chicken,114.98,2023-07-03
Groceries,Bread,105.17,2024-09-28
Housing,Rent,1321.89,2023-07-18
Utilities,Internet Bill,95.62,2023-07-08
Other,Misc Expense,128.21,2023-11-14
Transportation,Fuel,45.13,2024-09-15
Groceries,Eggs,75.53,2023-01-27
Dining,Food Delivery,143.94,2024-03-01
Other,Online Purchase,116.85,2023-11-19
Groceries,Milk,104.7,2024-04-26
Dining,Fast Food,14.2,2024-09-14
Groceries,Rice,95.59,2024-12-05
Subscriptions,Spotify,29.33,2024-11-04
Utilities,Gas Bill,107.37,2023-07-17
Transportation,Uber Ride,91.94,2023-03-17
Subscriptions,Spotify,17.05,2024-07-11
Housing,Rent,1730.86,2023-11-25
Other,Misc Expense,41.3,2024-09-26
Dining,Food Delivery,56.76,2024-09-08
Housing,Rent,665.65,2024-05-18
Other,Misc Expense,3.4,2023-10-19
Groceries,Chicken,39.14,2023-01-13
Housing,Mortgage,1036.46,2024-07-06
Transportation,Uber Ride,149.19,2023-09-12
Subscriptions,Gym Membership,11.24,2024-07-06
Groceries,Vegetables,33.72,2024-01-27
Dining,Restaurant,115.78,2023-02-10
Utilities,Gas Bill,149.68,2024-02-13
Housing,Mortgage,1570.72,2023-01-22
Housing,Mortgage,617.43,2024-02-06
Transportation,Train Ticket,92.39,2023-12-13
Groceries,Rice,44.53,2024-03-23
Housing,Rent,1611.32,2023-12-17
Housing,Mortgage,677.69,2023-07-14
Subscriptions,Spotify,34.75,2024-05-30
Subscriptions,Netflix,34.42,2024-05-14
Groceries,Chicken,108.82,2024-09-11
Subscriptions,Spotify,6.49,2023-06-22
Groceries,Vegetables,108.2,2024-09-05
Housing,Rent,1612.04,2024-12-10
Housing,Mortgage,710.41,2023-07-24
Housing,Rent,1130.0,2023-04-09
Transportation,Bus Pass,84.37,2024-07-28
Groceries,Eggs,26.96,2024-02-13
Utilities,Water Bill,54.52,2024-11-02
Dining,Restaurant,46.4,2024-04-10
Other,Online Purchase,24.57,2023-11-18
Utilities,Internet Bill,134.73,2023-10-07
Transportation,Bus Pass,46.55,2024-12-15
Other,Online Purchase,129.94,2024-11-26
Housing,Rent,1853.56,2023-03-23
Dining,Restaurant,45.52,2023-03-17
Other,Misc Expense,110.19,2024-08-13
Transportation,Fuel,131.83,2024-05-12
Other,Misc Expense,149.68,2023-05-16
Other,Misc Expense,29.43,2023-12-01
Housing,Mortgage,1108.62,2023-01-14
Utilities,Internet Bill,147.62,2023-01-17
Utilities,Gas Bill,152.22,2024-04-04
Groceries,Bread,136.31,2024-06-13
Dining,Restaurant,51.6,2023-02-23
Dining,Restaurant,9.1,2024-02-10
Utilities,Internet Bill,111.61,2023-05-13
Housing,Rent,1200.51,2023-01-09
Subscriptions,Gym Membership,5.38,2023-08-10
Subscriptions,Netflix,39.6,2023-03-02
Other,Online Purchase,96.95,2023-05-27
Transportation,Train Ticket,6.43,2023-09-26
Transportation,Train Ticket,104.22,2024-04-16
Other,Misc Expense,86.56,2024-12-13
Subscriptions,Spotify,8.92,2024-10-26
Other,Online Purchase,145.47,2023-02-12
Groceries,Chicken,108.34,2024-03-16
Groceries,Bread,129.87,2024-04-19
Transportation,Fuel,140.36,2024-11-08
Transportation,Bus Pass,122.26,2024-10-07
Subscriptions,Netflix,15.0,2024-07-24
Subscriptions,Spotify,37.4,2023-08-19
Subscriptions,Netflix,5.57,2024-07-28
Groceries,Vegetables,83.56,2024-02-03
Transportation,Bus Pass,80.82,2023-10-18
Other,Misc Expense,115.03,2024-02-12
Dining,Restaurant,130.44,2024-09-03
Other,Misc Expense,24.96,2024-05-20
Subscriptions,Spotify,29.48,2024-01-25
Groceries,Bread,145.52,2024-02-23
Groceries,Rice,126.53,2023-11-14
Subscriptions,Spotify,5.37,2024-04-04
Other,Online Purchase,114.39,2024-02-20
Groceries,Bread,31.92,2023-03-06
Transportation,Bus Pass,6.99,2024-01-19
Utilities,Electricity Bill,80.69,2024-10-12
Groceries,Rice,76.07,2023-04-07
Transportation,Fuel,10.93,2024-06-23
Dining,Food Delivery,12.09,2023-05-13
Utilities,Gas Bill,76.02,2024-08-27
Transportation,Bus Pass,68.02,2023-09-29
Groceries,Vegetables,58.18,2023-09-28
Housing,Mortgage,1552.01,2023-11-24
Housing,Mortgage,1047.05,2024-04-16
Groceries,Chicken,140.24,2023-03-23
Other,Misc Expense,66.9,2023-11-04
Other,Misc Expense,88.37,2024-03-15
Transportation,Fuel,133.12,2024-07-21
Utilities,Water Bill,186.97,2024-05-21
Transportation,Fuel,61.21,2023-01-08
Transportation,Fuel,10.23,2023-07-10
Utilities,Internet Bill,206.28,2023-04-01
Subscriptions,Spotify,5.21,2024-10-19
Groceries,Chicken,30.28,2023-01-27
Subscriptions,Spotify,13.47,2023-07-14
Other,Online Purchase,104.46,2024-09-10
Housing,Mortgage,1555.66,2023-08-04
Subscriptions,Spotify,6.4,2024-07-28
Utilities,Gas Bill,66.05,2024-02-09
Other,Misc Expense,58.28,2024-08-30
Housing,Rent,1215.01,2023-08-31
Subscriptions,Gym Membership,30.23,2023-12-13
Housing,Rent,933.62,2023-07-06
Groceries,Chicken,16.81,2024-12-06
Groceries,Milk,65.22,2023-07-13
Utilities,Water Bill,94.53,2023-08-06
Transportation,Fuel,100.0,2024-09-11
Subscriptions,Gym Membership,26.28,2024-11-19
Dining,Fast Food,123.52,2023-03-28
Transportation,Bus Pass,104.44,2023-05-10
Dining,Restaurant,137.48,2024-03-29
Transportation,Fuel,86.55,2024-09-15
Subscriptions,Netflix,38.58,2023-05-08
Groceries,Milk,108.34,2024-02-07
Other,Misc Expense,147.75,2023-08-07
Housing,Rent,1661.72,2024-10-02
Housing,Rent,1289.87,2024-04-23
Dining,Restaurant,32.95,2023-03-19
Dining,Food Delivery,77.42,2023-02-04
Dining,Fast Food,139.5,2024-05-04
Groceries,Rice,3.51,2024-07-25
Transportation,Uber Ride,37.99,2023-02-05
Transportation,Bus Pass,27.91,2024-05-30
Other,Misc Expense,22.88,2023-10-22
Groceries,Vegetables,124.14,2024-10-17
Dining,Food Delivery,46.73,2023-02-24
Utilities,Internet Bill,178.59,2024-03-20
Dining,Fast Food,77.43,2024-03-14
Dining,Fast Food,23.24,2024-08-05
Groceries,Rice,125.07,2023-01-15
Other,Online Purchase,39.03,2024-02-19
Utilities,Gas Bill,204.65,2024-02-18
Other,Misc Expense,142.04,2023-03-14
Transportation,Fuel,42.29,2024-09-01
Dining,Food Delivery,89.17,2023-04-17
Subscriptions,Netflix,29.46,2024-08-07
Housing,Mortgage,1774.1,2024-12-26
Transportation,Uber Ride,40.88,2024-12-24
Subscriptions,Spotify,30.9,2023-11-19
Other,Misc Expense,5.09,2023-10-16
Subscriptions,Gym Membership,12.26,2024-03-02
Other,Misc Expense,46.6,2023-05-11
Utilities,Water Bill,86.6,2024-01-26
Groceries,Bread,17.82,2024-07-15
Subscriptions,Gym Membership,23.68,2024-10-28
Groceries,Vegetables,130.45,2023-04-17
Transportation,Bus Pass,85.67,2023-12-14
Utilities,Gas Bill,183.96,2023-07-06
Housing,Mortgage,1578.62,2023-06-17
Utilities,Water Bill,243.88,2024-12-21
Transportation,Fuel,47.13,2024-10-14
Utilities,Gas Bill,131.44,2024-05-31
Housing,Mortgage,1318.75,2024-05-28
Subscriptions,Netflix,9.51,2024-04-06
Subscriptions,Gym Membership,21.91,2023-12-04
Housing,Mortgage,1331.02,2024-01-29
Housing,Rent,879.9,2023-09-19
Subscriptions,Gym Membership,15.71,2024-08-11
Subscriptions,Gym Membership,38.9,2024-02-05
Groceries,Vegetables,50.71,2024-03-14
Housing,Mortgage,1394.32,2024-02-01
Utilities,Water Bill,218.39,2024-03-31
Utilities,Water Bill,56.25,2024-07-10
Groceries,Chicken,132.37,2024-03-03
Groceries,Rice,61.91,2023-01-08
Groceries,Rice,50.43,2023-11-23
Housing,Mortgage,1168.89,2023-10-12
Transportation,Fuel,100.83,2024-06-19
Dining,Fast Food,51.18,2024-01-03
Dining,Fast Food,17.68,2023-06-26
Transportation,Fuel,66.35,2023-01-06
Groceries,Milk,59.8,2024-04-02
Transportation,Fuel,121.83,2023-05-16
Transportation,Uber Ride,55.54,2024-02-29
Dining,Fast Food,40.54,2023-04-20
Utilities,Water Bill,219.55,2023-09-24
Groceries,Chicken,89.54,2024-04-28
Transportation,Uber Ride,24.13,2023-07-26
Utilities,Internet Bill,249.58,2023-01-18
Subscriptions,Netflix,33.72,2023-02-12
Housing,Rent,1941.66,2024-02-23
Utilities,Electricity Bill,95.63,2023-10-02
Utilities,Water Bill,120.47,2023-06-27
Groceries,Vegetables,51.92,2023-02-19
Subscriptions,Gym Membership,12.82,2024-09-15
Other,Misc Expense,112.77,2023-08-06
Transportation,Uber Ride,88.83,2024-03-19
Housing,Rent,1265.88,2024-05-11
Other,Misc Expense,22.83,2023-10-07
Transportation,Train Ticket,84.62,2023-04-23
Utilities,Gas Bill,89.47,2023-01-14
Transportation,Bus Pass,137.41,2024-04-20
Utilities,Gas Bill,113.08,2024-12-08
Dining,Fast Food,148.21,2023-01-15
Subscriptions,Spotify,27.37,2023-08-17
Subscriptions,Spotify,36.09,2024-08-21
Other,Online Purchase,23.63,2024-03-18
Groceries,Bread,108.43,2023-09-14
Transportation,Train Ticket,98.65,2023-02-15
Other,Online Purchase,145.51,2023-12-29
Subscriptions,Gym Membership,9.9,2024-06-17
Transportation,Uber Ride,71.89,2023-11-16
Utilities,Electricity Bill,153.97,2024-03-26
Housing,Mortgage,1345.63,2024-04-16
Transportation,Bus Pass,143.48,2023-04-27
Housing,Mortgage,1859.1,2023-10-01
Housing,Rent,1301.2,2023-05-13
Other,Misc Expense,118.65,2024-06-16
Other,Misc Expense,105.36,2023-10-11
Groceries,Chicken,64.78,2023-09-08
Housing,Rent,1848.1,2023-02-01
Housing,Mortgage,1127.44,2024-09-29
Other,Misc Expense,27.36,2024-03-06
Other,Misc Expense,46.0,2024-06-12
Utilities,Electricity Bill,127.56,2024-12-17
Groceries,Rice,62.22,2024-08-27
Utilities,Electricity Bill,245.98,2024-06-26
Other,Online Purchase,71.9,2024-05-27
Utilities,Gas Bill,225.0,2024-01-06
Other,Misc Expense,85.78,2024-02-29
Subscriptions,Gym Membership,5.82,2024-03-06
Utilities,Water Bill,189.49,2023-08-14
Housing,Mortgage,1474.54,2024-08-16
Groceries,Bread,132.93,2023-08-22
Dining,Food Delivery,124.65,2023-02-27
Groceries,Vegetables,122.45,2024-03-14
Transportation,Bus Pass,131.32,2024-07-09
Housing,Mortgage,1844.0,2023-10-15
Other,Misc Expense,147.71,2024-08-17
Transportation,Bus Pass,13.38,2024-03-31
Dining,Fast Food,49.15,2023-07-27
Subscriptions,Gym Membership,33.65,2024-07-11
Subscriptions,Gym Membership,34.5,2023-08-04
Dining,Food Delivery,12.75,2024-08-20
Groceries,Eggs,75.63,2023-03-01
Subscriptions,Gym Membership,22.85,2024-09-15
Other,Misc Expense,27.64,2024-07-17
Utilities,Gas Bill,127.52,2023-07-30
Subscriptions,Netflix,38.58,2024-12-02
Dining,Fast Food,14.65,2023-09-01
Subscriptions,Spotify,11.31,2024-10-08
Other,Online Purchase,95.91,2023-12-08
Housing,Rent,1730.19,2023-04-13
Utilities,Internet Bill,202.51,2023-04-11
Subscriptions,Netflix,5.93,2024-05-15
Groceries,Rice,60.04,2024-09-02
Groceries,Milk,9.92,2024-08-23
Utilities,Water Bill,62.28,2024-07-22
Utilities,Internet Bill,226.56,2023-08-18
Transportation,Fuel,100.22,2024-09-14
Dining,Restaurant,38.66,2023-11-20
Groceries,Rice,75.15,2024-04-16
Subscriptions,Gym Membership,23.15,2023-08-19
Utilities,Gas Bill,128.14,2024-05-13
Dining,Restaurant,111.74,2023-06-24
Other,Online Purchase,17.72,2023-12-04
Transportation,Uber Ride,103.16,2023-11-22
Dining,Food Delivery,136.05,2024-01-02
Utilities,Electricity Bill,165.93,2024-11-22
Housing,Rent,1595.27,2023-10-14
Transportation,Uber Ride,48.74,2024-06-05
Subscriptions,Netflix,7.67,2023-03-07
Transportation,Fuel,142.79,2024-10-29
Housing,Rent,1910.69,2024-10-25
Other,Misc Expense,128.07,2023-07-23
Dining,Food Delivery,148.6,2023-04-27
Transportation,Fuel,123.41,2024-06-30
Subscriptions,Netflix,25.4,2024-03-24
Other,Misc Expense,93.83,2024-07-04
Groceries,Bread,37.12,2023-11-06
Other,Misc Expense,55.5,2024-06-08
Transportation,Bus Pass,63.57,2024-04-29
Subscriptions,Spotify,31.64,2023-08-26
Other,Misc Expense,109.67,2024-03-13
Transportation,Uber Ride,12.76,2023-08-12
Utilities,Gas Bill,196.84,2024-06-02
Housing,Rent,1097.09,2024-05-25
Transportation,Fuel,106.84,2023-06-14
Subscriptions,Gym Membership,28.19,2023-08-28
Groceries,Chicken,60.84,2024-07-26
Other,Online Purchase,107.47,2023-05-20
Subscriptions,Netflix,17.89,2024-12-23
Housing,Mortgage,1994.3,2023-08-21
Utilities,Water Bill,112.7,2024-01-17
Groceries,Chicken,54.0,2023-09-18
Subscriptions,Netflix,32.9,2023-01-25
Dining,Restaurant,47.08,2024-01-29
Other,Misc Expense,107.23,2024-02-03
Utilities,Electricity Bill,169.08,2024-01-01
Subscriptions,Spotify,37.26,2024-05-13
Transportation,Uber Ride,65.43,2024-03-28
Groceries,Eggs,4.93,2023-06-15
Utilities,Electricity Bill,50.69,2024-08-01
Subscriptions,Netflix,38.0,2023-04-12
Utilities,Gas Bill,176.88,2024-01-31
Housing,Rent,957.2,2024-07-29
Utilities,Internet Bill,93.32,2023-05-12
Subscriptions,Gym Membership,23.76,2023-10-23
Housing,Rent,1678.91,2023-01-30
Other,Online Purchase,65.44,2024-10-11
Transportation,Uber Ride,87.55,2024-10-23
Subscriptions,Spotify,11.55,2024-07-25
Utilities,Internet Bill,131.13,2024-09-06
Housing,Mortgage,1179.41,2023-03-21
Groceries,Bread,149.62,2024-02-08
Utilities,Gas Bill,239.03,2023-02-02
Utilities,Water Bill,183.77,2023-08-14
Transportation,Uber Ride,13.64,2023-08-02
Housing,Mortgage,1375.22,2024-03-07
Dining,Fast Food,93.73,2023-01-17
Groceries,Rice,130.04,2024-09-21
Groceries,Eggs,25.01,2023-11-08
Transportation,Fuel,20.68,2023-10-28
Groceries,Chicken,27.14,2023-09-09
Other,Misc Expense,12.21,2023-11-08
Other,Misc Expense,136.47,2024-03-20
Transportation,Train Ticket,130.68,2024-01-21
Other,Online Purchase,19.18,2024-01-28
Utilities,Internet Bill,113.51,2023-03-10
Subscriptions,Gym Membership,17.48,2024-10-20
Dining,Food Delivery,96.15,2023-12-31
Subscriptions,Netflix,22.01,2024-03-25
Dining,Fast Food,122.35,2023-11-02
Subscriptions,Netflix,37.46,2024-07-14
Transportation,Uber Ride,146.0,2023-12-09
Transportation,Uber Ride,110.11,2023-08-02
Other,Misc Expense,117.58,2024-11-30
Transportation,Fuel,73.72,2023-07-04
Subscriptions,Gym Membership,5.03,2024-04-25
Other,Online Purchase,143.64,2023-03-09
Transportation,Bus Pass,43.57,2024-12-13
Groceries,Eggs,103.94,2023-10-27
Subscriptions,Netflix,8.25,2023-09-24
Housing,Mortgage,1253.18,2023-11-21
Utilities,Electricity Bill,181.4,2023-10-24
Groceries,Chicken,50.37,2023-09-07
Dining,Fast Food,98.64,2024-03-11
Groceries,Chicken,31.56,2024-12-16
Subscriptions,Spotify,7.09,2024-12-14
Subscriptions,Spotify,8.0,2023-07-31
Subscriptions,Netflix,37.84,2023-09-14
Utilities,Internet Bill,120.76,2024-10-08
Groceries,Milk,74.43,2024-07-15
Groceries,Chicken,70.05,2023-02-16
Subscriptions,Gym Membership,23.36,2024-03-09
Transportation,Train Ticket,51.61,2024-04-10
Other,Online Purchase,62.76,2024-07-15
Housing,Rent,1198.94,2024-08-15
Housing,Rent,1732.09,2023-03-15
Transportation,Bus Pass,29.34,2023-07-20
Groceries,Rice,7.89,2023-07-09
Utilities,Electricity Bill,140.48,2023-12-10
Housing,Mortgage,626.41,2023-12-01
Other,Online Purchase,27.73,2023-04-08
Groceries,Eggs,118.87,2023-01-28
Dining,Fast Food,73.62,2023-04-16
Transportation,Uber Ride,40.65,2024-08-25
Subscriptions,Netflix,39.41,2024-02-16
Dining,Restaurant,33.25,2024-06-15
Utilities,Water Bill,60.06,2023-02-08
Groceries,Eggs,37.12,2024-08-24
Utilities,Water Bill,40.38,2024-01-22
Utilities,Electricity Bill,175.92,2024-09-20
Other,Online Purchase,128.0,2023-04-27
Other,Online Purchase,40.64,2023-11-11
Utilities,Water Bill,72.34,2024-10-19
Utilities,Gas Bill,113.34,2023-04-30
Other,Online Purchase,26.27,2024-09-04
Transportation,Bus Pass,125.36,2024-02-26
Housing,Mortgage,903.21,2023-07-10
Subscriptions,Spotify,33.15,2024-09-16
Dining,Fast Food,119.58,2023-06-27
Transportation,Fuel,66.12,2023-10-02
Utilities,Electricity Bill,158.34,2024-01-01
Utilities,Internet Bill,170.06,2024-04-29
Housing,Rent,1401.99,2024-10-14
Housing,Mortgage,1260.66,2023-08-26
Transportation,Fuel,125.72,2023-04-05
Transportation,Train Ticket,149.6,2024-02-18
Transportation,Bus Pass,85.72,2023-03-09
Transportation,Fuel,115.31,2024-02-04
Utilities,Gas Bill,221.91,2024-06-07
Groceries,Chicken,137.67,2024-03-02
Transportation,Uber Ride,42.19,2024-01-14
Utilities,Water Bill,157.95,2024-01-15
Utilities,Gas Bill,201.04,2023-10-05
Other,Misc Expense,66.84,2023-11-22
Housing,Rent,1385.67,2024-12-16
Housing,Mortgage,1487.31,2024-08-13
Subscriptions,Spotify,10.39,2023-07-27
Housing,Mortgage,1429.35,2023-11-01
Groceries,Eggs,72.8,2023-06-10
Housing,Mortgage,1576.98,2024-03-04
Utilities,Water Bill,76.75,2024-11-06
Transportation,Fuel,83.63,2024-05-27
Housing,Mortgage,1408.85,2024-02-27
Other,Online Purchase,60.81,2024-07-05
Utilities,Gas Bill,159.85,2023-08-31
Subscriptions,Gym Membership,31.56,2024-11-04
Groceries,Rice,17.14,2023-08-18
Housing,Rent,1855.71,2024-06-11
Housing,Rent,723.74,2023-09-08
Groceries,Rice,121.54,2024-04-30
Utilities,Internet Bill,182.05,2023-01-05
Groceries,Eggs,81.84,2024-03-09
Other,Misc Expense,143.96,2024-12-29
Groceries,Chicken,134.75,2024-01-31
Housing,Mortgage,764.95,2023-05-06
Transportation,Fuel,118.21,2024-08-29
Other,Misc Expense,118.1,2024-03-28
Dining,Restaurant,50.53,2023-10-12
Other,Online Purchase,113.05,2024-10-10
Utilities,Internet Bill,95.24,2024-02-20
Utilities,Water Bill,131.2,2024-08-22
Other,Misc Expense,4.67,2024-02-09
Other,Misc Expense,77.33,2024-11-11
Groceries,Vegetables,19.15,2024-10-19
Dining,Food Delivery,136.92,2023-10-27
Subscriptions,Spotify,19.35,2024-11-19
Groceries,Rice,103.24,2024-07-17
Utilities,Water Bill,162.02,2023-02-03
Groceries,Rice,18.79,2023-12-25
Other,Online Purchase,19.7,2023-09-10
Subscriptions,Gym Membership,25.48,2023-03-25
Utilities,Water Bill,243.85,2023-08-09
Dining,Food Delivery,64.63,2024-05-08
Housing,Rent,983.08,2023-04-13
Transportation,Uber Ride,124.35,2024-07-12
Other,Misc Expense,16.03,2023-03-05
Groceries,Rice,75.56,2023-08-10
Groceries,Milk,149.11,2024-07-11
Groceries,Milk,61.87,2023-10-17
Subscriptions,Gym Membership,28.2,2023-03-27
Other,Online Purchase,9.99,2023-11-16
Housing,Rent,654.11,2024-06-26
Subscriptions,Spotify,37.4,2024-02-18
Subscriptions,Netflix,7.53,2024-09-27
Subscriptions,Netflix,10.05,2023-07-25
Transportation,Bus Pass,47.45,2023-09-25
Utilities,Electricity Bill,73.45,2024-03-11
Groceries,Vegetables,73.27,2024-11-18
Groceries,Rice,126.09,2024-08-28
Groceries,Bread,138.35,2024-01-27
Groceries,Milk,50.62,2024-05-07
Groceries,Vegetables,132.91,2024-05-22
Groceries,Bread,131.91,2024-12-23
Groceries,Chicken,103.23,2023-01-17
Utilities,Gas Bill,177.18,2023-01-05
Utilities,Electricity Bill,56.23,2024-06-30
Dining,Food Delivery,46.96,2023-05-20
Dining,Food Delivery,14.04,2024-09-14
Utilities,Internet Bill,142.22,2024-05-17
Dining,Fast Food,129.45,2023-07-12
Subscriptions,Netflix,32.6,2023-03-23
Groceries,Vegetables,76.4,2024-09-21
Groceries,Vegetables,147.92,2023-05-06
Other,Misc Expense,27.89,2024-10-18
Utilities,Electricity Bill,222.94,2023-03-19
Housing,Rent,1069.72,2023-12-06
Groceries,Rice,90.73,2024-03-19
Housing,Rent,1169.13,2023-09-17
Other,Misc Expense,52.56,2023-11-27
Utilities,Internet Bill,226.55,2023-01-03
Utilities,Gas Bill,188.55,2023-03-08
Housing,Mortgage,1436.09,2024-09-20
Transportation,Bus Pass,65.61,2024-09-11
Transportation,Train Ticket,147.23,2023-02-01
Transportation,Uber Ride,89.85,2024-10-05
Housing,Mortgage,1087.02,2024-11-10
Dining,Restaurant,56.75,2024-05-31
Transportation,Train Ticket,128.21,2023-07-08
Dining,Food Delivery,109.49,2024-04-11
Utilities,Internet Bill,197.29,2024-01-06
Dining,Fast Food,6.81,2024-01-27
Other,Online Purchase,73.03,2024-11-10
Groceries,Milk,46.23,2024-10-31
Transportation,Uber Ride,126.31,2023-01-06
Other,Misc Expense,77.86,2024-03-07
Other,Online Purchase,41.32,2024-12-18
Subscriptions,Spotify,8.59,2023-01-06
Groceries,Vegetables,147.13,2024-02-26
Dining,Food Delivery,91.13,2024-11-19
Transportation,Uber Ride,74.42,2024-07-03
Utilities,Electricity Bill,67.07,2024-05-28
Housing,Rent,1818.25,2024-11-06
Utilities,Water Bill,151.49,2023-07-05
Utilities,Water Bill,147.93,2024-04-27
Transportation,Train Ticket,80.32,2024-01-02
Subscriptions,Gym Membership,6.12,2023-10-07
Groceries,Milk,109.76,2024-07-21
Transportation,Fuel,91.98,2023-04-29
Utilities,Gas Bill,52.39,2023-04-29
Utilities,Gas Bill,211.73,2023-11-18
Utilities,Gas Bill,237.61,2023-05-30
Utilities,Water Bill,31.68,2024-03-23
Transportation,Uber Ride,97.01,2024-11-11
Transportation,Fuel,84.81,2023-02-11
Subscriptions,Spotify,6.02,2024-07-07
Groceries,Milk,6.49,2023-11-04
Groceries,Chicken,45.29,2024-12-30
Transportation,Train Ticket,47.29,2024-09-19
Transportation,Train Ticket,118.64,2024-06-06
Other,Online Purchase,139.69,2023-09-26
Transportation,Fuel,84.68,2024-04-10
Transportation,Train Ticket,83.94,2023-06-29
Groceries,Vegetables,77.96,2024-07-22
Subscriptions,Netflix,12.77,2023-12-19
Dining,Food Delivery,97.44,2023-01-26
Housing,Rent,1419.26,2023-04-29
Housing,Rent,1753.47,2024-09-27
Housing,Mortgage,1884.8,2023-09-03
Other,Misc Expense,90.65,2023-01-15
Transportation,Bus Pass,84.22,2023-12-19
Dining,Fast Food,90.08,2023-11-10
Housing,Rent,989.56,2024-08-12
Housing,Rent,1443.84,2024-03-16
Subscriptions,Gym Membership,15.43,2023-06-06
Subscriptions,Gym Membership,20.02,2024-01-22
Groceries,Vegetables,10.13,2023-12-06
Dining,Fast Food,38.37,2024-04-08
Other,Misc Expense,57.57,2023-02-14
Groceries,Rice,49.8,2024-03-30
Dining,Restaurant,139.19,2024-03-04
Housing,Rent,1858.49,2023-03-01
Utilities,Gas Bill,34.51,2023-10-15
Utilities,Internet Bill,165.51,2023-06-14
Housing,Mortgage,1021.81,2024-05-25
Other,Online Purchase,50.5,2023-01-10
Subscriptions,Spotify,13.41,2023-05-25
Transportation,Train Ticket,34.25,2024-06-08
Groceries,Milk,43.26,2024-04-10
Housing,Rent,1608.2,2023-12-17
Utilities,Internet Bill,102.08,2023-12-13
Transportation,Fuel,44.42,2024-08-21
Groceries,Rice,28.6,2024-05-25
Subscriptions,Spotify,14.71,2024-01-13
Dining,Restaurant,38.16,2023-08-07
Utilities,Water Bill,104.35,2024-09-06
Transportation,Bus Pass,29.65,2023-08-16
Other,Online Purchase,50.36,2024-07-04
Other,Online Purchase,80.23,2023-08-20
Groceries,Eggs,5.98,2023-05-24
Subscriptions,Spotify,36.67,2024-12-07
Subscriptions,Gym Membership,10.53,2024-05-12
Transportation,Train Ticket,91.24,2023-05-15
Groceries,Eggs,15.79,2024-04-20
Subscriptions,Netflix,17.57,2023-09-04
Subscriptions,Netflix,18.39,2023-08-03
Dining,Restaurant,61.24,2023-05-10
Other,Misc Expense,113.47,2023-08-09
Groceries,Bread,89.2,2024-05-27
Groceries,Eggs,81.15,2024-01-02
Groceries,Bread,25.23,2024-03-04
Groceries,Vegetables,89.0,2023-04-19
Subscriptions,Netflix,12.41,2024-09-25
Utilities,Internet Bill,48.65,2023-03-05
Groceries,Milk,97.98,2023-07-08
Housing,Mortgage,1127.5,2023-07-08
Other,Misc Expense,58.36,2024-11-24
Transportation,Fuel,12.41,2024-01-13
Transportation,Bus Pass,3.36,2024-04-05
Subscriptions,Gym Membership,9.99,2023-01-01
Transportation,Bus Pass,109.86,2023-08-11
Utilities,Water Bill,114.72,2024-10-04
Dining,Fast Food,137.66,2024-07-01
Other,Online Purchase,44.87,2024-01-21
Transportation,Fuel,110.89,2023-09-08
Dining,Restaurant,118.01,2023-05-02
Subscriptions,Spotify,17.35,2024-11-24
Subscriptions,Gym Membership,37.2,2024-11-17
Dining,Fast Food,65.9,2024-03-06
Housing,Mortgage,1082.44,2024-11-05
Dining,Food Delivery,134.76,2024-03-04
Groceries,Bread,6.9,2024-08-12
Utilities,Electricity Bill,172.56,2024-05-03
Subscriptions,Netflix,7.6,2024-10-01
Groceries,Bread,22.41,2023-03-12
Housing,Rent,1476.49,2024-11-27
Dining,Restaurant,59.8,2024-05-04
Housing,Mortgage,944.5,2023-06-04
Utilities,Internet Bill,108.26,2023-06-09
Groceries,Bread,58.65,2024-10-13
Subscriptions,Gym Membership,22.94,2024-02-29
Utilities,Internet Bill,92.93,2023-06-05
Subscriptions,Spotify,6.4,2023-09-08
Dining,Fast Food,116.62,2023-09-09
Subscriptions,Gym Membership,29.39,2023-09-07
Housing,Rent,963.51,2023-12-19
Subscriptions,Gym Membership,34.8,2024-01-25
Subscriptions,Netflix,21.76,2024-07-02
Housing,Mortgage,1522.76,2023-07-26
Other,Misc Expense,63.67,2024-08-06
Groceries,Eggs,134.64,2024-06-20
Utilities,Electricity Bill,201.37,2024-11-14
Other,Online Purchase,122.74,2023-12-28
Utilities,Internet Bill,70.48,2024-03-31
Other,Online Purchase,131.11,2024-01-13
Groceries,Bread,74.71,2023-10-14
Transportation,Bus Pass,35.43,2023-09-12
Dining,Fast Food,101.88,2023-11-18
Other,Misc Expense,93.2,2024-02-25
Transportation,Fuel,78.16,2024-08-25
Dining,Restaurant,27.21,2024-08-14
Transportation,Bus Pass,125.08,2023-01-23
Transportation,Fuel,94.94,2023-11-19
Groceries,Rice,88.05,2024-08-04
Dining,Fast Food,59.31,2023-12-08
Other,Online Purchase,24.02,2024-11-19
Groceries,Rice,115.59,2024-04-03
Dining,Food Delivery,75.35,2024-09-03
Utilities,Gas Bill,165.06,2024-08-21
Other,Online Purchase,40.84,2023-10-03
Other,Online Purchase,13.72,2024-08-12
Groceries,Eggs,67.25,2024-11-03
Transportation,Uber Ride,30.35,2023-07-20
Transportation,Fuel,70.84,2024-12-07
Other,Online Purchase,45.17,2023-12-20
Dining,Food Delivery,86.38,2023-05-21
Transportation,Uber Ride,130.01,2023-10-26
Housing,Rent,885.06,2024-10-27
Subscriptions,Gym Membership,15.24,2024-07-22
Housing,Rent,870.3,2024-10-22
Housing,Rent,1897.05,2024-12-16
Housing,Mortgage,1604.87,2024-02-09
Dining,Fast Food,115.59,2024-03-31
Groceries,Rice,31.98,2024-10-07
Utilities,Water Bill,202.44,2024-06-16
Dining,Restaurant,3.64,2023-03-10
Utilities,Water Bill,238.81,2023-02-20
Housing,Mortgage,975.79,2024-02-02
Other,Misc Expense,116.67,2024-07-10
Utilities,Water Bill,76.75,2024-04-07
Housing,Mortgage,1705.98,2023-06-20
Housing,Mortgage,1636.09,2023-03-29
Housing,Rent,1792.55,2024-10-17
Housing,Mortgage,1000.46,2024-03-21
Subscriptions,Netflix,39.49,2024-03-05
Transportation,Uber Ride,19.72,2023-07-12
Utilities,Gas Bill,197.99,2023-04-06
Subscriptions,Netflix,33.87,2023-01-01
Groceries,Milk,135.14,2023-10-26
Dining,Restaurant,72.85,2024-06-27
Housing,Rent,668.3,2024-06-20
Housing,Rent,1493.28,2023-03-04
Transportation,Uber Ride,42.98,2023-03-07
Transportation,Fuel,59.59,2024-06-05
Transportation,Uber Ride,104.0,2023-12-05
Utilities,Electricity Bill,172.06,2024-05-03
Transportation,Fuel,50.0,2024-06-01
Groceries,Bread,9.18,2024-10-16
Groceries,Milk,138.56,2024-06-12
Transportation,Fuel,44.43,2023-04-23
Dining,Fast Food,83.69,2023-02-06
Groceries,Chicken,8.47,2024-04-18
Other,Online Purchase,62.51,2024-09-12
Subscriptions,Gym Membership,29.61,2024-05-10
Housing,Rent,749.38,2024-06-12
Dining,Fast Food,147.2,2024-06-13
Dining,Restaurant,15.52,2024-08-07
Dining,Fast Food,67.47,2024-08-16
Housing,Rent,823.76,2023-03-09
Dining,Restaurant,108.75,2023-01-29
Transportation,Train Ticket,58.11,2023-09-19
Transportation,Uber Ride,89.45,2024-03-08
Transportation,Fuel,106.72,2024-07-12
Transportation,Train Ticket,56.62,2023-09-03
Utilities,Water Bill,115.34,2024-11-06
Utilities,Electricity Bill,200.89,2024-05-08
Transportation,Uber Ride,12.78,2023-12-05
Subscriptions,Spotify,19.97,2024-05-11
Subscriptions,Netflix,35.62,2023-07-27
Groceries,Bread,118.94,2023-12-16
Utilities,Water Bill,131.65,2024-05-05
Other,Misc Expense,66.21,2024-07-27
Other,Online Purchase,40.49,2023-03-13
Housing,Mortgage,1594.17,2023-06-18
Transportation,Train Ticket,131.59,2024-01-15
Transportation,Fuel,18.65,2023-09-02
Groceries,Chicken,71.67,2023-07-15
Groceries,Chicken,137.67,2024-04-28
Utilities,Electricity Bill,198.42,2023-08-18
Subscriptions,Gym Membership,38.25,2024-05-01
Dining,Fast Food,138.22,2023-04-29
Groceries,Chicken,46.0,2023-11-23
Utilities,Internet Bill,232.74,2023-07-23
Groceries,Chicken,12.04,2024-03-29
Groceries,Bread,13.76,2023-05-25
Housing,Mortgage,1013.28,2023-10-25
Dining,Restaurant,133.6,2023-02-23
Transportation,Fuel,127.77,2024-12-09
Housing,Mortgage,731.51,2024-09-25
Other,Misc Expense,140.4,2024-11-25
Subscriptions,Gym Membership,8.79,2024-01-09
Housing,Mortgage,1158.27,2024-04-11
Dining,Fast Food,8.98,2024-09-16
Housing,Mortgage,928.34,2023-10-22
Other,Misc Expense,5.36,2024-09-21
Housing,Mortgage,1910.64,2023-10-16
Utilities,Internet Bill,110.2,2024-04-14
Subscriptions,Netflix,11.38,2023-04-01
Subscriptions,Netflix,13.54,2024-09-30
Housing,Rent,1106.58,2023-10-19
Dining,Food Delivery,38.76,2023-02-21
Other,Online Purchase,52.18,2024-10-17
Subscriptions,Netflix,38.06,2023-02-08
Housing,Rent,1155.75,2023-06-05
Dining,Restaurant,7.52,2023-02-03
Utilities,Internet Bill,155.8,2023-08-02
Housing,Mortgage,1873.63,2024-09-04
Dining,Food Delivery,138.02,2023-07-28
Utilities,Gas Bill,140.09,2023-07-31
Transportation,Fuel,134.48,2024-09-06
Utilities,Electricity Bill,118.64,2024-08-06
Groceries,Eggs,59.51,2024-12-28
Subscriptions,Spotify,18.56,2023-10-18
Housing,Rent,632.12,2023-08-01
Groceries,Rice,104.82,2024-11-04
Dining,Fast Food,56.64,2024-06-14
Utilities,Gas Bill,103.28,2024-08-29
Utilities,Internet Bill,93.82,2023-02-10
Other,Online Purchase,104.31,2024-11-22
Housing,Rent,1147.57,2023-02-20
Groceries,Eggs,100.98,2024-01-22
Other,Online Purchase,49.99,2024-08-26
Groceries,Chicken,115.56,2023-10-14
Utilities,Water Bill,55.2,2024-10-29
Utilities,Electricity Bill,183.14,2023-07-22
Utilities,Gas Bill,215.9,2023-08-11
Dining,Food Delivery,107.78,2023-07-25
Other,Online Purchase,16.14,2023-03-01
Groceries,Vegetables,8.54,2023-02-23
Subscriptions,Gym Membership,7.31,2024-03-30
Subscriptions,Netflix,33.33,2023-11-14
Other,Online Purchase,28.5,2024-10-21
Utilities,Gas Bill,91.31,2023-12-10
Subscriptions,Gym Membership,26.87,2023-02-21
Subscriptions,Gym Membership,37.32,2024-12-24
Utilities,Internet Bill,49.47,2024-03-03
Dining,Restaurant,81.47,2024-10-20
Groceries,Chicken,118.96,2023-03-26
Utilities,Water Bill,124.4,2023-03-10
Transportation,Bus Pass,117.63,2024-12-15
Transportation,Fuel,127.48,2023-12-22
Housing,Rent,1759.49,2023-04-01
Groceries,Eggs,103.09,2023-08-06
Housing,Rent,1458.02,2024-05-24
Utilities,Internet Bill,93.85,2023-05-23
Groceries,Chicken,88.93,2023-05-08
Housing,Mortgage,1191.07,2023-08-27
Dining,Fast Food,110.82,2023-12-31
Housing,Rent,745.38,2024-05-12
Dining,Fast Food,104.44,2023-04-11
Subscriptions,Spotify,35.44,2023-05-09
Housing,Rent,930.66,2024-07-11
Subscriptions,Gym Membership,5.86,2024-11-01
Dining,Food Delivery,26.74,2024-02-16
Utilities,Water Bill,125.1,2024-03-30
Subscriptions,Gym Membership,24.95,2024-12-05
Utilities,Internet Bill,48.84,2024-02-09
Other,Misc Expense,27.84,2024-07-17
Housing,Rent,1413.09,2023-09-05
Other,Misc Expense,86.14,2023-04-19
Utilities,Gas Bill,134.86,2024-04-21
Utilities,Internet Bill,162.72,2024-05-22
Dining,Fast Food,6.67,2023-07-12
Subscriptions,Spotify,23.63,2023-11-21
Groceries,Milk,138.01,2023-10-25
Groceries,Rice,19.08,2024-02-01
Transportation,Fuel,84.06,2023-07-12
Subscriptions,Netflix,9.87,2023-12-27
Other,Misc Expense,54.59,2023-04-06
Subscriptions,Gym Membership,27.69,2023-11-12
Subscriptions,Spotify,35.56,2024-01-05
Other,Online Purchase,3.64,2024-09-09
Utilities,Gas Bill,184.88,2023-07-05
Subscriptions,Spotify,36.11,2023-12-24
Housing,Mortgage,1477.04,2024-10-19
Groceries,Bread,89.68,2023-01-19
Groceries,Milk,110.47,2023-06-03
Transportation,Uber Ride,12.38,2024-06-03
Dining,Food Delivery,8.31,2023-10-09
Utilities,Electricity Bill,171.49,2023-12-19
Utilities,Water Bill,217.22,2024-02-22
Subscriptions,Netflix,27.19,2023-01-17
Dining,Restaurant,133.31,2023-01-14
Other,Misc Expense,96.92,2023-01-21
Utilities,Gas Bill,229.03,2024-10-28
Housing,Mortgage,1582.45,2024-08-10
Dining,Fast Food,38.17,2024-10-12
Transportation,Uber Ride,105.5,2023-12-01
Dining,Food Delivery,16.53,2024-10-19
Other,Misc Expense,47.85,2024-11-10
Subscriptions,Spotify,28.74,2024-05-22
Transportation,Uber Ride,108.89,2024-07-09
Dining,Restaurant,56.2,2023-11-08
Transportation,Bus Pass,35.17,2023-12-05
Housing,Rent,1517.44,2024-07-16
Subscriptions,Gym Membership,17.39,2024-06-10
Utilities,Gas Bill,203.04,2024-07-29
Housing,Rent,1897.56,2024-11-01
Subscriptions,Spotify,34.91,2024-05-21
Utilities,Internet Bill,212.57,2024-06-14
Transportation,Train Ticket,25.68,2024-11-09
Other,Misc Expense,72.5,2024-06-21
Dining,Restaurant,138.87,2024-09-15
Transportation,Train Ticket,26.38,2024-10-28
Dining,Food Delivery,85.45,2024-11-03
Other,Misc Expense,47.21,2024-03-16
Subscriptions,Gym Membership,23.75,2023-12-31
Groceries,Vegetables,119.2,2023-11-23
Other,Online Purchase,56.09,2023-02-02
Subscriptions,Netflix,19.03,2023-06-19
Housing,Rent,875.9,2023-06-26
Other,Online Purchase,86.37,2024-12-14
Dining,Fast Food,36.41,2024-05-16
Utilities,Gas Bill,203.46,2023-12-20
Housing,Rent,1895.53,2023-03-06
Dining,Restaurant,52.26,2023-12-26
Groceries,Eggs,8.65,2023-05-16
Housing,Rent,1080.9,2024-11-04
Utilities,Electricity Bill,105.55,2023-03-08
Utilities,Internet Bill,199.79,2024-12-04
Housing,Rent,1650.84,2024-09-27
Other,Misc Expense,30.65,2023-04-13
Groceries,Bread,38.13,2023-12-28
Subscriptions,Netflix,35.41,2024-02-15
Transportation,Train Ticket,133.08,2023-09-28
Utilities,Internet Bill,113.67,2023-07-07
Other,Misc Expense,19.32,2023-02-22
Subscriptions,Spotify,23.5,2024-07-21
Housing,Mortgage,1079.11,2023-03-24
Transportation,Fuel,146.59,2024-09-10
Other,Online Purchase,88.94,2023-11-28
Groceries,Milk,73.07,2023-11-08
Transportation,Bus Pass,48.96,2024-12-01
Utilities,Internet Bill,233.24,2024-03-03
Utilities,Internet Bill,215.94,2024-03-01
Dining,Restaurant,39.38,2023-09-14
Dining,Restaurant,149.66,2023-05-24
Other,Online Purchase,101.17,2024-05-02
Transportation,Fuel,108.71,2023-06-20
Other,Misc Expense,40.83,2023-04-14
Utilities,Internet Bill,86.66,2023-05-02
Subscriptions,Gym Membership,10.59,2024-08-26
Subscriptions,Netflix,13.19,2024-09-09
Other,Misc Expense,38.35,2023-08-29
Subscriptions,Gym Membership,7.58,2024-05-20
Groceries,Eggs,52.33,2024-12-30
Transportation,Train Ticket,137.9,2023-05-09
Housing,Mortgage,1547.38,2023-04-13
Utilities,Water Bill,80.41,2024-06-27
Subscriptions,Gym Membership,15.8,2023-12-19
Other,Online Purchase,99.66,2024-10-27
Utilities,Electricity Bill,163.72,2023-09-06
Dining,Fast Food,56.84,2024-11-26
Utilities,Water Bill,82.26,2023-09-10
Transportation,Train Ticket,72.29,2024-01-15
Dining,Fast Food,71.58,2024-09-12
Subscriptions,Netflix,16.59,2024-08-27
Groceries,Vegetables,44.93,2023-09-22
Utilities,Electricity Bill,185.59,2024-10-24
Transportation,Train Ticket,67.07,2024-09-21
Transportation,Train Ticket,137.56,2023-03-28
Groceries,Vegetables,99.02,2023-06-10
Housing,Mortgage,1549.49,2023-04-20
Transportation,Uber Ride,62.98,2024-11-30
Subscriptions,Netflix,37.76,2024-09-11
Utilities,Internet Bill,241.19,2023-03-07
Dining,Restaurant,129.01,2024-06-05
Groceries,Rice,23.76,2024-09-21
Groceries,Vegetables,10.88,2024-05-30
Dining,Restaurant,123.55,2023-06-09
Utilities,Electricity Bill,84.16,2024-08-03
Groceries,Eggs,68.07,2024-11-26
Dining,Fast Food,117.37,2023-04-27
Other,Online Purchase,55.77,2024-08-01
Subscriptions,Gym Membership,5.03,2024-10-20
Transportation,Bus Pass,128.02,2024-09-25
Other,Online Purchase,57.85,2023-07-21
Groceries,Eggs,43.3,2023-02-22
Groceries,Bread,3.86,2024-10-23
Dining,Food Delivery,121.62,2023-09-07
Subscriptions,Spotify,6.2,2023-08-07
Housing,Mortgage,1832.7,2023-06-24
Subscriptions,Spotify,20.84,2024-02-11
Groceries,Bread,98.34,2023-02-18
Transportation,Uber Ride,91.87,2023-07-30
Transportation,Fuel,103.67,2024-04-15
Housing,Mortgage,696.33,2024-12-29
Housing,Rent,1193.55,2024-06-01
Groceries,Milk,14.1,2023-09-07
Other,Online Purchase,68.62,2023-03-15
Groceries,Eggs,17.72,2023-09-08
Transportation,Fuel,11.84,2024-07-12
Transportation,Train Ticket,24.89,2023-04-11
Utilities,Water Bill,81.93,2023-02-02
Other,Online Purchase,103.72,2023-03-20
Other,Misc Expense,79.88,2024-10-14
Dining,Restaurant,64.05,2023-01-10
Utilities,Electricity Bill,184.31,2023-09-09
Housing,Mortgage,1252.2,2024-06-06
Subscriptions,Gym Membership,22.01,2024-05-08
Utilities,Electricity Bill,107.79,2023-03-24
Transportation,Uber Ride,117.74,2024-04-30
Groceries,Rice,19.78,2023-09-05
Transportation,Bus Pass,131.09,2023-01-29
Other,Misc Expense,18.32,2023-08-10
Dining,Restaurant,80.78,2023-03-24
Other,Online Purchase,132.68,2024-08-21
Other,Online Purchase,94.47,2024-10-20
Transportation,Bus Pass,41.15,2024-01-08
Dining,Food Delivery,72.47,2024-09-23
Dining,Fast Food,52.75,2023-04-28
Subscriptions,Netflix,22.45,2023-08-30
Dining,Fast Food,110.95,2023-04-30
Housing,Mortgage,1785.04,2023-09-04
Subscriptions,Spotify,9.71,2024-02-16
Other,Misc Expense,138.78,2024-03-27
Subscriptions,Netflix,18.03,2024-05-21
Utilities,Internet Bill,149.78,2024-06-21
Dining,Food Delivery,45.11,2023-02-17
Utilities,Water Bill,174.16,2023-10-23
Housing,Mortgage,1022.7,2024-02-05
Dining,Restaurant,75.65,2023-07-29
Housing,Rent,1932.0,2023-04-24
Groceries,Rice,64.17,2023-04-10
Housing,Mortgage,1539.32,2024-01-19
Utilities,Gas Bill,54.79,2024-02-11
Subscriptions,Gym Membership,36.05,2024-03-01
Transportation,Fuel,7.0,2023-09-14
Dining,Fast Food,58.43,2024-08-01
Dining,Food Delivery,78.05,2024-05-09
Groceries,Bread,58.48,2024-07-26
Other,Online Purchase,3.44,2023-10-12
Subscriptions,Netflix,26.12,2024-10-18
Utilities,Internet Bill,181.82,2023-03-22
Other,Misc Expense,87.77,2023-07-05
Housing,Rent,1589.73,2024-08-31
Groceries,Vegetables,97.65,2024-05-09
Groceries,Rice,51.49,2023-08-17
Transportation,Uber Ride,9.42,2023-09-28
Groceries,Rice,112.2,2024-12-03
Utilities,Electricity Bill,129.37,2023-05-12
Subscriptions,Netflix,9.34,2023-07-17
Groceries,Milk,81.86,2024-04-02
Housing,Mortgage,1787.18,2024-05-06
Transportation,Fuel,80.3,2024-06-17
Housing,Mortgage,1267.89,2023-10-19
Subscriptions,Gym Membership,26.01,2023-11-20
Utilities,Water Bill,57.33,2023-10-13
Subscriptions,Spotify,39.57,2023-12-31
Subscriptions,Gym Membership,26.69,2024-11-09
Groceries,Milk,66.6,2024-05-19
Utilities,Gas Bill,83.52,2024-02-22
Utilities,Electricity Bill,131.42,2024-01-11
Other,Misc Expense,68.95,2023-07-02
Housing,Mortgage,1435.36,2024-09-15
Dining,Restaurant,74.74,2024-07-28
Subscriptions,Netflix,34.37,2023-08-05
Subscriptions,Gym Membership,27.69,2024-08-22
Groceries,Rice,80.97,2023-06-20
Housing,Rent,890.05,2023-01-14
Dining,Restaurant,65.62,2024-05-20
Transportation,Train Ticket,119.92,2024-12-13
Utilities,Electricity Bill,206.54,2024-12-08
Utilities,Internet Bill,206.51,2023-09-05
Groceries,Rice,93.25,2024-06-23
Transportation,Bus Pass,88.02,2023-02-16
Transportation,Uber Ride,38.67,2024-11-19
Utilities,Gas Bill,111.75,2023-12-07
Subscriptions,Netflix,19.74,2023-08-29
Housing,Rent,1790.86,2023-08-12
Subscriptions,Gym Membership,36.88,2023-12-17
Groceries,Rice,121.88,2023-03-13
Other,Online Purchase,50.43,2023-03-10
Housing,Mortgage,1814.7,2023-07-03
Groceries,Vegetables,148.74,2024-12-24
Utilities,Internet Bill,56.73,2024-07-09
Dining,Restaurant,87.0,2023-09-25
Transportation,Bus Pass,17.36,2023-08-01
Housing,Mortgage,731.34,2024-02-03
Utilities,Electricity Bill,31.91,2024-04-26
Subscriptions,Spotify,30.79,2024-09-28
Groceries,Vegetables,89.31,2024-12-13
Housing,Mortgage,1703.56,2024-07-05
Dining,Restaurant,95.56,2023-02-02
Subscriptions,Gym Membership,35.32,2024-12-20
Groceries,Rice,74.07,2023-07-12
Transportation,Uber Ride,64.52,2024-06-04
Groceries,Milk,131.97,2023-08-09
Subscriptions,Spotify,20.01,2023-01-30
Dining,Food Delivery,23.0,2024-05-05
Housing,Rent,1964.47,2024-12-24
Utilities,Gas Bill,67.76,2023-06-24
Housing,Mortgage,1463.42,2023-08-24
Other,Online Purchase,63.53,2023-09-09
Utilities,Water Bill,97.88,2023-01-15
Groceries,Chicken,17.68,2023-11-14
Transportation,Bus Pass,27.72,2024-07-20
Other,Misc Expense,25.83,2024-11-15
Groceries,Bread,104.89,2023-09-08
Other,Misc Expense,4.08,2024-09-07
Transportation,Fuel,63.47,2024-12-19
Groceries,Milk,101.24,2024-06-11
Dining,Food Delivery,12.57,2023-12-11
Dining,Fast Food,4.19,2024-08-12
Transportation,Uber Ride,48.41,2023-12-26
Utilities,Electricity Bill,132.84,2023-11-24
Transportation,Train Ticket,47.11,2023-11-29
Groceries,Vegetables,96.12,2023-02-27
Subscriptions,Netflix,7.66,2023-03-14
Groceries,Vegetables,32.35,2024-01-28
Transportation,Bus Pass,29.64,2024-08-14
Subscriptions,Netflix,38.49,2023-09-05
Dining,Fast Food,107.54,2024-03-19
Subscriptions,Gym Membership,19.82,2023-06-27
Other,Online Purchase,86.77,2023-08-28
Utilities,Internet Bill,85.01,2023-03-08
Housing,Rent,622.74,2024-09-28
Other,Online Purchase,118.17,2023-11-09
Utilities,Gas Bill,218.91,2023-10-29
Groceries,Rice,65.42,2023-07-01
Subscriptions,Gym Membership,19.35,2023-07-26
Other,Misc Expense,102.16,2024-07-05
Subscriptions,Netflix,14.01,2024-04-28
Transportation,Uber Ride,141.04,2024-06-23
Dining,Fast Food,135.67,2023-09-18
Housing,Rent,1686.46,2024-01-06
Other,Misc Expense,28.83,2023-09-13
Housing,Rent,1468.31,2023-05-17
Subscriptions,Spotify,20.74,2023-07-29
Transportation,Uber Ride,87.91,2023-12-22
Utilities,Gas Bill,223.41,2024-05-06
Other,Online Purchase,39.56,2024-03-13
Other,Misc Expense,44.66,2023-08-03
Transportation,Uber Ride,126.41,2024-04-26
Dining,Fast Food,9.59,2024-04-13
Groceries,Chicken,79.89,2023-01-05
Groceries,Chicken,120.33,2023-12-15
Transportation,Train Ticket,83.92,2024-04-11
Utilities,Gas Bill,192.71,2024-09-17
Housing,Mortgage,1322.88,2024-03-20
Dining,Fast Food,89.59,2024-09-17
Subscriptions,Spotify,19.3,2023-04-20
Dining,Food Delivery,128.44,2024-10-19
Groceries,Rice,88.88,2023-03-29
Other,Misc Expense,94.32,2023-03-26
Groceries,Milk,144.62,2023-08-09
Other,Misc Expense,120.03,2024-04-03
Groceries,Eggs,60.65,2024-01-03
Dining,Fast Food,110.0,2023-01-01
Housing,Mortgage,1619.16,2024-03-08
Groceries,Vegetables,17.1,2024-05-18
Housing,Mortgage,1841.55,2024-11-30
Utilities,Water Bill,75.65,2024-01-12
Subscriptions,Gym Membership,25.14,2023-12-02
Groceries,Eggs,50.66,2023-01-18
Housing,Mortgage,1171.94,2024-12-25
Subscriptions,Netflix,15.88,2023-05-19
Other,Misc Expense,135.48,2024-07-28
Dining,Restaurant,72.33,2024-12-20
Subscriptions,Gym Membership,16.59,2024-04-01
Groceries,Eggs,143.97,2023-05-14
Transportation,Uber Ride,147.11,2024-11-29
Other,Online Purchase,82.22,2024-12-23
Dining,Fast Food,112.45,2024-01-21
Other,Misc Expense,78.58,2023-03-15
Housing,Mortgage,949.12,2024-10-24
Transportation,Train Ticket,114.53,2024-02-21
Other,Online Purchase,101.66,2023-07-20
Transportation,Bus Pass,35.45,2023-03-28
Groceries,Milk,127.97,2023-05-25
Dining,Food Delivery,87.98,2024-09-07
Transportation,Uber Ride,145.13,2024-09-17
Housing,Rent,1011.52,2024-05-30
Other,Misc Expense,24.67,2024-12-26
Dining,Fast Food,54.49,2024-01-21
Other,Misc Expense,10.17,2023-08-10
Dining,Fast Food,64.0,2023-02-22
Utilities,Internet Bill,96.89,2023-10-16
Utilities,Gas Bill,201.79,2024-01-22
Housing,Rent,1352.1,2024-11-21
Utilities,Water Bill,126.74,2024-03-07
Groceries,Rice,107.97,2023-02-18
Dining,Restaurant,126.22,2024-04-02
Transportation,Bus Pass,130.36,2024-04-17
Dining,Fast Food,28.44,2024-02-28
Utilities,Internet Bill,116.33,2024-07-05
Transportation,Uber Ride,77.89,2024-07-21
Subscriptions,Spotify,14.27,2024-05-22
Other,Misc Expense,93.15,2024-12-01
Transportation,Train Ticket,141.32,2024-05-29
Housing,Mortgage,1095.8,2023-07-14
Dining,Food Delivery,70.58,2023-09-17
Other,Online Purchase,144.46,2023-09-03
Dining,Fast Food,71.46,2024-07-24
Dining,Fast Food,6.68,2023-06-03
Groceries,Rice,64.92,2023-12-30
Groceries,Eggs,90.73,2023-12-26
Utilities,Gas Bill,99.76,2024-04-27
Other,Online Purchase,98.81,2023-08-01
Groceries,Chicken,89.49,2023-02-03
Housing,Rent,988.87,2023-02-04
Other,Misc Expense,57.77,2024-01-01
Housing,Rent,1006.71,2023-09-27
Transportation,Train Ticket,80.22,2023-12-08
Housing,Mortgage,1078.74,2023-07-04
Utilities,Water Bill,124.56,2023-02-02
Housing,Rent,651.55,2024-04-22
Groceries,Chicken,111.32,2023-03-13
Groceries,Vegetables,39.09,2023-11-12
Subscriptions,Gym Membership,19.75,2023-03-22
Subscriptions,Gym Membership,22.57,2024-08-28
Housing,Mortgage,1991.07,2023-03-30
Subscriptions,Netflix,16.14,2023-08-09
Housing,Mortgage,987.35,2024-03-12
Groceries,Eggs,110.33,2024-04-26
Dining,Fast Food,138.73,2024-06-06
Housing,Mortgage,1536.5,2023-10-15
Housing,Mortgage,1176.25,2024-11-18
Housing,Mortgage,806.17,2024-09-20
Groceries,Vegetables,57.81,2023-05-17
Transportation,Fuel,53.43,2024-09-06
Subscriptions,Spotify,27.47,2023-03-11
Transportation,Train Ticket,106.1,2024-12-09
Utilities,Electricity Bill,156.34,2023-07-10
Dining,Fast Food,136.52,2023-01-18
Transportation,Bus Pass,126.21,2024-11-27
Utilities,Internet Bill,64.22,2023-09-17
Groceries,Eggs,12.88,2023-04-01
Subscriptions,Spotify,15.79,2023-11-11
Dining,Restaurant,34.34,2024-08-27
Other,Online Purchase,40.24,2024-05-27
Transportation,Train Ticket,41.39,2023-11-03
Other,Misc Expense,124.66,2023-01-03
Utilities,Gas Bill,92.05,2023-01-18
Housing,Rent,916.3,2024-05-31
Dining,Food Delivery,36.17,2024-01-01
Groceries,Chicken,137.62,2024-11-29
Housing,Mortgage,1895.94,2024-05-23
Dining,Fast Food,17.04,2023-04-03
Utilities,Gas Bill,178.35,2023-01-09
Utilities,Gas Bill,73.03,2024-03-04
Other,Misc Expense,81.57,2023-03-22
Transportation,Train Ticket,142.78,2024-06-23
Other,Misc Expense,96.74,2024-12-11
Groceries,Rice,83.91,2023-12-02
Transportation,Uber Ride,121.9,2024-06-19
Transportation,Uber Ride,137.75,2024-07-21
Dining,Fast Food,56.07,2024-06-15
Other,Online Purchase,58.39,2023-12-20
Other,Online Purchase,34.62,2023-07-30
Other,Online Purchase,89.38,2023-11-15
Subscriptions,Gym Membership,36.2,2023-02-12
Housing,Rent,1944.72,2023-03-08
Other,Misc Expense,130.32,2023-07-13
Transportation,Train Ticket,106.43,2023-06-27
Transportation,Train Ticket,18.11,2024-09-14
Transportation,Fuel,112.45,2023-09-05
Other,Online Purchase,126.54,2023-04-15
Utilities,Electricity Bill,64.04,2023-07-17
Transportation,Uber Ride,148.55,2023-10-30
Housing,Mortgage,949.24,2023-12-07
Housing,Mortgage,1788.56,2023-03-06
Transportation,Train Ticket,8.73,2023-03-02
Other,Misc Expense,46.63,2024-04-05
Dining,Food Delivery,15.93,2024-12-30
Groceries,Milk,93.65,2024-02-22
Transportation,Bus Pass,100.56,2023-11-17
Transportation,Fuel,62.8,2024-12-25
Dining,Restaurant,113.15,2023-11-09
Transportation,Bus Pass,20.59,2024-07-25
Housing,Rent,737.59,2024-02-21
Subscriptions,Gym Membership,10.34,2024-03-02
Transportation,Uber Ride,140.44,2023-04-16
Groceries,Rice,145.84,2024-12-12
Housing,Mortgage,1132.75,2024-09-22
Groceries,Milk,11.65,2024-12-20
Housing,Rent,950.08,2023-05-07
Dining,Food Delivery,23.79,2024-05-30
Utilities,Water Bill,169.22,2024-05-26
Transportation,Fuel,28.06,2024-01-26
Other,Misc Expense,143.33,2023-02-01
Subscriptions,Netflix,22.38,2024-12-26
Groceries,Vegetables,3.57,2023-12-20
Subscriptions,Netflix,32.99,2024-10-10
Housing,Mortgage,1664.09,2024-07-18
Housing,Mortgage,881.73,2023-05-30
Groceries,Milk,144.14,2024-11-07
Dining,Fast Food,85.15,2024-09-22
Dining,Food Delivery,21.94,2023-07-15
Subscriptions,Spotify,10.07,2023-12-25
Groceries,Eggs,52.2,2023-02-15
Transportation,Uber Ride,106.86,2023-05-31
Housing,Mortgage,1132.14,2023-10-22
Subscriptions,Netflix,37.74,2023-07-06
Transportation,Uber Ride,64.52,2024-01-03
Other,Misc Expense,133.3,2023-09-27
Dining,Fast Food,104.81,2024-09-13
Transportation,Uber Ride,108.55,2023-01-24
Transportation,Uber Ride,96.28,2024-08-21
Subscriptions,Spotify,38.7,2023-09-23
Utilities,Electricity Bill,115.56,2024-10-04
Other,Misc Expense,66.42,2023-05-18
Utilities,Internet Bill,233.88,2024-03-29
Housing,Mortgage,1576.16,2024-09-20
Subscriptions,Netflix,18.63,2023-02-23
Dining,Food Delivery,21.81,2023-05-22
Other,Online Purchase,133.05,2023-04-11
Other,Online Purchase,84.73,2023-01-10
Transportation,Fuel,125.11,2023-10-11
Housing,Mortgage,711.5,2024-08-14
Subscriptions,Netflix,5.58,2023-12-04
Groceries,Vegetables,110.35,2024-06-17
Subscriptions,Spotify,24.6,2024-08-06
Transportation,Bus Pass,13.79,2024-12-29
Other,Online Purchase,41.16,2024-07-30
Housing,Rent,926.7,2024-03-27
Utilities,Water Bill,224.2,2024-02-23
Dining,Restaurant,97.02,2024-07-31
Transportation,Train Ticket,21.54,2024-02-08
Dining,Restaurant,121.75,2023-09-19
Other,Misc Expense,122.76,2024-06-25
Housing,Mortgage,1064.42,2024-12-06
Housing,Rent,833.52,2024-11-10
Housing,Rent,822.39,2023-06-18
Housing,Rent,755.1,2023-08-12
Utilities,Water Bill,39.18,2024-06-06
Subscriptions,Spotify,30.46,2024-11-28
Other,Misc Expense,74.29,2024-02-24
Housing,Mortgage,1455.14,2024-02-13
Transportation,Bus Pass,120.85,2023-08-13
Dining,Fast Food,110.91,2024-08-11
Transportation,Fuel,52.2,2023-03-23
Utilities,Gas Bill,47.86,2024-05-04
Transportation,Bus Pass,103.5,2024-12-27
Transportation,Train Ticket,138.79,2024-12-17
Subscriptions,Spotify,29.8,2023-10-11
Groceries,Vegetables,12.46,2024-10-13
Transportation,Fuel,103.53,2023-06-10
Dining,Fast Food,50.51,2023-05-04
Other,Online Purchase,119.12,2024-09-25
Dining,Fast Food,40.8,2023-08-18
Transportation,Fuel,55.27,2023-11-22
Groceries,Eggs,117.46,2024-03-22
Transportation,Uber Ride,92.87,2024-03-27
Subscriptions,Gym Membership,37.74,2023-01-09
Other,Online Purchase,86.16,2023-07-31
Transportation,Train Ticket,11.97,2023-04-23
Dining,Restaurant,126.06,2023-03-29
Other,Misc Expense,87.61,2024-10-29
Housing,Rent,993.09,2023-05-10
Subscriptions,Spotify,32.72,2023-08-09
Transportation,Train Ticket,73.5,2024-02-25
Subscriptions,Netflix,23.2,2023-09-18
Dining,Food Delivery,105.04,2023-03-26
Other,Online Purchase,43.37,2023-07-28
Utilities,Gas Bill,45.84,2023-12-08
Other,Online Purchase,67.48,2023-09-05
Transportation,Fuel,61.84,2024-05-12
Groceries,Eggs,50.97,2023-10-07
Dining,Restaurant,53.72,2024-08-22
Utilities,Internet Bill,225.92,2024-05-11
Other,Misc Expense,139.92,2024-02-17
Housing,Rent,667.31,2023-12-07
Housing,Rent,1575.47,2023-11-03
Subscriptions,Gym Membership,25.98,2023-06-06
Housing,Mortgage,1634.44,2024-11-30
Utilities,Gas Bill,67.56,2023-03-29
Transportation,Bus Pass,109.23,2024-10-26
Other,Online Purchase,84.89,2023-01-21
Housing,Mortgage,1824.65,2024-07-16
Utilities,Electricity Bill,114.98,2024-03-02
Transportation,Train Ticket,141.53,2024-01-15
Dining,Fast Food,97.28,2023-10-01
Transportation,Fuel,3.37,2024-07-28
Subscriptions,Netflix,34.05,2023-03-26
Housing,Rent,690.54,2024-05-09
Transportation,Bus Pass,13.07,2024-08-09
Housing,Mortgage,1710.85,2024-09-10
Other,Online Purchase,52.84,2024-11-19
Groceries,Rice,137.89,2024-09-26
Subscriptions,Netflix,28.55,2023-09-08
Subscriptions,Gym Membership,24.96,2023-10-06
Dining,Fast Food,66.85,2024-01-24
Other,Misc Expense,88.61,2023-02-07
Dining,Restaurant,56.16,2023-11-07
Housing,Mortgage,1591.71,2024-10-15
Other,Misc Expense,35.73,2024-03-18
Subscriptions,Spotify,8.56,2024-02-25
Other,Online Purchase,142.76,2023-01-03
Other,Misc Expense,115.85,2023-02-25
Dining,Fast Food,142.15,2024-12-11
Utilities,Gas Bill,106.07,2024-01-04
Subscriptions,Spotify,39.79,2024-11-10
Groceries,Milk,21.09,2023-12-08
Housing,Mortgage,1802.33,2023-10-22
Subscriptions,Spotify,7.51,2024-11-06
Transportation,Fuel,22.62,2023-12-27
Transportation,Fuel,144.4,2023-12-11
Dining,Fast Food,18.27,2023-12-17
Transportation,Fuel,48.43,2024-02-07
Subscriptions,Spotify,18.09,2023-08-08
Subscriptions,Gym Membership,13.32,2023-05-29
Subscriptions,Spotify,17.23,2023-01-19
Other,Misc Expense,74.44,2024-09-04
Transportation,Fuel,56.23,2024-05-28
Groceries,Vegetables,63.09,2023-02-15
Utilities,Gas Bill,55.86,2023-07-18
Dining,Restaurant,38.04,2024-11-01
Other,Misc Expense,68.27,2023-11-04
Groceries,Rice,17.96,2024-02-15
Other,Misc Expense,96.14,2023-04-09
Transportation,Fuel,101.41,2024-05-15
Housing,Rent,774.28,2023-12-24
Housing,Mortgage,1992.57,2024-06-14
Housing,Rent,996.76,2024-02-17
Groceries,Milk,70.84,2023-07-15
Subscriptions,Spotify,7.72,2023-12-23
Subscriptions,Gym Membership,34.62,2023-04-18
Dining,Food Delivery,8.18,2024-01-28
Dining,Food Delivery,119.21,2023-10-04
Subscriptions,Netflix,20.14,2024-09-03
Utilities,Gas Bill,51.53,2024-12-21
Utilities,Electricity Bill,110.34,2023-08-31
Housing,Mortgage,1547.6,2023-12-28
Utilities,Internet Bill,82.83,2024-11-20
Other,Misc Expense,106.37,2024-08-31
Dining,Restaurant,74.89,2024-04-10
Utilities,Water Bill,77.17,2023-03-29
Utilities,Water Bill,210.46,2023-07-18
Subscriptions,Netflix,11.63,2024-09-10
Dining,Fast Food,27.25,2024-10-12
Transportation,Train Ticket,66.54,2024-11-19
Utilities,Gas Bill,199.82,2024-08-04
Dining,Fast Food,115.99,2023-03-06
Housing,Mortgage,631.29,2024-12-21
Other,Online Purchase,100.64,2024-04-12
Housing,Rent,1683.85,2024-03-23
Other,Misc Expense,85.43,2023-06-07
Dining,Restaurant,78.51,2023-12-17
Utilities,Internet Bill,190.48,2024-08-28
Transportation,Uber Ride,23.8,2024-06-02
Other,Misc Expense,66.09,2024-08-20
Groceries,Milk,122.11,2024-11-19
Utilities,Water Bill,66.57,2023-09-28
Housing,Rent,822.69,2024-01-22
Groceries,Milk,89.08,2024-10-19
Subscriptions,Gym Membership,10.14,2023-12-08
Other,Misc Expense,60.96,2023-11-23
Dining,Fast Food,95.49,2023-10-07
Dining,Fast Food,105.91,2023-07-05
Transportation,Bus Pass,44.18,2023-03-20
Groceries,Chicken,17.34,2024-12-05
Subscriptions,Gym Membership,36.68,2023-12-17
Groceries,Bread,59.16,2024-04-05
Utilities,Electricity Bill,61.76,2023-07-31
Subscriptions,Gym Membership,8.51,2024-08-30
Utilities,Internet Bill,188.9,2024-06-09
Transportation,Uber Ride,81.95,2023-10-14
Other,Misc Expense,141.05,2023-09-24
Dining,Food Delivery,22.78,2023-01-29
Groceries,Eggs,100.3,2023-09-07
Utilities,Water Bill,244.45,2023-04-10
Groceries,Bread,68.11,2024-07-08
Utilities,Internet Bill,30.36,2024-05-08
Other,Misc Expense,138.26,2024-04-24
Dining,Restaurant,110.65,2023-01-11
Dining,Food Delivery,100.76,2024-03-21
Groceries,Chicken,37.87,2024-04-21
Dining,Restaurant,111.85,2024-01-18
Groceries,Rice,64.9,2024-05-09
Housing,Rent,859.76,2023-04-07
Dining,Restaurant,9.14,2024-07-12
Subscriptions,Gym Membership,6.73,2023-11-03
Groceries,Chicken,60.32,2024-08-11
Utilities,Electricity Bill,211.96,2023-06-15
Dining,Fast Food,99.19,2024-02-15
Transportation,Fuel,71.69,2023-04-22
Subscriptions,Gym Membership,6.3,2024-12-02
Other,Online Purchase,92.56,2023-01-21
Dining,Fast Food,120.02,2024-08-05
Groceries,Chicken,108.74,2024-05-13
Housing,Rent,782.96,2024-11-08
Groceries,Vegetables,144.32,2024-04-06
Housing,Rent,696.81,2024-01-18
Subscriptions,Gym Membership,18.9,2024-07-11
Utilities,Internet Bill,32.37,2023-10-11
Utilities,Electricity Bill,232.9,2023-03-10
Subscriptions,Netflix,18.93,2023-05-22
Other,Misc Expense,143.03,2024-02-16
Other,Online Purchase,23.67,2023-04-26
Dining,Food Delivery,111.04,2023-01-26
Subscriptions,Gym Membership,17.84,2023-10-10
Subscriptions,Netflix,34.51,2024-09-09
Utilities,Water Bill,110.97,2023-08-25
Other,Misc Expense,31.24,2024-09-28
Housing,Rent,1106.92,2023-09-03
Other,Misc Expense,128.14,2024-05-06
Transportation,Bus Pass,137.99,2024-01-22
Subscriptions,Netflix,29.71,2023-05-06
Groceries,Bread,110.96,2023-11-08
Groceries,Milk,25.13,2024-07-10
Utilities,Water Bill,102.69,2024-06-09
Housing,Mortgage,616.71,2023-08-14
Transportation,Fuel,17.7,2024-05-19
Groceries,Rice,105.79,2023-07-16
Groceries,Eggs,63.39,2024-04-07
Groceries,Chicken,47.61,2023-05-13
Transportation,Fuel,3.71,2023-04-06
Dining,Fast Food,82.51,2023-08-26
Other,Misc Expense,33.7,2024-04-03
Dining,Food Delivery,41.05,2024-07-24
Dining,Fast Food,70.25,2024-11-14
Dining,Restaurant,4.38,2023-10-14
Utilities,Gas Bill,239.92,2024-08-24
Other,Misc Expense,102.42,2024-11-15
Other,Online Purchase,126.89,2024-10-16
Other,Misc Expense,114.76,2023-02-15
Utilities,Water Bill,157.63,2024-03-06
Housing,Mortgage,1656.9,2024-05-26
Transportation,Bus Pass,20.1,2023-01-01
Transportation,Bus Pass,134.85,2023-02-14
Subscriptions,Spotify,39.41,2023-08-11
Other,Online Purchase,82.59,2023-12-19
Dining,Restaurant,128.9,2023-10-24
Utilities,Internet Bill,160.76,2024-08-20
Transportation,Bus Pass,121.0,2024-02-28
Other,Online Purchase,18.46,2023-02-22
Dining,Food Delivery,72.48,2023-11-11
Dining,Fast Food,45.62,2023-12-26
Dining,Fast Food,70.82,2024-06-08
Subscriptions,Spotify,18.56,2024-08-13
Utilities,Gas Bill,89.04,2024-11-27
Groceries,Bread,88.26,2024-09-15
Subscriptions,Spotify,18.31,2023-12-24
Housing,Mortgage,1207.42,2024-08-27
Housing,Rent,1935.4,2024-02-22
Groceries,Bread,79.35,2024-02-24
Other,Misc Expense,7.96,2024-03-29
Dining,Fast Food,67.54,2024-01-19
Dining,Restaurant,114.26,2023-07-30
Subscriptions,Gym Membership,19.22,2024-01-21
Utilities,Internet Bill,70.42,2024-03-30
Groceries,Vegetables,118.44,2023-02-26
Dining,Restaurant,148.29,2023-05-07
Utilities,Internet Bill,175.35,2023-02-03
Dining,Food Delivery,145.12,2024-10-30
Utilities,Gas Bill,81.0,2024-12-01
Other,Online Purchase,10.63,2023-05-27
Utilities,Water Bill,113.4,2024-02-15
Other,Online Purchase,125.67,2024-01-22
Subscriptions,Spotify,28.8,2023-01-03
Dining,Food Delivery,53.54,2023-05-14
Utilities,Gas Bill,223.59,2023-11-27
Other,Online Purchase,91.02,2023-04-03
Utilities,Gas Bill,187.39,2023-02-19
Groceries,Rice,129.64,2023-09-29
Transportation,Bus Pass,45.23,2024-05-05
Other,Misc Expense,39.08,2023-04-30
Subscriptions,Gym Membership,32.98,2023-01-11
Transportation,Train Ticket,56.23,2023-11-15
Utilities,Electricity Bill,244.37,2024-02-25
Other,Misc Expense,145.68,2024-01-09
Transportation,Uber Ride,73.51,2024-03-10
Subscriptions,Gym Membership,20.63,2024-02-11
Groceries,Vegetables,29.52,2023-08-23
Housing,Rent,948.75,2023-03-18
Dining,Restaurant,135.59,2023-04-06
Subscriptions,Gym Membership,24.61,2024-02-29
Utilities,Water Bill,133.83,2024-06-21
Other,Misc Expense,26.44,2024-06-15
Dining,Restaurant,124.48,2024-12-17
Groceries,Eggs,120.81,2023-11-14
Subscriptions,Spotify,11.08,2023-04-26
Dining,Food Delivery,87.88,2023-11-14
Transportation,Uber Ride,65.79,2023-08-29
Utilities,Water Bill,141.44,2024-04-27
Groceries,Milk,50.65,2024-12-19
Groceries,Bread,80.48,2023-11-16
Transportation,Uber Ride,25.06,2023-01-22
Utilities,Water Bill,174.34,2023-01-04
Groceries,Vegetables,133.45,2024-01-05
Transportation,Bus Pass,142.23,2023-03-10
Dining,Fast Food,80.88,2024-09-26
Utilities,Electricity Bill,225.37,2024-02-20
Dining,Restaurant,131.54,2023-11-24
Housing,Rent,1097.72,2024-02-20
Housing,Mortgage,839.13,2023-02-22
Utilities,Internet Bill,147.6,2023-12-16
Transportation,Train Ticket,32.64,2024-08-09
Transportation,Fuel,23.84,2023-09-01
Housing,Rent,1590.1,2023-01-11
Dining,Restaurant,119.96,2023-09-23
Transportation,Fuel,146.74,2023-06-07
Utilities,Water Bill,46.61,2024-11-10
Subscriptions,Spotify,8.49,2024-10-11
Dining,Restaurant,17.06,2023-02-15
Housing,Rent,1294.89,2024-05-09
Housing,Rent,780.78,2023-03-17
Subscriptions,Netflix,34.69,2023-06-08
Subscriptions,Gym Membership,9.42,2023-08-21
Housing,Rent,1229.95,2023-01-04
Other,Misc Expense,87.58,2023-07-22
Other,Misc Expense,89.07,2024-06-01
Utilities,Electricity Bill,242.23,2024-10-08
Transportation,Bus Pass,122.15,2023-03-21
Dining,Restaurant,120.9,2024-10-23
Dining,Restaurant,44.52,2023-06-18
Groceries,Rice,52.13,2024-04-15
Transportation,Uber Ride,149.25,2023-11-14
Utilities,Gas Bill,132.9,2023-09-01
Subscriptions,Spotify,9.56,2024-09-07
Groceries,Chicken,139.07,2023-09-01
Housing,Rent,1514.39,2024-04-26
Housing,Mortgage,1893.61,2024-03-20
Housing,Mortgage,1834.62,2023-09-22
Transportation,Train Ticket,96.4,2023-07-22
Housing,Mortgage,1471.69,2024-04-18
Subscriptions,Spotify,39.11,2024-01-21
Transportation,Fuel,19.22,2024-02-20
Other,Misc Expense,35.75,2024-06-14
Other,Online Purchase,125.73,2024-09-20
Subscriptions,Netflix,12.92,2024-06-30
Housing,Rent,775.51,2024-04-27
Subscriptions,Spotify,26.93,2023-02-21
Subscriptions,Spotify,7.3,2024-12-16
Transportation,Fuel,36.52,2024-03-01
Utilities,Gas Bill,119.21,2024-12-12
Other,Online Purchase,21.51,2023-09-25
Subscriptions,Netflix,12.73,2024-09-05
Utilities,Electricity Bill,48.6,2023-10-02
Other,Online Purchase,137.12,2024-11-26
Transportation,Train Ticket,71.61,2023-04-22
Housing,Rent,858.09,2023-07-06
Dining,Fast Food,136.98,2023-09-22
Dining,Fast Food,64.9,2023-01-14
Groceries,Vegetables,12.67,2023-09-30
Utilities,Water Bill,102.59,2024-06-24
Housing,Mortgage,1028.64,2023-06-11
Subscriptions,Gym Membership,34.19,2024-10-24
Other,Misc Expense,93.62,2024-12-01
Dining,Food Delivery,73.75,2024-05-03
Other,Online Purchase,147.49,2023-09-13
Other,Online Purchase,119.08,2023-06-20
Dining,Restaurant,112.04,2024-04-21
Housing,Rent,614.84,2023-07-27
Utilities,Electricity Bill,184.7,2024-10-13
Groceries,Rice,47.19,2024-04-09
Dining,Restaurant,130.11,2024-10-22
Transportation,Bus Pass,24.41,2024-05-30
Dining,Restaurant,126.78,2024-12-23
Transportation,Bus Pass,41.19,2023-02-23
Housing,Mortgage,948.02,2024-02-15
Subscriptions,Spotify,30.34,2023-03-04
Housing,Mortgage,1109.16,2023-10-02
Subscriptions,Netflix,15.7,2023-08-25
Housing,Mortgage,988.05,2023-08-06
Housing,Rent,1564.45,2023-06-28
Subscriptions,Spotify,12.79,2024-04-12
Utilities,Water Bill,211.72,2023-04-11
Utilities,Water Bill,135.91,2023-10-11
Transportation,Train Ticket,95.47,2024-11-26
Utilities,Electricity Bill,80.6,2023-11-14
Groceries,Bread,25.42,2024-05-02
Transportation,Uber Ride,96.13,2024-07-05
Transportation,Train Ticket,108.04,2024-04-14
Utilities,Electricity Bill,106.3,2023-11-28
Groceries,Rice,10.09,2023-09-12
Other,Online Purchase,51.02,2023-01-30
Dining,Food Delivery,16.2,2024-01-01
Transportation,Fuel,10.96,2024-08-24
Transportation,Uber Ride,43.19,2023-06-05
Housing,Mortgage,1150.58,2023-03-14
Groceries,Chicken,94.24,2024-01-16
Other,Misc Expense,128.81,2023-05-15
Transportation,Train Ticket,78.07,2023-02-06
Dining,Food Delivery,14.08,2023-04-04
Other,Online Purchase,123.88,2023-12-20
Groceries,Eggs,108.18,2023-08-17
Housing,Mortgage,955.5,2023-03-12
Subscriptions,Gym Membership,8.85,2024-12-09
Dining,Fast Food,55.62,2023-05-05
Dining,Fast Food,120.24,2023-06-27
Subscriptions,Gym Membership,39.32,2024-02-24
Utilities,Electricity Bill,124.73,2024-02-25
Utilities,Electricity Bill,221.97,2024-11-03
Transportation,Fuel,37.9,2023-05-15
Groceries,Milk,70.36,2023-03-16
Transportation,Uber Ride,45.51,2023-02-26
Transportation,Fuel,76.64,2024-01-03
Housing,Mortgage,1244.81,2023-03-21
Transportation,Train Ticket,103.82,2024-12-10
Dining,Restaurant,137.2,2024-06-01
Groceries,Vegetables,115.52,2023-02-08
Groceries,Milk,14.56,2023-10-19
Other,Misc Expense,110.71,2023-02-21
Housing,Rent,1279.83,2024-06-09
Subscriptions,Gym Membership,23.83,2023-08-01
Groceries,Eggs,120.49,2024-02-05
Housing,Rent,940.3,2024-06-19
Groceries,Rice,145.13,2024-04-29
Housing,Mortgage,1744.22,2023-12-28
Dining,Food Delivery,9.72,2023-12-25
Housing,Rent,1134.53,2024-02-14
Other,Online Purchase,58.89,2023-06-30
Subscriptions,Netflix,38.22,2024-05-14
Utilities,Electricity Bill,246.37,2023-04-25
Housing,Mortgage,1485.18,2024-04-14
Utilities,Gas Bill,33.9,2024-06-12
Utilities,Electricity Bill,78.83,2024-02-14
Subscriptions,Spotify,23.22,2024-09-04
Subscriptions,Gym Membership,17.99,2024-10-18
Transportation,Bus Pass,146.61,2024-09-14
Subscriptions,Netflix,36.21,2023-09-24
Dining,Fast Food,41.73,2023-02-06
Dining,Fast Food,80.45,2024-03-03
Dining,Fast Food,13.05,2024-07-28
Transportation,Fuel,134.3,2023-03-28
Dining,Fast Food,55.09,2023-02-16
Transportation,Bus Pass,123.69,2023-08-01
Transportation,Train Ticket,139.14,2023-04-02
Subscriptions,Netflix,27.95,2023-08-03
Subscriptions,Netflix,6.13,2023-12-24
Subscriptions,Spotify,31.54,2023-08-08
Utilities,Internet Bill,136.06,2023-09-05
Groceries,Vegetables,32.41,2024-01-23
Dining,Food Delivery,84.91,2023-04-21
Subscriptions,Netflix,8.77,2023-10-17
Subscriptions,Spotify,5.44,2023-04-16
Utilities,Gas Bill,60.47,2024-01-19
Other,Misc Expense,52.54,2023-01-25
Housing,Rent,1014.1,2023-02-02
Subscriptions,Gym Membership,28.3,2024-08-23
Subscriptions,Netflix,22.36,2024-10-08
Dining,Restaurant,79.5,2024-05-04
Utilities,Gas Bill,116.18,2023-01-14
Utilities,Gas Bill,78.35,2024-11-18
Groceries,Milk,7.4,2023-03-23
Transportation,Train Ticket,48.99,2024-09-21
Transportation,Train Ticket,147.93,2024-05-18
Housing,Mortgage,1988.23,2024-08-02
Housing,Mortgage,980.06,2024-02-01
Utilities,Internet Bill,109.03,2024-06-18
Subscriptions,Spotify,16.79,2024-04-08
Other,Misc Expense,95.88,2023-02-27
Groceries,Bread,21.73,2023-02-08
Utilities,Water Bill,93.13,2024-01-17
Dining,Food Delivery,71.81,2023-04-15
Utilities,Gas Bill,111.17,2024-07-31
Housing,Rent,743.2,2024-06-12
Other,Online Purchase,116.51,2024-06-03
Groceries,Eggs,13.21,2024-02-17
Dining,Restaurant,107.32,2023-04-28
Other,Online Purchase,34.97,2023-05-11
Dining,Food Delivery,84.34,2023-10-10
Dining,Food Delivery,93.29,2024-08-20
Subscriptions,Spotify,19.57,2023-12-01
Utilities,Internet Bill,101.05,2024-07-18
Other,Misc Expense,47.5,2023-06-09
Groceries,Bread,26.53,2023-09-23
Housing,Rent,1361.91,2024-02-07
Utilities,Electricity Bill,131.53,2024-04-18
Groceries,Eggs,56.95,2023-08-20
Groceries,Milk,137.27,2023-02-02
Housing,Rent,1132.91,2024-08-24
Other,Online Purchase,138.25,2023-05-05
Subscriptions,Netflix,19.31,2024-01-28
Groceries,Milk,41.76,2023-04-05
Other,Online Purchase,125.13,2024-08-17
Other,Online Purchase,110.84,2024-01-23
Housing,Rent,1616.79,2024-02-24
Subscriptions,Gym Membership,12.4,2023-03-06
Groceries,Bread,41.49,2023-10-15
Groceries,Bread,114.08,2024-06-12
Groceries,Milk,141.75,2024-07-29
Housing,Rent,1928.29,2023-12-17
Groceries,Vegetables,106.47,2023-06-10
Transportation,Uber Ride,68.41,2024-08-24
Housing,Rent,1230.61,2024-05-29
Transportation,Fuel,3.2,2023-10-09
Other,Online Purchase,121.58,2024-01-31
Dining,Restaurant,46.5,2024-05-30
Dining,Food Delivery,34.26,2023-01-23
Utilities,Electricity Bill,207.59,2024-02-04
Transportation,Bus Pass,72.65,2023-06-06
Dining,Fast Food,100.22,2024-04-28
Subscriptions,Spotify,20.92,2023-10-02
Groceries,Bread,34.57,2024-04-05
Transportation,Bus Pass,93.88,2024-08-17
Subscriptions,Gym Membership,26.15,2023-08-24
Utilities,Electricity Bill,116.5,2024-09-21
Transportation,Uber Ride,30.32,2024-10-07
Dining,Fast Food,13.41,2024-01-30
Groceries,Bread,27.67,2024-04-06
Transportation,Train Ticket,141.22,2024-12-20
Housing,Rent,1895.64,2024-02-11
Utilities,Electricity Bill,37.97,2023-01-28
Subscriptions,Gym Membership,16.63,2024-02-21
Other,Online Purchase,27.36,2023-08-20
Dining,Restaurant,60.11,2023-10-23
Groceries,Milk,44.29,2023-10-25
Subscriptions,Spotify,15.51,2024-07-28
Dining,Food Delivery,96.51,2024-06-15
Subscriptions,Spotify,23.09,2024-04-23
Groceries,Vegetables,39.23,2023-04-20
Groceries,Milk,138.44,2024-04-11
Other,Misc Expense,3.58,2023-03-15
Dining,Fast Food,142.6,2023-08-16
Housing,Mortgage,1870.43,2024-09-01
Utilities,Water Bill,235.53,2024-03-30
Subscriptions,Netflix,35.97,2024-03-28
Groceries,Chicken,106.41,2024-03-09
Other,Online Purchase,148.93,2023-10-12
Subscriptions,Netflix,8.25,2023-10-21
Transportation,Uber Ride,141.89,2024-01-01
Transportation,Fuel,68.82,2023-08-21
Utilities,Water Bill,144.18,2024-11-10
Subscriptions,Gym Membership,29.55,2023-12-17
Transportation,Train Ticket,36.64,2023-04-22
Dining,Food Delivery,6.9,2023-08-05
Housing,Rent,1869.62,2023-02-26
Transportation,Train Ticket,59.55,2024-02-18
Transportation,Train Ticket,108.74,2023-04-25
Housing,Mortgage,1238.91,2023-04-17
Dining,Restaurant,144.34,2023-11-07
Other,Misc Expense,105.09,2023-06-08
Transportation,Fuel,108.5,2023-06-05
Utilities,Gas Bill,112.75,2023-12-04
Housing,Rent,814.81,2024-05-05
Housing,Mortgage,1529.29,2023-09-25
Housing,Rent,1942.54,2023-10-08
Subscriptions,Netflix,36.31,2024-05-08
Subscriptions,Spotify,6.17,2023-01-07
Transportation,Bus Pass,85.2,2023-04-14
Dining,Restaurant,124.24,2024-04-18
Subscriptions,Netflix,30.1,2024-02-02
Utilities,Gas Bill,183.45,2024-08-24
Subscriptions,Gym Membership,35.69,2023-09-27
Dining,Fast Food,61.89,2024-08-29
Subscriptions,Gym Membership,5.55,2023-10-31
Housing,Mortgage,606.86,2023-08-25
Subscriptions,Gym Membership,28.15,2024-05-01
Housing,Rent,1979.79,2024-02-12
Housing,Rent,776.6,2024-10-26
Groceries,Eggs,6.51,2023-06-27
Dining,Restaurant,4.04,2024-11-13
Groceries,Milk,101.08,2023-02-26
Groceries,Eggs,65.35,2024-03-01
Groceries,Chicken,70.57,2024-07-29
Transportation,Bus Pass,145.29,2024-09-30
Housing,Rent,722.81,2023-08-25
Groceries,Milk,101.87,2024-07-23
Subscriptions,Netflix,11.76,2023-11-07
Housing,Mortgage,1474.29,2024-11-27
Housing,Mortgage,875.3,2023-08-12
Groceries,Milk,41.76,2023-09-26
Subscriptions,Netflix,36.11,2024-04-22
Housing,Rent,1177.77,2024-01-07
Transportation,Fuel,13.32,2023-05-22
Utilities,Electricity Bill,146.67,2023-05-20
Utilities,Electricity Bill,195.14,2024-06-22
Housing,Mortgage,770.19,2024-01-29
Groceries,Vegetables,95.56,2023-08-17
Other,Online Purchase,25.86,2024-02-28
Transportation,Uber Ride,104.47,2024-03-22
Subscriptions,Netflix,11.62,2024-10-02
Subscriptions,Gym Membership,34.67,2024-03-20
Transportation,Uber Ride,125.98,2023-05-31
Utilities,Electricity Bill,191.52,2024-11-05
Utilities,Gas Bill,227.93,2023-06-02
Housing,Mortgage,1876.11,2023-06-29
Dining,Food Delivery,38.34,2024-08-20
Transportation,Bus Pass,127.31,2023-06-19
Utilities,Gas Bill,165.28,2023-09-21
Transportation,Bus Pass,103.52,2023-10-13
Other,Online Purchase,120.81,2024-10-06
Dining,Food Delivery,110.26,2024-03-21
Subscriptions,Netflix,35.93,2023-03-18
Transportation,Train Ticket,35.46,2024-03-12
Transportation,Uber Ride,91.93,2024-06-16
Groceries,Eggs,85.6,2024-05-05
Groceries,Eggs,49.64,2023-12-23
Subscriptions,Gym Membership,29.3,2024-10-17
Dining,Food Delivery,133.65,2024-05-08
Subscriptions,Spotify,6.82,2023-12-31
Subscriptions,Netflix,5.55,2023-09-30
Dining,Restaurant,71.79,2023-04-30
Dining,Restaurant,133.29,2024-02-11
Dining,Food Delivery,6.31,2023-05-30
Utilities,Gas Bill,45.94,2023-01-07
Utilities,Gas Bill,166.23,2024-08-04
Dining,Fast Food,116.13,2024-04-11
Other,Online Purchase,91.44,2024-01-03
Dining,Food Delivery,49.43,2023-12-21
Groceries,Chicken,144.37,2023-05-30
Transportation,Fuel,42.61,2023-03-29
Groceries,Milk,73.48,2023-08-10
Dining,Fast Food,4.74,2024-12-28
Subscriptions,Spotify,17.43,2024-10-30
Dining,Fast Food,18.3,2023-06-14
Transportation,Bus Pass,110.35,2023-06-14
Utilities,Water Bill,33.17,2023-02-13
Transportation,Fuel,143.57,2023-02-02
Housing,Rent,832.58,2023-09-16
Housing,Rent,912.44,2023-06-25
Other,Online Purchase,8.78,2024-04-28
Housing,Rent,1491.35,2023-08-24
Housing,Mortgage,1667.5,2023-10-25
Subscriptions,Spotify,5.09,2023-05-17
Groceries,Milk,93.73,2023-01-24
Subscriptions,Spotify,21.45,2024-11-20
Groceries,Rice,103.24,2023-06-14
Dining,Food Delivery,105.63,2023-08-03
Housing,Mortgage,819.81,2023-12-02
Transportation,Bus Pass,16.43,2024-12-27
Groceries,Milk,143.68,2023-03-24
Groceries,Chicken,19.88,2023-11-07
Housing,Mortgage,780.35,2023-06-27
Utilities,Electricity Bill,122.04,2024-04-07
Utilities,Water Bill,38.42,2024-10-31
Subscriptions,Netflix,36.65,2024-11-16
Transportation,Train Ticket,131.94,2024-10-17
Transportation,Train Ticket,149.38,2023-12-05
Other,Online Purchase,87.42,2024-03-21
Other,Online Purchase,127.86,2024-07-27
Groceries,Chicken,19.44,2024-03-01
Housing,Mortgage,1190.84,2024-03-12
Subscriptions,Spotify,21.49,2024-11-23
Transportation,Uber Ride,39.56,2023-01-02
Transportation,Bus Pass,43.93,2023-09-16
Groceries,Milk,60.26,2024-03-22
Dining,Fast Food,88.3,2023-01-05
Groceries,Vegetables,83.35,2023-10-25
Other,Misc Expense,84.19,2023-04-13
Transportation,Uber Ride,75.0,2023-11-03
Utilities,Internet Bill,67.39,2023-01-04
Subscriptions,Netflix,9.17,2023-01-07
Transportation,Uber Ride,99.17,2024-02-22
Subscriptions,Gym Membership,19.55,2023-07-19
Groceries,Eggs,125.96,2024-12-26
Transportation,Bus Pass,26.49,2023-09-08
Housing,Rent,1710.46,2024-07-19
Groceries,Eggs,76.97,2024-07-15
Utilities,Internet Bill,169.91,2023-08-29
Transportation,Bus Pass,111.8,2024-12-17
Other,Misc Expense,76.05,2024-02-19
Utilities,Gas Bill,178.8,2024-09-02
Transportation,Uber Ride,116.42,2023-03-31
Groceries,Eggs,117.12,2023-11-29
Transportation,Fuel,125.72,2024-04-19
Dining,Food Delivery,82.86,2024-07-05
Utilities,Internet Bill,48.14,2024-03-31
Transportation,Uber Ride,145.5,2023-01-21
Transportation,Bus Pass,120.94,2024-06-30
Other,Online Purchase,106.88,2024-08-30
Dining,Restaurant,126.01,2024-03-18
Groceries,Eggs,124.54,2023-05-15
Utilities,Water Bill,184.55,2024-12-09
Other,Misc Expense,100.13,2024-01-09
Subscriptions,Netflix,30.78,2023-12-28
Subscriptions,Spotify,20.57,2024-09-05
Subscriptions,Netflix,11.59,2024-04-04
Subscriptions,Gym Membership,29.8,2023-12-06
Dining,Fast Food,145.82,2024-03-28
Other,Misc Expense,50.8,2024-11-30
Groceries,Milk,149.61,2023-01-01
Subscriptions,Gym Membership,34.71,2024-06-27
Subscriptions,Spotify,6.36,2023-04-22
Transportation,Train Ticket,29.69,2023-07-30
Utilities,Internet Bill,160.92,2024-01-20
Groceries,Milk,137.57,2023-07-20
Transportation,Fuel,66.6,2023-03-14
Utilities,Water Bill,247.45,2024-05-22
Transportation,Fuel,135.67,2023-04-30
Housing,Rent,1401.14,2024-10-16
Dining,Food Delivery,132.93,2024-08-31
Utilities,Internet Bill,229.4,2023-12-03
Housing,Mortgage,1877.31,2023-08-14
Utilities,Internet Bill,224.02,2024-11-23
Transportation,Train Ticket,78.46,2024-10-20
Subscriptions,Gym Membership,22.94,2023-04-18
Subscriptions,Spotify,38.92,2024-04-23
Dining,Food Delivery,38.68,2024-12-29
Subscriptions,Netflix,21.46,2024-05-23
Subscriptions,Spotify,39.31,2024-10-31
Other,Misc Expense,117.93,2023-11-17
Dining,Food Delivery,135.4,2024-11-06
Transportation,Bus Pass,43.73,2023-02-14
Dining,Fast Food,88.48,2023-06-24
Housing,Mortgage,1496.35,2023-12-18
Transportation,Train Ticket,46.76,2024-04-07
Other,Misc Expense,149.05,2023-04-22
Housing,Mortgage,1720.47,2023-09-23
Utilities,Gas Bill,232.31,2023-08-03
Subscriptions,Gym Membership,26.93,2024-12-28
Other,Online Purchase,70.92,2024-09-12
Housing,Mortgage,1797.1,2024-04-06
Subscriptions,Netflix,22.39,2024-03-02
Housing,Rent,1336.75,2023-08-12
Transportation,Uber Ride,74.85,2024-12-11
Utilities,Electricity Bill,173.47,2023-04-11
Other,Misc Expense,71.46,2024-02-02
Groceries,Vegetables,96.61,2023-07-17
Transportation,Uber Ride,97.36,2023-01-03
Dining,Food Delivery,81.59,2024-02-02
Subscriptions,Netflix,11.91,2024-12-29
Subscriptions,Spotify,13.27,2023-07-13
Dining,Food Delivery,89.42,2023-12-15
Utilities,Gas Bill,39.51,2023-07-11
Utilities,Electricity Bill,241.64,2024-11-30
Other,Misc Expense,49.31,2023-06-12
Dining,Restaurant,49.09,2024-11-18
Housing,Mortgage,998.64,2024-04-06
Utilities,Gas Bill,41.8,2023-05-24
Utilities,Water Bill,137.21,2023-10-27
Dining,Food Delivery,51.47,2023-02-04
Subscriptions,Netflix,15.99,2023-12-19
Housing,Mortgage,658.66,2023-06-02
Groceries,Milk,63.43,2024-04-26
Transportation,Uber Ride,31.6,2023-11-13
Transportation,Bus Pass,85.85,2024-04-26
Other,Misc Expense,19.34,2023-06-13
Groceries,Chicken,85.87,2024-11-09
Subscriptions,Netflix,10.16,2024-11-24
Housing,Rent,1054.9,2024-03-24
Housing,Mortgage,815.35,2023-06-03
Subscriptions,Gym Membership,29.85,2023-01-28
Transportation,Fuel,46.52,2024-03-05
Subscriptions,Gym Membership,28.49,2023-09-20
Transportation,Bus Pass,50.6,2023-12-15
Subscriptions,Spotify,38.93,2023-08-06
Housing,Mortgage,1299.61,2024-05-13
Other,Misc Expense,138.67,2023-08-10
Utilities,Water Bill,218.72,2023-07-16
Subscriptions,Gym Membership,14.2,2024-02-25
Groceries,Milk,79.37,2024-12-11
Housing,Rent,1127.84,2024-11-07
Other,Online Purchase,142.36,2024-03-10
Subscriptions,Netflix,29.0,2023-06-03
Groceries,Chicken,68.29,2023-12-12
Housing,Rent,1241.08,2024-09-12
Groceries,Rice,97.57,2024-04-18
Groceries,Vegetables,12.87,2023-12-15
Housing,Rent,678.14,2024-08-21
Other,Online Purchase,40.17,2024-09-18
Groceries,Rice,67.15,2024-05-02
Utilities,Electricity Bill,190.19,2024-07-18
Housing,Rent,1656.87,2023-08-25
Subscriptions,Gym Membership,34.37,2024-09-02
Utilities,Internet Bill,164.07,2023-04-26
Groceries,Eggs,35.98,2024-05-06
Groceries,Bread,28.48,2024-03-03
Groceries,Milk,134.96,2023-05-09
Utilities,Water Bill,127.78,2023-10-14
Utilities,Internet Bill,99.42,2024-09-27
Subscriptions,Spotify,23.95,2024-03-31
Other,Online Purchase,133.93,2023-05-29
Groceries,Rice,31.45,2023-06-12
Housing,Rent,1973.19,2023-06-21
Dining,Food Delivery,84.35,2023-10-26
Transportation,Fuel,106.44,2024-01-10
Subscriptions,Gym Membership,30.92,2023-10-05
Dining,Fast Food,4.93,2024-08-04
Dining,Food Delivery,123.82,2024-10-24
Dining,Fast Food,67.67,2024-12-12
Housing,Mortgage,1999.05,2023-07-01
Transportation,Fuel,34.98,2024-07-17
Dining,Food Delivery,39.84,2024-05-21
Subscriptions,Gym Membership,20.45,2024-12-14
Housing,Mortgage,1269.97,2024-04-14
Other,Online Purchase,149.12,2023-03-30
Utilities,Internet Bill,63.69,2023-11-10
Utilities,Internet Bill,205.02,2023-05-20
Subscriptions,Netflix,29.05,2023-03-14
Housing,Mortgage,1212.57,2023-01-02
Transportation,Train Ticket,130.26,2023-03-18
Housing,Mortgage,1142.07,2024-02-12
Subscriptions,Gym Membership,12.04,2024-12-07
Other,Misc Expense,58.57,2024-04-28
Other,Misc Expense,96.49,2023-05-28
Dining,Food Delivery,79.98,2023-05-07
Utilities,Gas Bill,180.64,2023-09-01
Transportation,Bus Pass,15.23,2024-02-13
Other,Online Purchase,15.46,2024-09-10
Groceries,Chicken,84.79,2023-09-25
Subscriptions,Netflix,5.1,2024-12-20
Groceries,Rice,3.17,2024-06-10
Other,Misc Expense,74.43,2023-04-16
Transportation,Train Ticket,8.79,2024-04-23
Housing,Rent,676.74,2023-10-20
Groceries,Eggs,36.24,2024-03-10
Subscriptions,Gym Membership,20.49,2024-01-24
Dining,Food Delivery,25.29,2023-10-28
Dining,Restaurant,101.44,2023-12-02
Groceries,Milk,8.14,2024-08-07
Groceries,Milk,102.41,2023-02-22
Other,Online Purchase,75.97,2024-01-06
Groceries,Vegetables,28.96,2024-01-17
Groceries,Bread,54.16,2023-10-23
Subscriptions,Spotify,31.69,2024-10-03
Utilities,Water Bill,32.63,2024-11-21
Utilities,Internet Bill,167.36,2024-09-09
Dining,Fast Food,98.32,2024-11-21
Housing,Mortgage,1815.42,2024-03-08
Transportation,Fuel,112.98,2023-09-18
Other,Online Purchase,53.94,2024-01-28
Housing,Mortgage,832.07,2023-10-16
Groceries,Rice,44.78,2023-12-24
Other,Online Purchase,67.8,2023-02-10
Other,Misc Expense,16.66,2023-07-12
Utilities,Internet Bill,246.33,2023-08-24
Other,Misc Expense,119.04,2024-02-09
Housing,Mortgage,761.3,2024-11-23
Dining,Restaurant,126.11,2023-11-24
Transportation,Fuel,115.72,2024-04-13
Transportation,Uber Ride,120.59,2024-06-17
Transportation,Fuel,78.88,2023-03-22
Transportation,Bus Pass,89.47,2023-02-05
Subscriptions,Netflix,33.68,2023-12-12
Subscriptions,Spotify,30.71,2024-11-21
Transportation,Fuel,40.56,2023-12-05
Groceries,Chicken,93.73,2024-07-25
Dining,Restaurant,29.85,2024-01-18
Other,Online Purchase,49.65,2024-03-27
Housing,Rent,763.18,2024-12-09
Groceries,Vegetables,79.16,2024-12-10
Other,Online Purchase,144.44,2023-09-14
Dining,Food Delivery,65.37,2024-06-07
Subscriptions,Gym Membership,30.44,2024-09-02
Utilities,Water Bill,108.53,2024-08-13
Dining,Restaurant,76.51,2023-08-03
Groceries,Vegetables,69.73,2024-12-12
Utilities,Gas Bill,217.31,2023-01-09
Other,Online Purchase,133.06,2023-06-01
Housing,Mortgage,1084.63,2024-05-22
Housing,Rent,1792.19,2023-10-31
Subscriptions,Netflix,23.1,2024-05-10
Other,Online Purchase,108.58,2023-05-25
Groceries,Eggs,72.16,2024-11-30
Transportation,Bus Pass,68.69,2024-01-31
Groceries,Eggs,28.65,2023-09-11
Dining,Restaurant,73.82,2024-07-14
Transportation,Fuel,148.04,2023-07-04
Groceries,Eggs,66.18,2024-04-14
Utilities,Internet Bill,40.43,2023-10-05
Transportation,Train Ticket,94.36,2023-07-05
Dining,Fast Food,130.05,2024-03-14
Subscriptions,Gym Membership,26.65,2024-08-26
Subscriptions,Gym Membership,21.47,2023-10-28
Transportation,Bus Pass,78.37,2024-04-07
Other,Misc Expense,145.07,2023-08-30
Transportation,Uber Ride,19.99,2024-09-17
Utilities,Water Bill,225.91,2023-01-04
Housing,Mortgage,1208.95,2024-12-13
Dining,Fast Food,100.53,2023-03-07
Housing,Rent,1854.14,2024-06-12
Subscriptions,Netflix,34.41,2024-06-24
Transportation,Bus Pass,73.34,2023-09-06
Dining,Food Delivery,118.88,2023-12-24
Dining,Restaurant,138.4,2023-03-13
Transportation,Fuel,84.49,2024-02-16
Utilities,Water Bill,82.8,2023-03-05
Other,Misc Expense,7.15,2024-03-04
Transportation,Bus Pass,79.21,2023-11-20
Utilities,Electricity Bill,58.89,2023-05-14
Dining,Food Delivery,138.8,2023-09-05
Utilities,Electricity Bill,126.8,2024-11-22
Utilities,Internet Bill,121.05,2024-10-26
Utilities,Gas Bill,221.89,2023-12-27
Dining,Restaurant,129.65,2023-04-18
Utilities,Electricity Bill,183.68,2024-05-18
Subscriptions,Netflix,22.09,2023-02-18
Dining,Fast Food,14.4,2024-12-14
Transportation,Bus Pass,94.52,2024-06-06
Transportation,Fuel,58.38,2023-12-29
Dining,Fast Food,107.17,2023-10-31
Groceries,Chicken,139.72,2023-06-19
Housing,Rent,706.44,2023-06-25
Housing,Mortgage,658.11,2023-11-20
Other,Misc Expense,60.35,2024-09-12
Subscriptions,Spotify,22.55,2023-06-10
Housing,Mortgage,650.4,2023-06-07
Groceries,Bread,14.65,2023-08-14
Other,Online Purchase,122.73,2024-07-07
Subscriptions,Spotify,30.68,2023-06-21
Utilities,Water Bill,75.76,2024-03-18
Dining,Food Delivery,67.16,2023-10-28
Utilities,Internet Bill,194.77,2024-07-12
Dining,Restaurant,65.84,2024-07-08
Housing,Mortgage,801.64,2024-04-18
Housing,Mortgage,1611.33,2023-06-03
Groceries,Chicken,149.11,2024-05-09
Dining,Food Delivery,36.3,2023-10-03
Dining,Restaurant,143.62,2023-01-08
Dining,Restaurant,100.88,2023-08-22
Other,Online Purchase,42.1,2024-10-10
Transportation,Bus Pass,73.61,2023-12-17
Dining,Restaurant,31.35,2024-10-27
Utilities,Internet Bill,187.04,2023-02-07
Groceries,Eggs,51.6,2023-12-14
Subscriptions,Spotify,21.44,2023-03-04
Utilities,Internet Bill,169.93,2023-05-10
Utilities,Gas Bill,208.22,2023-01-24
Transportation,Train Ticket,118.93,2023-02-12
Other,Online Purchase,51.67,2023-12-12
Transportation,Fuel,79.62,2024-12-18
Housing,Rent,1714.07,2024-04-14
Housing,Rent,745.6,2024-05-03
Subscriptions,Gym Membership,7.42,2024-08-20
Dining,Food Delivery,118.3,2023-10-20
Dining,Food Delivery,70.65,2024-06-24
Dining,Fast Food,58.88,2023-01-11
Transportation,Bus Pass,78.69,2023-09-28
Housing,Mortgage,919.57,2023-07-11
Housing,Rent,698.77,2024-12-07
Utilities,Gas Bill,102.66,2024-07-01
Dining,Food Delivery,67.34,2023-01-11
Housing,Mortgage,934.81,2024-09-21
Transportation,Bus Pass,88.65,2024-08-30
Housing,Mortgage,1190.44,2023-02-02
Dining,Fast Food,6.53,2024-07-22
Subscriptions,Spotify,7.98,2023-02-18
Utilities,Water Bill,36.37,2023-05-01
Utilities,Internet Bill,197.03,2023-05-28
Subscriptions,Netflix,19.85,2024-10-01
Groceries,Eggs,133.99,2024-07-15
Other,Online Purchase,8.61,2024-11-20
Groceries,Milk,56.8,2023-08-12
Utilities,Internet Bill,207.79,2023-11-30
Dining,Fast Food,6.11,2024-10-13
Housing,Mortgage,1316.09,2024-04-16
Groceries,Eggs,139.12,2024-01-10
Subscriptions,Spotify,17.88,2024-12-14
Subscriptions,Gym Membership,17.37,2024-05-21
Transportation,Bus Pass,92.91,2024-01-15
Transportation,Uber Ride,133.98,2023-11-28
Housing,Rent,1141.41,2024-07-30
Housing,Rent,1020.51,2024-01-09
Other,Misc Expense,134.94,2024-07-26
Utilities,Gas Bill,181.73,2023-05-15
Housing,Mortgage,1906.24,2024-04-09
Housing,Rent,704.03,2024-10-27
Transportation,Uber Ride,131.43,2024-09-16
Housing,Rent,1765.12,2024-01-19
Dining,Fast Food,107.45,2023-11-24
Utilities,Electricity Bill,38.88,2024-11-11
Utilities,Internet Bill,198.31,2023-09-26
Dining,Restaurant,6.78,2024-07-14
Utilities,Gas Bill,71.48,2024-01-07
Housing,Rent,1912.07,2023-06-22
Housing,Mortgage,1000.02,2024-12-20
Utilities,Water Bill,126.03,2023-10-24
Housing,Rent,726.36,2023-04-01
Other,Online Purchase,56.17,2024-11-06
Utilities,Gas Bill,99.74,2024-08-04
Groceries,Vegetables,6.96,2024-05-04
Subscriptions,Spotify,33.02,2024-11-02
Utilities,Water Bill,119.46,2023-03-30
Subscriptions,Gym Membership,38.83,2023-04-27
Utilities,Gas Bill,190.57,2023-08-27
Transportation,Bus Pass,72.53,2023-07-26
Utilities,Internet Bill,226.35,2024-03-13
Subscriptions,Spotify,22.27,2023-10-25
Other,Online Purchase,20.05,2023-04-30
Utilities,Electricity Bill,166.23,2024-12-13
Housing,Rent,1991.5,2023-02-10
Groceries,Eggs,90.03,2023-11-09
Subscriptions,Netflix,23.4,2024-09-08
Groceries,Chicken,83.12,2024-06-24
Housing,Rent,1548.4,2023-11-06
Other,Misc Expense,26.19,2023-04-30
Other,Online Purchase,102.39,2024-08-27
Groceries,Chicken,25.65,2024-11-17
Utilities,Water Bill,242.13,2024-12-13
Utilities,Electricity Bill,63.35,2024-03-17
Other,Misc Expense,74.89,2023-11-04
Housing,Rent,719.11,2024-11-01
Utilities,Electricity Bill,225.33,2024-05-05
Transportation,Uber Ride,50.2,2023-01-31
Groceries,Bread,109.16,2023-06-12
Groceries,Bread,43.05,2023-09-27
Subscriptions,Spotify,38.54,2023-03-20
Transportation,Fuel,116.18,2023-12-20
Groceries,Vegetables,75.9,2023-12-22
Other,Online Purchase,55.64,2024-10-30
Dining,Restaurant,36.24,2024-01-22
Other,Online Purchase,20.3,2023-01-27
Other,Online Purchase,100.33,2024-10-19
Subscriptions,Gym Membership,27.83,2024-11-18
Housing,Rent,1844.34,2024-03-26
Other,Online Purchase,143.25,2024-08-10
Subscriptions,Spotify,12.2,2024-03-10
Dining,Fast Food,6.34,2023-12-20
Subscriptions,Gym Membership,36.99,2024-02-11
Dining,Food Delivery,91.88,2023-05-21
Other,Online Purchase,35.08,2024-04-17
Groceries,Milk,75.49,2024-11-28
Transportation,Uber Ride,117.86,2024-08-16
Dining,Restaurant,43.33,2023-02-19
Subscriptions,Spotify,11.39,2023-11-02
Utilities,Electricity Bill,119.37,2024-07-01
Other,Misc Expense,46.09,2024-12-13
Subscriptions,Gym Membership,11.74,2024-10-28
Utilities,Water Bill,161.95,2023-01-06
Other,Misc Expense,30.42,2024-06-21
Other,Misc Expense,137.26,2024-12-10
Utilities,Gas Bill,104.29,2023-10-08
Transportation,Bus Pass,149.84,2023-04-26
Utilities,Electricity Bill,240.06,2023-01-25
Utilities,Gas Bill,66.32,2023-08-29
Dining,Fast Food,82.77,2023-07-31
Subscriptions,Gym Membership,18.87,2024-07-30
Other,Online Purchase,24.37,2023-09-04
Subscriptions,Netflix,29.32,2024-02-26
Transportation,Fuel,56.52,2023-11-15
Dining,Fast Food,135.09,2023-10-08
Subscriptions,Spotify,38.03,2023-09-30
Groceries,Rice,36.94,2023-04-01
Utilities,Electricity Bill,53.24,2023-12-07
Transportation,Train Ticket,87.54,2024-05-07
Dining,Restaurant,20.91,2024-01-02
Subscriptions,Spotify,8.62,2023-10-03
Transportation,Uber Ride,57.37,2023-07-02
Subscriptions,Netflix,29.9,2024-12-20
Dining,Restaurant,13.69,2024-07-05
Dining,Restaurant,17.99,2024-01-31
Groceries,Bread,131.99,2023-03-19
Groceries,Chicken,92.31,2024-02-14
Housing,Rent,1078.37,2024-12-27
Housing,Mortgage,1090.89,2023-09-22
Utilities,Internet Bill,84.3,2024-06-02
Other,Misc Expense,138.96,2023-08-26
Dining,Fast Food,16.16,2023-10-01
Other,Online Purchase,32.17,2024-11-23
Transportation,Bus Pass,44.28,2023-12-13
Other,Misc Expense,102.16,2024-03-10
Groceries,Milk,36.94,2023-01-08
Other,Online Purchase,16.63,2024-02-28
Housing,Rent,1685.61,2023-08-14
Subscriptions,Spotify,21.51,2023-10-01
Housing,Rent,1512.29,2024-03-31
Housing,Rent,1342.53,2024-07-01
Transportation,Uber Ride,141.52,2023-11-29
Other,Misc Expense,6.16,2024-08-22
Utilities,Gas Bill,187.55,2024-08-10
Groceries,Rice,103.4,2024-01-05
Groceries,Chicken,19.68,2023-07-13
Dining,Food Delivery,119.24,2023-01-20
Utilities,Gas Bill,168.24,2024-07-29
Transportation,Train Ticket,131.13,2024-04-30
Other,Misc Expense,7.99,2024-12-08
Dining,Restaurant,122.14,2024-08-07
Transportation,Bus Pass,131.81,2023-05-08
Transportation,Train Ticket,90.31,2023-12-30
Transportation,Bus Pass,93.12,2024-02-01
Dining,Food Delivery,51.41,2023-05-22
Other,Online Purchase,147.2,2024-12-14
Dining,Food Delivery,105.63,2023-12-29
Other,Misc Expense,22.17,2023-12-18
Utilities,Electricity Bill,54.69,2023-03-10
Housing,Mortgage,1028.45,2024-08-16
Housing,Mortgage,1046.49,2023-07-08
Utilities,Gas Bill,209.55,2024-12-29
Utilities,Water Bill,122.96,2024-06-10
Subscriptions,Spotify,29.04,2024-11-30
Other,Online Purchase,10.79,2024-03-31
Groceries,Rice,84.76,2023-04-16
Utilities,Gas Bill,104.32,2024-02-19
Groceries,Vegetables,111.55,2023-02-11
Other,Misc Expense,131.47,2024-08-02
Transportation,Bus Pass,16.21,2023-10-23
Utilities,Water Bill,107.13,2023-06-03
Other,Online Purchase,97.07,2024-05-09
Utilities,Internet Bill,219.08,2024-11-05
Dining,Food Delivery,149.05,2023-05-08
Housing,Rent,793.93,2023-11-30
Dining,Fast Food,96.67,2024-12-29
Dining,Restaurant,124.71,2023-12-16
Subscriptions,Gym Membership,30.51,2023-03-08
Other,Misc Expense,144.09,2024-11-22
Subscriptions,Gym Membership,37.63,2023-01-03
Dining,Food Delivery,87.8,2023-04-29
Dining,Restaurant,14.18,2024-02-15
Transportation,Bus Pass,59.13,2024-10-27
Groceries,Milk,149.91,2024-05-31
Utilities,Electricity Bill,130.64,2023-11-07
Utilities,Gas Bill,137.68,2024-11-17
Subscriptions,Gym Membership,31.79,2024-12-28
Utilities,Water Bill,188.75,2024-05-09
Transportation,Fuel,70.4,2023-02-27
Dining,Food Delivery,85.39,2023-05-04
Housing,Rent,841.61,2023-04-08
Utilities,Electricity Bill,189.96,2024-07-22
Other,Online Purchase,83.94,2023-06-17
Other,Online Purchase,62.71,2024-08-08
Subscriptions,Netflix,28.3,2024-02-26
Housing,Rent,1202.53,2023-07-28
Subscriptions,Netflix,27.63,2024-01-05
Dining,Restaurant,63.25,2024-02-17
Other,Online Purchase,146.34,2023-01-02
Other,Online Purchase,30.77,2024-04-28
Groceries,Vegetables,90.28,2023-01-22
Dining,Restaurant,122.18,2024-05-14
Subscriptions,Netflix,22.92,2024-03-02
Housing,Mortgage,1914.91,2023-08-19
Utilities,Electricity Bill,214.94,2024-12-24
Groceries,Chicken,144.69,2024-06-11
Utilities,Gas Bill,160.65,2024-11-19
Housing,Mortgage,1026.26,2024-03-26
Other,Misc Expense,140.28,2023-06-30
Subscriptions,Spotify,34.83,2023-10-21
Housing,Mortgage,1152.95,2024-03-28
Utilities,Internet Bill,109.3,2023-10-10
Groceries,Chicken,77.95,2024-05-29
Groceries,Rice,149.7,2023-10-05
Dining,Fast Food,87.88,2023-01-04
Other,Online Purchase,31.49,2023-12-08
Other,Online Purchase,113.96,2023-03-04
Utilities,Internet Bill,117.38,2023-08-20
Groceries,Bread,21.38,2024-02-03
Housing,Mortgage,1934.24,2024-01-16
Dining,Restaurant,38.5,2024-09-18
Housing,Rent,1246.03,2023-09-22
Other,Online Purchase,110.67,2023-08-21
Transportation,Uber Ride,66.6,2023-12-18
Utilities,Water Bill,117.94,2024-05-05
Transportation,Uber Ride,21.4,2024-12-26
Subscriptions,Netflix,27.15,2024-08-30
Groceries,Milk,108.86,2024-01-02
Other,Online Purchase,61.72,2024-02-22
Subscriptions,Netflix,22.24,2023-08-25
Utilities,Gas Bill,147.21,2023-12-30
Housing,Mortgage,1925.06,2024-06-16
Utilities,Internet Bill,203.04,2023-08-13
Dining,Food Delivery,28.98,2023-12-12
Other,Online Purchase,18.0,2023-08-27
Other,Online Purchase,108.47,2024-12-16
Housing,Rent,1570.1,2023-11-16
Utilities,Water Bill,227.15,2023-07-29
Housing,Mortgage,876.52,2023-08-27
Other,Online Purchase,103.37,2024-10-09
Housing,Rent,1113.99,2024-10-11
Other,Online Purchase,21.8,2024-10-23
Dining,Food Delivery,95.01,2023-01-13
Transportation,Fuel,35.21,2023-04-14
Subscriptions,Gym Membership,27.46,2024-01-16
Other,Online Purchase,73.2,2024-03-07
Subscriptions,Gym Membership,5.58,2024-10-30
Housing,Mortgage,1781.81,2024-01-01
Transportation,Bus Pass,110.0,2024-12-08
Utilities,Electricity Bill,176.45,2024-07-06
Other,Online Purchase,71.14,2024-11-15
Utilities,Internet Bill,101.11,2024-12-31
Utilities,Internet Bill,243.34,2024-09-08
Dining,Food Delivery,80.81,2024-09-23
Utilities,Gas Bill,59.21,2024-07-23
Utilities,Electricity Bill,130.5,2024-09-13
Dining,Food Delivery,101.8,2023-08-11
Housing,Rent,1121.21,2023-09-01
Utilities,Electricity Bill,112.31,2024-08-18
Other,Misc Expense,144.7,2024-01-07
Other,Online Purchase,103.1,2023-01-31
Utilities,Gas Bill,125.9,2024-10-26
Subscriptions,Spotify,31.86,2024-02-17
Housing,Mortgage,1016.73,2024-03-03
Dining,Restaurant,131.01,2024-08-04
Subscriptions,Gym Membership,13.63,2024-07-26
Subscriptions,Spotify,8.12,2023-01-01
Utilities,Gas Bill,62.26,2024-04-25
Dining,Restaurant,25.45,2023-11-30
Transportation,Fuel,38.58,2024-11-24
Dining,Fast Food,33.27,2024-11-23
Dining,Restaurant,90.7,2023-09-21
Subscriptions,Spotify,15.12,2023-07-25
Subscriptions,Gym Membership,32.58,2023-10-20
Dining,Fast Food,67.02,2024-11-09
Housing,Mortgage,1257.9,2024-06-09
Dining,Restaurant,7.6,2023-06-03
Housing,Rent,805.06,2024-04-23
Utilities,Internet Bill,78.72,2023-06-21
Transportation,Fuel,99.55,2024-04-17
Utilities,Water Bill,190.54,2023-10-19
Subscriptions,Spotify,12.48,2023-03-08
Dining,Food Delivery,60.54,2023-04-09
Subscriptions,Netflix,5.36,2024-07-15
Subscriptions,Spotify,38.96,2023-01-24
Housing,Mortgage,1802.4,2023-06-07
Dining,Fast Food,47.72,2024-04-03
Other,Online Purchase,100.68,2024-06-10
Transportation,Bus Pass,95.62,2023-10-14
Groceries,Rice,148.78,2023-03-01
Other,Online Purchase,91.12,2024-05-22
Groceries,Rice,46.02,2024-12-25
Housing,Mortgage,1382.92,2023-01-15
Transportation,Bus Pass,113.43,2023-09-10
Housing,Mortgage,1945.91,2023-11-04
Transportation,Fuel,119.54,2024-12-06
Utilities,Internet Bill,224.08,2024-12-29
Transportation,Train Ticket,76.67,2024-08-09
Groceries,Vegetables,51.77,2024-03-23
Transportation,Uber Ride,84.31,2024-03-29
Subscriptions,Spotify,20.49,2024-08-30
Subscriptions,Gym Membership,39.18,2023-10-08
Utilities,Gas Bill,163.37,2024-02-17
Subscriptions,Spotify,22.62,2024-02-09
Utilities,Gas Bill,82.74,2024-06-07
Other,Misc Expense,44.22,2024-09-14
Housing,Rent,911.21,2023-08-26
Transportation,Bus Pass,80.67,2024-09-01
Transportation,Train Ticket,149.52,2023-07-11
Other,Online Purchase,103.85,2024-02-03
Groceries,Bread,77.15,2023-03-07
Groceries,Chicken,83.25,2023-08-03
Transportation,Bus Pass,64.68,2023-10-25
Dining,Fast Food,3.1,2023-11-03
Subscriptions,Netflix,19.08,2024-03-27
Transportation,Fuel,66.26,2024-08-19
Groceries,Vegetables,112.03,2023-03-25
Dining,Restaurant,30.38,2023-04-29
Other,Misc Expense,9.51,2023-09-01
Housing,Mortgage,1970.65,2024-07-18
Other,Misc Expense,107.39,2024-12-29
Housing,Rent,1864.12,2023-02-15
Groceries,Eggs,21.03,2024-06-17
Subscriptions,Netflix,18.05,2024-07-10
Dining,Food Delivery,108.12,2024-02-15
Groceries,Milk,122.79,2024-06-11
Transportation,Bus Pass,113.13,2023-01-27
Utilities,Gas Bill,136.02,2024-06-15
Groceries,Milk,148.75,2023-02-01
Groceries,Bread,128.77,2023-12-29
Other,Misc Expense,16.92,2024-07-08
Groceries,Eggs,85.16,2024-01-30
Housing,Rent,1450.62,2024-08-15
Groceries,Bread,137.26,2024-10-02
Other,Misc Expense,8.32,2023-12-31
Transportation,Uber Ride,87.61,2024-11-18
Other,Online Purchase,125.5,2024-08-13
Dining,Food Delivery,67.39,2024-05-28
Dining,Food Delivery,75.39,2024-05-09
Groceries,Chicken,4.69,2023-11-15
Subscriptions,Netflix,12.14,2023-06-16
Other,Misc Expense,5.54,2024-12-19
Groceries,Chicken,65.12,2023-06-07
Subscriptions,Netflix,9.92,2023-07-19
Transportation,Bus Pass,26.99,2023-05-19
Groceries,Chicken,131.12,2023-09-29
Groceries,Vegetables,10.67,2023-08-07
Dining,Food Delivery,13.74,2024-04-27
Dining,Fast Food,79.76,2023-12-24
Dining,Restaurant,108.3,2023-09-19
Subscriptions,Netflix,8.72,2024-12-08
Utilities,Internet Bill,192.94,2023-02-03
Housing,Rent,1992.55,2024-08-29
Other,Misc Expense,141.65,2024-03-15
Transportation,Fuel,102.04,2023-06-22
Groceries,Milk,84.49,2023-02-19
Other,Online Purchase,82.68,2023-05-05
Housing,Rent,1594.64,2023-08-24
Other,Online Purchase,31.76,2023-07-06
Transportation,Bus Pass,88.81,2024-06-04
Other,Misc Expense,88.38,2023-05-19
Groceries,Rice,118.84,2023-08-15
Groceries,Eggs,122.95,2023-12-16
Subscriptions,Spotify,29.06,2024-12-18
Subscriptions,Netflix,35.85,2024-12-21
Dining,Food Delivery,18.84,2024-02-19
Other,Online Purchase,145.13,2024-01-03
Groceries,Eggs,27.0,2023-03-08
Utilities,Electricity Bill,204.37,2023-01-07
Subscriptions,Netflix,14.59,2023-04-16
Housing,Rent,1646.01,2024-02-21
Other,Online Purchase,131.84,2024-12-19
Groceries,Vegetables,92.84,2023-04-15
Transportation,Uber Ride,121.25,2024-07-19
Other,Online Purchase,43.16,2024-07-31
Transportation,Bus Pass,44.23,2023-12-27
Groceries,Rice,4.7,2024-11-27
Other,Misc Expense,124.81,2024-05-28
Groceries,Rice,124.67,2024-12-09
Dining,Fast Food,53.05,2024-03-18
Subscriptions,Gym Membership,26.64,2024-07-13
Other,Misc Expense,87.01,2023-02-11
Dining,Fast Food,23.82,2023-10-08
Groceries,Eggs,24.03,2024-09-25
Housing,Rent,1102.72,2024-10-28
Dining,Fast Food,29.33,2023-07-15
Housing,Mortgage,1653.85,2024-09-11
Groceries,Chicken,121.54,2023-07-19
Groceries,Milk,60.44,2023-10-20
Dining,Restaurant,80.09,2024-10-07
Dining,Restaurant,72.0,2023-10-28
Housing,Mortgage,1048.24,2023-01-15
Utilities,Internet Bill,207.46,2024-02-02
Groceries,Milk,114.51,2024-02-01
Utilities,Internet Bill,198.96,2023-11-12
Subscriptions,Gym Membership,33.28,2024-02-14
Subscriptions,Gym Membership,39.93,2024-11-22
Dining,Fast Food,98.62,2023-05-08
Dining,Fast Food,58.64,2024-05-24
Housing,Mortgage,1013.49,2023-06-11
Groceries,Eggs,123.81,2024-05-24
Utilities,Water Bill,236.32,2023-11-27
Utilities,Gas Bill,74.68,2023-06-05
Transportation,Fuel,125.18,2023-01-01
Subscriptions,Spotify,23.29,2024-09-26
Transportation,Fuel,132.15,2024-04-08
Utilities,Electricity Bill,216.83,2023-12-14
Other,Online Purchase,4.21,2024-01-04
Housing,Rent,1674.56,2023-07-12
Housing,Rent,1120.05,2024-02-28
Groceries,Eggs,93.06,2024-09-30
Utilities,Gas Bill,83.28,2023-05-10
Housing,Rent,719.28,2023-05-31
Subscriptions,Spotify,36.12,2023-08-20
Housing,Rent,988.03,2024-12-16
Housing,Rent,643.36,2024-07-05
Other,Misc Expense,78.26,2023-09-29
Housing,Rent,1489.25,2024-05-08
Subscriptions,Gym Membership,35.59,2023-02-16
Other,Online Purchase,17.21,2023-04-28
Dining,Food Delivery,24.65,2023-04-05
Utilities,Internet Bill,154.49,2024-11-28
Housing,Rent,1514.4,2023-02-13
Other,Misc Expense,25.14,2023-11-15
Utilities,Internet Bill,131.9,2024-09-23
Other,Misc Expense,122.18,2024-11-26
Transportation,Bus Pass,77.08,2024-04-07
Transportation,Bus Pass,130.43,2024-03-03
Utilities,Gas Bill,239.08,2023-05-28
Utilities,Internet Bill,62.8,2023-11-15
Transportation,Train Ticket,21.85,2023-11-26
Utilities,Gas Bill,227.79,2024-06-23
Housing,Rent,1063.57,2023-09-13
Transportation,Bus Pass,56.73,2024-07-21
Housing,Rent,1260.42,2023-01-08
Transportation,Fuel,61.32,2024-03-21
Dining,Fast Food,107.16,2024-06-29
Utilities,Internet Bill,185.49,2024-05-27
Dining,Restaurant,109.27,2023-05-13
Groceries,Vegetables,72.48,2023-08-01
Groceries,Vegetables,126.77,2023-08-09
Housing,Mortgage,1445.85,2023-04-16
Transportation,Train Ticket,61.23,2023-04-08
Housing,Rent,1013.75,2023-03-26
Transportation,Bus Pass,35.32,2024-10-12
Other,Online Purchase,5.24,2024-02-01
Groceries,Eggs,138.53,2023-12-31
Utilities,Internet Bill,107.56,2024-04-17
Transportation,Bus Pass,139.94,2023-08-07
Groceries,Chicken,119.97,2024-05-05
Groceries,Milk,103.48,2024-01-07
Utilities,Water Bill,225.18,2024-08-17
Dining,Restaurant,94.47,2024-09-22
Dining,Restaurant,16.56,2023-02-16
Housing,Rent,1023.56,2023-10-29
Transportation,Fuel,56.55,2024-12-29
Subscriptions,Gym Membership,24.3,2024-02-28
Housing,Rent,1332.89,2023-04-05
Other,Misc Expense,78.23,2023-02-24
Housing,Rent,1401.76,2023-06-07
Dining,Food Delivery,40.5,2024-04-12
Dining,Restaurant,78.7,2024-05-17
Transportation,Uber Ride,143.03,2023-08-04
Utilities,Electricity Bill,70.97,2024-09-08
Transportation,Bus Pass,84.84,2024-03-25
Groceries,Eggs,69.22,2024-12-03
Groceries,Eggs,110.58,2024-06-21
Utilities,Internet Bill,98.12,2024-04-27
Housing,Mortgage,1242.66,2023-08-15
Dining,Fast Food,63.44,2023-12-28
Dining,Restaurant,3.55,2024-04-05
Dining,Food Delivery,23.47,2024-07-16
Other,Online Purchase,20.66,2023-07-05
Other,Online Purchase,20.78,2023-08-06
Other,Misc Expense,130.19,2024-07-04
Utilities,Internet Bill,87.55,2024-03-26
Utilities,Internet Bill,203.9,2024-09-05
Utilities,Water Bill,229.39,2024-01-04
Housing,Mortgage,1527.16,2023-02-07
Dining,Fast Food,100.04,2024-02-11
Groceries,Eggs,82.83,2023-08-26
Groceries,Bread,32.75,2024-10-31
Transportation,Train Ticket,149.78,2024-06-17
Other,Misc Expense,88.01,2024-07-29
Groceries,Milk,145.09,2024-11-04
Transportation,Fuel,54.67,2023-06-07
Transportation,Train Ticket,20.4,2024-02-03
Housing,Rent,1555.09,2024-04-30
Other,Online Purchase,48.12,2024-12-28
Housing,Rent,953.39,2024-06-25
Groceries,Milk,104.33,2023-12-13
Subscriptions,Spotify,30.83,2024-07-19
Other,Misc Expense,87.19,2023-09-22
Utilities,Electricity Bill,139.92,2023-07-22
Groceries,Bread,115.17,2024-02-24
Utilities,Internet Bill,139.24,2024-05-15
Dining,Fast Food,65.87,2024-05-19
Dining,Fast Food,56.82,2023-08-03
Transportation,Fuel,13.57,2023-11-13
Groceries,Rice,40.76,2024-09-01
Groceries,Chicken,53.87,2024-07-22
Groceries,Chicken,98.9,2023-11-01
Utilities,Internet Bill,218.09,2023-07-16
Utilities,Electricity Bill,137.8,2024-02-20
Groceries,Eggs,130.29,2023-02-03
Groceries,Milk,15.05,2024-09-16
Groceries,Eggs,48.27,2023-01-01
Transportation,Bus Pass,29.96,2023-07-23
Dining,Fast Food,76.41,2023-06-10
Other,Online Purchase,41.45,2024-08-22
Subscriptions,Netflix,35.24,2024-06-21
Dining,Restaurant,120.63,2024-01-29
Other,Misc Expense,124.35,2024-12-21
Subscriptions,Netflix,27.01,2024-11-05
Subscriptions,Gym Membership,16.99,2024-05-07
Utilities,Electricity Bill,164.88,2024-08-09
Dining,Fast Food,100.95,2024-02-01
Dining,Restaurant,146.74,2024-08-21
Housing,Mortgage,1721.35,2023-07-18
Dining,Restaurant,66.56,2023-08-18
Housing,Rent,1312.48,2024-02-01
Subscriptions,Gym Membership,10.54,2023-10-01
Transportation,Fuel,18.22,2024-10-23
Transportation,Bus Pass,137.51,2024-03-30
Subscriptions,Netflix,35.68,2024-04-23
Groceries,Milk,20.0,2023-12-10
Transportation,Uber Ride,125.53,2024-04-22
Housing,Mortgage,1731.72,2024-02-28
Groceries,Chicken,65.33,2023-12-15
Dining,Food Delivery,84.12,2024-07-02
Other,Misc Expense,113.89,2023-02-05
Other,Misc Expense,102.01,2024-04-30
Utilities,Gas Bill,246.99,2024-05-05
Other,Misc Expense,124.9,2024-12-14
Utilities,Internet Bill,224.42,2023-02-22
Utilities,Internet Bill,137.8,2024-05-19
Housing,Mortgage,1671.3,2023-12-26
Subscriptions,Spotify,32.95,2023-12-09
Subscriptions,Spotify,18.55,2024-09-25
Transportation,Bus Pass,145.95,2023-03-22
Transportation,Bus Pass,126.77,2023-09-02
Transportation,Fuel,136.35,2023-11-24
Housing,Rent,781.59,2023-01-25
Other,Misc Expense,38.48,2024-05-22
Utilities,Electricity Bill,90.04,2024-06-20
Subscriptions,Spotify,12.94,2024-09-30
Transportation,Bus Pass,132.0,2023-08-31
Dining,Fast Food,44.11,2023-02-03
Other,Misc Expense,80.17,2024-01-19
Utilities,Water Bill,147.41,2024-02-17
Subscriptions,Netflix,26.25,2023-09-11
Dining,Food Delivery,58.83,2024-06-21
Groceries,Vegetables,138.06,2023-01-30
Dining,Restaurant,70.41,2023-02-26
Other,Misc Expense,15.84,2023-01-02
Housing,Mortgage,1735.12,2024-12-24
Transportation,Uber Ride,49.19,2023-02-16
Other,Online Purchase,62.92,2024-06-12
Utilities,Internet Bill,125.01,2023-07-26
Transportation,Fuel,71.69,2024-10-25
Dining,Fast Food,104.67,2024-02-08
Other,Misc Expense,112.6,2023-09-11
Utilities,Water Bill,73.24,2024-08-07
Subscriptions,Spotify,16.75,2023-05-31
Other,Online Purchase,107.18,2024-08-12
Transportation,Uber Ride,10.85,2023-04-01
Groceries,Bread,95.36,2024-03-22
Groceries,Rice,121.22,2023-04-23
Housing,Mortgage,1018.64,2024-06-14
Transportation,Fuel,72.94,2024-10-11
Dining,Restaurant,79.2,2023-08-30
Other,Online Purchase,65.79,2023-09-27
Transportation,Train Ticket,133.75,2024-04-02
Other,Misc Expense,42.63,2024-04-29
Subscriptions,Gym Membership,16.95,2023-12-19
Housing,Rent,860.02,2024-04-23
Groceries,Vegetables,62.31,2024-06-24
Dining,Fast Food,66.61,2024-04-26
Groceries,Rice,15.52,2024-12-17
Subscriptions,Gym Membership,37.95,2024-09-06
Utilities,Water Bill,117.81,2023-04-08
Other,Online Purchase,86.79,2023-05-11
Utilities,Internet Bill,110.06,2024-10-22
Subscriptions,Gym Membership,38.6,2023-04-15
Housing,Rent,947.84,2024-02-26
Subscriptions,Spotify,37.08,2024-06-01
Other,Online Purchase,74.92,2023-03-09
Other,Online Purchase,95.31,2024-02-19
Other,Misc Expense,20.51,2023-01-31
Other,Misc Expense,42.3,2024-05-22
Groceries,Rice,80.57,2024-07-04
Housing,Mortgage,1623.05,2024-06-08
Utilities,Electricity Bill,143.86,2023-12-26
Dining,Restaurant,66.63,2023-12-03
Housing,Mortgage,610.13,2023-10-26
Transportation,Train Ticket,73.44,2024-06-10
Groceries,Chicken,4.45,2023-05-01
Other,Misc Expense,84.45,2024-06-02
Utilities,Internet Bill,86.39,2023-03-26
Dining,Fast Food,112.4,2023-11-30
Housing,Mortgage,1991.39,2023-02-12
Subscriptions,Gym Membership,36.54,2024-08-24
Utilities,Electricity Bill,70.96,2024-10-02
Groceries,Rice,95.07,2024-01-16
Dining,Restaurant,127.18,2023-12-17
Utilities,Internet Bill,201.87,2023-05-08
Housing,Mortgage,1766.77,2024-10-26
Groceries,Bread,92.24,2024-09-04
Housing,Mortgage,906.52,2024-09-06
Other,Online Purchase,136.81,2024-01-02
Other,Misc Expense,54.84,2023-01-04
Utilities,Electricity Bill,171.39,2023-05-01
Other,Misc Expense,43.45,2023-03-03
Other,Online Purchase,103.34,2023-08-02
Utilities,Electricity Bill,220.6,2024-10-05
Subscriptions,Spotify,24.54,2023-12-01
Groceries,Milk,45.95,2023-07-25
Groceries,Vegetables,142.26,2023-05-24
Housing,Rent,1570.01,2024-01-29
Subscriptions,Netflix,6.94,2024-06-25
Other,Online Purchase,117.92,2023-02-03
Subscriptions,Netflix,6.96,2023-12-21
Transportation,Bus Pass,107.2,2023-08-11
Subscriptions,Spotify,33.86,2024-09-06
Dining,Restaurant,89.28,2024-06-22
Housing,Rent,1603.37,2024-10-15
Housing,Mortgage,1761.81,2024-01-19
Other,Online Purchase,81.76,2024-05-12
Utilities,Water Bill,221.47,2024-03-23
Transportation,Train Ticket,89.27,2023-04-11
Subscriptions,Spotify,17.68,2024-10-24
Dining,Food Delivery,64.56,2024-06-24
Other,Online Purchase,52.47,2023-12-13
Subscriptions,Netflix,37.79,2023-05-07
Subscriptions,Spotify,34.83,2024-09-27
Transportation,Bus Pass,41.48,2024-05-28
Dining,Fast Food,18.19,2023-12-13
Groceries,Vegetables,115.04,2024-06-08
Subscriptions,Spotify,9.03,2024-12-31
Other,Misc Expense,111.35,2024-06-06
Subscriptions,Netflix,15.08,2024-12-29
Transportation,Uber Ride,37.89,2023-12-07
Groceries,Rice,140.12,2024-02-27
Subscriptions,Spotify,17.33,2024-12-15
Other,Online Purchase,57.14,2023-12-07
Subscriptions,Gym Membership,7.17,2024-12-29
Utilities,Water Bill,200.71,2023-11-04
Dining,Fast Food,95.26,2024-05-19
Transportation,Bus Pass,87.44,2023-07-04
Transportation,Bus Pass,132.27,2023-05-01
Utilities,Water Bill,62.64,2023-10-23
Housing,Rent,1257.91,2023-02-09
Groceries,Rice,12.13,2023-10-19
Other,Misc Expense,134.23,2024-09-06
Transportation,Bus Pass,86.67,2024-03-02
Dining,Fast Food,138.54,2023-04-19
Dining,Fast Food,22.49,2024-11-25
Subscriptions,Spotify,28.06,2024-05-15
Groceries,Bread,51.49,2024-08-23
Utilities,Gas Bill,234.63,2024-04-06
Dining,Fast Food,41.74,2023-01-22
Dining,Fast Food,21.22,2023-06-08
Other,Online Purchase,75.15,2024-11-26
Dining,Fast Food,55.99,2023-03-06
Transportation,Bus Pass,142.42,2024-12-11
Housing,Rent,1295.01,2024-10-14
Other,Online Purchase,11.21,2023-10-17
Transportation,Bus Pass,84.69,2023-10-24
Transportation,Bus Pass,94.51,2023-12-11
Other,Misc Expense,138.77,2023-07-11
Groceries,Rice,148.84,2024-11-10
Utilities,Water Bill,243.42,2024-11-04
Dining,Food Delivery,145.67,2024-02-29
Dining,Food Delivery,10.93,2024-09-19
Transportation,Uber Ride,47.32,2024-08-17
Groceries,Milk,76.9,2023-02-22
Transportation,Train Ticket,14.68,2023-04-01
Transportation,Bus Pass,103.03,2024-07-26
Transportation,Train Ticket,16.74,2024-08-15
Dining,Food Delivery,37.03,2024-02-05
Subscriptions,Spotify,32.25,2024-09-22
Housing,Rent,1535.52,2024-03-06
Groceries,Chicken,87.64,2024-06-14
Subscriptions,Gym Membership,28.77,2023-04-01
Groceries,Eggs,57.66,2024-07-19
Utilities,Electricity Bill,111.27,2023-07-29
Utilities,Electricity Bill,92.71,2023-02-03
Subscriptions,Gym Membership,28.73,2023-09-01
Housing,Rent,1206.8,2024-05-26
Subscriptions,Netflix,5.09,2024-11-16
Utilities,Internet Bill,237.6,2023-03-06
Subscriptions,Gym Membership,23.49,2023-10-18
Dining,Food Delivery,17.6,2024-02-27
Other,Misc Expense,66.54,2023-09-12
Housing,Mortgage,1726.14,2023-01-09
Subscriptions,Netflix,29.48,2023-07-10
Transportation,Train Ticket,112.2,2024-02-19
Dining,Fast Food,73.67,2023-06-02
Housing,Mortgage,1787.52,2023-09-21
Dining,Food Delivery,85.14,2024-12-01
Other,Online Purchase,114.96,2024-09-05
Other,Misc Expense,62.75,2024-03-28
Subscriptions,Gym Membership,8.25,2024-12-10
Subscriptions,Spotify,34.92,2023-10-07
Subscriptions,Gym Membership,18.59,2024-04-01
Housing,Rent,1929.82,2024-01-29
Other,Online Purchase,147.47,2024-08-05
Subscriptions,Gym Membership,8.21,2023-12-01
Transportation,Fuel,62.3,2024-10-31
Utilities,Water Bill,32.25,2023-06-06
Housing,Mortgage,1416.67,2023-01-12
Other,Misc Expense,42.44,2024-08-26
Dining,Fast Food,64.49,2024-06-15
Groceries,Milk,100.21,2024-07-04
Utilities,Water Bill,203.95,2023-09-06
Housing,Rent,1384.26,2023-05-21
Utilities,Electricity Bill,75.71,2024-05-12
Housing,Mortgage,1141.53,2024-12-30
Groceries,Bread,78.66,2024-05-18
Transportation,Bus Pass,75.88,2023-09-08
Groceries,Eggs,118.72,2023-12-02
Subscriptions,Spotify,36.97,2023-11-30
Housing,Mortgage,1512.42,2024-11-13
Other,Misc Expense,124.37,2024-04-16
Subscriptions,Spotify,5.07,2023-12-28
Transportation,Uber Ride,127.91,2023-05-15
Dining,Food Delivery,113.05,2024-10-29
Dining,Fast Food,96.95,2024-09-08
Transportation,Train Ticket,145.31,2023-08-18
Utilities,Internet Bill,120.44,2023-09-19
Dining,Fast Food,31.35,2023-09-15
Other,Misc Expense,29.1,2023-03-04
Transportation,Train Ticket,15.9,2024-12-02
Subscriptions,Spotify,20.96,2023-04-13
Other,Misc Expense,23.18,2023-09-13
Transportation,Uber Ride,95.84,2023-04-05
Subscriptions,Gym Membership,38.04,2023-01-23
Other,Misc Expense,63.1,2024-10-04
Groceries,Bread,35.9,2024-07-14
Transportation,Uber Ride,82.88,2024-10-02
Transportation,Train Ticket,137.13,2023-07-10
Housing,Mortgage,1175.06,2023-07-29
Utilities,Internet Bill,182.2,2023-02-18
Other,Misc Expense,21.94,2023-07-29
Subscriptions,Netflix,6.42,2024-06-01
Subscriptions,Netflix,22.19,2023-02-09
Transportation,Train Ticket,21.66,2023-03-25
Subscriptions,Spotify,36.51,2024-11-01
Other,Misc Expense,88.32,2024-02-21
Transportation,Uber Ride,52.06,2023-05-16
Dining,Restaurant,106.38,2023-12-26
Subscriptions,Gym Membership,38.51,2023-10-24
Utilities,Gas Bill,140.84,2023-07-18
Groceries,Eggs,141.5,2023-01-07
Housing,Mortgage,1855.59,2024-01-11
Groceries,Bread,8.9,2023-03-20
Groceries,Chicken,113.42,2023-05-24
Groceries,Rice,83.81,2024-04-11
Transportation,Bus Pass,121.13,2023-07-25
Other,Misc Expense,19.2,2024-04-02
Utilities,Water Bill,84.08,2024-09-16
Utilities,Internet Bill,205.97,2023-07-03
Dining,Fast Food,63.45,2024-02-12
Other,Online Purchase,28.8,2023-07-26
Dining,Restaurant,135.94,2023-12-31
Transportation,Uber Ride,64.52,2023-05-30
Transportation,Fuel,50.9,2023-12-13
Utilities,Internet Bill,60.55,2023-02-25
Housing,Rent,1848.31,2023-02-28
Utilities,Internet Bill,54.8,2023-01-08
Transportation,Fuel,83.83,2023-02-12
Dining,Food Delivery,3.4,2024-04-18
Groceries,Milk,145.81,2023-03-27
Housing,Rent,1235.1,2024-12-05
Subscriptions,Netflix,39.01,2024-01-09
Other,Online Purchase,87.43,2023-08-24
Other,Online Purchase,5.45,2024-01-15
Transportation,Bus Pass,110.91,2024-12-18
Transportation,Uber Ride,131.02,2024-03-04
Transportation,Fuel,123.2,2024-03-28
Subscriptions,Spotify,35.12,2024-12-24
Subscriptions,Netflix,14.5,2024-02-10
Housing,Mortgage,1339.65,2023-12-09
Housing,Mortgage,1402.95,2023-05-27
Housing,Rent,1798.67,2024-10-30
Groceries,Eggs,107.38,2024-07-11
Subscriptions,Netflix,8.45,2024-09-13
Utilities,Water Bill,200.43,2023-09-11
Utilities,Internet Bill,82.39,2023-11-20
Dining,Food Delivery,116.52,2024-12-17
Transportation,Train Ticket,71.42,2023-02-24
Groceries,Chicken,123.49,2023-10-16
Groceries,Rice,116.35,2023-09-27
Utilities,Internet Bill,37.26,2024-10-24
Utilities,Electricity Bill,32.36,2023-10-04
Dining,Restaurant,19.36,2023-07-08
Transportation,Train Ticket,84.11,2024-11-27
Other,Online Purchase,129.8,2024-10-04
Other,Misc Expense,16.6,2024-10-19
Other,Misc Expense,58.96,2023-04-22
Dining,Fast Food,91.95,2024-01-19
Groceries,Eggs,91.83,2024-05-20
Housing,Rent,1683.92,2023-09-02
Groceries,Vegetables,13.17,2023-02-28
Housing,Mortgage,1849.47,2024-08-26
Groceries,Rice,92.17,2024-07-15
Utilities,Water Bill,46.2,2024-08-25
Utilities,Internet Bill,139.9,2024-06-15
Subscriptions,Gym Membership,30.29,2023-02-14
Dining,Fast Food,106.52,2024-10-06
Transportation,Bus Pass,124.72,2023-12-09
Subscriptions,Netflix,17.9,2023-01-22
Housing,Mortgage,1986.66,2024-01-13
Groceries,Chicken,41.36,2023-07-04
Other,Online Purchase,71.94,2024-10-25
Transportation,Fuel,24.64,2023-07-06
Dining,Restaurant,88.4,2023-06-13
Dining,Restaurant,114.73,2024-10-08
Housing,Mortgage,1746.72,2023-03-08
Groceries,Chicken,67.11,2023-01-21
Housing,Rent,1448.91,2023-08-14
Dining,Restaurant,89.38,2023-03-11
Subscriptions,Spotify,5.12,2024-07-23
Groceries,Vegetables,71.7,2023-02-20
Other,Online Purchase,149.22,2024-05-26
Housing,Mortgage,1338.33,2023-12-19
Other,Misc Expense,71.35,2024-05-17
Other,Misc Expense,118.38,2023-03-28
Transportation,Fuel,22.72,2024-01-30
Subscriptions,Netflix,8.52,2024-07-30
Transportation,Fuel,98.18,2024-09-06
Dining,Fast Food,66.8,2024-05-17
Dining,Restaurant,96.45,2024-08-31
Transportation,Fuel,105.22,2024-07-30
Housing,Rent,1744.41,2023-06-02
Groceries,Eggs,130.2,2023-05-04
Utilities,Gas Bill,218.21,2024-08-05
Housing,Mortgage,1622.85,2024-11-17
Subscriptions,Netflix,6.7,2024-01-01
Groceries,Rice,71.65,2023-09-30
Other,Misc Expense,96.93,2023-07-13
Transportation,Uber Ride,84.0,2023-04-26
Dining,Food Delivery,76.01,2024-06-05
Dining,Fast Food,76.37,2024-09-13
Utilities,Gas Bill,165.13,2024-09-29
Housing,Mortgage,1029.65,2024-07-03
Utilities,Gas Bill,157.31,2024-04-25
Other,Online Purchase,29.08,2023-05-29
Other,Online Purchase,126.83,2024-09-18
Utilities,Electricity Bill,226.25,2024-03-12
Housing,Rent,1733.8,2023-04-25
Subscriptions,Netflix,38.68,2024-08-12
Utilities,Water Bill,179.21,2023-08-06
Housing,Rent,1377.16,2024-07-24
Utilities,Electricity Bill,116.53,2023-05-16
Subscriptions,Gym Membership,21.71,2023-08-26
Utilities,Gas Bill,69.15,2024-12-07
Utilities,Electricity Bill,178.62,2024-07-16
Dining,Fast Food,73.57,2023-05-07
Groceries,Bread,85.1,2024-02-17
Subscriptions,Gym Membership,15.16,2024-01-13
Groceries,Rice,36.92,2023-06-19
Other,Online Purchase,23.2,2023-08-15
Groceries,Rice,97.78,2024-06-06
Dining,Fast Food,136.13,2023-01-09
Other,Online Purchase,86.45,2023-10-11
Housing,Mortgage,1661.25,2024-10-25
Groceries,Eggs,50.87,2024-05-08
Housing,Mortgage,1693.36,2024-07-30
Groceries,Rice,47.2,2023-03-17
Utilities,Gas Bill,170.96,2023-07-31
Transportation,Train Ticket,76.93,2024-12-13
Groceries,Milk,104.42,2024-05-21
Transportation,Uber Ride,128.99,2023-05-25
Dining,Restaurant,10.37,2023-10-06
Subscriptions,Netflix,11.58,2024-08-28
Housing,Mortgage,1093.27,2024-03-03
Utilities,Gas Bill,156.86,2024-02-21
Subscriptions,Spotify,32.68,2023-01-05
Other,Misc Expense,50.7,2024-02-14
Subscriptions,Spotify,37.3,2024-10-20
Transportation,Bus Pass,120.87,2023-03-03
Other,Online Purchase,5.3,2023-05-30
Other,Misc Expense,117.59,2024-08-30
Dining,Fast Food,94.47,2023-12-24
Transportation,Train Ticket,19.87,2023-01-02
Groceries,Chicken,120.56,2024-06-01
Subscriptions,Gym Membership,26.4,2024-09-29
Housing,Rent,817.87,2024-10-04
Subscriptions,Netflix,38.99,2023-11-25
Utilities,Gas Bill,225.3,2023-03-21
Groceries,Milk,50.77,2024-05-26
Groceries,Bread,47.04,2024-01-14
Dining,Restaurant,97.52,2024-02-26
Transportation,Train Ticket,59.5,2023-11-06
Other,Misc Expense,136.56,2023-10-18
Dining,Restaurant,3.48,2023-07-02
Groceries,Bread,53.23,2023-09-14
Other,Misc Expense,94.58,2024-12-13
Utilities,Water Bill,155.32,2023-01-05
Dining,Restaurant,113.36,2023-09-10
Housing,Mortgage,1138.89,2023-03-05
Other,Misc Expense,125.48,2023-09-23
Dining,Food Delivery,10.29,2024-11-08
Groceries,Rice,10.46,2023-09-13
Subscriptions,Gym Membership,7.69,2024-03-28
Subscriptions,Spotify,11.65,2023-05-17
Groceries,Eggs,95.96,2023-03-29
Housing,Rent,838.64,2023-10-26
Housing,Rent,1159.1,2024-01-28
Subscriptions,Netflix,16.81,2023-09-17
Housing,Rent,1935.98,2023-12-10
Transportation,Uber Ride,31.19,2024-11-21
Utilities,Internet Bill,190.78,2023-01-13
Utilities,Gas Bill,161.4,2023-03-10
Transportation,Fuel,105.41,2023-11-24
Subscriptions,Netflix,26.44,2024-11-13
Transportation,Fuel,83.67,2024-08-02
Groceries,Vegetables,51.39,2023-11-08
Subscriptions,Netflix,33.51,2023-04-29
Housing,Rent,824.05,2024-08-19
Subscriptions,Spotify,15.16,2023-10-19
Groceries,Milk,34.81,2024-06-09
Transportation,Fuel,135.49,2024-08-18
Utilities,Electricity Bill,67.05,2023-11-26
Utilities,Electricity Bill,212.35,2024-12-28
Groceries,Milk,69.18,2023-02-13
Utilities,Electricity Bill,141.34,2023-11-06
Housing,Mortgage,1971.57,2024-06-09
Subscriptions,Spotify,26.85,2024-07-10
Groceries,Vegetables,82.74,2024-04-19
Utilities,Electricity Bill,114.83,2024-11-15
Transportation,Uber Ride,137.23,2023-11-16
Transportation,Uber Ride,149.43,2023-11-17
Utilities,Water Bill,153.14,2023-01-27
Groceries,Milk,31.03,2024-06-13
Transportation,Train Ticket,35.01,2024-01-03
Dining,Food Delivery,115.82,2023-08-30
Transportation,Train Ticket,82.84,2023-01-13
Housing,Rent,1617.14,2023-09-15
Dining,Restaurant,141.57,2024-05-03
Other,Online Purchase,95.57,2023-06-11
Groceries,Bread,49.03,2023-09-17
Utilities,Water Bill,127.02,2023-02-10
Other,Misc Expense,72.69,2023-01-31
Transportation,Train Ticket,94.0,2023-07-22
Housing,Mortgage,1873.9,2024-03-12
Housing,Mortgage,1023.34,2024-07-06
Housing,Mortgage,787.73,2023-02-10
Dining,Food Delivery,52.69,2023-10-27
Other,Online Purchase,6.01,2023-08-12
Housing,Rent,1118.52,2023-03-16
Groceries,Vegetables,101.96,2024-09-04
Housing,Mortgage,802.5,2024-04-18
Other,Online Purchase,53.67,2023-07-07
Dining,Fast Food,45.53,2023-03-08
Dining,Food Delivery,122.19,2024-06-28
Subscriptions,Gym Membership,11.23,2024-03-20
Other,Online Purchase,88.4,2023-11-23
Housing,Rent,1520.59,2024-07-18
Utilities,Water Bill,172.58,2024-11-17
Housing,Rent,1243.19,2024-10-28
Dining,Food Delivery,6.14,2023-02-10
Transportation,Train Ticket,98.65,2023-08-26
Transportation,Fuel,116.67,2023-08-25
Groceries,Chicken,93.29,2024-01-12
Subscriptions,Netflix,7.82,2024-03-12
Housing,Rent,1511.12,2023-11-23
Utilities,Gas Bill,188.38,2023-12-21
Groceries,Rice,147.56,2024-11-02
Groceries,Rice,73.48,2023-01-07
Housing,Mortgage,1522.07,2024-09-16
Subscriptions,Spotify,17.13,2024-01-22
Subscriptions,Spotify,19.51,2023-03-14
Utilities,Electricity Bill,230.63,2024-01-03
Groceries,Chicken,117.83,2023-09-21
Subscriptions,Spotify,14.73,2023-06-25
Utilities,Gas Bill,104.06,2023-07-20
Other,Online Purchase,107.07,2023-12-02
Subscriptions,Netflix,8.37,2024-02-28
Utilities,Gas Bill,194.48,2023-04-12
Groceries,Chicken,63.38,2023-11-13
Transportation,Uber Ride,101.86,2024-03-15
Utilities,Internet Bill,191.51,2023-01-11
Other,Misc Expense,110.89,2023-09-15
Groceries,Rice,37.89,2023-05-26
Utilities,Water Bill,122.36,2024-12-19
Dining,Food Delivery,118.67,2024-04-22
Other,Online Purchase,148.98,2023-07-23
Other,Online Purchase,34.82,2024-07-12
Groceries,Bread,78.85,2024-03-27
Groceries,Chicken,122.95,2024-10-31
Housing,Rent,1805.01,2024-11-21
Dining,Food Delivery,103.25,2023-11-24
Utilities,Electricity Bill,65.47,2023-11-21
Subscriptions,Spotify,34.98,2023-08-11
Groceries,Milk,47.95,2023-07-30
Utilities,Electricity Bill,249.19,2024-05-30
Dining,Restaurant,146.18,2023-02-25
Other,Misc Expense,110.6,2023-12-09
Other,Misc Expense,101.98,2023-01-27
Groceries,Bread,122.66,2024-06-29
Groceries,Chicken,120.77,2023-09-07
Housing,Mortgage,1932.57,2023-04-05
Housing,Rent,780.58,2024-05-27
Utilities,Gas Bill,85.62,2024-07-11
Groceries,Rice,9.69,2024-06-14
Transportation,Fuel,12.21,2024-10-11
Subscriptions,Spotify,27.45,2024-10-09
Utilities,Water Bill,91.94,2024-09-13
Subscriptions,Spotify,34.89,2023-08-03
Housing,Rent,992.15,2024-10-21
Transportation,Fuel,40.6,2023-07-29
Transportation,Bus Pass,22.07,2023-02-14
Dining,Fast Food,12.75,2023-02-16
Other,Online Purchase,46.25,2024-02-09
Groceries,Milk,4.76,2023-10-27
Groceries,Bread,20.93,2023-12-11
Transportation,Bus Pass,144.13,2024-04-11
Subscriptions,Spotify,30.23,2023-05-31
Housing,Rent,1435.51,2024-01-01
Dining,Food Delivery,71.25,2024-11-03
Groceries,Rice,58.53,2023-03-20
Housing,Mortgage,1868.71,2024-04-09
Dining,Fast Food,72.99,2024-03-24
Transportation,Uber Ride,35.01,2024-05-06
Dining,Food Delivery,14.24,2023-08-07
Subscriptions,Gym Membership,38.98,2023-08-17
Subscriptions,Spotify,33.0,2023-02-12
Transportation,Fuel,36.05,2023-10-09
Transportation,Uber Ride,89.28,2023-11-23
Transportation,Fuel,139.62,2023-03-28
Housing,Mortgage,912.69,2023-04-27
Subscriptions,Gym Membership,6.07,2024-08-15
Housing,Mortgage,1619.08,2023-02-11
Utilities,Electricity Bill,136.58,2023-11-23
Subscriptions,Spotify,36.75,2023-04-19
Other,Misc Expense,38.05,2024-02-05
Housing,Rent,1860.74,2023-11-10
Subscriptions,Netflix,25.42,2024-04-03
Groceries,Vegetables,85.84,2023-09-15
Groceries,Rice,36.5,2023-11-18
Other,Misc Expense,134.77,2023-01-09
Utilities,Electricity Bill,241.98,2023-03-18
Other,Misc Expense,31.99,2024-07-26
Housing,Mortgage,1561.5,2023-12-21
Transportation,Bus Pass,108.69,2023-08-13
Housing,Mortgage,1911.76,2023-02-06
Dining,Food Delivery,107.11,2024-11-24
Dining,Fast Food,71.79,2024-05-30
Other,Online Purchase,97.72,2023-05-19
Other,Online Purchase,115.06,2023-02-02
Housing,Rent,795.77,2024-11-13
Groceries,Eggs,6.18,2024-09-25
Transportation,Fuel,114.69,2023-03-11
Groceries,Bread,46.37,2023-04-19
Housing,Mortgage,1288.49,2024-12-10
Groceries,Eggs,16.93,2023-01-24
Housing,Mortgage,1172.4,2023-03-25
Subscriptions,Spotify,14.57,2024-03-19
Utilities,Gas Bill,238.39,2024-05-24
Groceries,Vegetables,41.04,2024-07-15
Dining,Fast Food,15.08,2023-01-17
Groceries,Chicken,71.09,2023-01-15
Utilities,Water Bill,131.91,2023-02-18
Housing,Mortgage,913.78,2023-01-30
Dining,Restaurant,22.79,2024-01-21
Housing,Mortgage,1392.81,2024-09-20
Other,Misc Expense,99.62,2023-09-20
Subscriptions,Gym Membership,12.48,2023-02-28
Transportation,Train Ticket,78.47,2023-04-14
Other,Misc Expense,68.02,2024-09-01
Housing,Rent,1778.07,2023-06-14
Transportation,Fuel,6.28,2024-06-24
Groceries,Milk,139.58,2024-11-27
Utilities,Electricity Bill,123.72,2023-10-23
Utilities,Water Bill,209.1,2024-01-01
Housing,Mortgage,735.66,2023-05-08
Utilities,Internet Bill,47.75,2024-05-01
Groceries,Milk,39.12,2023-09-05
Other,Misc Expense,42.81,2023-06-08
Transportation,Fuel,121.49,2024-04-25
Transportation,Uber Ride,145.96,2024-12-06
Transportation,Train Ticket,58.85,2023-11-19
Groceries,Vegetables,101.75,2023-07-30
Groceries,Milk,123.78,2023-09-22
Groceries,Vegetables,12.77,2024-08-29
Other,Online Purchase,97.09,2023-01-29
Dining,Restaurant,74.85,2023-09-11
Housing,Mortgage,885.46,2023-02-03
Transportation,Train Ticket,28.95,2024-11-22
Transportation,Bus Pass,27.1,2024-03-10
Other,Misc Expense,99.14,2023-09-08
Housing,Mortgage,1384.75,2024-11-16
Utilities,Gas Bill,56.38,2024-02-24
Groceries,Vegetables,48.96,2024-09-28
Subscriptions,Gym Membership,14.45,2023-05-26
Dining,Food Delivery,15.53,2023-10-09
Other,Misc Expense,49.24,2024-03-25
Other,Misc Expense,81.69,2023-06-07
Dining,Food Delivery,21.71,2024-10-18
Subscriptions,Spotify,8.73,2024-09-18
Subscriptions,Gym Membership,6.1,2023-07-16
Utilities,Water Bill,111.5,2023-08-24
Other,Misc Expense,78.14,2024-12-11
Utilities,Gas Bill,67.71,2024-06-14
Groceries,Eggs,7.12,2024-05-22
Transportation,Uber Ride,131.31,2024-11-12
Subscriptions,Netflix,35.89,2024-10-07
Other,Misc Expense,121.82,2024-01-05
Transportation,Bus Pass,137.07,2024-01-02
Utilities,Gas Bill,134.14,2024-05-15
Dining,Fast Food,44.94,2023-10-08
Subscriptions,Spotify,25.56,2023-02-04
Transportation,Fuel,44.5,2023-02-24
Groceries,Rice,4.28,2024-08-04
Subscriptions,Gym Membership,18.66,2024-07-13
Dining,Restaurant,144.16,2024-11-18
Dining,Fast Food,121.52,2023-08-01
Dining,Fast Food,90.27,2024-07-29
Transportation,Bus Pass,99.02,2024-01-24
Groceries,Chicken,17.8,2023-05-05
Groceries,Eggs,6.58,2023-06-10
Other,Misc Expense,40.23,2023-12-29
Housing,Rent,660.93,2024-03-20
Groceries,Chicken,125.58,2024-09-21
Other,Online Purchase,23.78,2024-10-09
Housing,Mortgage,1216.5,2023-05-27
Dining,Restaurant,56.0,2023-04-17
Housing,Mortgage,774.13,2024-02-08
Other,Online Purchase,34.99,2024-01-16
Groceries,Vegetables,124.31,2024-11-27
Housing,Mortgage,1488.47,2024-06-04
Subscriptions,Spotify,37.82,2024-04-15
Subscriptions,Gym Membership,29.0,2023-09-06
Dining,Restaurant,118.59,2024-05-26
Subscriptions,Spotify,30.41,2023-12-11
Other,Misc Expense,91.86,2023-12-29
Housing,Mortgage,1626.26,2023-04-29
Utilities,Internet Bill,189.64,2024-05-19
Housing,Mortgage,1808.43,2023-05-28
Dining,Food Delivery,18.65,2023-08-23
Utilities,Water Bill,91.57,2023-01-25
Utilities,Water Bill,75.91,2024-11-12
Utilities,Internet Bill,131.57,2023-10-05
Housing,Rent,987.48,2023-02-11
Transportation,Fuel,52.44,2024-01-11
Groceries,Milk,27.02,2024-01-22
Utilities,Electricity Bill,242.26,2023-12-25
Groceries,Bread,106.98,2023-05-15
Subscriptions,Gym Membership,6.33,2024-10-27
Transportation,Bus Pass,89.39,2023-06-23
Other,Online Purchase,68.03,2024-03-06
Dining,Fast Food,119.8,2023-07-06
Utilities,Water Bill,88.3,2023-08-23
Other,Misc Expense,31.45,2023-05-17
Housing,Mortgage,902.33,2024-03-04
Other,Online Purchase,14.73,2023-12-19
Groceries,Milk,4.75,2024-01-24
Groceries,Rice,67.83,2023-06-19
Groceries,Eggs,31.48,2024-10-05
Housing,Mortgage,1575.67,2024-01-30
Subscriptions,Gym Membership,38.99,2023-12-18
Utilities,Internet Bill,228.57,2024-05-02
Utilities,Electricity Bill,108.34,2023-01-05
Subscriptions,Gym Membership,7.29,2024-04-09
Utilities,Electricity Bill,155.04,2024-01-06
Groceries,Rice,94.54,2023-08-27
Dining,Fast Food,127.95,2023-08-22
Groceries,Bread,93.01,2023-07-17
Transportation,Uber Ride,112.09,2024-06-13
Transportation,Uber Ride,134.38,2023-06-13
Housing,Mortgage,1996.76,2024-09-13
Housing,Rent,1176.76,2023-01-19
Groceries,Chicken,11.64,2023-06-04
Utilities,Electricity Bill,168.22,2023-03-29
Other,Online Purchase,141.73,2023-05-05
Subscriptions,Gym Membership,39.14,2023-12-22
Utilities,Water Bill,171.5,2023-11-28
Subscriptions,Spotify,9.6,2023-08-03
Groceries,Eggs,122.17,2024-09-30
Subscriptions,Gym Membership,17.28,2024-04-16
Transportation,Fuel,119.07,2023-01-31
Utilities,Water Bill,210.19,2024-07-18
Subscriptions,Gym Membership,20.19,2023-01-04
Subscriptions,Spotify,21.27,2023-01-13
Utilities,Gas Bill,78.63,2023-01-25
Groceries,Rice,78.45,2024-07-13
Dining,Fast Food,98.5,2024-06-12
Housing,Mortgage,1555.88,2023-12-13
Groceries,Chicken,52.8,2023-04-10
Transportation,Bus Pass,9.33,2024-09-25
Other,Misc Expense,28.87,2023-09-12
Dining,Fast Food,94.44,2024-11-24
Dining,Restaurant,68.46,2024-05-28
Dining,Fast Food,18.34,2023-05-08
Transportation,Train Ticket,8.79,2023-08-20
Housing,Mortgage,1053.53,2023-02-17
Housing,Mortgage,804.73,2024-05-13
Dining,Fast Food,100.37,2023-10-30
Subscriptions,Netflix,36.65,2023-04-20
Dining,Food Delivery,113.57,2024-01-22
Dining,Fast Food,145.39,2024-03-28
Subscriptions,Gym Membership,35.7,2024-03-05
Subscriptions,Gym Membership,35.27,2024-12-14
Other,Misc Expense,81.34,2024-04-02
Transportation,Uber Ride,143.79,2023-03-30
Groceries,Rice,97.91,2024-03-23
Dining,Food Delivery,25.23,2024-03-15
Transportation,Uber Ride,77.09,2024-10-01
Utilities,Internet Bill,226.41,2023-08-10
Dining,Fast Food,10.7,2023-06-13
Transportation,Train Ticket,132.19,2023-04-23
Dining,Food Delivery,42.1,2024-11-23
Housing,Rent,962.15,2023-09-10
Dining,Food Delivery,5.14,2024-03-26
Groceries,Eggs,8.77,2024-10-05
Subscriptions,Netflix,7.39,2024-06-05
Other,Misc Expense,57.87,2024-08-16
Utilities,Internet Bill,228.61,2023-05-23
Other,Online Purchase,125.55,2023-08-14
Housing,Rent,891.68,2023-12-17
Other,Misc Expense,20.32,2024-01-08
Dining,Fast Food,148.56,2023-03-16
Utilities,Water Bill,151.56,2023-12-16
Dining,Food Delivery,77.37,2024-08-12
Transportation,Uber Ride,57.01,2023-05-26
Housing,Mortgage,1685.83,2024-01-25
Groceries,Milk,88.31,2023-01-01
Other,Misc Expense,137.78,2024-07-04
Utilities,Internet Bill,40.16,2023-07-30
Groceries,Bread,135.58,2023-10-03
Groceries,Bread,123.81,2024-02-20
Transportation,Train Ticket,21.38,2024-06-11
Transportation,Fuel,110.64,2024-07-02
Transportation,Fuel,130.26,2024-03-27
Other,Online Purchase,111.25,2023-02-14
Dining,Restaurant,6.66,2023-10-06
Dining,Restaurant,125.24,2023-09-03
Utilities,Internet Bill,41.19,2023-10-12
Housing,Rent,1524.67,2023-11-13
Transportation,Train Ticket,59.97,2024-03-24
Groceries,Vegetables,110.05,2024-01-26
Utilities,Internet Bill,222.5,2024-01-02
Dining,Food Delivery,75.0,2023-11-05
Other,Online Purchase,111.64,2023-09-19
Transportation,Fuel,66.08,2024-06-20
Utilities,Gas Bill,189.38,2023-11-11
Groceries,Eggs,28.04,2024-06-02
Transportation,Train Ticket,95.28,2023-09-14
Groceries,Vegetables,110.9,2024-05-30
Subscriptions,Spotify,12.25,2023-09-22
Housing,Rent,825.45,2023-07-29
Housing,Rent,1419.32,2024-06-20
Other,Online Purchase,21.03,2024-07-30
Other,Online Purchase,5.1,2024-12-16
Other,Online Purchase,34.11,2023-05-22
Housing,Rent,982.35,2024-06-07
Transportation,Bus Pass,64.73,2024-05-09
Groceries,Eggs,125.02,2024-11-13
Transportation,Uber Ride,110.91,2024-04-20
Housing,Mortgage,1015.38,2024-03-03
Subscriptions,Gym Membership,25.19,2023-04-12
Dining,Food Delivery,123.36,2023-11-14
Transportation,Fuel,98.98,2024-05-18
Other,Misc Expense,113.52,2024-02-14
Transportation,Fuel,108.78,2024-01-30
Dining,Fast Food,73.66,2024-02-08
Groceries,Chicken,54.86,2023-01-09
Subscriptions,Gym Membership,16.97,2024-10-18
Utilities,Internet Bill,223.7,2023-07-09
Groceries,Rice,56.47,2023-10-22
Subscriptions,Gym Membership,22.33,2023-05-18
Subscriptions,Gym Membership,39.86,2024-04-24
Transportation,Bus Pass,111.84,2023-05-26
Utilities,Electricity Bill,181.13,2024-07-21
Transportation,Uber Ride,63.88,2024-09-13
Utilities,Internet Bill,81.08,2024-06-22
Dining,Food Delivery,43.52,2023-03-05
Dining,Fast Food,23.53,2024-02-29
Other,Misc Expense,32.72,2023-02-08
Utilities,Water Bill,49.3,2023-09-11
Groceries,Bread,16.08,2024-12-14
Utilities,Water Bill,34.36,2023-03-22
Groceries,Milk,120.74,2024-06-04
Transportation,Uber Ride,61.87,2023-09-15
Subscriptions,Gym Membership,23.31,2023-11-24
Transportation,Train Ticket,105.39,2023-12-31
Utilities,Internet Bill,46.46,2023-07-17
Dining,Food Delivery,70.25,2023-09-17
Transportation,Fuel,107.0,2024-06-19
Utilities,Gas Bill,129.67,2024-08-08
Subscriptions,Netflix,20.97,2023-04-02
Housing,Rent,1956.43,2024-03-10
Subscriptions,Spotify,13.66,2023-07-28
Other,Misc Expense,107.46,2024-07-04
Dining,Food Delivery,39.8,2024-04-20
Housing,Rent,1555.52,2023-02-17
Housing,Rent,1649.96,2023-04-24
Other,Misc Expense,21.95,2024-03-10
Subscriptions,Spotify,19.73,2023-06-22
Subscriptions,Netflix,35.99,2024-07-03
Transportation,Train Ticket,66.45,2024-01-06
Other,Online Purchase,74.33,2024-08-27
Dining,Restaurant,66.81,2024-08-01
Housing,Rent,1828.82,2023-05-15
Housing,Mortgage,1449.4,2023-03-01
Housing,Mortgage,1637.69,2023-05-11
Other,Online Purchase,30.62,2024-11-07
Dining,Restaurant,17.83,2023-05-12
Groceries,Eggs,96.63,2024-08-08
Groceries,Vegetables,43.28,2023-12-27
Housing,Mortgage,1026.64,2023-10-05
Dining,Food Delivery,29.88,2023-02-06
Groceries,Rice,52.48,2024-02-22
Utilities,Water Bill,246.79,2023-12-28
Groceries,Chicken,25.88,2023-07-13
Housing,Rent,1052.25,2024-11-20
Subscriptions,Netflix,5.51,2023-02-24
Housing,Mortgage,1922.16,2024-09-01
Other,Misc Expense,12.64,2023-10-08
Utilities,Electricity Bill,92.28,2023-11-01
Utilities,Gas Bill,91.6,2023-01-15
Other,Online Purchase,111.41,2023-09-10
Utilities,Electricity Bill,170.72,2024-08-01
Subscriptions,Spotify,14.27,2023-01-05
Transportation,Train Ticket,15.65,2024-09-26
Groceries,Rice,74.18,2024-11-16
Subscriptions,Netflix,16.5,2024-12-07
Utilities,Water Bill,137.57,2024-10-06
Housing,Rent,1096.44,2023-09-21
Dining,Fast Food,12.54,2023-05-11
Dining,Fast Food,72.94,2023-08-19
Transportation,Bus Pass,48.57,2023-04-20
Transportation,Fuel,140.83,2023-07-04
Dining,Fast Food,65.91,2023-12-14
Housing,Rent,1718.09,2024-08-13
Housing,Rent,850.92,2024-12-25
Groceries,Bread,144.37,2023-12-21
Groceries,Vegetables,17.44,2023-09-18
Other,Online Purchase,96.58,2024-08-06
Groceries,Rice,26.17,2024-09-25
Other,Misc Expense,77.12,2023-10-22
Other,Misc Expense,72.55,2023-08-09
Housing,Rent,1444.23,2024-09-10
Other,Online Purchase,35.49,2023-04-25
Housing,Rent,1218.25,2024-09-05
Utilities,Gas Bill,176.95,2023-03-31
Transportation,Train Ticket,15.39,2023-04-02
Dining,Food Delivery,30.49,2023-07-01
Groceries,Vegetables,60.56,2024-10-31
Housing,Mortgage,664.2,2023-10-10
Other,Misc Expense,30.87,2023-09-15
Utilities,Internet Bill,85.22,2023-06-14
Housing,Mortgage,954.04,2023-06-10
Housing,Rent,1248.74,2023-06-03
Utilities,Internet Bill,140.05,2023-11-23
Utilities,Internet Bill,216.38,2024-06-03
Dining,Food Delivery,49.98,2024-05-08
Groceries,Milk,91.43,2023-08-12
Utilities,Gas Bill,33.14,2024-08-25
Groceries,Milk,100.84,2023-08-05
Housing,Rent,1623.24,2024-03-10
Housing,Mortgage,1838.59,2023-10-18
Dining,Fast Food,84.07,2023-05-04
Dining,Restaurant,84.25,2023-11-13
Dining,Food Delivery,7.09,2023-10-24
Transportation,Fuel,96.75,2023-08-14
Utilities,Gas Bill,107.82,2024-11-17
Dining,Food Delivery,44.9,2023-03-08
Transportation,Bus Pass,113.04,2023-07-25
Transportation,Uber Ride,71.43,2024-05-21
Utilities,Gas Bill,196.39,2024-06-11
Transportation,Uber Ride,118.78,2024-05-26
Dining,Food Delivery,102.17,2024-01-03
Housing,Mortgage,1171.74,2024-02-26
Groceries,Milk,118.49,2024-10-17
Other,Online Purchase,106.68,2024-04-03
Housing,Mortgage,1397.12,2024-02-09
Housing,Mortgage,1492.4,2023-04-01
Groceries,Chicken,26.48,2023-05-11
Transportation,Uber Ride,110.66,2023-12-13
Transportation,Fuel,137.92,2024-10-11
Transportation,Train Ticket,69.61,2023-05-14
Utilities,Internet Bill,39.92,2023-03-13
Transportation,Train Ticket,140.55,2023-11-11
Utilities,Electricity Bill,216.18,2023-02-17
Subscriptions,Netflix,22.03,2023-07-03
Subscriptions,Gym Membership,5.56,2023-07-25
Transportation,Train Ticket,48.78,2024-11-18
Utilities,Water Bill,170.35,2023-02-03
Groceries,Vegetables,148.42,2024-11-14
Transportation,Fuel,134.97,2024-07-24
Transportation,Uber Ride,70.75,2024-03-18
Housing,Mortgage,676.21,2024-07-12
Dining,Food Delivery,140.27,2024-11-06
Housing,Mortgage,1164.02,2024-12-04
Subscriptions,Netflix,39.19,2024-06-01
Utilities,Gas Bill,124.81,2024-02-06
Dining,Food Delivery,48.37,2024-07-29
Utilities,Internet Bill,210.31,2024-11-27
Subscriptions,Gym Membership,23.13,2024-06-01
Utilities,Gas Bill,33.61,2023-12-01
Transportation,Train Ticket,52.13,2024-10-10
Dining,Restaurant,86.92,2023-07-08
Dining,Fast Food,86.14,2023-05-30
Utilities,Water Bill,191.57,2023-06-12
Dining,Restaurant,95.91,2023-11-08
Housing,Mortgage,1748.05,2024-09-12
Housing,Rent,676.79,2024-11-29
Transportation,Fuel,28.99,2024-11-19
Housing,Rent,951.97,2024-03-16
Dining,Fast Food,18.49,2023-12-28
Groceries,Eggs,91.13,2024-01-31
Groceries,Chicken,10.08,2024-01-23
Other,Misc Expense,27.81,2024-07-16
Dining,Food Delivery,112.69,2024-12-13
Subscriptions,Spotify,26.56,2023-06-23
Transportation,Bus Pass,91.8,2023-09-18
Groceries,Bread,102.99,2024-10-27
Housing,Mortgage,1939.91,2024-09-28
Housing,Mortgage,721.35,2024-11-14
Transportation,Bus Pass,9.92,2024-07-28
Subscriptions,Netflix,13.24,2023-04-14
Subscriptions,Netflix,9.25,2024-08-16
Housing,Rent,1189.16,2023-03-11
Other,Online Purchase,97.87,2023-07-28
Dining,Fast Food,91.56,2023-09-11
Housing,Rent,1542.83,2023-06-11
Utilities,Electricity Bill,77.31,2024-05-28
Other,Misc Expense,29.52,2023-01-07
Housing,Rent,739.17,2023-06-05
Utilities,Electricity Bill,83.32,2024-02-09
Housing,Rent,1007.52,2023-01-05
Subscriptions,Gym Membership,10.88,2023-02-16
Utilities,Water Bill,160.86,2024-03-12
Dining,Restaurant,8.14,2023-04-26
Utilities,Gas Bill,227.46,2023-09-08
Groceries,Vegetables,116.67,2024-05-12
Housing,Mortgage,1405.41,2024-12-06
Groceries,Milk,105.78,2024-12-07
Groceries,Vegetables,88.53,2023-03-23
Dining,Fast Food,130.72,2023-08-06
Other,Online Purchase,141.03,2023-11-13
Subscriptions,Netflix,12.66,2024-06-06
Other,Misc Expense,19.72,2023-03-16
Transportation,Bus Pass,108.66,2023-11-08
Dining,Food Delivery,19.94,2024-04-21
Housing,Rent,1565.93,2024-04-08
Groceries,Bread,73.95,2024-06-29
Utilities,Electricity Bill,41.71,2024-09-30
Utilities,Electricity Bill,149.97,2023-07-26
Transportation,Uber Ride,29.27,2023-07-29
Utilities,Electricity Bill,179.88,2023-01-26
Transportation,Train Ticket,29.16,2024-12-15
Groceries,Chicken,37.32,2024-11-30
Housing,Mortgage,1231.22,2023-06-14
Transportation,Train Ticket,99.36,2023-02-13
Utilities,Electricity Bill,51.72,2024-04-23
Subscriptions,Spotify,10.8,2023-08-09
Utilities,Internet Bill,35.85,2023-03-27
Dining,Fast Food,77.31,2023-04-26
Other,Misc Expense,148.12,2024-04-24
Other,Misc Expense,111.32,2024-09-04
Groceries,Bread,50.02,2023-12-08
Utilities,Internet Bill,195.88,2024-03-18
Dining,Restaurant,117.62,2023-06-24
Utilities,Electricity Bill,95.75,2024-05-09
Housing,Mortgage,1799.98,2023-10-17
Housing,Rent,876.34,2024-09-14
Subscriptions,Spotify,7.12,2023-12-17
Groceries,Rice,50.39,2023-11-24
Groceries,Chicken,41.14,2023-11-24
Utilities,Gas Bill,137.67,2023-03-05
Utilities,Internet Bill,125.96,2024-09-16
Dining,Restaurant,110.87,2024-07-26
Housing,Rent,1510.58,2024-02-07
Transportation,Bus Pass,125.12,2023-12-14
Subscriptions,Netflix,30.13,2023-01-08
Groceries,Rice,135.71,2024-03-28
Utilities,Internet Bill,246.02,2023-09-06
Housing,Rent,1390.59,2023-05-01
Other,Online Purchase,22.17,2024-01-05
Groceries,Milk,113.46,2023-03-06
Other,Online Purchase,40.58,2024-03-13
Utilities,Internet Bill,46.06,2024-09-24
Subscriptions,Netflix,11.26,2023-02-12
Dining,Fast Food,12.44,2024-11-21
Dining,Food Delivery,107.85,2023-10-07
Other,Misc Expense,120.89,2023-04-01
Dining,Restaurant,101.24,2023-10-06
Subscriptions,Spotify,35.02,2024-08-03
Dining,Food Delivery,84.75,2023-07-19
Housing,Rent,1937.46,2023-09-18
Other,Online Purchase,68.83,2024-11-07
Subscriptions,Netflix,15.42,2024-12-02
Groceries,Bread,82.73,2024-11-04
Subscriptions,Netflix,36.99,2023-04-13
Other,Misc Expense,123.68,2023-12-10
Housing,Mortgage,1573.28,2024-04-20
Dining,Fast Food,135.61,2024-08-21
Other,Misc Expense,22.0,2024-08-01
Dining,Food Delivery,7.26,2024-05-10
Groceries,Chicken,25.53,2023-04-07
Dining,Fast Food,48.04,2023-03-18
Dining,Fast Food,114.48,2023-02-11
Utilities,Water Bill,152.13,2023-09-15
Housing,Mortgage,1027.47,2024-05-31
Other,Online Purchase,67.74,2024-11-03
Utilities,Gas Bill,190.28,2023-03-02
Subscriptions,Spotify,27.55,2023-07-06
Subscriptions,Spotify,24.45,2023-08-30
Transportation,Fuel,28.67,2024-04-14
Utilities,Water Bill,189.45,2024-12-18
Dining,Food Delivery,95.17,2023-06-17
Housing,Mortgage,1741.81,2023-09-06
Subscriptions,Gym Membership,19.83,2024-09-12
Other,Misc Expense,115.57,2023-10-21
Subscriptions,Spotify,28.71,2023-09-12
Subscriptions,Gym Membership,30.3,2024-02-07
Other,Misc Expense,22.24,2023-09-03
Subscriptions,Netflix,24.35,2024-11-08
Dining,Fast Food,27.41,2023-06-09
Dining,Restaurant,52.02,2023-08-20
Other,Online Purchase,128.96,2023-01-04
Dining,Food Delivery,26.23,2023-04-17
Dining,Fast Food,31.58,2023-10-04
Other,Online Purchase,20.15,2024-12-08
Utilities,Electricity Bill,181.74,2023-09-19
Housing,Mortgage,1823.13,2023-08-05
Dining,Restaurant,120.56,2024-06-24
Subscriptions,Spotify,12.6,2024-01-09
Dining,Restaurant,44.65,2023-09-30
Transportation,Bus Pass,120.48,2023-05-01
Housing,Mortgage,1819.77,2023-05-31
Groceries,Milk,18.47,2023-12-14
Transportation,Bus Pass,46.08,2024-08-04
Transportation,Fuel,97.31,2023-06-20
Other,Online Purchase,95.87,2024-06-28
Housing,Mortgage,1475.64,2023-11-04
Dining,Restaurant,77.33,2024-01-11
Groceries,Bread,94.73,2023-05-06
Dining,Fast Food,113.61,2024-10-19
Subscriptions,Netflix,28.12,2023-10-23
Utilities,Internet Bill,127.0,2023-07-29
Transportation,Train Ticket,98.82,2024-09-28
Subscriptions,Gym Membership,18.11,2024-10-22
Subscriptions,Netflix,34.89,2023-03-04
Dining,Fast Food,122.0,2023-09-25
Transportation,Uber Ride,120.15,2023-08-14
Other,Misc Expense,73.58,2024-08-05
Utilities,Water Bill,240.73,2024-07-25
Utilities,Gas Bill,73.25,2023-03-20
Groceries,Vegetables,76.97,2023-05-24
Transportation,Fuel,147.01,2023-09-02
Housing,Mortgage,1552.78,2024-01-29
Utilities,Gas Bill,40.44,2024-10-12
Groceries,Eggs,95.89,2023-01-14
Dining,Fast Food,111.25,2024-08-27
Dining,Restaurant,109.63,2024-01-22
Other,Misc Expense,38.62,2024-04-01
Transportation,Uber Ride,132.5,2023-05-31
Other,Online Purchase,79.27,2024-05-17
Subscriptions,Gym Membership,18.5,2023-01-10
Dining,Restaurant,127.88,2023-09-30
Dining,Restaurant,54.45,2023-01-10
Groceries,Milk,135.36,2023-11-23
Groceries,Bread,109.89,2023-07-15
Groceries,Rice,9.48,2023-09-18
Other,Online Purchase,30.53,2024-05-07
Utilities,Internet Bill,241.69,2024-06-07
Utilities,Water Bill,67.98,2024-07-21
Dining,Restaurant,41.85,2024-12-19
Subscriptions,Gym Membership,18.02,2024-04-18
Subscriptions,Spotify,26.63,2024-10-13
Other,Misc Expense,77.27,2023-09-25
Utilities,Electricity Bill,172.41,2023-10-20
Groceries,Eggs,126.21,2023-05-20
Transportation,Fuel,5.03,2024-05-02
Utilities,Internet Bill,185.22,2024-06-30
Dining,Restaurant,108.61,2023-12-29
Subscriptions,Spotify,29.66,2023-11-26
Housing,Mortgage,1053.14,2024-04-26
Housing,Mortgage,1654.93,2024-05-16
Housing,Rent,640.2,2023-11-18
Dining,Fast Food,87.49,2024-11-06
Other,Online Purchase,60.32,2024-03-20
Groceries,Rice,48.85,2024-10-02
Groceries,Milk,57.24,2023-08-12
Subscriptions,Spotify,23.74,2023-11-21
Groceries,Eggs,123.14,2023-08-24
Subscriptions,Netflix,16.94,2024-03-20
Housing,Rent,1343.03,2024-07-18
Housing,Mortgage,1949.36,2024-03-11
Housing,Rent,1186.8,2024-01-01
Transportation,Fuel,136.36,2024-02-07
Groceries,Rice,51.02,2023-03-25
Other,Online Purchase,15.8,2023-04-01
Subscriptions,Spotify,10.78,2023-05-21
Dining,Fast Food,126.25,2023-10-20
Groceries,Chicken,6.43,2023-05-14
Other,Misc Expense,53.75,2023-10-28
Groceries,Chicken,54.31,2024-09-13
Housing,Rent,1122.9,2023-12-11
Utilities,Gas Bill,133.54,2024-04-09
Other,Misc Expense,8.6,2024-04-02
Housing,Mortgage,1897.15,2023-11-27
Dining,Restaurant,74.42,2023-09-16
Subscriptions,Gym Membership,17.34,2023-06-08
Transportation,Uber Ride,28.06,2023-12-05
Other,Misc Expense,64.64,2024-08-29
Other,Online Purchase,15.1,2024-05-18
Other,Misc Expense,116.61,2023-06-11
Other,Misc Expense,89.58,2024-10-11
Utilities,Gas Bill,197.37,2024-03-14
Transportation,Train Ticket,33.73,2024-10-01
Dining,Fast Food,40.45,2024-08-21
Subscriptions,Gym Membership,7.11,2023-08-18
Housing,Mortgage,1212.72,2023-03-02
Subscriptions,Spotify,16.99,2023-03-26
Utilities,Gas Bill,154.13,2023-11-24
Dining,Fast Food,35.54,2024-12-12
Subscriptions,Spotify,39.76,2024-11-22
Subscriptions,Spotify,13.67,2023-06-14
Subscriptions,Spotify,15.93,2024-03-20
Housing,Rent,683.37,2023-12-29
Utilities,Electricity Bill,84.13,2023-09-27
Dining,Restaurant,13.14,2024-09-05
Dining,Food Delivery,75.92,2024-04-04
Utilities,Water Bill,228.43,2024-09-09
Other,Online Purchase,99.87,2024-12-09
Subscriptions,Netflix,29.92,2024-09-19
Groceries,Rice,15.5,2024-01-29
Groceries,Bread,32.74,2024-11-24
Utilities,Electricity Bill,112.22,2023-10-16
Groceries,Chicken,98.57,2023-09-13
Dining,Food Delivery,121.24,2024-03-16
Groceries,Vegetables,29.57,2023-01-17
Housing,Rent,1259.72,2024-07-20
Subscriptions,Netflix,28.95,2023-03-10
Groceries,Chicken,38.32,2024-03-01
Dining,Food Delivery,146.54,2024-02-28
Dining,Fast Food,118.12,2024-04-10
Utilities,Internet Bill,239.91,2024-01-22
Transportation,Bus Pass,54.24,2023-12-05
Subscriptions,Netflix,36.48,2024-05-31
Groceries,Chicken,51.63,2024-12-13
Transportation,Train Ticket,55.66,2023-04-24
Groceries,Milk,23.54,2024-10-01
Utilities,Gas Bill,81.71,2023-02-20
Subscriptions,Gym Membership,9.74,2024-12-08
Utilities,Water Bill,223.33,2023-07-30
Transportation,Uber Ride,48.76,2024-11-01
Subscriptions,Spotify,32.49,2024-04-20
Groceries,Bread,58.35,2023-01-18
Dining,Restaurant,120.64,2024-03-08
Groceries,Rice,67.68,2023-04-19
Transportation,Uber Ride,112.71,2023-11-01
Transportation,Fuel,67.24,2023-04-20
Dining,Fast Food,85.69,2023-09-08
Housing,Mortgage,1234.43,2024-08-15
Dining,Restaurant,11.02,2024-08-20
Transportation,Uber Ride,67.21,2023-12-02
Other,Misc Expense,137.98,2023-12-20
Utilities,Electricity Bill,192.92,2024-01-05
Subscriptions,Gym Membership,21.17,2023-04-25
Utilities,Gas Bill,148.14,2024-06-27
Other,Online Purchase,89.99,2024-08-26
Transportation,Bus Pass,142.9,2024-01-29
Housing,Mortgage,694.11,2024-12-24
Housing,Mortgage,1743.1,2024-11-03
Transportation,Bus Pass,66.59,2023-11-26
Utilities,Water Bill,31.3,2023-09-22
Groceries,Eggs,27.97,2023-06-09
Other,Misc Expense,75.84,2024-01-10
Transportation,Bus Pass,75.58,2023-01-10
Other,Online Purchase,76.81,2024-04-26
Other,Misc Expense,91.07,2023-12-21
Other,Online Purchase,21.37,2024-12-02
Transportation,Fuel,69.36,2023-02-14
Housing,Rent,800.55,2024-10-19
Transportation,Uber Ride,112.21,2024-05-30
Housing,Rent,1567.67,2024-11-13
Groceries,Rice,74.08,2024-12-29
Groceries,Vegetables,75.81,2023-10-04
Housing,Mortgage,947.47,2024-02-28
Groceries,Bread,100.55,2023-01-13
Housing,Mortgage,778.5,2024-12-02
Housing,Rent,975.47,2024-05-07
Transportation,Train Ticket,74.71,2023-10-23
Housing,Rent,1596.28,2024-11-13
Other,Online Purchase,130.77,2024-07-29
Other,Misc Expense,75.01,2024-05-29
Transportation,Uber Ride,144.04,2024-11-27
Groceries,Rice,136.37,2024-02-05
Subscriptions,Gym Membership,17.55,2024-04-24
Groceries,Vegetables,50.79,2024-03-01
Housing,Mortgage,1189.92,2024-07-27
Subscriptions,Spotify,24.8,2024-03-06
Housing,Rent,1170.27,2023-01-15
Transportation,Bus Pass,49.1,2024-12-13
Dining,Restaurant,129.95,2023-03-15
Utilities,Water Bill,121.37,2023-07-12
Utilities,Water Bill,111.72,2023-03-18
Subscriptions,Netflix,26.24,2023-03-10
Subscriptions,Netflix,10.09,2024-12-27
Dining,Food Delivery,69.3,2023-11-16
Subscriptions,Gym Membership,25.29,2024-07-20
Transportation,Fuel,86.95,2024-06-03
Housing,Mortgage,719.38,2024-03-11
Utilities,Electricity Bill,138.83,2023-02-22
Transportation,Train Ticket,60.14,2023-07-07
Utilities,Gas Bill,190.99,2024-03-08
Transportation,Train Ticket,37.55,2023-05-04
Utilities,Internet Bill,159.01,2023-01-11
Groceries,Rice,60.4,2023-04-21
Other,Online Purchase,86.89,2024-05-29
Other,Misc Expense,38.83,2024-11-29
Housing,Rent,1107.95,2023-12-21
Utilities,Internet Bill,203.39,2023-06-27
Utilities,Electricity Bill,106.63,2024-04-26
Utilities,Gas Bill,112.22,2024-09-27
Housing,Mortgage,1451.18,2023-11-13
Other,Online Purchase,3.27,2023-11-02
Groceries,Vegetables,8.19,2023-06-13
Dining,Restaurant,5.71,2023-05-11
Transportation,Train Ticket,107.29,2023-11-08
Other,Misc Expense,33.43,2023-11-29
Utilities,Water Bill,214.59,2023-03-24
Groceries,Chicken,78.68,2023-06-04
Groceries,Bread,125.72,2024-07-07
Groceries,Vegetables,126.93,2024-11-19
Housing,Mortgage,1978.96,2023-05-23
Housing,Rent,879.82,2024-10-27
Housing,Rent,731.44,2023-06-17
Subscriptions,Netflix,32.83,2023-01-31
Other,Online Purchase,96.72,2024-03-10
Dining,Fast Food,36.59,2024-10-28
Housing,Mortgage,1309.97,2024-10-27
Utilities,Water Bill,216.79,2024-08-18
Subscriptions,Spotify,11.74,2024-12-01
Dining,Food Delivery,10.24,2023-06-27
Housing,Mortgage,643.21,2023-08-19
Dining,Fast Food,35.15,2024-10-10
Housing,Rent,750.72,2023-07-25
Utilities,Gas Bill,57.75,2024-12-06
Dining,Food Delivery,51.51,2024-04-07
Other,Online Purchase,88.56,2023-12-17
Groceries,Vegetables,39.68,2024-01-14
Dining,Food Delivery,69.85,2023-03-05
Dining,Restaurant,21.49,2024-02-12
Transportation,Train Ticket,44.75,2024-09-29
Transportation,Uber Ride,76.57,2023-06-13
Other,Online Purchase,77.63,2023-06-23
Groceries,Vegetables,13.85,2023-05-04
Transportation,Fuel,67.93,2024-02-28
Transportation,Uber Ride,39.18,2023-03-28
Dining,Fast Food,67.75,2023-12-21
Utilities,Water Bill,184.69,2024-02-01
Groceries,Chicken,99.36,2024-11-03
Transportation,Uber Ride,133.74,2023-05-15
Subscriptions,Spotify,14.22,2023-10-31
Utilities,Gas Bill,100.36,2024-05-06
Other,Misc Expense,129.93,2023-03-20
Housing,Rent,1350.48,2024-03-23
Transportation,Bus Pass,5.42,2023-02-04
Housing,Rent,1432.07,2024-02-14
Housing,Mortgage,798.31,2023-08-02
Subscriptions,Gym Membership,30.94,2024-01-09
Other,Online Purchase,59.39,2023-01-16
Groceries,Chicken,117.69,2023-03-31
Utilities,Internet Bill,114.23,2024-07-29
Other,Misc Expense,101.69,2024-02-24
Groceries,Vegetables,81.06,2024-07-01
Groceries,Rice,22.96,2024-11-15
Utilities,Electricity Bill,228.7,2024-10-11
Housing,Rent,1368.79,2023-03-10
Utilities,Electricity Bill,157.12,2024-03-13
Dining,Fast Food,66.01,2023-08-14
Dining,Restaurant,141.81,2023-07-24
Housing,Mortgage,1684.08,2024-05-30
Utilities,Internet Bill,136.26,2024-04-16
Housing,Rent,1575.13,2023-12-22
Dining,Food Delivery,129.0,2024-05-17
Other,Misc Expense,126.33,2023-07-18
Subscriptions,Spotify,6.19,2023-09-24
Dining,Fast Food,32.58,2023-09-07
Groceries,Rice,39.93,2024-09-03
Groceries,Chicken,142.1,2023-12-16
Transportation,Fuel,134.46,2024-10-31
Subscriptions,Spotify,13.44,2024-11-07
Groceries,Eggs,79.07,2024-05-29
Dining,Food Delivery,21.3,2023-06-14
Transportation,Train Ticket,147.21,2023-05-20
Subscriptions,Netflix,35.88,2023-05-11
Transportation,Bus Pass,147.71,2024-06-04
Groceries,Vegetables,7.8,2023-12-02
Subscriptions,Netflix,34.73,2023-10-28
Dining,Restaurant,125.3,2024-09-14
Other,Misc Expense,115.98,2023-01-14
Groceries,Milk,13.34,2024-08-16
Housing,Rent,1895.3,2024-04-06
Utilities,Gas Bill,127.03,2024-12-27
Utilities,Gas Bill,92.27,2024-02-16
Other,Online Purchase,123.58,2024-10-13
Groceries,Chicken,91.84,2023-04-18
Utilities,Electricity Bill,99.95,2024-08-12
Dining,Fast Food,12.95,2023-08-13
Utilities,Electricity Bill,32.92,2023-10-28
Utilities,Gas Bill,186.14,2024-01-03
Housing,Rent,1953.07,2024-08-19
Housing,Rent,1094.72,2023-11-04
Other,Online Purchase,87.94,2023-06-20
Housing,Mortgage,854.02,2024-08-01
Dining,Food Delivery,94.85,2024-08-26
Groceries,Vegetables,103.44,2023-05-23
Utilities,Internet Bill,247.2,2024-02-03
Other,Misc Expense,8.33,2024-10-09
Dining,Restaurant,126.71,2024-06-20
Subscriptions,Spotify,34.31,2023-07-26
Other,Misc Expense,5.45,2023-08-06
Subscriptions,Gym Membership,21.46,2023-08-12
Subscriptions,Spotify,28.42,2024-10-30
Utilities,Electricity Bill,142.32,2024-02-22
Utilities,Water Bill,155.06,2023-07-29
Housing,Mortgage,852.5,2024-01-27
Utilities,Water Bill,133.82,2023-12-23
Transportation,Uber Ride,83.99,2023-05-01
Utilities,Water Bill,53.2,2024-04-26
Subscriptions,Spotify,20.32,2024-04-04
Dining,Fast Food,75.51,2024-08-30
Utilities,Water Bill,222.41,2023-03-02
Utilities,Internet Bill,126.33,2023-02-04
Transportation,Train Ticket,38.02,2023-01-14
Utilities,Internet Bill,126.34,2024-06-26
Dining,Restaurant,90.41,2024-10-20
Utilities,Gas Bill,133.87,2023-06-29
Dining,Fast Food,53.22,2024-04-21
Groceries,Bread,138.74,2023-10-16
Subscriptions,Spotify,14.06,2024-01-08
Groceries,Vegetables,112.53,2023-11-20
Utilities,Internet Bill,69.09,2024-03-30
Housing,Mortgage,1016.04,2024-06-14
Subscriptions,Netflix,16.31,2024-03-05
Housing,Rent,1742.92,2024-01-10
Groceries,Milk,123.38,2023-11-19
Housing,Mortgage,949.52,2023-08-26
Subscriptions,Spotify,21.1,2023-10-21
Housing,Mortgage,651.91,2024-01-13
Groceries,Vegetables,63.82,2024-06-28
Groceries,Chicken,83.06,2024-05-31
Housing,Rent,1803.27,2023-08-17
Transportation,Fuel,50.57,2023-03-03
Utilities,Internet Bill,239.68,2023-02-22
Utilities,Gas Bill,227.99,2024-01-21
Utilities,Water Bill,201.03,2024-08-14
Utilities,Water Bill,243.75,2024-01-04
Utilities,Gas Bill,129.46,2023-12-14
Groceries,Eggs,129.95,2023-12-12
Housing,Mortgage,1913.99,2024-10-15
Utilities,Internet Bill,149.66,2024-10-17
Utilities,Water Bill,248.98,2023-05-29
Dining,Restaurant,58.5,2024-11-12
Subscriptions,Gym Membership,32.05,2024-12-05
Subscriptions,Gym Membership,37.74,2023-09-14
Dining,Fast Food,109.33,2023-07-04
Utilities,Internet Bill,180.6,2023-12-19
Housing,Mortgage,1660.39,2024-12-12
Utilities,Internet Bill,155.58,2023-07-13
Groceries,Chicken,25.79,2024-08-08
Transportation,Uber Ride,116.47,2024-12-30
Utilities,Water Bill,195.81,2023-01-01
Other,Misc Expense,30.26,2023-09-04
Housing,Mortgage,732.71,2024-05-28
Transportation,Bus Pass,53.23,2023-10-12
Groceries,Chicken,93.1,2023-11-22
Subscriptions,Gym Membership,37.07,2023-03-29
Transportation,Uber Ride,10.52,2023-08-26
Transportation,Fuel,36.02,2023-07-27
Utilities,Water Bill,71.97,2024-11-14
Transportation,Uber Ride,48.33,2024-04-02
Subscriptions,Gym Membership,17.61,2023-04-13
Dining,Food Delivery,88.88,2024-03-23
Housing,Rent,806.86,2024-01-11
Groceries,Chicken,64.42,2024-07-06
Dining,Food Delivery,49.12,2023-10-27
Housing,Rent,1141.24,2024-12-02
Housing,Rent,1407.27,2024-01-06
Subscriptions,Spotify,25.93,2024-10-28
Housing,Mortgage,1906.07,2024-11-11
Utilities,Internet Bill,117.26,2023-09-07
Groceries,Chicken,46.15,2023-02-12
Groceries,Rice,26.18,2024-02-08
Utilities,Electricity Bill,75.65,2024-02-19
Transportation,Uber Ride,78.79,2023-10-18
Other,Misc Expense,44.35,2023-03-24
Housing,Rent,1998.24,2023-09-18
Other,Online Purchase,129.19,2024-11-27
Groceries,Bread,141.59,2023-03-04
Housing,Rent,928.82,2024-01-20
Dining,Restaurant,147.76,2023-05-28
Subscriptions,Spotify,16.14,2023-03-16
Transportation,Uber Ride,81.41,2023-12-06
Dining,Food Delivery,137.33,2024-01-23
Utilities,Water Bill,107.44,2023-04-17
Housing,Rent,1337.87,2023-03-23
Groceries,Rice,110.47,2024-02-29
Housing,Rent,1706.53,2023-07-07
Other,Misc Expense,133.98,2023-10-31
Dining,Food Delivery,5.59,2023-04-17
Dining,Fast Food,93.04,2023-12-10
Utilities,Electricity Bill,188.19,2023-05-18
Transportation,Bus Pass,13.67,2023-01-25
Dining,Fast Food,95.09,2024-07-12
Subscriptions,Spotify,21.47,2023-08-15
Other,Online Purchase,136.65,2024-03-16
Transportation,Uber Ride,131.6,2024-11-30
Transportation,Train Ticket,134.85,2024-06-21
Subscriptions,Netflix,30.99,2023-01-15
Dining,Restaurant,120.64,2024-10-19
Groceries,Vegetables,71.22,2023-06-25
Subscriptions,Gym Membership,10.91,2024-11-08
Housing,Rent,1494.17,2023-02-01
Other,Misc Expense,66.76,2023-04-07
Transportation,Bus Pass,37.4,2023-08-16
Housing,Rent,1299.46,2023-03-24
Transportation,Fuel,87.51,2023-11-21
Transportation,Bus Pass,111.12,2023-03-09
Utilities,Water Bill,196.86,2023-07-02
Utilities,Electricity Bill,69.58,2024-11-18
Subscriptions,Netflix,27.88,2023-02-18
Subscriptions,Gym Membership,28.8,2023-05-23
Groceries,Rice,131.32,2024-07-14
Groceries,Milk,145.91,2023-06-11
Dining,Food Delivery,66.23,2023-12-09
Groceries,Eggs,114.61,2024-05-03
Housing,Rent,790.22,2024-09-06
Groceries,Bread,133.45,2023-10-30
Utilities,Electricity Bill,242.13,2023-06-22
Transportation,Uber Ride,112.05,2023-06-22
Dining,Fast Food,91.25,2023-06-05
Other,Online Purchase,85.49,2024-06-01
Transportation,Bus Pass,9.95,2024-11-26
Other,Online Purchase,73.83,2024-02-07
Transportation,Bus Pass,33.94,2024-08-21
Subscriptions,Spotify,30.6,2023-12-31
Housing,Rent,1979.48,2024-06-19
Dining,Food Delivery,40.44,2023-04-09
Transportation,Fuel,99.34,2023-05-12
Subscriptions,Gym Membership,16.18,2023-01-21
Transportation,Uber Ride,113.83,2023-10-06
Housing,Mortgage,1068.41,2023-01-29
Other,Misc Expense,20.33,2023-05-09
Utilities,Internet Bill,53.05,2024-09-21
Groceries,Rice,40.21,2023-09-21
Dining,Food Delivery,104.56,2024-08-04
Groceries,Vegetables,13.54,2023-05-08
Dining,Fast Food,128.55,2023-01-11
Groceries,Bread,107.37,2024-01-01
Dining,Food Delivery,102.9,2024-05-31
Housing,Mortgage,1341.94,2023-12-04
Housing,Mortgage,1270.41,2023-10-12
Subscriptions,Spotify,38.1,2024-03-29
Utilities,Water Bill,190.51,2023-10-27
Other,Misc Expense,41.71,2023-06-01
Groceries,Chicken,18.53,2023-01-02
Utilities,Internet Bill,76.36,2024-10-16
Utilities,Gas Bill,59.21,2024-06-30
Housing,Mortgage,902.32,2023-09-10
Other,Misc Expense,20.19,2023-01-19
Utilities,Internet Bill,185.88,2024-05-09
Dining,Fast Food,22.46,2024-03-16
Dining,Food Delivery,45.58,2024-07-26
Groceries,Bread,100.97,2023-04-12
Dining,Restaurant,61.86,2024-06-19
Groceries,Rice,49.32,2023-09-25
Other,Online Purchase,39.53,2023-09-07
Dining,Fast Food,133.3,2023-06-10
Subscriptions,Gym Membership,26.46,2023-01-12
Utilities,Gas Bill,110.67,2024-12-15
Other,Misc Expense,9.14,2024-10-31
Subscriptions,Spotify,26.0,2024-07-26
Other,Misc Expense,132.31,2023-10-25
Housing,Rent,955.54,2024-09-08
Dining,Food Delivery,47.77,2023-12-03
Transportation,Fuel,32.65,2024-10-31
Dining,Fast Food,8.43,2024-08-25
Subscriptions,Netflix,19.6,2024-06-30
Groceries,Chicken,48.57,2024-02-03
Other,Misc Expense,87.52,2024-04-06
Utilities,Internet Bill,234.48,2024-11-10
Utilities,Gas Bill,133.43,2024-02-16
Subscriptions,Gym Membership,37.29,2024-06-15
Other,Online Purchase,46.12,2023-04-23
Housing,Mortgage,1039.28,2024-10-01
Housing,Mortgage,644.38,2024-12-31
Utilities,Electricity Bill,140.63,2024-06-02
Dining,Food Delivery,69.73,2023-03-11
Housing,Mortgage,1406.64,2023-04-14
Dining,Fast Food,77.43,2023-07-05
