date,description,amount,label,source
2023-08-17,card rent pmt rent,985.04,housing,simulated_bank_transactions_uk
2023-03-31,pos/direct/debit/vodafone,226.28,utilities,simulated_bank_transactions_uk
2023-08-27,subscription/gym/group <ref>,8.28,subscriptions,simulated_bank_transactions_uk
2024-10-27,mastercard-direct-debit-amazon-prime,11.96,subscriptions,simulated_bank_transactions_uk
2023-01-07,mortgage payment rent,1424.97,housing,simulated_bank_transactions_uk
2023-12-15,card payment ebay online purchase,105.63,other,simulated_bank_transactions_uk
2023-12-11,direct debit fuel esso train ticket <ref>,34.65,transportation,simulated_bank_transactions_uk
2024-01-03,pos lidl milk <ref>,58.85,groceries,simulated_bank_transactions_uk
2023-02-14,card-payment-amazon-misc-expense <ref>,91.75,other,simulated_bank_transactions_uk
2024-01-23,so rent pmt mortgage <ref>,1962.36,housing,simulated_bank_transactions_uk
2024-10-05,visa/pos/lidl/chicken,46.1,groceries,simulated_bank_transactions_uk
2023-02-16,direct debit spotify <ref>,29.66,subscriptions,simulated_bank_transactions_uk
2023-08-27,bacs-bacs-letting-agent-rent,1979.31,housing,simulated_bank_transactions_uk
2024-04-09,online-purchase-ebay-online-purchase,58.88,other,simulated_bank_transactions_uk
2024-11-17,bacs rent rent,1097.38,housing,simulated_bank_transactions_uk
2023-06-25,transport*uber*uber*ride,92.54,transportation,simulated_bank_transactions_uk
2023-10-04,subscription disney+ <ref>,21.18,subscriptions,simulated_bank_transactions_uk
2023-02-27,bacs landlord rent,1779.99,housing,simulated_bank_transactions_uk
2023-03-09,direct/debit/scottishpower <ref>,118.26,utilities,simulated_bank_transactions_uk
2024-10-20,direct*debit*scottishpower <ref>,139.83,utilities,simulated_bank_transactions_uk
2023-09-10,fps food delivery uber eats restaurant <ref>,41.94,dining,simulated_bank_transactions_uk
2024-08-20,bacs*mortgage*rent,1199.81,housing,simulated_bank_transactions_uk
2023-05-22,fps*card*payment*nando's*fast*foo,35.24,dining,simulated_bank_transactions_uk
2023-04-23,subscription spotify <ref>,6.65,subscriptions,simulated_bank_transactions_uk
2023-03-07,direct*debit*vodafone <ref>,122.88,utilities,simulated_bank_transactions_uk
2024-04-24,contactless food delivery just eat fas,90.6,dining,simulated_bank_transactions_uk
2023-01-12,so card payment puregym <ref>,35.13,subscriptions,simulated_bank_transactions_uk
2023-10-01,bacs landlord rent <ref>,1351.76,housing,simulated_bank_transactions_uk
2024-03-21,card-pmt-superdrug-misc-expense,19.4,other,simulated_bank_transactions_uk
2023-09-27,pos-bill-payment-british-gas,188.86,utilities,simulated_bank_transactions_uk
2024-10-02,direct debit google *services <ref>,8.72,subscriptions,simulated_bank_transactions_uk
2023-06-15,mastercard-transport-trainline-train-ticket <ref>,25.47,transportation,simulated_bank_transactions_uk
2024-05-15,card*pmt*apple.com/,25.96,subscriptions,simulated_bank_transactions_uk
2023-11-11,fps contactless asda milk <ref>,139.58,groceries,simulated_bank_transactions_uk
2023-03-22,utility/bill/e.on <ref>,154.82,utilities,simulated_bank_transactions_uk
2023-03-12,card payment tesco vegetables <ref>,74.44,groceries,simulated_bank_transactions_uk
2024-05-01,card payment argos online purchase <ref>,21.87,other,simulated_bank_transactions_uk
2024-03-09,card payment gym group,35.54,subscriptions,simulated_bank_transactions_uk
2024-11-18,bill/pmt/o2 <ref>,117.78,utilities,simulated_bank_transactions_uk
2023-05-04,mortgage pmt letting agent <ref>,1324.61,housing,simulated_bank_transactions_uk
2024-07-21,direct debit thames water <ref>,34.63,utilities,simulated_bank_transactions_uk
2023-03-02,bacs direct debit bt <ref>,185.73,utilities,simulated_bank_transactions_uk
2023-03-14,direct debit sky <ref>,219.12,utilities,simulated_bank_transactions_uk
2024-07-06,card pmt apple.com/bill <ref>,21.99,subscriptions,simulated_bank_transactions_uk
2024-02-21,utility bill vodafone <ref>,134.05,utilities,simulated_bank_transactions_uk
2024-03-09,utility*bill*bt,124.83,utilities,simulated_bank_transactions_uk
2023-02-25,food delivery mcdonalds fast food <ref>,129.98,dining,simulated_bank_transactions_uk
2023-04-22,visa rent payment letting,1619.5,housing,simulated_bank_transactions_uk
2024-03-08,utility bill sk,128.69,utilities,simulated_bank_transactions_uk
2023-03-19,so bill payment octopus energy,222.39,utilities,simulated_bank_transactions_uk
2024-10-29,restaurant mcdonalds food delivery,17.39,dining,simulated_bank_transactions_uk
2023-08-31,subscription puregym <ref>,37.42,subscriptions,simulated_bank_transactions_uk
2024-02-15,direct-debit-sky <ref>,77.02,utilities,simulated_bank_transactions_uk
2024-02-04,pos*asda*bread <ref>,58.71,groceries,simulated_bank_transactions_uk
2024-12-14,card pmt uber fuel,44.93,transportation,simulated_bank_transactions_uk
2023-03-01,mortgage payment mortgage,1015.39,housing,simulated_bank_transactions_uk
2023-02-28,direct debit amazon prime <ref>,31.18,subscriptions,simulated_bank_transactions_uk
2024-06-27,card payment asda chicken,73.09,groceries,simulated_bank_transactions_uk
2023-07-10,contactless-direct-debit-vodafone <ref>,47.62,utilities,simulated_bank_transactions_uk
2023-08-29,card-payment-morrisons-chicken <ref>,12.99,groceries,simulated_bank_transactions_uk
2024-08-06,visa*card*payment*pret*restaurant <ref>,141.41,dining,simulated_bank_transactions_uk
2024-08-20,utility bill o2,122.23,utilities,simulated_bank_transactions_uk
2024-11-16,direct debit disney+,14.13,subscriptions,simulated_bank_transactions_uk
2024-11-18,contactless rent payment landlord <ref>,1154.1,housing,simulated_bank_transactions_uk
2023-03-16,bacs letting agent rent <ref>,1900.63,housing,simulated_bank_transactions_uk
2024-07-30,card pmt sainsburys rice <ref>,94.31,groceries,simulated_bank_transactions_uk
2024-06-02,contactless aldi milk <ref>,82.03,groceries,simulated_bank_transactions_uk
2023-03-12,fps card pmt trainline train ticket <ref>,140.19,transportation,simulated_bank_transactions_uk
2024-07-10,bill-payment-e.on <ref>,126.4,utilities,simulated_bank_transactions_uk
2024-10-31,rent pmt rent <ref>,1982.13,housing,simulated_bank_transactions_uk
2024-11-10,pos subscription netflix <ref>,24.41,subscriptions,simulated_bank_transactions_uk
2023-04-20,card/pmt/waitrose/bread <ref>,41.88,groceries,simulated_bank_transactions_uk
2023-12-18,rent payment landlord,1446.76,housing,simulated_bank_transactions_uk
2023-02-22,card direct debit octopus energy <ref>,85.25,utilities,simulated_bank_transactions_uk
2023-10-11,contactless aldi vegetables <ref>,65.27,groceries,simulated_bank_transactions_uk
2023-05-14,pos waitrose milk <ref>,52.03,groceries,simulated_bank_transactions_uk
2024-12-23,rent/payment/rent <ref>,1218.57,housing,simulated_bank_transactions_uk
2023-03-19,food delivery uber eats food delivery <ref>,4.42,dining,simulated_bank_transactions_uk
2024-08-19,bacs letting agent rent <ref>,1768.43,housing,simulated_bank_transactions_uk
2024-01-09,mastercard subscription spotify <ref>,6.46,subscriptions,simulated_bank_transactions_uk
2023-08-04,pos purchase currys online purchase,135.14,other,simulated_bank_transactions_uk
2024-07-27,mortgage payment landl,1095.15,housing,simulated_bank_transactions_uk
2023-06-08,online*purchase*boots*misc*expense,146.15,other,simulated_bank_transactions_uk
2024-02-27,bill payment o2 <ref>,208.37,utilities,simulated_bank_transactions_uk
2023-12-07,contactless*tesco*bread,111.27,groceries,simulated_bank_transactions_uk
2023-09-12,online purchase hmrc misc expense <ref>,120.93,other,simulated_bank_transactions_uk
2023-04-21,card pmt shell train ticket <ref>,118.74,transportation,simulated_bank_transactions_uk
2023-08-16,restaurant greggs restaurant,129.21,dining,simulated_bank_transactions_uk
2023-08-22,so bill pmt ee 79,210.52,utilities,simulated_bank_transactions_uk
2023-10-13,direct/debit/ee,117.66,utilities,simulated_bank_transactions_uk
2023-10-13,mastercard/online/purchase/amazon/online/purchase <ref>,145.13,other,simulated_bank_transactions_uk
2024-07-03,card pmt bolt fuel <ref>,102.89,transportation,simulated_bank_transactions_uk
2023-09-25,transport-national-rail-uber-ride,19.96,transportation,simulated_bank_transactions_uk
2023-12-20,utility bill thames water <ref>,161.25,utilities,simulated_bank_transactions_uk
2023-04-29,mortgage payment mortgage,1977.93,housing,simulated_bank_transactions_uk
2023-02-15,food delivery costa food delivery <ref>,30.94,dining,simulated_bank_transactions_uk
2024-07-05,sto*mortgage*payment*landlord <ref>,1895.81,housing,simulated_bank_transactions_uk
2024-11-11,contactless mortgage payment landlord <ref>,697.96,housing,simulated_bank_transactions_uk
2023-05-08,card-pmt-bp-bus-pass,100.52,transportation,simulated_bank_transactions_uk
2023-12-01,rent payment mortgage 83,1533.65,housing,simulated_bank_transactions_uk
2023-05-11,bacs restaurant costa food delivery <ref>,46.46,dining,simulated_bank_transactions_uk
2023-06-28,utility-bill-vodafon,113.41,utilities,simulated_bank_transactions_uk
2023-01-01,direct*debit*direct*debit*puregym <ref>,24.18,subscriptions,simulated_bank_transactions_uk
2024-08-16,bacs card pmt uber bus pass,33.9,transportation,simulated_bank_transactions_uk
2024-11-22,direct debit gym group <ref>,20.46,subscriptions,simulated_bank_transactions_uk
2023-06-23,pos direct debit thames water,241.16,utilities,simulated_bank_transactions_uk
2024-09-26,bacs*landlord*rent <ref>,1529.4,housing,simulated_bank_transactions_uk
2023-08-29,card-pmt-trainline-uber-ride <ref>,123.31,transportation,simulated_bank_transactions_uk
2023-01-26,mortgage pmt landlord,878.78,housing,simulated_bank_transactions_uk
2024-09-17,pos sainsburys bread,147.64,groceries,simulated_bank_transactions_uk
2024-10-06,so card pmt superdrug online purchase,69.95,other,simulated_bank_transactions_uk
2024-02-14,pos card pmt gym group,18.44,subscriptions,simulated_bank_transactions_uk
2023-04-20,direct debit bt <ref>,31.22,utilities,simulated_bank_transactions_uk
2024-12-13,pos*pos*purchase*amazon*misc*expense <ref>,35.17,other,simulated_bank_transactions_uk
2023-05-05,card payment gym group <ref>,13.72,subscriptions,simulated_bank_transactions_uk
2024-11-14,fps food delivery pret restaurant <ref>,120.81,dining,simulated_bank_transactions_uk
2024-03-29,subscription google *services,38.25,subscriptions,simulated_bank_transactions_uk
2024-07-15,direct/debit/card/payment/amazon/prime <ref>,19.94,subscriptions,simulated_bank_transactions_uk
2024-05-01,card payment uber eats restaurant <ref>,112.32,dining,simulated_bank_transactions_uk
2024-10-14,food delivery mcdonalds fast food <ref>,113.51,dining,simulated_bank_transactions_uk
2023-10-09,contactless fuel uber fuel 7,95.13,transportation,simulated_bank_transactions_uk
2023-08-29,food delivery costa restaurant,107.89,dining,simulated_bank_transactions_uk
2024-07-07,fps card payment bolt bus pass <ref>,50.0,transportation,simulated_bank_transactions_uk
2024-01-28,pos-sainsburys-bread <ref>,25.17,groceries,simulated_bank_transactions_uk
2024-02-22,mastercard bacs mortgage rent,689.92,housing,simulated_bank_transactions_uk
2023-07-31,card pmt uber fuel <ref>,64.12,transportation,simulated_bank_transactions_uk
2024-08-21,pos purchase hmrc misc expense <ref>,60.25,other,simulated_bank_transactions_uk
2024-01-25,rent pmt mortgage <ref>,1671.83,housing,simulated_bank_transactions_uk
2023-11-02,restaurant starbucks restaurant <ref>,141.58,dining,simulated_bank_transactions_uk
2024-03-05,mastercard card pmt currys misc expense <ref>,128.46,other,simulated_bank_transactions_uk
2023-08-14,card payment gym group <ref>,33.0,subscriptions,simulated_bank_transactions_uk
2024-05-12,card restaurant greggs restaurant <ref>,43.12,dining,simulated_bank_transactions_uk
2024-11-26,contactless-sainsburys-rice,52.41,groceries,simulated_bank_transactions_uk
2024-04-23,sto*card*payment*ebay*misc*expense <ref>,109.45,other,simulated_bank_transactions_uk
2024-11-09,bill payment vodafone <ref>,160.22,utilities,simulated_bank_transactions_uk
2023-05-19,pos-aldi-milk,97.48,groceries,simulated_bank_transactions_uk
2023-09-24,fps*pos*purchase*boots*misc*expense <ref>,29.71,other,simulated_bank_transactions_uk
2023-12-01,card pmt costa fast food,34.11,dining,simulated_bank_transactions_uk
2024-03-07,fuel bp fuel <ref>,43.9,transportation,simulated_bank_transactions_uk
2024-07-06,transport shell uber ride <ref>,72.14,transportation,simulated_bank_transactions_uk
2023-03-12,pos waitrose eggs <ref>,35.96,groceries,simulated_bank_transactions_uk
2023-09-11,card/pos/purchase/superdrug/online/purchase,113.87,other,simulated_bank_transactions_uk
2024-04-29,utility bill e.on <ref>,82.48,utilities,simulated_bank_transactions_uk
2024-12-17,mastercard bacs letting agent rent,905.15,housing,simulated_bank_transactions_uk
2024-09-13,fuel-shell-bus-pass <ref>,27.67,transportation,simulated_bank_transactions_uk
2023-11-15,bacs rent rent,829.27,housing,simulated_bank_transactions_uk
2023-11-16,card pmt lidl chicken,6.77,groceries,simulated_bank_transactions_uk
2023-07-23,fps card payment spotify <ref>,18.14,subscriptions,simulated_bank_transactions_uk
2024-10-04,card-pmt-aldi-chicken <ref>,104.52,groceries,simulated_bank_transactions_uk
2024-12-01,bill pmt vodafone,96.35,utilities,simulated_bank_transactions_uk
2023-02-12,direct debit disney+ <ref>,24.81,subscriptions,simulated_bank_transactions_uk
2023-03-12,fuel bp fuel,100.24,transportation,simulated_bank_transactions_uk
2024-05-16,card/pmt/spotify <ref>,34.74,subscriptions,simulated_bank_transactions_uk
2024-10-12,mastercard pos lidl rice,144.24,groceries,simulated_bank_transactions_uk
2024-03-21,online/purchase/superdrug/misc/exp,106.97,other,simulated_bank_transactions_uk
2024-05-10,utility bill sky,232.32,utilities,simulated_bank_transactions_uk
2024-08-29,restaurant kfc fast food <ref>,124.38,dining,simulated_bank_transactions_uk
2023-03-30,card pmt bolt bus pass 2,128.2,transportation,simulated_bank_transactions_uk
2024-04-20,fuel shell fuel,38.85,transportation,simulated_bank_transactions_uk
2024-05-21,direct debit disney+ <ref>,16.77,subscriptions,simulated_bank_transactions_uk
2023-08-06,mastercard online purchase hmrc misc expense,29.73,other,simulated_bank_transactions_uk
2024-09-02,transport national rail bus pass <ref>,53.03,transportation,simulated_bank_transactions_uk
2023-07-15,rent payment rent,1323.28,housing,simulated_bank_transactions_uk
2024-05-15,card payment sainsburys bread,108.85,groceries,simulated_bank_transactions_uk
2024-05-17,direct debit spotify 2640,27.61,subscriptions,simulated_bank_transactions_uk
2023-08-15,mastercard food delivery kfc restaurant,16.68,dining,simulated_bank_transactions_uk
2024-11-10,food delivery just eat food delivery,38.77,dining,simulated_bank_transactions_uk
2024-03-11,direct debit netflix,23.58,subscriptions,simulated_bank_transactions_uk
2023-11-10,rent payment letting agent,1235.24,housing,simulated_bank_transactions_uk
2023-07-17,fuel esso train ticket <ref>,20.74,transportation,simulated_bank_transactions_uk
2024-12-07,transport uber uber ride,112.2,transportation,simulated_bank_transactions_uk
2024-08-26,bill pmt scottishpower <ref>,136.52,utilities,simulated_bank_transactions_uk
2023-07-18,online purchase hmrc misc expense <ref>,147.14,other,simulated_bank_transactions_uk
2023-11-06,sto-transport-bolt-train-ticket <ref>,56.05,transportation,simulated_bank_transactions_uk
2023-10-08,card pmt aldi vegetables <ref>,81.52,groceries,simulated_bank_transactions_uk
2024-12-15,contactless waitrose milk <ref>,84.34,groceries,simulated_bank_transactions_uk
2023-10-19,utility bill ee,32.7,utilities,simulated_bank_transactions_uk
2023-07-08,card/pmt/nando's/fast/food <ref>,67.75,dining,simulated_bank_transactions_uk
2024-05-04,pos iceland eggs 119,141.34,groceries,simulated_bank_transactions_uk
2023-03-17,contactless iceland milk,61.9,groceries,simulated_bank_transactions_uk
2024-07-30,card card pmt apple.com/bill,10.31,subscriptions,simulated_bank_transactions_uk
2023-05-02,fuel trainline uber ride <ref>,149.11,transportation,simulated_bank_transactions_uk
2023-08-20,pos*direct*debit*disney+ <ref>,32.68,subscriptions,simulated_bank_transactions_uk
2024-03-29,online*purchase*nhs*misc*expense <ref>,69.23,other,simulated_bank_transactions_uk
2024-09-27,transport trainline fuel <ref>,47.89,transportation,simulated_bank_transactions_uk
2023-04-12,pos asda chicken <ref>,144.14,groceries,simulated_bank_transactions_uk
2023-09-28,online purchase superdrug online purchase,94.95,other,simulated_bank_transactions_uk
2023-03-18,rent pmt letting agent <ref>,843.34,housing,simulated_bank_transactions_uk
2024-04-26,utility bill sky <ref>,181.66,utilities,simulated_bank_transactions_uk
2024-12-24,fuel bolt uber ride <ref>,37.03,transportation,simulated_bank_transactions_uk
2023-08-28,card payment bolt fuel <ref>,13.46,transportation,simulated_bank_transactions_uk
2024-07-11,card payment esso train ticket <ref>,65.5,transportation,simulated_bank_transactions_uk
2023-03-15,direct debit vodafone <ref>,211.86,utilities,simulated_bank_transactions_uk
2024-09-01,card pmt tesco bread,119.52,groceries,simulated_bank_transactions_uk
2023-11-08,rent payment letting agent <ref>,1256.18,housing,simulated_bank_transactions_uk
2024-05-20,bacs mortgage rent <ref>,1300.66,housing,simulated_bank_transactions_uk
2024-03-18,restaurant deliveroo restaurant,90.91,dining,simulated_bank_transactions_uk
2023-08-23,so rent pmt letting agent <ref>,636.21,housing,simulated_bank_transactions_uk
2023-10-03,mastercard bacs letting agent rent <ref>,1541.19,housing,simulated_bank_transactions_uk
2024-06-15,subscription-disney+,11.13,subscriptions,simulated_bank_transactions_uk
2024-08-22,bacs-landlord-rent <ref>,854.08,housing,simulated_bank_transactions_uk
2023-04-04,restaurant just eat food delivery,122.69,dining,simulated_bank_transactions_uk
2023-11-25,food delivery pret fast food <ref>,63.03,dining,simulated_bank_transactions_uk
2024-12-11,pos rent pmt mortgage <ref>,1061.73,housing,simulated_bank_transactions_uk
2024-02-15,card pmt starbucks fast food,100.4,dining,simulated_bank_transactions_uk
2023-11-19,online purchase amazon online purchase <ref>,69.86,other,simulated_bank_transactions_uk
2024-02-18,card pmt national rail bus pass <ref>,20.04,transportation,simulated_bank_transactions_uk
2024-07-09,card payment nhs online purchase,99.68,other,simulated_bank_transactions_uk
2024-06-14,food delivery kfc fast food,10.97,dining,simulated_bank_transactions_uk
2023-02-22,fuel/trainline/fuel <ref>,94.94,transportation,simulated_bank_transactions_uk
2024-03-24,bill-pmt-octopus-energy,234.09,utilities,simulated_bank_transactions_uk
2024-09-15,so rent payment landlord <ref>,1962.41,housing,simulated_bank_transactions_uk
2023-11-15,card payment argos online purchase <ref>,107.34,other,simulated_bank_transactions_uk
2023-04-27,direct/debit/apple.com/bill <ref>,8.26,subscriptions,simulated_bank_transactions_uk
2023-06-07,card pmt pret restaurant,98.21,dining,simulated_bank_transactions_uk
2024-12-23,card pmt deliveroo food delivery <ref>,45.9,dining,simulated_bank_transactions_uk
2024-04-28,transport*esso*fuel <ref>,125.7,transportation,simulated_bank_transactions_uk
2024-09-05,bacs bill payment severn trent <ref>,114.39,utilities,simulated_bank_transactions_uk
2023-10-10,direct debit disney+ <ref>,35.24,subscriptions,simulated_bank_transactions_uk
2024-06-03,online purchase boots misc expense <ref>,52.96,other,simulated_bank_transactions_uk
2023-11-02,fuel bolt uber ride <ref>,44.58,transportation,simulated_bank_transactions_uk
2024-04-02,online purchase nhs misc expense <ref>,130.19,other,simulated_bank_transactions_uk
2024-07-10,card payment amazon prime,24.32,subscriptions,simulated_bank_transactions_uk
2023-07-13,food*delivery*just*eat*fast*food <ref>,140.13,dining,simulated_bank_transactions_uk
2024-02-25,rent pmt mortgage <ref>,926.99,housing,simulated_bank_transactions_uk
2024-12-23,contactless aldi eggs <ref>,112.47,groceries,simulated_bank_transactions_uk
2024-11-10,online purchase ebay misc expense <ref>,59.75,other,simulated_bank_transactions_uk
2023-02-07,online purchase argos online purchase,75.81,other,simulated_bank_transactions_uk
2024-03-26,utility*bill*octopus*energy <ref>,222.32,utilities,simulated_bank_transactions_uk
2023-01-16,pos tesco chicken <ref>,136.83,groceries,simulated_bank_transactions_uk
2023-06-08,mastercard rent pmt letting agent <ref>,1516.69,housing,simulated_bank_transactions_uk
2023-09-29,sto pos tesco rice,117.88,groceries,simulated_bank_transactions_uk
2023-12-03,pos card pmt tfl fuel <ref>,98.53,transportation,simulated_bank_transactions_uk
2024-10-03,card online purchase superdrug misc expense,143.26,other,simulated_bank_transactions_uk
2023-03-12,bacs*landlord*rent,650.26,housing,simulated_bank_transactions_uk
2024-03-20,bill payment vodafone <ref>,194.29,utilities,simulated_bank_transactions_uk
2023-04-13,card payment asda vegetables <ref>,106.47,groceries,simulated_bank_transactions_uk
2023-01-30,food/delivery/costa/restaurant <ref>,105.02,dining,simulated_bank_transactions_uk
2023-10-28,pos tesco eggs <ref>,120.03,groceries,simulated_bank_transactions_uk
2023-09-08,pos*card*payment*shell*bus*pass,66.31,transportation,simulated_bank_transactions_uk
2023-06-24,direct debit amazon prime <ref>,32.74,subscriptions,simulated_bank_transactions_uk
2024-11-30,utility bill severn trent,114.16,utilities,simulated_bank_transactions_uk
2024-04-17,bill/pmt/scottishpower <ref>,61.49,utilities,simulated_bank_transactions_uk
2024-04-21,pos mortgage payment mortgage <ref>,1533.58,housing,simulated_bank_transactions_uk
2023-12-20,card pmt shell train ticket <ref>,13.86,transportation,simulated_bank_transactions_uk
2023-09-14,so card pmt disney+ <ref>,19.85,subscriptions,simulated_bank_transactions_uk
2024-01-29,pos/card/pmt/pret/fast/food,32.28,dining,simulated_bank_transactions_uk
2024-01-26,so-online-purchase-nhs-misc-expens,18.68,other,simulated_bank_transactions_uk
2023-10-30,subscription-gym-group,39.74,subscriptions,simulated_bank_transactions_uk
2023-01-09,pos/morrisons/vegetables <ref>,61.18,groceries,simulated_bank_transactions_uk
2024-09-12,subscription netflix,39.08,subscriptions,simulated_bank_transactions_uk
2023-08-24,bacs mortgage rent <ref>,1864.11,housing,simulated_bank_transactions_uk
2023-09-14,direct debit puregym <ref>,11.65,subscriptions,simulated_bank_transactions_uk
2024-10-23,bacs landlord rent <ref>,1864.77,housing,simulated_bank_transactions_uk
2023-02-04,contactless morrisons eggs <ref>,118.93,groceries,simulated_bank_transactions_uk
2023-10-30,subscription*google**services,8.15,subscriptions,simulated_bank_transactions_uk
2023-05-16,so card pmt bolt fuel <ref>,28.82,transportation,simulated_bank_transactions_uk
2023-10-07,card card payment boots misc expense <ref>,81.04,other,simulated_bank_transactions_uk
2024-05-08,card payment ebay online purchase <ref>,40.77,other,simulated_bank_transactions_uk
2023-12-13,mastercard-online-purchase-nhs-misc-ex,112.74,other,simulated_bank_transactions_uk
2023-03-19,card payment hmrc online purchase <ref>,71.84,other,simulated_bank_transactions_uk
2024-02-11,direct debit e.on <ref>,189.33,utilities,simulated_bank_transactions_uk
2024-02-09,online*purchase*nhs*misc*expense <ref>,16.27,other,simulated_bank_transactions_uk
2024-04-10,card pmt waitrose eggs <ref>,81.88,groceries,simulated_bank_transactions_uk
2024-10-15,bacs*card*pmt*uber*bus*pass,88.93,transportation,simulated_bank_transactions_uk
2024-04-27,card/pmt/shell/uber/ride <ref>,102.2,transportation,simulated_bank_transactions_uk
2024-07-28,contactless tesco,132.98,groceries,simulated_bank_transactions_uk
2024-10-12,contactless fuel bp train ticket,98.2,transportation,simulated_bank_transactions_uk
2023-11-06,pos purchase ebay misc expense,136.68,other,simulated_bank_transactions_uk
2023-02-08,pos mortgage payment rent <ref>,663.49,housing,simulated_bank_transactions_uk
2023-08-29,mastercard card pmt bp fuel <ref>,20.07,transportation,simulated_bank_transactions_uk
2024-12-14,direct debit amazon prime <ref>,17.99,subscriptions,simulated_bank_transactions_uk
2024-02-29,subscription/puregym <ref>,30.43,subscriptions,simulated_bank_transactions_uk
2023-10-14,bacs landlord rent <ref>,1461.91,housing,simulated_bank_transactions_uk
2024-03-30,pos/sainsburys/vegetables <ref>,57.47,groceries,simulated_bank_transactions_uk
2023-04-12,bacs*restaurant*just*eat*restaurant <ref>,128.75,dining,simulated_bank_transactions_uk
2024-01-03,mortgage pmt landlord <ref>,1968.98,housing,simulated_bank_transactions_uk
2023-05-06,mastercard card pmt asda rice <ref>,43.55,groceries,simulated_bank_transactions_uk
2023-08-06,online purchase hmrc misc expense <ref>,16.48,other,simulated_bank_transactions_uk
2023-05-09,bacs letting agent rent <ref>,1066.91,housing,simulated_bank_transactions_uk
2024-07-21,pos purchase hmrc online purchase <ref>,13.09,other,simulated_bank_transactions_uk
2023-06-01,utility*bill*e.on <ref>,81.26,utilities,simulated_bank_transactions_uk
2023-05-29,bacs pos purchase amazon online purchase <ref>,43.76,other,simulated_bank_transactions_uk
2023-01-27,visa bill payment o2 <ref>,54.18,utilities,simulated_bank_transactions_uk
2024-08-25,utility-bill-o2,203.45,utilities,simulated_bank_transactions_uk
2023-02-23,fuel esso uber ride,28.61,transportation,simulated_bank_transactions_uk
2024-05-02,bill pmt british gas,194.05,utilities,simulated_bank_transactions_uk
2023-04-22,card pmt kfc fast food <ref>,78.45,dining,simulated_bank_transactions_uk
2024-09-21,card-pmt-kfc-food-delivery <ref>,35.57,dining,simulated_bank_transactions_uk
2024-11-05,pos sainsburys vegetables <ref>,118.13,groceries,simulated_bank_transactions_uk
2023-03-04,card pmt disney+ <ref>,38.74,subscriptions,simulated_bank_transactions_uk
2023-04-21,mastercard restaurant starbucks fast food <ref>,65.66,dining,simulated_bank_transactions_uk
2023-03-17,restaurant*deliveroo*food*delivery <ref>,136.73,dining,simulated_bank_transactions_uk
2023-03-09,bacs contactless sainsburys eggs <ref>,92.42,groceries,simulated_bank_transactions_uk
2024-12-30,direct debit bt <ref>,158.78,utilities,simulated_bank_transactions_uk
2024-06-27,transport esso fuel,149.21,transportation,simulated_bank_transactions_uk
2024-03-16,contactless fuel national rail fuel <ref>,77.32,transportation,simulated_bank_transactions_uk
2024-11-01,pos asda vegetables <ref>,19.82,groceries,simulated_bank_transactions_uk
2024-02-28,sto rent pmt rent <ref>,1843.33,housing,simulated_bank_transactions_uk
2023-04-08,card payment trainline fuel <ref>,61.61,transportation,simulated_bank_transactions_uk
2023-09-19,card payment national rail fuel <ref>,48.94,transportation,simulated_bank_transactions_uk
2024-04-30,fuel uber train ticket <ref>,103.96,transportation,simulated_bank_transactions_uk
2023-04-06,contactless sainsburys milk <ref>,125.27,groceries,simulated_bank_transactions_uk
2024-01-17,food delivery just eat restaurant <ref>,112.45,dining,simulated_bank_transactions_uk
2024-08-23,online purchase currys online purchase,84.79,other,simulated_bank_transactions_uk
2023-12-29,subscription spotify <ref>,9.28,subscriptions,simulated_bank_transactions_uk
2023-02-22,pos purchase argos misc expense,130.61,other,simulated_bank_transactions_uk
2024-08-14,pos*fuel*tfl*bus*pass <ref>,54.69,transportation,simulated_bank_transactions_uk
2023-04-21,so direct debit gym group <ref>,21.88,subscriptions,simulated_bank_transactions_uk
2023-10-13,fuel national rail bus pass <ref>,19.89,transportation,simulated_bank_transactions_uk
2024-09-28,mastercard card payment gym group <ref>,34.58,subscriptions,simulated_bank_transactions_uk
2024-11-04,subscription-disney+ <ref>,5.92,subscriptions,simulated_bank_transactions_uk
2023-10-07,contactless card pmt boots misc expense <ref>,7.26,other,simulated_bank_transactions_uk
2023-07-05,mortgage/payment/rent <ref>,1091.43,housing,simulated_bank_transactions_uk
2024-02-15,visa card payment ebay online purchase <ref>,86.25,other,simulated_bank_transactions_uk
2023-02-01,pos contactless tesco bread <ref>,111.92,groceries,simulated_bank_transactions_uk
2024-01-21,so contactless sainsburys vegetables <ref>,80.98,groceries,simulated_bank_transactions_uk
2024-01-14,restaurant-greggs-fast-food,53.11,dining,simulated_bank_transactions_uk
2024-08-04,fuel shell bus pass <ref>,117.19,transportation,simulated_bank_transactions_uk
2024-09-24,direct debit direct debit netflix,10.45,subscriptions,simulated_bank_transactions_uk
2024-03-29,so contactless morrisons vegetables,14.99,groceries,simulated_bank_transactions_uk
2023-10-07,pos bacs landlord rent,1218.86,housing,simulated_bank_transactions_uk
2024-11-25,utility bill octopus energy <ref>,54.4,utilities,simulated_bank_transactions_uk
2023-08-14,rent pmt landlord,1031.79,housing,simulated_bank_transactions_uk
2023-07-29,pos restaurant costa food delivery <ref>,11.05,dining,simulated_bank_transactions_uk
2023-09-19,direct-debit-card-pmt-esso-train-ticket <ref>,115.8,transportation,simulated_bank_transactions_uk
2024-05-24,fuel-national-rail-bus-pass <ref>,20.64,transportation,simulated_bank_transactions_uk
2024-12-21,mortgage payment letting agent <ref>,1132.29,housing,simulated_bank_transactions_uk
2023-02-13,mastercard utility bill ee <ref>,219.59,utilities,simulated_bank_transactions_uk
2023-03-21,card pmt mcdonalds restaurant <ref>,70.58,dining,simulated_bank_transactions_uk
2024-08-10,fps-card-payment-ebay-misc-expense <ref>,87.64,other,simulated_bank_transactions_uk
2023-10-24,food*delivery*mcdonalds*food*delivery <ref>,97.1,dining,simulated_bank_transactions_uk
2023-11-29,card pmt aldi rice <ref>,6.07,groceries,simulated_bank_transactions_uk
2023-04-01,bacs/bill/payment/ee <ref>,232.35,utilities,simulated_bank_transactions_uk
2024-08-26,restaurant-pret-restaurant,38.77,dining,simulated_bank_transactions_uk
2023-11-14,fps card pmt kfc food delivery,14.56,dining,simulated_bank_transactions_uk
2023-03-20,rent payment rent <ref>,1690.77,housing,simulated_bank_transactions_uk
2023-12-24,sto direct debit gym group,22.85,subscriptions,simulated_bank_transactions_uk
2023-05-30,fuel shell train ticket,37.73,transportation,simulated_bank_transactions_uk
2023-06-06,visa*transport*bolt*train*ticket <ref>,28.5,transportation,simulated_bank_transactions_uk
2024-10-05,pos purchase argos online purchase <ref>,29.04,other,simulated_bank_transactions_uk
2024-08-16,food delivery nando's fast food <ref>,113.9,dining,simulated_bank_transactions_uk
2024-08-01,card payment costa food delivery <ref>,138.85,dining,simulated_bank_transactions_uk
2023-06-04,rent/payment/letting/agent,1478.1,housing,simulated_bank_transactions_uk
2024-10-08,direct debit restaurant uber eats restaurant <ref>,71.93,dining,simulated_bank_transactions_uk
2023-12-27,transport esso bus pass <ref>,89.94,transportation,simulated_bank_transactions_uk
2023-02-28,direct-debit-google-*services,20.82,subscriptions,simulated_bank_transactions_uk
2023-04-03,card pmt tfl bus pass <ref>,14.28,transportation,simulated_bank_transactions_uk
2024-07-21,subscription gym grou,21.19,subscriptions,simulated_bank_transactions_uk
2024-08-08,pos/purchase/amazon/online/purchase,69.11,other,simulated_bank_transactions_uk
2023-06-04,bacs rent rent,1265.88,housing,simulated_bank_transactions_uk
2023-12-18,mastercard contactless asda rice <ref>,18.21,groceries,simulated_bank_transactions_uk
2023-09-11,bacs letting agent rent <ref>,841.58,housing,simulated_bank_transactions_uk
2024-09-16,sto/rent/pmt/letting/agent <ref>,1333.7,housing,simulated_bank_transactions_uk
2024-02-23,direct debit o2 <ref>,92.24,utilities,simulated_bank_transactions_uk
2023-02-23,pos*purchase*argos*misc*expense <ref>,102.8,other,simulated_bank_transactions_uk
2023-04-07,direct debit card payment amazon misc expense,12.69,other,simulated_bank_transactions_uk
2024-11-03,direct debit netflix <ref>,13.82,subscriptions,simulated_bank_transactions_uk
2023-05-25,direct debit spotify <ref>,25.4,subscriptions,simulated_bank_transactions_uk
2024-12-16,transport*esso*bus*pass <ref>,145.25,transportation,simulated_bank_transactions_uk
2023-03-28,bacs landlord rent <ref>,1592.37,housing,simulated_bank_transactions_uk
2023-12-03,card pmt shell fuel <ref>,97.59,transportation,simulated_bank_transactions_uk
2024-12-02,card payment hmrc online purchase <ref>,101.51,other,simulated_bank_transactions_uk
2024-01-06,direct debit spotify 49,19.82,subscriptions,simulated_bank_transactions_uk
2023-08-08,direct*debit*pos*morrisons*eggs,48.4,groceries,simulated_bank_transactions_uk
2023-05-21,card pmt tfl fuel <ref>,31.22,transportation,simulated_bank_transactions_uk
2024-06-03,utility bill thames water <ref>,203.39,utilities,simulated_bank_transactions_uk
2024-09-24,pos purchase currys online purchase,100.3,other,simulated_bank_transactions_uk
2024-12-10,bill payment ee <ref>,69.79,utilities,simulated_bank_transactions_uk
2023-02-14,card payment amazon online purchase <ref>,109.01,other,simulated_bank_transactions_uk
2023-09-01,food delivery starbucks fast food <ref>,102.43,dining,simulated_bank_transactions_uk
2024-04-04,contactless restaurant just eat food deliver,44.88,dining,simulated_bank_transactions_uk
2024-04-25,direct*debit*bt <ref>,207.9,utilities,simulated_bank_transactions_uk
2024-08-07,pos-purchase-amazon-online-purchase <ref>,57.07,other,simulated_bank_transactions_uk
2024-01-27,restaurant-greggs-fast-food <ref>,116.11,dining,simulated_bank_transactions_uk
2023-07-24,subscription spotify <ref>,10.67,subscriptions,simulated_bank_transactions_uk
2023-02-23,pos purchase superdrug online purchase <ref>,131.33,other,simulated_bank_transactions_uk
2023-04-16,bacs rent rent <ref>,1376.36,housing,simulated_bank_transactions_uk
2023-10-07,mortgage pmt mortgage,1668.36,housing,simulated_bank_transactions_uk
2024-03-23,food delivery kfc food delivery,24.66,dining,simulated_bank_transactions_uk
2023-12-24,card payment asda bread <ref>,123.06,groceries,simulated_bank_transactions_uk
2024-05-29,pos-contactless-waitrose-rice <ref>,10.83,groceries,simulated_bank_transactions_uk
2023-03-25,card payment trainline train ticket <ref>,59.77,transportation,simulated_bank_transactions_uk
2023-04-12,fuel trainline train ticket <ref>,7.14,transportation,simulated_bank_transactions_uk
2023-05-21,card-pmt-nhs-misc-expense <ref>,119.33,other,simulated_bank_transactions_uk
2024-04-28,pos/tesco/eggs <ref>,137.86,groceries,simulated_bank_transactions_uk
2024-09-22,bacs landlord rent <ref>,1256.75,housing,simulated_bank_transactions_uk
2023-08-09,pos waitrose milk <ref>,5.79,groceries,simulated_bank_transactions_uk
2024-09-15,so pos purchase superdrug online purchase <ref>,83.67,other,simulated_bank_transactions_uk
2023-11-05,direct debit google *services <ref>,15.08,subscriptions,simulated_bank_transactions_uk
2024-10-16,card/pos/morrisons/milk <ref>,38.05,groceries,simulated_bank_transactions_uk
2024-05-26,pos purchase amazon misc expense <ref>,12.23,other,simulated_bank_transactions_uk
2023-09-05,subscription netflix <ref>,23.04,subscriptions,simulated_bank_transactions_uk
2023-12-28,mortgage/pmt/rent <ref>,602.19,housing,simulated_bank_transactions_uk
2024-06-20,mastercard direct debit bt,177.01,utilities,simulated_bank_transactions_uk
2024-07-11,card pmt uber uber ride <ref>,143.15,transportation,simulated_bank_transactions_uk
2024-04-26,subscription amazon prime <ref>,18.67,subscriptions,simulated_bank_transactions_uk
2024-01-18,contactless sainsburys vegetables,59.87,groceries,simulated_bank_transactions_uk
2023-03-11,transport tfl uber ride <ref>,55.49,transportation,simulated_bank_transactions_uk
2024-10-05,transport-trainline-train-ticket,110.74,transportation,simulated_bank_transactions_uk
2023-12-07,contactless*aldi*chicken,111.07,groceries,simulated_bank_transactions_uk
2024-10-20,utility bill vodafone <ref>,104.48,utilities,simulated_bank_transactions_uk
2023-07-06,direct debit e.on <ref>,135.28,utilities,simulated_bank_transactions_uk
2024-04-13,online purchase superdrug online purchase,12.28,other,simulated_bank_transactions_uk
2023-07-24,pos iceland eggs <ref>,32.63,groceries,simulated_bank_transactions_uk
2024-06-11,contactless lidl eggs <ref>,140.21,groceries,simulated_bank_transactions_uk
2023-02-07,so food delivery costa food delivery <ref>,72.59,dining,simulated_bank_transactions_uk
2023-02-18,fps-pos-purchase-nhs-online-purchase <ref>,45.06,other,simulated_bank_transactions_uk
2024-01-12,fps pos purchase hmrc misc expense,43.16,other,simulated_bank_transactions_uk
2024-01-31,bacs restaurant nando's fast food,112.27,dining,simulated_bank_transactions_uk
2024-05-24,fuel bolt train ticket,75.94,transportation,simulated_bank_transactions_uk
2024-03-10,fuel shell bus pass <ref>,120.77,transportation,simulated_bank_transactions_uk
2023-07-04,card/pmt/waitrose/rice <ref>,91.56,groceries,simulated_bank_transactions_uk
2024-11-07,subscription gym group <ref>,7.8,subscriptions,simulated_bank_transactions_uk
2024-03-12,bacs fuel uber bus pass <ref>,68.55,transportation,simulated_bank_transactions_uk
2023-12-28,bill payment o2 <ref>,39.32,utilities,simulated_bank_transactions_uk
2023-02-28,card payment puregym <ref>,39.3,subscriptions,simulated_bank_transactions_uk
2024-01-08,contactless waitrose vegetables <ref>,96.71,groceries,simulated_bank_transactions_uk
2023-05-27,sto direct debit apple.com/bill <ref>,38.35,subscriptions,simulated_bank_transactions_uk
2023-03-10,sto online purchase superdrug misc expense,8.12,other,simulated_bank_transactions_uk
2023-02-03,direct debit sky <ref>,238.88,utilities,simulated_bank_transactions_uk
2024-01-16,card pmt gym group 1533,38.21,subscriptions,simulated_bank_transactions_uk
2024-06-26,restaurant kfc restaurant <ref>,87.37,dining,simulated_bank_transactions_uk
2023-10-13,so card pmt tfl fuel <ref>,49.21,transportation,simulated_bank_transactions_uk
2024-06-14,utility bill thames water,70.93,utilities,simulated_bank_transactions_uk
2023-09-24,card payment just eat food delivery,20.31,dining,simulated_bank_transactions_uk
2024-12-11,bacs landlord rent,1456.63,housing,simulated_bank_transactions_uk
2023-03-17,restaurant greggs restaurant,21.03,dining,simulated_bank_transactions_uk
2024-03-31,restaurant pret restaurant <ref>,135.11,dining,simulated_bank_transactions_uk
2023-11-24,pos asda vegetables <ref>,145.23,groceries,simulated_bank_transactions_uk
2023-10-25,direct debit bacs mortgage rent <ref>,1370.0,housing,simulated_bank_transactions_uk
2024-12-18,pos fuel bp train ticket <ref>,107.64,transportation,simulated_bank_transactions_uk
2023-05-05,direct debit bacs mortgage rent <ref>,1312.26,housing,simulated_bank_transactions_uk
2024-01-05,utility-bill-british-gas,138.68,utilities,simulated_bank_transactions_uk
2024-07-18,card pmt google *services <ref>,33.13,subscriptions,simulated_bank_transactions_uk
2024-05-05,utility bill e.on <ref>,117.6,utilities,simulated_bank_transactions_uk
2023-03-17,subscription spotify <ref>,33.82,subscriptions,simulated_bank_transactions_uk
2024-11-27,contactless direct debit british gas <ref>,128.99,utilities,simulated_bank_transactions_uk
2024-07-18,card pmt puregym <ref>,34.02,subscriptions,simulated_bank_transactions_uk
2024-05-29,bacs rent rent <ref>,780.65,housing,simulated_bank_transactions_uk
2024-06-14,pos/purchase/ebay/online/purchase <ref>,125.21,other,simulated_bank_transactions_uk
2024-12-27,bill payment ee,100.99,utilities,simulated_bank_transactions_uk
2023-10-18,visa utility bill british gas <ref>,144.16,utilities,simulated_bank_transactions_uk
2024-10-12,card/pmt/superdrug/online/purchase <ref>,39.84,other,simulated_bank_transactions_uk
2024-06-30,subscription spotify,15.6,subscriptions,simulated_bank_transactions_uk
2024-08-29,sto/card/payment/sainsburys/chicken <ref>,97.23,groceries,simulated_bank_transactions_uk
2024-09-11,subscription spotify <ref>,26.86,subscriptions,simulated_bank_transactions_uk
2023-01-30,direct*debit*card*pmt*shell*uber*ride <ref>,124.31,transportation,simulated_bank_transactions_uk
2024-08-13,card pmt waitrose milk <ref>,142.44,groceries,simulated_bank_transactions_uk
2024-03-02,transport bolt train ticket,115.74,transportation,simulated_bank_transactions_uk
2024-07-12,card-pmt-netflix <ref>,36.11,subscriptions,simulated_bank_transactions_uk
2024-12-02,sto*card*pmt*national*rail*bus*pass <ref>,73.99,transportation,simulated_bank_transactions_uk
2024-12-06,card payment just eat fast food <ref>,69.67,dining,simulated_bank_transactions_uk
2024-05-10,pos asda bread <ref>,67.62,groceries,simulated_bank_transactions_uk
2023-05-28,pos restaurant greggs restaurant <ref>,53.01,dining,simulated_bank_transactions_uk
2023-12-20,so-transport-tfl-bus-pass <ref>,110.93,transportation,simulated_bank_transactions_uk
2024-06-11,restaurant starbucks restaurant <ref>,114.82,dining,simulated_bank_transactions_uk
2023-10-01,direct debit google *services,21.33,subscriptions,simulated_bank_transactions_uk
2023-02-21,direct debit card payment greggs restaurant <ref>,23.71,dining,simulated_bank_transactions_uk
2024-03-04,card pmt trainline fuel,130.03,transportation,simulated_bank_transactions_uk
2023-11-17,direct debit bt <ref>,235.43,utilities,simulated_bank_transactions_uk
2024-05-25,bill payment ee,143.24,utilities,simulated_bank_transactions_uk
2024-02-07,bacs card payment esso fuel,6.41,transportation,simulated_bank_transactions_uk
2023-12-28,subscription*apple.com/bill,12.53,subscriptions,simulated_bank_transactions_uk
2024-09-03,sto pos morrisons milk <ref>,44.36,groceries,simulated_bank_transactions_uk
2023-01-09,online*purchase*nhs*misc*expense <ref>,45.01,other,simulated_bank_transactions_uk
2023-09-28,card pmt hmrc online purchase,66.35,other,simulated_bank_transactions_uk
2024-02-15,mortgage payment rent <ref>,1112.31,housing,simulated_bank_transactions_uk
2024-01-07,visa card payment morrisons chicken <ref>,85.59,groceries,simulated_bank_transactions_uk
2024-07-17,bacs*direct*debit*google**services <ref>,22.65,subscriptions,simulated_bank_transactions_uk
2023-04-10,transport*bp*uber*ride <ref>,21.91,transportation,simulated_bank_transactions_uk
2023-12-14,food delivery starbucks fast food <ref>,119.85,dining,simulated_bank_transactions_uk
2024-06-05,subscription spotify <ref>,11.97,subscriptions,simulated_bank_transactions_uk
2023-02-09,card-payment-pret-food-delivery <ref>,8.92,dining,simulated_bank_transactions_uk
2023-06-02,bill pmt vodafone,144.25,utilities,simulated_bank_transactions_uk
2023-11-23,subscription puregym <ref>,37.6,subscriptions,simulated_bank_transactions_uk
2023-11-03,utility bill ee <ref>,192.65,utilities,simulated_bank_transactions_uk
2024-05-16,direct debit apple.com/bi,22.84,subscriptions,simulated_bank_transactions_uk
2023-12-06,bacs/letting/agent/rent <ref>,623.29,housing,simulated_bank_transactions_uk
2024-12-05,rent pmt letting agent <ref>,1417.18,housing,simulated_bank_transactions_uk
2024-11-02,bacs letting agent rent,971.74,housing,simulated_bank_transactions_uk
2024-08-20,online purchase nhs online purchase <ref>,109.05,other,simulated_bank_transactions_uk
2024-09-26,food delivery kfc restaurant <ref>,80.06,dining,simulated_bank_transactions_uk
2024-11-28,pos/purchase/currys/misc/expense <ref>,24.72,other,simulated_bank_transactions_uk
2023-07-15,bill payment bt <ref>,184.11,utilities,simulated_bank_transactions_uk
2023-06-05,pos card payment lidl rice,49.11,groceries,simulated_bank_transactions_uk
2024-05-28,food delivery nando's food delivery <ref>,32.97,dining,simulated_bank_transactions_uk
2023-03-05,pos purchase superdrug misc expense <ref>,131.3,other,simulated_bank_transactions_uk
2024-11-09,rent pmt landlord <ref>,1385.24,housing,simulated_bank_transactions_uk
2023-06-27,card pmt deliveroo food delivery <ref>,58.39,dining,simulated_bank_transactions_uk
2023-12-29,restaurant uber eats food delivery <ref>,53.32,dining,simulated_bank_transactions_uk
2023-09-10,rent pmt mortgage <ref>,869.17,housing,simulated_bank_transactions_uk
2023-11-01,transport uber bus pass <ref>,36.06,transportation,simulated_bank_transactions_uk
2024-12-07,fps pos purchase argos misc expense <ref>,106.62,other,simulated_bank_transactions_uk
2023-10-08,mortgage pmt mortgage <ref>,1088.32,housing,simulated_bank_transactions_uk
2024-07-10,card payment bolt uber ride <ref>,87.3,transportation,simulated_bank_transactions_uk
2023-05-30,sto card pmt costa fast food <ref>,123.3,dining,simulated_bank_transactions_uk
2023-03-22,card pmt bolt uber ride,45.28,transportation,simulated_bank_transactions_uk
2024-05-05,card payment bolt fuel <ref>,99.43,transportation,simulated_bank_transactions_uk
2024-07-29,direct debit octopus energy,89.65,utilities,simulated_bank_transactions_uk
2024-08-23,mortgage pmt mortgage <ref>,1461.95,housing,simulated_bank_transactions_uk
2023-08-20,direct debit e.on,229.14,utilities,simulated_bank_transactions_uk
2024-04-28,fps*mortgage*payment*landlord <ref>,1178.62,housing,simulated_bank_transactions_uk
2023-01-06,pos/asda/vegetables <ref>,116.3,groceries,simulated_bank_transactions_uk
2024-05-02,card pmt netflix,37.73,subscriptions,simulated_bank_transactions_uk
2023-10-22,so food delivery greggs food delivery <ref>,32.32,dining,simulated_bank_transactions_uk
2023-04-02,fuel bp bus pass <ref>,97.95,transportation,simulated_bank_transactions_uk
2023-02-08,card mortgage payment landlord <ref>,1612.36,housing,simulated_bank_transactions_uk
2023-02-07,bill payment o2,68.67,utilities,simulated_bank_transactions_uk
2023-07-10,pos purchase currys misc expense <ref>,118.83,other,simulated_bank_transactions_uk
2024-08-04,mortgage payment rent <ref>,612.97,housing,simulated_bank_transactions_uk
2024-04-10,direct*debit*apple.com/bill <ref>,16.73,subscriptions,simulated_bank_transactions_uk
2024-05-31,visa rent pmt mortgage <ref>,787.88,housing,simulated_bank_transactions_uk
2023-04-26,fps card payment pret fast food,31.34,dining,simulated_bank_transactions_uk
2024-10-25,card payment shell train ticket <ref>,110.47,transportation,simulated_bank_transactions_uk
2023-12-12,transport esso train ticket <ref>,5.07,transportation,simulated_bank_transactions_uk
2023-07-17,pos purchase hmrc misc expense,86.46,other,simulated_bank_transactions_uk
2023-03-30,bill pmt scottishpower,143.36,utilities,simulated_bank_transactions_uk
2023-05-24,restaurant nando's food delivery,17.02,dining,simulated_bank_transactions_uk
2023-01-07,card pmt nando's fast food 2558,140.57,dining,simulated_bank_transactions_uk
2023-10-01,fuel esso fuel <ref>,37.62,transportation,simulated_bank_transactions_uk
2024-08-09,transport tfl bus pass <ref>,88.62,transportation,simulated_bank_transactions_uk
2024-12-10,bacs card payment waitrose eggs <ref>,99.09,groceries,simulated_bank_transactions_uk
2023-06-13,card*utility*bill*ee <ref>,132.39,utilities,simulated_bank_transactions_uk
2024-12-21,card payment just eat food delivery,76.87,dining,simulated_bank_transactions_uk
2024-10-16,online purchase hmrc misc expense <ref>,104.47,other,simulated_bank_transactions_uk
2023-08-13,transport*bp*bus*pass <ref>,93.35,transportation,simulated_bank_transactions_uk
2024-09-12,direct debit sky <ref>,194.5,utilities,simulated_bank_transactions_uk
2024-04-27,fuel tfl fuel <ref>,106.19,transportation,simulated_bank_transactions_uk
2024-11-27,card payment ebay online purchase,114.99,other,simulated_bank_transactions_uk
2024-06-24,pos purchase hmrc online purch,80.25,other,simulated_bank_transactions_uk
2023-03-05,rent payment rent <ref>,1389.84,housing,simulated_bank_transactions_uk
2023-06-03,online purchase hmrc online purchase,87.19,other,simulated_bank_transactions_uk
2024-11-27,direct debit octopus energy <ref>,127.2,utilities,simulated_bank_transactions_uk
2023-02-26,bill pmt severn trent,142.28,utilities,simulated_bank_transactions_uk
2024-04-12,food delivery kfc restaurant <ref>,78.45,dining,simulated_bank_transactions_uk
2023-11-12,subscription gym group,28.55,subscriptions,simulated_bank_transactions_uk
2023-08-12,rent payment letting agent <ref>,1743.03,housing,simulated_bank_transactions_uk
2023-03-07,subscription/disney+ <ref>,17.06,subscriptions,simulated_bank_transactions_uk
2024-04-28,card payment gym group <ref>,7.42,subscriptions,simulated_bank_transactions_uk
2023-05-19,sto contactless sainsburys eggs,63.1,groceries,simulated_bank_transactions_uk
2024-01-27,pos purchase hmrc misc expense <ref>,58.05,other,simulated_bank_transactions_uk
2024-11-30,card pmt starbucks fast food <ref>,58.22,dining,simulated_bank_transactions_uk
2023-07-02,bacs rent rent <ref>,1086.88,housing,simulated_bank_transactions_uk
2023-08-17,subscription gym group <ref>,30.48,subscriptions,simulated_bank_transactions_uk
2023-11-02,online*purchase*hmrc*online*purchase <ref>,114.16,other,simulated_bank_transactions_uk
2024-03-10,bacs card payment just eat food delivery <ref>,108.71,dining,simulated_bank_transactions_uk
2023-12-21,direct-debit-google-*services <ref>,13.66,subscriptions,simulated_bank_transactions_uk
2023-04-26,utility-bill-o2 <ref>,222.55,utilities,simulated_bank_transactions_uk
2023-01-17,sto contactless sainsburys veg,64.63,groceries,simulated_bank_transactions_uk
2024-04-02,bill pmt octopus energy <ref>,160.67,utilities,simulated_bank_transactions_uk
2023-02-15,card pmt apple.com/bill <ref>,6.7,subscriptions,simulated_bank_transactions_uk
2023-08-11,contactless card pmt just eat fast food <ref>,37.45,dining,simulated_bank_transactions_uk
2023-10-24,card pmt amazon online purchas,23.6,other,simulated_bank_transactions_uk
2023-11-25,bill payment sky,199.96,utilities,simulated_bank_transactions_uk
2024-06-17,so utility bill bt,246.85,utilities,simulated_bank_transactions_uk
2024-08-28,bill-pmt-ee <ref>,43.41,utilities,simulated_bank_transactions_uk
2024-05-22,rent pmt letting agent <ref>,1198.08,housing,simulated_bank_transactions_uk
2024-11-18,pos*lidl*eggs <ref>,141.41,groceries,simulated_bank_transactions_uk
2024-03-02,restaurant-kfc-food-delivery <ref>,49.85,dining,simulated_bank_transactions_uk
2023-07-08,food delivery mcdonalds restaurant <ref>,47.08,dining,simulated_bank_transactions_uk
2023-08-19,online purchase argos misc expense <ref>,38.42,other,simulated_bank_transactions_uk
2023-03-01,fuel national rail train ticket <ref>,121.45,transportation,simulated_bank_transactions_uk
2023-05-18,card subscription apple.com/bill <ref>,24.51,subscriptions,simulated_bank_transactions_uk
2023-12-05,visa food delivery kfc restaurant <ref>,40.48,dining,simulated_bank_transactions_uk
2023-04-05,bacs/bacs/mortgage/rent <ref>,1785.99,housing,simulated_bank_transactions_uk
2024-01-22,pos*direct*debit*netflix,6.8,subscriptions,simulated_bank_transactions_uk
2024-08-24,mortgage payment letting agent,863.43,housing,simulated_bank_transactions_uk
2023-12-07,bacs mortgage rent <ref>,1817.26,housing,simulated_bank_transactions_uk
2023-07-14,fuel bp uber ride <ref>,34.14,transportation,simulated_bank_transactions_uk
2023-09-06,contactless/mortgage/pmt/letting/agent <ref>,1656.06,housing,simulated_bank_transactions_uk
2023-11-26,rent*payment*rent <ref>,935.06,housing,simulated_bank_transactions_uk
2024-06-30,card pmt nhs misc expense <ref>,58.96,other,simulated_bank_transactions_uk
2024-05-24,bacs rent rent,1103.5,housing,simulated_bank_transactions_uk
2024-04-25,card-pmt-uber-eats-restaurant <ref>,121.01,dining,simulated_bank_transactions_uk
2024-01-15,card*payment*argos*misc*expense <ref>,137.41,other,simulated_bank_transactions_uk
2023-08-15,transport national rail fuel,9.72,transportation,simulated_bank_transactions_uk
2024-08-21,sto bacs rent rent <ref>,1374.64,housing,simulated_bank_transactions_uk
2023-12-04,card pmt amazon prime 15,10.33,subscriptions,simulated_bank_transactions_uk
2024-07-17,direct debit british gas <ref>,84.06,utilities,simulated_bank_transactions_uk
2024-10-19,bacs landlord rent,1750.23,housing,simulated_bank_transactions_uk
2023-12-27,bacs-mortgage-rent,1625.88,housing,simulated_bank_transactions_uk
2024-07-09,utility bill vodafone <ref>,137.43,utilities,simulated_bank_transactions_uk
2023-03-18,bacs landlord rent <ref>,1774.7,housing,simulated_bank_transactions_uk
2024-02-27,pos purchase boots online purchase,115.36,other,simulated_bank_transactions_uk
2023-08-12,utility bill o2,63.23,utilities,simulated_bank_transactions_uk
2024-11-13,subscription netflix <ref>,26.62,subscriptions,simulated_bank_transactions_uk
2024-06-28,subscription/gym/group <ref>,5.55,subscriptions,simulated_bank_transactions_uk
2023-10-09,direct*debit*apple.com/bill,23.53,subscriptions,simulated_bank_transactions_uk
2024-11-21,subscription netflix,33.46,subscriptions,simulated_bank_transactions_uk
2023-04-09,restaurant mcdonalds restaurant <ref>,18.73,dining,simulated_bank_transactions_uk
2023-09-16,card pmt netflix <ref>,26.69,subscriptions,simulated_bank_transactions_uk
2024-02-11,card payment superdrug misc expense <ref>,42.3,other,simulated_bank_transactions_uk
2024-04-15,pos morrisons eggs <ref>,144.02,groceries,simulated_bank_transactions_uk
2024-12-01,direct-debit-spotify <ref>,12.91,subscriptions,simulated_bank_transactions_uk
2024-10-27,card pmt currys online purchase <ref>,99.1,other,simulated_bank_transactions_uk
2024-01-24,pos purchase boots online purchase <ref>,16.74,other,simulated_bank_transactions_uk
2024-10-14,restaurant pret food delivery <ref>,72.97,dining,simulated_bank_transactions_uk
2024-05-26,contactless card payment waitrose vegetables <ref>,28.19,groceries,simulated_bank_transactions_uk
2023-12-06,pos purchase currys misc expense <ref>,97.8,other,simulated_bank_transactions_uk
2023-08-24,direct-debit-card-payment-netflix,37.17,subscriptions,simulated_bank_transactions_uk
2024-12-01,visa utility bill severn trent <ref>,233.32,utilities,simulated_bank_transactions_uk
2023-11-19,transport bp uber ride,29.37,transportation,simulated_bank_transactions_uk
2024-12-30,fps*card*payment*sainsburys*bread <ref>,89.29,groceries,simulated_bank_transactions_uk
2023-11-03,direct debit pos purchase boots misc expense 327,139.54,other,simulated_bank_transactions_uk
2024-11-24,bill/pmt/severn/trent <ref>,216.88,utilities,simulated_bank_transactions_uk
2024-12-06,direct debit spotify <ref>,30.89,subscriptions,simulated_bank_transactions_uk
2023-02-24,pos mortgage pmt landlord,1964.05,housing,simulated_bank_transactions_uk
2023-03-19,mastercard contactless waitrose rice,37.13,groceries,simulated_bank_transactions_uk
2023-12-01,card payment esso fuel <ref>,145.43,transportation,simulated_bank_transactions_uk
2024-04-06,card/pmt/morrisons/vegetables,43.18,groceries,simulated_bank_transactions_uk
2024-01-20,card payment pret restaurant <ref>,55.3,dining,simulated_bank_transactions_uk
2024-11-07,restaurant costa restaurant,102.92,dining,simulated_bank_transactions_uk
2023-10-30,card pmt uber eats restaurant <ref>,116.51,dining,simulated_bank_transactions_uk
2023-03-26,card pmt superdrug online purchase <ref>,107.83,other,simulated_bank_transactions_uk
2024-10-11,card pmt bp train ticket <ref>,58.86,transportation,simulated_bank_transactions_uk
2023-01-06,bill payment severn trent <ref>,53.44,utilities,simulated_bank_transactions_uk
2023-10-04,fuel*esso*fuel,55.91,transportation,simulated_bank_transactions_uk
2024-03-17,contactless morrisons bread <ref>,15.83,groceries,simulated_bank_transactions_uk
2024-02-22,card pmt uber eats food delivery <ref>,84.55,dining,simulated_bank_transactions_uk
2024-07-21,pos tesco milk <ref>,16.17,groceries,simulated_bank_transactions_uk
2023-11-29,card payment aldi chicken <ref>,90.91,groceries,simulated_bank_transactions_uk
2024-02-28,online*purchase*boots*misc*expense <ref>,4.81,other,simulated_bank_transactions_uk
2024-07-26,restaurant costa restaurant <ref>,109.55,dining,simulated_bank_transactions_uk
2023-10-03,bill payment bt <ref>,67.29,utilities,simulated_bank_transactions_uk
2023-03-06,so card pmt tfl bus pass <ref>,75.49,transportation,simulated_bank_transactions_uk
2023-03-20,direct debit thames water <ref>,95.95,utilities,simulated_bank_transactions_uk
2024-10-02,fuel bolt bus pass <ref>,141.8,transportation,simulated_bank_transactions_uk
2024-04-13,card pmt uber eats food delivery <ref>,93.65,dining,simulated_bank_transactions_uk
2024-02-10,contactless/contactless/lidl/bread <ref>,47.78,groceries,simulated_bank_transactions_uk
2023-12-04,card pmt uber fuel <ref>,121.2,transportation,simulated_bank_transactions_uk
2024-10-28,food-delivery-starbucks-fast-food,66.3,dining,simulated_bank_transactions_uk
2024-12-12,direct debit apple.com/bill <ref>,26.11,subscriptions,simulated_bank_transactions_uk
2023-11-23,utility bill scottishpower <ref>,242.21,utilities,simulated_bank_transactions_uk
2023-09-06,mastercard transport trainline fuel,145.26,transportation,simulated_bank_transactions_uk
2024-02-07,sto transport tfl fuel,44.2,transportation,simulated_bank_transactions_uk
2023-07-24,transport trainline uber ride,140.01,transportation,simulated_bank_transactions_uk
2023-01-28,card payment spotify <ref>,31.87,subscriptions,simulated_bank_transactions_uk
2023-10-26,bacs mortgage rent <ref>,893.51,housing,simulated_bank_transactions_uk
2024-02-23,pos purchase boots online purchase <ref>,123.39,other,simulated_bank_transactions_uk
2023-09-16,mastercard rent pmt ren,1023.97,housing,simulated_bank_transactions_uk
2023-03-17,mortgage payment letting agent,1704.71,housing,simulated_bank_transactions_uk
2024-02-15,card pmt greggs food delivery,73.45,dining,simulated_bank_transactions_uk
2024-03-04,direct debit gym group,35.44,subscriptions,simulated_bank_transactions_uk
2024-07-03,direct debit google *services <ref>,17.58,subscriptions,simulated_bank_transactions_uk
2023-09-12,subscription google *services,8.83,subscriptions,simulated_bank_transactions_uk
2024-07-30,bacs letting agent rent <ref>,1457.75,housing,simulated_bank_transactions_uk
2024-03-16,sto rent payment landlord,1064.24,housing,simulated_bank_transactions_uk
2023-08-16,contactless-iceland-mi,17.5,groceries,simulated_bank_transactions_uk
2024-08-12,card pmt amazon prime,25.32,subscriptions,simulated_bank_transactions_uk
2024-11-26,direct debit octopus energy <ref>,131.87,utilities,simulated_bank_transactions_uk
2023-01-26,subscription disney+ <ref>,17.07,subscriptions,simulated_bank_transactions_uk
2023-03-29,sto/card/payment/uber/eats/restaurant <ref>,46.43,dining,simulated_bank_transactions_uk
2023-11-16,card/payment/morrisons/vegetables,23.83,groceries,simulated_bank_transactions_uk
2024-06-17,transport-shell-fuel <ref>,118.29,transportation,simulated_bank_transactions_uk
2024-03-24,sto*card*payment*uber*eats*fast*food 8574,73.0,dining,simulated_bank_transactions_uk
2024-12-28,bacs rent rent <ref>,1020.37,housing,simulated_bank_transactions_uk
2024-10-25,contactless aldi milk <ref>,127.83,groceries,simulated_bank_transactions_uk
2023-09-07,contactless sainsburys vegetables,120.61,groceries,simulated_bank_transactions_uk
2024-03-12,card payment google *services <ref>,16.58,subscriptions,simulated_bank_transactions_uk
2024-10-06,visa restaurant deliveroo restaurant <ref>,120.27,dining,simulated_bank_transactions_uk
2023-01-30,direct debit o2 122,125.07,utilities,simulated_bank_transactions_uk
2023-01-05,bacs mortgage rent <ref>,1201.37,housing,simulated_bank_transactions_uk
2023-03-06,rent*pmt*rent <ref>,1653.26,housing,simulated_bank_transactions_uk
2024-01-10,direct debit subscription disney+ <ref>,23.79,subscriptions,simulated_bank_transactions_uk
2023-09-26,transport national rail train ticket <ref>,70.26,transportation,simulated_bank_transactions_uk
2024-09-03,bacs letting agent rent <ref>,1494.75,housing,simulated_bank_transactions_uk
2023-04-27,restaurant nando's food delivery <ref>,60.7,dining,simulated_bank_transactions_uk
2024-09-24,transport uber bus pass,127.29,transportation,simulated_bank_transactions_uk
2024-11-19,fps bill payment british gas <ref>,159.84,utilities,simulated_bank_transactions_uk
2023-07-07,so bill pmt octopus energy <ref>,97.18,utilities,simulated_bank_transactions_uk
2024-03-04,contactless transport bolt train ticket 6,78.09,transportation,simulated_bank_transactions_uk
2024-05-13,direct debit subscription puregym,19.81,subscriptions,simulated_bank_transactions_uk
2023-05-24,bacs letting agent rent <ref>,1285.5,housing,simulated_bank_transactions_uk
2024-01-03,direct debit sky 9,166.27,utilities,simulated_bank_transactions_uk
2024-01-29,card payment waitrose rice <ref>,23.07,groceries,simulated_bank_transactions_uk
2024-05-18,direct debit disney+,19.32,subscriptions,simulated_bank_transactions_uk
2024-05-15,food delivery kfc food delivery 5,126.46,dining,simulated_bank_transactions_uk
2023-08-14,bill payment o2,205.09,utilities,simulated_bank_transactions_uk
2024-07-04,fps fuel shell uber ride <ref>,43.4,transportation,simulated_bank_transactions_uk
2024-08-02,transport bolt train ticket <ref>,117.77,transportation,simulated_bank_transactions_uk
2023-04-27,mortgage/pmt/landlord <ref>,758.5,housing,simulated_bank_transactions_uk
2023-02-12,card pmt shell bus pass <ref>,82.68,transportation,simulated_bank_transactions_uk
2024-03-11,pos-purchase-nhs-misc-expense <ref>,83.31,other,simulated_bank_transactions_uk
2023-09-11,pos tesco vegetables <ref>,125.02,groceries,simulated_bank_transactions_uk
2023-12-23,mastercard/fuel/national/rail/uber/ride <ref>,69.11,transportation,simulated_bank_transactions_uk
2023-05-01,online purchase amazon online purchase,67.54,other,simulated_bank_transactions_uk
2024-08-25,card pmt ebay online purchase,33.85,other,simulated_bank_transactions_uk
2024-03-14,bacs letting agent rent,1454.37,housing,simulated_bank_transactions_uk
2023-03-02,utility bill e.on <ref>,208.98,utilities,simulated_bank_transactions_uk
2023-06-22,subscription apple.com/bill <ref>,25.89,subscriptions,simulated_bank_transactions_uk
2023-10-01,so card payment uber bus pass,45.53,transportation,simulated_bank_transactions_uk
2024-02-26,card pmt hmrc online purchase,22.93,other,simulated_bank_transactions_uk
2023-05-10,contactless-asda-eggs <ref>,130.46,groceries,simulated_bank_transactions_uk
2023-09-11,rent pmt rent <ref>,1595.95,housing,simulated_bank_transactions_uk
2024-08-14,sto-online-purchase-hmrc-misc-expense <ref>,74.95,other,simulated_bank_transactions_uk
2023-03-19,bacs/rent/pmt/letting/agent <ref>,1125.24,housing,simulated_bank_transactions_uk
2024-12-12,rent payment landlord,1649.72,housing,simulated_bank_transactions_uk
2023-12-02,visa*card*pmt*bolt*fuel <ref>,142.69,transportation,simulated_bank_transactions_uk
2023-04-06,subscription-gym-group <ref>,34.65,subscriptions,simulated_bank_transactions_uk
2023-03-06,bacs letting agent rent <ref>,1576.2,housing,simulated_bank_transactions_uk
2024-03-15,online-purchase-superdrug-misc-expense <ref>,35.02,other,simulated_bank_transactions_uk
2023-11-27,card pmt argos online purchase <ref>,75.72,other,simulated_bank_transactions_uk
2024-08-14,online/purchase/ebay/misc/expense <ref>,52.65,other,simulated_bank_transactions_uk
2023-02-19,bill-pmt-sky,226.71,utilities,simulated_bank_transactions_uk
2024-04-15,card/pmt/aldi/milk <ref>,95.05,groceries,simulated_bank_transactions_uk
2023-06-11,card pmt sainsburys milk <ref>,139.63,groceries,simulated_bank_transactions_uk
2024-03-14,contactless restaurant mcdonalds fast food <ref>,3.1,dining,simulated_bank_transactions_uk
2023-10-08,mastercard bill payment scottishpower <ref>,96.41,utilities,simulated_bank_transactions_uk
2023-03-26,so pos morrisons vegeta,55.98,groceries,simulated_bank_transactions_uk
2024-10-02,transport tfl train ticket 369,10.61,transportation,simulated_bank_transactions_uk
2023-04-04,fuel bolt train ticket <ref>,66.1,transportation,simulated_bank_transactions_uk
2023-05-16,bacs rent rent <ref>,1267.53,housing,simulated_bank_transactions_uk
2023-01-09,subscription spotify,20.58,subscriptions,simulated_bank_transactions_uk
2024-03-08,pos mortgage pmt letting agent <ref>,1983.42,housing,simulated_bank_transactions_uk
2023-04-02,mortgage-pmt-landlord <ref>,920.53,housing,simulated_bank_transactions_uk
2023-11-03,bacs bacs letting agent rent <ref>,1114.59,housing,simulated_bank_transactions_uk
2023-05-17,fps utility bill o2 <ref>,195.69,utilities,simulated_bank_transactions_uk
2024-09-16,mortgage pmt landlord,1388.61,housing,simulated_bank_transactions_uk
2024-10-05,bacs rent pmt letting agent,1611.4,housing,simulated_bank_transactions_uk
2024-03-29,bacs letting agent rent,1462.51,housing,simulated_bank_transactions_uk
2023-04-13,fps pos purchase argos online purchase <ref>,15.74,other,simulated_bank_transactions_uk
2024-03-15,bill payment octopus energy <ref>,114.49,utilities,simulated_bank_transactions_uk
2024-10-22,fuel trainline train ticket <ref>,39.42,transportation,simulated_bank_transactions_uk
2024-09-06,pos tesco bread,84.35,groceries,simulated_bank_transactions_uk
2024-11-05,rent/payment/rent <ref>,1566.67,housing,simulated_bank_transactions_uk
2024-06-05,card payment bp train ticket <ref>,79.11,transportation,simulated_bank_transactions_uk
2023-09-03,utility bill e.on <ref>,42.01,utilities,simulated_bank_transactions_uk
2024-05-26,visa restaurant greggs fast food,19.57,dining,simulated_bank_transactions_uk
2024-01-05,mortgage payment letting agent <ref>,1968.78,housing,simulated_bank_transactions_uk
2024-08-05,fuel-bolt-train-ticket <ref>,59.87,transportation,simulated_bank_transactions_uk
2023-06-26,food*delivery*deliveroo*fast*food <ref>,83.31,dining,simulated_bank_transactions_uk
2023-03-16,pos purchase hmrc misc expense <ref>,143.3,other,simulated_bank_transactions_uk
2023-09-26,pos waitrose chicken,12.93,groceries,simulated_bank_transactions_uk
2024-02-12,direct debit ee,238.71,utilities,simulated_bank_transactions_uk
2024-03-01,card payment spotify <ref>,22.54,subscriptions,simulated_bank_transactions_uk
2024-10-17,food delivery nando's food delivery <ref>,62.13,dining,simulated_bank_transactions_uk
2023-11-14,card payment puregym <ref>,14.71,subscriptions,simulated_bank_transactions_uk
2023-06-09,card/pmt/iceland/chicken <ref>,138.38,groceries,simulated_bank_transactions_uk
2024-10-27,direct/debit/apple.com/bill,27.2,subscriptions,simulated_bank_transactions_uk
2023-09-02,bacs letting agent ren,1212.48,housing,simulated_bank_transactions_uk
2024-03-20,card pmt aldi bread <ref>,15.67,groceries,simulated_bank_transactions_uk
2023-02-26,card pmt tesco rice,93.01,groceries,simulated_bank_transactions_uk
2024-12-25,transport*tfl*train*ticket,20.56,transportation,simulated_bank_transactions_uk
2024-06-19,sto bill payment octopus energy <ref>,239.66,utilities,simulated_bank_transactions_uk
2023-10-03,mastercard*direct*debit*apple.com/bill,18.02,subscriptions,simulated_bank_transactions_uk
2024-03-15,pos rent payment mortgage,641.1,housing,simulated_bank_transactions_uk
2024-08-13,fuel shell uber ride,41.65,transportation,simulated_bank_transactions_uk
2023-02-26,mortgage pmt landlord,1315.09,housing,simulated_bank_transactions_uk
2023-06-11,food delivery pret food delivery,27.53,dining,simulated_bank_transactions_uk
2024-11-21,fuel trainline uber ride <ref>,134.46,transportation,simulated_bank_transactions_uk
2023-02-15,card rent pmt rent,1312.35,housing,simulated_bank_transactions_uk
2024-04-28,card pmt hmrc online purchase <ref>,38.95,other,simulated_bank_transactions_uk
2023-07-03,fuel shell fuel 5,138.27,transportation,simulated_bank_transactions_uk
2024-11-02,pos*purchase*superdrug*online*purchase,84.27,other,simulated_bank_transactions_uk
2024-03-02,card/pmt/starbucks/restaurant,50.3,dining,simulated_bank_transactions_uk
2024-01-17,mortgage-pmt-letting-agent,709.04,housing,simulated_bank_transactions_uk
2023-02-23,card payment morrisons chicken <ref>,101.98,groceries,simulated_bank_transactions_uk
2024-02-15,utility/bill/ee <ref>,245.91,utilities,simulated_bank_transactions_uk
2023-11-15,pos aldi rice <ref>,130.31,groceries,simulated_bank_transactions_uk
2023-01-09,pos fuel esso uber ride,84.3,transportation,simulated_bank_transactions_uk
2023-11-08,card-payment-esso-train-ticket,45.86,transportation,simulated_bank_transactions_uk
2024-05-20,contactless mortgage payment landlord <ref>,1428.37,housing,simulated_bank_transactions_uk
2024-07-13,card payment nhs online purchase <ref>,110.67,other,simulated_bank_transactions_uk
2024-02-24,so/online/purchase/hmrc/online/purchase <ref>,25.13,other,simulated_bank_transactions_uk
2024-10-13,pos tesco bread <ref>,82.61,groceries,simulated_bank_transactions_uk
2023-01-02,online purchase amazon online purchase,142.8,other,simulated_bank_transactions_uk
2023-11-11,mastercard online purchase superdrug misc expense <ref>,127.8,other,simulated_bank_transactions_uk
2023-09-01,card pmt waitrose bread,80.88,groceries,simulated_bank_transactions_uk
2023-05-26,card pmt starbucks fast food <ref>,144.29,dining,simulated_bank_transactions_uk
2024-06-16,pos rent payment mortgage <ref>,1889.78,housing,simulated_bank_transactions_uk
2024-04-14,card pmt deliveroo food delivery <ref>,134.65,dining,simulated_bank_transactions_uk
2024-10-14,contactless-rent-pmt-landlord <ref>,1307.6,housing,simulated_bank_transactions_uk
2024-08-04,online purchase amazon misc expense <ref>,14.0,other,simulated_bank_transactions_uk
2023-05-14,contactless aldi rice,100.38,groceries,simulated_bank_transactions_uk
2024-02-07,bill pmt octopus energy <ref>,99.3,utilities,simulated_bank_transactions_uk
2023-03-18,visa mortgage payment mortgage,980.74,housing,simulated_bank_transactions_uk
2023-06-09,bill payment bt,158.64,utilities,simulated_bank_transactions_uk
2023-11-18,pos lidl bread <ref>,69.09,groceries,simulated_bank_transactions_uk
2023-08-01,food delivery starbucks restaurant <ref>,81.78,dining,simulated_bank_transactions_uk
2023-05-03,restaurant deliveroo fast food,71.11,dining,simulated_bank_transactions_uk
2023-11-08,so card pmt asda bread <ref>,121.72,groceries,simulated_bank_transactions_uk
2023-12-02,online purchase nhs online purchase <ref>,34.61,other,simulated_bank_transactions_uk
2024-02-10,bill payment sky,243.05,utilities,simulated_bank_transactions_uk
2023-06-28,direct debit gym group <ref>,14.11,subscriptions,simulated_bank_transactions_uk
2024-07-23,card*pos*tesco*rice,128.63,groceries,simulated_bank_transactions_uk
2023-05-24,bacs mortgage rent,742.67,housing,simulated_bank_transactions_uk
2023-08-16,pos asda milk <ref>,12.07,groceries,simulated_bank_transactions_uk
2024-10-07,bill pmt sky <ref>,111.89,utilities,simulated_bank_transactions_uk
2023-03-18,bacs/letting/agent/rent <ref>,962.35,housing,simulated_bank_transactions_uk
2024-10-23,pos/lidl/milk <ref>,32.07,groceries,simulated_bank_transactions_uk
2023-12-06,card restaurant deliveroo restaurant <ref>,16.52,dining,simulated_bank_transactions_uk
2023-02-21,pos lidl milk <ref>,141.52,groceries,simulated_bank_transactions_uk
2023-01-31,bacs bill pmt vodafone <ref>,116.9,utilities,simulated_bank_transactions_uk
2023-12-29,card payment deliveroo food delivery <ref>,65.72,dining,simulated_bank_transactions_uk
2023-06-02,direct debit o2 <ref>,128.12,utilities,simulated_bank_transactions_uk
2023-09-09,card pmt lidl chicken <ref>,94.02,groceries,simulated_bank_transactions_uk
2024-05-05,rent pmt mortgage,1835.89,housing,simulated_bank_transactions_uk
2023-05-21,card payment waitrose milk <ref>,44.13,groceries,simulated_bank_transactions_uk
2024-06-22,bacs food delivery mcdonalds restaurant 5848,97.47,dining,simulated_bank_transactions_uk
2024-01-03,bill pmt severn trent 8,202.02,utilities,simulated_bank_transactions_uk
2023-12-19,pos food delivery nando's food delivery,117.87,dining,simulated_bank_transactions_uk
2023-01-27,subscription apple.com/bill <ref>,14.47,subscriptions,simulated_bank_transactions_uk
2023-10-15,fuel trainline train ticket,7.31,transportation,simulated_bank_transactions_uk
2024-08-21,contactless asda rice,80.83,groceries,simulated_bank_transactions_uk
2023-09-30,pos bill payment severn trent,174.51,utilities,simulated_bank_transactions_uk
2023-08-13,direct debit puregym,39.87,subscriptions,simulated_bank_transactions_uk
2023-06-27,subscription amazon prime,34.37,subscriptions,simulated_bank_transactions_uk
2024-12-15,utility bill ee,207.37,utilities,simulated_bank_transactions_uk
2023-12-27,transport trainline uber ride <ref>,106.41,transportation,simulated_bank_transactions_uk
2024-05-19,card payment disney+,38.19,subscriptions,simulated_bank_transactions_uk
2023-02-27,direct-debit-gym-group,6.33,subscriptions,simulated_bank_transactions_uk
2023-12-06,utility bill e.on,135.16,utilities,simulated_bank_transactions_uk
2023-07-01,card-pmt-google-*services <ref>,16.93,subscriptions,simulated_bank_transactions_uk
2023-06-01,so online purchase argos misc expense,11.75,other,simulated_bank_transactions_uk
2024-06-22,contactless card pmt netflix <ref>,32.1,subscriptions,simulated_bank_transactions_uk
2024-01-18,mastercard online purchase boots misc expense <ref>,144.2,other,simulated_bank_transactions_uk
2023-11-27,mortgage pmt landlord <ref>,1071.19,housing,simulated_bank_transactions_uk
2024-10-16,direct debit scottishpower <ref>,126.11,utilities,simulated_bank_transactions_uk
2024-12-25,card card payment starbucks food delivery <ref>,49.64,dining,simulated_bank_transactions_uk
2024-01-01,direct debit gym group,26.48,subscriptions,simulated_bank_transactions_uk
2023-10-29,direct debit vodafone,191.48,utilities,simulated_bank_transactions_uk
2024-08-09,direct-debit-ee,238.73,utilities,simulated_bank_transactions_uk
2024-09-08,card payment starbucks food delivery <ref>,7.76,dining,simulated_bank_transactions_uk
2023-04-17,card card pmt bolt train ticket <ref>,97.03,transportation,simulated_bank_transactions_uk
2023-03-21,card-payment-greggs-restaurant <ref>,51.68,dining,simulated_bank_transactions_uk
2023-04-01,bill pmt bt,66.94,utilities,simulated_bank_transactions_uk
2023-09-29,online-purchase-argos-misc-expense <ref>,68.65,other,simulated_bank_transactions_uk
2023-04-21,bill*payment*vodafone,107.11,utilities,simulated_bank_transactions_uk
2024-03-05,bacs landlord rent <ref>,1213.51,housing,simulated_bank_transactions_uk
2024-07-13,direct debit octopus energy <ref>,113.32,utilities,simulated_bank_transactions_uk
2024-08-14,card payment just eat restaurant,124.83,dining,simulated_bank_transactions_uk
2023-02-04,bacs rent rent <ref>,703.19,housing,simulated_bank_transactions_uk
2023-04-18,fuel tfl uber ride <ref>,49.85,transportation,simulated_bank_transactions_uk
2024-01-20,pos-aldi-eggs <ref>,28.01,groceries,simulated_bank_transactions_uk
2023-04-06,direct debit direct debit vodaf,227.59,utilities,simulated_bank_transactions_uk
2024-03-17,card*pmt*uber*fuel <ref>,106.56,transportation,simulated_bank_transactions_uk
2023-02-24,rent/pmt/landlord <ref>,1207.88,housing,simulated_bank_transactions_uk
2023-07-14,pos*lidl*eggs,33.22,groceries,simulated_bank_transactions_uk
2024-07-07,card pmt pret food delivery <ref>,84.45,dining,simulated_bank_transactions_uk
2023-04-09,card pmt esso bus pass <ref>,46.72,transportation,simulated_bank_transactions_uk
2024-05-17,pos*aldi*rice <ref>,87.05,groceries,simulated_bank_transactions_uk
2023-10-29,so-bill-pmt-ee <ref>,124.07,utilities,simulated_bank_transactions_uk
2023-01-27,card pmt boots misc expense <ref>,32.35,other,simulated_bank_transactions_uk
2024-04-29,visa utility bill british gas,244.95,utilities,simulated_bank_transactions_uk
2024-02-12,online purchase hmrc online purchase,48.33,other,simulated_bank_transactions_uk
2023-09-29,food delivery deliveroo fast food <ref>,134.55,dining,simulated_bank_transactions_uk
2023-07-09,pos tesco vegetables,82.99,groceries,simulated_bank_transactions_uk
2024-04-01,transport shell fuel <ref>,57.3,transportation,simulated_bank_transactions_uk
2023-09-27,card/pmt/tesco/eggs,67.64,groceries,simulated_bank_transactions_uk
2024-12-14,pos bill pmt octopus energy <ref>,63.25,utilities,simulated_bank_transactions_uk
2024-07-08,sto bacs landlord rent,1081.31,housing,simulated_bank_transactions_uk
2023-03-04,food*delivery*pret*food*delivery <ref>,36.44,dining,simulated_bank_transactions_uk
2024-03-04,pos purchase superdrug misc expense,123.31,other,simulated_bank_transactions_uk
2023-08-30,subscription*amazon*prime <ref>,21.62,subscriptions,simulated_bank_transactions_uk
2023-02-05,food/delivery/pret/fast/food <ref>,14.61,dining,simulated_bank_transactions_uk
2024-11-24,subscription spotify,33.02,subscriptions,simulated_bank_transactions_uk
2023-06-27,direct debit subscription amazon prime <ref>,31.5,subscriptions,simulated_bank_transactions_uk
2024-03-09,utility bill bt <ref>,57.76,utilities,simulated_bank_transactions_uk
2024-10-04,card payment morrisons vegetables <ref>,67.0,groceries,simulated_bank_transactions_uk
2023-03-10,direct debit octopus energy <ref>,189.96,utilities,simulated_bank_transactions_uk
2024-07-19,card pmt tesco rice <ref>,84.79,groceries,simulated_bank_transactions_uk
2023-01-13,card pmt tfl bus pass <ref>,79.39,transportation,simulated_bank_transactions_uk
2023-06-03,online purchase argos misc expense <ref>,19.54,other,simulated_bank_transactions_uk
2023-04-14,direct debit british gas <ref>,153.79,utilities,simulated_bank_transactions_uk
2023-12-19,card pmt argos misc expense <ref>,130.52,other,simulated_bank_transactions_uk
2024-05-12,card payment mcdonalds fast food <ref>,59.31,dining,simulated_bank_transactions_uk
2024-02-17,fps subscription amazon prime <ref>,11.03,subscriptions,simulated_bank_transactions_uk
2023-12-06,bill pmt bt,225.71,utilities,simulated_bank_transactions_uk
2023-10-03,rent*payment*landlord,1265.31,housing,simulated_bank_transactions_uk
2023-11-07,card fuel shell uber ride <ref>,52.67,transportation,simulated_bank_transactions_uk
2024-12-13,sto card pmt national rail bus pass,126.9,transportation,simulated_bank_transactions_uk
2023-11-04,rent/payment/letting/agent <ref>,919.14,housing,simulated_bank_transactions_uk
2024-03-02,rent payment letting agent,1049.22,housing,simulated_bank_transactions_uk
2024-02-21,direct debit direct debit amazon prime,20.46,subscriptions,simulated_bank_transactions_uk
2023-02-27,card*bacs*mortgage*rent <ref>,1814.06,housing,simulated_bank_transactions_uk
2024-02-18,subscription/amazon/prime <ref>,29.83,subscriptions,simulated_bank_transactions_uk
2023-07-25,mastercard utility bill e.on <ref>,222.54,utilities,simulated_bank_transactions_uk
2024-04-12,direct debit pos purchase superdrug online purchase,39.68,other,simulated_bank_transactions_uk
2023-10-08,pos/contactless/morrisons/eggs <ref>,106.58,groceries,simulated_bank_transactions_uk
2024-10-12,card*pmt*national*rail*fuel <ref>,77.25,transportation,simulated_bank_transactions_uk
2024-01-17,contactless iceland vegetables,7.49,groceries,simulated_bank_transactions_uk
2024-04-30,card payment starbucks food delivery <ref>,68.58,dining,simulated_bank_transactions_uk
2023-09-22,mastercard direct debit spotify <ref>,10.72,subscriptions,simulated_bank_transactions_uk
2023-06-16,sto bacs letting agent rent,1141.19,housing,simulated_bank_transactions_uk
2024-10-24,card pmt boots online purchase,129.0,other,simulated_bank_transactions_uk
2023-01-21,direct debit sky,120.09,utilities,simulated_bank_transactions_uk
2023-05-16,pos purchase currys online purchase,72.69,other,simulated_bank_transactions_uk
2023-09-16,mortgage payment rent <ref>,611.85,housing,simulated_bank_transactions_uk
2023-10-09,subscription google *services <ref>,29.83,subscriptions,simulated_bank_transactions_uk
2024-04-15,restaurant starbucks fast food <ref>,128.18,dining,simulated_bank_transactions_uk
2024-11-24,card pmt national rail train ticket <ref>,71.6,transportation,simulated_bank_transactions_uk
2024-06-07,card/pmt/google/*services <ref>,8.58,subscriptions,simulated_bank_transactions_uk
2023-10-17,bacs rent payment rent <ref>,1431.28,housing,simulated_bank_transactions_uk
2023-12-11,card*pmt*national*rail*uber*ride <ref>,73.82,transportation,simulated_bank_transactions_uk
2023-09-25,transport uber bus pass <ref>,129.64,transportation,simulated_bank_transactions_uk
2023-09-04,bacs landlord rent,1324.21,housing,simulated_bank_transactions_uk
2023-11-24,contactless lidl chicken <ref>,62.4,groceries,simulated_bank_transactions_uk
2023-10-30,mortgage pmt mortgage <ref>,1517.56,housing,simulated_bank_transactions_uk
2023-02-06,card pmt bp fue,62.48,transportation,simulated_bank_transactions_uk
2023-12-18,direct debit disney+,33.56,subscriptions,simulated_bank_transactions_uk
2024-05-02,bacs-mortgage-rent <ref>,1493.64,housing,simulated_bank_transactions_uk
2024-11-04,fps mortgage payment rent,1783.59,housing,simulated_bank_transactions_uk
2023-09-22,direct debit netflix,21.48,subscriptions,simulated_bank_transactions_uk
2024-11-01,contactless bacs landlord rent <ref>,1859.43,housing,simulated_bank_transactions_uk
2023-11-11,pos*morrisons*bread <ref>,55.23,groceries,simulated_bank_transactions_uk
2024-08-22,card pmt just eat fast food <ref>,57.64,dining,simulated_bank_transactions_uk
2024-04-26,card*pmt*trainline*fuel,128.13,transportation,simulated_bank_transactions_uk
2024-09-27,bacs/pos/waitrose/vegetables <ref>,88.79,groceries,simulated_bank_transactions_uk
2024-05-27,contactless sainsburys rice,133.75,groceries,simulated_bank_transactions_uk
2023-11-02,contactless lidl vegetables <ref>,59.11,groceries,simulated_bank_transactions_uk
2023-06-04,card/pmt/mcdonalds/restaurant <ref>,131.01,dining,simulated_bank_transactions_uk
2024-04-13,pos bill payment bt <ref>,247.18,utilities,simulated_bank_transactions_uk
2023-03-24,direct debit bt <ref>,69.68,utilities,simulated_bank_transactions_uk
2023-07-01,restaurant*mcdonalds*fast*food <ref>,95.76,dining,simulated_bank_transactions_uk
2023-10-08,card payment esso uber ride <ref>,3.69,transportation,simulated_bank_transactions_uk
2023-04-01,utility-bill-scottishpower <ref>,64.86,utilities,simulated_bank_transactions_uk
2024-05-03,sto utility bill scottishpower,118.75,utilities,simulated_bank_transactions_uk
2023-07-24,food delivery costa restaurant <ref>,8.55,dining,simulated_bank_transactions_uk
2024-06-27,visa mortgage payment letting agent <ref>,1848.81,housing,simulated_bank_transactions_uk
2023-09-12,utility bill scottishpower 516,167.87,utilities,simulated_bank_transactions_uk
2024-05-30,utility/bill/british/gas <ref>,52.6,utilities,simulated_bank_transactions_uk
2023-11-02,direct/debit/puregym <ref>,33.83,subscriptions,simulated_bank_transactions_uk
2024-09-02,direct*debit*card*pmt*uber*fuel <ref>,109.99,transportation,simulated_bank_transactions_uk
2023-05-18,direct-debit-disney+ <ref>,29.04,subscriptions,simulated_bank_transactions_uk
2023-07-12,card pmt national rail fuel <ref>,55.81,transportation,simulated_bank_transactions_uk
2023-05-15,direct debit o2,79.35,utilities,simulated_bank_transactions_uk
2024-01-11,bill pmt vodafone 6178,67.18,utilities,simulated_bank_transactions_uk
2024-07-01,bacs mortgage payment rent,1496.45,housing,simulated_bank_transactions_uk
2023-04-21,card pmt puregym,6.68,subscriptions,simulated_bank_transactions_uk
2024-03-30,mortgage*payment*rent,762.11,housing,simulated_bank_transactions_uk
2024-04-30,mastercard food delivery kfc restaurant <ref>,83.45,dining,simulated_bank_transactions_uk
2023-01-10,bacs rent rent <ref>,1560.04,housing,simulated_bank_transactions_uk
2024-11-09,fuel bp fuel,100.26,transportation,simulated_bank_transactions_uk
2024-03-04,subscription google *services <ref>,29.53,subscriptions,simulated_bank_transactions_uk
2024-09-24,card payment amazon online purchase <ref>,78.2,other,simulated_bank_transactions_uk
2023-04-19,card/pos/waitrose/eggs <ref>,19.76,groceries,simulated_bank_transactions_uk
2023-09-27,restaurant/kfc/restaurant <ref>,92.52,dining,simulated_bank_transactions_uk
2024-02-24,pos card pmt boots online purchase <ref>,55.61,other,simulated_bank_transactions_uk
2024-05-23,so fuel tfl train ticket <ref>,8.79,transportation,simulated_bank_transactions_uk
2024-11-18,bill pmt o2 <ref>,30.6,utilities,simulated_bank_transactions_uk
2024-11-16,contactless waitrose mil,125.78,groceries,simulated_bank_transactions_uk
2024-06-07,mastercard/food/delivery/starbucks/restaurant <ref>,142.57,dining,simulated_bank_transactions_uk
2023-09-20,contactless iceland vegetables,109.37,groceries,simulated_bank_transactions_uk
2023-09-28,rent pmt letting agent,1968.21,housing,simulated_bank_transactions_uk
2023-06-28,restaurant costa restaurant,17.67,dining,simulated_bank_transactions_uk
2024-01-04,online purchase currys online pur,128.28,other,simulated_bank_transactions_uk
2023-04-29,fps pos purchase ebay misc expense <ref>,65.62,other,simulated_bank_transactions_uk
2023-05-22,pos sainsburys milk <ref>,4.42,groceries,simulated_bank_transactions_uk
2024-09-28,bacs landlord rent <ref>,1852.34,housing,simulated_bank_transactions_uk
2023-12-17,transport esso uber ride <ref>,57.78,transportation,simulated_bank_transactions_uk
2023-10-06,utility bill vodafone <ref>,241.71,utilities,simulated_bank_transactions_uk
2024-05-04,online*purchase*currys*misc*expense 2760,104.42,other,simulated_bank_transactions_uk
2023-06-20,pos purchase currys misc expense,98.38,other,simulated_bank_transactions_uk
2023-03-02,fps pos lidl bread <ref>,105.34,groceries,simulated_bank_transactions_uk
2024-08-27,visa card pmt nhs online purchase <ref>,18.25,other,simulated_bank_transactions_uk
2023-07-05,food delivery deliveroo food delivery,102.72,dining,simulated_bank_transactions_uk
2024-12-01,card payment amazon prime <ref>,26.4,subscriptions,simulated_bank_transactions_uk
2024-05-14,online*purchase*boots*online*purchase,74.01,other,simulated_bank_transactions_uk
2023-03-06,pos morrisons rice <ref>,67.78,groceries,simulated_bank_transactions_uk
2024-11-25,fuel*tfl*bus*pass <ref>,4.82,transportation,simulated_bank_transactions_uk
2024-11-16,card/payment/amazon/prime <ref>,24.78,subscriptions,simulated_bank_transactions_uk
2024-12-05,card payment argos misc expense <ref>,79.31,other,simulated_bank_transactions_uk
2024-05-08,mastercard rent pmt mortgage <ref>,1617.31,housing,simulated_bank_transactions_uk
2024-07-25,fuel bp fuel <ref>,24.85,transportation,simulated_bank_transactions_uk
2024-06-01,fps subscription netflix <ref>,37.7,subscriptions,simulated_bank_transactions_uk
2023-06-19,pos purchase nhs misc expense <ref>,128.23,other,simulated_bank_transactions_uk
2023-12-05,so pos asda rice <ref>,50.13,groceries,simulated_bank_transactions_uk
2024-07-17,transport esso uber ride <ref>,77.52,transportation,simulated_bank_transactions_uk
2024-04-15,rent/pmt/landlord <ref>,929.0,housing,simulated_bank_transactions_uk
2024-05-25,card payment pret food delivery <ref>,68.87,dining,simulated_bank_transactions_uk
2024-05-24,restaurant kfc fast food <ref>,20.45,dining,simulated_bank_transactions_uk
2024-07-24,bacs mortgage rent <ref>,1177.27,housing,simulated_bank_transactions_uk
2024-09-25,contactless/subscription/netflix <ref>,32.71,subscriptions,simulated_bank_transactions_uk
2024-11-01,contactless rent pmt letting agent <ref>,1387.27,housing,simulated_bank_transactions_uk
2023-02-25,bacs-letting-agent-rent,1108.68,housing,simulated_bank_transactions_uk
2023-12-06,online purchase currys online purchase <ref>,127.11,other,simulated_bank_transactions_uk
2024-01-08,direct debit gym group,30.08,subscriptions,simulated_bank_transactions_uk
2023-08-16,mortgage pmt rent <ref>,1663.05,housing,simulated_bank_transactions_uk
2024-10-10,card payment lidl eggs,55.21,groceries,simulated_bank_transactions_uk
2024-01-18,card pmt nhs misc expense 94,83.51,other,simulated_bank_transactions_uk
2023-05-24,rent pmt mortgage <ref>,829.82,housing,simulated_bank_transactions_uk
2024-09-17,online purchase nhs misc expense <ref>,18.72,other,simulated_bank_transactions_uk
2023-08-09,direct debit thames water,217.48,utilities,simulated_bank_transactions_uk
2023-04-21,restaurant costa restaurant,108.37,dining,simulated_bank_transactions_uk
2024-10-10,online purchase boots misc expense <ref>,9.84,other,simulated_bank_transactions_uk
2024-04-06,contactless card payment ebay online purchase,116.51,other,simulated_bank_transactions_uk
2024-05-31,food delivery starbucks food delivery,89.63,dining,simulated_bank_transactions_uk
2024-07-20,direct debit vodafone,191.97,utilities,simulated_bank_transactions_uk
2024-06-04,food delivery kfc food delivery,73.99,dining,simulated_bank_transactions_uk
2023-06-27,card payment currys online purchase <ref>,104.7,other,simulated_bank_transactions_uk
2024-09-12,rent pmt letting agent,1520.53,housing,simulated_bank_transactions_uk
2024-09-15,card pmt bolt fuel <ref>,64.54,transportation,simulated_bank_transactions_uk
2023-10-29,visa-mortgage-pmt-rent <ref>,1949.03,housing,simulated_bank_transactions_uk
2024-09-08,bacs/restaurant/mcdonalds/restaurant <ref>,23.31,dining,simulated_bank_transactions_uk
2023-11-18,bacs bacs landlord rent,1366.93,housing,simulated_bank_transactions_uk
2023-10-25,rent*pmt*letting*agent <ref>,1473.83,housing,simulated_bank_transactions_uk
2024-12-28,rent payment landlord <ref>,785.74,housing,simulated_bank_transactions_uk
2023-11-27,fps mortgage pmt landlord,1572.04,housing,simulated_bank_transactions_uk
2024-08-19,mastercard-bacs-mortgage-rent <ref>,1387.19,housing,simulated_bank_transactions_uk
2024-06-30,card*pmt*netflix <ref>,28.6,subscriptions,simulated_bank_transactions_uk
2024-06-19,transport bp fuel,121.82,transportation,simulated_bank_transactions_uk
2023-02-24,mastercard contactless lidl milk <ref>,58.99,groceries,simulated_bank_transactions_uk
2023-06-14,visa/rent/payment/landlord <ref>,1650.26,housing,simulated_bank_transactions_uk
2023-03-05,card pmt tfl bus pass <ref>,24.52,transportation,simulated_bank_transactions_uk
2024-01-03,bacs-mortgage-rent,1357.64,housing,simulated_bank_transactions_uk
2024-11-22,direct debit card payment amazon misc expense,18.06,other,simulated_bank_transactions_uk
2023-09-01,mortgage pmt landlord <ref>,1385.78,housing,simulated_bank_transactions_uk
2024-01-26,direct debit google *services <ref>,28.26,subscriptions,simulated_bank_transactions_uk
2024-12-02,sto card payment starbucks fast food,143.64,dining,simulated_bank_transactions_uk
2023-09-15,transport uber uber ride <ref>,4.91,transportation,simulated_bank_transactions_uk
2024-12-22,pos utility bill scottishpower,230.53,utilities,simulated_bank_transactions_uk
2024-09-09,mortgage pmt letting agent <ref>,1365.26,housing,simulated_bank_transactions_uk
2024-11-30,direct debit ee,69.03,utilities,simulated_bank_transactions_uk
2024-06-10,contactless lidl bread <ref>,144.48,groceries,simulated_bank_transactions_uk
2023-10-13,contactless/morrisons/rice <ref>,8.97,groceries,simulated_bank_transactions_uk
2023-09-19,card pmt puregym <ref>,25.44,subscriptions,simulated_bank_transactions_uk
2023-06-08,card/payment/lidl/eggs 830,71.55,groceries,simulated_bank_transactions_uk
2024-09-03,direct debit contactless lidl bread <ref>,139.51,groceries,simulated_bank_transactions_uk
2024-11-08,contactless aldi vegetables <ref>,93.49,groceries,simulated_bank_transactions_uk
2024-07-17,visa fuel uber fuel,119.12,transportation,simulated_bank_transactions_uk
2023-11-22,fuel trainline uber ride <ref>,118.25,transportation,simulated_bank_transactions_uk
2024-06-01,bacs*direct*debit*amazon*prime <ref>,23.22,subscriptions,simulated_bank_transactions_uk
2023-12-24,card direct debit o2,118.75,utilities,simulated_bank_transactions_uk
2023-10-28,bill payment british gas 151,102.83,utilities,simulated_bank_transactions_uk
2024-10-26,so utility bill o2 <ref>,211.21,utilities,simulated_bank_transactions_uk
2024-04-01,pos/tesco/milk,101.33,groceries,simulated_bank_transactions_uk
2023-11-25,utility bill sky <ref>,180.16,utilities,simulated_bank_transactions_uk
2024-07-07,card payment nando's restaurant <ref>,59.72,dining,simulated_bank_transactions_uk
2024-01-19,rent pmt landlord <ref>,1323.61,housing,simulated_bank_transactions_uk
2024-10-29,subscription gym group <ref>,6.53,subscriptions,simulated_bank_transactions_uk
2023-06-21,bill-payment-sky <ref>,238.61,utilities,simulated_bank_transactions_uk
2023-08-04,card payment superdrug online purchase <ref>,95.16,other,simulated_bank_transactions_uk
2023-04-17,bacs letting agent rent <ref>,1193.89,housing,simulated_bank_transactions_uk
2024-12-03,direct*debit*octopus*energy,236.75,utilities,simulated_bank_transactions_uk
2023-03-31,direct debit o2 <ref>,102.98,utilities,simulated_bank_transactions_uk
2023-09-15,card pmt morrisons milk <ref>,29.16,groceries,simulated_bank_transactions_uk
2023-09-22,direct debit amazon prime <ref>,12.97,subscriptions,simulated_bank_transactions_uk
2024-02-19,food delivery uber eats fast food <ref>,69.32,dining,simulated_bank_transactions_uk
2024-11-20,card payment pret fast food <ref>,5.48,dining,simulated_bank_transactions_uk
2024-09-25,so card pmt asda chicken <ref>,3.87,groceries,simulated_bank_transactions_uk
2024-12-18,pos asda vegetables <ref>,89.08,groceries,simulated_bank_transactions_uk
2024-05-29,direct debit pos purchase ebay online purchase <ref>,55.58,other,simulated_bank_transactions_uk
2023-11-05,card*payment*asda*eggs,118.67,groceries,simulated_bank_transactions_uk
2024-01-26,visa/direct/debit/netflix <ref>,37.43,subscriptions,simulated_bank_transactions_uk
2023-06-10,food delivery deliveroo food delivery <ref>,7.53,dining,simulated_bank_transactions_uk
2024-07-12,card pmt spotify <ref>,18.68,subscriptions,simulated_bank_transactions_uk
2024-10-25,fuel trainline train ticket <ref>,46.81,transportation,simulated_bank_transactions_uk
2024-07-22,mastercard transport bp uber ride <ref>,84.37,transportation,simulated_bank_transactions_uk
2024-02-08,visa/direct/debit/ee <ref>,156.0,utilities,simulated_bank_transactions_uk
2023-12-19,card-payment-spotify 32,15.66,subscriptions,simulated_bank_transactions_uk
2023-05-26,bill payment thames water <ref>,217.32,utilities,simulated_bank_transactions_uk
2023-07-18,utility*bill*vodafone <ref>,213.64,utilities,simulated_bank_transactions_uk
2024-08-03,pos aldi bread,101.63,groceries,simulated_bank_transactions_uk
2024-07-16,online purchase currys online purchase <ref>,128.15,other,simulated_bank_transactions_uk
2023-10-25,restaurant just eat food delivery,83.8,dining,simulated_bank_transactions_uk
2024-08-17,rent payment mortgage <ref>,876.38,housing,simulated_bank_transactions_uk
2024-11-18,card pmt pret fast food <ref>,55.5,dining,simulated_bank_transactions_uk
2023-07-18,sto/mortgage/payment/landlord,1467.32,housing,simulated_bank_transactions_uk
2024-09-23,card*pmt*esso*fuel <ref>,69.24,transportation,simulated_bank_transactions_uk
2024-08-03,bacs mortgage rent <ref>,813.35,housing,simulated_bank_transactions_uk
2023-06-22,card payment esso bus pass <ref>,143.92,transportation,simulated_bank_transactions_uk
2023-08-15,pos asda eggs <ref>,39.19,groceries,simulated_bank_transactions_uk
2024-11-26,mortgage pmt rent <ref>,1103.28,housing,simulated_bank_transactions_uk
2024-01-03,mortgage*payment*mortgage <ref>,1247.99,housing,simulated_bank_transactions_uk
2023-04-22,pos/purchase/boots/misc/expense <ref>,74.58,other,simulated_bank_transactions_uk
2023-05-24,direct/debit/vodafone,218.92,utilities,simulated_bank_transactions_uk
2023-03-20,direct*debit*gym*group <ref>,36.02,subscriptions,simulated_bank_transactions_uk
2024-10-08,bacs mortgage rent <ref>,1789.42,housing,simulated_bank_transactions_uk
2024-08-27,pos aldi chicken <ref>,88.1,groceries,simulated_bank_transactions_uk
2024-07-06,bill pmt vodafone <ref>,149.56,utilities,simulated_bank_transactions_uk
2024-01-10,card pmt uber eats food delivery,116.95,dining,simulated_bank_transactions_uk
2024-08-26,card*pmt*pret*restaurant 7,134.04,dining,simulated_bank_transactions_uk
2023-04-03,bacs/landlord/rent <ref>,1301.57,housing,simulated_bank_transactions_uk
2024-11-09,restaurant uber eats fast food <ref>,76.82,dining,simulated_bank_transactions_uk
2023-06-13,direct debit severn trent <ref>,60.88,utilities,simulated_bank_transactions_uk
2024-01-03,bill pmt vodafone,136.37,utilities,simulated_bank_transactions_uk
2023-08-26,card*pmt*asda*bread <ref>,114.94,groceries,simulated_bank_transactions_uk
2023-02-13,contactless morrisons eggs <ref>,57.31,groceries,simulated_bank_transactions_uk
2024-02-02,rent payment rent,1708.04,housing,simulated_bank_transactions_uk
2023-02-10,food delivery nando's fast food,132.59,dining,simulated_bank_transactions_uk
2024-10-10,fps bacs mortgage rent,1955.82,housing,simulated_bank_transactions_uk
2023-09-27,card-pmt-hmrc-misc-expense <ref>,125.73,other,simulated_bank_transactions_uk
2024-01-23,bacs-card-payment-gym-group,18.18,subscriptions,simulated_bank_transactions_uk
2024-01-21,card*payment*shell*uber*ride <ref>,78.95,transportation,simulated_bank_transactions_uk
2024-05-13,bacs-utility-bill-british-gas <ref>,220.9,utilities,simulated_bank_transactions_uk
2023-01-07,online purchase argos misc expense <ref>,133.41,other,simulated_bank_transactions_uk
2024-06-10,visa direct debit disney+ <ref>,13.05,subscriptions,simulated_bank_transactions_uk
2024-01-06,card bacs rent rent,861.67,housing,simulated_bank_transactions_uk
2024-02-29,direct debit amazon prime,28.14,subscriptions,simulated_bank_transactions_uk
2024-05-08,pos purchase amazon misc expense <ref>,108.88,other,simulated_bank_transactions_uk
2024-10-24,rent*payment*rent,1427.11,housing,simulated_bank_transactions_uk
2023-02-14,pos purchase currys misc expense <ref>,6.3,other,simulated_bank_transactions_uk
2024-08-09,utility/bill/severn/trent <ref>,142.78,utilities,simulated_bank_transactions_uk
2024-06-13,direct debit british gas <ref>,232.94,utilities,simulated_bank_transactions_uk
2024-10-14,card payment greggs food delivery,145.48,dining,simulated_bank_transactions_uk
2023-10-18,card pos waitrose vegetables,110.01,groceries,simulated_bank_transactions_uk
2024-04-27,pos*iceland*bread <ref>,69.03,groceries,simulated_bank_transactions_uk
2024-02-25,contactless-pos-purchase-currys-misc-expense <ref>,28.07,other,simulated_bank_transactions_uk
2023-07-06,direct debit puregym <ref>,33.72,subscriptions,simulated_bank_transactions_uk
2024-12-03,card/pmt/amazon/prime,10.87,subscriptions,simulated_bank_transactions_uk
2023-03-12,fuel bolt fuel,90.69,transportation,simulated_bank_transactions_uk
2023-07-27,direct/debit/british/gas <ref>,53.89,utilities,simulated_bank_transactions_uk
2024-09-12,visa-direct-debit-disney+,33.93,subscriptions,simulated_bank_transactions_uk
2024-09-21,card payment morrisons bread <ref>,72.95,groceries,simulated_bank_transactions_uk
2023-05-01,visa direct debit gym group,23.6,subscriptions,simulated_bank_transactions_uk
2024-09-09,card payment sainsburys rice <ref>,99.93,groceries,simulated_bank_transactions_uk
2024-10-26,bacs direct debit netflix <ref>,32.12,subscriptions,simulated_bank_transactions_uk
2023-02-14,restaurant-nando's-food-delivery,64.84,dining,simulated_bank_transactions_uk
2024-01-26,mortgage payment letting agent,1723.22,housing,simulated_bank_transactions_uk
2023-09-18,visa-card-payment-trainline-uber-ride,65.55,transportation,simulated_bank_transactions_uk
2023-03-27,direct debit card payment kfc restaurant <ref>,136.78,dining,simulated_bank_transactions_uk
2023-01-06,contactless*transport*bolt*fuel <ref>,40.9,transportation,simulated_bank_transactions_uk
2023-01-08,rent payment mortgage,764.96,housing,simulated_bank_transactions_uk
2023-11-20,food delivery deliveroo food delivery <ref>,33.2,dining,simulated_bank_transactions_uk
2024-03-12,card/payment/deliveroo/fast/food <ref>,18.67,dining,simulated_bank_transactions_uk
2024-08-01,visa rent pmt rent <ref>,1350.55,housing,simulated_bank_transactions_uk
2024-02-11,fuel uber bus pass <ref>,148.79,transportation,simulated_bank_transactions_uk
2024-07-24,card pmt argos online purchase <ref>,63.74,other,simulated_bank_transactions_uk
2024-07-22,restaurant greggs restaurant <ref>,57.42,dining,simulated_bank_transactions_uk
2024-08-14,card*payment*nando's*fast*food <ref>,148.31,dining,simulated_bank_transactions_uk
2024-11-06,bacs card pmt trainline fuel <ref>,111.16,transportation,simulated_bank_transactions_uk
2024-12-17,contactless*tesco*vegetables <ref>,36.78,groceries,simulated_bank_transactions_uk
2023-12-13,visa utility bill o2 <ref>,118.12,utilities,simulated_bank_transactions_uk
2024-10-13,card payment boots online purchase <ref>,26.63,other,simulated_bank_transactions_uk
2024-04-27,pos-sainsburys-milk,124.02,groceries,simulated_bank_transactions_uk
2024-01-15,subscription netflix <ref>,14.21,subscriptions,simulated_bank_transactions_uk
2024-01-29,direct debit card payment asda chicken <ref>,8.55,groceries,simulated_bank_transactions_uk
2023-10-21,visa restaurant mcdonalds food delivery <ref>,99.46,dining,simulated_bank_transactions_uk
2024-10-17,rent payment mortgage,1748.32,housing,simulated_bank_transactions_uk
2024-11-03,direct debit card payment mcdonalds fast food,4.57,dining,simulated_bank_transactions_uk
2024-09-05,pos-purchase-nhs-misc-expense,31.63,other,simulated_bank_transactions_uk
2024-11-21,subscription*puregym,26.53,subscriptions,simulated_bank_transactions_uk
2023-01-01,sto card pmt asda eggs <ref>,38.17,groceries,simulated_bank_transactions_uk
2023-12-28,utility bill vodafone,201.53,utilities,simulated_bank_transactions_uk
2023-01-16,mortgage pmt landlord,880.43,housing,simulated_bank_transactions_uk
2024-07-26,bacs rent rent <ref>,1369.43,housing,simulated_bank_transactions_uk
2023-08-20,subscription apple.com/bill <ref>,33.54,subscriptions,simulated_bank_transactions_uk
2023-01-05,direct debit disney+ <ref>,19.14,subscriptions,simulated_bank_transactions_uk
2023-04-20,direct-debit-card-pmt-tfl-train-ticket <ref>,62.85,transportation,simulated_bank_transactions_uk
2023-04-30,pos subscription disney+ <ref>,16.9,subscriptions,simulated_bank_transactions_uk
2024-08-11,card-pmt-superdrug-misc-expense,131.79,other,simulated_bank_transactions_uk
2024-07-30,fuel national rail fuel <ref>,145.01,transportation,simulated_bank_transactions_uk
2024-04-14,food delivery starbucks restaurant <ref>,114.35,dining,simulated_bank_transactions_uk
2024-05-08,rent payment mortgage <ref>,1806.83,housing,simulated_bank_transactions_uk
2024-10-10,card pmt morrisons eggs <ref>,12.93,groceries,simulated_bank_transactions_uk
2023-08-24,online purchase argos online purchase <ref>,102.51,other,simulated_bank_transactions_uk
2023-12-28,visa card pmt boots misc expense 8809,63.63,other,simulated_bank_transactions_uk
2023-09-12,card*payment*apple.com/bill,34.13,subscriptions,simulated_bank_transactions_uk
2023-12-17,fuel tfl uber ride <ref>,61.64,transportation,simulated_bank_transactions_uk
2024-05-02,card pmt asda chicken <ref>,139.92,groceries,simulated_bank_transactions_uk
2024-08-10,transport tfl bus pass,35.13,transportation,simulated_bank_transactions_uk
2024-11-30,transport tfl train ticket,142.23,transportation,simulated_bank_transactions_uk
2023-09-05,utility bill bt <ref>,81.67,utilities,simulated_bank_transactions_uk
2023-07-27,card payment currys misc expense,33.4,other,simulated_bank_transactions_uk
2023-12-31,pos purchase boots online purchase <ref>,125.94,other,simulated_bank_transactions_uk
2024-11-10,contactless utility bill octopus energy 46,47.27,utilities,simulated_bank_transactions_uk
2024-07-08,restaurant mcdonalds food delivery,3.97,dining,simulated_bank_transactions_uk
2023-11-19,contactless-waitrose-rice <ref>,57.57,groceries,simulated_bank_transactions_uk
2024-05-17,food delivery greggs food delivery <ref>,130.71,dining,simulated_bank_transactions_uk
2023-05-12,direct debit utility bill e.on <ref>,195.04,utilities,simulated_bank_transactions_uk
2024-05-04,mastercard pos tesco chicken <ref>,120.49,groceries,simulated_bank_transactions_uk
2024-12-03,subscription amazon p,18.78,subscriptions,simulated_bank_transactions_uk
2023-05-04,card payment ebay online purchase <ref>,70.21,other,simulated_bank_transactions_uk
2024-11-21,mortgage-payment-mortgage <ref>,611.79,housing,simulated_bank_transactions_uk
2024-09-19,utility bill scottishpower <ref>,101.6,utilities,simulated_bank_transactions_uk
2023-09-27,card payment ebay misc expense <ref>,30.51,other,simulated_bank_transactions_uk
2024-01-10,pos direct debit severn trent <ref>,164.88,utilities,simulated_bank_transactions_uk
2024-01-17,direct debit e.on <ref>,122.2,utilities,simulated_bank_transactions_uk
2023-07-04,so-card-payment-trainline-fuel,44.11,transportation,simulated_bank_transactions_uk
2023-04-13,subscription google *services,29.01,subscriptions,simulated_bank_transactions_uk
2024-01-26,mortgage payment letting agent,1377.48,housing,simulated_bank_transactions_uk
2024-04-29,direct debit sky <ref>,192.48,utilities,simulated_bank_transactions_uk
2024-05-26,mastercard online purchase superdrug online purchase <ref>,28.96,other,simulated_bank_transactions_uk
2024-07-29,bill payment british gas <ref>,96.01,utilities,simulated_bank_transactions_uk
2024-12-08,fps pos purchase argos online purchase <ref>,61.57,other,simulated_bank_transactions_uk
2024-10-06,pos direct debit scottishpower 7,85.94,utilities,simulated_bank_transactions_uk
2023-09-24,card pmt tesco rice <ref>,112.46,groceries,simulated_bank_transactions_uk
2023-09-21,card payment shell bus pass <ref>,85.37,transportation,simulated_bank_transactions_uk
2023-12-26,transport/tfl/uber/ride <ref>,63.53,transportation,simulated_bank_transactions_uk
2024-10-27,pos purchase currys online purchase <ref>,87.8,other,simulated_bank_transactions_uk
2023-11-29,bacs mortgage rent <ref>,998.45,housing,simulated_bank_transactions_uk
2023-03-22,bacs letting agent rent <ref>,1225.7,housing,simulated_bank_transactions_uk
2024-10-08,food/delivery/starbucks/food/delivery <ref>,45.12,dining,simulated_bank_transactions_uk
2024-03-07,pos utility bill severn tren,234.28,utilities,simulated_bank_transactions_uk
2023-06-15,mortgage pmt rent <ref>,699.88,housing,simulated_bank_transactions_uk
2024-10-30,transport/esso/train/ticket 55,49.08,transportation,simulated_bank_transactions_uk
2024-02-09,fuel tfl bus pass <ref>,91.99,transportation,simulated_bank_transactions_uk
2024-01-07,transport uber fuel,117.8,transportation,simulated_bank_transactions_uk
2023-01-24,rent*pmt*rent <ref>,857.44,housing,simulated_bank_transactions_uk
2024-12-18,bill payment e,236.9,utilities,simulated_bank_transactions_uk
2023-04-08,rent payment letting agent <ref>,1155.86,housing,simulated_bank_transactions_uk
2023-01-27,sto contactless aldi rice,83.62,groceries,simulated_bank_transactions_uk
2023-03-27,pos purchase amazon misc expense,80.03,other,simulated_bank_transactions_uk
2023-03-28,contactless tesco eggs <ref>,93.86,groceries,simulated_bank_transactions_uk
2023-10-18,card mortgage pmt letting agent <ref>,946.36,housing,simulated_bank_transactions_uk
2024-06-23,food delivery mcdonalds food delivery <ref>,21.58,dining,simulated_bank_transactions_uk
2024-11-10,card pmt boots online purchase <ref>,7.2,other,simulated_bank_transactions_uk
2024-04-23,transport trainline bus pass <ref>,130.04,transportation,simulated_bank_transactions_uk
2023-05-19,card*payment*boots*misc*expense,83.64,other,simulated_bank_transactions_uk
2024-10-13,visa bacs letting agent rent <ref>,1239.16,housing,simulated_bank_transactions_uk
2023-11-14,subscription google *services 6817,27.38,subscriptions,simulated_bank_transactions_uk
2023-04-02,fuel uber fuel,82.33,transportation,simulated_bank_transactions_uk
2023-09-24,food delivery just eat fast food,56.77,dining,simulated_bank_transactions_uk
2023-05-20,direct debit severn trent <ref>,145.13,utilities,simulated_bank_transactions_uk
2023-01-09,card payment trainline bus pass <ref>,71.97,transportation,simulated_bank_transactions_uk
2023-01-10,bacs landlord rent <ref>,1267.89,housing,simulated_bank_transactions_uk
2024-09-03,bacs*pos*purchase*superdrug*misc*expense <ref>,120.3,other,simulated_bank_transactions_uk
2024-07-28,bacs bill payment e.on,71.49,utilities,simulated_bank_transactions_uk
2024-10-23,card*card*pmt*mcdonalds*fast*food,39.73,dining,simulated_bank_transactions_uk
2023-03-23,food delivery starbucks fast food,35.43,dining,simulated_bank_transactions_uk
2024-09-19,direct debit card payment uber eats food delivery <ref>,38.22,dining,simulated_bank_transactions_uk
2024-06-28,pos purchase boots misc expense,44.85,other,simulated_bank_transactions_uk
2023-03-12,card/pmt/argos/misc/expense <ref>,63.7,other,simulated_bank_transactions_uk
2024-09-24,direct debit octopus energy <ref>,170.12,utilities,simulated_bank_transactions_uk
2024-05-18,restaurant starbucks fast food <ref>,105.97,dining,simulated_bank_transactions_uk
2024-07-01,bill-pmt-scottishpower <ref>,40.92,utilities,simulated_bank_transactions_uk
2023-10-16,pos iceland bread,145.93,groceries,simulated_bank_transactions_uk
2023-01-09,so transport bolt train ticket,108.13,transportation,simulated_bank_transactions_uk
2023-12-17,direct*debit*scottishpower,138.59,utilities,simulated_bank_transactions_uk
2024-05-25,restaurant*deliveroo*fast*food <ref>,118.5,dining,simulated_bank_transactions_uk
2023-02-02,fuel bolt fuel <ref>,105.45,transportation,simulated_bank_transactions_uk
2023-05-30,card pmt shell uber ride,127.0,transportation,simulated_bank_transactions_uk
2023-03-15,card payment tesco eggs,117.02,groceries,simulated_bank_transactions_uk
2023-09-14,subscription*amazon*prime <ref>,36.35,subscriptions,simulated_bank_transactions_uk
2023-05-05,mastercard pos purchase nhs misc expen,124.75,other,simulated_bank_transactions_uk
2024-03-29,online purchase nhs online purchase <ref>,59.57,other,simulated_bank_transactions_uk
2023-04-07,bill pmt sky,191.77,utilities,simulated_bank_transactions_uk
2024-11-28,direct/debit/puregym <ref>,21.55,subscriptions,simulated_bank_transactions_uk
2023-02-13,card*pmt*bolt*bus*pass,26.32,transportation,simulated_bank_transactions_uk
2023-07-23,bacs letting agent rent,1493.93,housing,simulated_bank_transactions_uk
2023-08-12,contactless fuel bp u,129.96,transportation,simulated_bank_transactions_uk
2023-11-29,card pmt waitrose bread <ref>,96.04,groceries,simulated_bank_transactions_uk
2024-08-21,card payment lidl bread <ref>,119.78,groceries,simulated_bank_transactions_uk
2023-01-10,so contactless sainsburys rice,119.0,groceries,simulated_bank_transactions_uk
2024-05-01,card payment waitrose chicken <ref>,118.17,groceries,simulated_bank_transactions_uk
2023-06-11,bacs mortgage rent <ref>,725.27,housing,simulated_bank_transactions_uk
2023-12-13,card payment pret restau,103.83,dining,simulated_bank_transactions_uk
2024-10-22,card payment boots online purchase,11.79,other,simulated_bank_transactions_uk
2024-07-25,direct debit vodafone,81.19,utilities,simulated_bank_transactions_uk
2024-03-25,sto-card-payment-amazon-misc-expense,121.41,other,simulated_bank_transactions_uk
2023-05-18,mortgage pmt rent <ref>,1128.88,housing,simulated_bank_transactions_uk
2024-03-24,transport trainline uber ride <ref>,74.34,transportation,simulated_bank_transactions_uk
2024-08-03,card pmt puregym <ref>,22.15,subscriptions,simulated_bank_transactions_uk
2024-09-05,direct debit vodafone <ref>,133.05,utilities,simulated_bank_transactions_uk
2023-06-08,fps*card*payment*ebay*online*purchase <ref>,13.12,other,simulated_bank_transactions_uk
2024-07-08,card-payment-uber-eats-fa,123.45,dining,simulated_bank_transactions_uk
2024-10-15,transport bp fuel <ref>,3.11,transportation,simulated_bank_transactions_uk
2024-09-26,direct debit amazon prime,35.9,subscriptions,simulated_bank_transactions_uk
2023-09-02,pos purchase ebay misc expense <ref>,117.07,other,simulated_bank_transactions_uk
2024-07-05,transport trainline uber ride <ref>,99.77,transportation,simulated_bank_transactions_uk
2024-11-30,contactless card pmt hmrc misc expense <ref>,30.91,other,simulated_bank_transactions_uk
2023-10-17,so food delivery costa food delivery,25.66,dining,simulated_bank_transactions_uk
2023-04-24,direct debit card pmt bolt fuel,97.21,transportation,simulated_bank_transactions_uk
2023-02-14,pos iceland chicken <ref>,99.86,groceries,simulated_bank_transactions_uk
2023-02-02,online purchase ebay online purchase <ref>,29.26,other,simulated_bank_transactions_uk
2024-08-07,bill payment scottishpower,51.73,utilities,simulated_bank_transactions_uk
2024-12-19,mortgage pmt letting agent <ref>,1336.15,housing,simulated_bank_transactions_uk
2023-03-14,direct debit amazon prime <ref>,12.73,subscriptions,simulated_bank_transactions_uk
2023-03-23,visa contactless aldi bread <ref>,99.4,groceries,simulated_bank_transactions_uk
2024-07-25,card pmt mcdonalds food delivery <ref>,11.92,dining,simulated_bank_transactions_uk
2023-03-01,bacs*mortgage*rent <ref>,1711.95,housing,simulated_bank_transactions_uk
2023-03-14,pos purchase superdrug misc expense,80.77,other,simulated_bank_transactions_uk
2023-08-10,online purchase boots misc expense,14.46,other,simulated_bank_transactions_uk
2024-01-30,direct debit card pmt gym group <ref>,13.09,subscriptions,simulated_bank_transactions_uk
2024-10-02,direct debit ee <ref>,84.73,utilities,simulated_bank_transactions_uk
2024-08-13,utility bill british gas <ref>,198.58,utilities,simulated_bank_transactions_uk
2024-03-13,fuel tfl fuel,106.27,transportation,simulated_bank_transactions_uk
2024-07-17,contactless tesco bread <ref>,119.49,groceries,simulated_bank_transactions_uk
2023-06-11,card payment just eat food delivery,52.61,dining,simulated_bank_transactions_uk
2023-11-19,subscription disney+,17.33,subscriptions,simulated_bank_transactions_uk
2024-10-10,subscription apple.com/bill,19.43,subscriptions,simulated_bank_transactions_uk
2023-09-04,food delivery uber eats food delivery,50.55,dining,simulated_bank_transactions_uk
2023-09-18,subscription spotify <ref>,31.8,subscriptions,simulated_bank_transactions_uk
2024-02-11,transport*bp*fuel <ref>,68.78,transportation,simulated_bank_transactions_uk
2023-10-19,pos-iceland-vegetables <ref>,8.1,groceries,simulated_bank_transactions_uk
2023-11-06,subscription netflix <ref>,39.77,subscriptions,simulated_bank_transactions_uk
2023-08-08,contactless-lidl-eggs <ref>,147.71,groceries,simulated_bank_transactions_uk
2024-12-07,contactless pos purchase currys misc expense <ref>,6.19,other,simulated_bank_transactions_uk
2024-06-07,online*purchase*superdrug*misc*expense <ref>,138.11,other,simulated_bank_transactions_uk
2023-02-08,so direct debit gym group <ref>,10.42,subscriptions,simulated_bank_transactions_uk
2023-09-29,card pmt greggs fast food <ref>,25.95,dining,simulated_bank_transactions_uk
2023-11-04,card pmt shell train ticket <ref>,37.25,transportation,simulated_bank_transactions_uk
2023-08-11,card-pmt-asda-chicken <ref>,61.77,groceries,simulated_bank_transactions_uk
2023-06-27,mortgage pmt rent <ref>,1710.07,housing,simulated_bank_transactions_uk
2023-04-08,food/delivery/costa/food/delivery,106.32,dining,simulated_bank_transactions_uk
2024-08-13,direct debit spotify <ref>,30.58,subscriptions,simulated_bank_transactions_uk
2023-12-09,food-delivery-greggs-restaura,117.68,dining,simulated_bank_transactions_uk
2023-05-04,transport/bolt/fuel <ref>,64.23,transportation,simulated_bank_transactions_uk
2024-09-08,card payment ebay online purchase <ref>,112.91,other,simulated_bank_transactions_uk
2024-01-27,mastercard pos waitrose vegetables <ref>,117.28,groceries,simulated_bank_transactions_uk
2023-11-23,card/payment/morrisons/eggs <ref>,80.08,groceries,simulated_bank_transactions_uk
2023-08-15,card pmt gym group,22.58,subscriptions,simulated_bank_transactions_uk
2024-04-01,direct debit bt <ref>,249.42,utilities,simulated_bank_transactions_uk
2023-10-24,pos online purchase ebay online purchase <ref>,35.65,other,simulated_bank_transactions_uk
2023-12-11,pos*purchase*argos*misc*expense <ref>,24.76,other,simulated_bank_transactions_uk
2023-02-20,card payment sainsburys rice 84,87.0,groceries,simulated_bank_transactions_uk
2024-03-20,card pmt disney+ <ref>,18.95,subscriptions,simulated_bank_transactions_uk
2024-05-07,pos purchase boots online purchase,115.02,other,simulated_bank_transactions_uk
2023-07-20,card/pmt/puregym,27.83,subscriptions,simulated_bank_transactions_uk
2023-09-06,direct debit card payment gym group <ref>,23.35,subscriptions,simulated_bank_transactions_uk
2023-11-28,card payment iceland eggs <ref>,117.19,groceries,simulated_bank_transactions_uk
2024-01-10,mortgage pmt letting agent <ref>,1179.01,housing,simulated_bank_transactions_uk
2024-08-31,transport bp train ticket <ref>,50.15,transportation,simulated_bank_transactions_uk
2023-12-25,mastercard*rent*payment*mortgage <ref>,836.96,housing,simulated_bank_transactions_uk
2023-08-28,card payment puregym,20.42,subscriptions,simulated_bank_transactions_uk
2023-03-29,direct debit british gas <ref>,190.27,utilities,simulated_bank_transactions_uk
2024-09-27,card pmt sainsburys vegetables <ref>,11.02,groceries,simulated_bank_transactions_uk
2023-04-24,bill payment octopus energy <ref>,182.63,utilities,simulated_bank_transactions_uk
2023-12-06,fuel uber fuel <ref>,72.26,transportation,simulated_bank_transactions_uk
2023-09-22,bill payment e.on <ref>,145.12,utilities,simulated_bank_transactions_uk
2024-12-12,card payment gym group <ref>,39.73,subscriptions,simulated_bank_transactions_uk
2024-06-23,sto bacs rent rent,1868.46,housing,simulated_bank_transactions_uk
2023-10-18,contactless-waitrose-eggs <ref>,28.04,groceries,simulated_bank_transactions_uk
2023-01-09,direct debit o2 <ref>,174.05,utilities,simulated_bank_transactions_uk
2024-11-09,pos sainsburys rice <ref>,100.07,groceries,simulated_bank_transactions_uk
2023-01-20,online purchase argos misc expense,130.05,other,simulated_bank_transactions_uk
2024-01-25,transport esso fuel,36.98,transportation,simulated_bank_transactions_uk
2024-09-03,subscription*amazon*prime <ref>,16.04,subscriptions,simulated_bank_transactions_uk
2024-04-13,card-pmt-gym-group <ref>,22.52,subscriptions,simulated_bank_transactions_uk
2024-06-26,direct/debit/gym/group 4499,13.66,subscriptions,simulated_bank_transactions_uk
2023-06-10,card payment shell bus pass <ref>,75.02,transportation,simulated_bank_transactions_uk
2023-12-30,sto*contactless*tesco*eggs,103.59,groceries,simulated_bank_transactions_uk
2024-05-28,rent*pmt*landlord <ref>,1969.54,housing,simulated_bank_transactions_uk
2024-02-01,card pmt national rail uber ride,94.99,transportation,simulated_bank_transactions_uk
2023-10-14,pos purchase argos online purchase <ref>,141.79,other,simulated_bank_transactions_uk
2023-05-21,direct debit scottishpower <ref>,116.43,utilities,simulated_bank_transactions_uk
2024-11-25,visa card payment lidl vegetables <ref>,59.18,groceries,simulated_bank_transactions_uk
2024-08-09,direct debit spotify <ref>,19.61,subscriptions,simulated_bank_transactions_uk
2023-12-04,bill payment o2,230.14,utilities,simulated_bank_transactions_uk
2024-10-30,food-delivery-just-eat-food-delivery,22.37,dining,simulated_bank_transactions_uk
2024-12-23,utility/bill/octopus/energy,97.98,utilities,simulated_bank_transactions_uk
2023-05-29,direct debit spotify,36.82,subscriptions,simulated_bank_transactions_uk
2023-05-02,mortgage pmt mortgage,1380.28,housing,simulated_bank_transactions_uk
2023-01-31,direct debit thames water <ref>,62.02,utilities,simulated_bank_transactions_uk
2024-02-28,pos purchase boots misc expense <ref>,132.38,other,simulated_bank_transactions_uk
2024-10-14,pos restaurant starbucks fast food <ref>,68.12,dining,simulated_bank_transactions_uk
2023-05-15,mortgage payment mortgage <ref>,863.11,housing,simulated_bank_transactions_uk
2023-10-01,utility bill o2 <ref>,164.64,utilities,simulated_bank_transactions_uk
2023-08-25,card subscription google *services,25.87,subscriptions,simulated_bank_transactions_uk
2024-05-03,mortgage/pmt/letting/agent,1563.4,housing,simulated_bank_transactions_uk
2024-02-01,bill payment briti,112.27,utilities,simulated_bank_transactions_uk
2023-07-17,card payment just eat fast food <ref>,23.21,dining,simulated_bank_transactions_uk
2023-10-04,direct/debit/o2,243.14,utilities,simulated_bank_transactions_uk
2023-07-27,pos food delivery mcdonalds restaurant <ref>,112.13,dining,simulated_bank_transactions_uk
2024-03-25,mastercard pos purchase amazon online purchase <ref>,12.72,other,simulated_bank_transactions_uk
2024-04-13,pos*purchase*nhs*misc*expense,104.12,other,simulated_bank_transactions_uk
2024-01-25,utility bill sky <ref>,39.2,utilities,simulated_bank_transactions_uk
2024-08-08,bacs mortgage rent <ref>,1914.79,housing,simulated_bank_transactions_uk
2023-02-09,card*card*pmt*apple.com/bill 1,35.65,subscriptions,simulated_bank_transactions_uk
2023-02-13,subscription apple.com/bill <ref>,33.95,subscriptions,simulated_bank_transactions_uk
2024-02-01,bill-pmt-scottishpower,38.64,utilities,simulated_bank_transactions_uk
2024-03-26,bacs direct debit disney+ <ref>,11.64,subscriptions,simulated_bank_transactions_uk
2023-10-20,restaurant just eat fast food <ref>,116.73,dining,simulated_bank_transactions_uk
2024-09-19,card pmt costa restaurant <ref>,65.1,dining,simulated_bank_transactions_uk
2023-05-26,bacs pos morrisons vegetables,78.99,groceries,simulated_bank_transactions_uk
2024-05-27,contactless food delivery pret food delivery <ref>,69.4,dining,simulated_bank_transactions_uk
2024-12-13,pos-lidl-bread,117.47,groceries,simulated_bank_transactions_uk
2023-01-26,subscription puregym <ref>,16.32,subscriptions,simulated_bank_transactions_uk
2023-07-26,direct debit british gas,186.78,utilities,simulated_bank_transactions_uk
2024-12-09,food delivery mcdonalds restaurant <ref>,39.76,dining,simulated_bank_transactions_uk
2023-04-27,bacs landlord rent <ref>,772.96,housing,simulated_bank_transactions_uk
2024-12-25,mastercard bacs letting agent rent,719.43,housing,simulated_bank_transactions_uk
2024-06-07,fps restaurant costa food delivery <ref>,119.29,dining,simulated_bank_transactions_uk
2023-06-24,subscription netflix,18.32,subscriptions,simulated_bank_transactions_uk
2023-05-29,bacs fuel tfl train ticket,26.83,transportation,simulated_bank_transactions_uk
2024-04-01,bill pmt ee <ref>,98.09,utilities,simulated_bank_transactions_uk
2023-05-15,fuel national rail train ticket <ref>,20.28,transportation,simulated_bank_transactions_uk
2024-04-14,bill pmt vodafone <ref>,85.68,utilities,simulated_bank_transactions_uk
2023-01-06,restaurant uber eats fast food <ref>,82.89,dining,simulated_bank_transactions_uk
2024-05-02,pos/subscription/apple.com/bill <ref>,25.61,subscriptions,simulated_bank_transactions_uk
2024-09-07,food delivery deliveroo fast food,67.96,dining,simulated_bank_transactions_uk
2024-09-26,card subscription disn,24.16,subscriptions,simulated_bank_transactions_uk
2024-10-30,rent pmt letting agent <ref>,807.56,housing,simulated_bank_transactions_uk
2023-02-03,transport bolt uber ride,24.37,transportation,simulated_bank_transactions_uk
2023-04-22,rent pmt mortgage <ref>,722.78,housing,simulated_bank_transactions_uk
2023-10-19,card food delivery starbucks restaurant <ref>,26.72,dining,simulated_bank_transactions_uk
2024-07-29,direct debit spotify,25.82,subscriptions,simulated_bank_transactions_uk
2023-02-06,utility bill thames water <ref>,109.24,utilities,simulated_bank_transactions_uk
2024-01-24,card payment waitrose eggs <ref>,50.45,groceries,simulated_bank_transactions_uk
2024-07-17,card/pmt/nhs/online/purchase <ref>,114.49,other,simulated_bank_transactions_uk
2023-05-05,pos asda eggs,72.21,groceries,simulated_bank_transactions_uk
2023-08-03,bacs/letting/agent/rent,1179.26,housing,simulated_bank_transactions_uk
2024-10-06,mortgage*payment*landlord <ref>,753.02,housing,simulated_bank_transactions_uk
2024-12-24,subscription/google/*ser,29.1,subscriptions,simulated_bank_transactions_uk
2023-11-21,pos transport national rail fuel <ref>,92.5,transportation,simulated_bank_transactions_uk
2024-09-21,sto*fuel*bp*bus*pass <ref>,139.28,transportation,simulated_bank_transactions_uk
2024-05-19,card*pmt*google**services,27.12,subscriptions,simulated_bank_transactions_uk
2023-08-27,card payment currys online purchase,132.9,other,simulated_bank_transactions_uk
2023-01-25,contactless bacs letting agent rent <ref>,602.21,housing,simulated_bank_transactions_uk
2023-08-01,food delivery just eat food delivery <ref>,120.12,dining,simulated_bank_transactions_uk
2023-12-08,online purchase amazon misc expens,63.86,other,simulated_bank_transactions_uk
2023-07-26,transport uber train ticket <ref>,4.66,transportation,simulated_bank_transactions_uk
2023-11-04,mortgage payment mortgage,694.97,housing,simulated_bank_transactions_uk
2024-12-03,direct debit google *services <ref>,5.21,subscriptions,simulated_bank_transactions_uk
2024-08-05,direct/debit/fuel/shell/bus/pass <ref>,61.22,transportation,simulated_bank_transactions_uk
2023-12-13,direct debit card pmt spotify,11.79,subscriptions,simulated_bank_transactions_uk
2024-10-23,pos-mortgage-payment-landlord <ref>,1716.16,housing,simulated_bank_transactions_uk
2024-07-03,utility/bill/ee <ref>,131.34,utilities,simulated_bank_transactions_uk
2024-02-28,fuel uber fuel <ref>,118.25,transportation,simulated_bank_transactions_uk
2024-11-25,mortgage pmt mortgage <ref>,1019.08,housing,simulated_bank_transactions_uk
2024-12-02,transport bolt uber ride <ref>,33.61,transportation,simulated_bank_transactions_uk
2023-06-02,transport esso bus pass <ref>,12.73,transportation,simulated_bank_transactions_uk
2024-01-20,bacs transport trainline uber ride,52.86,transportation,simulated_bank_transactions_uk
2024-09-01,rent-pmt-mortgage <ref>,1145.39,housing,simulated_bank_transactions_uk
2023-11-19,pos iceland eggs <ref>,106.67,groceries,simulated_bank_transactions_uk
2023-09-01,mortgage*payment*letting*agent <ref>,721.52,housing,simulated_bank_transactions_uk
2023-11-06,card payment esso fuel,124.93,transportation,simulated_bank_transactions_uk
2023-02-08,utility bill scottishpower <ref>,112.33,utilities,simulated_bank_transactions_uk
2024-03-30,pos purchase boots online purchase <ref>,137.26,other,simulated_bank_transactions_uk
2023-06-07,bacs*subscription*puregym <ref>,36.67,subscriptions,simulated_bank_transactions_uk
2024-06-20,mastercard utility bill bt,191.14,utilities,simulated_bank_transactions_uk
2023-04-11,transport trainline bus pass,24.06,transportation,simulated_bank_transactions_uk
2023-02-07,pos purchase amazon online purchase,33.16,other,simulated_bank_transactions_uk
2024-06-18,card food delivery starbucks fast food <ref>,107.91,dining,simulated_bank_transactions_uk
2023-02-15,contactless tesco milk <ref>,48.71,groceries,simulated_bank_transactions_uk
2023-04-16,mortgage pmt rent <ref>,1844.86,housing,simulated_bank_transactions_uk
2023-11-16,card*pmt*google**services,5.79,subscriptions,simulated_bank_transactions_uk
2023-10-11,mastercard*mortgage*pmt*landlord <ref>,869.56,housing,simulated_bank_transactions_uk
2023-10-07,card pmt apple.com/bill,28.49,subscriptions,simulated_bank_transactions_uk
2024-09-29,contactless direct debit severn trent <ref>,33.36,utilities,simulated_bank_transactions_uk
2024-07-16,mastercard direct debit disney+ <ref>,23.99,subscriptions,simulated_bank_transactions_uk
2024-12-22,fuel-shell-bus-pass <ref>,23.81,transportation,simulated_bank_transactions_uk
2023-06-25,card*pos*purchase*currys*misc*expense <ref>,87.39,other,simulated_bank_transactions_uk
2023-12-13,pos/lidl/eggs,93.15,groceries,simulated_bank_transactions_uk
2024-11-22,direct/debit/puregym,6.01,subscriptions,simulated_bank_transactions_uk
2023-03-30,contactless morrisons milk <ref>,59.39,groceries,simulated_bank_transactions_uk
2024-09-02,card restaurant kfc fast food,29.31,dining,simulated_bank_transactions_uk
2024-09-23,subscription disney+ <ref>,29.48,subscriptions,simulated_bank_transactions_uk
2023-07-22,card pmt uber bus pass 458,51.85,transportation,simulated_bank_transactions_uk
2024-04-21,bacs/rent/rent,1658.04,housing,simulated_bank_transactions_uk
2024-12-16,card pmt apple.com/bill <ref>,33.08,subscriptions,simulated_bank_transactions_uk
2024-12-01,restaurant mcdonalds restaurant <ref>,69.97,dining,simulated_bank_transactions_uk
2023-05-28,rent-pmt-mortgage <ref>,1926.43,housing,simulated_bank_transactions_uk
2024-02-06,online/purchase/ebay/misc/ex,137.19,other,simulated_bank_transactions_uk
2024-04-09,bacs bill payment octopus energy <ref>,224.13,utilities,simulated_bank_transactions_uk
2023-04-26,contactless card pmt deliveroo restaurant,12.61,dining,simulated_bank_transactions_uk
2023-06-24,direct debit card pmt national rail fuel <ref>,70.8,transportation,simulated_bank_transactions_uk
2023-05-11,transport bolt bus pass 55,91.85,transportation,simulated_bank_transactions_uk
2023-04-20,direct debit gym group <ref>,30.0,subscriptions,simulated_bank_transactions_uk
2024-06-29,transport esso uber ride <ref>,119.49,transportation,simulated_bank_transactions_uk
2023-09-02,food delivery deliveroo fast food <ref>,89.81,dining,simulated_bank_transactions_uk
2024-01-29,card direct debit spotify <ref>,39.09,subscriptions,simulated_bank_transactions_uk
2024-12-11,card pmt waitrose eggs <ref>,33.61,groceries,simulated_bank_transactions_uk
2023-12-17,direct*debit*amazon*prime,20.24,subscriptions,simulated_bank_transactions_uk
2023-03-21,card payment spotify <ref>,28.19,subscriptions,simulated_bank_transactions_uk
2023-11-30,pos mortgage pmt landlord <ref>,1434.51,housing,simulated_bank_transactions_uk
2024-02-20,direct debit netflix <ref>,11.17,subscriptions,simulated_bank_transactions_uk
2024-09-02,mastercard contactless tesco chicken,18.99,groceries,simulated_bank_transactions_uk
2024-10-22,online/purchase/superdrug/misc/expens,51.13,other,simulated_bank_transactions_uk
2024-08-17,bacs/mortgage/rent <ref>,1743.85,housing,simulated_bank_transactions_uk
2024-11-07,pos online purchase currys online purchase <ref>,114.29,other,simulated_bank_transactions_uk
2024-08-14,utility-bill-scottishpower,115.8,utilities,simulated_bank_transactions_uk
2023-11-21,card restaurant kfc restaurant <ref>,33.23,dining,simulated_bank_transactions_uk
2024-03-21,transport bolt bus pass <ref>,138.02,transportation,simulated_bank_transactions_uk
2024-09-18,mortgage payment mortgage <ref>,1415.82,housing,simulated_bank_transactions_uk
2023-03-05,fps card payment spotify <ref>,34.84,subscriptions,simulated_bank_transactions_uk
2024-07-27,card pmt bp uber ride <ref>,3.12,transportation,simulated_bank_transactions_uk
2023-10-16,so online purchase ebay misc expense 2,19.13,other,simulated_bank_transactions_uk
2024-12-20,sto card payment argos online purchase,37.58,other,simulated_bank_transactions_uk
2024-02-20,visa-subscription-amazon-prime,29.91,subscriptions,simulated_bank_transactions_uk
2024-11-09,food delivery kfc fast food <ref>,83.13,dining,simulated_bank_transactions_uk
2024-01-04,fps-utility-bill-sky <ref>,152.19,utilities,simulated_bank_transactions_uk
2024-11-17,card payment superdrug misc expense <ref>,25.68,other,simulated_bank_transactions_uk
2023-05-28,mastercard bill payment severn trent <ref>,172.65,utilities,simulated_bank_transactions_uk
2023-05-20,rent payment rent,1964.97,housing,simulated_bank_transactions_uk
2024-03-01,card pmt morrisons bread <ref>,97.41,groceries,simulated_bank_transactions_uk
2024-12-13,pos-purchase-nhs-misc-expense <ref>,134.36,other,simulated_bank_transactions_uk
2024-03-10,direct debit gym group <ref>,20.9,subscriptions,simulated_bank_transactions_uk
2024-03-10,direct debit amazon prime <ref>,12.9,subscriptions,simulated_bank_transactions_uk
2023-08-31,direct debit puregym <ref>,34.64,subscriptions,simulated_bank_transactions_uk
2024-01-11,bacs landlord rent,1364.63,housing,simulated_bank_transactions_uk
2024-12-22,contactless iceland milk <ref>,86.52,groceries,simulated_bank_transactions_uk
2024-12-08,pos fuel bolt uber ride <ref>,88.3,transportation,simulated_bank_transactions_uk
2024-06-23,card payment asda bread <ref>,110.34,groceries,simulated_bank_transactions_uk
2023-03-22,online-purchase-argos-misc-expense <ref>,71.35,other,simulated_bank_transactions_uk
2024-11-10,direct debit puregym,21.54,subscriptions,simulated_bank_transactions_uk
2024-08-16,rent pmt letting agent,1354.88,housing,simulated_bank_transactions_uk
2024-07-01,card pmt trainline uber ride,135.83,transportation,simulated_bank_transactions_uk
2024-06-08,online purchase ebay online purchase <ref>,71.92,other,simulated_bank_transactions_uk
2024-03-07,food delivery just eat food delivery <ref>,110.87,dining,simulated_bank_transactions_uk
2023-02-06,card payment national rail bus pass <ref>,45.51,transportation,simulated_bank_transactions_uk
2023-03-04,mortgage payment letting agent <ref>,1389.19,housing,simulated_bank_transactions_uk
2024-11-03,sto mortgage payment rent <ref>,1402.0,housing,simulated_bank_transactions_uk
2023-03-26,fuel uber uber ride <ref>,45.16,transportation,simulated_bank_transactions_uk
2023-05-16,utility-bill-bt,91.13,utilities,simulated_bank_transactions_uk
2023-04-25,direct-debit-netflix <ref>,13.99,subscriptions,simulated_bank_transactions_uk
2024-11-05,card pmt apple.com,30.86,subscriptions,simulated_bank_transactions_uk
2023-09-25,restaurant*kfc*fast*food <ref>,121.75,dining,simulated_bank_transactions_uk
2024-06-24,direct debit pos purchase hmrc online purchase <ref>,74.28,other,simulated_bank_transactions_uk
2023-03-28,online purchase nhs online purch,53.4,other,simulated_bank_transactions_uk
2024-02-27,mastercard direct debit octopus energy,195.61,utilities,simulated_bank_transactions_uk
2024-03-26,online purchase amazon misc expense <ref>,37.98,other,simulated_bank_transactions_uk
2023-12-20,bacs/mortgage/rent <ref>,1628.11,housing,simulated_bank_transactions_uk
2023-04-29,pos pos asda vegetables <ref>,41.87,groceries,simulated_bank_transactions_uk
2024-05-02,pos iceland bread 533,71.21,groceries,simulated_bank_transactions_uk
2024-06-29,card payment uber f,112.68,transportation,simulated_bank_transactions_uk
2023-09-26,direct*debit*severn*trent <ref>,115.82,utilities,simulated_bank_transactions_uk
2024-04-04,bill payment thames water <ref>,233.99,utilities,simulated_bank_transactions_uk
2024-06-26,card pmt pret food,49.41,dining,simulated_bank_transactions_uk
2023-12-29,rent payment mortgage <ref>,1343.81,housing,simulated_bank_transactions_uk
2024-10-29,online purchase ebay misc expense,92.74,other,simulated_bank_transactions_uk
2023-10-01,pos/purchase/boots/misc/expense <ref>,52.24,other,simulated_bank_transactions_uk
2024-08-21,pos purchase nhs online purchase <ref>,40.54,other,simulated_bank_transactions_uk
2023-09-05,card-pmt-pret-fast-food <ref>,116.65,dining,simulated_bank_transactions_uk
2023-07-04,visa-rent-payment-landlord <ref>,1548.81,housing,simulated_bank_transactions_uk
2023-03-11,fps fuel bolt uber ride <ref>,101.9,transportation,simulated_bank_transactions_uk
2023-04-17,direct debit card payment tesco rice <ref>,17.36,groceries,simulated_bank_transactions_uk
2023-09-15,contactless-mortgage-pmt-landlord <ref>,1615.35,housing,simulated_bank_transactions_uk
2024-08-31,direct debit bt <ref>,50.23,utilities,simulated_bank_transactions_uk
2024-12-26,rent pmt rent <ref>,1493.32,housing,simulated_bank_transactions_uk
2023-05-14,contactless waitrose milk <ref>,128.9,groceries,simulated_bank_transactions_uk
2024-10-25,food delivery costa food delivery <ref>,115.29,dining,simulated_bank_transactions_uk
2023-09-17,direct*debit*netflix <ref>,29.35,subscriptions,simulated_bank_transactions_uk
2023-03-19,transport bolt fuel,100.09,transportation,simulated_bank_transactions_uk
2024-03-13,visa mortgage payment rent <ref>,986.94,housing,simulated_bank_transactions_uk
2023-10-11,mortgage pmt letting agent <ref>,1693.02,housing,simulated_bank_transactions_uk
2023-12-07,pos purchase ebay online purchase <ref>,59.27,other,simulated_bank_transactions_uk
2023-09-29,contactless card pmt tesco,143.47,groceries,simulated_bank_transactions_uk
2023-07-25,bill pmt e.on <ref>,245.47,utilities,simulated_bank_transactions_uk
2023-05-28,card pmt amazon prime <ref>,22.22,subscriptions,simulated_bank_transactions_uk
2024-03-28,direct debit puregym <ref>,27.52,subscriptions,simulated_bank_transactions_uk
2024-08-08,mortgage payment landlord,702.09,housing,simulated_bank_transactions_uk
2024-05-24,mortgage/payment/landlord,626.27,housing,simulated_bank_transactions_uk
2023-09-30,direct debit bill pmt severn trent <ref>,176.21,utilities,simulated_bank_transactions_uk
2024-06-11,utility/bill/vodafone <ref>,156.42,utilities,simulated_bank_transactions_uk
2023-03-13,rent/payment/landlord <ref>,1165.48,housing,simulated_bank_transactions_uk
2024-05-08,subscription amazon prime <ref>,38.4,subscriptions,simulated_bank_transactions_uk
2024-01-03,card payment aldi chicken 619,81.69,groceries,simulated_bank_transactions_uk
2024-10-09,transport esso bus pass,61.89,transportation,simulated_bank_transactions_uk
2023-12-15,rent-payment-landlord <ref>,1794.68,housing,simulated_bank_transactions_uk
2023-10-24,card-payment-aldi-rice <ref>,114.79,groceries,simulated_bank_transactions_uk
2024-01-29,bacs rent payment mortgage,655.06,housing,simulated_bank_transactions_uk
2023-04-20,bacs letting agent rent <ref>,1146.15,housing,simulated_bank_transactions_uk
2024-03-24,rent-payment-letting-agent <ref>,1839.3,housing,simulated_bank_transactions_uk
2024-08-30,mortgage pmt letting agent <ref>,870.33,housing,simulated_bank_transactions_uk
2024-10-20,direct debit sky 89,204.4,utilities,simulated_bank_transactions_uk
2024-04-05,card pmt tfl fuel <ref>,81.49,transportation,simulated_bank_transactions_uk
2023-12-12,bacs contactless morrisons milk,52.87,groceries,simulated_bank_transactions_uk
2023-08-05,visa pos purchase boots online purchase <ref>,62.61,other,simulated_bank_transactions_uk
2024-07-03,pos purchase currys misc expense,141.19,other,simulated_bank_transactions_uk
2023-05-25,fps bill pmt octopus energy <ref>,38.11,utilities,simulated_bank_transactions_uk
2024-09-25,food delivery pret food delivery,5.8,dining,simulated_bank_transactions_uk
2023-05-14,pos aldi bread,106.09,groceries,simulated_bank_transactions_uk
2023-11-11,contactless tesco bread,96.0,groceries,simulated_bank_transactions_uk
2023-06-24,pos purchase boots online purchase <ref>,70.06,other,simulated_bank_transactions_uk
2023-04-19,pos purchase argos online purchase,123.22,other,simulated_bank_transactions_uk
2024-09-22,contactless asda rice <ref>,90.46,groceries,simulated_bank_transactions_uk
2024-11-25,bill pmt severn trent,123.77,utilities,simulated_bank_transactions_uk
2024-12-01,food/delivery/mcdonalds/fast/food,20.76,dining,simulated_bank_transactions_uk
2023-08-07,subscription gym group,34.27,subscriptions,simulated_bank_transactions_uk
2023-12-10,online purchase argos online purchase <ref>,90.18,other,simulated_bank_transactions_uk
2024-03-01,direct debit contactless morrisons milk,43.26,groceries,simulated_bank_transactions_uk
2024-08-18,bill payment sky,126.51,utilities,simulated_bank_transactions_uk
2024-10-09,card*payment*sainsburys*bread <ref>,17.7,groceries,simulated_bank_transactions_uk
2024-05-13,contactless subscription spotify <ref>,5.55,subscriptions,simulated_bank_transactions_uk
2023-04-02,sto card pmt morrisons milk <ref>,4.06,groceries,simulated_bank_transactions_uk
2024-05-02,bacs mortgage rent <ref>,1730.38,housing,simulated_bank_transactions_uk
2024-06-19,bacs mortgage rent,1495.76,housing,simulated_bank_transactions_uk
2023-06-28,restaurant-pret-fast-food <ref>,38.17,dining,simulated_bank_transactions_uk
2024-05-26,direct debit spotify <ref>,11.3,subscriptions,simulated_bank_transactions_uk
2023-12-23,card subscription puregym <ref>,32.39,subscriptions,simulated_bank_transactions_uk
2023-07-16,card pmt just eat restaurant,84.98,dining,simulated_bank_transactions_uk
2024-09-25,fps-contactless-sainsburys-chicken <ref>,146.59,groceries,simulated_bank_transactions_uk
2024-10-03,transport national rail train ticket,71.24,transportation,simulated_bank_transactions_uk
2023-06-02,mortgage payment landlord <ref>,871.21,housing,simulated_bank_transactions_uk
2023-02-14,card bacs mortgage rent <ref>,823.66,housing,simulated_bank_transactions_uk
2023-08-03,so contactless waitrose vegetables <ref>,56.54,groceries,simulated_bank_transactions_uk
2024-04-09,mastercard restaurant greggs fast food <ref>,52.14,dining,simulated_bank_transactions_uk
2024-07-04,mastercard pos lidl milk <ref>,111.84,groceries,simulated_bank_transactions_uk
2023-04-29,bill payment thames water <ref>,136.71,utilities,simulated_bank_transactions_uk
2024-08-29,card payment asda bread <ref>,109.05,groceries,simulated_bank_transactions_uk
2023-11-30,card/payment/apple.com/bill,31.15,subscriptions,simulated_bank_transactions_uk
2024-02-27,utility bill scottishpower <ref>,51.57,utilities,simulated_bank_transactions_uk
2023-08-14,card pmt argos online purchase <ref>,58.2,other,simulated_bank_transactions_uk
2023-02-25,pos-waitrose-rice,89.01,groceries,simulated_bank_transactions_uk
2024-09-16,restaurant costa restaurant <ref>,34.78,dining,simulated_bank_transactions_uk
2023-05-20,so restaurant just eat restaurant <ref>,59.94,dining,simulated_bank_transactions_uk
2024-01-03,card-payment-just-eat-food-delivery <ref>,31.54,dining,simulated_bank_transactions_uk
2023-02-02,card pmt shell train ticket <ref>,52.38,transportation,simulated_bank_transactions_uk
2024-04-21,fps mortgage pmt landlord <ref>,755.55,housing,simulated_bank_transactions_uk
2023-12-18,restaurant greggs fast food <ref>,28.17,dining,simulated_bank_transactions_uk
2024-10-15,bill payment severn trent <ref>,203.7,utilities,simulated_bank_transactions_uk
2023-08-24,card-payment-amazon-prime,24.35,subscriptions,simulated_bank_transactions_uk
2024-05-15,contactless-card-payment-lidl-rice <ref>,128.98,groceries,simulated_bank_transactions_uk
2024-04-18,card pmt superdrug online purchase <ref>,89.96,other,simulated_bank_transactions_uk
2023-09-10,card payment trainline uber ride <ref>,110.31,transportation,simulated_bank_transactions_uk
2024-08-28,bill pmt thames water <ref>,78.93,utilities,simulated_bank_transactions_uk
2024-04-26,bill pmt british gas <ref>,39.73,utilities,simulated_bank_transactions_uk
2024-12-14,rent payment rent,1152.05,housing,simulated_bank_transactions_uk
2023-09-04,direct debit card payment currys online purchase <ref>,69.51,other,simulated_bank_transactions_uk
2024-12-10,contactless aldi chicken <ref>,113.7,groceries,simulated_bank_transactions_uk
2023-10-30,rent payment mortgage,785.8,housing,simulated_bank_transactions_uk
2023-06-15,bacs direct debit o2 <ref>,177.19,utilities,simulated_bank_transactions_uk
2023-01-25,contactless rent payment letting agent,1646.2,housing,simulated_bank_transactions_uk
2024-12-21,card*payment*kfc*fast*food,116.46,dining,simulated_bank_transactions_uk
2024-01-15,fps food delivery pret restaurant <ref>,119.11,dining,simulated_bank_transactions_uk
2024-10-04,mortgage payment mortgage <ref>,601.91,housing,simulated_bank_transactions_uk
2023-12-07,pos-morrisons-rice,134.33,groceries,simulated_bank_transactions_uk
2024-12-15,subscription puregym <ref>,31.35,subscriptions,simulated_bank_transactions_uk
2024-12-02,subscription gym group <ref>,12.25,subscriptions,simulated_bank_transactions_uk
2023-02-26,pos card pmt waitrose chicken <ref>,132.48,groceries,simulated_bank_transactions_uk
2024-01-28,pos direct debit netflix <ref>,6.8,subscriptions,simulated_bank_transactions_uk
2024-01-10,transport bolt fuel <ref>,94.01,transportation,simulated_bank_transactions_uk
2024-12-22,card payment bp train ticket <ref>,98.28,transportation,simulated_bank_transactions_uk
2023-07-29,card/pmt/asda/chicken 817,107.27,groceries,simulated_bank_transactions_uk
2024-05-04,direct debit thames water <ref>,54.98,utilities,simulated_bank_transactions_uk
2023-11-25,rent pmt landlord <ref>,1665.24,housing,simulated_bank_transactions_uk
2024-03-09,card-transport-bp-bus-pass <ref>,77.02,transportation,simulated_bank_transactions_uk
2023-12-20,transport esso uber ride <ref>,12.32,transportation,simulated_bank_transactions_uk
2023-05-06,restaurant greggs fast food <ref>,76.71,dining,simulated_bank_transactions_uk
2024-06-29,restaurant just eat food delivery <ref>,81.19,dining,simulated_bank_transactions_uk
2024-11-20,transport*tfl*fuel <ref>,94.28,transportation,simulated_bank_transactions_uk
2023-03-31,mortgage payment letting agent,1837.57,housing,simulated_bank_transactions_uk
2023-10-23,contactless asda rice,135.0,groceries,simulated_bank_transactions_uk
2023-04-25,card pmt morrisons milk <ref>,27.22,groceries,simulated_bank_transactions_uk
2024-06-17,fps mortgage pmt,1824.99,housing,simulated_bank_transactions_uk
2024-07-08,fps-bacs-letting-agent-rent,1957.4,housing,simulated_bank_transactions_uk
2024-10-22,so direct debit octopus energy <ref>,127.65,utilities,simulated_bank_transactions_uk
2023-01-23,card pmt iceland eggs <ref>,30.79,groceries,simulated_bank_transactions_uk
2024-06-16,online purchase hmrc online purchase <ref>,125.74,other,simulated_bank_transactions_uk
2024-10-23,mortgage/pmt/mortgage <ref>,1079.91,housing,simulated_bank_transactions_uk
2024-11-12,card/payment/currys/misc/expense <ref>,74.46,other,simulated_bank_transactions_uk
2023-11-10,bacs mortgage rent <ref>,1394.15,housing,simulated_bank_transactions_uk
2023-10-23,direct debit o2 <ref>,111.82,utilities,simulated_bank_transactions_uk
2023-10-19,online-purchase-superdrug-online-purchase <ref>,24.81,other,simulated_bank_transactions_uk
2023-06-14,food delivery uber eats restaurant <ref>,93.94,dining,simulated_bank_transactions_uk
2024-12-26,sto mortgage pmt letting agent <ref>,845.5,housing,simulated_bank_transactions_uk
2023-11-21,rent pmt landlord <ref>,763.68,housing,simulated_bank_transactions_uk
2023-07-30,card pmt gym group,17.94,subscriptions,simulated_bank_transactions_uk
2023-12-19,subscription google *services,16.09,subscriptions,simulated_bank_transactions_uk
2024-06-30,fps direct debit severn trent <ref>,244.6,utilities,simulated_bank_transactions_uk
2024-02-19,transport bolt uber ride,138.3,transportation,simulated_bank_transactions_uk
2023-11-24,bacs/food/delivery/nando's/restaur,142.32,dining,simulated_bank_transactions_uk
2024-06-03,direct debit british gas,150.15,utilities,simulated_bank_transactions_uk
2023-10-24,transport trainline bus pass,72.66,transportation,simulated_bank_transactions_uk
2024-03-28,card-pmt-currys-online-purchase,120.54,other,simulated_bank_transactions_uk
2023-02-11,transport bolt uber ride <ref>,110.55,transportation,simulated_bank_transactions_uk
2023-08-14,bill pmt british gas <ref>,118.36,utilities,simulated_bank_transactions_uk
2023-02-26,restaurant starbucks fast food <ref>,16.59,dining,simulated_bank_transactions_uk
2023-10-12,mastercard subscription disney,23.43,subscriptions,simulated_bank_transactions_uk
2024-11-24,utility bill severn trent <ref>,216.88,utilities,simulated_bank_transactions_uk
2024-05-17,bacs letting agent rent 3628,1152.19,housing,simulated_bank_transactions_uk
2024-01-05,card payment bolt uber ride,136.54,transportation,simulated_bank_transactions_uk
2024-03-13,card pmt deliveroo restaurant,108.25,dining,simulated_bank_transactions_uk
2023-10-19,transport national rail fuel,57.81,transportation,simulated_bank_transactions_uk
2024-04-01,transport national rail bus pass 80,48.29,transportation,simulated_bank_transactions_uk
2024-03-30,online purchase superdrug online purchase,34.71,other,simulated_bank_transactions_uk
2024-03-10,mortgage pmt landlord <ref>,1004.09,housing,simulated_bank_transactions_uk
2023-03-30,mortgage-pmt-rent <ref>,1422.05,housing,simulated_bank_transactions_uk
2024-06-21,bill pmt octopus energy <ref>,247.44,utilities,simulated_bank_transactions_uk
2024-08-27,card/pmt/uber/uber/ride <ref>,140.17,transportation,simulated_bank_transactions_uk
2024-02-24,fps card payment boots misc expense,16.0,other,simulated_bank_transactions_uk
2024-12-28,contactless bacs letting agent rent <ref>,1378.14,housing,simulated_bank_transactions_uk
2023-10-24,subscription apple.com/bill <ref>,34.13,subscriptions,simulated_bank_transactions_uk
2024-08-22,subscription/gym/group,33.92,subscriptions,simulated_bank_transactions_uk
2024-04-19,fuel national rail fuel <ref>,85.21,transportation,simulated_bank_transactions_uk
2023-11-04,card bill payment thames wate,63.89,utilities,simulated_bank_transactions_uk
2023-10-22,rent payment letting agent,1532.28,housing,simulated_bank_transactions_uk
2024-12-05,card pmt just eat restaurant <ref>,75.31,dining,simulated_bank_transactions_uk
2024-05-19,bacs letting agent rent,1670.61,housing,simulated_bank_transactions_uk
2024-08-18,so pos asda chicken,112.6,groceries,simulated_bank_transactions_uk
2023-09-22,so restaurant costa food delivery <ref>,67.1,dining,simulated_bank_transactions_uk
2024-01-18,bacs rent rent <ref>,1745.59,housing,simulated_bank_transactions_uk
2023-06-16,pos subscription google *services,34.58,subscriptions,simulated_bank_transactions_uk
2024-12-10,direct debit google *services <ref>,21.14,subscriptions,simulated_bank_transactions_uk
2024-03-05,direct debit bt <ref>,89.99,utilities,simulated_bank_transactions_uk
2024-10-16,rent pmt letting agent <ref>,1008.33,housing,simulated_bank_transactions_uk
2024-10-05,contactless*asda*chicken,31.49,groceries,simulated_bank_transactions_uk
2023-11-27,direct-debit-severn-trent <ref>,66.77,utilities,simulated_bank_transactions_uk
2024-12-02,online-purchase-argos-misc-expense <ref>,124.54,other,simulated_bank_transactions_uk
2024-12-15,contactless online purchase currys misc expense,42.9,other,simulated_bank_transactions_uk
2023-05-28,bacs*rent*rent,1412.07,housing,simulated_bank_transactions_uk
2024-01-17,pos morrisons brea,79.17,groceries,simulated_bank_transactions_uk
2023-06-16,pos purchase superdrug misc expense,63.56,other,simulated_bank_transactions_uk
2023-08-15,pos/asda/bread <ref>,25.72,groceries,simulated_bank_transactions_uk
2024-07-26,pos purchase currys online purchase,119.88,other,simulated_bank_transactions_uk
2024-06-28,pos card payment puregym,23.4,subscriptions,simulated_bank_transactions_uk
2023-04-30,mortgage pmt landlord,1882.44,housing,simulated_bank_transactions_uk
2024-05-06,card/payment/nhs/online/purchase <ref>,138.74,other,simulated_bank_transactions_uk
2023-05-23,visa fuel trainline bus pass,104.58,transportation,simulated_bank_transactions_uk
2024-09-03,card pmt argos misc expense,133.79,other,simulated_bank_transactions_uk
2023-05-02,direct debit netflix,15.66,subscriptions,simulated_bank_transactions_uk
2023-08-21,bill pmt vodafone <ref>,61.32,utilities,simulated_bank_transactions_uk
2023-03-22,card*pmt*uber*train*ticket <ref>,33.85,transportation,simulated_bank_transactions_uk
2023-04-25,food-delivery-pret-food-delivery <ref>,115.16,dining,simulated_bank_transactions_uk
2024-03-17,card payment tesco milk <ref>,116.88,groceries,simulated_bank_transactions_uk
2024-11-06,pos/card/pmt/iceland/bread <ref>,18.85,groceries,simulated_bank_transactions_uk
2023-09-17,subscription disney+ <ref>,9.16,subscriptions,simulated_bank_transactions_uk
2023-01-11,sto-contactless-aldi-milk <ref>,47.34,groceries,simulated_bank_transactions_uk
2024-09-08,online purchase argos online purchase <ref>,118.01,other,simulated_bank_transactions_uk
2023-04-03,pos utility bill vodafone,107.34,utilities,simulated_bank_transactions_uk
2023-06-14,utility bill thames water <ref>,106.52,utilities,simulated_bank_transactions_uk
2023-03-11,online purchase nhs online purchase <ref>,77.22,other,simulated_bank_transactions_uk
2024-06-25,card payment waitrose chicken <ref>,115.2,groceries,simulated_bank_transactions_uk
2024-07-04,direct debit vodafone <ref>,67.79,utilities,simulated_bank_transactions_uk
2023-08-08,mastercard*pos*asda*vegetables <ref>,17.51,groceries,simulated_bank_transactions_uk
2023-07-09,subscription-puregym,29.43,subscriptions,simulated_bank_transactions_uk
2023-07-05,card pmt kfc food delivery 7665,143.79,dining,simulated_bank_transactions_uk
2024-03-10,card pmt nhs misc expense <ref>,147.25,other,simulated_bank_transactions_uk
2023-11-18,utility bill vodafone <ref>,197.51,utilities,simulated_bank_transactions_uk
2023-05-20,card/contactless/tesco/rice <ref>,19.22,groceries,simulated_bank_transactions_uk
2024-07-24,restaurant greggs fast food,106.6,dining,simulated_bank_transactions_uk
2024-01-30,bacs letting agent rent,1291.2,housing,simulated_bank_transactions_uk
2023-11-16,transport bp fuel,91.26,transportation,simulated_bank_transactions_uk
2024-03-14,mastercard rent payment landlord <ref>,1170.2,housing,simulated_bank_transactions_uk
2024-11-26,utility bill ee <ref>,206.54,utilities,simulated_bank_transactions_uk
2024-11-21,card-payment-esso-train-ticket <ref>,4.88,transportation,simulated_bank_transactions_uk
2024-03-24,card pmt pret food delivery <ref>,18.46,dining,simulated_bank_transactions_uk
2024-02-09,subscription disney+ <ref>,9.17,subscriptions,simulated_bank_transactions_uk
2023-04-15,card/food/delivery/uber/eats/food/delivery <ref>,89.81,dining,simulated_bank_transactions_uk
2023-12-13,rent-payment-rent <ref>,1965.29,housing,simulated_bank_transactions_uk
2024-05-26,pos/bill/payment/vodafone <ref>,214.38,utilities,simulated_bank_transactions_uk
2024-10-21,fuel trainline bus pass <ref>,114.18,transportation,simulated_bank_transactions_uk
2024-09-09,food/delivery/pret/fast/food,72.95,dining,simulated_bank_transactions_uk
2023-05-31,card payment uber eats fast food <ref>,78.18,dining,simulated_bank_transactions_uk
2023-09-14,card payment superdrug misc expense,18.88,other,simulated_bank_transactions_uk
2023-05-18,so restaurant greggs fast food <ref>,36.93,dining,simulated_bank_transactions_uk
2023-03-11,pos sainsburys milk <ref>,111.46,groceries,simulated_bank_transactions_uk
2023-07-03,sto restaurant just eat food delivery,6.93,dining,simulated_bank_transactions_uk
2023-06-06,card*pmt*costa*food*delivery <ref>,102.84,dining,simulated_bank_transactions_uk
2024-11-07,fuel-bolt-uber-ride,114.75,transportation,simulated_bank_transactions_uk
2023-07-26,online purchase hmrc misc expense <ref>,119.53,other,simulated_bank_transactions_uk
2023-09-25,fuel esso fuel <ref>,75.07,transportation,simulated_bank_transactions_uk
2023-01-19,visa subscription disney+ <ref>,23.92,subscriptions,simulated_bank_transactions_uk
2023-05-02,pos purchase amazon online purchase <ref>,148.63,other,simulated_bank_transactions_uk
2024-01-21,card pmt just eat fast food <ref>,49.24,dining,simulated_bank_transactions_uk
2023-07-01,card-pmt-nando's-fast-food 1,8.29,dining,simulated_bank_transactions_uk
2024-12-24,contactless*direct*debit*disney+,15.61,subscriptions,simulated_bank_transactions_uk
2024-02-03,direct debit utility bill thames water <ref>,98.74,utilities,simulated_bank_transactions_uk
2024-05-17,restaurant costa restaurant <ref>,86.62,dining,simulated_bank_transactions_uk
2024-06-02,mortgage pmt letting agent <ref>,1796.09,housing,simulated_bank_transactions_uk
2024-08-28,contactless lidl rice <ref>,41.72,groceries,simulated_bank_transactions_uk
2023-10-19,restaurant mcdonalds food delivery,102.44,dining,simulated_bank_transactions_uk
2023-02-16,transport-uber-uber-ride <ref>,7.14,transportation,simulated_bank_transactions_uk
2023-01-28,utility*bill*vodafone <ref>,193.25,utilities,simulated_bank_transactions_uk
2024-03-14,online purchase ebay misc expense <ref>,58.94,other,simulated_bank_transactions_uk
2023-02-27,card pmt national rail bus pass <ref>,63.55,transportation,simulated_bank_transactions_uk
2024-08-29,so mortgage pmt mortgage,1507.32,housing,simulated_bank_transactions_uk
2023-11-09,visa pos tesco vegetables <ref>,12.63,groceries,simulated_bank_transactions_uk
2024-07-05,bacs contactless asda eggs <ref>,27.96,groceries,simulated_bank_transactions_uk
2024-03-08,fuel trainline uber ride <ref>,70.75,transportation,simulated_bank_transactions_uk
2024-12-13,subscription-disney+ <ref>,14.33,subscriptions,simulated_bank_transactions_uk
2023-11-21,food*delivery*starbucks*food*delivery <ref>,6.27,dining,simulated_bank_transactions_uk
2024-08-09,fps food delivery kfc food delivery,60.37,dining,simulated_bank_transactions_uk
2024-11-22,pos aldi rice <ref>,17.71,groceries,simulated_bank_transactions_uk
2024-11-14,bill pmt o2 <ref>,208.52,utilities,simulated_bank_transactions_uk
2024-01-08,transport tfl train ticket <ref>,93.38,transportation,simulated_bank_transactions_uk
2023-03-19,fps card pmt nando's restaurant <ref>,76.05,dining,simulated_bank_transactions_uk
2023-02-18,bacs pos purchase boots online purchase <ref>,45.24,other,simulated_bank_transactions_uk
2024-10-01,fuel national rail fuel <ref>,121.28,transportation,simulated_bank_transactions_uk
2024-08-29,bacs/rent/rent <ref>,1409.47,housing,simulated_bank_transactions_uk
2024-06-27,direct debit fuel shell bus pass <ref>,12.89,transportation,simulated_bank_transactions_uk
2023-03-20,food delivery uber eats fast food,33.83,dining,simulated_bank_transactions_uk
2024-11-10,bacs letting agent rent,1019.87,housing,simulated_bank_transactions_uk
2024-10-01,card pmt gym group,19.08,subscriptions,simulated_bank_transactions_uk
2023-01-20,direct debit subscription puregym <ref>,24.16,subscriptions,simulated_bank_transactions_uk
2024-04-23,mortgage payment rent,898.13,housing,simulated_bank_transactions_uk
2024-10-03,pos*transport*national*rail*fuel <ref>,140.39,transportation,simulated_bank_transactions_uk
2024-04-18,card payment tesco chicken <ref>,32.5,groceries,simulated_bank_transactions_uk
2023-11-04,pos utility bill british gas,180.77,utilities,simulated_bank_transactions_uk
2023-03-07,pos purchase currys misc expense <ref>,63.31,other,simulated_bank_transactions_uk
2023-10-21,rent/pmt/letting/agent,973.71,housing,simulated_bank_transactions_uk
2024-02-20,mortgage-payment-mortgage <ref>,1441.73,housing,simulated_bank_transactions_uk
2023-11-14,direct debit thames water,36.09,utilities,simulated_bank_transactions_uk
2024-03-22,card restaurant just eat fast food <ref>,85.29,dining,simulated_bank_transactions_uk
2023-07-26,restaurant-nando's-food-delivery,136.13,dining,simulated_bank_transactions_uk
2023-10-12,direct*debit*british*gas <ref>,86.85,utilities,simulated_bank_transactions_uk
2024-05-12,rent payment rent <ref>,659.13,housing,simulated_bank_transactions_uk
2023-03-27,card-payment-superdrug-online-purchase <ref>,11.13,other,simulated_bank_transactions_uk
2024-02-21,transport shell bus pass <ref>,130.47,transportation,simulated_bank_transactions_uk
2023-05-24,direct debit fuel bp uber ride,61.34,transportation,simulated_bank_transactions_uk
2023-05-04,fps bill pmt bt,140.05,utilities,simulated_bank_transactions_uk
2024-06-21,card*payment*disney+,38.24,subscriptions,simulated_bank_transactions_uk
2023-09-01,transport-bp-fuel <ref>,133.03,transportation,simulated_bank_transactions_uk
2024-08-21,fps subscription apple.com/bill,15.97,subscriptions,simulated_bank_transactions_uk
2024-03-09,rent pmt landlord,1641.54,housing,simulated_bank_transactions_uk
2023-10-09,card*direct*debit*scottishpower <ref>,77.1,utilities,simulated_bank_transactions_uk
2024-08-26,card pmt costa fast food,40.38,dining,simulated_bank_transactions_uk
2024-12-17,card-pmt-aldi-rice <ref>,81.42,groceries,simulated_bank_transactions_uk
2024-05-01,pos/tesco/eggs <ref>,83.22,groceries,simulated_bank_transactions_uk
2023-05-29,bacs mortgage rent <ref>,1831.21,housing,simulated_bank_transactions_uk
2023-11-12,transport national rail fuel,108.2,transportation,simulated_bank_transactions_uk
2024-09-12,pos asda vegetables <ref>,145.12,groceries,simulated_bank_transactions_uk
2023-02-25,bacs/contactless/iceland/vegetables,100.35,groceries,simulated_bank_transactions_uk
2024-10-16,bacs landlord ren,1138.57,housing,simulated_bank_transactions_uk
2024-07-01,mortgage payment mortgage,1559.35,housing,simulated_bank_transactions_uk
2024-02-02,online purchase hmrc online purchase <ref>,129.07,other,simulated_bank_transactions_uk
2023-09-19,pos*asda*rice <ref>,139.34,groceries,simulated_bank_transactions_uk
2023-08-30,fuel shell uber ride <ref>,140.64,transportation,simulated_bank_transactions_uk
2023-06-14,transport national rail train ticket <ref>,129.33,transportation,simulated_bank_transactions_uk
2024-10-21,sto food delivery just eat food delivery,49.63,dining,simulated_bank_transactions_uk
2023-03-24,restaurant*pret*restaurant,43.28,dining,simulated_bank_transactions_uk
2024-02-27,online purchase boots misc expense,72.25,other,simulated_bank_transactions_uk
2023-04-13,online purchase ebay misc expense <ref>,108.46,other,simulated_bank_transactions_uk
2024-06-02,card online purchase amazon online purchase <ref>,105.68,other,simulated_bank_transactions_uk
2024-07-14,pos asda eggs <ref>,64.87,groceries,simulated_bank_transactions_uk
2023-02-23,mortgage pmt mortgage,638.29,housing,simulated_bank_transactions_uk
2023-05-20,rent pmt landlord <ref>,1707.43,housing,simulated_bank_transactions_uk
2023-11-09,card payment tesco ric,32.41,groceries,simulated_bank_transactions_uk
2023-09-13,card pmt shell uber ride <ref>,19.29,transportation,simulated_bank_transactions_uk
2023-05-14,card payment apple.com/bill <ref>,34.07,subscriptions,simulated_bank_transactions_uk
2023-11-24,direct debit online purchase nhs misc expense <ref>,119.52,other,simulated_bank_transactions_uk
2023-05-17,food/delivery/mcdonalds/fast/food <ref>,131.41,dining,simulated_bank_transactions_uk
2023-12-02,mastercard card pmt trainline train ticket <ref>,104.06,transportation,simulated_bank_transactions_uk
2024-02-29,card/pmt/nhs/misc/expense,32.2,other,simulated_bank_transactions_uk
2024-01-22,transport*shell*train*ticket <ref>,60.84,transportation,simulated_bank_transactions_uk
2023-01-24,online purchase nhs online purchase <ref>,6.05,other,simulated_bank_transactions_uk
2023-04-02,contactless direct debit apple.com/bill,13.0,subscriptions,simulated_bank_transactions_uk
2023-06-22,pos food delivery deliveroo restaurant <ref>,41.48,dining,simulated_bank_transactions_uk
2024-09-06,card payment sainsburys rice <ref>,93.85,groceries,simulated_bank_transactions_uk
2024-01-12,fuel uber train ticket <ref>,16.09,transportation,simulated_bank_transactions_uk
2024-04-09,direct-debit-octopus-energy,145.68,utilities,simulated_bank_transactions_uk
2024-12-31,direct debit pos purchase ebay misc expense <ref>,20.42,other,simulated_bank_transactions_uk
2023-09-30,bill payment ee <ref>,208.95,utilities,simulated_bank_transactions_uk
2024-03-17,card payment shell fuel,59.16,transportation,simulated_bank_transactions_uk
2023-10-17,card pmt hmrc online purchase,91.21,other,simulated_bank_transactions_uk
2023-05-30,direct debit mortgage payment letting agent,1171.93,housing,simulated_bank_transactions_uk
2023-08-30,contactless-waitrose-eggs <ref>,146.49,groceries,simulated_bank_transactions_uk
2024-12-01,subscription spoti,17.94,subscriptions,simulated_bank_transactions_uk
2023-11-28,mortgage/payment/letting/agent <ref>,1256.43,housing,simulated_bank_transactions_uk
2024-12-26,visa mortgage pmt rent <ref>,1598.67,housing,simulated_bank_transactions_uk
2023-03-16,food*delivery*just*eat*food*delivery <ref>,90.79,dining,simulated_bank_transactions_uk
2023-12-07,pos iceland chicken <ref>,11.64,groceries,simulated_bank_transactions_uk
2024-11-17,utility-bill-o2,249.28,utilities,simulated_bank_transactions_uk
2024-05-31,mastercard pos purchase argos online purchase <ref>,3.79,other,simulated_bank_transactions_uk
2024-01-15,mastercard card payment spotify,18.81,subscriptions,simulated_bank_transactions_uk
2024-05-30,visa bill payment sky <ref>,87.26,utilities,simulated_bank_transactions_uk
2023-05-16,card restaurant just eat fast food,132.05,dining,simulated_bank_transactions_uk
2024-03-19,pos asda eggs <ref>,107.41,groceries,simulated_bank_transactions_uk
2023-05-11,bill payment e.on <ref>,39.72,utilities,simulated_bank_transactions_uk
2024-03-16,restaurant deliveroo fast food <ref>,112.93,dining,simulated_bank_transactions_uk
2023-09-28,transport esso bus pass,93.1,transportation,simulated_bank_transactions_uk
2024-05-18,card subscription disney+ <ref>,10.77,subscriptions,simulated_bank_transactions_uk
2024-11-04,card pmt argos online purchase <ref>,84.68,other,simulated_bank_transactions_uk
2023-08-24,rent payment landlord,808.07,housing,simulated_bank_transactions_uk
2024-04-23,direct debit ee <ref>,65.98,utilities,simulated_bank_transactions_uk
2024-05-21,card payment deliveroo restaurant <ref>,149.29,dining,simulated_bank_transactions_uk
2024-12-27,fps contactless iceland rice 3818,55.41,groceries,simulated_bank_transactions_uk
2023-06-01,direct debit direct debit disney+ <ref>,8.94,subscriptions,simulated_bank_transactions_uk
2023-10-18,pos/sainsburys/eggs <ref>,16.76,groceries,simulated_bank_transactions_uk
2024-07-30,direct debit octopus energy 1826,210.97,utilities,simulated_bank_transactions_uk
2024-06-22,bacs letting agent rent <ref>,1960.28,housing,simulated_bank_transactions_uk
2023-03-20,pos purchase nhs online purchase <ref>,64.21,other,simulated_bank_transactions_uk
2023-01-27,utility bill sky,225.22,utilities,simulated_bank_transactions_uk
2024-08-27,transport tfl uber ride <ref>,60.94,transportation,simulated_bank_transactions_uk
2023-03-25,card pos waitrose eggs <ref>,25.6,groceries,simulated_bank_transactions_uk
2024-04-09,card payment pret food delivery <ref>,99.95,dining,simulated_bank_transactions_uk
2023-02-14,mortgage/pmt/landlord,608.13,housing,simulated_bank_transactions_uk
2024-08-05,rent payment mortgage 418,1624.16,housing,simulated_bank_transactions_uk
2023-10-17,fps direct debit e.on <ref>,206.34,utilities,simulated_bank_transactions_uk
2024-07-14,transport trainline uber ride <ref>,112.34,transportation,simulated_bank_transactions_uk
2023-09-03,subscription puregym,13.93,subscriptions,simulated_bank_transactions_uk
2023-08-02,card pmt currys misc expense <ref>,16.11,other,simulated_bank_transactions_uk
2024-10-31,contactless bill payment sky,92.69,utilities,simulated_bank_transactions_uk
2023-11-14,utility bill sky <ref>,206.24,utilities,simulated_bank_transactions_uk
2024-01-12,sto mortgage payment letting agent,734.56,housing,simulated_bank_transactions_uk
2024-05-02,subscription gym group <ref>,35.99,subscriptions,simulated_bank_transactions_uk
2024-03-08,fps*transport*esso*fuel,16.26,transportation,simulated_bank_transactions_uk
2024-03-20,pos purchase superdrug misc expense <ref>,93.24,other,simulated_bank_transactions_uk
2024-04-19,rent payment landlord <ref>,1318.68,housing,simulated_bank_transactions_uk
2024-05-22,sto mortgage payment mortgage,1599.09,housing,simulated_bank_transactions_uk
2024-04-24,contactless direct debit netflix <ref>,7.94,subscriptions,simulated_bank_transactions_uk
2024-05-04,contactless food delivery mcdonalds restaurant <ref>,136.36,dining,simulated_bank_transactions_uk
2024-12-01,fuel esso train ticket <ref>,147.68,transportation,simulated_bank_transactions_uk
2023-10-30,card*pmt*shell*train*ticket,79.89,transportation,simulated_bank_transactions_uk
2024-06-09,visa direct debit apple.com/bill,37.11,subscriptions,simulated_bank_transactions_uk
2023-04-07,pos tesco chicken <ref>,65.46,groceries,simulated_bank_transactions_uk
2023-09-17,restaurant nando's food delivery,108.89,dining,simulated_bank_transactions_uk
2024-05-30,transport-esso-bus-pass,89.08,transportation,simulated_bank_transactions_uk
2024-04-18,contactless/lidl/milk <ref>,111.86,groceries,simulated_bank_transactions_uk
2024-03-02,bill pmt thames water,39.96,utilities,simulated_bank_transactions_uk
2024-11-17,rent pmt mortgage <ref>,1613.73,housing,simulated_bank_transactions_uk
2023-12-16,visa card payment deliveroo food delivery,121.75,dining,simulated_bank_transactions_uk
2023-03-22,card pmt hmrc online purchase,34.03,other,simulated_bank_transactions_uk
2024-07-01,bacs rent rent <ref>,748.86,housing,simulated_bank_transactions_uk
2023-01-14,pos morrisons milk,61.06,groceries,simulated_bank_transactions_uk
2024-11-04,contactless bill pmt bt <ref>,119.12,utilities,simulated_bank_transactions_uk
2024-09-23,bacs rent rent,1738.39,housing,simulated_bank_transactions_uk
2023-03-31,transport national rail fuel <ref>,121.28,transportation,simulated_bank_transactions_uk
2023-01-17,bill*pmt*o2 <ref>,54.62,utilities,simulated_bank_transactions_uk
2024-10-26,rent*pmt*letting*agent <ref>,892.92,housing,simulated_bank_transactions_uk
2024-07-05,card bill payment bt <ref>,167.73,utilities,simulated_bank_transactions_uk
2024-04-30,utility bill s,131.95,utilities,simulated_bank_transactions_uk
2023-06-06,card/pmt/greggs/restaurant <ref>,20.12,dining,simulated_bank_transactions_uk
2024-04-05,rent payment landlord <ref>,1260.08,housing,simulated_bank_transactions_uk
2024-02-06,sto subscription apple.com/bill,24.93,subscriptions,simulated_bank_transactions_uk
2024-10-07,fps pos iceland eggs <ref>,4.16,groceries,simulated_bank_transactions_uk
2024-05-22,online purchase boots misc expense,146.98,other,simulated_bank_transactions_uk
2024-06-09,mastercard bacs letting agent rent <ref>,1159.55,housing,simulated_bank_transactions_uk
2024-05-14,card pmt amazon prime <ref>,28.75,subscriptions,simulated_bank_transactions_uk
2023-11-20,utility bill thames water,122.84,utilities,simulated_bank_transactions_uk
2024-04-29,direct debit amazon prime <ref>,27.69,subscriptions,simulated_bank_transactions_uk
2024-10-23,contactless iceland rice,94.54,groceries,simulated_bank_transactions_uk
2023-01-22,fuel-bp-fuel <ref>,105.53,transportation,simulated_bank_transactions_uk
2024-03-24,bacs utility bill octopus energy <ref>,133.23,utilities,simulated_bank_transactions_uk
2024-09-08,utility*bill*sky <ref>,180.69,utilities,simulated_bank_transactions_uk
2023-10-28,card pmt hmrc misc expense,22.28,other,simulated_bank_transactions_uk
2024-11-20,mortgage payment mortgage <ref>,1766.31,housing,simulated_bank_transactions_uk
2023-06-15,direct-debit-mortgage-payment-rent <ref>,1719.66,housing,simulated_bank_transactions_uk
2024-11-14,sto direct debit gym group <ref>,31.22,subscriptions,simulated_bank_transactions_uk
2023-06-10,card*payment*just*eat*restaurant <ref>,28.47,dining,simulated_bank_transactions_uk
2024-05-20,direct/debit/spotify,19.56,subscriptions,simulated_bank_transactions_uk
2023-02-18,card payment uber train ticket <ref>,33.79,transportation,simulated_bank_transactions_uk
2024-01-01,pos pos morrisons eggs <ref>,132.49,groceries,simulated_bank_transactions_uk
2024-05-30,rent/pmt/rent <ref>,1803.25,housing,simulated_bank_transactions_uk
2023-04-27,contactless*waitrose*milk <ref>,52.65,groceries,simulated_bank_transactions_uk
2023-09-22,card payment puregym <ref>,12.84,subscriptions,simulated_bank_transactions_uk
2024-07-24,mastercard card payment bp bus pass,116.1,transportation,simulated_bank_transactions_uk
2024-06-11,card payment uber train ticket <ref>,128.45,transportation,simulated_bank_transactions_uk
2024-03-24,card*pmt*amazon*prime <ref>,6.76,subscriptions,simulated_bank_transactions_uk
2023-04-24,pos purchase ebay misc expense <ref>,144.51,other,simulated_bank_transactions_uk
2023-04-15,pos asda chicken,92.62,groceries,simulated_bank_transactions_uk
2023-06-21,visa card pmt ebay online purchase,77.57,other,simulated_bank_transactions_uk
2023-06-10,rent pmt mortgage <ref>,1875.38,housing,simulated_bank_transactions_uk
2024-05-25,mortgage-payment-letting-agent,1666.75,housing,simulated_bank_transactions_uk
2023-05-22,rent payment letting agent,1109.23,housing,simulated_bank_transactions_uk
2024-03-01,card pmt morrisons bread <ref>,67.55,groceries,simulated_bank_transactions_uk
2024-04-30,pos purchase boots online purchase <ref>,39.06,other,simulated_bank_transactions_uk
2023-03-29,so/card/payment/bolt/bus/pass <ref>,77.24,transportation,simulated_bank_transactions_uk
2024-02-29,card payment bp bus,108.13,transportation,simulated_bank_transactions_uk
2024-06-26,visa fuel shell train ticket <ref>,25.29,transportation,simulated_bank_transactions_uk
2024-03-15,fps card pmt mcdonalds restaurant <ref>,23.29,dining,simulated_bank_transactions_uk
2024-06-12,restaurant mcdonalds fast food <ref>,135.02,dining,simulated_bank_transactions_uk
2024-03-29,online purchase boots misc expense <ref>,141.73,other,simulated_bank_transactions_uk
2023-03-13,bill pmt ee <ref>,143.82,utilities,simulated_bank_transactions_uk
2023-06-18,card*payment*waitrose*eggs,49.28,groceries,simulated_bank_transactions_uk
2023-02-07,card-payment-starbucks-restaurant <ref>,60.81,dining,simulated_bank_transactions_uk
2024-10-08,rent pmt letting,680.93,housing,simulated_bank_transactions_uk
2024-12-18,bacs letting agent rent <ref>,1840.1,housing,simulated_bank_transactions_uk
2023-12-19,card pmt amazo,15.98,subscriptions,simulated_bank_transactions_uk
2024-09-17,card pmt morrisons eggs,135.33,groceries,simulated_bank_transactions_uk
2024-07-11,direct debit octopus energy <ref>,75.13,utilities,simulated_bank_transactions_uk
2024-10-26,card payment puregym <ref>,29.41,subscriptions,simulated_bank_transactions_uk
2023-03-28,so restaurant mcdonalds restaurant,132.5,dining,simulated_bank_transactions_uk
2023-05-10,contactless waitrose chicken <ref>,52.17,groceries,simulated_bank_transactions_uk
2024-07-19,direct debit netflix,8.25,subscriptions,simulated_bank_transactions_uk
2023-06-13,fuel/shell/bus/pass,114.29,transportation,simulated_bank_transactions_uk
2024-07-06,contactless sainsburys milk 9,133.88,groceries,simulated_bank_transactions_uk
2024-03-08,subscription google *services,32.1,subscriptions,simulated_bank_transactions_uk
2023-09-23,card pmt amazon prime <ref>,34.46,subscriptions,simulated_bank_transactions_uk
2023-05-08,sto bacs rent rent,1659.18,housing,simulated_bank_transactions_uk
2023-01-06,food delivery greggs fast food <ref>,87.15,dining,simulated_bank_transactions_uk
2024-08-18,card pmt uber eats fast food <ref>,147.49,dining,simulated_bank_transactions_uk
2024-06-30,card payment puregym,26.97,subscriptions,simulated_bank_transactions_uk
2023-10-19,card online purchase hmrc online purchase <ref>,54.5,other,simulated_bank_transactions_uk
2023-09-11,mastercard rent payment landlord <ref>,1327.53,housing,simulated_bank_transactions_uk
2023-07-17,contactless asda eggs <ref>,78.92,groceries,simulated_bank_transactions_uk
2023-05-31,mastercard card payment currys misc expense <ref>,69.78,other,simulated_bank_transactions_uk
2023-03-05,visa mortgage pmt mortgage <ref>,714.73,housing,simulated_bank_transactions_uk
2024-04-01,so-food-delivery-deliveroo-restaurant <ref>,73.01,dining,simulated_bank_transactions_uk
2024-02-17,contactless lidl eggs <ref>,102.49,groceries,simulated_bank_transactions_uk
2023-09-28,direct debit puregym <ref>,18.82,subscriptions,simulated_bank_transactions_uk
2024-12-06,pos card payment google *services <ref>,39.88,subscriptions,simulated_bank_transactions_uk
2023-06-16,card*pmt*mcdonalds*food*delivery <ref>,146.07,dining,simulated_bank_transactions_uk
2024-12-22,bill pmt british gas <ref>,130.7,utilities,simulated_bank_transactions_uk
2024-04-29,direct debit gym group,12.44,subscriptions,simulated_bank_transactions_uk
2024-07-26,pos aldi vegetables,26.06,groceries,simulated_bank_transactions_uk
2024-02-23,transport*esso*uber*ride <ref>,91.44,transportation,simulated_bank_transactions_uk
2023-10-24,sto/contactless/morrisons/milk <ref>,57.33,groceries,simulated_bank_transactions_uk
2024-01-16,card*pmt*sainsburys*chicken <ref>,25.54,groceries,simulated_bank_transactions_uk
2024-05-12,card payment esso bus pass <ref>,47.58,transportation,simulated_bank_transactions_uk
2024-08-26,card payment waitrose bread,23.89,groceries,simulated_bank_transactions_uk
2023-11-09,restaurant uber eats restaurant <ref>,140.71,dining,simulated_bank_transactions_uk
2024-05-15,card/payment/esso/train/ticket,29.91,transportation,simulated_bank_transactions_uk
2023-03-11,card payment asda milk <ref>,83.49,groceries,simulated_bank_transactions_uk
2024-08-09,pos purchase nhs online purchase,64.38,other,simulated_bank_transactions_uk
2024-01-22,so*card*payment*shell,135.34,transportation,simulated_bank_transactions_uk
2023-05-16,card payment just eat food delivery,125.55,dining,simulated_bank_transactions_uk
2024-04-16,bacs online purchase amazon online purchase <ref>,77.2,other,simulated_bank_transactions_uk
2023-06-02,card payment nhs misc expense,101.08,other,simulated_bank_transactions_uk
2024-10-01,mastercard online purchase superdrug misc expense,16.13,other,simulated_bank_transactions_uk
2023-12-14,bacs*landlord*rent <ref>,1860.34,housing,simulated_bank_transactions_uk
2023-10-12,direct debit subscription google *servic,36.15,subscriptions,simulated_bank_transactions_uk
2024-08-08,rent payment letting agent <ref>,1590.09,housing,simulated_bank_transactions_uk
2024-07-26,fps bacs rent rent <ref>,773.29,housing,simulated_bank_transactions_uk
2024-07-08,contactless morrisons bread,143.41,groceries,simulated_bank_transactions_uk
2024-05-02,card/pmt/spotify,23.26,subscriptions,simulated_bank_transactions_uk
2023-07-04,card-payment-gym-group <ref>,37.77,subscriptions,simulated_bank_transactions_uk
2023-09-09,contactless morrisons eggs <ref>,118.65,groceries,simulated_bank_transactions_uk
2024-06-30,mastercard/online/purchase/boots/misc/expense <ref>,15.44,other,simulated_bank_transactions_uk
2023-01-24,contactless subscription gym group,6.57,subscriptions,simulated_bank_transactions_uk
2023-01-25,fuel bolt fuel <ref>,29.53,transportation,simulated_bank_transactions_uk
2023-04-04,card-pmt-hmrc-misc-expense,59.16,other,simulated_bank_transactions_uk
2023-10-20,contactless-lidl-milk <ref>,82.64,groceries,simulated_bank_transactions_uk
2023-11-11,bill payment severn trent <ref>,49.72,utilities,simulated_bank_transactions_uk
2024-09-21,card pmt costa food delive,27.87,dining,simulated_bank_transactions_uk
2023-03-01,contactless card payment shell train ticket <ref>,6.99,transportation,simulated_bank_transactions_uk
2023-05-26,transport trainline fuel <ref>,17.52,transportation,simulated_bank_transactions_uk
2023-05-04,card-food-delivery-deliveroo-fast-food,40.92,dining,simulated_bank_transactions_uk
2024-09-03,contactless aldi bread <ref>,38.22,groceries,simulated_bank_transactions_uk
2024-01-30,card*pmt*google**services,31.33,subscriptions,simulated_bank_transactions_uk
2024-04-20,pos pos tesco eggs,11.91,groceries,simulated_bank_transactions_uk
2024-10-10,contactless direct debit apple.com/bill <ref>,6.01,subscriptions,simulated_bank_transactions_uk
2024-11-22,bill payment e.on <ref>,241.96,utilities,simulated_bank_transactions_uk
2024-10-29,pos sainsburys bread <ref>,115.16,groceries,simulated_bank_transactions_uk
2024-02-21,direct/debit/card/payment/amazon/online/purchase <ref>,47.78,other,simulated_bank_transactions_uk
2024-05-27,card payment greggs restaurant,127.4,dining,simulated_bank_transactions_uk
2023-09-09,utility bill severn trent <ref>,246.77,utilities,simulated_bank_transactions_uk
2023-02-12,subscription*google**services 6066,24.43,subscriptions,simulated_bank_transactions_uk
2024-09-27,contactless morrisons rice <ref>,144.28,groceries,simulated_bank_transactions_uk
2024-05-08,card payment esso train ticket <ref>,3.08,transportation,simulated_bank_transactions_uk
2024-01-25,fuel uber bus pass,126.4,transportation,simulated_bank_transactions_uk
2024-06-06,transport uber train ticket,89.02,transportation,simulated_bank_transactions_uk
2024-06-30,transport/tfl/uber/ride,26.73,transportation,simulated_bank_transactions_uk
2023-05-06,direct debit disney+ <ref>,18.84,subscriptions,simulated_bank_transactions_uk
2023-10-14,card payment argos online purchase <ref>,109.59,other,simulated_bank_transactions_uk
2023-11-22,food delivery starbucks restaurant <ref>,92.74,dining,simulated_bank_transactions_uk
2024-12-25,mastercard rent payment letting agent <ref>,1971.5,housing,simulated_bank_transactions_uk
2023-11-26,restaurant pret fast food,39.15,dining,simulated_bank_transactions_uk
2024-09-05,sto card payment esso train ticke,70.59,transportation,simulated_bank_transactions_uk
2023-05-17,card-payment-uber-uber-ride 1,137.36,transportation,simulated_bank_transactions_uk
2023-01-10,fps rent payment mortgage,605.99,housing,simulated_bank_transactions_uk
2024-12-21,rent/payment/rent <ref>,1853.38,housing,simulated_bank_transactions_uk
2024-10-26,food delivery nando's fast food <ref>,82.11,dining,simulated_bank_transactions_uk
2024-11-18,rent pmt mortgage,1849.6,housing,simulated_bank_transactions_uk
2024-01-21,mastercard food delivery deliveroo food delivery,21.14,dining,simulated_bank_transactions_uk
2024-12-14,card pmt superdrug misc expense <ref>,59.85,other,simulated_bank_transactions_uk
2023-07-17,contactless-asda-milk,71.02,groceries,simulated_bank_transactions_uk
2023-01-21,card/payment/just/eat/restaurant <ref>,35.56,dining,simulated_bank_transactions_uk
2024-12-27,card-online-purchase-argos-misc-expense <ref>,103.04,other,simulated_bank_transactions_uk
2024-09-20,direct debit fuel national rail train ticket,16.23,transportation,simulated_bank_transactions_uk
2024-05-20,rent/payment/rent <ref>,909.61,housing,simulated_bank_transactions_uk
2024-12-21,card pmt esso uber ride <ref>,44.27,transportation,simulated_bank_transactions_uk
2024-10-15,bacs landlord rent 4026,1977.97,housing,simulated_bank_transactions_uk
2024-08-05,restaurant pret restaurant <ref>,130.88,dining,simulated_bank_transactions_uk
2024-08-02,subscription amazon prime <ref>,11.78,subscriptions,simulated_bank_transactions_uk
2023-03-08,mortgage pmt rent <ref>,779.54,housing,simulated_bank_transactions_uk
2024-06-19,direct debit scottish,218.21,utilities,simulated_bank_transactions_uk
2024-12-10,rent payment mortgage <ref>,1549.17,housing,simulated_bank_transactions_uk
2023-01-03,mortgage pmt letting agent <ref>,1836.34,housing,simulated_bank_transactions_uk
2024-10-27,restaurant*pret*food*delivery <ref>,101.95,dining,simulated_bank_transactions_uk
2024-02-21,card pmt aldi eggs,66.58,groceries,simulated_bank_transactions_uk
2024-04-22,fuel*uber*uber*ride <ref>,102.99,transportation,simulated_bank_transactions_uk
2023-02-14,restaurant/mcdonalds/fast/food <ref>,79.04,dining,simulated_bank_transactions_uk
2024-06-29,bacs/landlord/rent <ref>,1885.75,housing,simulated_bank_transactions_uk
2023-07-19,food delivery pret fast food <ref>,3.76,dining,simulated_bank_transactions_uk
2023-01-26,fuel national rail uber ride <ref>,132.37,transportation,simulated_bank_transactions_uk
2023-03-18,rent payment letting agent,1193.35,housing,simulated_bank_transactions_uk
2024-10-03,bill payment thames water <ref>,98.38,utilities,simulated_bank_transactions_uk
2023-01-25,direct debit rent payment landlord <ref>,1204.73,housing,simulated_bank_transactions_uk
2023-09-11,direct debit apple.com/bill <ref>,34.42,subscriptions,simulated_bank_transactions_uk
2023-12-15,card pmt iceland rice <ref>,38.04,groceries,simulated_bank_transactions_uk
2024-06-16,pos*purchase*currys*online*purchase,123.78,other,simulated_bank_transactions_uk
2024-09-06,contactless-card-pmt-hmrc-online-purchase <ref>,141.7,other,simulated_bank_transactions_uk
2024-08-15,card pmt netflix <ref>,26.89,subscriptions,simulated_bank_transactions_uk
2023-02-04,card payment asda milk <ref>,146.26,groceries,simulated_bank_transactions_uk
2024-12-11,card-payment-nando's-fast-food,133.84,dining,simulated_bank_transactions_uk
2024-03-28,card-payment-sainsburys-bread <ref>,12.11,groceries,simulated_bank_transactions_uk
2024-03-18,card payment asda eggs <ref>,92.78,groceries,simulated_bank_transactions_uk
2024-07-26,pos iceland milk <ref>,102.6,groceries,simulated_bank_transactions_uk
2024-02-16,so pos asda eggs <ref>,127.94,groceries,simulated_bank_transactions_uk
2023-08-27,contactless waitrose chicken <ref>,113.54,groceries,simulated_bank_transactions_uk
2024-04-20,card payment nhs online purchase <ref>,69.65,other,simulated_bank_transactions_uk
2024-09-26,card pmt argos misc expense <ref>,132.35,other,simulated_bank_transactions_uk
2024-11-22,pos iceland eggs,98.69,groceries,simulated_bank_transactions_uk
2023-12-03,card pmt superdrug online purchase <ref>,69.75,other,simulated_bank_transactions_uk
2024-12-31,subscription netflix,5.43,subscriptions,simulated_bank_transactions_uk
2023-07-18,card pmt asda chicken <ref>,119.04,groceries,simulated_bank_transactions_uk
2024-03-07,subscription/spotify,13.97,subscriptions,simulated_bank_transactions_uk
2023-07-10,restaurant kfc food delivery,94.27,dining,simulated_bank_transactions_uk
2023-11-16,utility bill e.on,43.31,utilities,simulated_bank_transactions_uk
2024-01-02,fps subscription amazon prime,27.81,subscriptions,simulated_bank_transactions_uk
2023-11-13,transport national rail train ticket,24.67,transportation,simulated_bank_transactions_uk
2024-06-14,bacs subscription google *services <ref>,38.96,subscriptions,simulated_bank_transactions_uk
2024-06-03,card card pmt netflix,7.01,subscriptions,simulated_bank_transactions_uk
2023-07-20,visa card pmt argos online purchase <ref>,65.04,other,simulated_bank_transactions_uk
2024-11-14,direct debit ee,105.14,utilities,simulated_bank_transactions_uk
2024-04-23,food-delivery-greggs-food-delivery <ref>,104.7,dining,simulated_bank_transactions_uk
2023-12-10,card card payment amazon prime <ref>,25.24,subscriptions,simulated_bank_transactions_uk
2024-04-10,subscription apple.com/bill <ref>,10.68,subscriptions,simulated_bank_transactions_uk
2023-01-04,card pmt argos online purchase <ref>,75.9,other,simulated_bank_transactions_uk
2023-08-07,mortgage payment rent,1253.15,housing,simulated_bank_transactions_uk
2023-12-06,direct debit sky,239.57,utilities,simulated_bank_transactions_uk
2023-07-08,card pmt superdrug misc,33.18,other,simulated_bank_transactions_uk
2023-03-17,card*pmt*hmrc*online*purchase <ref>,56.33,other,simulated_bank_transactions_uk
2023-05-26,card payment shell uber ride <ref>,84.54,transportation,simulated_bank_transactions_uk
2024-08-22,fuel national rail fuel <ref>,31.58,transportation,simulated_bank_transactions_uk
2023-01-31,pos purchase superdrug misc expense <ref>,9.45,other,simulated_bank_transactions_uk
2023-09-26,utility bill scottishpower 843,78.17,utilities,simulated_bank_transactions_uk
2023-07-02,mortgage*payment*rent <ref>,1376.31,housing,simulated_bank_transactions_uk
2023-04-14,bill payment e.on <ref>,87.59,utilities,simulated_bank_transactions_uk
2024-11-01,contactless iceland vegetables <ref>,23.17,groceries,simulated_bank_transactions_uk
2023-08-04,card*payment*nhs*online*purchase <ref>,52.74,other,simulated_bank_transactions_uk
2024-01-17,card/pmt/esso/fuel,38.3,transportation,simulated_bank_transactions_uk
2024-09-30,rent payment letting agent <ref>,1967.94,housing,simulated_bank_transactions_uk
2023-05-28,mastercard food delivery uber eats food delivery <ref>,12.61,dining,simulated_bank_transactions_uk
2024-01-19,bill pmt o2,113.2,utilities,simulated_bank_transactions_uk
2023-09-08,transport tfl fuel <ref>,146.62,transportation,simulated_bank_transactions_uk
2024-07-02,card pmt iceland chicken,89.34,groceries,simulated_bank_transactions_uk
2023-02-24,card-pmt-uber-train-ticket <ref>,51.17,transportation,simulated_bank_transactions_uk
2024-08-21,bacs letting agent rent,1792.1,housing,simulated_bank_transactions_uk
2024-04-26,card pmt uber eats restaurant <ref>,109.91,dining,simulated_bank_transactions_uk
2024-02-02,direct debit card pmt hmrc online purchase <ref>,27.61,other,simulated_bank_transactions_uk
2024-04-20,pos purchase argos misc expense,76.29,other,simulated_bank_transactions_uk
2024-05-09,utility*bill*ee <ref>,145.6,utilities,simulated_bank_transactions_uk
2024-10-15,bacs-letting-agent-rent <ref>,1413.66,housing,simulated_bank_transactions_uk
2023-07-27,online*purchase*currys*online*purchase <ref>,33.46,other,simulated_bank_transactions_uk
2023-11-10,restaurant starbucks restaurant <ref>,61.2,dining,simulated_bank_transactions_uk
2024-01-19,fps-restaurant-uber-eats-fast-food <ref>,86.99,dining,simulated_bank_transactions_uk
2023-03-28,card fuel tfl uber ride <ref>,22.75,transportation,simulated_bank_transactions_uk
2023-08-24,transport shell fuel <ref>,79.27,transportation,simulated_bank_transactions_uk
2024-03-12,contactless subscription disney+,26.74,subscriptions,simulated_bank_transactions_uk
2024-01-12,card payment uber eats fast food <ref>,66.58,dining,simulated_bank_transactions_uk
2024-01-27,online purchase currys misc expense,49.6,other,simulated_bank_transactions_uk
2023-09-29,contactless waitrose bread <ref>,67.93,groceries,simulated_bank_transactions_uk
2024-05-28,bacs rent rent <ref>,715.39,housing,simulated_bank_transactions_uk
2023-08-22,pos direct debit gym group <ref>,32.51,subscriptions,simulated_bank_transactions_uk
2023-02-09,card-pos-asda-milk <ref>,13.49,groceries,simulated_bank_transactions_uk
2023-09-14,pos card payment amazon prime <ref>,28.63,subscriptions,simulated_bank_transactions_uk
2024-09-10,direct debit fuel bp bus pass <ref>,31.02,transportation,simulated_bank_transactions_uk
2023-12-21,direct debit bt,95.88,utilities,simulated_bank_transactions_uk
2024-08-16,card-pmt-boots-misc-expense <ref>,142.03,other,simulated_bank_transactions_uk
2024-06-08,so*card*payment*superdrug*online*purchase <ref>,72.38,other,simulated_bank_transactions_uk
2023-08-22,card/card/payment/argos/online/purchase <ref>,130.22,other,simulated_bank_transactions_uk
2024-07-19,direct-debit-octopus-energy,143.48,utilities,simulated_bank_transactions_uk
2024-04-17,online purchase ebay misc expense <ref>,109.21,other,simulated_bank_transactions_uk
2023-07-12,fuel esso uber ride <ref>,49.02,transportation,simulated_bank_transactions_uk
2024-03-25,card-payment-kfc-food-delivery,64.4,dining,simulated_bank_transactions_uk
2023-05-23,card/pmt/pret/food/deliver,7.43,dining,simulated_bank_transactions_uk
2024-05-26,subscription netflix <ref>,30.82,subscriptions,simulated_bank_transactions_uk
2024-03-05,pos purchase amazon misc expense <ref>,52.95,other,simulated_bank_transactions_uk
2024-12-08,food/delivery/deliveroo/food/deli,113.64,dining,simulated_bank_transactions_uk
2023-02-02,fps card pmt amazon prime <ref>,5.81,subscriptions,simulated_bank_transactions_uk
2024-08-04,utility-bill-bt,248.74,utilities,simulated_bank_transactions_uk
2024-02-05,pos rent pmt landlord <ref>,885.89,housing,simulated_bank_transactions_uk
2024-05-01,fps-pos-sainsburys-chicken,59.81,groceries,simulated_bank_transactions_uk
2024-04-07,contactless tesco eggs <ref>,86.72,groceries,simulated_bank_transactions_uk
2024-07-20,bacs landlord rent <ref>,746.04,housing,simulated_bank_transactions_uk
2023-01-28,utility*bill*severn*trent,162.74,utilities,simulated_bank_transactions_uk
2023-10-18,visa/direct/debit/scottishpower <ref>,241.86,utilities,simulated_bank_transactions_uk
2024-04-10,utility bill severn trent <ref>,145.37,utilities,simulated_bank_transactions_uk
2023-06-25,contactless contactless tesc,79.22,groceries,simulated_bank_transactions_uk
2023-04-24,fps-fuel-esso-fuel <ref>,60.49,transportation,simulated_bank_transactions_uk
2023-07-31,bill*payment*sky <ref>,45.13,utilities,simulated_bank_transactions_uk
2024-11-11,bill pmt e.on <ref>,209.94,utilities,simulated_bank_transactions_uk
2023-11-14,card pmt greggs restaurant <ref>,91.75,dining,simulated_bank_transactions_uk
2023-10-10,direct/debit/netflix <ref>,28.97,subscriptions,simulated_bank_transactions_uk
2024-02-13,direct debit direct debit e.on,128.06,utilities,simulated_bank_transactions_uk
2024-05-17,card pmt disney+ <ref>,36.86,subscriptions,simulated_bank_transactions_uk
2023-04-04,sto food delivery mcdonalds fast,87.69,dining,simulated_bank_transactions_uk
2024-12-29,card pmt trainline fuel <ref>,53.98,transportation,simulated_bank_transactions_uk
2023-06-29,sto card payment ebay misc expense,60.49,other,simulated_bank_transactions_uk
2024-09-24,card card payment nando's restaurant <ref>,29.4,dining,simulated_bank_transactions_uk
2023-07-07,bacs rent rent <ref>,1875.17,housing,simulated_bank_transactions_uk
2023-09-03,rent payment rent <ref>,1923.96,housing,simulated_bank_transactions_uk
2024-10-05,so card pmt amazon online purchase <ref>,43.25,other,simulated_bank_transactions_uk
2023-08-11,card pmt google *services <ref>,7.34,subscriptions,simulated_bank_transactions_uk
2024-07-20,food/delivery/greggs/fast/food <ref>,148.88,dining,simulated_bank_transactions_uk
2023-04-18,card pos morrisons eggs <ref>,14.25,groceries,simulated_bank_transactions_uk
2023-08-01,subscription amazon prime <ref>,10.77,subscriptions,simulated_bank_transactions_uk
2024-12-12,subscription spotify <ref>,7.56,subscriptions,simulated_bank_transactions_uk
2023-07-19,bacs letting agent rent <ref>,1644.34,housing,simulated_bank_transactions_uk
2023-04-28,card/payment/starbucks/restaurant,4.58,dining,simulated_bank_transactions_uk
2024-05-11,mastercard bacs landlord rent <ref>,1648.15,housing,simulated_bank_transactions_uk
2024-11-03,card*payment*just*eat*restaurant,15.13,dining,simulated_bank_transactions_uk
2023-06-15,bacs utility bill sky,210.49,utilities,simulated_bank_transactions_uk
2023-05-08,direct*debit*scottishpower <ref>,68.99,utilities,simulated_bank_transactions_uk
2023-01-12,direct debit amazon prime,7.72,subscriptions,simulated_bank_transactions_uk
2023-08-10,rent pmt mortgage,1101.32,housing,simulated_bank_transactions_uk
2024-03-28,rent/payment/rent,1345.22,housing,simulated_bank_transactions_uk
2024-10-18,mortgage payment landlord <ref>,1736.12,housing,simulated_bank_transactions_uk
2023-02-23,mortgage-pmt-rent,1031.65,housing,simulated_bank_transactions_uk
2023-07-26,mastercard card pmt spotify <ref>,18.21,subscriptions,simulated_bank_transactions_uk
2023-01-17,utility bill ee <ref>,74.0,utilities,simulated_bank_transactions_uk
2023-12-12,visa restaurant greggs restaurant <ref>,148.43,dining,simulated_bank_transactions_uk
2023-03-06,online purchase hmrc online purchase,102.95,other,simulated_bank_transactions_uk
2023-06-21,direct debit o2 <ref>,212.7,utilities,simulated_bank_transactions_uk
2023-12-01,bacs letting agent rent <ref>,1317.5,housing,simulated_bank_transactions_uk
2024-07-08,card pmt tfl train ticket 3,94.83,transportation,simulated_bank_transactions_uk
2023-08-07,food delivery uber eats fast food <ref>,20.76,dining,simulated_bank_transactions_uk
2023-01-16,card-pmt-iceland-eggs <ref>,50.54,groceries,simulated_bank_transactions_uk
2024-02-03,fps food delivery uber eats food delivery <ref>,49.49,dining,simulated_bank_transactions_uk
2023-10-13,utility bill vodafone <ref>,174.75,utilities,simulated_bank_transactions_uk
2024-02-25,bacs landlord rent <ref>,1839.64,housing,simulated_bank_transactions_uk
2023-04-15,card/pmt/tfl/fuel <ref>,147.52,transportation,simulated_bank_transactions_uk
2023-11-29,rent payment rent,732.64,housing,simulated_bank_transactions_uk
2024-12-11,mortgage*pmt*letting*agent <ref>,1961.31,housing,simulated_bank_transactions_uk
2024-12-05,utility*bill*octopus*energy,197.58,utilities,simulated_bank_transactions_uk
2023-01-19,direct debit transport tfl fuel <ref>,12.92,transportation,simulated_bank_transactions_uk
2023-08-27,direct-debit-card-payment-google-*services,22.89,subscriptions,simulated_bank_transactions_uk
2023-01-22,card pmt puregym <ref>,5.47,subscriptions,simulated_bank_transactions_uk
2023-09-07,visa card pmt spotify <ref>,30.83,subscriptions,simulated_bank_transactions_uk
2023-10-31,subscription spotify <ref>,18.11,subscriptions,simulated_bank_transactions_uk
2023-09-01,bill pmt british gas,171.25,utilities,simulated_bank_transactions_uk
2023-10-12,rent pmt letting agent <ref>,1060.17,housing,simulated_bank_transactions_uk
2024-02-29,card/payment/bp/uber/ride 9298,79.57,transportation,simulated_bank_transactions_uk
2023-12-06,bacs landlord rent <ref>,920.61,housing,simulated_bank_transactions_uk
2023-02-25,fuel bolt train ticket <ref>,33.26,transportation,simulated_bank_transactions_uk
2023-08-16,bacs/landlord/rent <ref>,1574.79,housing,simulated_bank_transactions_uk
2024-10-06,pos subscription spotify,11.42,subscriptions,simulated_bank_transactions_uk
2023-03-13,card contactless sainsburys milk <ref>,130.87,groceries,simulated_bank_transactions_uk
2023-07-29,utility bill sky <ref>,61.14,utilities,simulated_bank_transactions_uk
2023-07-29,direct debit utility bill bt <ref>,150.75,utilities,simulated_bank_transactions_uk
2023-06-18,bill pmt severn trent 66,132.76,utilities,simulated_bank_transactions_uk
2023-09-12,mortgage-pmt-rent <ref>,847.01,housing,simulated_bank_transactions_uk
2024-10-12,fps card pmt bolt bus pass,87.73,transportation,simulated_bank_transactions_uk
2024-01-04,direct-debit-o2 <ref>,135.86,utilities,simulated_bank_transactions_uk
2024-03-27,card payment kfc fast food <ref>,27.66,dining,simulated_bank_transactions_uk
2024-03-19,food delivery just eat food delivery <ref>,92.58,dining,simulated_bank_transactions_uk
2024-05-08,pos*purchase*ebay*online*purchase 718,123.48,other,simulated_bank_transactions_uk
2023-03-27,card-pmt-sainsburys-rice,65.83,groceries,simulated_bank_transactions_uk
2023-06-06,card-payment-amazon-misc-expense,90.49,other,simulated_bank_transactions_uk
2023-11-10,direct debit puregym,18.32,subscriptions,simulated_bank_transactions_uk
2024-09-12,sto card pmt kfc fast food <ref>,58.15,dining,simulated_bank_transactions_uk
2024-04-25,card payment costa restaurant <ref>,51.99,dining,simulated_bank_transactions_uk
2024-05-27,utility bill british gas,30.92,utilities,simulated_bank_transactions_uk
2024-02-09,bacs-mortgage-rent,1895.97,housing,simulated_bank_transactions_uk
2024-08-25,bacs letting agent rent,1030.94,housing,simulated_bank_transactions_uk
2023-05-08,card pmt iceland rice 622,133.09,groceries,simulated_bank_transactions_uk
2024-03-22,restaurant nando's food delivery,26.87,dining,simulated_bank_transactions_uk
2024-05-15,card payment national rail bus pass <ref>,77.91,transportation,simulated_bank_transactions_uk
2024-03-10,mortgage pmt letting agent <ref>,1511.27,housing,simulated_bank_transactions_uk
2024-01-06,bacs/landlord/rent <ref>,648.31,housing,simulated_bank_transactions_uk
2023-09-25,mortgage payment letting agent,1503.47,housing,simulated_bank_transactions_uk
2023-09-11,direct/debit/spotify,10.16,subscriptions,simulated_bank_transactions_uk
2023-01-13,bacs direct debit netflix <ref>,34.45,subscriptions,simulated_bank_transactions_uk
2024-01-29,contactless waitrose milk,97.73,groceries,simulated_bank_transactions_uk
2023-03-24,mastercard card pmt kfc food delivery <ref>,89.17,dining,simulated_bank_transactions_uk
2024-03-13,direct*debit*puregym <ref>,10.8,subscriptions,simulated_bank_transactions_uk
2024-06-29,fuel-shell-bus-pass <ref>,76.6,transportation,simulated_bank_transactions_uk
2023-04-02,direct debit rent pmt mortgage <ref>,1627.51,housing,simulated_bank_transactions_uk
2023-12-19,direct debit pos morrisons vegetables <ref>,87.17,groceries,simulated_bank_transactions_uk
2023-08-03,online purchase amazon online purchase,42.55,other,simulated_bank_transactions_uk
2023-06-22,rent pmt mortgage <ref>,608.99,housing,simulated_bank_transactions_uk
2023-03-13,card pmt hmrc misc expense <ref>,3.23,other,simulated_bank_transactions_uk
2024-11-01,online purchase hmrc misc expense <ref>,80.17,other,simulated_bank_transactions_uk
2024-01-19,fuel national rail fuel <ref>,28.08,transportation,simulated_bank_transactions_uk
2023-04-23,direct debit ee 812,70.04,utilities,simulated_bank_transactions_uk
2023-07-10,food delivery uber eats food delivery <ref>,122.71,dining,simulated_bank_transactions_uk
2023-07-16,direct debit bill pmt thames water 225,208.02,utilities,simulated_bank_transactions_uk
2024-10-01,card payment esso fuel <ref>,67.79,transportation,simulated_bank_transactions_uk
2023-10-28,card payment aldi vegetables,27.42,groceries,simulated_bank_transactions_uk
2023-03-07,contactless morrisons rice,21.33,groceries,simulated_bank_transactions_uk
2024-05-04,so*fuel*tfl*uber*ride,89.09,transportation,simulated_bank_transactions_uk
2023-01-10,card payment costa food delivery,114.8,dining,simulated_bank_transactions_uk
2023-01-08,pos iceland eggs <ref>,113.51,groceries,simulated_bank_transactions_uk
2023-01-08,rent pmt rent,1331.27,housing,simulated_bank_transactions_uk
2023-09-30,card payment greggs food delivery <ref>,79.45,dining,simulated_bank_transactions_uk
2024-09-10,contactless food delivery kfc fast food,114.27,dining,simulated_bank_transactions_uk
2023-12-18,food delivery pret fast food <ref>,57.51,dining,simulated_bank_transactions_uk
2024-11-12,transport/bp/train/ticket,141.33,transportation,simulated_bank_transactions_uk
2023-12-31,food delivery nando's fast food,92.79,dining,simulated_bank_transactions_uk
2023-01-04,card*payment*nhs*misc*expense <ref>,121.52,other,simulated_bank_transactions_uk
2023-05-23,direct debit food delivery nando's food delivery <ref>,62.07,dining,simulated_bank_transactions_uk
2024-06-27,contactless pos aldi chicken <ref>,21.07,groceries,simulated_bank_transactions_uk
2024-09-25,fuel national rail train ticket <ref>,57.16,transportation,simulated_bank_transactions_uk
2023-01-04,visa mortgage payment mortgage <ref>,1524.32,housing,simulated_bank_transactions_uk
2023-02-16,contactless rent payment rent 2265,1104.29,housing,simulated_bank_transactions_uk
2023-08-28,online/purchase/argos/misc/exp,102.66,other,simulated_bank_transactions_uk
2023-03-25,direct debit amazon prime <ref>,26.44,subscriptions,simulated_bank_transactions_uk
2024-05-02,card*pmt*tfl*fuel <ref>,141.05,transportation,simulated_bank_transactions_uk
2023-07-19,fps rent pmt rent <ref>,1011.41,housing,simulated_bank_transactions_uk
2024-05-31,rent*payment*rent,1826.73,housing,simulated_bank_transactions_uk
2023-03-31,contactless pos iceland bread,76.19,groceries,simulated_bank_transactions_uk
2024-04-01,card payment trainline fuel 87,27.7,transportation,simulated_bank_transactions_uk
2023-09-04,card pos aldi rice <ref>,100.41,groceries,simulated_bank_transactions_uk
2024-12-17,bacs/direct/debit/e.on,237.73,utilities,simulated_bank_transactions_uk
2023-01-30,pos sainsburys milk,66.93,groceries,simulated_bank_transactions_uk
2023-08-14,card bill payment e.on <ref>,198.59,utilities,simulated_bank_transactions_uk
2024-11-17,mortgage payment mortgage,1932.11,housing,simulated_bank_transactions_uk
2024-07-01,card pmt aldi vegetables <ref>,22.96,groceries,simulated_bank_transactions_uk
2023-08-18,bacs mortgage payment rent,1568.5,housing,simulated_bank_transactions_uk
2024-01-26,direct debit gym group <ref>,17.01,subscriptions,simulated_bank_transactions_uk
2023-04-29,mortgage*payment*mortgage <ref>,912.97,housing,simulated_bank_transactions_uk
2023-12-15,fuel-esso-uber-ride <ref>,19.37,transportation,simulated_bank_transactions_uk
2024-01-12,sto mortgage payment mortgage,762.55,housing,simulated_bank_transactions_uk
2023-01-02,bill payment scottishpower <ref>,156.92,utilities,simulated_bank_transactions_uk
2023-07-14,card payment bolt uber ride <ref>,89.74,transportation,simulated_bank_transactions_uk
2023-11-24,card card payment argos misc expense <ref>,147.04,other,simulated_bank_transactions_uk
2023-05-10,pos pos purchase amazon misc expense <ref>,120.24,other,simulated_bank_transactions_uk
2024-02-09,card pmt apple.com/bill <ref>,12.77,subscriptions,simulated_bank_transactions_uk
2023-11-20,visa pos sainsburys chicken,128.3,groceries,simulated_bank_transactions_uk
2024-04-11,fps direct debit sky,139.96,utilities,simulated_bank_transactions_uk
2024-12-20,utility bill bt <ref>,176.38,utilities,simulated_bank_transactions_uk
2024-05-29,contactless sainsburys chicken <ref>,50.06,groceries,simulated_bank_transactions_uk
2024-08-10,mastercard bacs letting agent rent <ref>,1786.74,housing,simulated_bank_transactions_uk
2024-05-21,food delivery nando's food delivery <ref>,124.82,dining,simulated_bank_transactions_uk
2023-12-08,visa fuel national rail fuel <ref>,11.65,transportation,simulated_bank_transactions_uk
2023-08-19,bill pmt scottishpower <ref>,235.58,utilities,simulated_bank_transactions_uk
2024-05-14,mortgage/pmt/letting/agent <ref>,1686.45,housing,simulated_bank_transactions_uk
2023-06-13,bacs/landlord/rent <ref>,1741.02,housing,simulated_bank_transactions_uk
2024-03-08,pos-aldi-chicken <ref>,60.67,groceries,simulated_bank_transactions_uk
2024-02-05,direct-debit-rent-pmt-letting-agent <ref>,1660.8,housing,simulated_bank_transactions_uk
2023-10-17,pos/iceland/chicken <ref>,109.83,groceries,simulated_bank_transactions_uk
2023-04-10,bacs rent rent,1367.21,housing,simulated_bank_transactions_uk
2023-02-25,visa bill pmt british gas <ref>,157.68,utilities,simulated_bank_transactions_uk
2023-06-17,pos card payment amazon misc expense <ref>,70.26,other,simulated_bank_transactions_uk
2023-05-29,subscription disney+ <ref>,21.89,subscriptions,simulated_bank_transactions_uk
2024-10-28,bacs-bill-pmt-sky 76,73.04,utilities,simulated_bank_transactions_uk
2024-08-12,pos asda eggs <ref>,109.72,groceries,simulated_bank_transactions_uk
2023-06-01,fps card payment sainsburys vegetables,118.47,groceries,simulated_bank_transactions_uk
2023-06-22,restaurant greggs fast food <ref>,102.88,dining,simulated_bank_transactions_uk
2024-04-30,card payment asda milk,55.27,groceries,simulated_bank_transactions_uk
2023-12-13,utility bill british gas <ref>,143.4,utilities,simulated_bank_transactions_uk
2024-02-18,subscription disney+ <ref>,26.94,subscriptions,simulated_bank_transactions_uk
2023-11-06,utility bill o2 <ref>,117.26,utilities,simulated_bank_transactions_uk
2024-12-09,mastercard*mortgage*payment*landlord,1125.52,housing,simulated_bank_transactions_uk
2024-10-27,card-pmt-argos-online-purchase,117.33,other,simulated_bank_transactions_uk
2024-03-31,food*delivery*starbucks*fast*food,95.95,dining,simulated_bank_transactions_uk
2023-03-26,transport*shell*uber*ride <ref>,20.64,transportation,simulated_bank_transactions_uk
2024-06-05,pos sainsburys rice <ref>,97.29,groceries,simulated_bank_transactions_uk
2024-05-06,direct-debit-o2 <ref>,247.22,utilities,simulated_bank_transactions_uk
2023-07-05,fuel national rail uber ride <ref>,119.77,transportation,simulated_bank_transactions_uk
2024-12-20,restaurant/pret/fast/food,149.99,dining,simulated_bank_transactions_uk
2023-04-12,card*food*delivery*kfc*fast*food <ref>,87.0,dining,simulated_bank_transactions_uk
2024-07-04,transport bp uber ride,107.92,transportation,simulated_bank_transactions_uk
2024-07-23,pos direct debit british gas,34.34,utilities,simulated_bank_transactions_uk
2024-08-21,card-payment-amazon-misc-expense,12.4,other,simulated_bank_transactions_uk
2023-08-01,subscription*spotify,27.81,subscriptions,simulated_bank_transactions_uk
2023-07-04,bacs rent rent <ref>,1438.74,housing,simulated_bank_transactions_uk
2023-11-18,contactless contactless tesco chicken,68.74,groceries,simulated_bank_transactions_uk
2023-07-31,fps/pos/waitrose/m,21.94,groceries,simulated_bank_transactions_uk
2023-02-05,bacs mortgage rent <ref>,959.46,housing,simulated_bank_transactions_uk
2024-01-08,so pos morrisons milk,77.4,groceries,simulated_bank_transactions_uk
2023-01-01,card/pmt/amazon/prime <ref>,38.08,subscriptions,simulated_bank_transactions_uk
2023-10-28,bill payment o2 <ref>,238.07,utilities,simulated_bank_transactions_uk
2023-11-17,mortgage-pmt-letting-agent <ref>,1286.62,housing,simulated_bank_transactions_uk
2024-12-05,subscription disney+ <ref>,22.87,subscriptions,simulated_bank_transactions_uk
2023-08-31,contactless*morrisons*vegetables <ref>,123.51,groceries,simulated_bank_transactions_uk
2023-08-09,pos waitrose bread,23.83,groceries,simulated_bank_transactions_uk
2024-09-29,mastercard direct debit e.on,91.03,utilities,simulated_bank_transactions_uk
2023-09-24,direct debit restaurant pret restaurant,83.83,dining,simulated_bank_transactions_uk
2024-02-14,card pmt greggs food delivery <ref>,135.84,dining,simulated_bank_transactions_uk
2024-11-23,restaurant mcdonalds restaurant,141.88,dining,simulated_bank_transactions_uk
2023-07-28,card pmt nando's food delivery <ref>,24.06,dining,simulated_bank_transactions_uk
2024-10-10,contactless-morrisons-vegetables <ref>,110.7,groceries,simulated_bank_transactions_uk
2024-10-25,mortgage*payment*rent <ref>,1389.1,housing,simulated_bank_transactions_uk
2023-06-07,online purchase nhs online purchase <ref>,64.69,other,simulated_bank_transactions_uk
2024-09-10,transport trainline fuel <ref>,58.7,transportation,simulated_bank_transactions_uk
2024-12-01,bill payment bt,146.92,utilities,simulated_bank_transactions_uk
2024-01-07,subscription-puregym <ref>,27.41,subscriptions,simulated_bank_transactions_uk
2023-08-20,card pmt shell bus pass <ref>,24.51,transportation,simulated_bank_transactions_uk
2023-08-16,bacs fuel tfl uber ride <ref>,17.4,transportation,simulated_bank_transactions_uk
2023-05-07,fps food delivery deliveroo restaurant <ref>,118.06,dining,simulated_bank_transactions_uk
2023-04-08,bill*payment*o2,207.5,utilities,simulated_bank_transactions_uk
2024-07-18,direct debit disney+,35.29,subscriptions,simulated_bank_transactions_uk
2023-06-24,fuel national rail uber ride <ref>,134.8,transportation,simulated_bank_transactions_uk
2024-11-25,mastercard fuel bp fuel,29.56,transportation,simulated_bank_transactions_uk
2023-05-11,pos*purchase*hmrc*misc*expense,73.1,other,simulated_bank_transactions_uk
2024-12-31,card payment tfl uber ride,103.94,transportation,simulated_bank_transactions_uk
2023-10-01,direct debit scottishpower <ref>,154.86,utilities,simulated_bank_transactions_uk
2024-01-15,card payment asda vegetables <ref>,96.96,groceries,simulated_bank_transactions_uk
2024-04-13,direct*debit*rent*pmt*letting*agent <ref>,1185.54,housing,simulated_bank_transactions_uk
2024-05-29,mastercard bill pmt severn trent <ref>,205.66,utilities,simulated_bank_transactions_uk
2024-06-17,bacs/transport/national/rail/bus/pass <ref>,143.03,transportation,simulated_bank_transactions_uk
2023-11-09,mastercard mortgage payment landlord <ref>,1801.09,housing,simulated_bank_transactions_uk
2024-10-11,restaurant-nando's-fast-food <ref>,127.25,dining,simulated_bank_transactions_uk
2023-04-06,card contactless morrison,110.3,groceries,simulated_bank_transactions_uk
2024-05-19,direct debit e.on,92.89,utilities,simulated_bank_transactions_uk
2024-03-10,bacs card pmt amazon online purchase 5739,144.44,other,simulated_bank_transactions_uk
2024-11-24,mortgage/payment/mortgage 81,1321.02,housing,simulated_bank_transactions_uk
2023-07-14,subscription netflix <ref>,5.49,subscriptions,simulated_bank_transactions_uk
2024-12-20,online purchase hmrc online purchase <ref>,107.98,other,simulated_bank_transactions_uk
2024-11-08,card*payment*amazon*prime,39.8,subscriptions,simulated_bank_transactions_uk
2023-06-22,card pmt amazon online purchase <ref>,92.28,other,simulated_bank_transactions_uk
2023-05-17,rent pmt landlord <ref>,1113.87,housing,simulated_bank_transactions_uk
2024-01-24,direct debit spotif,19.8,subscriptions,simulated_bank_transactions_uk
2024-11-26,utility bill vodafone <ref>,104.35,utilities,simulated_bank_transactions_uk
2023-09-29,bill payment thames water <ref>,136.29,utilities,simulated_bank_transactions_uk
2023-08-11,utility bill british gas,155.15,utilities,simulated_bank_transactions_uk
2024-09-24,transport tfl uber ride <ref>,140.51,transportation,simulated_bank_transactions_uk
2023-01-07,card payment amazon misc expense,11.45,other,simulated_bank_transactions_uk
2023-01-06,card payment amazon prime <ref>,17.39,subscriptions,simulated_bank_transactions_uk
2023-01-10,visa transport shell train ticket <ref>,62.1,transportation,simulated_bank_transactions_uk
2023-03-28,pos card payment waitrose rice <ref>,75.33,groceries,simulated_bank_transactions_uk
2024-05-14,card/payment/apple.com/bill <ref>,19.38,subscriptions,simulated_bank_transactions_uk
2023-09-14,so contactless asda bread,116.11,groceries,simulated_bank_transactions_uk
2024-03-14,direct debit scottishpower <ref>,95.84,utilities,simulated_bank_transactions_uk
2024-03-25,bill pmt o2 <ref>,126.49,utilities,simulated_bank_transactions_uk
2024-01-03,fps bill pmt scottishpower <ref>,125.47,utilities,simulated_bank_transactions_uk
2023-10-19,card pmt hmrc online purchase <ref>,19.27,other,simulated_bank_transactions_uk
2023-12-06,pos-asda-bread <ref>,61.0,groceries,simulated_bank_transactions_uk
2024-05-05,card pmt morrisons bread,100.93,groceries,simulated_bank_transactions_uk
2024-05-22,rent payment rent,1284.69,housing,simulated_bank_transactions_uk
2024-02-14,online/purchase/argos/online/p,50.76,other,simulated_bank_transactions_uk
2024-02-03,mastercard direct debit amazon prime <ref>,34.51,subscriptions,simulated_bank_transactions_uk
2023-05-10,direct debit thames water <ref>,204.4,utilities,simulated_bank_transactions_uk
2023-08-31,direct debit bt <ref>,198.82,utilities,simulated_bank_transactions_uk
2024-03-15,contactless/aldi/vegetables,124.99,groceries,simulated_bank_transactions_uk
2023-10-16,card pmt apple.com/bill,21.81,subscriptions,simulated_bank_transactions_uk
2023-09-11,card payment kfc restaurant <ref>,114.85,dining,simulated_bank_transactions_uk
2023-10-15,subscription*netflix <ref>,11.54,subscriptions,simulated_bank_transactions_uk
2024-12-18,online purchase superdrug online purchase <ref>,130.03,other,simulated_bank_transactions_uk
2023-04-16,direct debit o2 <ref>,185.42,utilities,simulated_bank_transactions_uk
2024-10-06,mortgage pmt landlord <ref>,1796.82,housing,simulated_bank_transactions_uk
2023-02-09,direct/debit/rent/payment/mortgage <ref>,785.21,housing,simulated_bank_transactions_uk
2024-03-12,transport-bp-train-ticket,139.58,transportation,simulated_bank_transactions_uk
2023-02-22,contactless pos sainsburys chicken <ref>,32.35,groceries,simulated_bank_transactions_uk
2024-12-17,food delivery uber eats fast foo,80.17,dining,simulated_bank_transactions_uk
2023-03-04,rent pmt letting agent 42,1196.51,housing,simulated_bank_transactions_uk
2023-10-03,subscription spotify <ref>,15.65,subscriptions,simulated_bank_transactions_uk
2024-12-29,sto card payment bolt bus pass <ref>,141.62,transportation,simulated_bank_transactions_uk
2023-02-18,card pmt just eat restaurant <ref>,50.02,dining,simulated_bank_transactions_uk
2023-11-26,direct debit vodafone <ref>,175.29,utilities,simulated_bank_transactions_uk
2023-04-14,direct-debit-severn-trent <ref>,229.87,utilities,simulated_bank_transactions_uk
2024-05-18,pos-card-payment-mcdonalds-restaurant <ref>,40.08,dining,simulated_bank_transactions_uk
2023-04-10,transport-bolt-bus-pass <ref>,47.74,transportation,simulated_bank_transactions_uk
2023-05-14,mortgage pmt landlord,1678.65,housing,simulated_bank_transactions_uk
2024-01-06,card payment tfl bus pass,111.97,transportation,simulated_bank_transactions_uk
2024-08-21,mortgage pmt rent <ref>,986.33,housing,simulated_bank_transactions_uk
2023-05-14,card/food/delivery/deliveroo/restaurant <ref>,133.42,dining,simulated_bank_transactions_uk
2024-11-01,direct/debit/mortgage/payment/rent <ref>,1955.66,housing,simulated_bank_transactions_uk
2024-04-01,contactless online purchase nhs online purchase <ref>,31.36,other,simulated_bank_transactions_uk
2024-09-25,contactless*morrisons*milk,141.45,groceries,simulated_bank_transactions_uk
2023-07-26,direct-debit-transport-tfl-bus-pass <ref>,109.63,transportation,simulated_bank_transactions_uk
2024-03-04,direct debit amazon prime <ref>,9.47,subscriptions,simulated_bank_transactions_uk
2024-07-27,subscription gym group <ref>,35.7,subscriptions,simulated_bank_transactions_uk
2023-05-01,card payment bolt bus pass <ref>,68.93,transportation,simulated_bank_transactions_uk
2024-06-20,restaurant*costa*restaurant,73.97,dining,simulated_bank_transactions_uk
2023-05-13,direct debit spotify <ref>,14.6,subscriptions,simulated_bank_transactions_uk
2023-03-04,transport tfl uber ride <ref>,143.5,transportation,simulated_bank_transactions_uk
2024-02-12,card pmt superdrug online purchase <ref>,111.89,other,simulated_bank_transactions_uk
2024-06-09,card-pmt-starbucks-food-delivery,81.27,dining,simulated_bank_transactions_uk
2024-06-05,pos lidl bread <ref>,67.35,groceries,simulated_bank_transactions_uk
2024-02-15,card food delivery nando's food delivery <ref>,117.57,dining,simulated_bank_transactions_uk
2024-08-08,card payment spotify <ref>,5.13,subscriptions,simulated_bank_transactions_uk
2024-04-11,utility bill severn trent <ref>,203.94,utilities,simulated_bank_transactions_uk
2023-08-14,direct debit puregym <ref>,14.06,subscriptions,simulated_bank_transactions_uk
2023-06-25,mastercard*fuel*bolt*bus*pass,84.17,transportation,simulated_bank_transactions_uk
2024-10-16,bacs bill pmt ee,94.21,utilities,simulated_bank_transactions_uk
2023-02-22,utility bill e.on <ref>,89.5,utilities,simulated_bank_transactions_uk
2023-04-29,bacs rent rent <ref>,893.96,housing,simulated_bank_transactions_uk
2024-09-11,card*payment*lidl*vegetables,54.08,groceries,simulated_bank_transactions_uk
2024-12-23,transport/bolt/bus/pass,15.24,transportation,simulated_bank_transactions_uk
2024-09-18,direct debit amazon prime <ref>,19.29,subscriptions,simulated_bank_transactions_uk
2024-10-02,card-payment-bp-bus-pass,147.83,transportation,simulated_bank_transactions_uk
2023-08-13,pos purchase amazon online purchase <ref>,124.12,other,simulated_bank_transactions_uk
2024-07-04,bacs letting agent rent <ref>,1960.25,housing,simulated_bank_transactions_uk
2024-10-31,bacs mortgage rent <ref>,1563.36,housing,simulated_bank_transactions_uk
2023-08-14,fuel bolt train ticket <ref>,123.08,transportation,simulated_bank_transactions_uk
2024-10-06,transport tfl bus pass,32.98,transportation,simulated_bank_transactions_uk
2023-08-26,fps pos purchase ebay misc expense,25.88,other,simulated_bank_transactions_uk
2023-04-06,visa bacs mortgage rent <ref>,1863.04,housing,simulated_bank_transactions_uk
2023-06-30,restaurant nando's restaurant <ref>,70.53,dining,simulated_bank_transactions_uk
2023-10-16,bill pmt thames water <ref>,69.69,utilities,simulated_bank_transactions_uk
2023-07-01,contactless waitrose eggs 3288,26.95,groceries,simulated_bank_transactions_uk
2023-07-12,online purchase ebay misc expense <ref>,104.04,other,simulated_bank_transactions_uk
2023-09-09,pos asda bread,13.59,groceries,simulated_bank_transactions_uk
2023-04-13,card pmt starbucks food delivery <ref>,145.65,dining,simulated_bank_transactions_uk
2024-09-09,mortgage-pmt-letting-agent,1731.19,housing,simulated_bank_transactions_uk
2023-04-23,card payment asda rice <ref>,59.45,groceries,simulated_bank_transactions_uk
2024-10-21,card pmt argos online purchase <ref>,115.23,other,simulated_bank_transactions_uk
2023-03-27,pos-tesco-bread <ref>,39.51,groceries,simulated_bank_transactions_uk
2024-09-06,transport bolt train ticket <ref>,140.97,transportation,simulated_bank_transactions_uk
2023-04-19,card pmt iceland milk,143.77,groceries,simulated_bank_transactions_uk
2023-03-29,subscription disney+ <ref>,34.85,subscriptions,simulated_bank_transactions_uk
2024-03-30,bill payment vodafone <ref>,153.83,utilities,simulated_bank_transactions_uk
2024-05-05,sto pos purchase hmrc online purchase,48.19,other,simulated_bank_transactions_uk
2024-10-04,direct*debit*sky <ref>,182.25,utilities,simulated_bank_transactions_uk
2024-07-11,subscription disney+,6.56,subscriptions,simulated_bank_transactions_uk
2024-03-01,transport national rail uber ride,78.2,transportation,simulated_bank_transactions_uk
2024-03-13,so utility bill e.on <ref>,35.28,utilities,simulated_bank_transactions_uk
2023-10-21,restaurant deliveroo restaurant <ref>,54.94,dining,simulated_bank_transactions_uk
2023-04-26,pos bill payment ee,187.27,utilities,simulated_bank_transactions_uk
2023-08-18,visa card pmt mcdonalds restaurant <ref>,148.64,dining,simulated_bank_transactions_uk
2024-09-22,pos morrisons eggs <ref>,55.52,groceries,simulated_bank_transactions_uk
2023-03-28,pos transport trainline uber ride <ref>,55.99,transportation,simulated_bank_transactions_uk
2024-03-14,pos iceland chicken,25.21,groceries,simulated_bank_transactions_uk
2023-06-03,card payment disney+,28.78,subscriptions,simulated_bank_transactions_uk
2023-04-17,rent pmt landlord,1001.81,housing,simulated_bank_transactions_uk
2023-09-29,fuel trainline fuel <ref>,100.27,transportation,simulated_bank_transactions_uk
2023-06-02,card payment argos online purchase <ref>,118.96,other,simulated_bank_transactions_uk
2024-02-04,online-purchase-ebay-online-purch,50.08,other,simulated_bank_transactions_uk
2024-05-04,card restaurant greggs food delivery <ref>,120.14,dining,simulated_bank_transactions_uk
2024-03-13,fps/pos/purchase/superdrug/online/purchase 3,19.64,other,simulated_bank_transactions_uk
2023-05-11,bacs rent rent <ref>,1052.27,housing,simulated_bank_transactions_uk
2024-05-07,card bill payment scottishpower <ref>,138.73,utilities,simulated_bank_transactions_uk
2023-05-22,mortgage pmt rent <ref>,1491.25,housing,simulated_bank_transactions_uk
2024-07-16,card payment superdrug online purchase,59.33,other,simulated_bank_transactions_uk
2024-06-29,restaurant just eat food delivery,81.46,dining,simulated_bank_transactions_uk
2024-03-07,direct debit spotify <ref>,25.33,subscriptions,simulated_bank_transactions_uk
2023-08-13,direct*debit*google**services <ref>,33.4,subscriptions,simulated_bank_transactions_uk
2023-01-18,mastercard*bacs*mortgage*,604.01,housing,simulated_bank_transactions_uk
2023-04-23,fuel tfl fuel <ref>,143.77,transportation,simulated_bank_transactions_uk
2023-05-23,pos aldi eggs <ref>,56.05,groceries,simulated_bank_transactions_uk
2024-07-18,fuel uber fuel,24.19,transportation,simulated_bank_transactions_uk
2023-08-18,food delivery costa restaurant,33.98,dining,simulated_bank_transactions_uk
2024-12-13,pos*tesco*vegetables <ref>,23.26,groceries,simulated_bank_transactions_uk
2024-03-10,rent/payment/landlord <ref>,636.89,housing,simulated_bank_transactions_uk
2024-11-09,fuel tfl uber ride <ref>,106.11,transportation,simulated_bank_transactions_uk
2023-06-11,mastercard card payment netflix <ref>,25.79,subscriptions,simulated_bank_transactions_uk
2023-03-22,card pos aldi bread <ref>,56.69,groceries,simulated_bank_transactions_uk
2024-03-02,utility bill severn trent <ref>,212.83,utilities,simulated_bank_transactions_uk
2024-06-24,direct debit bill payment thames water <ref>,60.82,utilities,simulated_bank_transactions_uk
2024-03-30,mortgage pmt letting agent <ref>,1611.58,housing,simulated_bank_transactions_uk
2023-06-09,mastercard online purchase argos online purchase,45.16,other,simulated_bank_transactions_uk
2023-06-27,contactless lidl vegetables,7.72,groceries,simulated_bank_transactions_uk
2024-11-27,subscription gym group <ref>,34.14,subscriptions,simulated_bank_transactions_uk
2023-09-22,so*food*delivery*mcdonalds*food*delivery,107.58,dining,simulated_bank_transactions_uk
2023-06-10,subscription netflix 2,12.96,subscriptions,simulated_bank_transactions_uk
2023-05-09,card payment uber uber ride <ref>,79.66,transportation,simulated_bank_transactions_uk
2024-02-06,pos rent payment lettin,678.4,housing,simulated_bank_transactions_uk
2023-11-17,card/utility/bill/scottishpower <ref>,133.06,utilities,simulated_bank_transactions_uk
2024-01-16,bacs letting agent rent <ref>,830.75,housing,simulated_bank_transactions_uk
2023-03-21,rent*payment*mortgage <ref>,751.76,housing,simulated_bank_transactions_uk
2023-10-16,fuel bolt bus pass,7.12,transportation,simulated_bank_transactions_uk
2023-11-13,utility bill thames water <ref>,161.36,utilities,simulated_bank_transactions_uk
2023-10-03,utility-bill-octopus-energy,37.12,utilities,simulated_bank_transactions_uk
2024-07-31,pos*morrisons*chicken <ref>,86.03,groceries,simulated_bank_transactions_uk
2023-11-19,bacs pos purchase hmrc misc expense <ref>,9.72,other,simulated_bank_transactions_uk
2024-01-01,pos iceland eggs,4.25,groceries,simulated_bank_transactions_uk
2024-05-27,card pmt argos misc expense <ref>,143.93,other,simulated_bank_transactions_uk
2023-05-13,direct debit sky <ref>,189.65,utilities,simulated_bank_transactions_uk
2024-05-30,mortgage/payment/letting/agent 317,1855.12,housing,simulated_bank_transactions_uk
2023-06-03,card pmt waitrose chicken <ref>,121.7,groceries,simulated_bank_transactions_uk
2024-05-03,contactless sainsburys chicken <ref>,120.02,groceries,simulated_bank_transactions_uk
2024-04-19,card*pmt*spotify <ref>,10.3,subscriptions,simulated_bank_transactions_uk
2023-08-26,direct debit contactless sainsburys vegetables <ref>,16.71,groceries,simulated_bank_transactions_uk
2024-05-28,direct/debit/ee,65.43,utilities,simulated_bank_transactions_uk
2023-12-16,card payment puregym 17,23.32,subscriptions,simulated_bank_transactions_uk
2024-01-04,card restaurant starbucks restaurant <ref>,52.84,dining,simulated_bank_transactions_uk
2024-11-30,card pmt amazon prime,29.95,subscriptions,simulated_bank_transactions_uk
2024-09-17,restaurant mcdonalds restaurant <ref>,33.7,dining,simulated_bank_transactions_uk
2024-05-24,so card payment amazon prime <ref>,24.84,subscriptions,simulated_bank_transactions_uk
2023-11-13,contactless/tesco/milk <ref>,23.97,groceries,simulated_bank_transactions_uk
2023-06-23,contactless/direct/debit/apple.c,20.92,subscriptions,simulated_bank_transactions_uk
2024-08-13,card-pmt-esso-train-ticket 4,13.02,transportation,simulated_bank_transactions_uk
2023-07-03,pos*card*payment*shell*bus*pass,16.12,transportation,simulated_bank_transactions_uk
2023-09-20,bacs bacs landlord rent <ref>,1262.57,housing,simulated_bank_transactions_uk
2023-05-24,mastercard pos purchase nhs misc expense <ref>,98.59,other,simulated_bank_transactions_uk
2024-01-08,fps card pmt morrisons chicken <ref>,74.77,groceries,simulated_bank_transactions_uk
2024-09-26,so-online-purchase-superdrug-misc-expense 8,61.94,other,simulated_bank_transactions_uk
2024-10-01,fps bacs letting agent rent,1317.47,housing,simulated_bank_transactions_uk
2024-02-28,fuel shell bus pass,15.27,transportation,simulated_bank_transactions_uk
2024-11-29,subscription gym group,35.64,subscriptions,simulated_bank_transactions_uk
2023-02-28,contactless waitrose chicken,146.68,groceries,simulated_bank_transactions_uk
2023-06-08,mortgage/pmt/mortgage,1385.12,housing,simulated_bank_transactions_uk
2023-06-12,online*purchase*nhs*online*purchase <ref>,45.73,other,simulated_bank_transactions_uk
2024-04-18,direct debit google *services <ref>,12.81,subscriptions,simulated_bank_transactions_uk
2024-07-01,pos*mortgage*payment*mortgage <ref>,1255.88,housing,simulated_bank_transactions_uk
2023-07-04,online purchase ebay misc expense 180,19.04,other,simulated_bank_transactions_uk
2024-03-19,bacs landlord rent <ref>,1891.49,housing,simulated_bank_transactions_uk
2024-09-10,utility bill bt,99.8,utilities,simulated_bank_transactions_uk
2024-05-02,food/delivery/starbucks/restaurant,106.24,dining,simulated_bank_transactions_uk
2024-07-12,so*contactless*iceland*eggs <ref>,69.82,groceries,simulated_bank_transactions_uk
2024-08-04,utility-bill-scottishpower <ref>,76.96,utilities,simulated_bank_transactions_uk
2023-03-05,contactless morrisons chicken <ref>,116.81,groceries,simulated_bank_transactions_uk
2024-04-29,bacs online purchase amazon misc expense <ref>,119.07,other,simulated_bank_transactions_uk
2024-12-01,bacs bill payment vodafone,35.05,utilities,simulated_bank_transactions_uk
2023-06-30,restaurant starbucks fast food <ref>,40.05,dining,simulated_bank_transactions_uk
2024-02-19,card payment iceland brea,13.18,groceries,simulated_bank_transactions_uk
2024-04-07,card pmt iceland eggs <ref>,131.45,groceries,simulated_bank_transactions_uk
2024-11-16,contactless*pos*purchase*boots*misc,80.14,other,simulated_bank_transactions_uk
2023-04-05,transport/uber/train/ticket,125.09,transportation,simulated_bank_transactions_uk
2023-11-01,food delivery pret fast food <ref>,144.61,dining,simulated_bank_transactions_uk
2024-05-01,direct-debit-thames-water,122.2,utilities,simulated_bank_transactions_uk
2024-03-23,subscription amazon prime <ref>,38.8,subscriptions,simulated_bank_transactions_uk
2024-07-28,fuel trainline fuel,123.98,transportation,simulated_bank_transactions_uk
2024-11-14,pos-purchase-argos-online-purchase <ref>,14.44,other,simulated_bank_transactions_uk
2023-11-21,direct debit apple.com/bill,28.24,subscriptions,simulated_bank_transactions_uk
2023-06-01,contactless-tesco-bread <ref>,134.79,groceries,simulated_bank_transactions_uk
2024-11-21,card-payment-just-eat-fast-food <ref>,19.7,dining,simulated_bank_transactions_uk
2023-01-04,card payment pret fast food <ref>,79.54,dining,simulated_bank_transactions_uk
2024-10-16,restaurant*pret*restaurant <ref>,96.24,dining,simulated_bank_transactions_uk
2023-07-12,direct-debit-gym-group <ref>,31.1,subscriptions,simulated_bank_transactions_uk
2023-06-20,so food delivery greggs food delivery,83.27,dining,simulated_bank_transactions_uk
2023-07-15,bacs card pmt gym group <ref>,12.34,subscriptions,simulated_bank_transactions_uk
2023-11-06,bacs*letting*agent*rent,1109.31,housing,simulated_bank_transactions_uk
2024-10-26,visa/transport/uber/uber/ride <ref>,105.8,transportation,simulated_bank_transactions_uk
2023-12-27,restaurant nando's fast food,63.33,dining,simulated_bank_transactions_uk
2023-12-10,pos purchase argos misc expense <ref>,79.91,other,simulated_bank_transactions_uk
2024-01-18,fps*card*payment*tesco*bread <ref>,70.45,groceries,simulated_bank_transactions_uk
2024-11-06,direct debit bt <ref>,113.94,utilities,simulated_bank_transactions_uk
2023-04-12,mortgage pmt mortgage <ref>,1582.93,housing,simulated_bank_transactions_uk
2023-01-17,card*pmt*aldi*milk <ref>,16.18,groceries,simulated_bank_transactions_uk
2024-09-30,card payment spotify 6,31.25,subscriptions,simulated_bank_transactions_uk
2023-02-03,card pmt netflix <ref>,22.62,subscriptions,simulated_bank_transactions_uk
2024-04-10,bacs landlord rent,896.62,housing,simulated_bank_transactions_uk
2023-05-08,sto direct debit puregym,34.97,subscriptions,simulated_bank_transactions_uk
2024-10-22,fuel tfl fuel <ref>,63.7,transportation,simulated_bank_transactions_uk
2023-08-18,bacs mortgage rent 5,1124.5,housing,simulated_bank_transactions_uk
2023-11-11,card payment gym group <ref>,28.05,subscriptions,simulated_bank_transactions_uk
2023-01-05,so pos purchase argos misc expense <ref>,101.98,other,simulated_bank_transactions_uk
2023-06-07,fps card pmt pret restaurant <ref>,5.28,dining,simulated_bank_transactions_uk
2024-06-15,card pmt currys misc expense <ref>,126.59,other,simulated_bank_transactions_uk
2024-08-08,direct-debit-online-purchase-argos-misc-expense 950,52.26,other,simulated_bank_transactions_uk
2024-02-05,food delivery nando's restaurant <ref>,84.69,dining,simulated_bank_transactions_uk
2024-08-14,direct debit thames water <ref>,206.29,utilities,simulated_bank_transactions_uk
2024-02-04,food delivery pret restaurant,141.09,dining,simulated_bank_transactions_uk
2023-06-12,bacs mortgage pmt landlord,1045.37,housing,simulated_bank_transactions_uk
2023-05-10,restaurant-deliveroo-restaurant,17.64,dining,simulated_bank_transactions_uk
2024-10-04,direct debit google *services <ref>,32.45,subscriptions,simulated_bank_transactions_uk
2023-07-28,card/pmt/uber/train/ticket,142.46,transportation,simulated_bank_transactions_uk
2023-01-12,pos*iceland*milk <ref>,6.77,groceries,simulated_bank_transactions_uk
2023-03-22,so bacs landlord rent,1590.61,housing,simulated_bank_transactions_uk
2024-04-09,card payment disney+ <ref>,30.7,subscriptions,simulated_bank_transactions_uk
2023-08-16,rent payment landlord <ref>,1513.53,housing,simulated_bank_transactions_uk
2023-09-09,fuel*bolt*train*ticket,81.71,transportation,simulated_bank_transactions_uk
2023-10-09,mortgage-pmt-mortgage <ref>,1522.96,housing,simulated_bank_transactions_uk
2024-10-15,card/payment/icelan,95.23,groceries,simulated_bank_transactions_uk
2023-05-06,direct debit spotify <ref>,37.45,subscriptions,simulated_bank_transactions_uk
2023-07-04,contactless aldi bread <ref>,44.52,groceries,simulated_bank_transactions_uk
2024-01-06,card card pmt iceland milk <ref>,75.65,groceries,simulated_bank_transactions_uk
2024-05-17,card payment currys online purchase <ref>,60.45,other,simulated_bank_transactions_uk
2024-05-13,pos online purchase hmrc online purchase <ref>,63.82,other,simulated_bank_transactions_uk
2023-11-18,mortgage pmt mortgage,1187.87,housing,simulated_bank_transactions_uk
2023-01-11,card rent payment letting agent <ref>,851.73,housing,simulated_bank_transactions_uk
2023-12-22,direct debit british gas,105.42,utilities,simulated_bank_transactions_uk
2023-01-06,fps-food-delivery-uber-eats-food-delivery <ref>,91.2,dining,simulated_bank_transactions_uk
2023-01-31,direct*debit*direct*debit*thames*water,72.43,utilities,simulated_bank_transactions_uk
2023-08-10,subscription apple.com/bill <ref>,31.63,subscriptions,simulated_bank_transactions_uk
2023-08-11,online purchase ebay misc expense <ref>,19.87,other,simulated_bank_transactions_uk
2023-03-27,contactless asda eggs <ref>,23.37,groceries,simulated_bank_transactions_uk
2023-04-05,rent payment rent 3600,1274.2,housing,simulated_bank_transactions_uk
2024-05-22,card payment shell bus pass,71.66,transportation,simulated_bank_transactions_uk
2023-07-17,food/delivery/greggs/food/delivery <ref>,142.11,dining,simulated_bank_transactions_uk
2023-10-15,transport uber train ticket,32.09,transportation,simulated_bank_transactions_uk
2024-08-24,mastercard restaurant deliveroo restaurant <ref>,88.8,dining,simulated_bank_transactions_uk
2024-05-14,visa transport shell train ticket <ref>,119.73,transportation,simulated_bank_transactions_uk
2023-10-06,restaurant starbucks fast foo,65.29,dining,simulated_bank_transactions_uk
2024-09-13,card payment nhs misc expense <ref>,94.57,other,simulated_bank_transactions_uk
2023-12-28,card payment starbucks fast food <ref>,32.36,dining,simulated_bank_transactions_uk
2023-02-04,fuel bp uber ride,69.06,transportation,simulated_bank_transactions_uk
2024-10-22,subscription netflix <ref>,15.27,subscriptions,simulated_bank_transactions_uk
2023-11-27,card*subscription*amazon*prime,9.01,subscriptions,simulated_bank_transactions_uk
2023-03-16,food-delivery-costa-restaurant,55.59,dining,simulated_bank_transactions_uk
2023-05-06,direct-debit-e.on <ref>,201.49,utilities,simulated_bank_transactions_uk
2023-12-03,pos tesco eggs <ref>,104.18,groceries,simulated_bank_transactions_uk
2023-08-27,direct debit bill payment e.on <ref>,100.74,utilities,simulated_bank_transactions_uk
2024-06-23,direct debit google *services <ref>,26.06,subscriptions,simulated_bank_transactions_uk
2024-11-18,direct debit octopus energy <ref>,187.58,utilities,simulated_bank_transactions_uk
2024-03-07,contactless/asda/chicken,134.22,groceries,simulated_bank_transactions_uk
2023-07-21,bacs*mortgage*rent <ref>,1048.17,housing,simulated_bank_transactions_uk
2023-10-09,sto card payment iceland ric,76.3,groceries,simulated_bank_transactions_uk
2023-06-25,restaurant uber eats restaurant <ref>,21.24,dining,simulated_bank_transactions_uk
2023-01-22,fps card pmt apple.com/bill,13.27,subscriptions,simulated_bank_transactions_uk
2024-08-12,card pmt national rail uber ride <ref>,97.62,transportation,simulated_bank_transactions_uk
2024-02-17,card payment asda rice <ref>,44.8,groceries,simulated_bank_transactions_uk
2023-02-10,sto*card*payment*iceland*chicken,137.95,groceries,simulated_bank_transactions_uk
2023-04-08,card pmt bp uber ride <ref>,13.21,transportation,simulated_bank_transactions_uk
2023-10-09,online*purchase*argos*misc*expense <ref>,109.32,other,simulated_bank_transactions_uk
2024-07-23,fps card pmt trainline bus pass <ref>,61.85,transportation,simulated_bank_transactions_uk
2023-02-18,contactless*pos*purchase*currys*misc*expens,75.59,other,simulated_bank_transactions_uk
2024-04-10,restaurant nando's fast food <ref>,105.38,dining,simulated_bank_transactions_uk
2023-05-05,food delivery just eat food delivery <ref>,145.17,dining,simulated_bank_transactions_uk
2023-04-16,pos online purchase currys misc expense,140.84,other,simulated_bank_transactions_uk
2023-01-11,pos asda bread,10.03,groceries,simulated_bank_transactions_uk
2024-03-22,utility/bill/british/gas,219.51,utilities,simulated_bank_transactions_uk
2024-01-13,direct-debit-vodafone,189.3,utilities,simulated_bank_transactions_uk
2023-02-23,pos purchase argos online purchase <ref>,140.31,other,simulated_bank_transactions_uk
2023-11-08,transport bolt uber ride <ref>,19.29,transportation,simulated_bank_transactions_uk
2024-09-19,contactless*morrisons*eggs,51.41,groceries,simulated_bank_transactions_uk
2023-06-24,mastercard card pmt currys misc expense <ref>,42.68,other,simulated_bank_transactions_uk
2023-06-01,direct debit b,100.25,utilities,simulated_bank_transactions_uk
2024-11-15,contactless card payment ebay misc expense <ref>,96.62,other,simulated_bank_transactions_uk
2024-08-14,contactless-lidl-chicken <ref>,80.56,groceries,simulated_bank_transactions_uk
2023-10-15,contactless*restaurant*starbucks*food*delivery <ref>,75.05,dining,simulated_bank_transactions_uk
2023-09-28,transport trainlin,36.2,transportation,simulated_bank_transactions_uk
2023-12-28,pos purchase hmrc misc expense,107.57,other,simulated_bank_transactions_uk
2023-07-30,pos direct debit amazon prime,30.73,subscriptions,simulated_bank_transactions_uk
2023-08-06,pos*rent*payment*letting*agent <ref>,1292.45,housing,simulated_bank_transactions_uk
2024-01-30,direct debit pos sainsburys vegetables,34.77,groceries,simulated_bank_transactions_uk
2024-08-27,utility bill e.on <ref>,75.91,utilities,simulated_bank_transactions_uk
2023-11-16,so online purchase nhs misc expense <ref>,114.79,other,simulated_bank_transactions_uk
2023-04-19,bacs mortgage rent <ref>,1786.93,housing,simulated_bank_transactions_uk
2024-04-08,bill pmt vodafone <ref>,114.83,utilities,simulated_bank_transactions_uk
2023-07-12,card pmt ebay online purchase <ref>,117.66,other,simulated_bank_transactions_uk
2024-12-03,pos aldi eggs <ref>,65.19,groceries,simulated_bank_transactions_uk
2023-04-20,sto transport shell uber ride <ref>,24.65,transportation,simulated_bank_transactions_uk
2023-07-11,direct debit mortgage pmt letting agent,1851.74,housing,simulated_bank_transactions_uk
2024-06-27,transport*tfl*uber*ride <ref>,73.01,transportation,simulated_bank_transactions_uk
2024-07-17,food delivery greggs fast food,42.04,dining,simulated_bank_transactions_uk
2023-06-04,direct*debit*pos*tesco*eggs <ref>,66.43,groceries,simulated_bank_transactions_uk
2023-12-08,card payment greggs food delivery <ref>,66.33,dining,simulated_bank_transactions_uk
2023-04-11,bacs card pmt waitrose rice <ref>,43.07,groceries,simulated_bank_transactions_uk
2024-03-08,bacs pos aldi vegetables <ref>,59.23,groceries,simulated_bank_transactions_uk
2023-10-10,bill payment ee,68.86,utilities,simulated_bank_transactions_uk
2024-11-28,card/pmt/netflix 9082,20.17,subscriptions,simulated_bank_transactions_uk
2023-04-24,card/pos/asda/vegetables <ref>,39.59,groceries,simulated_bank_transactions_uk
2023-09-30,utility bill british gas <ref>,37.85,utilities,simulated_bank_transactions_uk
2024-09-27,direct debit thames water <ref>,90.6,utilities,simulated_bank_transactions_uk
2024-12-09,mortgage payment landlord,741.83,housing,simulated_bank_transactions_uk
2023-07-28,transport shell fuel <ref>,33.24,transportation,simulated_bank_transactions_uk
2023-10-22,transport national rail bus pass <ref>,106.76,transportation,simulated_bank_transactions_uk
2024-12-18,bacs rent rent <ref>,1304.54,housing,simulated_bank_transactions_uk
2024-12-05,subscription-apple.com/bill <ref>,34.84,subscriptions,simulated_bank_transactions_uk
2023-07-11,utility bill e.on <ref>,45.28,utilities,simulated_bank_transactions_uk
2023-01-14,so fuel national rail fuel <ref>,23.85,transportation,simulated_bank_transactions_uk
2023-09-28,mortgage payment letting agent,629.16,housing,simulated_bank_transactions_uk
2023-01-10,pos*sainsburys*bread <ref>,102.84,groceries,simulated_bank_transactions_uk
2024-05-15,card pmt google *services <ref>,25.41,subscriptions,simulated_bank_transactions_uk
2023-02-16,visa online purchase amazon online purchase 66,72.47,other,simulated_bank_transactions_uk
2023-10-25,mastercard card pmt superdrug online purchase <ref>,86.39,other,simulated_bank_transactions_uk
2023-06-21,pos*purchase*boots*online*purchase <ref>,80.21,other,simulated_bank_transactions_uk
2023-04-13,pos pos purchase ebay online purchase <ref>,116.96,other,simulated_bank_transactions_uk
2023-12-26,fuel national rail bus pass <ref>,69.53,transportation,simulated_bank_transactions_uk
2024-04-14,card-pmt-netflix <ref>,13.87,subscriptions,simulated_bank_transactions_uk
2023-12-08,card-payment-tesco-eggs <ref>,47.27,groceries,simulated_bank_transactions_uk
2024-09-02,direct debit spotify,36.58,subscriptions,simulated_bank_transactions_uk
2024-06-15,contactless food delivery deliveroo restaurant <ref>,42.68,dining,simulated_bank_transactions_uk
2023-08-14,bacs/landlord/rent,1174.45,housing,simulated_bank_transactions_uk
2024-08-14,contactless bacs landlord rent <ref>,643.27,housing,simulated_bank_transactions_uk
2023-07-18,contactless mortgage payment re,1642.11,housing,simulated_bank_transactions_uk
2023-10-08,restaurant/starbucks/food/delivery,18.87,dining,simulated_bank_transactions_uk
2023-06-29,mortgage payment landlord,1826.53,housing,simulated_bank_transactions_uk
2024-02-05,transport trainline bus p,133.54,transportation,simulated_bank_transactions_uk
2023-07-15,direct debit netflix <ref>,14.67,subscriptions,simulated_bank_transactions_uk
2023-12-18,visa card pmt lidl chicken <ref>,79.45,groceries,simulated_bank_transactions_uk
2024-04-10,direct debit card pmt hmrc online purchase,66.72,other,simulated_bank_transactions_uk
2024-05-25,fps direct debit google *services,38.93,subscriptions,simulated_bank_transactions_uk
2023-10-24,pos mortgage payment letting agent <ref>,810.32,housing,simulated_bank_transactions_uk
2023-10-23,direct/debit/spotify <ref>,15.63,subscriptions,simulated_bank_transactions_uk
2023-02-11,card payment aldi eggs <ref>,5.29,groceries,simulated_bank_transactions_uk
2024-05-15,utility bill vodafone <ref>,57.16,utilities,simulated_bank_transactions_uk
2024-11-07,transport national rail uber ride <ref>,66.26,transportation,simulated_bank_transactions_uk
2023-05-22,pos*online*purchase*ebay*online*purchase <ref>,10.34,other,simulated_bank_transactions_uk
2024-05-29,card/pmt/tfl/bus/pass <ref>,118.43,transportation,simulated_bank_transactions_uk
2023-05-27,card bacs letting agent rent,1598.48,housing,simulated_bank_transactions_uk
2023-10-25,mortgage/payment/letting/agent 2029,1885.56,housing,simulated_bank_transactions_uk
2024-11-25,bill pmt scottishpower <ref>,108.02,utilities,simulated_bank_transactions_uk
2023-04-11,contactless bacs landlord rent <ref>,1953.67,housing,simulated_bank_transactions_uk
2023-06-27,transport*uber*bus*pass <ref>,90.76,transportation,simulated_bank_transactions_uk
2024-08-15,direct/debit/puregym,16.29,subscriptions,simulated_bank_transactions_uk
2023-07-24,direct debit octopus energy <ref>,121.59,utilities,simulated_bank_transactions_uk
2024-08-03,transport-bolt-bus-pass <ref>,15.58,transportation,simulated_bank_transactions_uk
2024-03-23,pos mortgage pmt letting agent <ref>,1126.35,housing,simulated_bank_transactions_uk
2024-12-11,contactless morrisons bread <ref>,80.41,groceries,simulated_bank_transactions_uk
2024-03-13,fuel*bolt*bus*pass 3,71.85,transportation,simulated_bank_transactions_uk
2024-04-17,card pmt uber eats fast food 7,144.33,dining,simulated_bank_transactions_uk
2024-03-07,card pmt asda chicken,6.88,groceries,simulated_bank_transactions_uk
2023-11-06,contactless iceland bread <ref>,93.44,groceries,simulated_bank_transactions_uk
2024-01-18,online purchase hmrc online purchase <ref>,88.31,other,simulated_bank_transactions_uk
2023-05-09,utility bill sky <ref>,215.92,utilities,simulated_bank_transactions_uk
2024-06-14,card/pmt/costa/food/delivery <ref>,3.88,dining,simulated_bank_transactions_uk
2023-10-04,restaurant greggs restaurant,15.44,dining,simulated_bank_transactions_uk
2023-04-10,pos purchase boots online purch,52.02,other,simulated_bank_transactions_uk
2024-12-08,online purchase hmrc misc expense,86.12,other,simulated_bank_transactions_uk
2024-08-21,transport tfl uber ride <ref>,20.85,transportation,simulated_bank_transactions_uk
2024-07-29,contactless bacs letting agent rent <ref>,1322.77,housing,simulated_bank_transactions_uk
2024-10-17,so bacs mortgage rent <ref>,1853.07,housing,simulated_bank_transactions_uk
2023-11-15,online purchase ebay online purchase <ref>,47.23,other,simulated_bank_transactions_uk
2023-07-25,direct debit bacs mortgage rent <ref>,1473.13,housing,simulated_bank_transactions_uk
2024-09-10,pos waitrose milk,3.01,groceries,simulated_bank_transactions_uk
2023-07-29,direct debit card pmt waitrose chicken <ref>,17.24,groceries,simulated_bank_transactions_uk
2024-06-01,pos tesco rice <ref>,6.62,groceries,simulated_bank_transactions_uk
2023-05-05,pos food delivery starbucks fast food <ref>,11.18,dining,simulated_bank_transactions_uk
2023-07-08,card pmt bolt fuel <ref>,74.11,transportation,simulated_bank_transactions_uk
2024-07-13,pos purchase superdrug online purchase <ref>,126.73,other,simulated_bank_transactions_uk
2024-09-23,transport tfl fuel <ref>,129.32,transportation,simulated_bank_transactions_uk
2023-01-23,card payment lidl rice <ref>,24.5,groceries,simulated_bank_transactions_uk
2023-06-24,direct debit vodafone <ref>,174.64,utilities,simulated_bank_transactions_uk
2024-05-06,mastercard-card-payment-amazon-prime,12.01,subscriptions,simulated_bank_transactions_uk
2024-08-25,card-payment-uber-bus-pass <ref>,101.13,transportation,simulated_bank_transactions_uk
2024-02-05,restaurant/just/eat/fast/food <ref>,101.15,dining,simulated_bank_transactions_uk
2024-04-20,card pmt mcdonalds food delivery <ref>,120.58,dining,simulated_bank_transactions_uk
2023-10-18,restaurant/greggs/fast/food <ref>,24.78,dining,simulated_bank_transactions_uk
2023-01-12,bacs card pmt kfc restaurant <ref>,85.94,dining,simulated_bank_transactions_uk
2024-11-03,card card payment google *services <ref>,27.76,subscriptions,simulated_bank_transactions_uk
2023-05-23,card*pmt*netflix <ref>,36.75,subscriptions,simulated_bank_transactions_uk
2023-01-10,card payment deliveroo food delivery,70.38,dining,simulated_bank_transactions_uk
2023-08-04,card direct debit octopus energy <ref>,219.42,utilities,simulated_bank_transactions_uk
2023-06-28,transport/tfl/fuel,78.42,transportation,simulated_bank_transactions_uk
2023-12-14,mortgage pmt landlord <ref>,1606.89,housing,simulated_bank_transactions_uk
2023-05-24,restaurant deliveroo food delivery,129.22,dining,simulated_bank_transactions_uk
2023-03-11,transport*esso*bus*pass <ref>,138.75,transportation,simulated_bank_transactions_uk
2024-04-28,online-purchase-amazon-misc-expense <ref>,58.35,other,simulated_bank_transactions_uk
2024-06-03,subscription disney+,29.8,subscriptions,simulated_bank_transactions_uk
2023-11-28,online purchase nhs misc expense <ref>,22.03,other,simulated_bank_transactions_uk
2024-02-18,direct debit netflix <ref>,26.61,subscriptions,simulated_bank_transactions_uk
2023-06-12,direct debit contactless iceland milk <ref>,7.34,groceries,simulated_bank_transactions_uk
2024-11-26,visa/bill/payment/e.on <ref>,139.88,utilities,simulated_bank_transactions_uk
2023-08-31,food-delivery-costa-fast-food <ref>,114.71,dining,simulated_bank_transactions_uk
2024-01-29,card payment waitrose bread <ref>,110.04,groceries,simulated_bank_transactions_uk
2023-03-05,card/pmt/hmrc/misc/expe,138.59,other,simulated_bank_transactions_uk
2023-03-16,direct debit spotify,34.64,subscriptions,simulated_bank_transactions_uk
2023-01-31,food delivery starbucks fast food,92.16,dining,simulated_bank_transactions_uk
2023-05-17,visa bill payment e.on <ref>,128.89,utilities,simulated_bank_transactions_uk
2024-11-26,rent pmt rent <ref>,1287.54,housing,simulated_bank_transactions_uk
2023-06-15,transport bolt train ticket <ref>,32.58,transportation,simulated_bank_transactions_uk
2023-07-16,card pmt kfc food delivery <ref>,121.87,dining,simulated_bank_transactions_uk
2024-11-15,pos lidl chicken <ref>,6.56,groceries,simulated_bank_transactions_uk
2023-05-24,contactless sainsburys bread <ref>,7.89,groceries,simulated_bank_transactions_uk
2024-08-04,pos/tesco/eggs <ref>,116.83,groceries,simulated_bank_transactions_uk
2024-10-19,subscription amazon prime <ref>,28.88,subscriptions,simulated_bank_transactions_uk
2024-04-30,card/payment/disney+ <ref>,12.26,subscriptions,simulated_bank_transactions_uk
2023-05-22,card pmt google *services,36.49,subscriptions,simulated_bank_transactions_uk
2024-10-02,mastercard/online/purchase/superdrug/online/purchase <ref>,67.52,other,simulated_bank_transactions_uk
2023-05-11,restaurant uber eats restaurant <ref>,86.67,dining,simulated_bank_transactions_uk
2024-05-25,bacs online purchase ebay misc expense <ref>,17.83,other,simulated_bank_transactions_uk
2023-08-18,utility bill british gas,102.8,utilities,simulated_bank_transactions_uk
2023-09-15,pos purchase nhs misc expense <ref>,138.57,other,simulated_bank_transactions_uk
2023-06-11,bacs food delivery just eat food delivery <ref>,55.61,dining,simulated_bank_transactions_uk
2023-09-05,transport national rail uber ride <ref>,81.56,transportation,simulated_bank_transactions_uk
2023-02-28,bacs/pos/purchase/currys/misc/expense <ref>,61.69,other,simulated_bank_transactions_uk
2023-09-27,direct debit netflix <ref>,25.4,subscriptions,simulated_bank_transactions_uk
2023-07-25,mortgage payment mortgage <ref>,1189.97,housing,simulated_bank_transactions_uk
2024-07-14,fuel uber uber ride,23.48,transportation,simulated_bank_transactions_uk
2024-11-10,bacs card pmt boots misc expense <ref>,138.85,other,simulated_bank_transactions_uk
2024-07-31,contactless*asda*bread <ref>,75.55,groceries,simulated_bank_transactions_uk
2023-12-21,direct/debit/card/pmt/apple.com/bill <ref>,33.26,subscriptions,simulated_bank_transactions_uk
2024-09-19,contactless*asda*rice,90.93,groceries,simulated_bank_transactions_uk
2023-05-13,mastercard pos tesco chicken <ref>,73.38,groceries,simulated_bank_transactions_uk
2024-05-23,visa card pmt tfl uber ride <ref>,18.3,transportation,simulated_bank_transactions_uk
2023-11-07,direct/debit/amazon/,20.1,subscriptions,simulated_bank_transactions_uk
2023-02-26,card payment currys online purchase <ref>,6.15,other,simulated_bank_transactions_uk
2024-01-24,card payment iceland bread,81.53,groceries,simulated_bank_transactions_uk
2024-01-22,mortgage-payment-letting-agent,673.0,housing,simulated_bank_transactions_uk
2023-05-22,mortgage payment mortgage <ref>,1197.57,housing,simulated_bank_transactions_uk
2024-09-22,pos waitrose rice <ref>,20.34,groceries,simulated_bank_transactions_uk
2024-03-23,card payment bp bus pass,31.47,transportation,simulated_bank_transactions_uk
2024-08-25,contactless lidl bread,37.11,groceries,simulated_bank_transactions_uk
2024-07-03,card pmt lidl bread,63.72,groceries,simulated_bank_transactions_uk
2023-09-13,so/direct/debit/puregym,5.52,subscriptions,simulated_bank_transactions_uk
2023-05-10,online purchase currys online purchase,14.26,other,simulated_bank_transactions_uk
2023-11-18,contactless card pmt just eat restaurant <ref>,44.54,dining,simulated_bank_transactions_uk
2023-05-13,pos transport esso train ticket,149.72,transportation,simulated_bank_transactions_uk
2023-03-20,card pmt netflix <ref>,9.28,subscriptions,simulated_bank_transactions_uk
2023-07-30,visa-contactless-waitrose-eggs <ref>,140.94,groceries,simulated_bank_transactions_uk
2024-01-01,card/restaurant/pret/food/delivery 9,111.08,dining,simulated_bank_transactions_uk
2023-11-06,online purchase boots online purchase,68.2,other,simulated_bank_transactions_uk
2023-09-08,pos fuel trainline bus pass <ref>,130.74,transportation,simulated_bank_transactions_uk
2023-04-17,subscription google *services <ref>,23.95,subscriptions,simulated_bank_transactions_uk
2024-12-23,pos waitrose eggs <ref>,135.36,groceries,simulated_bank_transactions_uk
2023-05-21,direct debit apple.com/bill,12.12,subscriptions,simulated_bank_transactions_uk
2024-07-20,online purchase ebay online purchase,47.83,other,simulated_bank_transactions_uk
2023-05-26,bill payment severn trent <ref>,209.6,utilities,simulated_bank_transactions_uk
2024-10-27,fps/card/pmt/sainsburys/bread,105.66,groceries,simulated_bank_transactions_uk
2023-01-22,pos purchase nhs misc expense,143.1,other,simulated_bank_transactions_uk
2024-08-25,contactless card pmt nando's restaurant,42.73,dining,simulated_bank_transactions_uk
2023-03-28,card payment mcdonalds fast food <ref>,124.6,dining,simulated_bank_transactions_uk
2024-01-29,contactless lidl eggs 35,128.62,groceries,simulated_bank_transactions_uk
2024-01-29,food delivery uber eats restaurant,129.83,dining,simulated_bank_transactions_uk
2024-01-24,card payment nando's restaurant,35.99,dining,simulated_bank_transactions_uk
2023-02-02,bill/pmt/british/gas <ref>,175.29,utilities,simulated_bank_transactions_uk
2023-12-11,direct/debit/amazon/prime,36.85,subscriptions,simulated_bank_transactions_uk
2024-08-28,pos purchase currys misc expense <ref>,122.11,other,simulated_bank_transactions_uk
2024-03-20,utility-bill-octopus-energy <ref>,212.43,utilities,simulated_bank_transactions_uk
2023-02-28,sto online purchase currys misc expense <ref>,118.04,other,simulated_bank_transactions_uk
2024-11-25,online purchase argos online purchase <ref>,84.33,other,simulated_bank_transactions_uk
2024-08-04,fuel esso fuel,65.3,transportation,simulated_bank_transactions_uk
2024-01-26,online purchase argos misc expense,26.89,other,simulated_bank_transactions_uk
2023-09-01,sto card payment deliveroo food delivery,148.91,dining,simulated_bank_transactions_uk
2023-10-08,direct debit o2 <ref>,180.17,utilities,simulated_bank_transactions_uk
2023-10-30,card payment iceland bread,116.39,groceries,simulated_bank_transactions_uk
2023-10-08,contactless/card/payment/trainline/fuel <ref>,8.68,transportation,simulated_bank_transactions_uk
2024-10-30,fuel-uber-bus-pass,99.91,transportation,simulated_bank_transactions_uk
2024-08-05,online purchase superdrug online purchase <ref>,21.27,other,simulated_bank_transactions_uk
2024-03-30,mortgage pmt landlord <ref>,1786.63,housing,simulated_bank_transactions_uk
2024-04-22,pos food delivery starbucks restaura,67.67,dining,simulated_bank_transactions_uk
2024-07-23,bacs pos waitrose eggs 4063,73.59,groceries,simulated_bank_transactions_uk
2023-10-11,utility/bill/ee <ref>,236.54,utilities,simulated_bank_transactions_uk
2023-07-04,card payment gym group <ref>,7.24,subscriptions,simulated_bank_transactions_uk
2024-05-21,fuel trainline bus pass <ref>,41.15,transportation,simulated_bank_transactions_uk
2024-09-24,utility-bill-thames-water <ref>,62.32,utilities,simulated_bank_transactions_uk
2023-07-08,rent pmt rent <ref>,1516.44,housing,simulated_bank_transactions_uk
2023-08-22,pos bacs rent rent <ref>,658.74,housing,simulated_bank_transactions_uk
2023-09-21,contactless-sainsburys-vegetables <ref>,148.82,groceries,simulated_bank_transactions_uk
2023-12-28,card*pmt*morrisons*vegetables <ref>,127.2,groceries,simulated_bank_transactions_uk
2023-04-22,card-pmt-spotify <ref>,13.21,subscriptions,simulated_bank_transactions_uk
2024-06-07,card payment morrisons chicken <ref>,68.24,groceries,simulated_bank_transactions_uk
2024-08-07,contactless iceland bread <ref>,32.99,groceries,simulated_bank_transactions_uk
2024-03-12,fuel bolt fuel,13.49,transportation,simulated_bank_transactions_uk
2024-09-13,mastercard transport bp train ticket,6.63,transportation,simulated_bank_transactions_uk
2024-02-22,online*purchase*argos*misc*expense,52.24,other,simulated_bank_transactions_uk
2024-09-28,mortgage pmt landlord <ref>,1962.9,housing,simulated_bank_transactions_uk
2023-10-25,pos iceland bread <ref>,57.14,groceries,simulated_bank_transactions_uk
2023-11-17,utility bill o2,76.53,utilities,simulated_bank_transactions_uk
2024-08-18,card payment disney+ <ref>,22.79,subscriptions,simulated_bank_transactions_uk
2024-08-19,mortgage-pmt-rent <ref>,1130.38,housing,simulated_bank_transactions_uk
2024-01-26,fps contactless asda vegetables <ref>,109.76,groceries,simulated_bank_transactions_uk
2023-08-18,card payment amazon online purchase <ref>,143.41,other,simulated_bank_transactions_uk
2024-03-04,direct debit puregym <ref>,27.06,subscriptions,simulated_bank_transactions_uk
2023-02-22,direct/debit/puregym <ref>,35.75,subscriptions,simulated_bank_transactions_uk
2023-11-21,direct debit gym group <ref>,23.21,subscriptions,simulated_bank_transactions_uk
2023-10-28,card payment tfl train ticket,125.89,transportation,simulated_bank_transactions_uk
2024-01-06,direct*debit*vodafone,198.88,utilities,simulated_bank_transactions_uk
2024-12-10,bill-payment-severn-trent <ref>,243.93,utilities,simulated_bank_transactions_uk
2024-01-06,pos utility bill ee <ref>,223.65,utilities,simulated_bank_transactions_uk
2023-03-20,card payment tesco eggs <ref>,85.39,groceries,simulated_bank_transactions_uk
2024-04-04,pos transport shell fuel <ref>,91.97,transportation,simulated_bank_transactions_uk
2023-05-09,card pmt currys misc,36.78,other,simulated_bank_transactions_uk
2024-08-21,subscription netflix <ref>,19.27,subscriptions,simulated_bank_transactions_uk
2023-12-16,mortgage pmt landlord <ref>,1714.2,housing,simulated_bank_transactions_uk
2024-03-07,direct debit fuel uber uber ride <ref>,14.98,transportation,simulated_bank_transactions_uk
2023-07-22,direct debit disney+,27.14,subscriptions,simulated_bank_transactions_uk
2023-09-27,direct debit vodafone <ref>,56.57,utilities,simulated_bank_transactions_uk
2023-05-10,card-pmt-hmrc-misc-expense <ref>,112.2,other,simulated_bank_transactions_uk
2023-01-25,fps card payment currys online purchase,125.58,other,simulated_bank_transactions_uk
2024-06-26,bacs rent rent <ref>,785.33,housing,simulated_bank_transactions_uk
2024-02-16,food delivery greggs fast food <ref>,55.09,dining,simulated_bank_transactions_uk
2023-12-11,mortgage/payment/landlord <ref>,766.64,housing,simulated_bank_transactions_uk
2023-02-16,direct debit gym group <ref>,39.79,subscriptions,simulated_bank_transactions_uk
2024-04-04,card payment asda vegetables,138.35,groceries,simulated_bank_transactions_uk
2024-03-22,food delivery uber eats food delivery <ref>,69.11,dining,simulated_bank_transactions_uk
2023-07-07,so card payment shell fuel <ref>,105.92,transportation,simulated_bank_transactions_uk
2024-08-30,contactless rent payment letting agent <ref>,610.9,housing,simulated_bank_transactions_uk
2024-03-25,card*pmt*esso*fuel <ref>,58.77,transportation,simulated_bank_transactions_uk
2023-11-01,fps direct debit thames water <ref>,51.32,utilities,simulated_bank_transactions_uk
2024-06-14,card-pmt-deliveroo-fast-food,10.1,dining,simulated_bank_transactions_uk
2023-10-20,card payment netflix,37.48,subscriptions,simulated_bank_transactions_uk
2023-07-02,card pmt uber fuel 184,49.83,transportation,simulated_bank_transactions_uk
2023-08-04,bill pmt scottishpower,191.62,utilities,simulated_bank_transactions_uk
2024-09-22,so food delivery mcdonalds food delivery <ref>,43.9,dining,simulated_bank_transactions_uk
2023-06-19,fuel uber uber ride <ref>,54.06,transportation,simulated_bank_transactions_uk
2024-03-25,card payment asda eggs <ref>,43.26,groceries,simulated_bank_transactions_uk
2024-09-12,utility bill thames water <ref>,231.89,utilities,simulated_bank_transactions_uk
2024-11-13,online purchase hmrc online purchase <ref>,138.9,other,simulated_bank_transactions_uk
2024-07-19,fuel-uber-train-ticket <ref>,17.11,transportation,simulated_bank_transactions_uk
2023-02-10,so card pmt superdrug online purchase,7.02,other,simulated_bank_transactions_uk
2023-01-27,bacs direct debit apple.com/bill,5.23,subscriptions,simulated_bank_transactions_uk
2024-08-07,card-payment-uber-train-ticket <ref>,44.43,transportation,simulated_bank_transactions_uk
2023-05-10,card/payment/kfc/food/delivery <ref>,68.39,dining,simulated_bank_transactions_uk
2023-04-23,pos purchase boots misc expense <ref>,46.36,other,simulated_bank_transactions_uk
2023-09-27,mortgage payment letti,1205.17,housing,simulated_bank_transactions_uk
2024-11-15,contactless contactless morrisons bread <ref>,148.98,groceries,simulated_bank_transactions_uk
2023-08-16,bacs contactless aldi eggs 34,121.14,groceries,simulated_bank_transactions_uk
2023-10-10,bacs rent rent <ref>,1309.88,housing,simulated_bank_transactions_uk
2024-11-19,card pmt mcdonalds food delivery,111.12,dining,simulated_bank_transactions_uk
2023-11-19,card pmt superdrug online purchase,106.9,other,simulated_bank_transactions_uk
2024-12-23,card pmt lidl rice,17.76,groceries,simulated_bank_transactions_uk
2024-07-25,card-pmt-hmrc-misc-expense,30.99,other,simulated_bank_transactions_uk
2023-09-09,pos rent pmt rent,1478.2,housing,simulated_bank_transactions_uk
2023-07-20,bill pmt e.on,78.45,utilities,simulated_bank_transactions_uk
2023-07-11,fuel bolt fuel <ref>,25.26,transportation,simulated_bank_transactions_uk
2023-04-01,rent payment letting agent,878.0,housing,simulated_bank_transactions_uk
2023-03-10,sto-card-pmt-gym-group <ref>,5.11,subscriptions,simulated_bank_transactions_uk
2024-12-28,food delivery mcdonalds food delivery <ref>,92.85,dining,simulated_bank_transactions_uk
2024-01-25,direct-debit-vodafone <ref>,87.88,utilities,simulated_bank_transactions_uk
2024-11-03,mortgage pmt letting agent <ref>,1277.93,housing,simulated_bank_transactions_uk
2024-11-15,visa bill pmt severn trent,222.51,utilities,simulated_bank_transactions_uk
2024-02-06,restaurant costa fast food <ref>,120.12,dining,simulated_bank_transactions_uk
2023-08-13,card pmt puregym <ref>,15.34,subscriptions,simulated_bank_transactions_uk
2024-04-02,card pmt iceland eggs <ref>,64.68,groceries,simulated_bank_transactions_uk
2023-04-29,direct debit fuel bolt train ticket <ref>,100.38,transportation,simulated_bank_transactions_uk
2023-12-22,direct debit british gas <ref>,175.33,utilities,simulated_bank_transactions_uk
2024-05-10,mortgage pmt mortga,1683.15,housing,simulated_bank_transactions_uk
2024-12-04,sto card payment nhs misc expense <ref>,91.36,other,simulated_bank_transactions_uk
2024-02-23,bill-pmt-vodafone,141.65,utilities,simulated_bank_transactions_uk
2023-09-25,contactless/waitrose/chicken,116.45,groceries,simulated_bank_transactions_uk
2024-03-11,mortgage payment mortgage <ref>,1732.64,housing,simulated_bank_transactions_uk
2023-10-02,pos food delivery pret fast food,137.12,dining,simulated_bank_transactions_uk
2024-10-13,card payment starbucks food delivery <ref>,35.19,dining,simulated_bank_transactions_uk
2024-02-24,card*payment*ebay*online*purchase,48.35,other,simulated_bank_transactions_uk
2023-04-23,direct debit vodafone <ref>,201.5,utilities,simulated_bank_transactions_uk
2023-01-21,card pmt gym group <ref>,26.17,subscriptions,simulated_bank_transactions_uk
2024-12-22,bacs mortgage rent <ref>,726.35,housing,simulated_bank_transactions_uk
2024-07-20,transport/shell/bus/pass <ref>,115.73,transportation,simulated_bank_transactions_uk
2023-08-04,card*pmt*asda*vegetables <ref>,10.23,groceries,simulated_bank_transactions_uk
2024-07-02,transport national rail train ticket 3,147.83,transportation,simulated_bank_transactions_uk
2023-06-15,sto-restaurant-greggs-food-delivery <ref>,36.71,dining,simulated_bank_transactions_uk
2024-07-20,sto/transport/bolt/bus/pass,63.77,transportation,simulated_bank_transactions_uk
2023-01-21,bacs mortgage rent,650.5,housing,simulated_bank_transactions_uk
2024-05-11,pos purchase hmrc online purchase <ref>,76.72,other,simulated_bank_transactions_uk
2023-01-25,direct*debit*pos*waitrose*bread,44.61,groceries,simulated_bank_transactions_uk
2024-01-22,bill payment octopus energy <ref>,194.98,utilities,simulated_bank_transactions_uk
2023-10-04,bacs mortgage rent,1636.74,housing,simulated_bank_transactions_uk
2024-05-31,card pmt ebay online purchase,14.25,other,simulated_bank_transactions_uk
2024-07-08,pos/mortgage/payment/mortgage <ref>,1639.71,housing,simulated_bank_transactions_uk
2024-02-05,card payment spotify <ref>,25.59,subscriptions,simulated_bank_transactions_uk
2023-01-24,bill/payment/scottishpower <ref>,123.53,utilities,simulated_bank_transactions_uk
2023-04-13,fuel esso bus pass,70.46,transportation,simulated_bank_transactions_uk
2024-03-15,pos fuel trainline fuel <ref>,58.36,transportation,simulated_bank_transactions_uk
2024-07-28,pos lidl bread,145.13,groceries,simulated_bank_transactions_uk
2024-12-20,transport tfl fuel <ref>,44.81,transportation,simulated_bank_transactions_uk
2024-05-23,card pmt netflix <ref>,5.6,subscriptions,simulated_bank_transactions_uk
2023-04-21,rent/pmt/mortgage <ref>,1667.78,housing,simulated_bank_transactions_uk
2023-01-26,food delivery uber eats restaurant,87.95,dining,simulated_bank_transactions_uk
2024-05-03,card pmt nando's restaurant,68.72,dining,simulated_bank_transactions_uk
2024-10-07,subscription spotify,16.64,subscriptions,simulated_bank_transactions_uk
2023-08-01,mastercard/contactless/asda/milk <ref>,85.45,groceries,simulated_bank_transactions_uk
2023-03-27,bacs pos purchase nhs misc expense 154,90.23,other,simulated_bank_transactions_uk
2024-08-03,bill pmt sky <ref>,134.17,utilities,simulated_bank_transactions_uk
2024-05-20,pos purchase superdrug online purchase,11.66,other,simulated_bank_transactions_uk
2023-12-12,transport*tfl*fuel,48.78,transportation,simulated_bank_transactions_uk
2024-12-06,online-purchase-currys-online-purchase <ref>,8.37,other,simulated_bank_transactions_uk
2024-12-07,direct debit netflix <ref>,5.2,subscriptions,simulated_bank_transactions_uk
2024-10-29,card bill payment british gas <ref>,98.86,utilities,simulated_bank_transactions_uk
2024-07-22,bill pmt thames water <ref>,136.26,utilities,simulated_bank_transactions_uk
2024-03-11,pos*purchase*superdrug*online*purchase <ref>,138.42,other,simulated_bank_transactions_uk
2023-06-15,rent pmt landlord,1659.64,housing,simulated_bank_transactions_uk
2023-04-27,subscription amazon prime <ref>,11.91,subscriptions,simulated_bank_transactions_uk
2024-10-03,pos tesco rice <ref>,75.79,groceries,simulated_bank_transactions_uk
2024-07-14,online purchase boots misc expense 53,23.56,other,simulated_bank_transactions_uk
2023-05-01,food delivery nando's fast food,4.36,dining,simulated_bank_transactions_uk
2024-11-23,card pmt just eat fast food <ref>,108.83,dining,simulated_bank_transactions_uk
2024-01-16,card-payment-tfl-bus-pass,93.42,transportation,simulated_bank_transactions_uk
2024-12-02,direct/debit/gym/group <ref>,15.16,subscriptions,simulated_bank_transactions_uk
2024-04-18,utility bill british gas <ref>,85.27,utilities,simulated_bank_transactions_uk
2023-05-19,bill payment severn trent,188.43,utilities,simulated_bank_transactions_uk
2023-06-03,direct debit e.on <ref>,121.59,utilities,simulated_bank_transactions_uk
2023-01-06,card-payment-costa-restaurant <ref>,149.02,dining,simulated_bank_transactions_uk
2023-04-07,fuel bp train ticket <ref>,32.29,transportation,simulated_bank_transactions_uk
2024-04-24,card pmt apple.com/bill <ref>,7.14,subscriptions,simulated_bank_transactions_uk
2023-08-20,subscription amazon prime <ref>,27.27,subscriptions,simulated_bank_transactions_uk
2023-10-09,card pmt esso uber ride,139.4,transportation,simulated_bank_transactions_uk
2023-11-10,fuel bp fuel,88.92,transportation,simulated_bank_transactions_uk
2024-07-28,sto card pmt bp fuel <ref>,140.34,transportation,simulated_bank_transactions_uk
2023-06-06,direct debit gym grou,7.71,subscriptions,simulated_bank_transactions_uk
2023-07-02,contactless tesco vegetables <ref>,34.82,groceries,simulated_bank_transactions_uk
2024-06-18,fuel-trainline-uber-ride <ref>,21.63,transportation,simulated_bank_transactions_uk
2024-08-29,direct-debit-amazon-prime 7288,16.56,subscriptions,simulated_bank_transactions_uk
2024-09-22,direct debit netflix <ref>,30.8,subscriptions,simulated_bank_transactions_uk
2023-08-26,mortgage payment landlord,603.74,housing,simulated_bank_transactions_uk
2023-05-27,bill/pmt/severn/,165.28,utilities,simulated_bank_transactions_uk
2023-02-23,bill-pmt-o2,101.13,utilities,simulated_bank_transactions_uk
2023-11-06,card utility bill thames water <ref>,133.77,utilities,simulated_bank_transactions_uk
2024-01-30,card-pmt-disney+,18.76,subscriptions,simulated_bank_transactions_uk
2023-11-21,bacs landlord rent,1774.11,housing,simulated_bank_transactions_uk
2023-06-20,contactless subscription spotify <ref>,34.48,subscriptions,simulated_bank_transactions_uk
2024-07-27,so bacs letting agent rent,1775.83,housing,simulated_bank_transactions_uk
2023-09-14,food delivery nando's fast food <ref>,105.18,dining,simulated_bank_transactions_uk
2023-12-23,mortgage/payment/letting/agent <ref>,1209.58,housing,simulated_bank_transactions_uk
2024-11-17,utility-bill-bt <ref>,218.18,utilities,simulated_bank_transactions_uk
2024-07-27,card pmt esso fuel <ref>,34.43,transportation,simulated_bank_transactions_uk
2023-01-11,bill payment bt <ref>,235.3,utilities,simulated_bank_transactions_uk
2024-08-23,bill pmt octopus energy,72.88,utilities,simulated_bank_transactions_uk
2024-01-13,card pmt tfl bus pass <ref>,16.83,transportation,simulated_bank_transactions_uk
2023-02-04,transport esso uber ride <ref>,92.2,transportation,simulated_bank_transactions_uk
2024-12-13,mastercard mortgage pmt landlord <ref>,1157.61,housing,simulated_bank_transactions_uk
2024-08-08,mortgage/pmt/letting/agent <ref>,680.12,housing,simulated_bank_transactions_uk
2024-04-27,pos purchase nhs online purchase <ref>,129.89,other,simulated_bank_transactions_uk
2024-10-25,subscription disney+,11.08,subscriptions,simulated_bank_transactions_uk
2023-01-30,pos purchase superdrug online purchas,8.61,other,simulated_bank_transactions_uk
2023-05-15,card-payment-apple.com/bill 3161,30.77,subscriptions,simulated_bank_transactions_uk
2023-05-03,card pmt aldi rice <ref>,125.61,groceries,simulated_bank_transactions_uk
2023-03-05,card payment lidl rice,96.71,groceries,simulated_bank_transactions_uk
2023-10-12,card*pmt*uber*uber*ride <ref>,129.11,transportation,simulated_bank_transactions_uk
2023-01-18,card payment ebay online purchase,99.3,other,simulated_bank_transactions_uk
2023-06-23,card pmt tfl bus pass <ref>,134.97,transportation,simulated_bank_transactions_uk
2024-11-11,card pmt disney+ <ref>,23.07,subscriptions,simulated_bank_transactions_uk
2024-11-16,card pmt uber eats fast food <ref>,126.14,dining,simulated_bank_transactions_uk
2024-05-28,card pmt lidl milk <ref>,31.36,groceries,simulated_bank_transactions_uk
2023-10-10,bill payment scottishpower,127.55,utilities,simulated_bank_transactions_uk
2024-10-12,fps*direct*debit*spotify <ref>,19.32,subscriptions,simulated_bank_transactions_uk
2023-05-01,bacs mortgage rent <ref>,1384.78,housing,simulated_bank_transactions_uk
2024-12-14,fuel trainline fuel,86.52,transportation,simulated_bank_transactions_uk
2023-04-01,contactless-tesco-chicken,139.75,groceries,simulated_bank_transactions_uk
2023-03-30,contactless-waitrose-milk <ref>,29.83,groceries,simulated_bank_transactions_uk
2023-06-23,utility*bill*o2 <ref>,242.47,utilities,simulated_bank_transactions_uk
2024-01-19,online-purchase-argos-online-purchase <ref>,34.98,other,simulated_bank_transactions_uk
2023-09-10,restaurant mcdonalds restaurant <ref>,131.95,dining,simulated_bank_transactions_uk
2023-05-16,fuel-shell-train-ticket <ref>,112.87,transportation,simulated_bank_transactions_uk
2023-10-21,direct debit fuel shell uber ride <ref>,58.76,transportation,simulated_bank_transactions_uk
2023-08-20,bacs utility bill ee,99.42,utilities,simulated_bank_transactions_uk
2023-07-24,online purchase ebay online purchase <ref>,43.1,other,simulated_bank_transactions_uk
2023-04-05,bill payment thames water <ref>,126.71,utilities,simulated_bank_transactions_uk
2023-12-24,restaurant*kfc*fast*food <ref>,88.07,dining,simulated_bank_transactions_uk
2024-12-04,card payment amazon misc expense <ref>,124.94,other,simulated_bank_transactions_uk
2024-08-22,pos*purchase*amazon*online*purchase <ref>,8.4,other,simulated_bank_transactions_uk
2023-08-04,restaurant*pret*restaurant <ref>,82.08,dining,simulated_bank_transactions_uk
2023-10-23,mortgage*pmt*rent,1735.27,housing,simulated_bank_transactions_uk
2023-10-03,utility*bill*scottishpower <ref>,140.83,utilities,simulated_bank_transactions_uk
2023-09-22,contactless sainsburys chicken,116.69,groceries,simulated_bank_transactions_uk
2024-06-13,bill pmt british gas,232.82,utilities,simulated_bank_transactions_uk
2023-11-27,mastercard rent pmt rent <ref>,1254.15,housing,simulated_bank_transactions_uk
2023-02-04,so fuel shell fuel,99.77,transportation,simulated_bank_transactions_uk
2023-01-09,transport*national*rail*uber*ride,95.53,transportation,simulated_bank_transactions_uk
2023-04-13,direct debit severn trent <ref>,104.07,utilities,simulated_bank_transactions_uk
2023-07-10,sto utility bill thames water <ref>,132.71,utilities,simulated_bank_transactions_uk
2024-09-23,direct debit card payment boots online purchase <ref>,67.53,other,simulated_bank_transactions_uk
2024-03-21,restaurant costa food delivery <ref>,87.67,dining,simulated_bank_transactions_uk
2024-01-18,mortgage/payment/rent <ref>,941.02,housing,simulated_bank_transactions_uk
2023-02-11,card payment puregym <ref>,19.04,subscriptions,simulated_bank_transactions_uk
2024-08-14,direct*debit*o2,200.3,utilities,simulated_bank_transactions_uk
2024-06-08,card payment greggs food delivery <ref>,7.2,dining,simulated_bank_transactions_uk
2024-06-20,fps*utility*bill*scottishpower,242.35,utilities,simulated_bank_transactions_uk
2023-02-25,utility-bill-o2 <ref>,103.29,utilities,simulated_bank_transactions_uk
2023-05-25,contactless iceland eggs <ref>,119.55,groceries,simulated_bank_transactions_uk
2023-06-19,online purchase boots misc expense,70.43,other,simulated_bank_transactions_uk
2023-07-25,restaurant greggs restaurant <ref>,99.82,dining,simulated_bank_transactions_uk
2023-07-28,utility bill o2 <ref>,70.61,utilities,simulated_bank_transactions_uk
2023-06-07,sto card pmt greggs restaurant,109.45,dining,simulated_bank_transactions_uk
2023-04-13,mortgage*pmt*letting*agent <ref>,823.06,housing,simulated_bank_transactions_uk
2024-12-16,food delivery greggs food delivery,103.96,dining,simulated_bank_transactions_uk
2024-12-24,utility bill vodafone <ref>,212.9,utilities,simulated_bank_transactions_uk
2023-05-17,utility bill britis,100.04,utilities,simulated_bank_transactions_uk
2024-11-21,food delivery starbucks fast food <ref>,135.01,dining,simulated_bank_transactions_uk
2023-12-22,fps bacs mortgage rent <ref>,1347.76,housing,simulated_bank_transactions_uk
2024-08-23,pos food delivery kfc food delivery,111.84,dining,simulated_bank_transactions_uk
2023-07-02,fps pos iceland bread <ref>,133.18,groceries,simulated_bank_transactions_uk
2023-12-15,card payment argos online purchase <ref>,57.26,other,simulated_bank_transactions_uk
2023-03-21,card card payment amazon prime <ref>,31.31,subscriptions,simulated_bank_transactions_uk
2023-08-05,bacs mortgage rent,863.16,housing,simulated_bank_transactions_uk
2024-01-29,fuel-uber-fuel <ref>,16.65,transportation,simulated_bank_transactions_uk
2024-02-01,so bacs landlord,998.95,housing,simulated_bank_transactions_uk
2024-03-07,mortgage pmt letting agent <ref>,1941.92,housing,simulated_bank_transactions_uk
2023-04-19,utility bill sky,143.82,utilities,simulated_bank_transactions_uk
2023-04-14,restaurant pret restaurant,53.9,dining,simulated_bank_transactions_uk
2023-11-23,mortgage pmt rent <ref>,617.11,housing,simulated_bank_transactions_uk
2024-10-31,pos utility bill scottishpower <ref>,32.55,utilities,simulated_bank_transactions_uk
2024-03-11,bacs letting agent rent,676.32,housing,simulated_bank_transactions_uk
2024-04-06,so fuel esso uber ride <ref>,91.73,transportation,simulated_bank_transactions_uk
2024-07-01,card pmt apple.com/bill <ref>,29.92,subscriptions,simulated_bank_transactions_uk
2024-03-10,card payment bolt uber ride 5321,118.47,transportation,simulated_bank_transactions_uk
2023-01-08,direct debit netflix <ref>,7.8,subscriptions,simulated_bank_transactions_uk
2024-09-21,transport*tfl*bus*pass <ref>,32.05,transportation,simulated_bank_transactions_uk
2023-02-10,mortgage pmt rent <ref>,1250.67,housing,simulated_bank_transactions_uk
2023-02-21,fps card pmt aldi rice,70.66,groceries,simulated_bank_transactions_uk
2024-11-22,card*pmt*gym*group <ref>,19.9,subscriptions,simulated_bank_transactions_uk
2023-07-03,sto card payment shell uber ride <ref>,82.78,transportation,simulated_bank_transactions_uk
2024-04-02,card payment uber bus pass <ref>,64.31,transportation,simulated_bank_transactions_uk
2024-09-02,so card pmt national rail bus pass 48,96.49,transportation,simulated_bank_transactions_uk
2024-06-28,contactless tesco eggs,110.59,groceries,simulated_bank_transactions_uk
2023-04-07,bacs/rent/rent <ref>,717.67,housing,simulated_bank_transactions_uk
2023-10-09,direct-debit-scottishpower <ref>,124.84,utilities,simulated_bank_transactions_uk
2023-09-07,fuel-esso-fuel,104.28,transportation,simulated_bank_transactions_uk
2023-12-01,pos/purchase/ebay/misc/expense,8.97,other,simulated_bank_transactions_uk
2024-10-15,card pmt esso uber ride,24.57,transportation,simulated_bank_transactions_uk
2023-03-22,online/purchase/boots/online/purchase <ref>,59.14,other,simulated_bank_transactions_uk
2023-01-23,sto fuel uber bus pass,65.11,transportation,simulated_bank_transactions_uk
2023-03-23,utility-bill-scottishpower <ref>,193.39,utilities,simulated_bank_transactions_uk
2023-07-16,pos purchase superdrug misc expense <ref>,144.88,other,simulated_bank_transactions_uk
2024-07-06,so card pmt gym group,26.55,subscriptions,simulated_bank_transactions_uk
2023-02-20,card pmt amazon online purchase <ref>,105.06,other,simulated_bank_transactions_uk
2024-03-23,transport bp fuel <ref>,34.64,transportation,simulated_bank_transactions_uk
2024-11-18,card payment esso train ticket,43.7,transportation,simulated_bank_transactions_uk
2023-07-05,pos*asda*chicken,61.6,groceries,simulated_bank_transactions_uk
2023-01-20,bacs rent rent <ref>,1170.06,housing,simulated_bank_transactions_uk
2023-10-09,online-purchase-ebay-misc-expense,99.61,other,simulated_bank_transactions_uk
2024-10-12,card payment shell fuel <ref>,91.06,transportation,simulated_bank_transactions_uk
2023-01-19,card/pmt/uber/uber/ride,35.53,transportation,simulated_bank_transactions_uk
2024-12-30,bacs letting agent rent <ref>,1455.94,housing,simulated_bank_transactions_uk
2023-12-03,subscription google *services <ref>,27.22,subscriptions,simulated_bank_transactions_uk
2023-12-18,pos direct debit amazon prime <ref>,24.52,subscriptions,simulated_bank_transactions_uk
2024-03-31,card pmt tfl bus pass <ref>,53.92,transportation,simulated_bank_transactions_uk
2024-06-29,bill payment ee,139.77,utilities,simulated_bank_transactions_uk
2023-02-03,rent pmt landlord,957.97,housing,simulated_bank_transactions_uk
2023-12-20,mortgage/pmt/mortgage <ref>,1385.86,housing,simulated_bank_transactions_uk
2024-06-26,card payment aldi bread,112.96,groceries,simulated_bank_transactions_uk
2023-11-19,fuel national rail bus pass <ref>,45.9,transportation,simulated_bank_transactions_uk
2023-06-09,fps/card/payment/nando's/food/delivery <ref>,71.7,dining,simulated_bank_transactions_uk
2024-03-17,subscription-spotify <ref>,17.31,subscriptions,simulated_bank_transactions_uk
2023-10-18,card payment pret restaurant <ref>,113.45,dining,simulated_bank_transactions_uk
2024-07-04,subscription spotify,13.22,subscriptions,simulated_bank_transactions_uk
2023-04-10,utility bill thames water <ref>,216.93,utilities,simulated_bank_transactions_uk
2023-04-24,sto restaurant starbucks restaurant,34.06,dining,simulated_bank_transactions_uk
2024-02-15,card payment amazon prime,10.57,subscriptions,simulated_bank_transactions_uk
2024-09-05,subscription google *services <ref>,12.62,subscriptions,simulated_bank_transactions_uk
2024-10-07,fps*fuel*trainline*bus*pass,116.26,transportation,simulated_bank_transactions_uk
2024-10-10,so-card-payment-morrisons-vegetables <ref>,133.06,groceries,simulated_bank_transactions_uk
2024-06-29,mastercard card pmt hmrc misc expense <ref>,76.84,other,simulated_bank_transactions_uk
2024-05-21,visa card pmt starbucks restaurant <ref>,129.28,dining,simulated_bank_transactions_uk
2024-04-05,online purchase superdrug misc expense <ref>,45.08,other,simulated_bank_transactions_uk
2023-12-09,direct debit thames water <ref>,30.73,utilities,simulated_bank_transactions_uk
2024-11-30,contactless card payment amazon misc expense <ref>,99.46,other,simulated_bank_transactions_uk
2024-03-04,card*payment*asda*rice <ref>,88.28,groceries,simulated_bank_transactions_uk
2023-01-30,food delivery just eat fast food,30.76,dining,simulated_bank_transactions_uk
2023-03-24,direct debit google *services <ref>,26.7,subscriptions,simulated_bank_transactions_uk
2023-11-29,visa direct debit disney+,38.09,subscriptions,simulated_bank_transactions_uk
2024-12-01,card/payment/netflix <ref>,26.89,subscriptions,simulated_bank_transactions_uk
2024-09-07,card payment morrisons eggs,6.34,groceries,simulated_bank_transactions_uk
2023-07-17,card pmt currys misc expense <ref>,84.15,other,simulated_bank_transactions_uk
2023-09-03,card pmt superdrug online purchase 9,70.29,other,simulated_bank_transactions_uk
2023-11-27,bill payment o2,232.7,utilities,simulated_bank_transactions_uk
2024-08-14,contactless-bill-payment-severn-trent,36.8,utilities,simulated_bank_transactions_uk
2024-09-09,card payment greggs fast food <ref>,39.02,dining,simulated_bank_transactions_uk
2024-04-17,card pmt pret restaurant,120.12,dining,simulated_bank_transactions_uk
2023-12-06,card pmt puregym <ref>,26.14,subscriptions,simulated_bank_transactions_uk
2023-03-13,card*payment*nhs*online*purchase <ref>,38.99,other,simulated_bank_transactions_uk
2024-11-24,direct-debit-card-payment-asda-vegetables <ref>,7.75,groceries,simulated_bank_transactions_uk
2024-01-30,food/delivery/greggs/food/delivery <ref>,149.34,dining,simulated_bank_transactions_uk
2024-07-04,bacs/pos/iceland/rice,143.76,groceries,simulated_bank_transactions_uk
2024-10-24,contactless lidl vegetables <ref>,117.16,groceries,simulated_bank_transactions_uk
2023-03-03,card payment apple.com/bill <ref>,21.83,subscriptions,simulated_bank_transactions_uk
2023-02-10,card pmt bp fuel <ref>,124.76,transportation,simulated_bank_transactions_uk
2024-06-07,transport*bp*fuel <ref>,108.34,transportation,simulated_bank_transactions_uk
2023-05-30,rent payment rent,773.68,housing,simulated_bank_transactions_uk
2024-08-16,direct debit card pmt ebay misc expense,114.42,other,simulated_bank_transactions_uk
2024-01-11,online purchase argos online purchase,109.13,other,simulated_bank_transactions_uk
2023-09-06,card payment mcdonalds food delivery,52.96,dining,simulated_bank_transactions_uk
2023-04-10,card card pmt hmrc misc expense,33.88,other,simulated_bank_transactions_uk
2024-12-27,card card pmt bolt uber ride <ref>,70.36,transportation,simulated_bank_transactions_uk
2023-12-17,restaurant just eat restaurant <ref>,114.28,dining,simulated_bank_transactions_uk
2024-04-06,transport*uber*fuel <ref>,51.61,transportation,simulated_bank_transactions_uk
2023-05-24,rent payment letting agent <ref>,1432.2,housing,simulated_bank_transactions_uk
2024-07-31,utility bill octopus energy <ref>,223.64,utilities,simulated_bank_transactions_uk
2023-06-12,fuel bp bus pass <ref>,48.08,transportation,simulated_bank_transactions_uk
2024-11-20,subscription spotify <ref>,29.96,subscriptions,simulated_bank_transactions_uk
2024-12-12,card/payment/trainline/train/ticket <ref>,112.33,transportation,simulated_bank_transactions_uk
2023-09-21,utility bill bt <ref>,219.01,utilities,simulated_bank_transactions_uk
2023-11-07,so mortgage pmt rent <ref>,896.33,housing,simulated_bank_transactions_uk
2024-06-13,bill pmt severn trent <ref>,188.65,utilities,simulated_bank_transactions_uk
2023-06-24,restaurant*uber*eats*fast*food <ref>,93.91,dining,simulated_bank_transactions_uk
2024-05-28,mastercard transport esso train ticket,89.31,transportation,simulated_bank_transactions_uk
2024-05-11,transport trainline bus pass <ref>,58.56,transportation,simulated_bank_transactions_uk
2024-05-10,mortgage payment mortgage <ref>,1274.87,housing,simulated_bank_transactions_uk
2023-03-08,so card payment kfc restaurant <ref>,101.31,dining,simulated_bank_transactions_uk
2023-08-18,contactless-transport-shell-train-ticket,48.47,transportation,simulated_bank_transactions_uk
2023-05-03,bill pmt bt <ref>,190.33,utilities,simulated_bank_transactions_uk
2024-10-15,mortgage payment rent <ref>,1243.05,housing,simulated_bank_transactions_uk
2024-06-20,card payment iceland vegetables,127.32,groceries,simulated_bank_transactions_uk
2024-10-03,bill pmt o2,37.22,utilities,simulated_bank_transactions_uk
2023-10-05,pos sainsburys eggs,77.59,groceries,simulated_bank_transactions_uk
2023-03-23,mastercard-card-payment-apple.com/bill <ref>,23.82,subscriptions,simulated_bank_transactions_uk
2024-06-19,so card payment boots online purchase <ref>,68.66,other,simulated_bank_transactions_uk
2024-12-07,direct debit severn trent <ref>,192.68,utilities,simulated_bank_transactions_uk
2023-07-01,rent/payment/letting/agent <ref>,1604.33,housing,simulated_bank_transactions_uk
2023-10-12,contactless lidl chicken <ref>,42.07,groceries,simulated_bank_transactions_uk
2023-03-07,pos*iceland*vegetables,30.93,groceries,simulated_bank_transactions_uk
2024-08-22,utility/bill/scottishpower,80.07,utilities,simulated_bank_transactions_uk
2024-07-03,online purchase nhs misc expense,71.25,other,simulated_bank_transactions_uk
2024-10-11,online purchase boots online purchase <ref>,49.87,other,simulated_bank_transactions_uk
2024-03-28,pos morrisons bread <ref>,73.31,groceries,simulated_bank_transactions_uk
2024-07-09,pos asda rice,32.02,groceries,simulated_bank_transactions_uk
2023-01-10,direct debit amazon prime <ref>,15.5,subscriptions,simulated_bank_transactions_uk
2024-03-29,direct debit spotify <ref>,8.9,subscriptions,simulated_bank_transactions_uk
2024-10-12,pos purchase argos online purchase,89.57,other,simulated_bank_transactions_uk
2024-02-21,direct debit google *services <ref>,13.81,subscriptions,simulated_bank_transactions_uk
2024-06-03,subscription netflix <ref>,11.18,subscriptions,simulated_bank_transactions_uk
2024-10-22,mastercard restaurant nando's food delivery <ref>,44.71,dining,simulated_bank_transactions_uk
2023-09-12,transport trainline bus pass <ref>,130.49,transportation,simulated_bank_transactions_uk
2024-05-30,fuel uber bus pass <ref>,102.64,transportation,simulated_bank_transactions_uk
2023-07-06,pos-card-payment-bp-fuel <ref>,19.39,transportation,simulated_bank_transactions_uk
2024-06-05,food delivery deliveroo restaurant <ref>,49.92,dining,simulated_bank_transactions_uk
2023-03-09,mastercard food delivery nando's fast food 147,26.98,dining,simulated_bank_transactions_uk
2023-04-07,online purchase ebay misc expense <ref>,101.93,other,simulated_bank_transactions_uk
2024-12-04,contactless card payment currys misc expense <ref>,53.34,other,simulated_bank_transactions_uk
2023-08-26,direct/debit/amazon/prime <ref>,8.8,subscriptions,simulated_bank_transactions_uk
2024-06-27,utility/bill/octopus/energy,100.4,utilities,simulated_bank_transactions_uk
2024-09-16,sto restaurant starbucks restaurant <ref>,103.66,dining,simulated_bank_transactions_uk
2024-02-10,sto-direct-debit-e.on <ref>,72.22,utilities,simulated_bank_transactions_uk
2024-09-16,online purchase currys online purchase <ref>,128.3,other,simulated_bank_transactions_uk
2024-04-30,contactless rent payment letting agent <ref>,1323.05,housing,simulated_bank_transactions_uk
2023-09-27,mortgage pmt rent <ref>,977.14,housing,simulated_bank_transactions_uk
2023-11-10,food delivery starbucks fast food <ref>,57.51,dining,simulated_bank_transactions_uk
2023-11-19,contactless fuel trainline bus pass <ref>,124.9,transportation,simulated_bank_transactions_uk
2024-02-07,pos restaurant starbucks fast food <ref>,65.52,dining,simulated_bank_transactions_uk
2024-02-18,pos purchase nhs misc expense <ref>,3.83,other,simulated_bank_transactions_uk
2023-05-24,contactless iceland rice,54.98,groceries,simulated_bank_transactions_uk
2024-12-22,fps restaurant deliveroo fast food,5.86,dining,simulated_bank_transactions_uk
2024-01-18,direct debit utility bill scottishpower,86.3,utilities,simulated_bank_transactions_uk
2024-01-27,card pmt asda eggs <ref>,65.84,groceries,simulated_bank_transactions_uk
2024-09-24,transport/uber/train/ticket <ref>,120.23,transportation,simulated_bank_transactions_uk
2023-09-06,subscription disney+ <ref>,8.74,subscriptions,simulated_bank_transactions_uk
2024-08-30,utility-bill-scottishpower 3799,237.13,utilities,simulated_bank_transactions_uk
2024-02-04,card*pmt*pret*restaurant,117.84,dining,simulated_bank_transactions_uk
2024-08-23,mortgage pmt landlord <ref>,1981.7,housing,simulated_bank_transactions_uk
2024-10-16,visa restaurant costa restaurant <ref>,17.91,dining,simulated_bank_transactions_uk
2024-03-24,fuel bolt bus pass,82.07,transportation,simulated_bank_transactions_uk
2023-03-17,direct debit card payment tfl uber ride 3957,72.36,transportation,simulated_bank_transactions_uk
2023-06-04,fuel uber fuel <ref>,124.17,transportation,simulated_bank_transactions_uk
2024-03-24,card payment amazon prime,24.66,subscriptions,simulated_bank_transactions_uk
2023-09-24,bacs utility bill vodafone <ref>,197.81,utilities,simulated_bank_transactions_uk
2023-05-24,visa-subscription-apple.com/bill <ref>,29.13,subscriptions,simulated_bank_transactions_uk
2024-12-17,pos purchase hmrc online purchase <ref>,131.0,other,simulated_bank_transactions_uk
2024-04-01,rent pmt rent <ref>,1105.72,housing,simulated_bank_transactions_uk
2024-04-16,bacs landlord rent <ref>,1255.66,housing,simulated_bank_transactions_uk
2024-12-21,pos fuel bp bus pass,32.25,transportation,simulated_bank_transactions_uk
2023-01-24,so/fuel/uber/bus/pass,91.73,transportation,simulated_bank_transactions_uk
2024-05-13,bill-payment-sky <ref>,124.01,utilities,simulated_bank_transactions_uk
2023-03-03,online purchase superdrug online purchase,125.26,other,simulated_bank_transactions_uk
2023-02-02,direct debit google *services <ref>,20.3,subscriptions,simulated_bank_transactions_uk
2024-08-11,subscription amazon prime <ref>,22.22,subscriptions,simulated_bank_transactions_uk
2024-08-01,so fuel tfl uber ride,110.96,transportation,simulated_bank_transactions_uk
2024-06-28,pos asda chicken,117.75,groceries,simulated_bank_transactions_uk
2024-10-27,direct debit utility bill severn trent <ref>,133.06,utilities,simulated_bank_transactions_uk
2023-10-11,direct debit octopus energy <ref>,124.81,utilities,simulated_bank_transactions_uk
2023-06-05,restaurant costa fast food,133.74,dining,simulated_bank_transactions_uk
2023-12-14,bacs letting agent rent,1506.98,housing,simulated_bank_transactions_uk
2024-03-18,card payment mcdonalds food delivery,117.82,dining,simulated_bank_transactions_uk
2023-01-07,card/pmt/lidl/rice <ref>,87.49,groceries,simulated_bank_transactions_uk
2024-03-13,subscription gym group,12.88,subscriptions,simulated_bank_transactions_uk
2023-12-01,direct debit direct debit bt,158.56,utilities,simulated_bank_transactions_uk
2024-08-11,subscription amazon prime,12.01,subscriptions,simulated_bank_transactions_uk
2023-06-01,fuel shell train ticket <ref>,30.76,transportation,simulated_bank_transactions_uk
2024-09-08,sto/bill/payment/o2 <ref>,35.77,utilities,simulated_bank_transactions_uk
2024-07-07,pos purchase boots online purchase,117.58,other,simulated_bank_transactions_uk
2023-11-19,transport*trainline*uber*ride <ref>,51.14,transportation,simulated_bank_transactions_uk
2023-10-05,bill payment severn trent <ref>,65.92,utilities,simulated_bank_transactions_uk
2024-03-26,direct-debit-thames-water,36.01,utilities,simulated_bank_transactions_uk
2023-08-02,card pmt tesco rice,6.74,groceries,simulated_bank_transactions_uk
2024-02-13,restaurant*deliveroo*restaurant <ref>,68.68,dining,simulated_bank_transactions_uk
2023-05-08,utility*bill*thames*water <ref>,159.85,utilities,simulated_bank_transactions_uk
2024-08-15,pos card pmt iceland bread <ref>,77.49,groceries,simulated_bank_transactions_uk
2024-05-15,so/rent/payment/landlord <ref>,893.49,housing,simulated_bank_transactions_uk
2023-07-15,bacs landlord rent,1043.63,housing,simulated_bank_transactions_uk
2023-09-19,fps bill pmt sky,109.17,utilities,simulated_bank_transactions_uk
2024-01-25,sto/card/pmt/apple.com/bill <ref>,5.57,subscriptions,simulated_bank_transactions_uk
2023-04-13,pos purchase boots misc expense <ref>,61.85,other,simulated_bank_transactions_uk
2023-03-08,mastercard*transport*tfl*bus*pass,142.02,transportation,simulated_bank_transactions_uk
2024-12-19,food/delivery/costa/food/delivery <ref>,47.2,dining,simulated_bank_transactions_uk
2024-02-04,contactless sainsburys vegetables,97.61,groceries,simulated_bank_transactions_uk
2023-10-09,card/food/delivery/deliveroo/restaurant 6,142.84,dining,simulated_bank_transactions_uk
2023-07-01,mortgage pmt letting agent,1786.38,housing,simulated_bank_transactions_uk
2024-12-12,bacs direct debit google *services <ref>,10.45,subscriptions,simulated_bank_transactions_uk
2023-08-03,food delivery uber eats restaurant <ref>,11.99,dining,simulated_bank_transactions_uk
2024-02-29,so pos purchase amazon misc expense <ref>,57.64,other,simulated_bank_transactions_uk
2023-06-28,card pos purchase argos online purchase <ref>,64.63,other,simulated_bank_transactions_uk
2023-07-05,subscription gy,33.36,subscriptions,simulated_bank_transactions_uk
2023-01-31,visa card payment trainline uber ride 6,118.62,transportation,simulated_bank_transactions_uk
2024-10-02,restaurant uber eats restaurant <ref>,47.99,dining,simulated_bank_transactions_uk
2023-01-30,fuel uber bus pass,94.42,transportation,simulated_bank_transactions_uk
2024-04-26,fps*card*pmt*ebay*online*purchase <ref>,51.74,other,simulated_bank_transactions_uk
2024-02-22,pos*asda*vegetables,131.19,groceries,simulated_bank_transactions_uk
2024-09-04,card pmt waitrose chicken <ref>,58.42,groceries,simulated_bank_transactions_uk
2023-08-17,rent-payment-rent <ref>,620.91,housing,simulated_bank_transactions_uk
2023-04-26,pos waitrose rice,148.26,groceries,simulated_bank_transactions_uk
2024-07-03,contactless restaurant starbucks fast food <ref>,147.56,dining,simulated_bank_transactions_uk
2024-10-14,restaurant just eat restaurant 4778,128.97,dining,simulated_bank_transactions_uk
2023-09-21,card pmt aldi eggs,73.01,groceries,simulated_bank_transactions_uk
2024-09-20,utility*bill*bt <ref>,110.43,utilities,simulated_bank_transactions_uk
2024-08-07,mortgage*payment*landlord <ref>,1648.21,housing,simulated_bank_transactions_uk
2023-05-27,bacs direct debit o2 <ref>,58.56,utilities,simulated_bank_transactions_uk
2023-10-17,bill pmt sky,187.8,utilities,simulated_bank_transactions_uk
2024-11-06,direct debit disney+,13.77,subscriptions,simulated_bank_transactions_uk
2024-04-18,transport shell bus pass,107.44,transportation,simulated_bank_transactions_uk
2024-03-08,bacs rent rent <ref>,784.39,housing,simulated_bank_transactions_uk
2023-02-05,card payment bp train ticke,88.17,transportation,simulated_bank_transactions_uk
2023-07-06,bacs rent pmt letting agent,1711.87,housing,simulated_bank_transactions_uk
2023-09-01,contactless iceland bread <ref>,96.29,groceries,simulated_bank_transactions_uk
2024-05-10,direct-debit-bt 1861,155.86,utilities,simulated_bank_transactions_uk
2024-08-14,pos purchase argos misc expense <ref>,30.6,other,simulated_bank_transactions_uk
2024-04-09,card card payment mcdonalds fast food <ref>,148.93,dining,simulated_bank_transactions_uk
2023-10-14,direct debit puregym <ref>,9.12,subscriptions,simulated_bank_transactions_uk
2023-09-19,mortgage pmt mortgage <ref>,1849.54,housing,simulated_bank_transactions_uk
2024-04-12,mastercard/fuel/bolt/fuel <ref>,116.49,transportation,simulated_bank_transactions_uk
2024-06-15,sto rent payment letting agent,1079.33,housing,simulated_bank_transactions_uk
2024-03-12,fuel bp uber ride,117.95,transportation,simulated_bank_transactions_uk
2023-08-21,mortgage pmt letting agent <ref>,776.72,housing,simulated_bank_transactions_uk
2024-12-30,restaurant just eat restaurant <ref>,20.68,dining,simulated_bank_transactions_uk
2023-11-11,visa fuel shell train ticket <ref>,131.38,transportation,simulated_bank_transactions_uk
2023-03-26,contactless/food/delivery/uber/eats/fast/food,84.33,dining,simulated_bank_transactions_uk
2024-06-07,visa card payment ebay online purchase,61.44,other,simulated_bank_transactions_uk
2023-01-18,bill pmt ee <ref>,78.81,utilities,simulated_bank_transactions_uk
2024-07-30,sto direct debit scottishpower <ref>,201.59,utilities,simulated_bank_transactions_uk
2024-01-07,online purchase currys online purchase,120.64,other,simulated_bank_transactions_uk
2023-06-20,direct debit g,39.9,subscriptions,simulated_bank_transactions_uk
2023-06-19,card payment shell train ticket <ref>,17.72,transportation,simulated_bank_transactions_uk
2023-06-05,bacs rent rent <ref>,1651.55,housing,simulated_bank_transactions_uk
2023-02-20,direct debit apple.com/bill,12.08,subscriptions,simulated_bank_transactions_uk
2024-06-18,food delivery deliveroo fast food 451,60.3,dining,simulated_bank_transactions_uk
2023-05-20,restaurant/deliveroo/fast/food <ref>,71.8,dining,simulated_bank_transactions_uk
2024-07-23,bacs mortgage rent <ref>,951.86,housing,simulated_bank_transactions_uk
2024-08-31,mortgage/pmt/letting/agent,1626.84,housing,simulated_bank_transactions_uk
2023-05-24,card payment lidl milk <ref>,114.01,groceries,simulated_bank_transactions_uk
2023-09-06,utility bill octopus energy <ref>,198.21,utilities,simulated_bank_transactions_uk
2024-02-05,restaurant just eat restaurant <ref>,97.97,dining,simulated_bank_transactions_uk
2023-08-20,direct debit spotify,17.26,subscriptions,simulated_bank_transactions_uk
2023-05-07,card payment tfl train ticket,134.22,transportation,simulated_bank_transactions_uk
2023-10-10,card mortgage payment rent <ref>,799.37,housing,simulated_bank_transactions_uk
2023-05-01,online purchase nhs misc ex,4.58,other,simulated_bank_transactions_uk
2024-09-04,direct debit disney+,32.01,subscriptions,simulated_bank_transactions_uk
2023-11-02,visa card payment nando's restaurant <ref>,100.08,dining,simulated_bank_transactions_uk
2024-09-16,contactless pos purchase amazon online purchase <ref>,82.57,other,simulated_bank_transactions_uk
2023-12-16,restaurant costa restaurant <ref>,13.35,dining,simulated_bank_transactions_uk
2023-09-19,card card payment national rail uber ride <ref>,59.08,transportation,simulated_bank_transactions_uk
2024-08-22,contactless waitrose vegetables,71.58,groceries,simulated_bank_transactions_uk
2023-04-16,direct/debit/ee <ref>,79.42,utilities,simulated_bank_transactions_uk
2024-09-05,card contactless asda vegetables <ref>,91.69,groceries,simulated_bank_transactions_uk
2024-11-11,pos purchase hmrc misc expense <ref>,38.47,other,simulated_bank_transactions_uk
2024-03-07,card food delivery just eat food delivery,144.6,dining,simulated_bank_transactions_uk
2023-10-14,pos asda vegetables,18.46,groceries,simulated_bank_transactions_uk
2024-10-17,online purchase argos misc expense,136.0,other,simulated_bank_transactions_uk
2024-01-01,direct/debit/google/*services,34.27,subscriptions,simulated_bank_transactions_uk
2024-05-12,direct debit card payment iceland milk,17.87,groceries,simulated_bank_transactions_uk
2023-09-30,card*direct*debit*brit,125.43,utilities,simulated_bank_transactions_uk
2024-09-13,card-payment-asda-vegetables <ref>,74.72,groceries,simulated_bank_transactions_uk
2024-11-14,online purchase currys misc expense <ref>,92.17,other,simulated_bank_transactions_uk
2024-08-27,food delivery just eat restaurant,91.44,dining,simulated_bank_transactions_uk
2023-05-01,card pmt nhs online purchase <ref>,87.62,other,simulated_bank_transactions_uk
2024-11-19,online/purchase/boots/online/purchase <ref>,56.02,other,simulated_bank_transactions_uk
2023-02-10,mortgage pmt landlord <ref>,1605.6,housing,simulated_bank_transactions_uk
2024-08-10,transport national rail fuel,128.28,transportation,simulated_bank_transactions_uk
2024-10-05,pos purchase hmrc online purchase <ref>,141.21,other,simulated_bank_transactions_uk
2024-08-03,rent*payment*rent <ref>,635.9,housing,simulated_bank_transactions_uk
2023-10-27,direct debit ee 7073,102.37,utilities,simulated_bank_transactions_uk
2023-09-17,card*payment*costa*restaurant <ref>,110.17,dining,simulated_bank_transactions_uk
2023-09-12,card payment esso bus pass,54.8,transportation,simulated_bank_transactions_uk
2023-11-29,fuel bp fuel <ref>,118.21,transportation,simulated_bank_transactions_uk
2023-09-27,food/delivery/costa/food/delivery <ref>,148.67,dining,simulated_bank_transactions_uk
2024-07-14,pos purchase ebay online purchase,33.78,other,simulated_bank_transactions_uk
2023-06-26,bacs-landlord-rent 9,1654.65,housing,simulated_bank_transactions_uk
2023-12-08,card/pmt/argos/misc/expense <ref>,128.93,other,simulated_bank_transactions_uk
2023-11-10,card/pmt/esso/train/ticket <ref>,49.53,transportation,simulated_bank_transactions_uk
2024-02-20,so card payment aldi vegetables <ref>,16.29,groceries,simulated_bank_transactions_uk
2024-01-27,transport-uber-fuel <ref>,97.0,transportation,simulated_bank_transactions_uk
2023-12-12,bill payment scottishpower <ref>,136.8,utilities,simulated_bank_transactions_uk
2023-06-13,online*purchase*ebay*misc*expense <ref>,134.68,other,simulated_bank_transactions_uk
2023-11-14,bill/pmt/british/gas,71.75,utilities,simulated_bank_transactions_uk
2024-07-27,subscription gym group,15.37,subscriptions,simulated_bank_transactions_uk
2023-07-23,card payment apple.com/bill <ref>,29.35,subscriptions,simulated_bank_transactions_uk
2024-11-10,contactless morrisons milk <ref>,107.61,groceries,simulated_bank_transactions_uk
2023-12-15,card card payment mcdonalds fast food,24.43,dining,simulated_bank_transactions_uk
2023-04-17,subscription amazon prime <ref>,37.24,subscriptions,simulated_bank_transactions_uk
2023-03-26,online-purchase-amazon-misc-expense <ref>,93.17,other,simulated_bank_transactions_uk
2023-02-11,fuel-trainline-train-ticket <ref>,68.05,transportation,simulated_bank_transactions_uk
2024-05-21,direct debit scottishpower,90.23,utilities,simulated_bank_transactions_uk
2024-10-25,bill payment british gas <ref>,79.68,utilities,simulated_bank_transactions_uk
2023-10-31,online purchase ebay online purchase <ref>,24.37,other,simulated_bank_transactions_uk
2024-03-25,direct debit octopus energy <ref>,136.32,utilities,simulated_bank_transactions_uk
2024-08-04,fps restaurant uber eats food delivery <ref>,84.03,dining,simulated_bank_transactions_uk
2024-02-14,bill pmt o2 <ref>,144.09,utilities,simulated_bank_transactions_uk
2024-01-08,visa bacs mortgage rent,1589.44,housing,simulated_bank_transactions_uk
2024-01-09,card payment ebay misc expense,66.4,other,simulated_bank_transactions_uk
2024-12-10,utility bill scottishp,46.95,utilities,simulated_bank_transactions_uk
2023-09-10,utility bill bt <ref>,246.98,utilities,simulated_bank_transactions_uk
2024-06-03,card payment argos online purchase,17.2,other,simulated_bank_transactions_uk
2024-09-10,rent pmt rent <ref>,746.73,housing,simulated_bank_transactions_uk
2024-07-21,bill payment scottishpower,171.89,utilities,simulated_bank_transactions_uk
2024-08-11,pos-purchase-boots-online-purchase 6456,71.4,other,simulated_bank_transactions_uk
2024-03-24,card payment nhs online purchase,70.66,other,simulated_bank_transactions_uk
2023-06-25,food delivery costa food delivery <ref>,67.12,dining,simulated_bank_transactions_uk
2024-10-27,pos/morrisons/chicken <ref>,68.92,groceries,simulated_bank_transactions_uk
2024-12-24,sto/contactless/lidl/eggs <ref>,73.06,groceries,simulated_bank_transactions_uk
2023-10-10,bill pmt scottishpower,44.39,utilities,simulated_bank_transactions_uk
2024-12-31,card pmt gym group <ref>,30.47,subscriptions,simulated_bank_transactions_uk
2023-05-17,subscription*gym*group <ref>,31.75,subscriptions,simulated_bank_transactions_uk
2023-11-14,mastercard food delivery costa restaurant <ref>,100.28,dining,simulated_bank_transactions_uk
2024-08-06,card payment disney+,16.57,subscriptions,simulated_bank_transactions_uk
2024-07-06,card payment hmrc misc e,24.2,other,simulated_bank_transactions_uk
2023-02-24,mortgage payment landlord <ref>,1959.24,housing,simulated_bank_transactions_uk
2023-03-14,bacs landlord rent <ref>,1684.47,housing,simulated_bank_transactions_uk
2023-07-19,contactless-direct-debit-amazon-prime <ref>,30.56,subscriptions,simulated_bank_transactions_uk
2024-05-21,utility/bill/severn/trent,36.49,utilities,simulated_bank_transactions_uk
2024-02-18,bacs rent rent <ref>,731.83,housing,simulated_bank_transactions_uk
2024-02-22,card pmt gym group <ref>,18.56,subscriptions,simulated_bank_transactions_uk
2023-12-18,food delivery deliveroo food delivery,72.74,dining,simulated_bank_transactions_uk
2024-03-16,sto utility bill severn trent <ref>,69.03,utilities,simulated_bank_transactions_uk
2023-09-24,bacs fuel tfl fuel,16.34,transportation,simulated_bank_transactions_uk
2024-10-24,card pmt pret restaurant <ref>,36.32,dining,simulated_bank_transactions_uk
2024-06-20,rent payment mortgage <ref>,1652.54,housing,simulated_bank_transactions_uk
2023-03-04,fuel shell uber ride <ref>,132.26,transportation,simulated_bank_transactions_uk
2023-01-02,card pmt gym group,8.34,subscriptions,simulated_bank_transactions_uk
2023-01-29,direct debit google *services <ref>,18.47,subscriptions,simulated_bank_transactions_uk
2023-06-26,contactless online purchase ebay misc expense <ref>,129.33,other,simulated_bank_transactions_uk
2023-12-20,direct debit e.on <ref>,78.04,utilities,simulated_bank_transactions_uk
2024-09-06,contactless aldi vegetables <ref>,137.15,groceries,simulated_bank_transactions_uk
2024-12-24,sto fuel esso train ticket,134.04,transportation,simulated_bank_transactions_uk
2024-03-31,card pmt currys online purchase <ref>,77.58,other,simulated_bank_transactions_uk
2024-07-04,pos/aldi/chicken <ref>,8.7,groceries,simulated_bank_transactions_uk
2023-11-16,online purchase nhs online purchase <ref>,121.66,other,simulated_bank_transactions_uk
2023-07-04,card pmt national rail uber ride <ref>,54.31,transportation,simulated_bank_transactions_uk
2023-07-17,card payment disney+,8.49,subscriptions,simulated_bank_transactions_uk
2024-04-10,subscription*apple.com/bill <ref>,37.2,subscriptions,simulated_bank_transactions_uk
2024-11-15,mortgage/pmt/letting/agent <ref>,1921.62,housing,simulated_bank_transactions_uk
2023-09-03,subscription apple.com/bill,17.8,subscriptions,simulated_bank_transactions_uk
2024-02-18,fps online purchase superdrug misc expense,30.69,other,simulated_bank_transactions_uk
2024-05-06,pos/iceland/eggs <ref>,11.62,groceries,simulated_bank_transactions_uk
2023-04-04,card payment ebay online purchase <ref>,127.62,other,simulated_bank_transactions_uk
2024-12-20,mortgage payment mortgage <ref>,1388.2,housing,simulated_bank_transactions_uk
2023-07-25,card payment amazon prime <ref>,24.12,subscriptions,simulated_bank_transactions_uk
2023-07-22,transport national rail bus pass <ref>,22.91,transportation,simulated_bank_transactions_uk
2024-01-22,card payment tfl fuel <ref>,62.42,transportation,simulated_bank_transactions_uk
2023-04-17,contactless morrisons rice <ref>,6.5,groceries,simulated_bank_transactions_uk
2023-11-10,fuel*tfl*fuel <ref>,92.62,transportation,simulated_bank_transactions_uk
2024-12-16,food delivery starbucks fast food,116.31,dining,simulated_bank_transactions_uk
2023-07-12,card pmt aldi chicken <ref>,125.19,groceries,simulated_bank_transactions_uk
2024-08-07,contactless asda eggs 4662,134.14,groceries,simulated_bank_transactions_uk
2024-07-01,subscription/netflix <ref>,30.87,subscriptions,simulated_bank_transactions_uk
2024-01-30,bacs pos lidl milk <ref>,145.11,groceries,simulated_bank_transactions_uk
2024-12-01,visa direct debit o2,41.54,utilities,simulated_bank_transactions_uk
2024-06-20,mastercard/online/purchase/amazon/misc/expense <ref>,111.57,other,simulated_bank_transactions_uk
2024-11-28,card payment superdrug online purchase <ref>,77.79,other,simulated_bank_transactions_uk
2023-07-10,bacs rent rent,738.11,housing,simulated_bank_transactions_uk
2023-07-31,direct debit scottishpower <ref>,74.79,utilities,simulated_bank_transactions_uk
2024-01-26,subscription gym group,6.58,subscriptions,simulated_bank_transactions_uk
2023-09-04,direct/debit/e.on,31.04,utilities,simulated_bank_transactions_uk
2023-08-22,pos rent pmt rent 468,1981.92,housing,simulated_bank_transactions_uk
2023-05-26,transport uber fuel,9.58,transportation,simulated_bank_transactions_uk
2024-03-08,direct*debit*apple.com/bill,14.04,subscriptions,simulated_bank_transactions_uk
2023-10-07,mastercard mortgage pmt rent <ref>,1830.15,housing,simulated_bank_transactions_uk
2024-02-28,restaurant*nando's*food*delivery <ref>,4.5,dining,simulated_bank_transactions_uk
2023-07-14,fps restaurant greggs fast food <ref>,126.87,dining,simulated_bank_transactions_uk
2023-01-11,pos purchase hmrc misc expense <ref>,40.25,other,simulated_bank_transactions_uk
2023-05-12,bacs mortgage rent <ref>,1673.98,housing,simulated_bank_transactions_uk
2023-06-12,rent pmt rent <ref>,760.13,housing,simulated_bank_transactions_uk
2024-07-03,card card pmt currys misc expense,12.78,other,simulated_bank_transactions_uk
2023-09-20,card pmt bp train ticket <ref>,141.69,transportation,simulated_bank_transactions_uk
2024-08-06,bacs mortgage rent <ref>,1001.01,housing,simulated_bank_transactions_uk
2024-02-09,transport esso uber ride <ref>,114.87,transportation,simulated_bank_transactions_uk
2024-07-22,direct*debit*online*purchase*ebay*online*purchase <ref>,142.68,other,simulated_bank_transactions_uk
2024-06-14,fps online purchase superdrug misc expense,32.52,other,simulated_bank_transactions_uk
2023-04-25,contactless-aldi-rice <ref>,73.39,groceries,simulated_bank_transactions_uk
2024-12-11,fps bill pmt severn trent <ref>,70.59,utilities,simulated_bank_transactions_uk
2024-09-22,card payment ebay online purchase <ref>,38.54,other,simulated_bank_transactions_uk
2024-03-28,card pmt national rail fuel,111.54,transportation,simulated_bank_transactions_uk
2023-07-13,direct debit amazon prime 4114,22.63,subscriptions,simulated_bank_transactions_uk
2023-02-14,card payment ebay online pur,109.56,other,simulated_bank_transactions_uk
2023-09-14,card payment amazon prime,16.95,subscriptions,simulated_bank_transactions_uk
2023-02-27,utility bill bt <ref>,228.34,utilities,simulated_bank_transactions_uk
2023-10-26,card payment starbucks fast food <ref>,25.51,dining,simulated_bank_transactions_uk
2023-12-10,direct debit card payment google *services,26.95,subscriptions,simulated_bank_transactions_uk
2023-09-09,mortgage pmt letting agent <ref>,1216.74,housing,simulated_bank_transactions_uk
2024-07-14,sto*card*pmt*netflix <ref>,10.64,subscriptions,simulated_bank_transactions_uk
2023-03-08,fuel esso uber ride,19.37,transportation,simulated_bank_transactions_uk
2024-09-25,contactless restaurant kfc food delivery <ref>,81.54,dining,simulated_bank_transactions_uk
2023-02-09,mortgage*payment*rent <ref>,1050.32,housing,simulated_bank_transactions_uk
2023-01-04,direct debit sky <ref>,31.3,utilities,simulated_bank_transactions_uk
2023-05-03,mastercard subscription google *services,31.9,subscriptions,simulated_bank_transactions_uk
2023-02-06,contactless*card*payment*ebay*online*purchase <ref>,115.04,other,simulated_bank_transactions_uk
2024-05-02,subscription netflix,27.71,subscriptions,simulated_bank_transactions_uk
2024-02-01,mastercard/direct/debit/spotify,29.0,subscriptions,simulated_bank_transactions_uk
2024-05-17,food delivery starbucks food delivery <ref>,37.94,dining,simulated_bank_transactions_uk
2024-04-10,so-subscription-netflix <ref>,39.58,subscriptions,simulated_bank_transactions_uk
2024-01-04,card payment starbucks rest,69.77,dining,simulated_bank_transactions_uk
2024-02-02,bill payment seve,190.82,utilities,simulated_bank_transactions_uk
2023-01-22,so card pmt bolt train ticket <ref>,57.11,transportation,simulated_bank_transactions_uk
2024-04-15,food*delivery*nando's*fast*food <ref>,24.17,dining,simulated_bank_transactions_uk
2023-08-21,restaurant costa food delivery <ref>,132.33,dining,simulated_bank_transactions_uk
2023-12-28,bacs food delivery starbucks restaurant 56,126.5,dining,simulated_bank_transactions_uk
2024-04-08,direct debit bt,121.9,utilities,simulated_bank_transactions_uk
2023-12-12,card pmt costa fast food <ref>,71.14,dining,simulated_bank_transactions_uk
2024-06-26,transport national rail fuel <ref>,22.57,transportation,simulated_bank_transactions_uk
2023-07-19,direct debit thames water <ref>,72.01,utilities,simulated_bank_transactions_uk
2024-07-15,pos purchase nhs misc expense 112,135.35,other,simulated_bank_transactions_uk
2023-11-11,online purchase hmrc misc expense,58.1,other,simulated_bank_transactions_uk
2024-10-29,direct debit severn trent <ref>,53.9,utilities,simulated_bank_transactions_uk
2024-09-30,food/delivery/nando's/fast/food,135.99,dining,simulated_bank_transactions_uk
2023-12-12,direct debit card payment uber eats restaurant <ref>,32.31,dining,simulated_bank_transactions_uk
2024-03-18,subscription disney+,37.8,subscriptions,simulated_bank_transactions_uk
2024-08-04,utility bill vodafone <ref>,75.42,utilities,simulated_bank_transactions_uk
2024-07-30,card mortgage pmt rent,1644.36,housing,simulated_bank_transactions_uk
2024-08-11,online purchase amazon online purchase <ref>,97.26,other,simulated_bank_transactions_uk
2023-11-21,card payment hmrc online purchase,25.15,other,simulated_bank_transactions_uk
2023-05-14,restaurant kfc restaurant <ref>,130.6,dining,simulated_bank_transactions_uk
2024-09-19,online purchase superdrug misc expense <ref>,49.48,other,simulated_bank_transactions_uk
2023-04-10,card-pmt-amazon-prime <ref>,6.24,subscriptions,simulated_bank_transactions_uk
2023-01-09,pos purchase amazon online purchase,15.61,other,simulated_bank_transactions_uk
2023-04-03,online purchase currys online purchase,51.73,other,simulated_bank_transactions_uk
2023-06-04,transport/uber/bus/pass <ref>,32.84,transportation,simulated_bank_transactions_uk
2023-11-20,bill pmt o2 <ref>,109.85,utilities,simulated_bank_transactions_uk
2023-10-24,subscription gym group <ref>,29.63,subscriptions,simulated_bank_transactions_uk
2023-06-13,card payment bp uber ride <ref>,120.94,transportation,simulated_bank_transactions_uk
2024-09-25,utility bill ee <ref>,147.11,utilities,simulated_bank_transactions_uk
2024-10-05,mastercard food delivery deliveroo restaurant <ref>,85.56,dining,simulated_bank_transactions_uk
2024-12-07,restaurant-mcdonalds-food-delivery,147.55,dining,simulated_bank_transactions_uk
2024-11-10,card pmt amazon online purchase 922,146.49,other,simulated_bank_transactions_uk
2024-01-26,bill payment octopus energy,38.66,utilities,simulated_bank_transactions_uk
2023-01-21,mastercard card payment costa fast food <ref>,73.1,dining,simulated_bank_transactions_uk
2024-03-27,card direct debit amazon prime <ref>,17.68,subscriptions,simulated_bank_transactions_uk
2024-05-18,direct debit apple.com/bill <ref>,36.29,subscriptions,simulated_bank_transactions_uk
2024-01-14,bacs mortgage rent <ref>,1982.94,housing,simulated_bank_transactions_uk
2023-11-04,contactless iceland bread <ref>,22.84,groceries,simulated_bank_transactions_uk
2024-11-15,sto rent payment landlord,755.36,housing,simulated_bank_transactions_uk
2023-03-27,direct debit ee <ref>,204.41,utilities,simulated_bank_transactions_uk
2024-08-27,card pmt bp fuel,5.35,transportation,simulated_bank_transactions_uk
2023-09-16,food delivery costa restaurant <ref>,56.69,dining,simulated_bank_transactions_uk
2023-01-25,fps-utility-bill-thames-water <ref>,228.94,utilities,simulated_bank_transactions_uk
2023-02-23,fps card pmt costa fast food,136.16,dining,simulated_bank_transactions_uk
2024-03-19,rent payment letting agent <ref>,968.36,housing,simulated_bank_transactions_uk
2024-11-03,transport national rail uber ride <ref>,43.11,transportation,simulated_bank_transactions_uk
2024-07-18,food delivery just eat food delivery <ref>,14.8,dining,simulated_bank_transactions_uk
2024-10-01,contactless tesco bread <ref>,131.19,groceries,simulated_bank_transactions_uk
2023-11-06,card contactless waitrose vegetables <ref>,87.33,groceries,simulated_bank_transactions_uk
2024-01-25,mastercard restaurant nando's restaurant <ref>,135.97,dining,simulated_bank_transactions_uk
2023-10-04,food delivery uber eats restaurant <ref>,105.21,dining,simulated_bank_transactions_uk
2024-03-10,rent/payment/mortgage,1724.4,housing,simulated_bank_transactions_uk
2023-12-21,card pmt deliveroo food delivery,53.29,dining,simulated_bank_transactions_uk
2023-10-01,rent pmt letting agent,1284.36,housing,simulated_bank_transactions_uk
2023-03-28,contactless*morrisons*rice <ref>,138.06,groceries,simulated_bank_transactions_uk
2023-04-27,card pmt argos misc expense <ref>,129.64,other,simulated_bank_transactions_uk
2023-04-20,contactless lidl bread,121.52,groceries,simulated_bank_transactions_uk
2024-08-08,sto direct debit octopus energy,44.29,utilities,simulated_bank_transactions_uk
2023-03-19,pos purchase boots online purchase,117.49,other,simulated_bank_transactions_uk
2023-12-16,card pmt lidl vegetables 4,4.98,groceries,simulated_bank_transactions_uk
2024-10-03,pos purchase hmrc online purchase <ref>,25.97,other,simulated_bank_transactions_uk
2023-12-05,card/payment/argos/misc/expense,95.76,other,simulated_bank_transactions_uk
2023-02-27,pos/purchase/argos/online/purchase <ref>,93.05,other,simulated_bank_transactions_uk
2023-03-25,bacs letting agent rent 7,1644.49,housing,simulated_bank_transactions_uk
2024-03-19,contactless utility bill vodafone <ref>,50.15,utilities,simulated_bank_transactions_uk
2023-03-23,card pmt boots online purchase,33.9,other,simulated_bank_transactions_uk
2023-07-17,food delivery just eat fast food <ref>,94.94,dining,simulated_bank_transactions_uk
2024-05-22,restaurant pret restaurant,107.11,dining,simulated_bank_transactions_uk
2024-11-23,direct*debit*amazon*prime,15.08,subscriptions,simulated_bank_transactions_uk
2023-03-23,card/pmt/google/*services <ref>,22.77,subscriptions,simulated_bank_transactions_uk
2024-08-12,bacs direct debit octopus energy <ref>,223.2,utilities,simulated_bank_transactions_uk
2023-07-11,bill pmt o2 <ref>,46.67,utilities,simulated_bank_transactions_uk
2023-08-22,card pmt boots misc expense <ref>,114.17,other,simulated_bank_transactions_uk
2024-09-07,fps utility bill british gas <ref>,160.31,utilities,simulated_bank_transactions_uk
2023-08-12,mastercard restaurant nando's food delivery <ref>,97.17,dining,simulated_bank_transactions_uk
2023-09-04,restaurant/greggs/fast/food,124.2,dining,simulated_bank_transactions_uk
2023-09-15,subscription netflix,38.88,subscriptions,simulated_bank_transactions_uk
2023-03-06,card payment bolt train ticket <ref>,12.5,transportation,simulated_bank_transactions_uk
2023-03-03,card payment deliveroo fast food <ref>,135.7,dining,simulated_bank_transactions_uk
2024-04-01,card subscription disney+ <ref>,31.76,subscriptions,simulated_bank_transactions_uk
2023-11-23,card-pmt-tesco-vegetables,102.15,groceries,simulated_bank_transactions_uk
2023-03-09,subscription puregym <ref>,26.19,subscriptions,simulated_bank_transactions_uk
2024-01-02,subscription netflix,16.17,subscriptions,simulated_bank_transactions_uk
2024-05-15,rent*payment*mortgage <ref>,1020.35,housing,simulated_bank_transactions_uk
2023-06-24,transport bp train ticket <ref>,36.53,transportation,simulated_bank_transactions_uk
2024-04-21,card pmt morrisons vegetables,54.88,groceries,simulated_bank_transactions_uk
2024-02-17,pos restaurant greggs fast food <ref>,138.75,dining,simulated_bank_transactions_uk
2023-05-26,food delivery costa fast food <ref>,69.47,dining,simulated_bank_transactions_uk
2023-05-23,bacs mortgage rent,634.27,housing,simulated_bank_transactions_uk
2024-10-09,pos purchase currys misc expense,59.07,other,simulated_bank_transactions_uk
2024-11-08,bill payment british gas <ref>,125.56,utilities,simulated_bank_transactions_uk
2023-04-08,utility bill ee <ref>,70.46,utilities,simulated_bank_transactions_uk
2023-10-05,card/payment/waitrose/rice <ref>,72.43,groceries,simulated_bank_transactions_uk
2024-02-06,sto card payment shell train ticket <ref>,6.19,transportation,simulated_bank_transactions_uk
2023-10-12,pos direct debit thames water 3,217.84,utilities,simulated_bank_transactions_uk
2024-03-19,direct/debit/scottishpower <ref>,189.22,utilities,simulated_bank_transactions_uk
2024-11-12,contactless restaurant just eat restaurant <ref>,74.64,dining,simulated_bank_transactions_uk
2023-03-10,card*card*payment*morrisons*eggs <ref>,144.33,groceries,simulated_bank_transactions_uk
2023-05-25,fuel tfl fuel <ref>,92.35,transportation,simulated_bank_transactions_uk
2023-01-14,bill-payment-british-gas,121.6,utilities,simulated_bank_transactions_uk
2023-11-15,pos card pmt esso train ticket <ref>,52.77,transportation,simulated_bank_transactions_uk
2024-06-26,mortgage pmt landlord <ref>,1438.76,housing,simulated_bank_transactions_uk
2024-12-06,transport shell bus pass <ref>,109.54,transportation,simulated_bank_transactions_uk
2024-04-29,online purchase amazon online purchase <ref>,57.33,other,simulated_bank_transactions_uk
2024-03-03,bacs pos sainsburys milk <ref>,68.72,groceries,simulated_bank_transactions_uk
2023-11-17,bill pmt o2,181.42,utilities,simulated_bank_transactions_uk
2024-08-14,rent pmt landlord <ref>,1376.99,housing,simulated_bank_transactions_uk
2023-05-11,visa*online*purchase*hmrc*misc*expense <ref>,105.65,other,simulated_bank_transactions_uk
2024-09-16,card-pmt-bolt-train-ticket <ref>,107.09,transportation,simulated_bank_transactions_uk
2023-01-20,bill-pmt-scottishpower,133.35,utilities,simulated_bank_transactions_uk
2023-06-01,transport esso uber ride <ref>,59.47,transportation,simulated_bank_transactions_uk
2024-09-09,direct debit gym group <ref>,22.18,subscriptions,simulated_bank_transactions_uk
2023-07-17,mortgage pmt letting agent,1145.41,housing,simulated_bank_transactions_uk
2024-01-08,card-payment-currys-misc-expense <ref>,107.65,other,simulated_bank_transactions_uk
2023-08-17,card-pmt-superdrug-online-purchase <ref>,72.64,other,simulated_bank_transactions_uk
2024-05-09,rent pmt rent,1754.77,housing,simulated_bank_transactions_uk
2024-05-11,direct debit amazon prime <ref>,38.48,subscriptions,simulated_bank_transactions_uk
2024-10-23,card pmt trainline train ticket <ref>,124.15,transportation,simulated_bank_transactions_uk
2023-07-19,direct debit british gas <ref>,43.32,utilities,simulated_bank_transactions_uk
2024-03-09,so*direct*debit*netflix,32.67,subscriptions,simulated_bank_transactions_uk
2023-10-31,mortgage payment rent,885.94,housing,simulated_bank_transactions_uk
2024-03-07,so contactless aldi milk <ref>,98.79,groceries,simulated_bank_transactions_uk
2023-06-01,card pmt asda eggs <ref>,71.35,groceries,simulated_bank_transactions_uk
2023-06-10,restaurant mcdonalds food delivery <ref>,59.16,dining,simulated_bank_transactions_uk
2023-10-08,card-pmt-disney+ <ref>,8.77,subscriptions,simulated_bank_transactions_uk
2024-09-13,food delivery just eat fast food,32.07,dining,simulated_bank_transactions_uk
2023-05-12,food delivery starbucks fast food <ref>,26.95,dining,simulated_bank_transactions_uk
2023-12-01,fuel tfl uber ride,21.22,transportation,simulated_bank_transactions_uk
2024-01-20,card payment netflix <ref>,16.03,subscriptions,simulated_bank_transactions_uk
2024-02-10,direct debit puregym,27.62,subscriptions,simulated_bank_transactions_uk
2024-10-21,utility bill severn trent <ref>,197.32,utilities,simulated_bank_transactions_uk
2024-08-05,card pmt shell bus pass <ref>,86.15,transportation,simulated_bank_transactions_uk
2024-12-31,card*pmt*asda*chicken <ref>,11.21,groceries,simulated_bank_transactions_uk
2023-06-05,bill-pmt-scottishpower,44.94,utilities,simulated_bank_transactions_uk
2024-12-31,contactless aldi chicken <ref>,27.02,groceries,simulated_bank_transactions_uk
2023-12-13,sto bill pmt octopus energy,243.91,utilities,simulated_bank_transactions_uk
2023-03-13,card*payment*waitrose*rice <ref>,53.51,groceries,simulated_bank_transactions_uk
2024-06-21,card restaurant pret fast food <ref>,83.13,dining,simulated_bank_transactions_uk
2024-12-12,card payment costa food delivery <ref>,119.09,dining,simulated_bank_transactions_uk
2023-04-29,contactless/utility/bill/o2,128.67,utilities,simulated_bank_transactions_uk
2023-02-27,pos purchase superdrug misc expense <ref>,36.43,other,simulated_bank_transactions_uk
2023-08-19,bacs letting agent rent <ref>,1780.05,housing,simulated_bank_transactions_uk
2023-08-27,restaurant uber eats restaurant <ref>,9.2,dining,simulated_bank_transactions_uk
2024-10-11,mastercard*bill*payment*british*gas <ref>,101.05,utilities,simulated_bank_transactions_uk
2024-05-19,so/bacs/mortgage/rent,1671.75,housing,simulated_bank_transactions_uk
2024-02-29,pos-morrisons-vegetables <ref>,108.07,groceries,simulated_bank_transactions_uk
2023-08-02,subscription*spotify <ref>,25.64,subscriptions,simulated_bank_transactions_uk
2024-08-18,utility bill scottishpower <ref>,184.4,utilities,simulated_bank_transactions_uk
2023-06-05,fuel tfl train ticket,61.39,transportation,simulated_bank_transactions_uk
2023-10-16,card payment spotify <ref>,31.05,subscriptions,simulated_bank_transactions_uk
2023-06-13,contactless card pmt esso bus pass,78.1,transportation,simulated_bank_transactions_uk
2023-09-20,card online purchase boots online purchase <ref>,113.86,other,simulated_bank_transactions_uk
2023-09-24,card pmt bp train ticket <ref>,51.08,transportation,simulated_bank_transactions_uk
2024-04-07,food delivery deliveroo restaurant <ref>,98.62,dining,simulated_bank_transactions_uk
2024-10-29,card*pmt*iceland*rice <ref>,91.7,groceries,simulated_bank_transactions_uk
2024-02-01,mortgage payment letting agent <ref>,757.77,housing,simulated_bank_transactions_uk
2023-07-30,pos/purchase/hmrc/online/purchase <ref>,112.19,other,simulated_bank_transactions_uk
2024-08-30,utility bill british gas <ref>,178.33,utilities,simulated_bank_transactions_uk
2023-02-25,online purchase ebay misc expense <ref>,56.06,other,simulated_bank_transactions_uk
2023-09-16,mortgage pmt landlord <ref>,1838.13,housing,simulated_bank_transactions_uk
2023-07-05,bill*payment*ee <ref>,77.61,utilities,simulated_bank_transactions_uk
2024-02-02,contactless*pos*purchase*superdrug*misc*expense <ref>,33.33,other,simulated_bank_transactions_uk
2023-06-19,bacs mortgage rent <ref>,1147.06,housing,simulated_bank_transactions_uk
2023-10-20,direct debit food delivery starbucks fast food <ref>,85.44,dining,simulated_bank_transactions_uk
2023-04-20,online purchase nhs online purchase <ref>,14.42,other,simulated_bank_transactions_uk
2023-01-12,card payment asda milk <ref>,94.03,groceries,simulated_bank_transactions_uk
2024-01-26,card transport bolt uber ride <ref>,47.61,transportation,simulated_bank_transactions_uk
2024-10-23,direct debit mortgage payment rent <ref>,1115.27,housing,simulated_bank_transactions_uk
2023-10-14,direct-debit-sky,112.02,utilities,simulated_bank_transactions_uk
2023-02-05,food delivery pret food delivery,6.29,dining,simulated_bank_transactions_uk
2024-04-12,card pmt iceland eggs <ref>,23.85,groceries,simulated_bank_transactions_uk
2024-10-13,mastercard card payment boots online purchase,20.69,other,simulated_bank_transactions_uk
2023-06-28,mastercard-mortgage-payment-rent <ref>,1904.86,housing,simulated_bank_transactions_uk
2023-08-29,card payment tesco milk <ref>,15.66,groceries,simulated_bank_transactions_uk
2023-10-07,card-pmt-greggs-food-del,105.15,dining,simulated_bank_transactions_uk
2024-05-06,visa/fuel/esso/uber/ride,106.32,transportation,simulated_bank_transactions_uk
2023-08-09,card*pmt*sainsburys*vegetables <ref>,104.69,groceries,simulated_bank_transactions_uk
2023-01-31,sto pos asda rice <ref>,102.67,groceries,simulated_bank_transactions_uk
2024-04-21,bacs pos morrisons ric,66.58,groceries,simulated_bank_transactions_uk
2024-08-13,restaurant mcdonalds restaurant,146.02,dining,simulated_bank_transactions_uk
2023-10-15,card pmt lidl vegetables 9077,12.26,groceries,simulated_bank_transactions_uk
2023-10-01,bacs letting agent rent <ref>,883.78,housing,simulated_bank_transactions_uk
2023-07-12,pos asda vegetables <ref>,42.98,groceries,simulated_bank_transactions_uk
2023-02-15,direct-debit-severn-trent <ref>,249.08,utilities,simulated_bank_transactions_uk
2024-12-20,card pmt superdrug misc expense <ref>,85.16,other,simulated_bank_transactions_uk
2023-02-18,contactless food delivery nando's restaurant <ref>,108.19,dining,simulated_bank_transactions_uk
2024-01-12,fuel shell bus pass,16.0,transportation,simulated_bank_transactions_uk
2024-01-18,restaurant nando's fast food <ref>,83.05,dining,simulated_bank_transactions_uk
2023-11-25,bacs-bacs-letting-agent-rent <ref>,1357.07,housing,simulated_bank_transactions_uk
2024-01-17,rent pmt letting agent <ref>,1412.3,housing,simulated_bank_transactions_uk
2023-06-01,card pmt greggs fast food,115.8,dining,simulated_bank_transactions_uk
2024-02-22,card pos purchase boots misc expense <ref>,102.33,other,simulated_bank_transactions_uk
2023-09-17,so transport uber fuel <ref>,15.71,transportation,simulated_bank_transactions_uk
2024-04-06,bill payment british gas,172.0,utilities,simulated_bank_transactions_uk
2023-12-18,card pmt ebay online purchase,133.79,other,simulated_bank_transactions_uk
2024-10-09,subscription amazon prime,16.96,subscriptions,simulated_bank_transactions_uk
2024-08-10,direct debit online purchase boots online purchase <ref>,128.11,other,simulated_bank_transactions_uk
2024-03-05,utility bill e.on <ref>,117.2,utilities,simulated_bank_transactions_uk
2024-06-16,card payment morrisons chicken <ref>,82.97,groceries,simulated_bank_transactions_uk
2024-07-17,pos morrisons chicken <ref>,3.59,groceries,simulated_bank_transactions_uk
2023-12-09,bacs bacs mortgag,1557.61,housing,simulated_bank_transactions_uk
2024-01-18,restaurant kfc resta,50.85,dining,simulated_bank_transactions_uk
2023-08-13,subscription netflix <ref>,33.68,subscriptions,simulated_bank_transactions_uk
2023-04-19,direct*debit*puregym <ref>,29.07,subscriptions,simulated_bank_transactions_uk
2023-07-12,direct debit octopus energy,182.67,utilities,simulated_bank_transactions_uk
2023-04-21,direct debit mortgage pmt rent <ref>,1956.99,housing,simulated_bank_transactions_uk
2024-12-12,mastercard card payment uber eats restaurant <ref>,137.63,dining,simulated_bank_transactions_uk
2023-11-07,card payment esso train ticket <ref>,114.1,transportation,simulated_bank_transactions_uk
2023-04-09,so online purchase hmrc online purchase <ref>,82.67,other,simulated_bank_transactions_uk
2023-02-01,pos purchase nhs online purchase <ref>,6.46,other,simulated_bank_transactions_uk
2024-11-27,pos fuel shell uber ride <ref>,33.44,transportation,simulated_bank_transactions_uk
2023-05-02,pos*waitrose*milk,40.25,groceries,simulated_bank_transactions_uk
2023-01-11,card payment uber eats fast food <ref>,100.25,dining,simulated_bank_transactions_uk
2023-11-08,mortgage*payment*landlord <ref>,1124.88,housing,simulated_bank_transactions_uk
2024-05-04,food delivery starbucks food delivery <ref>,89.68,dining,simulated_bank_transactions_uk
2024-05-26,rent pmt letting agent <ref>,1967.82,housing,simulated_bank_transactions_uk
2024-12-18,so card payment bolt bus pass <ref>,7.56,transportation,simulated_bank_transactions_uk
2023-04-11,card/card/pmt/costa/fast/food <ref>,113.68,dining,simulated_bank_transactions_uk
2023-12-26,restaurant*starbucks*food*delivery <ref>,89.31,dining,simulated_bank_transactions_uk
2024-05-14,mortgage pmt rent <ref>,1131.95,housing,simulated_bank_transactions_uk
2024-07-10,card-pos-purchase-nhs-online-purchase <ref>,72.81,other,simulated_bank_transactions_uk
2024-10-08,pos sainsburys milk,39.07,groceries,simulated_bank_transactions_uk
2023-12-12,contactless-tesco-rice <ref>,58.84,groceries,simulated_bank_transactions_uk
2024-12-21,sto utility bill e.on,98.16,utilities,simulated_bank_transactions_uk
2024-02-25,online purchase amazon misc expense <ref>,34.83,other,simulated_bank_transactions_uk
2024-08-30,mastercard*card*payment*aldi*milk,103.52,groceries,simulated_bank_transactions_uk
2024-03-31,online purchase boots online purchase <ref>,140.52,other,simulated_bank_transactions_uk
2023-10-09,card contactless morrisons chicken <ref>,29.64,groceries,simulated_bank_transactions_uk
2023-02-19,rent pmt letting agent 524,1349.93,housing,simulated_bank_transactions_uk
2024-05-17,card pmt bolt uber ride,105.64,transportation,simulated_bank_transactions_uk
2023-10-25,direct/debit/direct/debit/sky <ref>,65.8,utilities,simulated_bank_transactions_uk
2023-03-20,direct debit amazon prime <ref>,29.04,subscriptions,simulated_bank_transactions_uk
2024-10-31,bill-payment-british-ga,31.25,utilities,simulated_bank_transactions_uk
2023-12-15,bill pmt bt <ref>,70.19,utilities,simulated_bank_transactions_uk
2024-03-31,card/pmt/ebay/misc/expense <ref>,36.62,other,simulated_bank_transactions_uk
2023-05-23,card online purchase ebay online purchase,17.93,other,simulated_bank_transactions_uk
2024-12-16,utility-bill-british-gas <ref>,110.67,utilities,simulated_bank_transactions_uk
2024-12-11,restaurant-kfc-restaurant,107.14,dining,simulated_bank_transactions_uk
2023-02-04,card pmt trainline uber ride <ref>,64.54,transportation,simulated_bank_transactions_uk
2024-03-08,fuel shell fuel <ref>,84.92,transportation,simulated_bank_transactions_uk
2024-11-11,pos asda milk <ref>,15.82,groceries,simulated_bank_transactions_uk
2023-09-07,fuel bolt fuel <ref>,62.0,transportation,simulated_bank_transactions_uk
2023-07-11,utility-bill-vodafone <ref>,49.0,utilities,simulated_bank_transactions_uk
2024-01-18,contactless-bacs-landlord-rent,1995.13,housing,simulated_bank_transactions_uk
2024-11-03,direct debit gym group <ref>,38.98,subscriptions,simulated_bank_transactions_uk
2023-07-27,direct debit bt,38.75,utilities,simulated_bank_transactions_uk
2023-01-12,bill pmt vodafone,184.32,utilities,simulated_bank_transactions_uk
2023-01-13,fuel/national/rail/uber/ride <ref>,78.0,transportation,simulated_bank_transactions_uk
2024-08-22,pos lidl chicken,100.89,groceries,simulated_bank_transactions_uk
2023-11-24,card pmt disney+ <ref>,33.4,subscriptions,simulated_bank_transactions_uk
2024-05-01,bill/payment/thames/water,71.51,utilities,simulated_bank_transactions_uk
2023-06-26,restaurant mcdonalds fast food <ref>,34.48,dining,simulated_bank_transactions_uk
2024-07-08,restaurant/pret/food/delivery <ref>,96.11,dining,simulated_bank_transactions_uk
2023-05-11,online*purchase*nhs*online*purchase 1,24.48,other,simulated_bank_transactions_uk
2023-03-11,card/pmt/superdrug/online/purchase <ref>,129.59,other,simulated_bank_transactions_uk
2023-03-16,card pmt nando's food delivery,148.51,dining,simulated_bank_transactions_uk
2024-10-02,subscription apple.com/bill,31.37,subscriptions,simulated_bank_transactions_uk
2024-02-21,fuel uber train ticket,124.71,transportation,simulated_bank_transactions_uk
2023-11-25,contactless lidl rice,9.31,groceries,simulated_bank_transactions_uk
2024-11-18,pos purchase currys misc expense <ref>,7.07,other,simulated_bank_transactions_uk
2023-08-19,mortgage*payment*rent,1449.01,housing,simulated_bank_transactions_uk
2024-06-05,mastercard bacs letting agent rent <ref>,1929.14,housing,simulated_bank_transactions_uk
2024-10-12,restaurant kfc food delivery,131.17,dining,simulated_bank_transactions_uk
2023-03-18,direct debit sky,93.28,utilities,simulated_bank_transactions_uk
2023-03-09,direct debit restaurant uber eats food delivery,7.54,dining,simulated_bank_transactions_uk
2024-10-18,subscription spotify <ref>,32.2,subscriptions,simulated_bank_transactions_uk
2023-10-15,contactless aldi eggs <ref>,43.78,groceries,simulated_bank_transactions_uk
2023-12-16,food delivery kfc food delivery <ref>,121.6,dining,simulated_bank_transactions_uk
2024-04-26,bacs/transport/shell/bus/pass,138.14,transportation,simulated_bank_transactions_uk
2024-12-05,subscription-gym-group,35.49,subscriptions,simulated_bank_transactions_uk
2024-09-05,subscription-puregym <ref>,28.88,subscriptions,simulated_bank_transactions_uk
2024-05-16,rent payment mortgage <ref>,727.38,housing,simulated_bank_transactions_uk
2023-10-02,card pmt uber uber ride <ref>,39.98,transportation,simulated_bank_transactions_uk
2023-08-22,transport trainline bus pass <ref>,90.38,transportation,simulated_bank_transactions_uk
2024-08-02,transport uber bus pass,136.36,transportation,simulated_bank_transactions_uk
2023-12-10,bill payment ee,72.21,utilities,simulated_bank_transactions_uk
2024-03-10,so card payment apple.com/bill <ref>,14.24,subscriptions,simulated_bank_transactions_uk
2023-05-23,bacs/letting/agent/rent <ref>,1846.77,housing,simulated_bank_transactions_uk
2024-12-03,contactless*pos*purchase*ebay*misc*expense <ref>,30.93,other,simulated_bank_transactions_uk
2024-04-18,transport uber b,33.06,transportation,simulated_bank_transactions_uk
2023-10-26,contactless/subscription/disney+ <ref>,30.36,subscriptions,simulated_bank_transactions_uk
2023-12-12,mortgage*payment*mortgage <ref>,1705.92,housing,simulated_bank_transactions_uk
2023-10-05,direct debit direct debit octopus energy 1,116.16,utilities,simulated_bank_transactions_uk
2024-09-12,card payment disney+,10.12,subscriptions,simulated_bank_transactions_uk
2024-01-21,pos*iceland*eggs,21.29,groceries,simulated_bank_transactions_uk
2023-07-13,pos purchase nhs misc expense <ref>,3.48,other,simulated_bank_transactions_uk
2024-04-10,card payment ebay misc expense <ref>,139.39,other,simulated_bank_transactions_uk
2024-03-06,subscription disney+ <ref>,22.89,subscriptions,simulated_bank_transactions_uk
2024-05-16,bill payment ee <ref>,124.1,utilities,simulated_bank_transactions_uk
2023-05-03,direct debit netflix <ref>,18.54,subscriptions,simulated_bank_transactions_uk
2023-02-25,bill payment ee <ref>,197.23,utilities,simulated_bank_transactions_uk
2024-07-15,pos asda milk,43.77,groceries,simulated_bank_transactions_uk
2024-12-04,subscription-puregym,8.36,subscriptions,simulated_bank_transactions_uk
2024-11-07,card-payment-pret-restaurant <ref>,8.87,dining,simulated_bank_transactions_uk
2024-10-01,subscription disney+,16.82,subscriptions,simulated_bank_transactions_uk
2023-08-14,mortgage payment letting agent <ref>,936.95,housing,simulated_bank_transactions_uk
2024-07-19,card payment disney+ <ref>,14.34,subscriptions,simulated_bank_transactions_uk
2024-07-20,fuel national rail train ticket <ref>,25.3,transportation,simulated_bank_transactions_uk
2024-01-28,subscription spotify 72,11.01,subscriptions,simulated_bank_transactions_uk
2024-09-20,direct*debit*octopus*energy <ref>,50.06,utilities,simulated_bank_transactions_uk
2023-09-10,transport bp fuel <ref>,21.31,transportation,simulated_bank_transactions_uk
2024-04-15,card payment nhs misc expense <ref>,35.48,other,simulated_bank_transactions_uk
2023-10-14,direct debit disney+ 792,37.12,subscriptions,simulated_bank_transactions_uk
2023-11-12,card pmt asda milk <ref>,38.1,groceries,simulated_bank_transactions_uk
2024-01-31,food/delivery/greggs/food/delivery <ref>,129.55,dining,simulated_bank_transactions_uk
2023-03-25,food*delivery*deliveroo*restaurant <ref>,37.13,dining,simulated_bank_transactions_uk
2023-06-03,so food delivery nando's food delivery <ref>,68.29,dining,simulated_bank_transactions_uk
2023-01-24,mortgage pmt letting agent <ref>,1650.97,housing,simulated_bank_transactions_uk
2024-03-23,pos subscription puregym <ref>,28.57,subscriptions,simulated_bank_transactions_uk
2024-05-26,online purchase hmrc misc expense,50.35,other,simulated_bank_transactions_uk
2023-07-30,card-subscription-gym-group,20.48,subscriptions,simulated_bank_transactions_uk
2024-09-07,visa*fuel*tfl*train*ticket 2148,106.41,transportation,simulated_bank_transactions_uk
2024-02-18,contactless card payment superdrug misc expense <ref>,27.75,other,simulated_bank_transactions_uk
2023-09-12,utility bill scottishpower <ref>,119.12,utilities,simulated_bank_transactions_uk
2024-04-25,rent pmt mortgage <ref>,1131.22,housing,simulated_bank_transactions_uk
2023-09-07,contactless-sainsburys-vegetables <ref>,140.48,groceries,simulated_bank_transactions_uk
2024-02-03,mastercard bacs landlord rent,1720.14,housing,simulated_bank_transactions_uk
2024-03-22,direct debit subscription netflix,5.72,subscriptions,simulated_bank_transactions_uk
2023-09-19,bacs landlord rent <ref>,725.25,housing,simulated_bank_transactions_uk
2023-09-24,transport shell train ticket,42.56,transportation,simulated_bank_transactions_uk
2024-08-22,card/pmt/deliveroo/restaurant <ref>,27.78,dining,simulated_bank_transactions_uk
2024-01-09,mortgage pmt mortgage <ref>,1970.83,housing,simulated_bank_transactions_uk
2023-06-12,pos lidl bread <ref>,16.23,groceries,simulated_bank_transactions_uk
2023-02-21,card pmt asda chicken <ref>,105.21,groceries,simulated_bank_transactions_uk
2023-09-19,card pmt uber uber ride <ref>,80.21,transportation,simulated_bank_transactions_uk
2024-03-22,mastercard-food-delivery-greggs-restaurant <ref>,46.09,dining,simulated_bank_transactions_uk
2023-11-16,card payment bolt train ticket <ref>,36.68,transportation,simulated_bank_transactions_uk
2023-02-23,direct/debit/scottishpower <ref>,50.3,utilities,simulated_bank_transactions_uk
2023-06-30,card pmt spotify <ref>,35.51,subscriptions,simulated_bank_transactions_uk
2023-06-21,sto fuel uber fuel,141.48,transportation,simulated_bank_transactions_uk
2024-12-30,pos utility bill o2 <ref>,72.98,utilities,simulated_bank_transactions_uk
2023-10-03,contactless morrisons milk,116.61,groceries,simulated_bank_transactions_uk
2024-04-18,pos pos purchase superdrug online purchase,81.49,other,simulated_bank_transactions_uk
2023-07-11,direct-debit-disney+,10.35,subscriptions,simulated_bank_transactions_uk
2023-10-06,direct debit bt <ref>,67.79,utilities,simulated_bank_transactions_uk
2024-02-08,card*payment*apple.com/bill <ref>,36.32,subscriptions,simulated_bank_transactions_uk
2023-05-16,mastercard utility bill e.on <ref>,64.3,utilities,simulated_bank_transactions_uk
2023-09-09,contactless-utility-bill-e.on <ref>,91.44,utilities,simulated_bank_transactions_uk
2024-12-31,restaurant/mcdonalds/restaurant <ref>,107.4,dining,simulated_bank_transactions_uk
2023-03-10,card utility bill scottishpower <ref>,195.99,utilities,simulated_bank_transactions_uk
2024-04-16,card/payment/uber/eats/restaurant <ref>,3.08,dining,simulated_bank_transactions_uk
2024-07-08,contactless subscription disney+ <ref>,18.83,subscriptions,simulated_bank_transactions_uk
2024-10-24,mortgage payment mortgage <ref>,1253.27,housing,simulated_bank_transactions_uk
2024-02-19,subscription*google**services <ref>,25.21,subscriptions,simulated_bank_transactions_uk
2024-02-22,card pmt superdrug misc expense,79.95,other,simulated_bank_transactions_uk
2023-03-17,direct debit octopus energy,38.01,utilities,simulated_bank_transactions_uk
2024-02-27,subscription netflix,9.04,subscriptions,simulated_bank_transactions_uk
2023-01-25,card pmt just eat fast food,47.03,dining,simulated_bank_transactions_uk
2023-01-17,transport esso fuel,32.21,transportation,simulated_bank_transactions_uk
2024-04-05,direct/debit/e.on <ref>,195.08,utilities,simulated_bank_transactions_uk
2023-11-06,pos purchase nhs online purchase,98.41,other,simulated_bank_transactions_uk
2023-08-21,food delivery just eat restaurant <ref>,23.92,dining,simulated_bank_transactions_uk
2024-04-22,pos*card*pmt*pret*fast*food <ref>,74.56,dining,simulated_bank_transactions_uk
2023-05-14,mortgage pmt mortgage <ref>,886.57,housing,simulated_bank_transactions_uk
2023-05-30,restaurant greggs restaurant,39.07,dining,simulated_bank_transactions_uk
2024-04-21,card bacs letting agent rent <ref>,674.37,housing,simulated_bank_transactions_uk
2023-03-21,card pmt mcdonalds food delivery <ref>,131.2,dining,simulated_bank_transactions_uk
2024-05-03,card pmt netflix <ref>,22.94,subscriptions,simulated_bank_transactions_uk
2023-12-06,contactless*aldi*rice <ref>,12.96,groceries,simulated_bank_transactions_uk
2023-04-14,utility bill sky <ref>,66.51,utilities,simulated_bank_transactions_uk
2024-10-07,bill pmt ee <ref>,142.09,utilities,simulated_bank_transactions_uk
2024-09-19,direct*debit*gym*group <ref>,19.12,subscriptions,simulated_bank_transactions_uk
2023-10-19,fps food delivery just eat fast food <ref>,94.4,dining,simulated_bank_transactions_uk
2024-08-22,card pmt trainline uber ride <ref>,120.78,transportation,simulated_bank_transactions_uk
2024-03-19,card/payment/lidl/rice <ref>,114.5,groceries,simulated_bank_transactions_uk
2024-07-15,pos purchase nhs online purchase <ref>,100.95,other,simulated_bank_transactions_uk
2024-01-22,rent*payment*rent <ref>,814.66,housing,simulated_bank_transactions_uk
2024-10-12,pos transport esso fuel <ref>,110.52,transportation,simulated_bank_transactions_uk
2023-07-21,fuel-shell-train-ticket,23.91,transportation,simulated_bank_transactions_uk
2024-02-08,contactless tesco chicken <ref>,59.43,groceries,simulated_bank_transactions_uk
2023-05-17,contactless utility bill british gas <ref>,32.67,utilities,simulated_bank_transactions_uk
2023-06-05,direct debit sky <ref>,121.87,utilities,simulated_bank_transactions_uk
2023-08-04,restaurant uber eats food delivery 4,86.52,dining,simulated_bank_transactions_uk
2023-02-08,pos morrisons milk,27.02,groceries,simulated_bank_transactions_uk
2023-08-13,fuel*trainline*fuel <ref>,118.69,transportation,simulated_bank_transactions_uk
2024-05-20,card pmt starbucks restaurant,138.95,dining,simulated_bank_transactions_uk
2023-12-17,pos aldi milk <ref>,101.4,groceries,simulated_bank_transactions_uk
2023-09-22,direct debit puregym <ref>,34.77,subscriptions,simulated_bank_transactions_uk
2023-12-05,contactless/subscription/puregym <ref>,36.55,subscriptions,simulated_bank_transactions_uk
2024-08-26,rent pmt landlord,1534.85,housing,simulated_bank_transactions_uk
2023-09-09,card payment disney+,25.78,subscriptions,simulated_bank_transactions_uk
2024-06-05,bill*payment*o2 <ref>,89.88,utilities,simulated_bank_transactions_uk
2024-02-19,card pmt bolt fuel,146.0,transportation,simulated_bank_transactions_uk
2023-09-21,card pmt aldi chicken <ref>,47.15,groceries,simulated_bank_transactions_uk
2023-08-13,card pmt morrisons bread 41,84.59,groceries,simulated_bank_transactions_uk
2024-12-15,direct debit e.on <ref>,233.73,utilities,simulated_bank_transactions_uk
2024-03-05,sto direct debit spotify <ref>,30.99,subscriptions,simulated_bank_transactions_uk
2024-09-30,subscription puregym <ref>,13.49,subscriptions,simulated_bank_transactions_uk
2023-11-18,food delivery costa food delivery <ref>,12.75,dining,simulated_bank_transactions_uk
2024-03-18,bacs*contactless*morrisons*rice,62.67,groceries,simulated_bank_transactions_uk
2024-01-15,mastercard direct debit bt <ref>,36.73,utilities,simulated_bank_transactions_uk
2024-05-18,pos-lidl-eggs <ref>,37.65,groceries,simulated_bank_transactions_uk
2024-03-16,food delivery just eat food delivery <ref>,34.46,dining,simulated_bank_transactions_uk
2024-09-17,pos card pmt hmrc online purchase <ref>,45.11,other,simulated_bank_transactions_uk
2024-09-04,pos purchase currys online purchase <ref>,52.41,other,simulated_bank_transactions_uk
2023-04-14,fuel trainline fuel,128.42,transportation,simulated_bank_transactions_uk
2023-01-09,contactless lidl milk <ref>,120.04,groceries,simulated_bank_transactions_uk
2024-12-15,so*utility*bill*vodafone,50.31,utilities,simulated_bank_transactions_uk
2023-07-01,bacs*bacs*rent*rent <ref>,602.92,housing,simulated_bank_transactions_uk
2024-01-11,so card pmt lidl bread <ref>,45.84,groceries,simulated_bank_transactions_uk
2023-06-19,visa mortgage payment mortgage,722.53,housing,simulated_bank_transactions_uk
2024-08-19,fuel/trainline/bus/pass,17.7,transportation,simulated_bank_transactions_uk
2023-07-16,pos iceland milk <ref>,93.31,groceries,simulated_bank_transactions_uk
2024-05-17,contactless pos purchase boots online purchase <ref>,134.87,other,simulated_bank_transactions_uk
2024-09-22,card pmt sainsburys eggs <ref>,90.23,groceries,simulated_bank_transactions_uk
2023-10-19,pos purchase argos online purcha,125.27,other,simulated_bank_transactions_uk
2023-06-11,bill pmt sky,217.53,utilities,simulated_bank_transactions_uk
2023-10-18,contactless-rent-payment-letting-agent <ref>,913.31,housing,simulated_bank_transactions_uk
2024-11-11,contactless lidl rice <ref>,128.27,groceries,simulated_bank_transactions_uk
2024-06-05,direct debit o2 <ref>,108.93,utilities,simulated_bank_transactions_uk
2024-02-15,so card pmt tfl bus pass,99.06,transportation,simulated_bank_transactions_uk
2023-11-13,restaurant mcdonalds restaurant <ref>,119.76,dining,simulated_bank_transactions_uk
2024-12-21,rent-pmt-mortgage <ref>,1245.8,housing,simulated_bank_transactions_uk
2023-05-01,direct debit octopus energy <ref>,159.29,utilities,simulated_bank_transactions_uk
2023-03-17,utility bill bt,57.74,utilities,simulated_bank_transactions_uk
2024-08-16,contactless/transport/shell/bus/pass <ref>,104.1,transportation,simulated_bank_transactions_uk
2024-10-21,utility bill bt <ref>,56.98,utilities,simulated_bank_transactions_uk
2024-04-29,mastercard*rent*payment*rent <ref>,893.68,housing,simulated_bank_transactions_uk
2023-12-20,mortgage/pmt/letting/agent <ref>,1147.11,housing,simulated_bank_transactions_uk
2023-09-16,pos asda milk,7.61,groceries,simulated_bank_transactions_uk
2024-04-19,card-payment-nando's-restaurant,122.44,dining,simulated_bank_transactions_uk
2024-04-05,mortgage payment letting agent,1807.6,housing,simulated_bank_transactions_uk
2024-11-05,direct debit thames water <ref>,185.62,utilities,simulated_bank_transactions_uk
2023-06-18,card pmt national rail train ticket,4.09,transportation,simulated_bank_transactions_uk
2023-12-09,fuel esso fuel <ref>,16.7,transportation,simulated_bank_transactions_uk
2024-09-10,visa direct debit scottishpower <ref>,82.81,utilities,simulated_bank_transactions_uk
2023-07-04,food-delivery-starbucks-fast-food <ref>,136.37,dining,simulated_bank_transactions_uk
2024-10-08,food-delivery-just-eat-restaurant,116.32,dining,simulated_bank_transactions_uk
2024-01-17,transport uber bus pass,120.63,transportation,simulated_bank_transactions_uk
2024-05-28,transport bolt uber ride <ref>,18.38,transportation,simulated_bank_transactions_uk
2024-06-01,fps utility bill octopus energy <ref>,179.68,utilities,simulated_bank_transactions_uk
2024-08-27,pos card pmt bp fuel <ref>,133.77,transportation,simulated_bank_transactions_uk
2023-02-10,card/pmt/gym/group <ref>,31.94,subscriptions,simulated_bank_transactions_uk
2023-10-25,food delivery nando's food delivery <ref>,89.87,dining,simulated_bank_transactions_uk
2024-02-22,subscription/disney+,16.64,subscriptions,simulated_bank_transactions_uk
2024-03-03,mastercard subscription netflix <ref>,7.2,subscriptions,simulated_bank_transactions_uk
2023-11-19,food/delivery/pret/food/delivery <ref>,87.07,dining,simulated_bank_transactions_uk
2023-11-04,card payment superdrug online purchase <ref>,69.04,other,simulated_bank_transactions_uk
2024-08-16,rent pmt letting agent,1535.81,housing,simulated_bank_transactions_uk
2024-06-27,fuel tfl fuel <ref>,42.01,transportation,simulated_bank_transactions_uk
2023-09-02,fps*utility*bill*sky <ref>,210.73,utilities,simulated_bank_transactions_uk
2023-03-19,food-delivery-greggs-restaurant <ref>,66.21,dining,simulated_bank_transactions_uk
2024-07-13,online*purchase*superdrug*misc*expense <ref>,81.68,other,simulated_bank_transactions_uk
2024-10-17,card restaurant starbucks restaurant <ref>,76.76,dining,simulated_bank_transactions_uk
2024-11-10,online purchase boots misc expense <ref>,116.03,other,simulated_bank_transactions_uk
2023-08-07,pos*card*payment*aldi*rice 1114,148.36,groceries,simulated_bank_transactions_uk
2023-08-29,visa card pmt apple.com/bill <ref>,32.29,subscriptions,simulated_bank_transactions_uk
2023-07-01,food-delivery-starbucks-food-delivery <ref>,109.68,dining,simulated_bank_transactions_uk
2023-03-23,bacs card pmt amazon prime <ref>,28.98,subscriptions,simulated_bank_transactions_uk
2023-01-22,fuel uber train ticket <ref>,142.15,transportation,simulated_bank_transactions_uk
2023-09-22,card pmt aldi bread,139.87,groceries,simulated_bank_transactions_uk
2024-03-12,utility bill o2 <ref>,121.43,utilities,simulated_bank_transactions_uk
2023-10-23,direct debit e.on 7190,198.32,utilities,simulated_bank_transactions_uk
2023-06-09,fuel uber uber ride <ref>,14.21,transportation,simulated_bank_transactions_uk
2023-01-04,online purchase currys online purchase 509,128.4,other,simulated_bank_transactions_uk
2023-10-04,utility-bill-octopus-energy <ref>,204.77,utilities,simulated_bank_transactions_uk
2024-05-27,direct debit scottishpower 154,104.26,utilities,simulated_bank_transactions_uk
2024-05-07,online/purchase/ebay/misc/expense,78.08,other,simulated_bank_transactions_uk
2023-04-05,mortgage payment letting agent,1098.76,housing,simulated_bank_transactions_uk
2023-07-13,transport shell train ticket <ref>,60.02,transportation,simulated_bank_transactions_uk
2024-09-27,fps card pmt netflix,36.88,subscriptions,simulated_bank_transactions_uk
2023-06-16,card payment amazon online purchase,148.84,other,simulated_bank_transactions_uk
2024-07-01,pos bill payment scottishpower <ref>,209.35,utilities,simulated_bank_transactions_uk
2023-12-26,mastercard-utility-bill-bt <ref>,196.61,utilities,simulated_bank_transactions_uk
2024-03-18,pos*waitrose*eggs <ref>,128.47,groceries,simulated_bank_transactions_uk
2024-02-17,bacs contactless asda chicken <ref>,117.05,groceries,simulated_bank_transactions_uk
2024-08-23,bill-pmt-vodafone <ref>,170.25,utilities,simulated_bank_transactions_uk
2024-11-03,rent pmt letting agent <ref>,1642.51,housing,simulated_bank_transactions_uk
2024-04-13,card payment superdrug misc expense <ref>,84.95,other,simulated_bank_transactions_uk
2023-07-23,direct-debit-card-pmt-nando's-fast-food <ref>,97.45,dining,simulated_bank_transactions_uk
2023-01-04,fps card pmt morrisons milk <ref>,69.58,groceries,simulated_bank_transactions_uk
2024-01-17,subscription amazon prime <ref>,28.26,subscriptions,simulated_bank_transactions_uk
2023-11-19,card bacs letting agent rent <ref>,1772.53,housing,simulated_bank_transactions_uk
2023-04-09,online purchase argos misc expense,15.53,other,simulated_bank_transactions_uk
2023-05-20,subscription google *services <ref>,9.08,subscriptions,simulated_bank_transactions_uk
2024-07-18,card payment just eat fast food <ref>,84.38,dining,simulated_bank_transactions_uk
2024-10-15,rent pmt rent <ref>,1735.16,housing,simulated_bank_transactions_uk
2024-03-11,transport esso train ticket <ref>,48.87,transportation,simulated_bank_transactions_uk
2023-02-26,contactless transport bp uber ride <ref>,129.22,transportation,simulated_bank_transactions_uk
2024-01-24,fuel bolt train ticket <ref>,105.3,transportation,simulated_bank_transactions_uk
2023-03-18,bill pmt octopus energy <ref>,120.65,utilities,simulated_bank_transactions_uk
2023-11-04,subscription google *services <ref>,15.79,subscriptions,simulated_bank_transactions_uk
2023-10-19,fps restaurant starbucks restaurant,6.84,dining,simulated_bank_transactions_uk
2023-05-21,fuel national rail train ticket,107.63,transportation,simulated_bank_transactions_uk
2023-04-27,direct/debit/disney+ <ref>,8.5,subscriptions,simulated_bank_transactions_uk
2023-11-22,contactless asda eggs <ref>,115.9,groceries,simulated_bank_transactions_uk
2024-08-19,direct debit pos iceland bread <ref>,87.73,groceries,simulated_bank_transactions_uk
2023-10-11,card payment boots online purchase,37.03,other,simulated_bank_transactions_uk
2024-07-16,card pmt bolt uber ride <ref>,122.3,transportation,simulated_bank_transactions_uk
2024-11-04,pos card pmt gym group <ref>,36.72,subscriptions,simulated_bank_transactions_uk
2023-02-11,pos transport national rail uber ride,134.61,transportation,simulated_bank_transactions_uk
2023-12-08,transport national rail fuel <ref>,16.67,transportation,simulated_bank_transactions_uk
2023-04-07,card pmt trainline uber ride <ref>,23.12,transportation,simulated_bank_transactions_uk
2024-04-25,pos subscription gym group <ref>,21.69,subscriptions,simulated_bank_transactions_uk
2023-04-20,contactless online purchase ebay misc expense <ref>,62.68,other,simulated_bank_transactions_uk
2024-07-28,card pmt bolt train ticket <ref>,89.86,transportation,simulated_bank_transactions_uk
2023-06-22,card pmt boots online purchase <ref>,15.06,other,simulated_bank_transactions_uk
2023-08-12,bill*pmt*vodafone <ref>,33.71,utilities,simulated_bank_transactions_uk
2024-11-29,rent*pmt*mortgage <ref>,1940.21,housing,simulated_bank_transactions_uk
2024-06-19,direct debit spotify <ref>,5.19,subscriptions,simulated_bank_transactions_uk
2023-09-01,card pmt uber train ticket <ref>,75.42,transportation,simulated_bank_transactions_uk
2024-11-13,card pmt asda rice <ref>,34.02,groceries,simulated_bank_transactions_uk
2023-10-27,food delivery kfc restaurant,124.28,dining,simulated_bank_transactions_uk
2024-08-27,fuel*tfl*train*ticket,62.46,transportation,simulated_bank_transactions_uk
2023-09-13,food delivery nando's food delivery <ref>,45.29,dining,simulated_bank_transactions_uk
2024-09-11,subscription spotify <ref>,13.92,subscriptions,simulated_bank_transactions_uk
2024-02-20,card pmt starbucks restaurant,146.74,dining,simulated_bank_transactions_uk
2024-08-13,visa card payment disney+ <ref>,29.2,subscriptions,simulated_bank_transactions_uk
2024-12-29,utility bill bt <ref>,84.73,utilities,simulated_bank_transactions_uk
2023-02-17,pos asda bread <ref>,149.73,groceries,simulated_bank_transactions_uk
2023-08-12,bacs mortgage rent,786.15,housing,simulated_bank_transactions_uk
2024-10-29,transport-bolt-uber-ride,87.46,transportation,simulated_bank_transactions_uk
2023-04-20,fps direct debit vodafone 44,33.03,utilities,simulated_bank_transactions_uk
2023-05-31,transport shell train ticket <ref>,68.72,transportation,simulated_bank_transactions_uk
2024-02-25,rent/pmt/mortgage <ref>,1055.16,housing,simulated_bank_transactions_uk
2023-10-09,restaurant uber eats food delivery,79.27,dining,simulated_bank_transactions_uk
2024-10-12,food delivery costa food delivery <ref>,32.63,dining,simulated_bank_transactions_uk
2024-11-12,utility bill scottishpower,71.36,utilities,simulated_bank_transactions_uk
2023-10-08,online purchase superdrug online purchase <ref>,75.02,other,simulated_bank_transactions_uk
2024-03-19,restaurant costa restaurant <ref>,40.06,dining,simulated_bank_transactions_uk
2023-03-03,card/payment/nando's/restaurant <ref>,12.03,dining,simulated_bank_transactions_uk
2023-04-24,bacs-rent-rent <ref>,885.38,housing,simulated_bank_transactions_uk
2023-07-01,card pmt uber train ticket <ref>,44.67,transportation,simulated_bank_transactions_uk
2024-06-26,restaurant uber eats restaurant <ref>,72.57,dining,simulated_bank_transactions_uk
2023-11-07,card payment waitrose chicken,69.8,groceries,simulated_bank_transactions_uk
2023-10-10,direct debit mortgage payment landlord,1563.8,housing,simulated_bank_transactions_uk
2023-10-04,card pmt amazon misc expense,144.64,other,simulated_bank_transactions_uk
2023-01-18,direct debit sky <ref>,229.06,utilities,simulated_bank_transactions_uk
2024-01-29,pos purchase hmrc online purchase 150,97.85,other,simulated_bank_transactions_uk
2024-06-18,utility-bill-sky,188.67,utilities,simulated_bank_transactions_uk
2024-11-05,sto transport trainline uber ride <ref>,42.96,transportation,simulated_bank_transactions_uk
2024-08-03,subscription google *services,5.71,subscriptions,simulated_bank_transactions_uk
2023-09-16,card payment aldi bread <ref>,135.12,groceries,simulated_bank_transactions_uk
2024-11-15,card pmt argos online purchase <ref>,114.39,other,simulated_bank_transactions_uk
2023-07-07,card subscription puregym,37.36,subscriptions,simulated_bank_transactions_uk
2023-01-21,bacs landlord rent <ref>,604.72,housing,simulated_bank_transactions_uk
2023-01-02,pos transport bp fuel <ref>,86.49,transportation,simulated_bank_transactions_uk
2023-11-10,card/pmt/greggs/restaurant <ref>,30.54,dining,simulated_bank_transactions_uk
2024-08-23,rent/payment/landlord 71,1726.43,housing,simulated_bank_transactions_uk
2024-08-01,bill pmt vodafone <ref>,241.34,utilities,simulated_bank_transactions_uk
2023-07-20,direct debit puregym <ref>,21.51,subscriptions,simulated_bank_transactions_uk
2024-04-27,direct debit ee <ref>,103.95,utilities,simulated_bank_transactions_uk
2024-05-19,online/purchase/currys/online/purchase <ref>,81.28,other,simulated_bank_transactions_uk
2023-03-20,direct-debit-octopus-energy 8246,33.61,utilities,simulated_bank_transactions_uk
2023-08-25,card card pmt asda chicken <ref>,134.7,groceries,simulated_bank_transactions_uk
2024-02-27,food delivery costa restaurant <ref>,33.13,dining,simulated_bank_transactions_uk
2024-07-15,direct*debit*gym*group <ref>,28.83,subscriptions,simulated_bank_transactions_uk
2023-08-08,restaurant pret food delivery <ref>,22.95,dining,simulated_bank_transactions_uk
2024-08-24,utility/bill/severn/trent <ref>,86.42,utilities,simulated_bank_transactions_uk
2024-10-20,food delivery just eat restaurant,148.72,dining,simulated_bank_transactions_uk
2023-08-31,subscription google *services,8.27,subscriptions,simulated_bank_transactions_uk
2024-09-04,direct-debit-apple.com/bill,13.76,subscriptions,simulated_bank_transactions_uk
2023-02-15,direct debit subscription netflix,31.63,subscriptions,simulated_bank_transactions_uk
2023-06-21,restaurant just eat food delivery <ref>,43.73,dining,simulated_bank_transactions_uk
2023-08-10,mortgage pmt mortgage,1285.37,housing,simulated_bank_transactions_uk
2023-04-13,direct debit pos purchase currys misc expense,133.46,other,simulated_bank_transactions_uk
2024-08-12,contactless tesco chicken <ref>,88.68,groceries,simulated_bank_transactions_uk
2023-12-24,pos-fuel-bolt-uber-ride <ref>,65.78,transportation,simulated_bank_transactions_uk
2023-06-18,fuel national rail fuel,84.77,transportation,simulated_bank_transactions_uk
2024-10-04,contactless aldi vegetables <ref>,17.33,groceries,simulated_bank_transactions_uk
2023-06-10,direct debit gym group <ref>,11.74,subscriptions,simulated_bank_transactions_uk
2023-08-03,direct debit ee <ref>,73.09,utilities,simulated_bank_transactions_uk
2024-04-05,bill pmt octopus energy <ref>,43.48,utilities,simulated_bank_transactions_uk
2023-07-29,bill pmt scottishpower <ref>,189.66,utilities,simulated_bank_transactions_uk
2024-03-18,direct/debit/transport/trainline/bus/pass <ref>,125.71,transportation,simulated_bank_transactions_uk
2024-01-23,direct debit ee <ref>,65.0,utilities,simulated_bank_transactions_uk
2024-06-29,contactless morrisons bread,58.06,groceries,simulated_bank_transactions_uk
2023-08-05,bill pmt bt <ref>,198.17,utilities,simulated_bank_transactions_uk
2024-03-21,contactless sainsburys bread <ref>,64.01,groceries,simulated_bank_transactions_uk
2024-07-22,direct debit e.on 5534,144.46,utilities,simulated_bank_transactions_uk
2024-08-31,mortgage pmt landlord <ref>,820.36,housing,simulated_bank_transactions_uk
2024-03-11,card payment spotify <ref>,38.38,subscriptions,simulated_bank_transactions_uk
2023-08-08,bacs bill pmt ee <ref>,87.25,utilities,simulated_bank_transactions_uk
2024-07-02,direct debit mortgage pmt letting agent <ref>,1013.75,housing,simulated_bank_transactions_uk
2023-04-29,food delivery uber eats restaurant,131.58,dining,simulated_bank_transactions_uk
2023-08-24,online purchase currys online purchase <ref>,135.42,other,simulated_bank_transactions_uk
2024-10-27,direct debit mortgage pmt mortgage,1152.45,housing,simulated_bank_transactions_uk
2024-06-14,pos subscription spotify <ref>,9.73,subscriptions,simulated_bank_transactions_uk
2023-02-21,utility bill sky <ref>,82.91,utilities,simulated_bank_transactions_uk
2024-07-05,card*card*payment*spot,7.6,subscriptions,simulated_bank_transactions_uk
2023-09-23,direct debit gym group <ref>,23.81,subscriptions,simulated_bank_transactions_uk
2023-07-02,direct debit fuel trainline bus pass <ref>,83.69,transportation,simulated_bank_transactions_uk
2023-07-30,contactless tesco rice <ref>,75.1,groceries,simulated_bank_transactions_uk
2023-06-01,bill-payment-scottishpower,49.66,utilities,simulated_bank_transactions_uk
2024-07-13,card pmt puregym <ref>,30.23,subscriptions,simulated_bank_transactions_uk
2024-04-16,pos lidl vegetables <ref>,114.74,groceries,simulated_bank_transactions_uk
2023-02-03,direct debit severn trent <ref>,104.29,utilities,simulated_bank_transactions_uk
2024-11-11,online purchase currys online purchase <ref>,117.67,other,simulated_bank_transactions_uk
2023-03-27,mastercard mortgage payment mortgage <ref>,1612.33,housing,simulated_bank_transactions_uk
2024-10-14,sto transport national rail train ticket,114.36,transportation,simulated_bank_transactions_uk
2023-04-11,subscription netflix <ref>,11.66,subscriptions,simulated_bank_transactions_uk
2023-02-28,food delivery greggs food deliv,98.19,dining,simulated_bank_transactions_uk
2023-12-28,visa pos purchase hmrc online purchase <ref>,108.73,other,simulated_bank_transactions_uk
2024-05-31,fuel-bp-fuel,101.81,transportation,simulated_bank_transactions_uk
2023-03-29,mortgage/payment/landlord <ref>,965.13,housing,simulated_bank_transactions_uk
2024-05-03,card pmt spotify <ref>,25.17,subscriptions,simulated_bank_transactions_uk
2023-03-20,transport esso fuel <ref>,79.77,transportation,simulated_bank_transactions_uk
2024-09-28,utility bill ee <ref>,93.57,utilities,simulated_bank_transactions_uk
2024-04-25,pos*purchase*nhs*online*purchase <ref>,49.17,other,simulated_bank_transactions_uk
2023-01-27,card pmt lidl chicken 7,66.9,groceries,simulated_bank_transactions_uk
2024-11-08,card pmt waitrose chicken <ref>,10.18,groceries,simulated_bank_transactions_uk
2024-10-13,card payment bp train ticket <ref>,58.55,transportation,simulated_bank_transactions_uk
2024-06-12,card pmt bolt uber ride,56.14,transportation,simulated_bank_transactions_uk
2024-07-30,card fuel bp train ticket <ref>,62.56,transportation,simulated_bank_transactions_uk
2023-10-03,card payment morrisons bread,63.71,groceries,simulated_bank_transactions_uk
2023-02-20,card payment google *services <ref>,17.93,subscriptions,simulated_bank_transactions_uk
2024-08-13,mastercard fuel esso bus pass,123.77,transportation,simulated_bank_transactions_uk
2023-02-10,card pmt deliveroo food delivery <ref>,9.16,dining,simulated_bank_transactions_uk
2024-02-25,rent pmt letting agent,891.08,housing,simulated_bank_transactions_uk
2023-01-18,so subscription apple.com/bill <ref>,26.63,subscriptions,simulated_bank_transactions_uk
2023-03-04,card payment ebay online purchase <ref>,21.49,other,simulated_bank_transactions_uk
2024-02-06,sto-card-payment-national-rail-uber-ride <ref>,139.44,transportation,simulated_bank_transactions_uk
2024-06-25,card transport bolt uber ride <ref>,133.86,transportation,simulated_bank_transactions_uk
2024-10-21,rent payment landlord,1626.6,housing,simulated_bank_transactions_uk
2024-06-12,direct debit vodafone,234.8,utilities,simulated_bank_transactions_uk
2024-10-25,pos direct debit octopus energy <ref>,71.29,utilities,simulated_bank_transactions_uk
2023-06-08,mastercard card payment aldi rice <ref>,42.37,groceries,simulated_bank_transactions_uk
2024-11-25,bacs landlord rent <ref>,1160.12,housing,simulated_bank_transactions_uk
2024-10-22,transport esso train ticket <ref>,79.69,transportation,simulated_bank_transactions_uk
2023-09-06,rent pmt rent <ref>,822.03,housing,simulated_bank_transactions_uk
2024-06-25,food delivery nando's food delivery <ref>,22.19,dining,simulated_bank_transactions_uk
2023-09-15,card payment pret restaurant <ref>,18.3,dining,simulated_bank_transactions_uk
2024-02-04,visa*card*payment*tesco*rice <ref>,131.4,groceries,simulated_bank_transactions_uk
2024-01-18,card*pmt*national*rail*fuel <ref>,26.03,transportation,simulated_bank_transactions_uk
2023-02-13,pos purchase hmrc misc expense <ref>,130.34,other,simulated_bank_transactions_uk
2024-01-13,bill/pmt/e.on,188.65,utilities,simulated_bank_transactions_uk
2023-01-24,fuel bp train ticket <ref>,46.19,transportation,simulated_bank_transactions_uk
2023-10-14,mortgage-pmt-rent <ref>,1030.82,housing,simulated_bank_transactions_uk
2024-06-27,pos purchase hmrc misc expense,78.41,other,simulated_bank_transactions_uk
2024-01-13,card/payment/netflix <ref>,30.58,subscriptions,simulated_bank_transactions_uk
2023-05-18,bill-pmt-e.on,90.6,utilities,simulated_bank_transactions_uk
2023-03-05,card payment starbucks food delivery <ref>,125.27,dining,simulated_bank_transactions_uk
2023-02-28,rent-pmt-letting-agent,1561.56,housing,simulated_bank_transactions_uk
2023-08-10,online/purchase/nhs/misc/expense,38.11,other,simulated_bank_transactions_uk
2024-08-24,utility bill sky,145.77,utilities,simulated_bank_transactions_uk
2023-08-16,fuel national rail uber ride <ref>,61.02,transportation,simulated_bank_transactions_uk
2023-04-03,so online purchase currys online purchase <ref>,121.47,other,simulated_bank_transactions_uk
2024-06-22,card payment asda vegetables,91.18,groceries,simulated_bank_transactions_uk
2023-05-07,restaurant/uber/eats/food/delivery <ref>,132.15,dining,simulated_bank_transactions_uk
2024-08-30,sto subscription gym group,11.95,subscriptions,simulated_bank_transactions_uk
2024-05-19,so/card/pmt/waitrose/vegetables 804,102.78,groceries,simulated_bank_transactions_uk
2023-08-20,card bill payment severn trent <ref>,101.06,utilities,simulated_bank_transactions_uk
2023-03-20,card pmt tesco rice <ref>,128.66,groceries,simulated_bank_transactions_uk
2024-05-23,card contactless morrisons chicken <ref>,114.92,groceries,simulated_bank_transactions_uk
2023-04-08,online*purchase*hmrc*misc*expense <ref>,148.74,other,simulated_bank_transactions_uk
2024-07-19,card card payment just eat food delivery <ref>,129.18,dining,simulated_bank_transactions_uk
2023-01-28,mortgage pmt letting agent <ref>,858.76,housing,simulated_bank_transactions_uk
2023-12-09,card pos purchase boots online purchase 807,89.16,other,simulated_bank_transactions_uk
2023-05-11,pos purchase hmrc misc expense <ref>,19.47,other,simulated_bank_transactions_uk
2024-01-22,pos purchase ebay online purchase,38.92,other,simulated_bank_transactions_uk
2024-05-24,bacs card pmt trainline fuel,96.61,transportation,simulated_bank_transactions_uk
2024-09-02,visa*card*pmt*shell*bus*pass <ref>,123.99,transportation,simulated_bank_transactions_uk
2023-01-04,pos*sainsburys*vegetables,136.47,groceries,simulated_bank_transactions_uk
2023-12-21,bacs card payment netflix <ref>,17.88,subscriptions,simulated_bank_transactions_uk
2023-05-07,bill*payment*sky,162.81,utilities,simulated_bank_transactions_uk
2023-10-27,pos purchase boots misc expense <ref>,19.0,other,simulated_bank_transactions_uk
2023-01-28,direct/debit/o2,135.02,utilities,simulated_bank_transactions_uk
2023-06-24,card payment amazon prime <ref>,19.25,subscriptions,simulated_bank_transactions_uk
2024-09-13,online purchase amazon online purchase <ref>,141.42,other,simulated_bank_transactions_uk
2023-10-09,card-payment-google-*services <ref>,13.4,subscriptions,simulated_bank_transactions_uk
2023-04-05,card-payment-trainline-bu,64.49,transportation,simulated_bank_transactions_uk
2023-10-29,card card payment national rail uber ride <ref>,105.23,transportation,simulated_bank_transactions_uk
2024-01-11,fps direct debit e.on <ref>,39.43,utilities,simulated_bank_transactions_uk
2024-05-19,rent pmt mortgage <ref>,1072.49,housing,simulated_bank_transactions_uk
2023-02-17,sto/restaurant/mcdonalds/fast/food <ref>,67.0,dining,simulated_bank_transactions_uk
2024-03-12,direct/debit/puregym <ref>,31.12,subscriptions,simulated_bank_transactions_uk
2023-07-17,pos purchase currys online purchase <ref>,141.01,other,simulated_bank_transactions_uk
2023-07-28,visa online purchase superdrug online purchase,79.48,other,simulated_bank_transactions_uk
2024-09-14,fuel-bp-fuel,61.48,transportation,simulated_bank_transactions_uk
2024-12-02,card-pmt-tesco-milk <ref>,59.78,groceries,simulated_bank_transactions_uk
2023-08-06,sto-restaurant-deliveroo-restaurant <ref>,50.1,dining,simulated_bank_transactions_uk
2023-09-18,contactless sainsburys bread <ref>,115.84,groceries,simulated_bank_transactions_uk
2024-03-16,fuel*bp*bus*pass,10.65,transportation,simulated_bank_transactions_uk
2024-05-12,card pmt apple.com/bill <ref>,25.02,subscriptions,simulated_bank_transactions_uk
2023-05-27,visa mortgage pmt letting agent <ref>,1385.92,housing,simulated_bank_transactions_uk
2023-10-25,direct debit disney+ <ref>,34.1,subscriptions,simulated_bank_transactions_uk
2024-07-21,mortgage payment landlord,1025.61,housing,simulated_bank_transactions_uk
2023-07-18,card payment iceland chicken,147.82,groceries,simulated_bank_transactions_uk
2024-11-14,fuel uber bus pass <ref>,37.9,transportation,simulated_bank_transactions_uk
2023-02-17,bacs/subscription/spotify,9.78,subscriptions,simulated_bank_transactions_uk
2023-05-08,direct debit utility bill scotti,165.19,utilities,simulated_bank_transactions_uk
2024-04-07,pos waitrose milk <ref>,101.05,groceries,simulated_bank_transactions_uk
2024-01-13,rent pmt rent <ref>,666.49,housing,simulated_bank_transactions_uk
2023-10-20,subscription puregym,33.12,subscriptions,simulated_bank_transactions_uk
2024-04-08,direct debit gym group,30.01,subscriptions,simulated_bank_transactions_uk
2024-09-04,card payment esso train ticket <ref>,62.22,transportation,simulated_bank_transactions_uk
2024-01-20,bacs mortgage pmt ren,1401.8,housing,simulated_bank_transactions_uk
2024-10-19,pos purchase amazon misc expense <ref>,125.05,other,simulated_bank_transactions_uk
2024-04-12,subscription amazon prime,28.66,subscriptions,simulated_bank_transactions_uk
2024-07-02,contactless iceland chicken,46.45,groceries,simulated_bank_transactions_uk
2024-10-14,bacs pos purchase hmrc misc expense <ref>,88.15,other,simulated_bank_transactions_uk
2023-10-29,direct debit google *services <ref>,24.79,subscriptions,simulated_bank_transactions_uk
2024-08-06,contactless asda chicken,133.44,groceries,simulated_bank_transactions_uk
2023-04-21,card pmt puregym <ref>,36.17,subscriptions,simulated_bank_transactions_uk
2024-03-16,direct debit direct debit vodafone <ref>,61.08,utilities,simulated_bank_transactions_uk
2023-02-26,bacs card pmt kfc food delivery <ref>,85.3,dining,simulated_bank_transactions_uk
2024-07-25,restaurant pret food delivery 3212,105.85,dining,simulated_bank_transactions_uk
2023-05-01,card pmt greggs restaurant <ref>,61.51,dining,simulated_bank_transactions_uk
2023-02-01,bacs-restaurant-pret-fast-food,145.93,dining,simulated_bank_transactions_uk
2024-07-29,rent pmt mortgage,902.27,housing,simulated_bank_transactions_uk
2024-11-17,rent pmt letting agent,908.56,housing,simulated_bank_transactions_uk
2024-06-16,mortgage pmt letting agent,1857.93,housing,simulated_bank_transactions_uk
2023-01-04,utility bill scottishpower <ref>,245.81,utilities,simulated_bank_transactions_uk
2023-05-01,card payment national rail fuel <ref>,133.43,transportation,simulated_bank_transactions_uk
2023-05-31,direct debit vodafone <ref>,150.84,utilities,simulated_bank_transactions_uk
2024-07-11,card*payment*starbucks*food*delivery,115.18,dining,simulated_bank_transactions_uk
2024-07-17,mortgage payment landlord <ref>,972.45,housing,simulated_bank_transactions_uk
2024-02-21,card*pmt*deliveroo*food*delivery,58.61,dining,simulated_bank_transactions_uk
2024-07-29,sto bacs landlord rent <ref>,903.28,housing,simulated_bank_transactions_uk
2024-12-03,food delivery deliveroo fast food,17.44,dining,simulated_bank_transactions_uk
2023-12-11,utility bill e.on,99.01,utilities,simulated_bank_transactions_uk
2023-07-16,pos purchase ebay online purchase <ref>,40.03,other,simulated_bank_transactions_uk
2023-06-02,pos purchase hmrc misc expense <ref>,61.6,other,simulated_bank_transactions_uk
2023-02-11,direct*debit*severn*trent <ref>,89.82,utilities,simulated_bank_transactions_uk
2023-06-18,online purchase amazon online purchase 5461,125.38,other,simulated_bank_transactions_uk
2024-11-14,restaurant mcdonalds restaurant <ref>,3.14,dining,simulated_bank_transactions_uk
2024-02-03,card payment superdrug misc expense <ref>,91.26,other,simulated_bank_transactions_uk
2024-02-01,so/contactless/waitrose/milk <ref>,20.17,groceries,simulated_bank_transactions_uk
2024-09-18,card pmt puregym <ref>,28.39,subscriptions,simulated_bank_transactions_uk
2023-03-09,transport/esso/uber/ride 3,10.04,transportation,simulated_bank_transactions_uk
2024-10-25,restaurant*just*eat*food*delivery <ref>,11.23,dining,simulated_bank_transactions_uk
2024-09-13,fuel bp uber ride <ref>,46.08,transportation,simulated_bank_transactions_uk
2024-04-09,sto pos waitrose vege,50.24,groceries,simulated_bank_transactions_uk
2024-06-18,restaurant kfc restaurant <ref>,129.85,dining,simulated_bank_transactions_uk
2023-02-21,bill payment thames water <ref>,167.94,utilities,simulated_bank_transactions_uk
2023-01-18,mortgage/payment/letting/agent,991.72,housing,simulated_bank_transactions_uk
2023-10-16,card restaurant starbucks fast food <ref>,68.08,dining,simulated_bank_transactions_uk
2024-04-04,food delivery pret restaurant <ref>,11.55,dining,simulated_bank_transactions_uk
2023-05-14,so utility bill bt <ref>,120.56,utilities,simulated_bank_transactions_uk
2023-04-05,card payment apple.com/bill <ref>,24.44,subscriptions,simulated_bank_transactions_uk
2024-01-29,bacs rent rent,1756.41,housing,simulated_bank_transactions_uk
2024-09-08,card-payment-tesco-bre,86.12,groceries,simulated_bank_transactions_uk
2024-06-20,contactless sainsburys eggs <ref>,6.34,groceries,simulated_bank_transactions_uk
2023-07-27,bacs mortgage rent,873.38,housing,simulated_bank_transactions_uk
2023-05-16,food delivery starbucks restaurant <ref>,16.11,dining,simulated_bank_transactions_uk
2023-06-25,card pmt bolt bus pass <ref>,108.09,transportation,simulated_bank_transactions_uk
2024-04-23,utility bill severn trent,118.29,utilities,simulated_bank_transactions_uk
2023-06-18,card pmt apple.com/bill,12.17,subscriptions,simulated_bank_transactions_uk
2024-01-24,rent payment landlord <ref>,828.74,housing,simulated_bank_transactions_uk
2023-09-01,card pmt sainsburys bread,113.3,groceries,simulated_bank_transactions_uk
2024-05-22,so card pmt superdrug misc expense <ref>,22.46,other,simulated_bank_transactions_uk
2023-07-14,sto/subscription/google/*services,18.16,subscriptions,simulated_bank_transactions_uk
2023-10-31,bill payment british gas <ref>,176.93,utilities,simulated_bank_transactions_uk
2023-06-22,pos transport trainline bus pass,90.11,transportation,simulated_bank_transactions_uk
2024-02-10,pos purchase superdrug misc expense <ref>,10.02,other,simulated_bank_transactions_uk
2023-04-07,fuel uber uber ride <ref>,146.04,transportation,simulated_bank_transactions_uk
2023-02-24,card pmt greggs fast food <ref>,44.86,dining,simulated_bank_transactions_uk
2023-04-15,utility*bill*vodafone,85.03,utilities,simulated_bank_transactions_uk
2023-05-26,bacs/food/delivery/starbucks/fast/food <ref>,81.52,dining,simulated_bank_transactions_uk
2024-11-14,food delivery nando's food delivery <ref>,119.27,dining,simulated_bank_transactions_uk
2023-06-15,card*card*payment*puregym <ref>,7.63,subscriptions,simulated_bank_transactions_uk
2024-08-26,rent*pmt*mortgage <ref>,1851.97,housing,simulated_bank_transactions_uk
2024-06-15,subscription puregym,11.77,subscriptions,simulated_bank_transactions_uk
2023-12-15,pos food delivery kfc restaurant,87.16,dining,simulated_bank_transactions_uk
2024-03-24,mortgage payment mortgage,1561.49,housing,simulated_bank_transactions_uk
2024-07-06,utility bill sky <ref>,80.96,utilities,simulated_bank_transactions_uk
2024-11-28,direct debit thames water <ref>,68.99,utilities,simulated_bank_transactions_uk
2023-08-23,fuel esso fuel,7.29,transportation,simulated_bank_transactions_uk
2024-12-20,subscription-google-*services,5.8,subscriptions,simulated_bank_transactions_uk
2024-11-28,subscription puregym <ref>,20.0,subscriptions,simulated_bank_transactions_uk
2023-03-04,contactless pos waitrose rice <ref>,73.31,groceries,simulated_bank_transactions_uk
2024-02-19,card pmt just eat fast food <ref>,37.68,dining,simulated_bank_transactions_uk
2023-01-03,card pmt netflix,5.54,subscriptions,simulated_bank_transactions_uk
2024-11-05,restaurant kfc food delivery <ref>,24.11,dining,simulated_bank_transactions_uk
2024-10-06,online purchase currys online purchase <ref>,29.53,other,simulated_bank_transactions_uk
2023-03-30,transport bp bus pass,102.06,transportation,simulated_bank_transactions_uk
2024-01-10,food delivery deliveroo food delivery,131.4,dining,simulated_bank_transactions_uk
2024-04-03,pos-morrisons-eggs <ref>,82.24,groceries,simulated_bank_transactions_uk
2024-08-06,contactless waitrose vegetables <ref>,41.94,groceries,simulated_bank_transactions_uk
2023-06-28,contactless bill payment sky <ref>,199.42,utilities,simulated_bank_transactions_uk
2024-08-04,contactless lidl chicken <ref>,23.4,groceries,simulated_bank_transactions_uk
2023-02-10,food delivery deliveroo fast food,113.98,dining,simulated_bank_transactions_uk
2023-08-29,visa*subscription*netflix 626,28.87,subscriptions,simulated_bank_transactions_uk
2023-10-23,card pmt costa food delivery <ref>,92.52,dining,simulated_bank_transactions_uk
2023-05-10,contactless online purchase amazon online purchase <ref>,143.1,other,simulated_bank_transactions_uk
2024-09-11,contactless asda eggs,120.36,groceries,simulated_bank_transactions_uk
2024-09-04,mortgage/pmt/mortgage,1359.2,housing,simulated_bank_transactions_uk
2023-05-14,fps/rent/pmt/letting/agent <ref>,1008.61,housing,simulated_bank_transactions_uk
2024-09-16,bacs transport uber bus pass <ref>,127.38,transportation,simulated_bank_transactions_uk
2023-10-18,card*payment*apple.com/bill <ref>,27.65,subscriptions,simulated_bank_transactions_uk
2024-06-03,card pmt tfl fuel <ref>,95.03,transportation,simulated_bank_transactions_uk
2024-03-27,food delivery mcdonalds restaurant,105.21,dining,simulated_bank_transactions_uk
2023-08-29,card pmt iceland eggs,138.78,groceries,simulated_bank_transactions_uk
2024-07-06,direct debit apple.com/bill <ref>,21.72,subscriptions,simulated_bank_transactions_uk
2024-09-22,card pmt boots online purchase,6.85,other,simulated_bank_transactions_uk
2023-03-21,card pmt kfc fast food,58.93,dining,simulated_bank_transactions_uk
2024-04-17,direct debit disney+ <ref>,28.23,subscriptions,simulated_bank_transactions_uk
2024-01-29,food/delivery/deliveroo/food/delivery <ref>,81.23,dining,simulated_bank_transactions_uk
2024-03-22,direct*debit*gym*group <ref>,25.11,subscriptions,simulated_bank_transactions_uk
2023-05-13,card pmt amazon prime <ref>,10.39,subscriptions,simulated_bank_transactions_uk
2023-02-09,card pmt esso train ticket,75.6,transportation,simulated_bank_transactions_uk
2023-01-01,online purchase ebay misc expense <ref>,103.19,other,simulated_bank_transactions_uk
2024-10-02,food delivery mcdonalds food delivery <ref>,30.38,dining,simulated_bank_transactions_uk
2024-12-13,online purchase nhs online purchase <ref>,57.2,other,simulated_bank_transactions_uk
2024-01-05,fuel uber uber ride <ref>,100.54,transportation,simulated_bank_transactions_uk
2024-09-26,online purchase nhs misc expense <ref>,59.0,other,simulated_bank_transactions_uk
2023-02-01,card pmt tfl fuel <ref>,86.67,transportation,simulated_bank_transactions_uk
2023-06-30,bacs*mortgage*rent <ref>,1859.67,housing,simulated_bank_transactions_uk
2023-10-02,card card payment currys misc expense <ref>,128.31,other,simulated_bank_transactions_uk
2024-02-07,transport national rail train ticket <ref>,140.33,transportation,simulated_bank_transactions_uk
2023-05-24,food delivery mcdonalds food delivery <ref>,60.93,dining,simulated_bank_transactions_uk
2023-09-10,transport bp bus pass <ref>,30.3,transportation,simulated_bank_transactions_uk
2023-10-03,mortgage payment letting agent <ref>,1635.1,housing,simulated_bank_transactions_uk
2023-08-16,online purchase amazon misc expense <ref>,125.06,other,simulated_bank_transactions_uk
2024-08-09,pos purchase currys online purchase <ref>,83.29,other,simulated_bank_transactions_uk
2023-09-24,contactless waitrose eggs <ref>,62.52,groceries,simulated_bank_transactions_uk
2023-12-02,card pmt aldi vegetables <ref>,103.04,groceries,simulated_bank_transactions_uk
2023-07-02,direct debit british gas,235.08,utilities,simulated_bank_transactions_uk
2024-08-12,fuel bp fuel,27.65,transportation,simulated_bank_transactions_uk
2024-12-12,utility*bill*octopus*energy <ref>,78.76,utilities,simulated_bank_transactions_uk
2024-01-14,bill pmt thames water,201.97,utilities,simulated_bank_transactions_uk
2024-05-31,card-payment-morrisons-bread <ref>,129.49,groceries,simulated_bank_transactions_uk
2024-01-14,card*pmt*iceland*chicken <ref>,107.46,groceries,simulated_bank_transactions_uk
2024-05-16,transport/bp/uber/ride <ref>,142.89,transportation,simulated_bank_transactions_uk
2024-07-26,subscription puregym,38.24,subscriptions,simulated_bank_transactions_uk
2024-05-14,bacs card pmt tfl uber ride,92.65,transportation,simulated_bank_transactions_uk
2023-08-18,online purchase argos misc expense <ref>,124.25,other,simulated_bank_transactions_uk
2024-09-30,contactless waitrose bread <ref>,48.07,groceries,simulated_bank_transactions_uk
2024-08-13,card payment morrisons vegetables <ref>,134.4,groceries,simulated_bank_transactions_uk
2024-09-05,contactless waitrose milk <ref>,137.34,groceries,simulated_bank_transactions_uk
2024-06-18,bacs food delivery greggs restaurant <ref>,9.89,dining,simulated_bank_transactions_uk
2023-10-03,card-pos-purchase-nhs-misc-expense <ref>,88.55,other,simulated_bank_transactions_uk
2024-01-08,online purchase ebay online purchase <ref>,15.64,other,simulated_bank_transactions_uk
2024-04-09,card utility bill sky,101.55,utilities,simulated_bank_transactions_uk
2023-07-27,card-pmt-tesco-eggs,124.66,groceries,simulated_bank_transactions_uk
2024-01-10,contactless/sainsburys/bread,110.15,groceries,simulated_bank_transactions_uk
2024-06-21,pos subscription puregym <ref>,21.65,subscriptions,simulated_bank_transactions_uk
2024-04-03,pos lidl bread <ref>,120.42,groceries,simulated_bank_transactions_uk
2024-09-27,online purchase amazon misc expense 9,9.73,other,simulated_bank_transactions_uk
2024-10-20,fuel esso train ticket <ref>,105.48,transportation,simulated_bank_transactions_uk
2023-03-31,sto pos purchase currys online purchase <ref>,44.67,other,simulated_bank_transactions_uk
2024-01-28,card pmt lidl eggs,29.07,groceries,simulated_bank_transactions_uk
2024-08-28,direct debit google *services <ref>,9.27,subscriptions,simulated_bank_transactions_uk
2023-05-15,card payment puregym,26.18,subscriptions,simulated_bank_transactions_uk
2024-01-05,fps online purchase amazon misc expense <ref>,3.99,other,simulated_bank_transactions_uk
2023-12-23,bill-payment-e.on <ref>,145.89,utilities,simulated_bank_transactions_uk
2023-12-05,card payment deliveroo restaurant,133.86,dining,simulated_bank_transactions_uk
2024-08-20,subscription*puregym <ref>,38.44,subscriptions,simulated_bank_transactions_uk
2024-03-28,subscription apple.com/bill <ref>,20.74,subscriptions,simulated_bank_transactions_uk
2023-05-22,transport esso bus pass <ref>,129.8,transportation,simulated_bank_transactions_uk
2023-12-12,restaurant pret food delivery 191,52.67,dining,simulated_bank_transactions_uk
2024-08-25,mortgage pmt rent,1075.35,housing,simulated_bank_transactions_uk
2023-11-21,restaurant just eat fast food <ref>,120.1,dining,simulated_bank_transactions_uk
2023-05-12,mastercard*pos*purchase*argos*misc*expense,29.13,other,simulated_bank_transactions_uk
2024-12-10,so fuel shell uber ride <ref>,145.24,transportation,simulated_bank_transactions_uk
2023-01-07,card pmt just eat fast food 4,6.73,dining,simulated_bank_transactions_uk
2023-11-11,card pmt iceland milk,25.92,groceries,simulated_bank_transactions_uk
2023-08-26,card payment shell train ticket <ref>,89.19,transportation,simulated_bank_transactions_uk
2023-04-29,card payment asda bread,22.28,groceries,simulated_bank_transactions_uk
2023-03-12,card-pmt-ebay-misc-expense <ref>,130.67,other,simulated_bank_transactions_uk
2024-06-18,visa utility bill o2 <ref>,135.72,utilities,simulated_bank_transactions_uk
2023-04-13,bill pmt british gas <ref>,70.07,utilities,simulated_bank_transactions_uk
2024-06-16,transport trainline bus pass <ref>,44.8,transportation,simulated_bank_transactions_uk
2024-05-17,visa-direct-debit-apple.com/bill <ref>,25.53,subscriptions,simulated_bank_transactions_uk
2023-08-16,sto*direct*debit*e.on <ref>,181.88,utilities,simulated_bank_transactions_uk
2024-03-27,restaurant kfc fast food <ref>,135.13,dining,simulated_bank_transactions_uk
2023-01-07,pos bacs landlord rent,809.59,housing,simulated_bank_transactions_uk
2024-12-21,utility-bill-severn-trent <ref>,246.65,utilities,simulated_bank_transactions_uk
2023-03-13,utility bill sky <ref>,238.93,utilities,simulated_bank_transactions_uk
2024-07-10,card payment gym group <ref>,11.05,subscriptions,simulated_bank_transactions_uk
2023-07-14,pos-purchase-amazon-online-purchase <ref>,111.35,other,simulated_bank_transactions_uk
2024-09-13,fps card pmt nhs online purchase <ref>,21.57,other,simulated_bank_transactions_uk
2023-03-02,visa utility bill vodafone <ref>,167.29,utilities,simulated_bank_transactions_uk
2023-04-03,food-delivery-mcdonalds-food-delivery,4.19,dining,simulated_bank_transactions_uk
2023-07-28,card direct debit disney+ <ref>,22.13,subscriptions,simulated_bank_transactions_uk
2024-04-27,mortgage payment mortgage,1345.52,housing,simulated_bank_transactions_uk
2024-11-12,food delivery deliveroo food delivery <ref>,106.81,dining,simulated_bank_transactions_uk
2023-12-25,card-pmt-deliveroo-restaurant,118.68,dining,simulated_bank_transactions_uk
2024-01-07,mastercard card pmt starbucks fast food <ref>,50.16,dining,simulated_bank_transactions_uk
2023-06-08,subscription-google-*services <ref>,9.75,subscriptions,simulated_bank_transactions_uk
2024-09-25,online purchase argos online purchase <ref>,50.84,other,simulated_bank_transactions_uk
2024-11-16,pos sainsburys chicken,123.05,groceries,simulated_bank_transactions_uk
2023-09-04,bacs landlord rent,1520.75,housing,simulated_bank_transactions_uk
2023-07-06,fps mortgage pmt landlord <ref>,1369.12,housing,simulated_bank_transactions_uk
2023-06-29,rent payment letting agent <ref>,1503.59,housing,simulated_bank_transactions_uk
2023-07-23,bacs pos morrisons rice <ref>,104.06,groceries,simulated_bank_transactions_uk
2024-08-01,restaurant costa food delivery,110.06,dining,simulated_bank_transactions_uk
2023-11-30,rent pmt letting agent <ref>,1896.52,housing,simulated_bank_transactions_uk
2024-09-21,utility bill thames water <ref>,240.14,utilities,simulated_bank_transactions_uk
2024-03-13,utility bill british gas <ref>,240.18,utilities,simulated_bank_transactions_uk
2024-08-22,pos purchase hmrc misc expense <ref>,99.62,other,simulated_bank_transactions_uk
2024-07-20,card pmt morrisons vegetables,47.57,groceries,simulated_bank_transactions_uk
2024-10-30,direct/debit/apple.com/bill,10.83,subscriptions,simulated_bank_transactions_uk
2024-07-07,transport uber train ticket <ref>,119.03,transportation,simulated_bank_transactions_uk
2024-03-03,bill pmt vodafone,97.77,utilities,simulated_bank_transactions_uk
2024-04-19,contactless/morrisons/rice <ref>,109.54,groceries,simulated_bank_transactions_uk
2023-10-24,rent pmt landlord,1731.54,housing,simulated_bank_transactions_uk
2023-09-17,direct debit direct debit ee,87.43,utilities,simulated_bank_transactions_uk
2023-07-04,subscription/netflix 5648,30.38,subscriptions,simulated_bank_transactions_uk
2024-08-19,card pmt uber eats food delivery,124.26,dining,simulated_bank_transactions_uk
2023-06-28,food delivery kfc restaurant <ref>,30.46,dining,simulated_bank_transactions_uk
2023-12-06,card*payment*uber*eats*restaurant,26.83,dining,simulated_bank_transactions_uk
2023-04-26,bill/payment/vodafone,230.35,utilities,simulated_bank_transactions_uk
2023-05-22,direct debit utility bill o2,209.85,utilities,simulated_bank_transactions_uk
2023-05-14,card*payment*gym*group <ref>,23.16,subscriptions,simulated_bank_transactions_uk
2023-04-11,direct debit british gas 684,195.6,utilities,simulated_bank_transactions_uk
2023-02-25,sto utility bill bt,203.93,utilities,simulated_bank_transactions_uk
2023-09-29,so direct debit gym group,35.92,subscriptions,simulated_bank_transactions_uk
2024-12-03,pos*card*pmt*argos*misc*expense <ref>,92.17,other,simulated_bank_transactions_uk
2024-08-05,card payment uber eats food delivery <ref>,77.01,dining,simulated_bank_transactions_uk
2024-12-10,card pmt starbucks fast food,103.49,dining,simulated_bank_transactions_uk
2023-08-31,mortgage pmt mortgage <ref>,1100.31,housing,simulated_bank_transactions_uk
2023-02-11,rent payment rent,1718.17,housing,simulated_bank_transactions_uk
2024-02-02,direct-debit-scottishpower <ref>,96.46,utilities,simulated_bank_transactions_uk
2024-08-10,bacs landlord rent <ref>,1797.26,housing,simulated_bank_transactions_uk
2023-12-22,fuel shell uber ride <ref>,70.65,transportation,simulated_bank_transactions_uk
2024-08-07,pos purchase boots online purchase <ref>,143.25,other,simulated_bank_transactions_uk
2023-06-02,online purchase superdrug online purchas,6.36,other,simulated_bank_transactions_uk
2024-08-23,bacs/mortgage/rent <ref>,1621.67,housing,simulated_bank_transactions_uk
2023-07-23,rent/pmt/rent <ref>,729.47,housing,simulated_bank_transactions_uk
2024-06-07,food delivery costa fast food <ref>,99.1,dining,simulated_bank_transactions_uk
2023-01-06,utility bill bt,73.19,utilities,simulated_bank_transactions_uk
2024-12-04,direct debit disney+,7.89,subscriptions,simulated_bank_transactions_uk
2023-05-29,bacs/direct/debit/gym/group 91,38.86,subscriptions,simulated_bank_transactions_uk
2023-06-05,card-pmt-deliveroo-restaurant,96.09,dining,simulated_bank_transactions_uk
2024-12-04,pos-waitrose-bread <ref>,26.14,groceries,simulated_bank_transactions_uk
2023-05-23,bacs bacs landlord rent <ref>,1653.72,housing,simulated_bank_transactions_uk
2024-11-20,card payment lidl milk <ref>,92.06,groceries,simulated_bank_transactions_uk
2024-02-17,bacs card payment morrisons milk <ref>,19.57,groceries,simulated_bank_transactions_uk
2023-02-12,card pmt lidl bread <ref>,137.25,groceries,simulated_bank_transactions_uk
2024-04-02,fps card payment iceland chicken <ref>,109.09,groceries,simulated_bank_transactions_uk
2024-03-24,bill payment sky,233.62,utilities,simulated_bank_transactions_uk
2023-08-08,utility bill ee <ref>,194.29,utilities,simulated_bank_transactions_uk
2024-03-17,pos-sainsburys-eggs,87.07,groceries,simulated_bank_transactions_uk
2023-01-14,restaurant costa fast food <ref>,33.64,dining,simulated_bank_transactions_uk
2023-11-05,visa bacs mortgage rent <ref>,1827.62,housing,simulated_bank_transactions_uk
2023-10-16,online purchase amazon online purchase,25.0,other,simulated_bank_transactions_uk
2024-07-25,bill pmt octopus energy 9204,35.0,utilities,simulated_bank_transactions_uk
2023-12-12,mortgage payment landlord <ref>,796.86,housing,simulated_bank_transactions_uk
2023-12-01,card payment nhs online purchase <ref>,87.74,other,simulated_bank_transactions_uk
2023-01-18,direct debit british gas,112.63,utilities,simulated_bank_transactions_uk
2024-01-11,card pmt boots online purchase <ref>,105.99,other,simulated_bank_transactions_uk
2023-03-09,transport trainline fuel <ref>,126.43,transportation,simulated_bank_transactions_uk
2023-08-08,card pmt ebay online purchase <ref>,121.39,other,simulated_bank_transactions_uk
2024-05-23,visa bacs letting agent rent,1572.38,housing,simulated_bank_transactions_uk
2023-08-23,card-pmt-ebay-online-purchase <ref>,117.13,other,simulated_bank_transactions_uk
2023-07-15,card pmt mcdonalds restaurant,23.86,dining,simulated_bank_transactions_uk
2024-07-06,pos restaurant starbucks fast food,83.81,dining,simulated_bank_transactions_uk
2023-05-14,direct debit transport shell fuel <ref>,48.12,transportation,simulated_bank_transactions_uk
2023-06-09,direct debit sky,46.49,utilities,simulated_bank_transactions_uk
2023-02-25,contactless sainsburys bread <ref>,148.54,groceries,simulated_bank_transactions_uk
2023-06-15,food/delivery/uber/eats/restaurant,56.19,dining,simulated_bank_transactions_uk
2023-10-12,food delivery costa restaurant <ref>,84.96,dining,simulated_bank_transactions_uk
2023-03-04,sto*contactless*waitrose*bread <ref>,91.06,groceries,simulated_bank_transactions_uk
2023-03-29,card payment costa food delive,109.07,dining,simulated_bank_transactions_uk
2023-01-23,mastercard card pmt uber eats fast food <ref>,129.71,dining,simulated_bank_transactions_uk
2023-10-16,visa food delivery pret restau,22.11,dining,simulated_bank_transactions_uk
2023-11-24,card payment puregym <ref>,8.75,subscriptions,simulated_bank_transactions_uk
2024-12-01,transport bp train ticket <ref>,124.68,transportation,simulated_bank_transactions_uk
2023-10-20,fps bacs rent rent <ref>,1594.46,housing,simulated_bank_transactions_uk
2023-01-18,mastercard card payment tesco bread <ref>,11.62,groceries,simulated_bank_transactions_uk
2024-05-23,card payment disney+ <ref>,19.19,subscriptions,simulated_bank_transactions_uk
2023-11-12,direct-debit-disney+,19.81,subscriptions,simulated_bank_transactions_uk
2023-12-23,direct debit spotify <ref>,25.65,subscriptions,simulated_bank_transactions_uk
2023-06-26,pos card pmt national rail bus pass <ref>,65.5,transportation,simulated_bank_transactions_uk
2023-09-15,utility bill octopus energy <ref>,53.41,utilities,simulated_bank_transactions_uk
2023-02-15,card pmt greggs fast food <ref>,3.4,dining,simulated_bank_transactions_uk
2024-06-10,card payment google *services,32.9,subscriptions,simulated_bank_transactions_uk
2024-02-27,contactless waitrose milk <ref>,33.46,groceries,simulated_bank_transactions_uk
2023-04-03,direct debit disney+ <ref>,18.95,subscriptions,simulated_bank_transactions_uk
2023-02-13,direct debit card payment nando's restaurant <ref>,65.3,dining,simulated_bank_transactions_uk
2024-11-17,subscription netflix <ref>,33.43,subscriptions,simulated_bank_transactions_uk
2024-08-29,fuel bp fuel,18.79,transportation,simulated_bank_transactions_uk
2023-12-17,pos/asda/vegetables,18.9,groceries,simulated_bank_transactions_uk
2023-02-13,bacs landlord rent,873.68,housing,simulated_bank_transactions_uk
2023-02-25,restaurant uber eats fast food,17.94,dining,simulated_bank_transactions_uk
2023-03-23,restaurant just eat food delivery <ref>,36.69,dining,simulated_bank_transactions_uk
2024-06-27,pos asda eggs,56.08,groceries,simulated_bank_transactions_uk
2024-02-15,card payment trainline fuel <ref>,47.13,transportation,simulated_bank_transactions_uk
2024-08-01,utility bill ee,35.45,utilities,simulated_bank_transactions_uk
2024-06-24,pos food delivery kfc restaurant <ref>,54.29,dining,simulated_bank_transactions_uk
2024-09-02,fps-mortgage-pmt-letting-agent,1584.77,housing,simulated_bank_transactions_uk
2023-05-04,fuel shell fuel <ref>,7.36,transportation,simulated_bank_transactions_uk
2023-07-25,card payment netflix <ref>,39.99,subscriptions,simulated_bank_transactions_uk
2024-03-26,direct-debit-apple.com/bill <ref>,33.35,subscriptions,simulated_bank_transactions_uk
2024-03-23,transport/esso/fuel <ref>,133.78,transportation,simulated_bank_transactions_uk
2024-08-22,pos*purchase*amazon*online*purchase <ref>,14.6,other,simulated_bank_transactions_uk
2023-05-22,contactless sainsburys chicken,38.36,groceries,simulated_bank_transactions_uk
2023-09-30,pos bacs letting agent rent,680.61,housing,simulated_bank_transactions_uk
2023-11-15,card pmt pret fast food,65.56,dining,simulated_bank_transactions_uk
2023-04-30,so transport uber uber ride,114.0,transportation,simulated_bank_transactions_uk
2024-11-13,card contactless waitrose rice,89.51,groceries,simulated_bank_transactions_uk
2023-02-08,card pmt greggs restaurant <ref>,137.35,dining,simulated_bank_transactions_uk
2024-08-22,pos waitrose vegetables <ref>,99.3,groceries,simulated_bank_transactions_uk
2024-12-17,bill*pmt*scottishpower,153.84,utilities,simulated_bank_transactions_uk
2023-11-19,online purchase amazon misc expense <ref>,87.4,other,simulated_bank_transactions_uk
2023-09-19,direct debit severn trent,67.87,utilities,simulated_bank_transactions_uk
2023-11-01,direct debit apple.com/bill,33.27,subscriptions,simulated_bank_transactions_uk
2024-09-12,bacs-rent-rent <ref>,1153.0,housing,simulated_bank_transactions_uk
2023-07-23,subscription google *services,27.68,subscriptions,simulated_bank_transactions_uk
2023-05-04,bacs card payment uber eats food delivery <ref>,67.54,dining,simulated_bank_transactions_uk
2024-07-23,contactless card payment amazon misc expense <ref>,59.19,other,simulated_bank_transactions_uk
2023-04-12,mastercard bacs mortgage rent <ref>,1871.31,housing,simulated_bank_transactions_uk
2024-05-11,bill payment ee <ref>,239.56,utilities,simulated_bank_transactions_uk
2023-08-27,restaurant greggs food delivery <ref>,42.13,dining,simulated_bank_transactions_uk
2024-03-23,card pmt superdrug online purchase <ref>,115.04,other,simulated_bank_transactions_uk
2024-11-16,bill/payment/vodafone <ref>,242.75,utilities,simulated_bank_transactions_uk
2023-04-27,so card payment google *services <ref>,24.9,subscriptions,simulated_bank_transactions_uk
2023-09-28,mastercard card pmt disney+ <ref>,7.34,subscriptions,simulated_bank_transactions_uk
2023-05-23,bill payment british gas <ref>,240.27,utilities,simulated_bank_transactions_uk
2024-06-11,contactless iceland bread <ref>,71.69,groceries,simulated_bank_transactions_uk
2023-04-19,fps-card-payment-kfc-food-delivery <ref>,127.1,dining,simulated_bank_transactions_uk
2023-06-12,card pmt aldi rice,11.07,groceries,simulated_bank_transactions_uk
2023-09-23,so mortgage pmt landlord,1524.62,housing,simulated_bank_transactions_uk
2023-03-27,card payment lidl chicken,141.73,groceries,simulated_bank_transactions_uk
2024-08-08,utility bill bt,195.2,utilities,simulated_bank_transactions_uk
2024-08-21,visa-direct-debit-apple.com/bill,39.76,subscriptions,simulated_bank_transactions_uk
2023-03-27,restaurant-greggs-restaurant <ref>,134.92,dining,simulated_bank_transactions_uk
2024-07-04,food*delivery*deliveroo*restaurant <ref>,110.45,dining,simulated_bank_transactions_uk
2024-11-08,direct/debit/gym/group <ref>,15.14,subscriptions,simulated_bank_transactions_uk
2024-07-13,card card pmt spotify <ref>,34.8,subscriptions,simulated_bank_transactions_uk
2023-05-22,restaurant starbucks fast food <ref>,47.7,dining,simulated_bank_transactions_uk
2023-12-31,bill payment vodafone <ref>,223.64,utilities,simulated_bank_transactions_uk
2024-03-26,subscription puregym <ref>,13.16,subscriptions,simulated_bank_transactions_uk
2023-06-26,card payment gym group,5.4,subscriptions,simulated_bank_transactions_uk
2023-02-17,contactless tesco milk <ref>,41.15,groceries,simulated_bank_transactions_uk
2024-11-13,card pmt greggs fast food,50.07,dining,simulated_bank_transactions_uk
2024-01-25,contactless waitrose brea,126.79,groceries,simulated_bank_transactions_uk
2024-10-25,bacs-direct-debit-google-*services,19.11,subscriptions,simulated_bank_transactions_uk
2024-05-26,mortgage pmt letting agent <ref>,1315.26,housing,simulated_bank_transactions_uk
2024-03-09,rent payment mortgage <ref>,1439.86,housing,simulated_bank_transactions_uk
2024-02-06,card pmt netflix <ref>,30.42,subscriptions,simulated_bank_transactions_uk
2024-10-12,card payment disney+,21.7,subscriptions,simulated_bank_transactions_uk
2023-12-30,pos aldi eggs <ref>,9.34,groceries,simulated_bank_transactions_uk
2024-08-17,direct/debit/sky <ref>,203.9,utilities,simulated_bank_transactions_uk
2023-02-15,fps card pmt greggs restaurant <ref>,55.13,dining,simulated_bank_transactions_uk
2023-07-01,fps restaurant deliveroo food delivery <ref>,97.42,dining,simulated_bank_transactions_uk
2024-12-08,card pmt starbucks fast food <ref>,102.11,dining,simulated_bank_transactions_uk
2023-12-29,sto direct debit disney+ <ref>,30.3,subscriptions,simulated_bank_transactions_uk
2024-11-05,pos asda rice <ref>,88.41,groceries,simulated_bank_transactions_uk
2024-09-11,fps*bacs*letting*agent*rent <ref>,1496.0,housing,simulated_bank_transactions_uk
2024-09-16,visa food delivery greggs food delivery <ref>,97.03,dining,simulated_bank_transactions_uk
2023-09-29,card payment uber eats fast food 2766,83.38,dining,simulated_bank_transactions_uk
2023-11-16,card payment spotify <ref>,20.86,subscriptions,simulated_bank_transactions_uk
2023-12-13,direct/debit/severn/trent <ref>,63.65,utilities,simulated_bank_transactions_uk
2023-12-31,card pmt tesco rice <ref>,23.92,groceries,simulated_bank_transactions_uk
2024-07-09,subscription apple.com/bill,19.23,subscriptions,simulated_bank_transactions_uk
2023-08-16,card pmt disney+ <ref>,38.87,subscriptions,simulated_bank_transactions_uk
2024-05-28,card transport shell fuel 8,81.31,transportation,simulated_bank_transactions_uk
2023-09-22,direct debit bt <ref>,60.24,utilities,simulated_bank_transactions_uk
2024-06-23,food delivery deliveroo fast food <ref>,25.25,dining,simulated_bank_transactions_uk
2024-03-11,card pmt deliveroo food delivery <ref>,87.64,dining,simulated_bank_transactions_uk
2023-04-02,contactless aldi chicken <ref>,125.45,groceries,simulated_bank_transactions_uk
2023-04-26,card*pmt*bolt*uber*ride <ref>,34.52,transportation,simulated_bank_transactions_uk
2024-09-06,card pmt disney+ <ref>,28.14,subscriptions,simulated_bank_transactions_uk
2024-02-22,so mortgage payment letting agent <ref>,1822.39,housing,simulated_bank_transactions_uk
2024-02-22,contactless pos iceland bread <ref>,34.36,groceries,simulated_bank_transactions_uk
2023-09-12,card payment waitrose eggs <ref>,30.43,groceries,simulated_bank_transactions_uk
2024-06-07,pos-waitrose-eggs <ref>,50.22,groceries,simulated_bank_transactions_uk
2024-12-18,pos lidl rice,51.87,groceries,simulated_bank_transactions_uk
2023-10-13,fps card payment iceland bread,55.97,groceries,simulated_bank_transactions_uk
2023-09-26,card payment amazon misc expense,75.85,other,simulated_bank_transactions_uk
2023-11-22,pos lidl chicken <ref>,17.31,groceries,simulated_bank_transactions_uk
2023-10-08,so/mortgage/payment/landlord,1575.82,housing,simulated_bank_transactions_uk
2023-03-06,pos aldi chicken <ref>,64.21,groceries,simulated_bank_transactions_uk
2023-03-08,card-payment-starbucks-food-delivery <ref>,74.18,dining,simulated_bank_transactions_uk
2024-08-31,so pos purchase boots online purchase,105.93,other,simulated_bank_transactions_uk
2024-07-13,direct debit spotify <ref>,27.07,subscriptions,simulated_bank_transactions_uk
2024-07-18,subscription-gym-group,19.02,subscriptions,simulated_bank_transactions_uk
2024-02-28,bill-pmt-o2 <ref>,127.43,utilities,simulated_bank_transactions_uk
2024-09-29,bacs direct debit netflix <ref>,34.39,subscriptions,simulated_bank_transactions_uk
2024-07-13,bill-payment-ee,238.38,utilities,simulated_bank_transactions_uk
2024-09-24,mastercard restaurant mcdonalds food delivery,100.49,dining,simulated_bank_transactions_uk
2024-08-18,online purchase superdrug online purchase,105.74,other,simulated_bank_transactions_uk
2024-03-26,card payment deliveroo food delivery,93.93,dining,simulated_bank_transactions_uk
2024-12-06,contactless/card/pmt/bolt/fuel <ref>,86.38,transportation,simulated_bank_transactions_uk
2024-08-25,online purchase argos online purchase <ref>,51.12,other,simulated_bank_transactions_uk
2023-02-20,so card payment trainline bus pass,121.13,transportation,simulated_bank_transactions_uk
2024-09-05,card contactless aldi milk <ref>,93.21,groceries,simulated_bank_transactions_uk
2024-05-04,rent pmt landlord 56,1562.43,housing,simulated_bank_transactions_uk
2024-01-26,card pmt uber train ticket <ref>,105.46,transportation,simulated_bank_transactions_uk
2023-03-22,mortgage*payment*mortgage,698.54,housing,simulated_bank_transactions_uk
2023-08-21,fps restaurant pret food delivery,110.05,dining,simulated_bank_transactions_uk
2023-11-18,card-pmt-amazon-misc-expense,33.45,other,simulated_bank_transactions_uk
2023-04-13,direct*debit*vodafone <ref>,172.48,utilities,simulated_bank_transactions_uk
2023-02-27,subscription disney+,18.03,subscriptions,simulated_bank_transactions_uk
2023-01-26,card card pmt mcdonalds fast food <ref>,4.13,dining,simulated_bank_transactions_uk
2023-05-20,direct debit puregym <ref>,15.54,subscriptions,simulated_bank_transactions_uk
2023-10-28,fuel bolt bus pass,29.3,transportation,simulated_bank_transactions_uk
2023-10-08,card card payment just eat fast food <ref>,103.31,dining,simulated_bank_transactions_uk
2024-02-25,online*purchase*ebay*misc*expen,66.41,other,simulated_bank_transactions_uk
2023-09-26,contactless morrisons eggs <ref>,119.01,groceries,simulated_bank_transactions_uk
2023-11-19,bill*pmt*severn*trent <ref>,234.91,utilities,simulated_bank_transactions_uk
2024-03-29,sto food delivery starbucks fast food <ref>,75.03,dining,simulated_bank_transactions_uk
2023-11-12,direct debit card payment uber uber ride <ref>,86.97,transportation,simulated_bank_transactions_uk
2023-07-16,contactless online purchase amazon misc expense,144.82,other,simulated_bank_transactions_uk
2023-09-06,fps online purchase hmrc online purchase,65.5,other,simulated_bank_transactions_uk
2024-02-19,card payment nhs misc expense,40.94,other,simulated_bank_transactions_uk
2023-07-08,restaurant starbucks restaurant,128.58,dining,simulated_bank_transactions_uk
2023-10-24,card payment currys misc expense <ref>,52.47,other,simulated_bank_transactions_uk
2023-12-09,contactless tesco milk,61.28,groceries,simulated_bank_transactions_uk
2023-01-10,card payment google *services <ref>,37.39,subscriptions,simulated_bank_transactions_uk
2023-06-29,rent pmt landlord <ref>,861.43,housing,simulated_bank_transactions_uk
2024-04-07,pos bill pmt vodafone <ref>,197.65,utilities,simulated_bank_transactions_uk
2024-04-30,card pmt pret fast food,105.01,dining,simulated_bank_transactions_uk
2023-11-20,contactless/fuel/tfl/fuel 823,22.75,transportation,simulated_bank_transactions_uk
2023-07-01,direct debit direct debit google *services <ref>,8.63,subscriptions,simulated_bank_transactions_uk
2024-05-30,transport*tfl*uber*ride <ref>,16.57,transportation,simulated_bank_transactions_uk
2024-06-13,sto-card-pmt-superdrug-misc-expense <ref>,81.41,other,simulated_bank_transactions_uk
2024-07-03,visa mortgage payment rent <ref>,608.57,housing,simulated_bank_transactions_uk
2024-06-12,pos waitrose milk <ref>,72.76,groceries,simulated_bank_transactions_uk
2024-07-26,food delivery starbucks fast food,107.51,dining,simulated_bank_transactions_uk
2024-09-01,utility bill scottishpower <ref>,68.04,utilities,simulated_bank_transactions_uk
2023-01-14,fuel uber fuel <ref>,139.82,transportation,simulated_bank_transactions_uk
2024-02-23,pos pos purchase argos misc expense <ref>,68.58,other,simulated_bank_transactions_uk
2024-10-15,online/purchase/ebay/misc/expense <ref>,128.35,other,simulated_bank_transactions_uk
2023-04-24,contactless online purchase superdrug misc expense <ref>,14.19,other,simulated_bank_transactions_uk
2024-05-05,bill-pmt-thames-water,85.27,utilities,simulated_bank_transactions_uk
2024-12-14,fuel*bp*train*ticket <ref>,66.22,transportation,simulated_bank_transactions_uk
2023-02-19,subscription gym group <ref>,31.34,subscriptions,simulated_bank_transactions_uk
2024-10-12,sto card payment kfc food delivery <ref>,54.5,dining,simulated_bank_transactions_uk
2023-06-29,visa*direct*debit*sky,238.56,utilities,simulated_bank_transactions_uk
2024-07-24,card payment bolt train ticket,21.14,transportation,simulated_bank_transactions_uk
2024-01-06,bacs mortgage rent <ref>,1830.11,housing,simulated_bank_transactions_uk
2024-11-23,visa/online/purchase/amazon/misc/expense,9.93,other,simulated_bank_transactions_uk
2024-01-12,restaurant deliveroo fast food <ref>,47.91,dining,simulated_bank_transactions_uk
2023-05-30,transport bp fuel 6,52.77,transportation,simulated_bank_transactions_uk
2023-03-20,card payment hmrc online purchase,127.29,other,simulated_bank_transactions_uk
2023-06-07,pos sainsburys bread <ref>,141.84,groceries,simulated_bank_transactions_uk
2024-05-18,mortgage payment mortgage <ref>,1352.17,housing,simulated_bank_transactions_uk
2024-02-12,bacs rent rent <ref>,1861.64,housing,simulated_bank_transactions_uk
2023-10-28,online purchase amazon online purchase,38.71,other,simulated_bank_transactions_uk
2024-07-22,bacs*mortgage*payment*rent,642.99,housing,simulated_bank_transactions_uk
2024-05-01,pos direct debit disney+ <ref>,33.69,subscriptions,simulated_bank_transactions_uk
2023-03-04,card payment bp uber ride <ref>,99.29,transportation,simulated_bank_transactions_uk
2024-02-01,online purchase amazon online purchase <ref>,92.19,other,simulated_bank_transactions_uk
2023-07-19,bill payment sky,187.25,utilities,simulated_bank_transactions_uk
2023-08-24,card payment tesco rice,92.51,groceries,simulated_bank_transactions_uk
2023-08-23,transport esso train ticket,42.21,transportation,simulated_bank_transactions_uk
2023-01-13,transport bp train ticket <ref>,132.52,transportation,simulated_bank_transactions_uk
2023-04-17,contactless*iceland*vegetables 14,118.81,groceries,simulated_bank_transactions_uk
2024-04-30,direct debit netflix,18.87,subscriptions,simulated_bank_transactions_uk
2024-03-11,direct debit puregym <ref>,7.34,subscriptions,simulated_bank_transactions_uk
2023-09-18,card payment bp train ticket <ref>,43.99,transportation,simulated_bank_transactions_uk
2024-06-28,card*mortgage*pmt*mortgage <ref>,1198.5,housing,simulated_bank_transactions_uk
2024-09-26,bill-payment-bt <ref>,134.52,utilities,simulated_bank_transactions_uk
2023-01-16,utility bill scottishpower <ref>,151.54,utilities,simulated_bank_transactions_uk
2023-05-31,rent payment mortgage <ref>,1434.06,housing,simulated_bank_transactions_uk
2023-09-19,direct debit direct debit gym group <ref>,22.94,subscriptions,simulated_bank_transactions_uk
2024-08-04,card/pmt/boots/misc/expense <ref>,121.17,other,simulated_bank_transactions_uk
2023-06-08,mastercard subscription google *services,23.47,subscriptions,simulated_bank_transactions_uk
2023-11-19,sto online purchase amazon online pu,47.99,other,simulated_bank_transactions_uk
2024-05-05,restaurant nando's food delivery <ref>,106.35,dining,simulated_bank_transactions_uk
2024-11-28,so pos lidl eggs <ref>,126.44,groceries,simulated_bank_transactions_uk
2023-04-02,utility bill thames water <ref>,38.01,utilities,simulated_bank_transactions_uk
2023-06-29,pos online purchase nhs misc expense <ref>,107.44,other,simulated_bank_transactions_uk
2024-07-24,fps fuel bp train ticket <ref>,135.97,transportation,simulated_bank_transactions_uk
2023-08-30,contactless mortgage payment rent,827.83,housing,simulated_bank_transactions_uk
2024-10-23,direct-debit-e.on,54.8,utilities,simulated_bank_transactions_uk
2023-06-10,mortgage payment mortgage <ref>,1887.93,housing,simulated_bank_transactions_uk
2024-06-11,direct*debit*apple.com/bill <ref>,23.1,subscriptions,simulated_bank_transactions_uk
2023-08-06,pos waitrose vegetables <ref>,87.98,groceries,simulated_bank_transactions_uk
2023-01-16,direct debit e.on <ref>,209.57,utilities,simulated_bank_transactions_uk
2023-03-06,direct debit e.on,30.46,utilities,simulated_bank_transactions_uk
2023-02-16,bacs landlord rent <ref>,1131.16,housing,simulated_bank_transactions_uk
2024-09-03,contactless lidl chicken <ref>,126.67,groceries,simulated_bank_transactions_uk
2024-07-14,bacs mortgage rent,770.38,housing,simulated_bank_transactions_uk
2024-01-28,card pmt asda eggs,30.83,groceries,simulated_bank_transactions_uk
2023-08-29,visa online purchase currys online purchase,45.45,other,simulated_bank_transactions_uk
2024-10-18,subscription/netflix,27.75,subscriptions,simulated_bank_transactions_uk
2023-02-18,card pos aldi chicken,78.02,groceries,simulated_bank_transactions_uk
2024-07-17,card-pmt-amazon-misc-expense <ref>,43.63,other,simulated_bank_transactions_uk
2024-08-25,direct debit bacs letting agent rent <ref>,1033.06,housing,simulated_bank_transactions_uk
2023-07-23,card payment uber uber ride <ref>,8.13,transportation,simulated_bank_transactions_uk
2023-07-06,pos mortgage payment rent <ref>,1652.24,housing,simulated_bank_transactions_uk
2023-10-13,card payment aldi eggs,123.15,groceries,simulated_bank_transactions_uk
2023-03-18,transport/national/rail/fuel <ref>,67.32,transportation,simulated_bank_transactions_uk
2023-02-17,card pmt shell uber ride <ref>,135.73,transportation,simulated_bank_transactions_uk
2024-11-15,visa card pmt deliveroo fast food,145.95,dining,simulated_bank_transactions_uk
2023-03-17,card pmt starbucks fast food,42.49,dining,simulated_bank_transactions_uk
2024-01-15,pos lidl vegetables,60.77,groceries,simulated_bank_transactions_uk
2024-12-21,transport esso uber ride <ref>,107.22,transportation,simulated_bank_transactions_uk
2023-01-02,pos pos purchase nhs online purchase,148.06,other,simulated_bank_transactions_uk
2023-04-13,online purchase ebay misc expense,82.62,other,simulated_bank_transactions_uk
2024-08-28,food delivery kfc food delivery <ref>,123.24,dining,simulated_bank_transactions_uk
2024-09-21,transport-tfl-fuel <ref>,9.17,transportation,simulated_bank_transactions_uk
2023-07-19,pos/iceland/eggs <ref>,116.63,groceries,simulated_bank_transactions_uk
2023-10-29,card*payment*kfc*fast*food,83.59,dining,simulated_bank_transactions_uk
2024-08-01,card payment gym group 8426,30.4,subscriptions,simulated_bank_transactions_uk
2023-01-16,subscription netflix <ref>,26.24,subscriptions,simulated_bank_transactions_uk
2024-06-16,subscription puregym <ref>,24.53,subscriptions,simulated_bank_transactions_uk
2024-11-07,rent payment mortgage,1993.01,housing,simulated_bank_transactions_uk
2023-02-01,so bacs mortgage rent,701.71,housing,simulated_bank_transactions_uk
2024-04-09,card pmt esso fuel <ref>,29.55,transportation,simulated_bank_transactions_uk
2024-01-22,contactless*card*pmt*ebay*online*purchase 68,86.69,other,simulated_bank_transactions_uk
2023-05-10,contactless iceland vegetables <ref>,90.42,groceries,simulated_bank_transactions_uk
2024-12-19,contactless sainsburys milk,22.51,groceries,simulated_bank_transactions_uk
2024-10-08,card/pmt/hmrc/misc/expense,69.82,other,simulated_bank_transactions_uk
2024-01-25,direct debit spotify 6808,35.54,subscriptions,simulated_bank_transactions_uk
2024-07-20,card payment tesco eggs,146.73,groceries,simulated_bank_transactions_uk
2024-08-08,online purchase ebay online purchase <ref>,114.87,other,simulated_bank_transactions_uk
2024-04-17,card pmt shell train ticket <ref>,141.29,transportation,simulated_bank_transactions_uk
2023-05-01,contactless transport tfl bus p,78.04,transportation,simulated_bank_transactions_uk
2024-12-24,food-delivery-starbucks-fast-food <ref>,70.17,dining,simulated_bank_transactions_uk
2024-05-14,card pmt morrisons vegetables <ref>,112.95,groceries,simulated_bank_transactions_uk
2023-03-18,card/payment/tfl/fuel <ref>,91.51,transportation,simulated_bank_transactions_uk
2024-10-22,fps card payment aldi chicken,101.93,groceries,simulated_bank_transactions_uk
2024-08-29,visa subscription google *services,26.3,subscriptions,simulated_bank_transactions_uk
2023-07-01,card pmt uber eats restaurant <ref>,67.05,dining,simulated_bank_transactions_uk
2024-06-08,visa utility bill bt <ref>,135.06,utilities,simulated_bank_transactions_uk
2023-09-28,subscription netflix <ref>,33.39,subscriptions,simulated_bank_transactions_uk
2024-07-20,mortgage pmt mortgage,784.65,housing,simulated_bank_transactions_uk
2023-02-16,fuel bp bus pass <ref>,57.81,transportation,simulated_bank_transactions_uk
2023-05-10,transport uber fuel,117.59,transportation,simulated_bank_transactions_uk
2024-01-11,card payment asda chicken,23.81,groceries,simulated_bank_transactions_uk
2023-01-19,card/pmt/starbucks/restaurant <ref>,107.42,dining,simulated_bank_transactions_uk
2024-12-22,rent pmt mortgage <ref>,1159.02,housing,simulated_bank_transactions_uk
2023-02-24,transport uber fuel <ref>,43.44,transportation,simulated_bank_transactions_uk
2023-05-20,card-card-pmt-just-eat-restaurant,34.06,dining,simulated_bank_transactions_uk
2024-05-30,fuel-trainline-fuel <ref>,148.81,transportation,simulated_bank_transactions_uk
2023-10-14,utility bill scottishpower <ref>,224.81,utilities,simulated_bank_transactions_uk
2024-06-16,pos/lidl/milk <ref>,16.08,groceries,simulated_bank_transactions_uk
2024-04-08,mortgage pmt rent 27,966.54,housing,simulated_bank_transactions_uk
2024-02-03,utility-bill-sky,122.33,utilities,simulated_bank_transactions_uk
2023-12-26,card payment spotify,7.31,subscriptions,simulated_bank_transactions_uk
2023-04-04,card pmt netflix,38.21,subscriptions,simulated_bank_transactions_uk
2023-01-02,card payment aldi chicken <ref>,57.65,groceries,simulated_bank_transactions_uk
2023-04-22,card payment puregym <ref>,36.01,subscriptions,simulated_bank_transactions_uk
2024-03-13,pos purchase amazon online purchase <ref>,49.3,other,simulated_bank_transactions_uk
2024-01-07,visa contactless waitrose vegetables <ref>,132.38,groceries,simulated_bank_transactions_uk
2023-07-24,direct debit vodafone,155.29,utilities,simulated_bank_transactions_uk
2024-03-16,contactless-aldi-milk <ref>,70.97,groceries,simulated_bank_transactions_uk
2024-05-10,sto*subscription*amazon*prime <ref>,5.16,subscriptions,simulated_bank_transactions_uk
2024-08-10,transport national rail uber ride <ref>,131.96,transportation,simulated_bank_transactions_uk
2023-12-02,direct-debit-pos-purchase-argos-misc-expense <ref>,85.58,other,simulated_bank_transactions_uk
2024-08-04,direct*debit*bacs*landlord*rent <ref>,1504.2,housing,simulated_bank_transactions_uk
2023-08-07,subscription google *services <ref>,24.44,subscriptions,simulated_bank_transactions_uk
2024-09-01,pos*pos*purchase*currys*misc*expense <ref>,53.66,other,simulated_bank_transactions_uk
2023-04-29,pos/fuel/national/rail/bus/pass <ref>,143.61,transportation,simulated_bank_transactions_uk
2024-10-01,restaurant/uber/eats/food/delivery,15.95,dining,simulated_bank_transactions_uk
2023-07-27,pos purchase amazon online purchase,146.68,other,simulated_bank_transactions_uk
2023-03-26,so online purchase argos misc expense <ref>,122.21,other,simulated_bank_transactions_uk
2023-06-07,utility*bill*e.on,103.1,utilities,simulated_bank_transactions_uk
2023-07-07,fuel shell fuel <ref>,35.6,transportation,simulated_bank_transactions_uk
2023-08-07,card payment asda rice,134.18,groceries,simulated_bank_transactions_uk
2024-06-20,pos card payment superdrug misc expense <ref>,67.36,other,simulated_bank_transactions_uk
2023-06-05,pos purchase currys online purchase <ref>,52.6,other,simulated_bank_transactions_uk
2023-10-07,fps food delivery starbucks food delivery,11.89,dining,simulated_bank_transactions_uk
2023-07-18,subscription puregym <ref>,20.02,subscriptions,simulated_bank_transactions_uk
2023-09-15,subscription spotify,30.12,subscriptions,simulated_bank_transactions_uk
2023-07-01,card pmt shell train ticket,83.43,transportation,simulated_bank_transactions_uk
2024-10-07,direct/debit/card/payment/bolt/train/ticket <ref>,59.25,transportation,simulated_bank_transactions_uk
2023-05-22,pos purchase currys misc expense <ref>,62.67,other,simulated_bank_transactions_uk
2024-03-30,subscription gym group,6.86,subscriptions,simulated_bank_transactions_uk
2024-04-04,fuel*bp*uber*ride <ref>,60.84,transportation,simulated_bank_transactions_uk
2024-02-11,card card payment,17.75,subscriptions,simulated_bank_transactions_uk
2023-01-10,bill pmt e.on <ref>,190.42,utilities,simulated_bank_transactions_uk
2023-11-29,direct debit netflix <ref>,16.67,subscriptions,simulated_bank_transactions_uk
2024-12-17,contactless/tesco/milk <ref>,75.53,groceries,simulated_bank_transactions_uk
2024-09-06,fuel tfl uber ride <ref>,100.91,transportation,simulated_bank_transactions_uk
2023-03-27,bacs pos asda bread <ref>,17.66,groceries,simulated_bank_transactions_uk
2024-02-02,fps/card/pmt/aldi/rice <ref>,117.5,groceries,simulated_bank_transactions_uk
2023-01-20,so card pmt iceland c,147.98,groceries,simulated_bank_transactions_uk
2024-03-31,bill*payment*british*gas <ref>,184.92,utilities,simulated_bank_transactions_uk
2023-06-22,so bacs mortgage rent <ref>,1583.78,housing,simulated_bank_transactions_uk
2023-08-28,mastercard mortgage pmt mortgage <ref>,1469.38,housing,simulated_bank_transactions_uk
2023-03-27,card/pmt/bp/bus/pass <ref>,105.7,transportation,simulated_bank_transactions_uk
2024-11-13,mortgage payment rent <ref>,1850.16,housing,simulated_bank_transactions_uk
2024-08-02,direct*debit*ee <ref>,99.02,utilities,simulated_bank_transactions_uk
2024-03-03,card payment bp uber ride <ref>,4.55,transportation,simulated_bank_transactions_uk
2023-04-24,card payment superdrug online purchase <ref>,14.6,other,simulated_bank_transactions_uk
2023-07-07,card card payment national rail train ticket <ref>,129.84,transportation,simulated_bank_transactions_uk
2024-09-24,transport tfl bus pass,67.7,transportation,simulated_bank_transactions_uk
2023-02-14,transport bolt uber ride <ref>,67.4,transportation,simulated_bank_transactions_uk
2024-03-29,card-pmt-hmrc-misc-expense <ref>,17.68,other,simulated_bank_transactions_uk
2024-07-17,mortgage payment rent <ref>,1249.17,housing,simulated_bank_transactions_uk
2024-08-27,card-payment-sainsburys-eggs,107.12,groceries,simulated_bank_transactions_uk
2024-11-13,direct debit rent pmt mortgage,1878.84,housing,simulated_bank_transactions_uk
2024-02-07,bacs/online/purchase/currys/online/purchase 1126,10.08,other,simulated_bank_transactions_uk
2023-01-13,fuel trainline train ticket <ref>,145.57,transportation,simulated_bank_transactions_uk
2023-02-02,bill payment scottishpower <ref>,106.61,utilities,simulated_bank_transactions_uk
2023-10-19,utility-bill-octopus-energy <ref>,164.55,utilities,simulated_bank_transactions_uk
2024-10-03,contactless card payment iceland mil,82.79,groceries,simulated_bank_transactions_uk
2023-12-11,subscription netflix,39.67,subscriptions,simulated_bank_transactions_uk
2024-01-03,direct debit apple.com/bill,38.59,subscriptions,simulated_bank_transactions_uk
2024-12-03,mastercard transport tfl train ticket <ref>,136.67,transportation,simulated_bank_transactions_uk
2023-03-14,direct debit direct debit spotify <ref>,17.65,subscriptions,simulated_bank_transactions_uk
2024-05-13,card*pmt*iceland*milk <ref>,62.91,groceries,simulated_bank_transactions_uk
2024-08-07,subscription apple.com/bill <ref>,5.67,subscriptions,simulated_bank_transactions_uk
2024-07-13,visa card payment deliveroo food delivery <ref>,11.64,dining,simulated_bank_transactions_uk
2023-09-27,card*pmt*pret*food*delivery,67.57,dining,simulated_bank_transactions_uk
2024-05-05,sto pos aldi vegetables <ref>,134.63,groceries,simulated_bank_transactions_uk
2023-08-12,card pmt google *services <ref>,9.39,subscriptions,simulated_bank_transactions_uk
2024-08-17,mortgage-pmt-rent <ref>,1004.57,housing,simulated_bank_transactions_uk
2024-02-07,rent pmt letting agent <ref>,628.72,housing,simulated_bank_transactions_uk
2023-06-10,restaurant greggs fast foo,58.42,dining,simulated_bank_transactions_uk
2023-06-14,card*payment*uber*bus*pass <ref>,4.18,transportation,simulated_bank_transactions_uk
2023-08-06,mortgage payment letting agent <ref>,702.03,housing,simulated_bank_transactions_uk
2024-02-05,card pmt just eat fast food <ref>,40.5,dining,simulated_bank_transactions_uk
2023-07-08,utility bill o2 <ref>,148.19,utilities,simulated_bank_transactions_uk
2024-08-09,subscription/amazon/prime,28.15,subscriptions,simulated_bank_transactions_uk
2023-12-05,visa mortgage payment letting agent <ref>,909.85,housing,simulated_bank_transactions_uk
2023-02-02,pos purchase nhs online purchase <ref>,13.25,other,simulated_bank_transactions_uk
2024-11-24,subscription google *services <ref>,36.23,subscriptions,simulated_bank_transactions_uk
2024-10-14,card pmt asda eggs <ref>,38.91,groceries,simulated_bank_transactions_uk
2023-09-06,online/purchase/argos/misc/expense <ref>,78.03,other,simulated_bank_transactions_uk
2023-04-30,so pos waitrose bread <ref>,133.3,groceries,simulated_bank_transactions_uk
2023-08-14,card payment te,60.71,groceries,simulated_bank_transactions_uk
2023-01-07,card payment superdrug online purchase,93.59,other,simulated_bank_transactions_uk
2024-04-12,bacs transport tfl bus pass <ref>,143.78,transportation,simulated_bank_transactions_uk
2024-08-02,fuel trainline fuel,50.52,transportation,simulated_bank_transactions_uk
2024-08-30,online purchase amazon online purchase <ref>,15.9,other,simulated_bank_transactions_uk
2023-08-25,mortgage payment rent <ref>,1153.34,housing,simulated_bank_transactions_uk
2023-07-03,card-payment-boots-online-purchase <ref>,64.6,other,simulated_bank_transactions_uk
2023-05-25,online purchase nhs online purchase <ref>,133.06,other,simulated_bank_transactions_uk
2023-07-11,card pmt greggs fast food <ref>,55.0,dining,simulated_bank_transactions_uk
2024-04-19,card pmt tesco eggs <ref>,70.91,groceries,simulated_bank_transactions_uk
2023-01-02,fps card payment lidl vegetables <ref>,90.59,groceries,simulated_bank_transactions_uk
2023-12-19,restaurant just eat restau,16.35,dining,simulated_bank_transactions_uk
2024-07-17,online purchase ebay online purchase <ref>,36.17,other,simulated_bank_transactions_uk
2024-12-18,card pmt lidl bread <ref>,30.79,groceries,simulated_bank_transactions_uk
2024-11-07,direct debit direct debit thames water <ref>,163.76,utilities,simulated_bank_transactions_uk
2023-05-08,contactless bill payment e.on <ref>,230.28,utilities,simulated_bank_transactions_uk
2024-12-03,card pmt puregym <ref>,30.3,subscriptions,simulated_bank_transactions_uk
2023-04-25,card pmt shell uber ride <ref>,66.76,transportation,simulated_bank_transactions_uk
2024-07-17,card pmt gym group <ref>,18.0,subscriptions,simulated_bank_transactions_uk
2024-08-05,contactless subscription apple.com/bill <ref>,35.83,subscriptions,simulated_bank_transactions_uk
2024-12-21,mortgage payment letting agent,1258.62,housing,simulated_bank_transactions_uk
2024-12-26,bacs*rent*rent,1323.47,housing,simulated_bank_transactions_uk
2024-05-05,card payment asda eggs,137.82,groceries,simulated_bank_transactions_uk
2024-07-14,subscription puregym <ref>,12.56,subscriptions,simulated_bank_transactions_uk
2024-06-04,card payment deliveroo food delivery 356,141.56,dining,simulated_bank_transactions_uk
2023-10-10,card-payment-netflix <ref>,33.13,subscriptions,simulated_bank_transactions_uk
2024-11-04,transport esso bus pass,130.34,transportation,simulated_bank_transactions_uk
2024-05-03,contactless asda chicken <ref>,23.3,groceries,simulated_bank_transactions_uk
2024-09-21,utility/bill/scottishpower <ref>,151.26,utilities,simulated_bank_transactions_uk
2023-08-23,contactless transport bp train ticket,94.91,transportation,simulated_bank_transactions_uk
2023-10-13,direct debit british gas <ref>,49.51,utilities,simulated_bank_transactions_uk
2023-05-15,visa*food*delivery*just*eat*fast*food <ref>,99.26,dining,simulated_bank_transactions_uk
2024-01-04,mortgage payment landlord <ref>,1963.51,housing,simulated_bank_transactions_uk
2024-11-20,card payment netflix <ref>,29.54,subscriptions,simulated_bank_transactions_uk
2023-02-21,direct debit utility bill vodafone <ref>,169.49,utilities,simulated_bank_transactions_uk
2023-05-15,contactless transport national rail train ticket,35.2,transportation,simulated_bank_transactions_uk
2023-05-11,visa utility bill vodafone <ref>,217.11,utilities,simulated_bank_transactions_uk
2023-02-12,mastercard mortgage pmt letting agent,1604.99,housing,simulated_bank_transactions_uk
2024-03-03,pos purchase amazon online purchase <ref>,76.99,other,simulated_bank_transactions_uk
2024-02-10,transport/bp/uber/ride <ref>,62.85,transportation,simulated_bank_transactions_uk
2023-12-19,bill payment ee,211.47,utilities,simulated_bank_transactions_uk
2024-04-15,rent pmt mortgage 672,1215.96,housing,simulated_bank_transactions_uk
2023-04-09,fuel*bp*fuel <ref>,135.75,transportation,simulated_bank_transactions_uk
2024-12-01,direct debit gym group <ref>,31.88,subscriptions,simulated_bank_transactions_uk
2024-09-04,card payment aldi vegetables,26.8,groceries,simulated_bank_transactions_uk
2024-12-03,contactless asda rice <ref>,103.35,groceries,simulated_bank_transactions_uk
2024-09-14,mortgage pmt landlord <ref>,1129.37,housing,simulated_bank_transactions_uk
2024-06-27,contactless*pos*morrisons*bread <ref>,88.56,groceries,simulated_bank_transactions_uk
2023-09-11,utility bill o2 <ref>,36.42,utilities,simulated_bank_transactions_uk
2024-02-01,online purchase ebay misc expense,12.83,other,simulated_bank_transactions_uk
2023-03-25,card/payment/pret/restaurant <ref>,25.17,dining,simulated_bank_transactions_uk
2024-03-05,online*purchase*amazon*online*purchase,141.02,other,simulated_bank_transactions_uk
2024-01-11,restaurant uber eats restaurant <ref>,76.66,dining,simulated_bank_transactions_uk
2024-03-03,card payment nando's food delivery,133.07,dining,simulated_bank_transactions_uk
2023-02-11,bacs pos purchase argos misc expense <ref>,70.69,other,simulated_bank_transactions_uk
2023-06-06,food delivery kfc restaurant <ref>,105.96,dining,simulated_bank_transactions_uk
2024-02-08,direct debit card pmt tesco chicken <ref>,78.29,groceries,simulated_bank_transactions_uk
2024-08-18,transport*bolt*bus*pass,11.89,transportation,simulated_bank_transactions_uk
2023-02-07,fuel*bp*bus*pass <ref>,47.17,transportation,simulated_bank_transactions_uk
2023-07-21,restaurant greggs fast food <ref>,60.55,dining,simulated_bank_transactions_uk
2023-08-19,bacs mortgage rent,863.99,housing,simulated_bank_transactions_uk
2024-09-11,direct/debit/amazon/prime,15.58,subscriptions,simulated_bank_transactions_uk
2023-05-13,restaurant uber eats restaurant,69.68,dining,simulated_bank_transactions_uk
2024-03-20,online purchase ebay online purchase <ref>,59.65,other,simulated_bank_transactions_uk
2023-05-31,pos purchase currys online purchase <ref>,16.0,other,simulated_bank_transactions_uk
2024-11-12,card payment uber train ticket,118.52,transportation,simulated_bank_transactions_uk
2023-11-25,bill/payment/thames/water <ref>,152.06,utilities,simulated_bank_transactions_uk
2024-06-11,card*payment*shell*train*ticket,17.91,transportation,simulated_bank_transactions_uk
2024-05-19,pos/card/payment/nhs/online/purchase <ref>,81.47,other,simulated_bank_transactions_uk
2024-02-22,subscription google *services <ref>,30.9,subscriptions,simulated_bank_transactions_uk
2024-12-29,bill*payment*bt 4,229.64,utilities,simulated_bank_transactions_uk
2024-11-30,card/pmt/iceland/vegetables <ref>,91.32,groceries,simulated_bank_transactions_uk
2024-07-27,food delivery greggs fast food <ref>,35.43,dining,simulated_bank_transactions_uk
2023-10-16,card*pmt*national*rail*train*ticket <ref>,133.44,transportation,simulated_bank_transactions_uk
2024-11-13,restaurant just eat restaurant <ref>,133.68,dining,simulated_bank_transactions_uk
2023-08-19,card payment sainsburys eggs,81.15,groceries,simulated_bank_transactions_uk
2023-02-05,utility-bill-thames-water <ref>,238.86,utilities,simulated_bank_transactions_uk
2024-12-24,pos purchase superdrug online purchase <ref>,14.4,other,simulated_bank_transactions_uk
2024-06-25,online-purchase-nhs-misc-expense,127.71,other,simulated_bank_transactions_uk
2023-10-01,food*delivery*kfc*fast*food <ref>,7.11,dining,simulated_bank_transactions_uk
2024-02-04,transport tfl fuel,117.42,transportation,simulated_bank_transactions_uk
2024-02-16,bacs letting agent rent <ref>,1714.49,housing,simulated_bank_transactions_uk
2023-10-02,card payment amazon prime,32.91,subscriptions,simulated_bank_transactions_uk
2023-09-03,bacs mortgage rent <ref>,1104.69,housing,simulated_bank_transactions_uk
2023-10-05,bacs food delivery nando's fast food,85.95,dining,simulated_bank_transactions_uk
2024-08-31,card payment starbucks fast food <ref>,139.89,dining,simulated_bank_transactions_uk
2023-03-07,sto-online-purchase-argos-misc-expense <ref>,144.45,other,simulated_bank_transactions_uk
2023-05-10,food-delivery-greggs-restaurant <ref>,136.17,dining,simulated_bank_transactions_uk
2024-01-14,contactless aldi bread <ref>,53.46,groceries,simulated_bank_transactions_uk
2023-01-09,pos tesco chicken,105.57,groceries,simulated_bank_transactions_uk
2023-11-10,subscription netflix <ref>,37.79,subscriptions,simulated_bank_transactions_uk
2024-02-13,card pmt gym group <ref>,11.49,subscriptions,simulated_bank_transactions_uk
2024-08-12,direct debit spotify,37.9,subscriptions,simulated_bank_transactions_uk
2024-04-02,food delivery costa fast food <ref>,47.41,dining,simulated_bank_transactions_uk
2024-04-09,bill pmt e.on,82.7,utilities,simulated_bank_transactions_uk
2024-01-12,card payment currys misc expense,23.1,other,simulated_bank_transactions_uk
2024-01-30,pos/purchase/boots/online/purchase,42.06,other,simulated_bank_transactions_uk
2024-11-14,pos-waitrose-eggs <ref>,10.74,groceries,simulated_bank_transactions_uk
2023-06-11,transport-esso-train-ticket <ref>,39.43,transportation,simulated_bank_transactions_uk
2023-11-21,restaurant costa restaurant <ref>,47.25,dining,simulated_bank_transactions_uk
2023-02-27,fuel bolt train ticket <ref>,108.6,transportation,simulated_bank_transactions_uk
2024-11-04,food delivery just eat food delivery,63.66,dining,simulated_bank_transactions_uk
2024-11-28,card pmt superdrug misc expense <ref>,36.22,other,simulated_bank_transactions_uk
2024-12-03,pos morrisons milk,81.52,groceries,simulated_bank_transactions_uk
2023-12-31,bacs landlord rent <ref>,1343.16,housing,simulated_bank_transactions_uk
2024-07-16,bill pmt british gas <ref>,47.47,utilities,simulated_bank_transactions_uk
2024-07-24,direct-debit-food-delivery-mcdonalds-restaurant 3693,137.67,dining,simulated_bank_transactions_uk
2024-01-07,fuel-bp-bus-pass,25.99,transportation,simulated_bank_transactions_uk
2023-06-30,visa-card-pmt-nhs-misc-expense <ref>,111.65,other,simulated_bank_transactions_uk
2023-09-23,restaurant uber eats food delivery <ref>,120.23,dining,simulated_bank_transactions_uk
2024-05-24,fuel-tfl-fuel,10.15,transportation,simulated_bank_transactions_uk
2024-11-23,direct debit utility bill o2,235.43,utilities,simulated_bank_transactions_uk
2023-12-16,contactless*aldi*vegetables <ref>,80.77,groceries,simulated_bank_transactions_uk
2024-04-08,bacs letting agent rent <ref>,1222.59,housing,simulated_bank_transactions_uk
2023-07-12,utility bill thames water <ref>,101.26,utilities,simulated_bank_transactions_uk
2023-03-05,utility bill scottishpower,91.3,utilities,simulated_bank_transactions_uk
2024-01-01,mortgage pmt letti,1481.02,housing,simulated_bank_transactions_uk
2024-07-03,pos*purchase*superdrug*online*purchase <ref>,122.61,other,simulated_bank_transactions_uk
2024-01-12,contactless sainsburys milk,139.35,groceries,simulated_bank_transactions_uk
2023-06-05,fuel*bp*uber*ride <ref>,8.35,transportation,simulated_bank_transactions_uk
2023-05-12,pos food delivery starbucks food delivery,29.19,dining,simulated_bank_transactions_uk
2024-04-19,card pmt iceland eggs,30.39,groceries,simulated_bank_transactions_uk
2023-11-05,mortgage-pmt-rent <ref>,637.06,housing,simulated_bank_transactions_uk
2024-02-12,visa bill pmt british gas,77.88,utilities,simulated_bank_transactions_uk
2023-06-18,contactless-subscription-puregym <ref>,22.3,subscriptions,simulated_bank_transactions_uk
2024-01-23,so contactless sainsburys bread <ref>,20.88,groceries,simulated_bank_transactions_uk
2024-02-05,direct debit amazon prime <ref>,10.4,subscriptions,simulated_bank_transactions_uk
2024-10-08,bill payment sky,71.03,utilities,simulated_bank_transactions_uk
2023-12-19,visa pos purchase hmrc misc expense <ref>,118.26,other,simulated_bank_transactions_uk
2024-11-06,direct debit severn trent,107.49,utilities,simulated_bank_transactions_uk
2023-06-04,bacs bacs rent rent <ref>,807.7,housing,simulated_bank_transactions_uk
2024-06-18,rent pmt rent <ref>,1462.33,housing,simulated_bank_transactions_uk
2024-04-30,contactless card pmt netflix <ref>,15.06,subscriptions,simulated_bank_transactions_uk
2023-08-21,rent pmt landlord <ref>,915.7,housing,simulated_bank_transactions_uk
2023-12-25,card pmt starbucks fast food <ref>,15.8,dining,simulated_bank_transactions_uk
2023-02-20,mastercard pos as,61.37,groceries,simulated_bank_transactions_uk
2024-09-13,direct debit apple.com/bill,11.56,subscriptions,simulated_bank_transactions_uk
2023-06-12,restaurant greggs restaurant,115.38,dining,simulated_bank_transactions_uk
2023-04-12,card payment amazon online purchase <ref>,59.03,other,simulated_bank_transactions_uk
2024-02-10,card payment aldi rice <ref>,21.33,groceries,simulated_bank_transactions_uk
2024-07-20,contactless lidl eggs <ref>,97.79,groceries,simulated_bank_transactions_uk
2024-05-19,direct/debit/ee <ref>,242.0,utilities,simulated_bank_transactions_uk
2024-06-30,rent*pmt*landlord <ref>,1666.86,housing,simulated_bank_transactions_uk
2024-05-04,online*purchase*currys*misc*expense <ref>,117.56,other,simulated_bank_transactions_uk
2023-05-29,bill-payment-octopus-energy <ref>,87.78,utilities,simulated_bank_transactions_uk
2023-05-26,bill payment e.on,246.14,utilities,simulated_bank_transactions_uk
2023-10-27,utility bill thames wa,195.96,utilities,simulated_bank_transactions_uk
2024-11-17,fuel*shell*train*ticket,53.88,transportation,simulated_bank_transactions_uk
2024-11-11,card pos purchase nhs online purchase 1829,108.45,other,simulated_bank_transactions_uk
2024-02-19,bacs rent rent,1941.7,housing,simulated_bank_transactions_uk
2024-09-24,pos waitrose rice <ref>,29.91,groceries,simulated_bank_transactions_uk
2023-02-20,fuel bp train ticket,57.62,transportation,simulated_bank_transactions_uk
2024-10-12,restaurant-greggs-restaurant <ref>,125.47,dining,simulated_bank_transactions_uk
2023-09-08,pos purchase argos misc expense <ref>,130.08,other,simulated_bank_transactions_uk
2023-02-26,contactless iceland vegetables <ref>,19.87,groceries,simulated_bank_transactions_uk
2024-05-18,transport bp fuel <ref>,103.5,transportation,simulated_bank_transactions_uk
2023-01-07,card payment trainline uber ride <ref>,124.67,transportation,simulated_bank_transactions_uk
2024-07-26,restaurant nando's food delivery <ref>,49.34,dining,simulated_bank_transactions_uk
2023-11-28,fuel*tfl*uber*ride <ref>,99.02,transportation,simulated_bank_transactions_uk
2024-01-30,utility-bill-sky <ref>,45.78,utilities,simulated_bank_transactions_uk
2023-10-21,utility bill sky <ref>,141.92,utilities,simulated_bank_transactions_uk
2024-04-29,mortgage payment mortgage <ref>,1759.44,housing,simulated_bank_transactions_uk
2023-10-11,mortgage payment landlord,1039.36,housing,simulated_bank_transactions_uk
2023-11-23,pos purchase nhs misc expense <ref>,9.62,other,simulated_bank_transactions_uk
2024-10-03,transport bp uber ride <ref>,120.49,transportation,simulated_bank_transactions_uk
2023-10-02,so*bacs*landlord*rent <ref>,1199.37,housing,simulated_bank_transactions_uk
2024-11-20,card contactless asda milk <ref>,86.24,groceries,simulated_bank_transactions_uk
2023-01-18,card/payment/national/rail/bus/pass <ref>,65.95,transportation,simulated_bank_transactions_uk
2024-08-29,visa*direct*debit*puregym,30.23,subscriptions,simulated_bank_transactions_uk
2023-07-09,bill pmt thames water <ref>,139.26,utilities,simulated_bank_transactions_uk
2023-05-21,pos waitrose rice <ref>,121.1,groceries,simulated_bank_transactions_uk
2023-06-12,contactless-asda-eggs <ref>,27.8,groceries,simulated_bank_transactions_uk
2024-05-23,mortgage pmt mortgage <ref>,1813.63,housing,simulated_bank_transactions_uk
2023-04-02,pos*aldi*bread <ref>,110.16,groceries,simulated_bank_transactions_uk
2023-09-07,bill pmt scottishpower <ref>,74.39,utilities,simulated_bank_transactions_uk
2024-09-27,online-purchase-boots-misc-expense,136.17,other,simulated_bank_transactions_uk
2024-10-24,restaurant deliveroo fast food <ref>,81.2,dining,simulated_bank_transactions_uk
2024-06-19,food delivery pret fast food <ref>,8.34,dining,simulated_bank_transactions_uk
2024-03-12,food delivery nando's restaurant,13.91,dining,simulated_bank_transactions_uk
2024-09-08,restaurant greggs fast food <ref>,37.0,dining,simulated_bank_transactions_uk
2024-10-29,pos purchase ebay online purchase,22.38,other,simulated_bank_transactions_uk
2024-04-16,restaurant deliveroo food delivery <ref>,115.4,dining,simulated_bank_transactions_uk
2024-03-06,transport*national*rail*fuel <ref>,98.37,transportation,simulated_bank_transactions_uk
2023-08-01,fuel*national*rail*train*ticket <ref>,126.58,transportation,simulated_bank_transactions_uk
2024-10-07,bacs landlord rent <ref>,1443.67,housing,simulated_bank_transactions_uk
2023-07-12,card payment amazon misc expense <ref>,51.34,other,simulated_bank_transactions_uk
2024-08-15,direct debit pos tesco chicken <ref>,101.8,groceries,simulated_bank_transactions_uk
2023-02-16,bacs mortgage rent <ref>,774.56,housing,simulated_bank_transactions_uk
2023-01-25,so bill payment british gas <ref>,107.43,utilities,simulated_bank_transactions_uk
2024-01-23,online-purchase-currys-misc-expense <ref>,74.48,other,simulated_bank_transactions_uk
2024-04-12,fuel trainline bus pass <ref>,85.77,transportation,simulated_bank_transactions_uk
2024-12-29,online purchase argos misc expense <ref>,73.55,other,simulated_bank_transactions_uk
2024-07-28,card payment lidl milk,23.62,groceries,simulated_bank_transactions_uk
2024-07-11,restaurant/just/eat/fast/food,48.01,dining,simulated_bank_transactions_uk
2024-04-03,mortgage pmt landlord,1016.84,housing,simulated_bank_transactions_uk
2023-04-02,direct debit amazon prime <ref>,35.97,subscriptions,simulated_bank_transactions_uk
2023-12-22,card pmt uber eats restaurant <ref>,59.69,dining,simulated_bank_transactions_uk
2023-09-21,restaurant uber eats food delivery <ref>,148.62,dining,simulated_bank_transactions_uk
2024-02-21,card pmt boots misc expense <ref>,7.85,other,simulated_bank_transactions_uk
2023-07-23,utility bill ee <ref>,78.53,utilities,simulated_bank_transactions_uk
2023-10-06,card payment sainsburys chicken <ref>,111.65,groceries,simulated_bank_transactions_uk
2024-03-27,subscription*apple.com/bill <ref>,38.7,subscriptions,simulated_bank_transactions_uk
2024-08-02,contactless iceland milk <ref>,132.76,groceries,simulated_bank_transactions_uk
2023-08-17,rent pmt rent <ref>,1574.32,housing,simulated_bank_transactions_uk
2024-01-15,fuel national rail train ticket,10.28,transportation,simulated_bank_transactions_uk
2023-12-25,card payment gym group 1,11.27,subscriptions,simulated_bank_transactions_uk
2024-04-18,pos sainsburys bread <ref>,80.77,groceries,simulated_bank_transactions_uk
2023-11-03,direct debit restaurant greggs food delivery <ref>,33.34,dining,simulated_bank_transactions_uk
2024-06-21,bill pmt e.on,165.1,utilities,simulated_bank_transactions_uk
2024-09-18,subscription puregym <ref>,31.72,subscriptions,simulated_bank_transactions_uk
2024-02-28,card pmt just eat fast food,138.62,dining,simulated_bank_transactions_uk
2023-09-26,fps rent pmt rent <ref>,1961.32,housing,simulated_bank_transactions_uk
2023-11-11,visa card payment argos misc expense <ref>,112.56,other,simulated_bank_transactions_uk
2023-11-09,mortgage payment landlord,1708.39,housing,simulated_bank_transactions_uk
2024-08-26,direct*debit*google**services,37.48,subscriptions,simulated_bank_transactions_uk
2023-09-22,bill pmt vodafone <ref>,237.84,utilities,simulated_bank_transactions_uk
2024-08-11,visa transport esso fuel <ref>,44.91,transportation,simulated_bank_transactions_uk
2024-06-22,transport-uber-fuel <ref>,41.78,transportation,simulated_bank_transactions_uk
2023-02-18,card pmt nhs online purchase <ref>,24.48,other,simulated_bank_transactions_uk
2024-05-03,direct debit amazon prime,9.49,subscriptions,simulated_bank_transactions_uk
2024-06-29,fps bacs mortgage rent <ref>,1536.61,housing,simulated_bank_transactions_uk
2023-01-09,rent payment landlord <ref>,820.77,housing,simulated_bank_transactions_uk
2024-12-08,visa pos purchase nhs misc expense <ref>,21.98,other,simulated_bank_transactions_uk
2024-05-05,contactless direct debit thames water,197.57,utilities,simulated_bank_transactions_uk
2024-06-15,card payment national rail bus pass,135.19,transportation,simulated_bank_transactions_uk
2024-12-27,fuel uber train ticket <ref>,45.2,transportation,simulated_bank_transactions_uk
2024-04-28,card pmt hmrc misc expense <ref>,57.47,other,simulated_bank_transactions_uk
2023-05-09,online purchase boots online purchase,129.29,other,simulated_bank_transactions_uk
2023-11-06,pos waitrose bread 82,4.49,groceries,simulated_bank_transactions_uk
2024-01-26,bacs*fuel*uber*fuel <ref>,127.69,transportation,simulated_bank_transactions_uk
2023-08-17,card pmt aldi bread <ref>,109.36,groceries,simulated_bank_transactions_uk
2023-12-31,card/payment/spotify <ref>,9.95,subscriptions,simulated_bank_transactions_uk
2023-07-28,pos card pmt lidl bread <ref>,117.48,groceries,simulated_bank_transactions_uk
2023-12-31,mortgage*payment*landlord <ref>,1150.88,housing,simulated_bank_transactions_uk
2024-08-19,card-pmt-disney+ <ref>,11.66,subscriptions,simulated_bank_transactions_uk
2024-07-22,transport-uber-fuel <ref>,144.68,transportation,simulated_bank_transactions_uk
2024-09-16,fps card pmt nando's restaurant <ref>,138.64,dining,simulated_bank_transactions_uk
2023-11-02,direct debit vodafone,109.31,utilities,simulated_bank_transactions_uk
2023-08-15,bacs bill pmt severn trent <ref>,117.24,utilities,simulated_bank_transactions_uk
2024-07-09,mastercard card payment asda milk,35.75,groceries,simulated_bank_transactions_uk
2023-07-07,direct debit spotify <ref>,12.16,subscriptions,simulated_bank_transactions_uk
2023-05-19,visa bill pmt sky,177.56,utilities,simulated_bank_transactions_uk
2024-04-13,card card pmt waitrose bread,31.65,groceries,simulated_bank_transactions_uk
2023-08-01,transport uber train ticket 5475,41.97,transportation,simulated_bank_transactions_uk
2024-04-06,mortgage*pmt*landlord <ref>,924.79,housing,simulated_bank_transactions_uk
2024-11-04,rent-pmt-landlord <ref>,1570.41,housing,simulated_bank_transactions_uk
2023-02-03,food delivery mcdonalds food delivery <ref>,125.19,dining,simulated_bank_transactions_uk
2023-05-25,subscription netflix,29.77,subscriptions,simulated_bank_transactions_uk
2023-02-21,direct debit netflix <ref>,25.39,subscriptions,simulated_bank_transactions_uk
2024-03-24,direct*debit*severn*trent <ref>,243.9,utilities,simulated_bank_transactions_uk
2023-07-12,fuel tfl uber ride <ref>,71.47,transportation,simulated_bank_transactions_uk
2023-11-23,card pos asda eggs 7247,33.55,groceries,simulated_bank_transactions_uk
2024-01-11,card pmt tesco bread <ref>,36.57,groceries,simulated_bank_transactions_uk
2024-07-26,contactless sainsburys bread,26.81,groceries,simulated_bank_transactions_uk
2024-04-04,subscription gym group <ref>,16.84,subscriptions,simulated_bank_transactions_uk
2023-06-13,pos-purchase-ebay-misc-expense <ref>,110.29,other,simulated_bank_transactions_uk
2024-09-30,direct/debit/bt,248.68,utilities,simulated_bank_transactions_uk
2023-01-17,so/card/payment/amazon/online/purchase <ref>,4.37,other,simulated_bank_transactions_uk
2023-08-09,utility/bill/sky,248.13,utilities,simulated_bank_transactions_uk
2023-09-17,direct-debit-vodafone <ref>,78.28,utilities,simulated_bank_transactions_uk
2024-12-09,card pmt greggs fast f,67.82,dining,simulated_bank_transactions_uk
2024-04-12,visa contactless tesco vegetables <ref>,135.43,groceries,simulated_bank_transactions_uk
2024-03-13,transport uber uber ride <ref>,67.32,transportation,simulated_bank_transactions_uk
2023-11-19,bill payment scottishpower <ref>,106.42,utilities,simulated_bank_transactions_uk
2023-08-04,bill payment o2 <ref>,171.19,utilities,simulated_bank_transactions_uk
2023-06-27,card payment aldi milk,141.41,groceries,simulated_bank_transactions_uk
2023-01-30,direct-debit-utility-bill-scottishpower <ref>,67.54,utilities,simulated_bank_transactions_uk
2023-05-15,utility bill o2,239.17,utilities,simulated_bank_transactions_uk
2024-04-14,direct/debit/card/payment/aldi/bread <ref>,82.41,groceries,simulated_bank_transactions_uk
2023-01-17,contactless tesco chicken <ref>,122.0,groceries,simulated_bank_transactions_uk
2023-06-17,fps contactless asda rice <ref>,108.5,groceries,simulated_bank_transactions_uk
2023-03-01,rent pmt landlord <ref>,1833.51,housing,simulated_bank_transactions_uk
2023-09-23,visa card pmt uber eats food delivery <ref>,63.8,dining,simulated_bank_transactions_uk
2024-05-02,rent/payment/letting/agent,1941.82,housing,simulated_bank_transactions_uk
2023-04-19,bacs*rent*pmt*rent <ref>,964.63,housing,simulated_bank_transactions_uk
2023-09-28,direct debit apple.com/bill <ref>,11.4,subscriptions,simulated_bank_transactions_uk
2024-07-08,contactless lidl rice <ref>,55.88,groceries,simulated_bank_transactions_uk
2024-10-06,utility bill e.on <ref>,179.08,utilities,simulated_bank_transactions_uk
2023-07-04,utility bill e.on,234.85,utilities,simulated_bank_transactions_uk
2024-08-21,utility bill octopus energy <ref>,206.59,utilities,simulated_bank_transactions_uk
2024-06-30,card pmt ebay misc expense <ref>,59.64,other,simulated_bank_transactions_uk
2023-05-31,transport/bolt/bus/pass <ref>,137.48,transportation,simulated_bank_transactions_uk
2024-08-10,bill payment thames water <ref>,71.28,utilities,simulated_bank_transactions_uk
2023-04-13,pos purchase argos online purchase <ref>,119.78,other,simulated_bank_transactions_uk
2024-06-27,bill payment scottishpower 1265,40.37,utilities,simulated_bank_transactions_uk
2024-12-14,food-delivery-costa-food-delivery 995,9.17,dining,simulated_bank_transactions_uk
2024-09-20,card*payment*national*rail*fuel <ref>,121.68,transportation,simulated_bank_transactions_uk
2023-03-17,card pmt morrisons vegetables,137.7,groceries,simulated_bank_transactions_uk
2024-05-11,food delivery deliveroo restaurant,129.85,dining,simulated_bank_transactions_uk
2023-08-19,card/payment/bolt/uber/ride <ref>,120.3,transportation,simulated_bank_transactions_uk
2024-09-26,contactless card payment apple.com/bill <ref>,25.57,subscriptions,simulated_bank_transactions_uk
2023-11-22,subscription puregym,11.24,subscriptions,simulated_bank_transactions_uk
2023-05-26,bacs mortgage payment rent 779,841.73,housing,simulated_bank_transactions_uk
2023-09-13,direct debit food delivery greggs fast food <ref>,113.02,dining,simulated_bank_transactions_uk
2023-10-24,bill payment ee,34.72,utilities,simulated_bank_transactions_uk
2024-11-26,bill payment octopus energy <ref>,68.75,utilities,simulated_bank_transactions_uk
2024-10-23,card payment trainline bus pass <ref>,89.89,transportation,simulated_bank_transactions_uk
2023-01-02,card*payment*starbucks*restaurant <ref>,136.59,dining,simulated_bank_transactions_uk
2023-11-06,mortgage payment rent <ref>,1005.86,housing,simulated_bank_transactions_uk
2024-06-15,card-pmt-costa-restaurant <ref>,47.8,dining,simulated_bank_transactions_uk
2023-12-05,restaurant*pret*food*delivery,91.09,dining,simulated_bank_transactions_uk
2023-06-20,card payment ald,71.3,groceries,simulated_bank_transactions_uk
2024-01-22,contactless morrisons eggs <ref>,93.24,groceries,simulated_bank_transactions_uk
2023-11-17,card payment currys misc expense <ref>,13.49,other,simulated_bank_transactions_uk
2023-07-06,direct debit ee,167.26,utilities,simulated_bank_transactions_uk
2023-08-03,card payment uber eats fast food,96.3,dining,simulated_bank_transactions_uk
2024-04-08,bill-payment-bt,88.96,utilities,simulated_bank_transactions_uk
2023-06-24,restaurant starbucks fast food <ref>,49.88,dining,simulated_bank_transactions_uk
2023-03-24,bill/payment/vodafone <ref>,33.86,utilities,simulated_bank_transactions_uk
2023-05-26,bacs card pmt deliveroo fast food <ref>,82.78,dining,simulated_bank_transactions_uk
2024-01-13,visa online purchase nhs online purchase <ref>,7.08,other,simulated_bank_transactions_uk
2023-10-20,pos card pmt amazon prime,10.28,subscriptions,simulated_bank_transactions_uk
2024-02-25,pos asda milk,50.42,groceries,simulated_bank_transactions_uk
2024-11-11,direct-debit-e.on,99.9,utilities,simulated_bank_transactions_uk
2024-11-15,so bacs mortgage rent <ref>,942.11,housing,simulated_bank_transactions_uk
2024-09-29,pos rent pmt rent <ref>,841.3,housing,simulated_bank_transactions_uk
2023-02-13,bacs mortgage pmt mortgage <ref>,1935.54,housing,simulated_bank_transactions_uk
2024-11-10,bacs food delivery uber eats fast food <ref>,14.17,dining,simulated_bank_transactions_uk
2024-07-18,card payment shell uber ride <ref>,98.01,transportation,simulated_bank_transactions_uk
2023-04-20,card payment tfl uber ride <ref>,31.6,transportation,simulated_bank_transactions_uk
2023-08-18,bill pmt severn trent <ref>,156.26,utilities,simulated_bank_transactions_uk
2023-07-01,visa rent pmt letting agent <ref>,1499.31,housing,simulated_bank_transactions_uk
2023-06-27,mastercard pos purchase amazon online purchase,16.87,other,simulated_bank_transactions_uk
2023-10-31,pos purchase currys online purchase <ref>,57.7,other,simulated_bank_transactions_uk
2024-01-17,subscription spotify <ref>,8.94,subscriptions,simulated_bank_transactions_uk
2024-07-02,card payment amazon prime <ref>,24.02,subscriptions,simulated_bank_transactions_uk
2023-01-09,restaurant uber eats fast food <ref>,46.8,dining,simulated_bank_transactions_uk
2023-12-01,pos tesco chicken <ref>,19.13,groceries,simulated_bank_transactions_uk
2023-11-09,transport*shell*uber*ride <ref>,60.25,transportation,simulated_bank_transactions_uk
2024-11-20,fps card payment nhs online purchase,126.06,other,simulated_bank_transactions_uk
2023-07-01,card/pos/sainsburys/milk,119.81,groceries,simulated_bank_transactions_uk
2024-10-15,direct debit spotify <ref>,22.42,subscriptions,simulated_bank_transactions_uk
2023-12-02,subscription google *services <ref>,15.98,subscriptions,simulated_bank_transactions_uk
2023-10-16,pos purchase amazon misc expense,96.76,other,simulated_bank_transactions_uk
2023-05-02,card pos purchase ebay misc expense,113.09,other,simulated_bank_transactions_uk
2024-11-05,subscription spotify <ref>,12.62,subscriptions,simulated_bank_transactions_uk
2024-03-22,utility bill e.on <ref>,187.27,utilities,simulated_bank_transactions_uk
2023-07-17,pos purchase superdrug online purchase,29.32,other,simulated_bank_transactions_uk
2023-10-19,utility bill sky,44.07,utilities,simulated_bank_transactions_uk
2023-04-26,direct debit e.on <ref>,205.08,utilities,simulated_bank_transactions_uk
2024-08-04,fuel uber fuel 88,140.84,transportation,simulated_bank_transactions_uk
2024-09-21,pos*purchase*nhs*online*purchase,16.24,other,simulated_bank_transactions_uk
2024-02-21,sto/food/delivery/kfc/restaurant <ref>,124.33,dining,simulated_bank_transactions_uk
2024-08-12,subscription google *services <ref>,26.45,subscriptions,simulated_bank_transactions_uk
2023-07-23,rent pmt landlord,1319.16,housing,simulated_bank_transactions_uk
2023-02-28,pos*sainsburys*vegetables <ref>,83.78,groceries,simulated_bank_transactions_uk
2024-12-05,utility/bill/e.on <ref>,34.61,utilities,simulated_bank_transactions_uk
2023-12-23,bacs/rent/rent,687.34,housing,simulated_bank_transactions_uk
2024-02-10,utility bill scottishpower 7931,72.55,utilities,simulated_bank_transactions_uk
2023-12-01,bill pmt thames water,169.0,utilities,simulated_bank_transactions_uk
2024-06-26,online purchase argos online purchase <ref>,42.71,other,simulated_bank_transactions_uk
2023-06-15,direct debit bt 99,151.69,utilities,simulated_bank_transactions_uk
2024-08-01,food delivery pret food de,28.12,dining,simulated_bank_transactions_uk
2024-02-12,online purchase argos online purchase <ref>,11.77,other,simulated_bank_transactions_uk
2024-03-22,direct-debit-spotify <ref>,33.79,subscriptions,simulated_bank_transactions_uk
2023-07-31,pos utility bill scottishpower <ref>,152.28,utilities,simulated_bank_transactions_uk
2023-07-28,online purchase nhs misc expense,101.96,other,simulated_bank_transactions_uk
2024-06-01,bill pmt severn trent <ref>,194.34,utilities,simulated_bank_transactions_uk
2024-07-09,card-payment-trainline-uber-ride,132.84,transportation,simulated_bank_transactions_uk
2024-04-10,direct debit online purchase hmrc misc expense <ref>,29.02,other,simulated_bank_transactions_uk
2023-11-09,contactless asda bread <ref>,66.81,groceries,simulated_bank_transactions_uk
2023-03-18,online*purchase*nhs*online*purchase <ref>,3.12,other,simulated_bank_transactions_uk
2023-07-25,direct debit british gas <ref>,204.04,utilities,simulated_bank_transactions_uk
2024-06-04,utility bill british gas,148.92,utilities,simulated_bank_transactions_uk
2024-09-06,rent pmt mortgage <ref>,861.57,housing,simulated_bank_transactions_uk
2024-12-18,fps rent payment letting agent,1055.51,housing,simulated_bank_transactions_uk
2024-05-08,pos tesco rice,143.04,groceries,simulated_bank_transactions_uk
2023-02-14,food delivery mcdonalds fast food <ref>,16.96,dining,simulated_bank_transactions_uk
2024-08-18,contactless food delivery costa food delivery,109.33,dining,simulated_bank_transactions_uk
2024-06-19,utility-bill-scottishpower <ref>,235.55,utilities,simulated_bank_transactions_uk
2023-09-11,contactless tesco vegetables <ref>,122.54,groceries,simulated_bank_transactions_uk
2024-04-23,so online purchase currys online purchase,94.31,other,simulated_bank_transactions_uk
2024-05-30,direct debit disney+,9.09,subscriptions,simulated_bank_transactions_uk
2024-08-16,rent-pmt-mortgage <ref>,1430.79,housing,simulated_bank_transactions_uk
2023-11-03,online purchase nhs online purchase,82.53,other,simulated_bank_transactions_uk
2024-11-22,fuel bolt fuel,29.19,transportation,simulated_bank_transactions_uk
2023-06-04,contactless tesco vegetables,123.82,groceries,simulated_bank_transactions_uk
2024-02-13,mortgage pmt landlord <ref>,1574.3,housing,simulated_bank_transactions_uk
2023-12-29,bacs direct debit spotify <ref>,26.41,subscriptions,simulated_bank_transactions_uk
2023-11-12,contactless subscription spotify <ref>,20.69,subscriptions,simulated_bank_transactions_uk
2023-06-16,direct/debit/spotify <ref>,36.19,subscriptions,simulated_bank_transactions_uk
2023-10-07,mastercard*card*pmt*bp*bus*pass <ref>,35.86,transportation,simulated_bank_transactions_uk
2024-03-31,mortgage pmt landlord <ref>,612.65,housing,simulated_bank_transactions_uk
2024-09-14,rent-pmt-mortgage <ref>,1411.06,housing,simulated_bank_transactions_uk
2024-05-01,direct debit contactless waitrose rice <ref>,42.41,groceries,simulated_bank_transactions_uk
2023-11-08,fps/bill/payment/scottishpower,247.46,utilities,simulated_bank_transactions_uk
2024-02-10,pos/sainsburys/rice,87.39,groceries,simulated_bank_transactions_uk
2024-07-20,restaurant uber eats restaurant <ref>,85.68,dining,simulated_bank_transactions_uk
2024-11-27,online purchase nhs misc expense <ref>,48.13,other,simulated_bank_transactions_uk
2024-12-03,pos restaurant starbucks fast food <ref>,85.2,dining,simulated_bank_transactions_uk
2024-06-05,card direct debit amazon prime <ref>,14.65,subscriptions,simulated_bank_transactions_uk
2023-10-23,bill-pmt-vodafone,131.65,utilities,simulated_bank_transactions_uk
2024-10-07,fps pos purchase nhs misc expense <ref>,79.29,other,simulated_bank_transactions_uk
2024-08-18,contactless-transport-uber-train-ticket <ref>,61.6,transportation,simulated_bank_transactions_uk
2024-08-21,direct debit amazon prime,18.33,subscriptions,simulated_bank_transactions_uk
2024-09-11,subscription gym group <ref>,16.06,subscriptions,simulated_bank_transactions_uk
2023-06-25,direct/debit/ee,101.87,utilities,simulated_bank_transactions_uk
2023-05-23,contactless lidl milk <ref>,27.11,groceries,simulated_bank_transactions_uk
2023-10-24,restaurant uber eats restaurant <ref>,61.32,dining,simulated_bank_transactions_uk
2024-07-11,direct*debit*puregym <ref>,5.63,subscriptions,simulated_bank_transactions_uk
2024-06-16,direct/debit/e.on,85.59,utilities,simulated_bank_transactions_uk
2024-07-06,contactless asda b,3.08,groceries,simulated_bank_transactions_uk
2023-02-12,card pmt netflix <ref>,28.3,subscriptions,simulated_bank_transactions_uk
2024-07-07,fuel tfl fuel <ref>,47.85,transportation,simulated_bank_transactions_uk
2023-09-26,pos direct debit apple.com/bill <ref>,30.79,subscriptions,simulated_bank_transactions_uk
2024-03-01,pos purchase amazon online purchase <ref>,84.34,other,simulated_bank_transactions_uk
2024-04-02,online purchase boots online purchase <ref>,5.14,other,simulated_bank_transactions_uk
2023-02-18,online purchase nhs misc expens,137.53,other,simulated_bank_transactions_uk
2023-12-20,pos sainsburys bread,9.75,groceries,simulated_bank_transactions_uk
2024-08-29,mortgage pmt rent,1164.62,housing,simulated_bank_transactions_uk
2023-01-18,mastercard pos purchase ebay misc expense <ref>,97.82,other,simulated_bank_transactions_uk
2024-07-25,card payment bp fuel <ref>,46.04,transportation,simulated_bank_transactions_uk
2024-07-08,sto transport esso train ticket <ref>,124.34,transportation,simulated_bank_transactions_uk
2024-05-29,direct debit mortgage payment rent,1397.28,housing,simulated_bank_transactions_uk
2023-01-20,bacs pos purchase amazon misc expense <ref>,137.36,other,simulated_bank_transactions_uk
2024-10-20,bacs rent rent <ref>,826.79,housing,simulated_bank_transactions_uk
2024-10-08,sto online purchase nhs online purchase <ref>,7.59,other,simulated_bank_transactions_uk
2024-12-05,online purchase ebay online purchase <ref>,65.88,other,simulated_bank_transactions_uk
2023-10-30,pos*waitrose*milk,36.95,groceries,simulated_bank_transactions_uk
2024-09-01,visa fuel uber bus pass <ref>,22.33,transportation,simulated_bank_transactions_uk
2024-11-12,card pmt asda rice,74.14,groceries,simulated_bank_transactions_uk
2024-02-15,fps card payment uber fuel <ref>,85.12,transportation,simulated_bank_transactions_uk
2023-02-09,online-purchase-hmrc-misc-expense <ref>,27.23,other,simulated_bank_transactions_uk
2023-05-10,restaurant kfc restaura,118.75,dining,simulated_bank_transactions_uk
2024-09-17,bacs contactless sainsburys eggs <ref>,136.79,groceries,simulated_bank_transactions_uk
2024-03-11,direct debit google *services <ref>,9.79,subscriptions,simulated_bank_transactions_uk
2023-07-05,card/pmt/ebay/online/purchase <ref>,30.08,other,simulated_bank_transactions_uk
2023-08-30,card*payment*waitrose*chicken <ref>,4.16,groceries,simulated_bank_transactions_uk
2024-05-25,card*direct*debit*bt <ref>,36.47,utilities,simulated_bank_transactions_uk
2023-11-07,visa fuel bolt fuel,135.41,transportation,simulated_bank_transactions_uk
2024-09-03,bacs subscription gym group <ref>,16.4,subscriptions,simulated_bank_transactions_uk
2023-08-26,card direct debit sky <ref>,51.21,utilities,simulated_bank_transactions_uk
2023-03-25,direct debit gym group <ref>,22.12,subscriptions,simulated_bank_transactions_uk
2023-04-15,direct-debit-sky <ref>,106.49,utilities,simulated_bank_transactions_uk
2023-05-11,direct/debit/ee <ref>,84.81,utilities,simulated_bank_transactions_uk
2023-03-11,contactless mortgage pmt rent <ref>,1902.73,housing,simulated_bank_transactions_uk
2023-05-27,visa mortgage pmt letting agent <ref>,1690.32,housing,simulated_bank_transactions_uk
2023-10-05,mortgage payment rent,1195.84,housing,simulated_bank_transactions_uk
2023-12-21,direct debit spotify,13.62,subscriptions,simulated_bank_transactions_uk
2023-11-29,card pmt disney+ <ref>,16.24,subscriptions,simulated_bank_transactions_uk
2024-11-28,bill pmt e.on <ref>,97.16,utilities,simulated_bank_transactions_uk
2023-11-17,online-purchase-argos-misc-expense,23.57,other,simulated_bank_transactions_uk
2024-05-29,contactless contactless lidl rice <ref>,20.0,groceries,simulated_bank_transactions_uk
2023-03-28,transport uber fuel,57.13,transportation,simulated_bank_transactions_uk
2023-02-23,card payment kfc restaurant <ref>,11.05,dining,simulated_bank_transactions_uk
2023-04-05,pos direct debit apple.com/bil,15.8,subscriptions,simulated_bank_transactions_uk
2023-10-03,card payment shell fuel <ref>,69.75,transportation,simulated_bank_transactions_uk
2024-10-15,food delivery pret restaurant <ref>,115.41,dining,simulated_bank_transactions_uk
2024-06-25,bill payment ee,95.46,utilities,simulated_bank_transactions_uk
2024-04-17,mortgage payment landlord <ref>,1705.26,housing,simulated_bank_transactions_uk
2024-12-20,sto contactless iceland eggs <ref>,88.35,groceries,simulated_bank_transactions_uk
2023-10-24,direct debit pos purchase boots misc expense <ref>,32.32,other,simulated_bank_transactions_uk
2023-08-25,direct debit card pmt nhs online purchase <ref>,8.39,other,simulated_bank_transactions_uk
2023-08-16,food delivery kfc food delivery <ref>,81.54,dining,simulated_bank_transactions_uk
2023-03-12,utility bill bt <ref>,122.68,utilities,simulated_bank_transactions_uk
2024-09-07,bacs*rent*rent <ref>,1502.03,housing,simulated_bank_transactions_uk
2024-06-02,direct debit bt,142.86,utilities,simulated_bank_transactions_uk
2023-12-28,bacs direct debit disney+ <ref>,24.49,subscriptions,simulated_bank_transactions_uk
2024-05-01,online purchase boots online purchase,73.55,other,simulated_bank_transactions_uk
2023-07-08,bill*pmt*ee <ref>,152.07,utilities,simulated_bank_transactions_uk
2023-05-06,fuel*esso*uber*ride,49.08,transportation,simulated_bank_transactions_uk
2023-12-01,restaurant uber eats food delivery,47.94,dining,simulated_bank_transactions_uk
2023-08-20,card pmt hmrc online purchase,139.21,other,simulated_bank_transactions_uk
2024-06-08,food delivery just eat food delivery,10.35,dining,simulated_bank_transactions_uk
2023-07-12,direct debit apple.com/bill,28.99,subscriptions,simulated_bank_transactions_uk
2024-05-23,card payment national rail bus pass <ref>,130.8,transportation,simulated_bank_transactions_uk
2024-01-23,card/pmt/sainsburys/vegetables,73.44,groceries,simulated_bank_transactions_uk
2023-11-14,bill pmt sky <ref>,44.37,utilities,simulated_bank_transactions_uk
2024-09-11,bill pmt british gas 2216,60.04,utilities,simulated_bank_transactions_uk
2024-03-16,contactless direct debit spotify,27.02,subscriptions,simulated_bank_transactions_uk
2024-08-24,fuel trainline bus pass 27,10.74,transportation,simulated_bank_transactions_uk
2023-04-25,card payment google *services <ref>,29.13,subscriptions,simulated_bank_transactions_uk
2023-12-15,pos waitrose chicken <ref>,90.55,groceries,simulated_bank_transactions_uk
2024-06-28,food-delivery-just-eat-restaurant <ref>,87.88,dining,simulated_bank_transactions_uk
2024-07-07,bill payment bt,184.94,utilities,simulated_bank_transactions_uk
2023-10-22,card pmt spotify <ref>,15.17,subscriptions,simulated_bank_transactions_uk
2024-06-10,direct debit severn trent,191.95,utilities,simulated_bank_transactions_uk
2024-11-17,card payment currys misc expense <ref>,94.03,other,simulated_bank_transactions_uk
2023-06-24,card-pmt-spotify <ref>,17.97,subscriptions,simulated_bank_transactions_uk
2023-12-03,subscription/apple.com/bill <ref>,36.14,subscriptions,simulated_bank_transactions_uk
2024-06-14,bacs mortgage rent <ref>,776.99,housing,simulated_bank_transactions_uk
2023-05-27,rent pmt letting agent,671.88,housing,simulated_bank_transactions_uk
2024-04-18,pos-morrisons-rice <ref>,112.54,groceries,simulated_bank_transactions_uk
2024-07-07,rent payment lan,1018.94,housing,simulated_bank_transactions_uk
2023-12-03,fps direct debit o2 <ref>,131.67,utilities,simulated_bank_transactions_uk
2023-09-26,online purchase currys misc expense <ref>,137.64,other,simulated_bank_transactions_uk
2023-07-31,fuel bp uber ride,119.12,transportation,simulated_bank_transactions_uk
2023-06-13,pos card payment just eat fast food <ref>,114.8,dining,simulated_bank_transactions_uk
2023-07-06,card*payment*amazon*prime <ref>,8.67,subscriptions,simulated_bank_transactions_uk
2024-05-29,mortgage payment rent <ref>,893.89,housing,simulated_bank_transactions_uk
2023-04-27,card payment tfl fuel <ref>,127.79,transportation,simulated_bank_transactions_uk
2024-09-16,card pmt boots online purchase <ref>,87.98,other,simulated_bank_transactions_uk
2023-12-11,bacs food delivery greggs food delivery <ref>,14.73,dining,simulated_bank_transactions_uk
2024-09-24,subscription spotify <ref>,5.79,subscriptions,simulated_bank_transactions_uk
2024-08-13,bacs rent rent,1223.41,housing,simulated_bank_transactions_uk
2024-07-27,card payment morrisons eggs,49.4,groceries,simulated_bank_transactions_uk
2024-08-22,card*pmt*nhs*misc*expense <ref>,138.92,other,simulated_bank_transactions_uk
2024-10-05,direct debit severn trent,112.21,utilities,simulated_bank_transactions_uk
2024-07-05,card*pmt*argos*misc*expense <ref>,112.44,other,simulated_bank_transactions_uk
2024-04-20,sto online purchase argos online purchase,113.92,other,simulated_bank_transactions_uk
2023-07-19,bacs*landlord*rent <ref>,1536.51,housing,simulated_bank_transactions_uk
2023-05-05,direct-debit-vodafone,193.77,utilities,simulated_bank_transactions_uk
2023-09-12,sto-direct-debit-amazon-prime <ref>,7.79,subscriptions,simulated_bank_transactions_uk
2024-04-30,pos purchase currys online purchase <ref>,128.37,other,simulated_bank_transactions_uk
2023-11-19,fuel bp train ticket <ref>,98.01,transportation,simulated_bank_transactions_uk
2024-03-12,card transport shell uber ride <ref>,38.77,transportation,simulated_bank_transactions_uk
2024-06-27,contactless morrisons chicken <ref>,11.68,groceries,simulated_bank_transactions_uk
2023-05-06,mastercard transport esso uber ride <ref>,128.77,transportation,simulated_bank_transactions_uk
2023-05-19,contactless lidl eggs,51.18,groceries,simulated_bank_transactions_uk
2023-07-31,card payment shell train ticket <ref>,108.05,transportation,simulated_bank_transactions_uk
2024-12-14,contactless restaurant kfc restaurant,136.15,dining,simulated_bank_transactions_uk
2024-02-16,online purchase superdrug misc expense <ref>,33.23,other,simulated_bank_transactions_uk
2024-06-05,direct/debit/ee <ref>,181.85,utilities,simulated_bank_transactions_uk
2023-09-05,rent*payment*letting*agent <ref>,892.58,housing,simulated_bank_transactions_uk
2024-10-03,card-payment-nhs-online-purchase 3366,106.53,other,simulated_bank_transactions_uk
2024-03-16,fuel bp bus pass <ref>,146.39,transportation,simulated_bank_transactions_uk
2023-10-26,card-payment-morrisons-eggs,96.03,groceries,simulated_bank_transactions_uk
2024-10-28,card payment nando's food delivery,39.21,dining,simulated_bank_transactions_uk
2023-09-03,card payment esso fuel,123.6,transportation,simulated_bank_transactions_uk
2023-04-29,card card payment spotify <ref>,17.5,subscriptions,simulated_bank_transactions_uk
2024-02-07,contactless sainsburys rice <ref>,45.66,groceries,simulated_bank_transactions_uk
2023-09-03,bacs mortgage rent <ref>,1773.65,housing,simulated_bank_transactions_uk
2023-01-29,restaurant costa fast food <ref>,29.71,dining,simulated_bank_transactions_uk
2024-03-07,card payment argos online purchase <ref>,83.07,other,simulated_bank_transactions_uk
2023-12-18,pos-purchase-ebay-misc-expense,63.25,other,simulated_bank_transactions_uk
2023-09-19,bill payment octopus energy,48.09,utilities,simulated_bank_transactions_uk
2024-11-30,card transport bolt uber ride,123.1,transportation,simulated_bank_transactions_uk
2023-04-18,card payment deliveroo restaurant <ref>,8.14,dining,simulated_bank_transactions_uk
2024-10-11,subscription-amazon-prime <ref>,38.21,subscriptions,simulated_bank_transactions_uk
2023-11-03,fps/utility/bill/british/gas,209.99,utilities,simulated_bank_transactions_uk
2024-01-18,restaurant kfc fast,9.3,dining,simulated_bank_transactions_uk
2024-07-27,contactless sainsburys milk <ref>,30.77,groceries,simulated_bank_transactions_uk
2023-01-09,card/pmt/spotify <ref>,39.3,subscriptions,simulated_bank_transactions_uk
2023-08-02,fuel bp train ticket <ref>,74.53,transportation,simulated_bank_transactions_uk
2024-06-05,food-delivery-uber-eats-restaurant <ref>,140.24,dining,simulated_bank_transactions_uk
2023-09-23,online purchase hmrc online purchase <ref>,41.7,other,simulated_bank_transactions_uk
2024-08-15,contactless bacs letting agent rent <ref>,1340.42,housing,simulated_bank_transactions_uk
2024-08-12,bill payment ee,233.84,utilities,simulated_bank_transactions_uk
2024-03-04,restaurant nando's food delivery <ref>,120.2,dining,simulated_bank_transactions_uk
2024-11-06,fps restaurant kfc fast food <ref>,41.24,dining,simulated_bank_transactions_uk
2023-06-27,fps card payment superdrug online purchase,86.74,other,simulated_bank_transactions_uk
2024-09-20,sto card pmt gym group,14.74,subscriptions,simulated_bank_transactions_uk
2023-12-26,mastercard subscription gym group <ref>,35.49,subscriptions,simulated_bank_transactions_uk
2023-12-03,contactless waitrose vegetables <ref>,37.86,groceries,simulated_bank_transactions_uk
2024-05-17,subscription google *services <ref>,9.75,subscriptions,simulated_bank_transactions_uk
2023-07-21,card payment sainsburys rice <ref>,42.08,groceries,simulated_bank_transactions_uk
2024-07-20,card pmt asda vegetables <ref>,145.27,groceries,simulated_bank_transactions_uk
2023-10-05,direct-debit-spotify <ref>,31.51,subscriptions,simulated_bank_transactions_uk
2023-08-02,card pmt amazon online purchase <ref>,32.85,other,simulated_bank_transactions_uk
2024-06-03,card pmt disney+ <ref>,36.54,subscriptions,simulated_bank_transactions_uk
2024-03-29,food delivery costa restaurant <ref>,83.61,dining,simulated_bank_transactions_uk
2023-08-28,contactless bacs mortgage rent <ref>,911.42,housing,simulated_bank_transactions_uk
2023-01-15,direct debit o2 <ref>,134.48,utilities,simulated_bank_transactions_uk
2023-01-09,online-purchase-superdrug-misc-expense,16.86,other,simulated_bank_transactions_uk
2023-12-24,card payment google *services <ref>,8.95,subscriptions,simulated_bank_transactions_uk
2023-05-11,utility/bill/e.on,70.98,utilities,simulated_bank_transactions_uk
2023-06-20,card/payment/greggs/restaurant,54.26,dining,simulated_bank_transactions_uk
2023-06-24,contactless aldi eggs <ref>,12.97,groceries,simulated_bank_transactions_uk
2024-09-17,visa pos purchase superdrug online purchase,134.48,other,simulated_bank_transactions_uk
2024-04-06,pos iceland vegetables,98.9,groceries,simulated_bank_transactions_uk
2023-10-14,card pmt kfc restaurant,4.08,dining,simulated_bank_transactions_uk
2024-12-07,contactless sainsburys milk,11.32,groceries,simulated_bank_transactions_uk
2024-12-22,card food delivery nando's food delivery <ref>,89.96,dining,simulated_bank_transactions_uk
2023-06-13,fuel shell uber ride <ref>,86.06,transportation,simulated_bank_transactions_uk
2023-09-03,fuel tfl bus pass 5585,149.68,transportation,simulated_bank_transactions_uk
2024-05-09,card payment superdrug online purchase,11.75,other,simulated_bank_transactions_uk
2023-05-28,rent/payment/mortgage <ref>,1488.01,housing,simulated_bank_transactions_uk
2024-08-24,bill*pmt*british*gas,132.44,utilities,simulated_bank_transactions_uk
2023-09-19,pos mortgage payment landlord <ref>,1145.68,housing,simulated_bank_transactions_uk
2023-07-01,pos purchase hmrc misc expense 831,33.09,other,simulated_bank_transactions_uk
2023-11-02,bacs transport bolt uber ride,148.8,transportation,simulated_bank_transactions_uk
2023-01-15,sto online purchase boots online purchase,30.27,other,simulated_bank_transactions_uk
2023-04-13,fuel-esso-train-ticket,28.34,transportation,simulated_bank_transactions_uk
2023-02-22,card/contactless/tesco/chicken <ref>,124.78,groceries,simulated_bank_transactions_uk
2024-06-22,contactless*morrisons*bread <ref>,47.91,groceries,simulated_bank_transactions_uk
2023-08-09,food delivery nando's re,104.07,dining,simulated_bank_transactions_uk
2024-07-13,contactless lidl rice,4.76,groceries,simulated_bank_transactions_uk
2023-06-23,food-delivery-mcdonalds-fast-food <ref>,105.09,dining,simulated_bank_transactions_uk
2023-02-02,contactless sainsburys bread <ref>,117.52,groceries,simulated_bank_transactions_uk
2024-02-29,subscription-gym-group,13.28,subscriptions,simulated_bank_transactions_uk
2024-02-24,rent pmt landlord <ref>,1104.55,housing,simulated_bank_transactions_uk
2024-05-02,card pmt amazon prime <ref>,16.86,subscriptions,simulated_bank_transactions_uk
2023-09-07,subscription/spotify <ref>,8.35,subscriptions,simulated_bank_transactions_uk
2023-01-13,utility bill thames water <ref>,153.88,utilities,simulated_bank_transactions_uk
2024-04-17,pos asda rice 2693,34.78,groceries,simulated_bank_transactions_uk
2023-02-05,contactless-sainsburys-bread 14,113.64,groceries,simulated_bank_transactions_uk
2023-07-29,mortgage payment r,730.93,housing,simulated_bank_transactions_uk
2024-04-28,subscription disney+ <ref>,31.01,subscriptions,simulated_bank_transactions_uk
2023-05-26,pos contactless lidl vegetables <ref>,60.31,groceries,simulated_bank_transactions_uk
2023-11-20,card direct debit o2 <ref>,211.2,utilities,simulated_bank_transactions_uk
2023-04-25,pos purchase nhs misc expens,112.29,other,simulated_bank_transactions_uk
2024-07-14,visa restaurant uber eats restaurant <ref>,86.71,dining,simulated_bank_transactions_uk
2023-01-07,card/payment/argos/online/purchase <ref>,72.67,other,simulated_bank_transactions_uk
2024-02-21,food delivery costa fast food,48.04,dining,simulated_bank_transactions_uk
2023-11-05,contactless sainsburys bread <ref>,124.28,groceries,simulated_bank_transactions_uk
2023-05-28,card payment bolt train ticket,30.0,transportation,simulated_bank_transactions_uk
2023-05-28,card-payment-lidl-vegetables <ref>,61.4,groceries,simulated_bank_transactions_uk
2024-08-24,card*pmt*esso*train*ticket 5692,34.56,transportation,simulated_bank_transactions_uk
2024-11-11,card payment bp uber ride <ref>,23.86,transportation,simulated_bank_transactions_uk
2024-04-01,rent pmt rent,1027.13,housing,simulated_bank_transactions_uk
2024-01-20,card online purchase hmrc misc expense <ref>,132.85,other,simulated_bank_transactions_uk
2024-10-18,direct debit netflix <ref>,11.39,subscriptions,simulated_bank_transactions_uk
2023-05-14,contactless*bacs*landlord*rent <ref>,914.51,housing,simulated_bank_transactions_uk
2024-04-21,card card payment mcdonalds fast food,14.6,dining,simulated_bank_transactions_uk
2024-11-24,card pmt disney+,5.84,subscriptions,simulated_bank_transactions_uk
2024-01-03,bill payment o2 <ref>,211.98,utilities,simulated_bank_transactions_uk
2023-05-15,card payment puregym,18.38,subscriptions,simulated_bank_transactions_uk
2023-04-24,pos contactless lidl milk <ref>,87.52,groceries,simulated_bank_transactions_uk
2024-03-16,direct debit card pmt trainline uber ride <ref>,28.1,transportation,simulated_bank_transactions_uk
2024-09-13,visa card pmt puregym <ref>,29.61,subscriptions,simulated_bank_transactions_uk
2024-07-23,contactless card payment nhs misc expense,40.53,other,simulated_bank_transactions_uk
2023-05-10,food delivery uber eats food delivery <ref>,102.15,dining,simulated_bank_transactions_uk
2023-01-10,utility bill vodafone <ref>,42.93,utilities,simulated_bank_transactions_uk
2023-01-25,card-pmt-google-*services <ref>,20.97,subscriptions,simulated_bank_transactions_uk
2024-07-24,so subscription spotify,33.73,subscriptions,simulated_bank_transactions_uk
2023-02-03,card pmt morrisons chicken 34,19.1,groceries,simulated_bank_transactions_uk
2024-08-03,card/pmt/greggs/fast/food <ref>,94.1,dining,simulated_bank_transactions_uk
2024-02-18,direct debit o2,39.59,utilities,simulated_bank_transactions_uk
2023-07-26,subscription gym group,23.52,subscriptions,simulated_bank_transactions_uk
2024-10-02,restaurant just eat food delivery,144.41,dining,simulated_bank_transactions_uk
2023-10-13,utility bill severn trent <ref>,245.52,utilities,simulated_bank_transactions_uk
2023-02-10,direct debit disney+,14.46,subscriptions,simulated_bank_transactions_uk
2024-06-24,subscription/gym/group <ref>,25.09,subscriptions,simulated_bank_transactions_uk
2023-07-11,food delivery pret fast food <ref>,43.33,dining,simulated_bank_transactions_uk
2023-07-24,direct debit o2,249.53,utilities,simulated_bank_transactions_uk
2023-01-15,rent pmt landlord <ref>,1639.56,housing,simulated_bank_transactions_uk
2023-08-02,fuel esso bus pass <ref>,3.22,transportation,simulated_bank_transactions_uk
2023-01-22,fps card payment ebay online purchase,3.29,other,simulated_bank_transactions_uk
2023-09-12,mastercard card payment sainsburys chicken <ref>,79.29,groceries,simulated_bank_transactions_uk
2024-02-17,card pmt ebay misc expense <ref>,112.34,other,simulated_bank_transactions_uk
2024-09-18,food/delivery/uber/eats/restaurant <ref>,90.28,dining,simulated_bank_transactions_uk
2024-08-08,pos asda milk,78.88,groceries,simulated_bank_transactions_uk
2023-05-02,online purchase ebay online purchase <ref>,20.83,other,simulated_bank_transactions_uk
2023-04-05,card payment deliveroo restaurant <ref>,6.4,dining,simulated_bank_transactions_uk
2024-10-04,food delivery pret food delivery <ref>,113.69,dining,simulated_bank_transactions_uk
2024-04-12,fps direct debit sky <ref>,138.78,utilities,simulated_bank_transactions_uk
2024-02-02,bacs letting agent rent <ref>,1464.89,housing,simulated_bank_transactions_uk
2023-12-11,so contactless waitrose chicken <ref>,119.89,groceries,simulated_bank_transactions_uk
2024-07-14,fuel esso uber ride <ref>,141.59,transportation,simulated_bank_transactions_uk
2024-02-02,food delivery pret fast food,150.0,dining,simulated_bank_transactions_uk
2024-08-26,utility bill o2 <ref>,232.7,utilities,simulated_bank_transactions_uk
2023-05-02,subscription disney+ <ref>,13.72,subscriptions,simulated_bank_transactions_uk
2024-04-01,card-contactless-morrisons-vegetables <ref>,125.75,groceries,simulated_bank_transactions_uk
2023-03-29,card*pmt*aldi*milk <ref>,79.94,groceries,simulated_bank_transactions_uk
2024-07-22,fuel national rail uber ride,100.34,transportation,simulated_bank_transactions_uk
2023-05-25,contactless mortgage pmt mortgage,1061.62,housing,simulated_bank_transactions_uk
2023-01-19,pos purchase boots misc expense <ref>,25.06,other,simulated_bank_transactions_uk
2023-03-12,so direct debit severn trent,176.24,utilities,simulated_bank_transactions_uk
2023-09-02,transport shell train ticket <ref>,50.62,transportation,simulated_bank_transactions_uk
2024-04-02,bacs transport trainline fuel <ref>,63.43,transportation,simulated_bank_transactions_uk
2024-09-13,card pmt uber fuel,141.69,transportation,simulated_bank_transactions_uk
2023-10-07,mastercard direct debit google *services,36.17,subscriptions,simulated_bank_transactions_uk
2023-06-01,fps*pos*purchase*currys*misc*exp,66.5,other,simulated_bank_transactions_uk
2023-10-01,bacs rent rent,1370.75,housing,simulated_bank_transactions_uk
2024-07-06,bacs landlord rent 1674,1588.88,housing,simulated_bank_transactions_uk
2023-05-22,contactless lidl vegetables,77.53,groceries,simulated_bank_transactions_uk
2023-10-23,rent-payment-mortgage,1435.05,housing,simulated_bank_transactions_uk
2024-02-05,contactless waitrose bread <ref>,144.26,groceries,simulated_bank_transactions_uk
2023-03-13,bill-payment-octopus-energy <ref>,140.18,utilities,simulated_bank_transactions_uk
2023-05-20,restaurant*costa*fast*food,104.26,dining,simulated_bank_transactions_uk
2024-01-03,card payment deliveroo restaurant <ref>,119.08,dining,simulated_bank_transactions_uk
2023-08-16,mortgage payment landlord <ref>,823.68,housing,simulated_bank_transactions_uk
2023-10-29,bacs/fuel/trainline/fuel <ref>,5.56,transportation,simulated_bank_transactions_uk
2024-07-27,pos iceland bread,94.1,groceries,simulated_bank_transactions_uk
2024-03-04,direct debit octopus energy,55.56,utilities,simulated_bank_transactions_uk
2024-10-08,contactless contactless morrisons vegetables <ref>,28.97,groceries,simulated_bank_transactions_uk
2023-10-21,transport esso bus pass <ref>,85.98,transportation,simulated_bank_transactions_uk
2024-04-20,mortgage*payment*rent <ref>,644.39,housing,simulated_bank_transactions_uk
2024-02-23,direct debit gym group <ref>,14.26,subscriptions,simulated_bank_transactions_uk
2024-07-29,pos tesco milk <ref>,15.53,groceries,simulated_bank_transactions_uk
2023-06-29,visa bill pmt severn trent <ref>,36.52,utilities,simulated_bank_transactions_uk
2024-10-04,direct*debit*thames*water,247.85,utilities,simulated_bank_transactions_uk
2023-05-09,food*delivery*nando's*restaurant <ref>,54.57,dining,simulated_bank_transactions_uk
2024-06-29,pos*sainsburys*vegetables,135.95,groceries,simulated_bank_transactions_uk
2024-03-21,rent/payment/rent,1629.6,housing,simulated_bank_transactions_uk
2023-09-22,fps*card*pmt*amazon*misc*expense <ref>,35.99,other,simulated_bank_transactions_uk
2023-11-09,card*fuel*national*rail*fuel <ref>,109.63,transportation,simulated_bank_transactions_uk
2024-03-05,mastercard-mortgage-pmt-letting-agent <ref>,1969.86,housing,simulated_bank_transactions_uk
2023-04-20,direct debit british gas,242.61,utilities,simulated_bank_transactions_uk
2024-05-26,direct debit amazon prime,5.24,subscriptions,simulated_bank_transactions_uk
2023-06-02,rent-pmt-landlor,1032.78,housing,simulated_bank_transactions_uk
2024-03-07,card payment shell train ticket <ref>,54.41,transportation,simulated_bank_transactions_uk
2024-07-01,card payment morrisons rice <ref>,149.88,groceries,simulated_bank_transactions_uk
2024-11-26,pos utility bill bt <ref>,196.51,utilities,simulated_bank_transactions_uk
2024-04-08,direct debit scottishpower <ref>,70.32,utilities,simulated_bank_transactions_uk
2024-03-04,direct debit pos waitrose chicken <ref>,60.62,groceries,simulated_bank_transactions_uk
2024-02-14,rent pmt letting agen,1904.64,housing,simulated_bank_transactions_uk
2024-09-28,direct debit ee,46.85,utilities,simulated_bank_transactions_uk
2024-03-28,restaurant kfc fast food,128.29,dining,simulated_bank_transactions_uk
2024-04-23,direct debit puregym,15.27,subscriptions,simulated_bank_transactions_uk
2024-08-15,pos purchase currys online purchase <ref>,100.37,other,simulated_bank_transactions_uk
2023-01-16,pos waitrose vegetables,33.53,groceries,simulated_bank_transactions_uk
2023-04-22,pos waitrose rice <ref>,146.32,groceries,simulated_bank_transactions_uk
2024-05-09,sto pos purchase boots misc expense,76.59,other,simulated_bank_transactions_uk
2023-11-17,card payment bp train ticket <ref>,21.46,transportation,simulated_bank_transactions_uk
2023-11-11,card payment nhs misc expense <ref>,122.32,other,simulated_bank_transactions_uk
2024-01-23,so pos morrisons eggs <ref>,109.73,groceries,simulated_bank_transactions_uk
2023-12-11,card payment netflix <ref>,10.28,subscriptions,simulated_bank_transactions_uk
2024-09-11,sto card pmt boots misc expense <ref>,126.99,other,simulated_bank_transactions_uk
2023-06-26,mortgage-payment-mortgage <ref>,959.49,housing,simulated_bank_transactions_uk
2023-10-11,pos lidl rice <ref>,100.01,groceries,simulated_bank_transactions_uk
2023-04-01,online purchase nhs misc expense <ref>,97.49,other,simulated_bank_transactions_uk
2024-12-28,online purchase hmrc online purchase <ref>,17.86,other,simulated_bank_transactions_uk
2023-03-24,direct debit netflix <ref>,24.13,subscriptions,simulated_bank_transactions_uk
2024-11-15,direct debit disney+ 4389,5.09,subscriptions,simulated_bank_transactions_uk
2023-12-12,fps card pmt costa restaurant,48.09,dining,simulated_bank_transactions_uk
2023-07-03,bacs bacs landlord rent <ref>,1809.6,housing,simulated_bank_transactions_uk
2024-03-05,rent payment rent,988.12,housing,simulated_bank_transactions_uk
2023-01-19,direct debit gym group <ref>,19.18,subscriptions,simulated_bank_transactions_uk
2023-02-14,transport bolt uber ride <ref>,123.03,transportation,simulated_bank_transactions_uk
2023-11-15,bill-payment-e.on <ref>,223.2,utilities,simulated_bank_transactions_uk
2023-09-11,fps direct debit o2,189.77,utilities,simulated_bank_transactions_uk
2024-02-16,online-purchase-boots-online-purchase,20.41,other,simulated_bank_transactions_uk
2024-06-24,contactless sainsburys eggs <ref>,92.86,groceries,simulated_bank_transactions_uk
2023-09-03,restaurant-uber-eats-restaurant <ref>,124.1,dining,simulated_bank_transactions_uk
2024-10-19,fps*restaurant*kfc*restaurant <ref>,17.77,dining,simulated_bank_transactions_uk
2023-03-01,bacs/card/payment/currys/misc/expense <ref>,10.77,other,simulated_bank_transactions_uk
2023-04-18,bill pmt vodafone <ref>,183.75,utilities,simulated_bank_transactions_uk
2024-09-10,card-payment-puregym,25.73,subscriptions,simulated_bank_transactions_uk
2023-10-10,card pmt morrisons milk <ref>,16.15,groceries,simulated_bank_transactions_uk
2024-05-01,contactless morrisons milk <ref>,33.85,groceries,simulated_bank_transactions_uk
2024-12-07,card-pmt-nhs-online-purchase,38.38,other,simulated_bank_transactions_uk
2024-04-22,restaurant just eat food delivery,17.54,dining,simulated_bank_transactions_uk
2023-04-18,card card pmt nhs misc expense <ref>,9.7,other,simulated_bank_transactions_uk
2023-12-30,rent payment mortgage,817.82,housing,simulated_bank_transactions_uk
2024-08-18,contactless mortgage pmt letting agent <ref>,961.72,housing,simulated_bank_transactions_uk
2024-06-20,bacs letting agent rent,1490.59,housing,simulated_bank_transactions_uk
2024-10-05,card payment trainline bus pass,138.43,transportation,simulated_bank_transactions_uk
2024-03-24,contactless lidl milk <ref>,33.29,groceries,simulated_bank_transactions_uk
2023-06-19,card pmt uber train ticket,52.64,transportation,simulated_bank_transactions_uk
2024-07-25,mortgage pmt mortgage 6554,1891.67,housing,simulated_bank_transactions_uk
2023-01-04,pos card payment amazon prime <ref>,20.53,subscriptions,simulated_bank_transactions_uk
2024-09-05,food delivery costa restaurant,117.57,dining,simulated_bank_transactions_uk
2024-04-24,pos-purchase-ebay-online-purchase <ref>,108.11,other,simulated_bank_transactions_uk
2023-01-29,pos sainsburys rice <ref>,18.55,groceries,simulated_bank_transactions_uk
2024-04-26,subscription gym group <ref>,32.27,subscriptions,simulated_bank_transactions_uk
2023-07-27,sto card pmt argos online purchase <ref>,22.08,other,simulated_bank_transactions_uk
2023-05-04,fps rent payment landlord <ref>,1286.57,housing,simulated_bank_transactions_uk
2023-02-11,subscription apple.com/bill,34.31,subscriptions,simulated_bank_transactions_uk
2023-04-19,card payment starbucks fast food <ref>,85.27,dining,simulated_bank_transactions_uk
2024-07-14,pos*aldi*bread,120.35,groceries,simulated_bank_transactions_uk
2024-07-16,pos aldi vegetables <ref>,109.25,groceries,simulated_bank_transactions_uk
2024-05-27,fuel/bolt/bus/pass,71.43,transportation,simulated_bank_transactions_uk
2023-09-21,card pmt sainsburys milk,27.95,groceries,simulated_bank_transactions_uk
2023-08-07,rent-pmt-letting-agent <ref>,1675.25,housing,simulated_bank_transactions_uk
2023-05-05,food*delivery*just*eat*restaurant,26.85,dining,simulated_bank_transactions_uk
2024-01-29,contactless food delivery uber eats food delivery <ref>,8.59,dining,simulated_bank_transactions_uk
2024-04-11,contactless subscription disney+ <ref>,24.3,subscriptions,simulated_bank_transactions_uk
2023-01-21,card pmt esso fuel,100.96,transportation,simulated_bank_transactions_uk
2024-01-01,restaurant costa fast food <ref>,103.29,dining,simulated_bank_transactions_uk
2023-05-02,contactless lidl rice <ref>,94.1,groceries,simulated_bank_transactions_uk
2023-05-26,utility bill e.on,236.71,utilities,simulated_bank_transactions_uk
2023-04-29,card payment waitrose eggs <ref>,11.07,groceries,simulated_bank_transactions_uk
2023-05-29,pos purchase argos misc expense <ref>,134.51,other,simulated_bank_transactions_uk
2023-01-10,card pmt nando's restaurant <ref>,3.65,dining,simulated_bank_transactions_uk
2024-10-26,mastercard utility bill thames water <ref>,245.43,utilities,simulated_bank_transactions_uk
2023-08-05,subscription puregym,10.48,subscriptions,simulated_bank_transactions_uk
2024-08-14,rent pmt rent,1811.98,housing,simulated_bank_transactions_uk
2023-03-09,bacs/direct/debit/vodafone,94.42,utilities,simulated_bank_transactions_uk
2024-03-11,direct debit e.on,230.83,utilities,simulated_bank_transactions_uk
2023-08-23,subscription*apple.co,16.07,subscriptions,simulated_bank_transactions_uk
2023-03-14,bacs contactless iceland bread <ref>,17.84,groceries,simulated_bank_transactions_uk
2024-07-17,restaurant just eat fast food <ref>,108.8,dining,simulated_bank_transactions_uk
2024-12-31,bacs card payment kfc food delivery <ref>,45.75,dining,simulated_bank_transactions_uk
2024-09-21,card payment argos online purchase,36.97,other,simulated_bank_transactions_uk
2024-07-17,direct debit card payment hmrc misc expense,37.2,other,simulated_bank_transactions_uk
2023-01-18,card pmt sainsburys milk,3.46,groceries,simulated_bank_transactions_uk
2023-10-10,contactless online purchase currys online purchase,132.43,other,simulated_bank_transactions_uk
2023-06-09,card*payment*kfc*fast*food,41.16,dining,simulated_bank_transactions_uk
2024-08-22,card pmt greggs food delivery,123.58,dining,simulated_bank_transactions_uk
2023-05-06,card/card/pmt/currys/misc/expense,128.76,other,simulated_bank_transactions_uk
2023-12-12,card pmt shell fuel,39.28,transportation,simulated_bank_transactions_uk
2023-03-20,bacs*transport*tfl*uber*ride <ref>,23.11,transportation,simulated_bank_transactions_uk
2023-04-11,restaurant just eat fast food <ref>,51.44,dining,simulated_bank_transactions_uk
2024-05-24,direct debit scottishpower,198.32,utilities,simulated_bank_transactions_uk
2024-01-21,bacs subscription apple.com/bill <ref>,14.09,subscriptions,simulated_bank_transactions_uk
2024-09-04,mastercard card payment hmrc online purchase <ref>,115.08,other,simulated_bank_transactions_uk
2024-01-28,food delivery starbucks restaurant,36.38,dining,simulated_bank_transactions_uk
2023-10-27,card payment asda bread <ref>,46.46,groceries,simulated_bank_transactions_uk
2024-01-14,food delivery uber eats food delivery <ref>,126.86,dining,simulated_bank_transactions_uk
2024-04-18,pos purchase ebay misc expense,65.16,other,simulated_bank_transactions_uk
2023-03-08,food delivery deliveroo restaurant <ref>,8.39,dining,simulated_bank_transactions_uk
2023-07-28,card payment kfc restaurant <ref>,7.02,dining,simulated_bank_transactions_uk
2024-01-06,mastercard card payment iceland chicken <ref>,71.19,groceries,simulated_bank_transactions_uk
2024-05-07,fps card pmt nando's fast food <ref>,113.94,dining,simulated_bank_transactions_uk
2023-03-04,direct debit amazon prime,21.84,subscriptions,simulated_bank_transactions_uk
2023-08-22,pos utility bill vodafone <ref>,97.52,utilities,simulated_bank_transactions_uk
2023-10-31,direct debit amazon prime <ref>,36.1,subscriptions,simulated_bank_transactions_uk
2024-05-30,bacs card payment superdrug online purchase,126.56,other,simulated_bank_transactions_uk
2024-11-18,pos purchase nhs misc expense <ref>,106.73,other,simulated_bank_transactions_uk
2023-12-07,so/direct/debit/e.on,153.78,utilities,simulated_bank_transactions_uk
2024-02-17,card pmt esso fuel <ref>,103.73,transportation,simulated_bank_transactions_uk
2023-11-04,bill pmt scottishpower <ref>,143.56,utilities,simulated_bank_transactions_uk
2023-09-14,contactless*morrisons*rice <ref>,64.24,groceries,simulated_bank_transactions_uk
2024-11-30,utility bill severn trent,226.32,utilities,simulated_bank_transactions_uk
2024-12-24,direct debit thames water <ref>,44.87,utilities,simulated_bank_transactions_uk
2024-02-15,bill pmt bt,150.67,utilities,simulated_bank_transactions_uk
2024-01-02,restaurant*starbucks*fast*food <ref>,104.67,dining,simulated_bank_transactions_uk
2024-05-31,so direct debit apple.com/bill,23.52,subscriptions,simulated_bank_transactions_uk
2024-02-21,online-purchase-ebay-misc-expense <ref>,92.29,other,simulated_bank_transactions_uk
2024-06-19,mortgage payment landlord,1323.82,housing,simulated_bank_transactions_uk
2023-06-30,card payment pret food delivery,102.88,dining,simulated_bank_transactions_uk
2024-01-15,contactless sainsburys vegetables,52.19,groceries,simulated_bank_transactions_uk
2023-12-22,pos purchase boots online purchase <ref>,41.18,other,simulated_bank_transactions_uk
2024-09-10,pos purchase ebay online purchase,104.03,other,simulated_bank_transactions_uk
2024-08-14,so card pmt argos online purchase,72.72,other,simulated_bank_transactions_uk
2023-12-02,card pmt kfc food delivery,15.32,dining,simulated_bank_transactions_uk
2023-01-10,card subscription apple.com/bill <ref>,14.01,subscriptions,simulated_bank_transactions_uk
2023-11-26,card payment tfl train ticket <ref>,103.23,transportation,simulated_bank_transactions_uk
2024-04-30,card-card-payment-costa-fast-food <ref>,11.49,dining,simulated_bank_transactions_uk
2023-12-14,card payment gym group,22.49,subscriptions,simulated_bank_transactions_uk
2023-03-20,direct debit fuel national rail bus pass,26.34,transportation,simulated_bank_transactions_uk
2024-06-23,direct debit puregym,13.44,subscriptions,simulated_bank_transactions_uk
2024-05-03,card payment shell train ticket <ref>,127.23,transportation,simulated_bank_transactions_uk
2023-07-31,utility bill sky <ref>,58.65,utilities,simulated_bank_transactions_uk
2024-10-20,visa direct debit severn trent <ref>,68.6,utilities,simulated_bank_transactions_uk
2024-04-20,fps direct debit british gas <ref>,197.55,utilities,simulated_bank_transactions_uk
2024-05-16,pos online purchase nhs misc expense <ref>,98.73,other,simulated_bank_transactions_uk
2024-05-18,card pmt deliveroo food delivery,20.74,dining,simulated_bank_transactions_uk
2023-10-29,contactless iceland rice <ref>,27.16,groceries,simulated_bank_transactions_uk
2024-07-19,direct-debit-o2,89.01,utilities,simulated_bank_transactions_uk
2023-02-03,card/pmt/costa/food/delivery <ref>,84.36,dining,simulated_bank_transactions_uk
2024-03-11,fuel bolt train ticket <ref>,141.18,transportation,simulated_bank_transactions_uk
2023-07-03,direct debit gym group,34.98,subscriptions,simulated_bank_transactions_uk
2024-08-05,utility bill ee,194.31,utilities,simulated_bank_transactions_uk
2023-09-30,online purchase superdrug online purchase <ref>,17.06,other,simulated_bank_transactions_uk
2023-03-04,direct debit bt <ref>,212.34,utilities,simulated_bank_transactions_uk
2023-03-15,fps card payment pret food delivery <ref>,6.72,dining,simulated_bank_transactions_uk
2023-01-20,restaurant mcdonalds fast food <ref>,132.88,dining,simulated_bank_transactions_uk
2023-02-10,direct debit sky,72.68,utilities,simulated_bank_transactions_uk
2023-10-26,fuel bolt uber ride <ref>,141.38,transportation,simulated_bank_transactions_uk
2024-04-14,card/pmt/puregym,19.46,subscriptions,simulated_bank_transactions_uk
2023-08-18,utility bill vodafone <ref>,112.88,utilities,simulated_bank_transactions_uk
2024-03-27,online purchase nhs online purchase <ref>,129.86,other,simulated_bank_transactions_uk
2023-09-05,direct debit scottishpower,125.31,utilities,simulated_bank_transactions_uk
2023-02-03,subscription disney+ <ref>,38.53,subscriptions,simulated_bank_transactions_uk
2023-03-04,bacs-landlord-rent <ref>,1055.13,housing,simulated_bank_transactions_uk
2024-07-17,direct debit o2 <ref>,164.8,utilities,simulated_bank_transactions_uk
2023-08-13,card pmt bolt uber ride,105.74,transportation,simulated_bank_transactions_uk
2024-05-20,card mortgage payment rent,1581.0,housing,simulated_bank_transactions_uk
2024-02-01,bill*payment*vodafone <ref>,155.97,utilities,simulated_bank_transactions_uk
2024-07-30,pos direct debit sky,95.66,utilities,simulated_bank_transactions_uk
2024-03-16,online purchase currys misc expense,11.75,other,simulated_bank_transactions_uk
2023-06-25,bacs/mortgage/rent <ref>,1504.23,housing,simulated_bank_transactions_uk
2023-11-08,food-delivery-uber-eats-restaurant <ref>,84.29,dining,simulated_bank_transactions_uk
2023-09-29,card/pmt/tfl/train/ticket,89.45,transportation,simulated_bank_transactions_uk
2024-04-08,bacs card pmt disney+ <ref>,18.08,subscriptions,simulated_bank_transactions_uk
2023-11-05,bacs landlord rent,1364.58,housing,simulated_bank_transactions_uk
2024-05-22,pos purchase hmrc online purchase,64.55,other,simulated_bank_transactions_uk
2023-01-23,card pmt esso fuel <ref>,127.43,transportation,simulated_bank_transactions_uk
2023-04-16,bill*payment*o2 <ref>,176.32,utilities,simulated_bank_transactions_uk
2023-03-21,direct-debit-disney+,10.81,subscriptions,simulated_bank_transactions_uk
2023-09-01,sto card payment bp bus pass,132.67,transportation,simulated_bank_transactions_uk
2023-02-05,direct debit disney+ <ref>,23.98,subscriptions,simulated_bank_transactions_uk
2023-07-17,subscription google *services <ref>,10.49,subscriptions,simulated_bank_transactions_uk
2023-09-08,sto utility bill severn trent <ref>,240.63,utilities,simulated_bank_transactions_uk
2024-01-19,fuel national rail uber,8.99,transportation,simulated_bank_transactions_uk
2023-04-27,mortgage pmt rent <ref>,1962.8,housing,simulated_bank_transactions_uk
2023-12-03,subscription google *services,16.82,subscriptions,simulated_bank_transactions_uk
2024-02-19,card*pos*purchase*nhs*online*purchase,36.23,other,simulated_bank_transactions_uk
2023-10-19,subscription google *services <ref>,33.3,subscriptions,simulated_bank_transactions_uk
2023-09-09,mortgage pmt rent,1657.07,housing,simulated_bank_transactions_uk
2023-06-17,direct debit bt,84.18,utilities,simulated_bank_transactions_uk
2023-01-28,subscription netflix 9157,33.41,subscriptions,simulated_bank_transactions_uk
2023-10-03,fuel bp train ticket <ref>,21.0,transportation,simulated_bank_transactions_uk
2024-08-16,card pmt argos misc expense <ref>,16.3,other,simulated_bank_transactions_uk
2024-09-04,contactless aldi rice,117.67,groceries,simulated_bank_transactions_uk
2024-09-18,restaurant nando's fast food <ref>,136.43,dining,simulated_bank_transactions_uk
2023-05-27,card payment google *services,6.98,subscriptions,simulated_bank_transactions_uk
2024-04-15,direct debit octopus energy <ref>,46.56,utilities,simulated_bank_transactions_uk
2023-03-09,card*payment*esso*bus*pass,43.84,transportation,simulated_bank_transactions_uk
2023-10-02,contactless/morrisons/rice <ref>,29.79,groceries,simulated_bank_transactions_uk
2023-12-17,card/rent/payment/mortgage 3,1862.36,housing,simulated_bank_transactions_uk
2024-04-02,card*payment*netflix <ref>,11.33,subscriptions,simulated_bank_transactions_uk
2024-05-08,contactless waitrose vegetables <ref>,36.67,groceries,simulated_bank_transactions_uk
2023-05-12,fuel tfl train ticket,109.21,transportation,simulated_bank_transactions_uk
2023-06-04,card pmt uber eats fast food <ref>,72.6,dining,simulated_bank_transactions_uk
2023-05-26,rent pmt mortgage,744.04,housing,simulated_bank_transactions_uk
2024-04-04,bacs rent rent,1196.01,housing,simulated_bank_transactions_uk
2024-08-07,pos purchase currys online purchase <ref>,6.89,other,simulated_bank_transactions_uk
2023-10-03,subscription google *services <ref>,35.78,subscriptions,simulated_bank_transactions_uk
2023-07-15,card payment shell train ticket <ref>,42.76,transportation,simulated_bank_transactions_uk
2023-12-06,card bill pmt thames water <ref>,182.04,utilities,simulated_bank_transactions_uk
2023-10-05,transport/national/rail/uber/ride <ref>,49.72,transportation,simulated_bank_transactions_uk
2023-11-03,pos direct debit o2 <ref>,170.77,utilities,simulated_bank_transactions_uk
2024-08-28,direct debit sky <ref>,127.16,utilities,simulated_bank_transactions_uk
2024-04-22,contactless*card*payment*kfc*food*delivery <ref>,23.53,dining,simulated_bank_transactions_uk
2023-05-15,pos*direct*debit*amazon*prime <ref>,30.94,subscriptions,simulated_bank_transactions_uk
2023-09-18,bill pmt vodafone,81.98,utilities,simulated_bank_transactions_uk
2023-04-23,direct debit bacs letting agent rent <ref>,1355.58,housing,simulated_bank_transactions_uk
2023-11-06,card payment amazon prime <ref>,38.92,subscriptions,simulated_bank_transactions_uk
2024-03-17,card pmt boots misc expense,75.42,other,simulated_bank_transactions_uk
2024-08-11,food delivery greggs food delivery,59.18,dining,simulated_bank_transactions_uk
2024-08-26,utility bill sky,196.66,utilities,simulated_bank_transactions_uk
2024-09-24,direct debit google *services <ref>,8.33,subscriptions,simulated_bank_transactions_uk
2024-07-09,card-pmt-asda-bread <ref>,53.02,groceries,simulated_bank_transactions_uk
2024-06-16,rent pmt mortgage <ref>,984.91,housing,simulated_bank_transactions_uk
2024-06-27,transport tfl bus pass <ref>,111.08,transportation,simulated_bank_transactions_uk
2024-03-23,direct debit vodafone <ref>,100.54,utilities,simulated_bank_transactions_uk
2023-01-19,rent pmt mortgage <ref>,1703.95,housing,simulated_bank_transactions_uk
2024-08-21,bacs rent rent 210,775.46,housing,simulated_bank_transactions_uk
2023-08-10,pos purchase superdrug online purchase <ref>,56.27,other,simulated_bank_transactions_uk
2023-03-24,pos purchase currys misc expense <ref>,111.36,other,simulated_bank_transactions_uk
2023-06-12,bacs pos purchase ebay misc expense <ref>,27.81,other,simulated_bank_transactions_uk
2023-04-19,direct debit bill payment ee <ref>,31.9,utilities,simulated_bank_transactions_uk
2024-10-12,direct debit puregym <ref>,32.85,subscriptions,simulated_bank_transactions_uk
2023-11-04,restaurant deliveroo restaurant,114.27,dining,simulated_bank_transactions_uk
2023-07-13,card pmt just eat restaurant <ref>,84.21,dining,simulated_bank_transactions_uk
2023-04-03,card*payment*spotify <ref>,27.61,subscriptions,simulated_bank_transactions_uk
2023-09-09,pos purchase ebay online purchase <ref>,119.56,other,simulated_bank_transactions_uk
2024-08-10,card pmt trainline uber ride,45.26,transportation,simulated_bank_transactions_uk
2024-11-01,direct debit british gas <ref>,163.21,utilities,simulated_bank_transactions_uk
2024-12-11,card pmt greggs fast food,28.03,dining,simulated_bank_transactions_uk
2024-02-13,mastercard food delivery pret restaurant 7046,22.75,dining,simulated_bank_transactions_uk
2023-12-17,card-payment-waitrose-eggs <ref>,138.03,groceries,simulated_bank_transactions_uk
2024-01-05,pos purchase superdrug online purchase <ref>,144.54,other,simulated_bank_transactions_uk
2024-05-03,restaurant uber eats restaurant <ref>,30.21,dining,simulated_bank_transactions_uk
2023-01-20,pos purchase ebay misc expense,98.11,other,simulated_bank_transactions_uk
2023-03-28,bacs*rent*rent 3579,669.86,housing,simulated_bank_transactions_uk
2024-07-05,direct debit netflix <ref>,31.71,subscriptions,simulated_bank_transactions_uk
2024-04-19,fps subscription amazon prime,15.43,subscriptions,simulated_bank_transactions_uk
2023-08-16,fps pos iceland milk,142.6,groceries,simulated_bank_transactions_uk
2024-03-05,card*pmt*kfc*restaurant <ref>,105.14,dining,simulated_bank_transactions_uk
2024-05-12,pos asda chicken <ref>,24.1,groceries,simulated_bank_transactions_uk
2023-04-24,rent pmt letting agent <ref>,993.38,housing,simulated_bank_transactions_uk
2024-03-22,mortgage payment mortgage,676.85,housing,simulated_bank_transactions_uk
2023-08-12,card-pmt-nhs-online-purchase <ref>,60.47,other,simulated_bank_transactions_uk
2023-08-22,mortgage payment mortgage,1401.42,housing,simulated_bank_transactions_uk
2024-03-09,restaurant-starbucks-restaurant,32.38,dining,simulated_bank_transactions_uk
2024-11-05,card card payment asda rice <ref>,124.45,groceries,simulated_bank_transactions_uk
2023-07-22,direct debit thames water <ref>,75.23,utilities,simulated_bank_transactions_uk
2024-10-20,mastercard*pos*purchase*boots*misc*expense <ref>,19.86,other,simulated_bank_transactions_uk
2023-04-06,pos-purchase-nhs-misc-expense,44.62,other,simulated_bank_transactions_uk
2023-07-24,restaurant kfc fast food 771,23.17,dining,simulated_bank_transactions_uk
2023-10-22,so bacs landlord rent <ref>,986.43,housing,simulated_bank_transactions_uk
2023-07-02,pos asda vegetables <ref>,31.9,groceries,simulated_bank_transactions_uk
2024-02-02,restaurant costa fast food <ref>,99.8,dining,simulated_bank_transactions_uk
2023-02-02,card payment amazon prime <ref>,19.71,subscriptions,simulated_bank_transactions_uk
2023-09-15,restaurant kfc food delivery <ref>,33.64,dining,simulated_bank_transactions_uk
2023-10-12,subscription gym group,39.11,subscriptions,simulated_bank_transactions_uk
2023-12-15,food delivery mcdonalds restaurant <ref>,72.59,dining,simulated_bank_transactions_uk
2023-01-21,pos contactless tesco chicken,83.92,groceries,simulated_bank_transactions_uk
2024-08-01,bacs/card/payment/waitrose/rice <ref>,94.1,groceries,simulated_bank_transactions_uk
2023-06-22,bill/payment/octopus/energy <ref>,70.21,utilities,simulated_bank_transactions_uk
2023-10-01,fps card pmt bolt train ticket <ref>,68.46,transportation,simulated_bank_transactions_uk
2024-05-23,pos purchase hmrc misc expense <ref>,14.43,other,simulated_bank_transactions_uk
2023-12-10,so/direct/debit/bt,124.25,utilities,simulated_bank_transactions_uk
2024-02-03,pos*purchase*superdrug*online*purchase,76.64,other,simulated_bank_transactions_uk
2023-01-12,subscription amazon prime <ref>,31.63,subscriptions,simulated_bank_transactions_uk
2024-01-14,direct debit ee,200.0,utilities,simulated_bank_transactions_uk
2024-03-04,mortgage/payment/mortgage,1665.49,housing,simulated_bank_transactions_uk
2023-06-27,subscription amazon prime <ref>,29.09,subscriptions,simulated_bank_transactions_uk
2024-10-30,bill pmt vodafone,88.57,utilities,simulated_bank_transactions_uk
2023-08-21,contactless sainsburys milk <ref>,90.56,groceries,simulated_bank_transactions_uk
2023-10-02,contactless*card*payment*spotify,15.95,subscriptions,simulated_bank_transactions_uk
2023-11-25,pos direct debit vodafone <ref>,91.28,utilities,simulated_bank_transactions_uk
2023-02-03,pos purchase hmrc online purchase <ref>,125.78,other,simulated_bank_transactions_uk
2024-11-19,card*subscription*apple.com/bill <ref>,7.72,subscriptions,simulated_bank_transactions_uk
2024-10-25,food delivery greggs restaurant <ref>,47.79,dining,simulated_bank_transactions_uk
2024-04-11,direct debit bacs letting agent rent <ref>,1011.04,housing,simulated_bank_transactions_uk
2023-02-22,card-payment-netflix <ref>,12.43,subscriptions,simulated_bank_transactions_uk
2024-07-09,card-restaurant-kfc-food-delivery,58.15,dining,simulated_bank_transactions_uk
2023-12-26,card pmt ebay misc expense <ref>,126.96,other,simulated_bank_transactions_uk
2024-04-23,food delivery pret fast food <ref>,134.73,dining,simulated_bank_transactions_uk
2023-03-10,bill payment octopus energy,118.91,utilities,simulated_bank_transactions_uk
2023-03-31,fuel esso bus pass,132.69,transportation,simulated_bank_transactions_uk
2024-08-07,bacs-subscription-apple.com/bill <ref>,31.13,subscriptions,simulated_bank_transactions_uk
2024-05-01,bacs-card-pmt-asda-milk <ref>,24.93,groceries,simulated_bank_transactions_uk
2024-06-13,rent pmt letting agent,754.0,housing,simulated_bank_transactions_uk
2024-04-10,fuel bp bus pass,9.03,transportation,simulated_bank_transactions_uk
2024-01-08,rent-payment-landlord,1966.81,housing,simulated_bank_transactions_uk
2023-02-07,card pmt starbucks fast food 5129,7.89,dining,simulated_bank_transactions_uk
2024-08-29,bill payment bt,231.27,utilities,simulated_bank_transactions_uk
2024-10-22,direct*debit*card*payment*google**services <ref>,18.87,subscriptions,simulated_bank_transactions_uk
2024-02-19,card pmt kfc food delivery <ref>,34.02,dining,simulated_bank_transactions_uk
2023-05-04,direct/debit/restaurant/deliveroo/food/delivery <ref>,119.34,dining,simulated_bank_transactions_uk
2024-02-25,card subscription amazon prime,11.42,subscriptions,simulated_bank_transactions_uk
2024-10-19,pos pos purchase nhs misc expense <ref>,136.95,other,simulated_bank_transactions_uk
2024-06-08,bacs-fuel-bolt-uber-rid,93.3,transportation,simulated_bank_transactions_uk
2024-03-17,card payment uber eats food delivery <ref>,98.12,dining,simulated_bank_transactions_uk
2023-12-04,transport shell train ticket <ref>,76.85,transportation,simulated_bank_transactions_uk
2024-08-09,rent pmt letting agent <ref>,1652.0,housing,simulated_bank_transactions_uk
2023-06-23,restaurant kfc restaurant,47.79,dining,simulated_bank_transactions_uk
2023-11-19,bacs/letting/agent/rent,633.7,housing,simulated_bank_transactions_uk
2024-11-17,bacs card pmt argos misc expense <ref>,127.68,other,simulated_bank_transactions_uk
2023-05-01,contactless mortgage pmt rent <ref>,794.6,housing,simulated_bank_transactions_uk
2024-07-28,rent payment letting agent,1507.08,housing,simulated_bank_transactions_uk
2024-07-12,visa*card*pmt*uber*eats*food*delivery <ref>,115.43,dining,simulated_bank_transactions_uk
2024-03-29,card*pmt*boots*misc*expense,103.37,other,simulated_bank_transactions_uk
2023-07-11,card payment waitrose rice,60.44,groceries,simulated_bank_transactions_uk
2024-02-16,pos purchase hmrc online purchase <ref>,115.09,other,simulated_bank_transactions_uk
2024-11-23,card/payment/currys/online/purchase,87.95,other,simulated_bank_transactions_uk
2024-08-17,pos tesco rice <ref>,31.17,groceries,simulated_bank_transactions_uk
2024-09-22,card*payment*apple.com/bill <ref>,22.81,subscriptions,simulated_bank_transactions_uk
2024-07-03,contactless morrisons vegetables <ref>,149.29,groceries,simulated_bank_transactions_uk
2024-12-20,bill payment british ga,63.86,utilities,simulated_bank_transactions_uk
2023-08-27,transport trainline train ticket <ref>,116.57,transportation,simulated_bank_transactions_uk
2023-01-07,restaurant costa restaurant 5970,70.26,dining,simulated_bank_transactions_uk
2023-09-26,direct debit amazon pri,15.78,subscriptions,simulated_bank_transactions_uk
2023-07-31,card bill payment e.on <ref>,64.7,utilities,simulated_bank_transactions_uk
2023-09-01,bacs letting agent r,721.94,housing,simulated_bank_transactions_uk
2024-10-17,transport national rail bus pass <ref>,104.0,transportation,simulated_bank_transactions_uk
2024-08-02,subscription google *services,14.88,subscriptions,simulated_bank_transactions_uk
2024-09-05,subscription puregym <ref>,39.79,subscriptions,simulated_bank_transactions_uk
2024-03-25,so*direct*debit*e.on,210.3,utilities,simulated_bank_transactions_uk
2024-06-27,bill payment vodafone <ref>,249.17,utilities,simulated_bank_transactions_uk
2023-10-12,bill-payment-british-gas,230.74,utilities,simulated_bank_transactions_uk
2024-12-11,card bacs rent rent <ref>,1576.32,housing,simulated_bank_transactions_uk
2024-02-29,rent payment letting agent <ref>,1354.29,housing,simulated_bank_transactions_uk
2023-01-06,food-delivery-nando's-food-delivery,129.42,dining,simulated_bank_transactions_uk
2024-10-18,contactless food delivery greggs food delivery <ref>,58.41,dining,simulated_bank_transactions_uk
2023-12-18,so fuel national rail train ticket <ref>,102.64,transportation,simulated_bank_transactions_uk
2023-09-16,rent pmt mortgage,1510.69,housing,simulated_bank_transactions_uk
2024-10-31,online purchase amazon online purchase <ref>,135.48,other,simulated_bank_transactions_uk
2024-04-04,direct debit subscription spotify <ref>,11.99,subscriptions,simulated_bank_transactions_uk
2023-02-25,card-pmt-argos-online-purchase <ref>,19.82,other,simulated_bank_transactions_uk
2024-04-01,bacs card pmt amazon prime <ref>,15.44,subscriptions,simulated_bank_transactions_uk
2024-10-06,card pmt aldi bread <ref>,7.57,groceries,simulated_bank_transactions_uk
2023-03-09,subscription netflix,36.44,subscriptions,simulated_bank_transactions_uk
2024-06-25,food delivery costa restaurant,62.11,dining,simulated_bank_transactions_uk
2023-10-31,direct debit british gas <ref>,173.28,utilities,simulated_bank_transactions_uk
2023-12-01,online purchase hmrc misc expense,126.84,other,simulated_bank_transactions_uk
2023-01-20,online*purchase*argos*online*purchase,100.1,other,simulated_bank_transactions_uk
2024-11-06,restaurant mcdonalds restaurant,78.9,dining,simulated_bank_transactions_uk
2024-10-24,direct debit apple.com/bill <ref>,11.43,subscriptions,simulated_bank_transactions_uk
2023-03-19,food-delivery-deliveroo-food-delivery 2755,43.51,dining,simulated_bank_transactions_uk
2024-08-29,card payment just eat food delivery,3.32,dining,simulated_bank_transactions_uk
2024-01-30,mortgage-payment-landlord,1838.38,housing,simulated_bank_transactions_uk
2024-04-28,direct debit online purchase nhs online purchase,28.21,other,simulated_bank_transactions_uk
2024-07-24,restaurant-uber-eats-fast-food <ref>,22.47,dining,simulated_bank_transactions_uk
2023-01-18,visa pos waitrose chicken 4101,22.62,groceries,simulated_bank_transactions_uk
2023-06-29,utility bill vodafone <ref>,169.83,utilities,simulated_bank_transactions_uk
2023-09-28,food delivery just eat restaurant <ref>,101.86,dining,simulated_bank_transactions_uk
2024-09-01,fuel trainline bus pass <ref>,35.1,transportation,simulated_bank_transactions_uk
2024-10-19,card pmt greggs food delivery <ref>,98.69,dining,simulated_bank_transactions_uk
2024-11-27,fuel uber bus pass 6122,149.75,transportation,simulated_bank_transactions_uk
2023-03-25,online purchase boots misc e,135.3,other,simulated_bank_transactions_uk
2024-11-08,bacs direct debit british gas,94.95,utilities,simulated_bank_transactions_uk
2024-01-18,rent payment mortgage <ref>,1520.68,housing,simulated_bank_transactions_uk
2023-06-09,utility-bill-thames-water <ref>,158.82,utilities,simulated_bank_transactions_uk
2024-07-18,bill pmt e.on <ref>,31.97,utilities,simulated_bank_transactions_uk
2024-12-22,card pmt shell fuel,62.55,transportation,simulated_bank_transactions_uk
2024-10-26,fps pos sainsburys bread <ref>,92.68,groceries,simulated_bank_transactions_uk
2023-10-28,pos*purchase*currys*misc*expense <ref>,3.11,other,simulated_bank_transactions_uk
2024-12-07,bill pmt e.on,215.78,utilities,simulated_bank_transactions_uk
2023-08-16,transport uber uber ride,54.73,transportation,simulated_bank_transactions_uk
2024-12-17,rent pmt mortgage,1655.46,housing,simulated_bank_transactions_uk
2023-10-13,direct debit netflix,32.26,subscriptions,simulated_bank_transactions_uk
2024-12-19,rent payment letting agent <ref>,1823.19,housing,simulated_bank_transactions_uk
2024-08-06,transport uber train ticket,20.47,transportation,simulated_bank_transactions_uk
2024-01-14,contactless-restaurant-just-eat-fast-food,39.57,dining,simulated_bank_transactions_uk
2023-07-22,sto card pmt shell fuel <ref>,63.43,transportation,simulated_bank_transactions_uk
2024-04-19,utility bill bt <ref>,113.86,utilities,simulated_bank_transactions_uk
2024-08-22,card/payment/spotify <ref>,19.27,subscriptions,simulated_bank_transactions_uk
2023-11-14,pos morrisons bread,57.81,groceries,simulated_bank_transactions_uk
2024-11-13,card pmt puregym <ref>,34.94,subscriptions,simulated_bank_transactions_uk
2023-07-10,direct*debit*sky,239.29,utilities,simulated_bank_transactions_uk
2024-02-25,card card pmt spotify,10.8,subscriptions,simulated_bank_transactions_uk
2024-02-12,so subscription pu,18.43,subscriptions,simulated_bank_transactions_uk
2024-08-05,card pmt asda rice,142.45,groceries,simulated_bank_transactions_uk
2024-01-22,direct debit gym group <ref>,36.24,subscriptions,simulated_bank_transactions_uk
2024-11-04,subscription/puregym <ref>,38.18,subscriptions,simulated_bank_transactions_uk
2024-09-09,card-payment-boots-online-purchase <ref>,89.43,other,simulated_bank_transactions_uk
2024-07-20,online purchase nhs online purchase <ref>,34.65,other,simulated_bank_transactions_uk
2024-06-11,bacs mortgage rent <ref>,1159.74,housing,simulated_bank_transactions_uk
2024-09-17,restaurant greggs food delivery,75.83,dining,simulated_bank_transactions_uk
2023-11-05,utility bill british gas <ref>,125.44,utilities,simulated_bank_transactions_uk
2023-06-26,pos lidl bread <ref>,40.46,groceries,simulated_bank_transactions_uk
2023-09-15,card pmt aldi chicken <ref>,142.29,groceries,simulated_bank_transactions_uk
2024-06-24,card*pmt*amazon*prime <ref>,12.0,subscriptions,simulated_bank_transactions_uk
2023-06-08,rent payment rent,1439.29,housing,simulated_bank_transactions_uk
2023-03-10,direct*debit*british*gas,30.97,utilities,simulated_bank_transactions_uk
2024-11-05,direct debit fuel bp bus pass <ref>,10.3,transportation,simulated_bank_transactions_uk
2024-09-23,direct/debit/rent/payment/landlord <ref>,805.51,housing,simulated_bank_transactions_uk
2024-10-29,rent payment m,1026.94,housing,simulated_bank_transactions_uk
2024-07-31,rent payment mortgage <ref>,1819.0,housing,simulated_bank_transactions_uk
2023-01-18,pos asda bread <ref>,47.18,groceries,simulated_bank_transactions_uk
2024-07-10,card bill pmt vodafone <ref>,228.25,utilities,simulated_bank_transactions_uk
2024-09-19,food delivery just eat restaurant <ref>,7.88,dining,simulated_bank_transactions_uk
2024-01-28,card pmt google *services,34.15,subscriptions,simulated_bank_transactions_uk
2024-11-14,card payment national rail train ticket <ref>,112.12,transportation,simulated_bank_transactions_uk
2024-09-27,rent pmt letting agent,615.9,housing,simulated_bank_transactions_uk
2023-12-11,rent pmt rent <ref>,855.71,housing,simulated_bank_transactions_uk
2024-05-11,pos*purchase*nhs*online*purchase <ref>,7.55,other,simulated_bank_transactions_uk
2023-04-15,card payment pret fast food,92.47,dining,simulated_bank_transactions_uk
2023-05-09,direct debit puregym <ref>,26.72,subscriptions,simulated_bank_transactions_uk
2023-02-04,card pmt puregym <ref>,39.26,subscriptions,simulated_bank_transactions_uk
2023-01-05,mastercard*mortgage*payment*letting*agent <ref>,784.39,housing,simulated_bank_transactions_uk
2023-09-09,card pos waitrose rice <ref>,99.86,groceries,simulated_bank_transactions_uk
2023-04-13,bacs landlord rent <ref>,1171.89,housing,simulated_bank_transactions_uk
2023-06-06,card pmt spotify <ref>,39.24,subscriptions,simulated_bank_transactions_uk
2023-01-07,online-purchase-superdrug-misc-expense <ref>,127.89,other,simulated_bank_transactions_uk
2023-11-11,card payment bp train ticket,119.92,transportation,simulated_bank_transactions_uk
2023-06-17,restaurant uber eats fast food <ref>,20.72,dining,simulated_bank_transactions_uk
2024-11-03,transport uber train ticket <ref>,144.76,transportation,simulated_bank_transactions_uk
2024-02-19,mastercard direct debit sky <ref>,99.46,utilities,simulated_bank_transactions_uk
2024-05-16,card pmt aldi milk <ref>,10.62,groceries,simulated_bank_transactions_uk
2023-03-17,sto card payment kfc restaurant <ref>,97.43,dining,simulated_bank_transactions_uk
2024-03-05,restaurant starbucks fast food <ref>,12.13,dining,simulated_bank_transactions_uk
2023-07-03,pos iceland chicken <ref>,114.98,groceries,simulated_bank_transactions_uk
2024-09-28,card/payment/asda/bread <ref>,105.17,groceries,simulated_bank_transactions_uk
2023-07-18,mortgage payment letting agent <ref>,1321.89,housing,simulated_bank_transactions_uk
2023-07-08,bacs direct debit scottishpower <ref>,95.62,utilities,simulated_bank_transactions_uk
2023-11-14,card pmt nhs misc expense,128.21,other,simulated_bank_transactions_uk
2024-09-15,transport/bolt/fuel,45.13,transportation,simulated_bank_transactions_uk
2023-01-27,visa contactless sainsburys eggs <ref>,75.53,groceries,simulated_bank_transactions_uk
2024-03-01,so restaurant just eat food delivery,143.94,dining,simulated_bank_transactions_uk
2023-11-19,so card pmt argos online purchase <ref>,116.85,other,simulated_bank_transactions_uk
2024-04-26,bacs*pos*tesco*milk <ref>,104.7,groceries,simulated_bank_transactions_uk
2024-09-14,restaurant/starbucks/fast/food <ref>,14.2,dining,simulated_bank_transactions_uk
2024-12-05,pos lidl rice <ref>,95.59,groceries,simulated_bank_transactions_uk
2024-11-04,direct debit direct debit gym group <ref>,29.33,subscriptions,simulated_bank_transactions_uk
2023-07-17,bill/pmt/thames/water 92,107.37,utilities,simulated_bank_transactions_uk
2023-03-17,fuel*shell*uber*ride <ref>,91.94,transportation,simulated_bank_transactions_uk
2024-07-11,direct*debit*google**services,17.05,subscriptions,simulated_bank_transactions_uk
2023-11-25,mortgage*pmt*landlord <ref>,1730.86,housing,simulated_bank_transactions_uk
2024-09-26,card payment ebay misc expense,41.3,other,simulated_bank_transactions_uk
2024-09-08,card-payment-deliveroo-food-delivery <ref>,56.76,dining,simulated_bank_transactions_uk
2024-05-18,bacs landlord rent <ref>,665.65,housing,simulated_bank_transactions_uk
2023-10-19,card pmt amazon misc expense <ref>,3.4,other,simulated_bank_transactions_uk
2023-01-13,card/payment/iceland/chicken <ref>,39.14,groceries,simulated_bank_transactions_uk
2024-07-06,rent payment rent <ref>,1036.46,housing,simulated_bank_transactions_uk
2023-09-12,sto fuel bolt uber ride <ref>,149.19,transportation,simulated_bank_transactions_uk
2024-07-06,card/pmt/spotify <ref>,11.24,subscriptions,simulated_bank_transactions_uk
2024-01-27,mastercard pos waitrose vegetables,33.72,groceries,simulated_bank_transactions_uk
2023-02-10,card payment pret restaurant <ref>,115.78,dining,simulated_bank_transactions_uk
2024-02-13,utility bill british gas <ref>,149.68,utilities,simulated_bank_transactions_uk
2023-01-22,fps mortgage pmt letting agent,1570.72,housing,simulated_bank_transactions_uk
2024-02-06,mortgage pmt landlord <ref>,617.43,housing,simulated_bank_transactions_uk
2023-12-13,fuel*uber*train*ticket <ref>,92.39,transportation,simulated_bank_transactions_uk
2024-03-23,card pmt waitrose ric,44.53,groceries,simulated_bank_transactions_uk
2023-12-17,rent*payment*letting*agent,1611.32,housing,simulated_bank_transactions_uk
2023-07-14,bacs landlord rent <ref>,677.69,housing,simulated_bank_transactions_uk
2024-05-30,subscription apple.com/bill,34.75,subscriptions,simulated_bank_transactions_uk
2024-05-14,direct debit apple.com/bill <ref>,34.42,subscriptions,simulated_bank_transactions_uk
2024-09-11,card payment sainsburys chicken,108.82,groceries,simulated_bank_transactions_uk
2023-06-22,direct debit puregym <ref>,6.49,subscriptions,simulated_bank_transactions_uk
2024-09-05,so*pos*asda*vegetables,108.2,groceries,simulated_bank_transactions_uk
2024-12-10,rent payment landlord <ref>,1612.04,housing,simulated_bank_transactions_uk
2023-07-24,visa mortgage payment mortgage <ref>,710.41,housing,simulated_bank_transactions_uk
2023-04-09,rent pmt mortgage <ref>,1130.0,housing,simulated_bank_transactions_uk
2024-07-28,sto card payment trainline bus pass,84.37,transportation,simulated_bank_transactions_uk
2024-02-13,contactless waitrose eggs <ref>,26.96,groceries,simulated_bank_transactions_uk
2024-11-02,pos bill pmt severn trent <ref>,54.52,utilities,simulated_bank_transactions_uk
2024-04-10,restaurant*kfc*restaurant <ref>,46.4,dining,simulated_bank_transactions_uk
2023-11-18,online purchase ebay online purchase,24.57,other,simulated_bank_transactions_uk
2023-10-07,pos direct debit thames water <ref>,134.73,utilities,simulated_bank_transactions_uk
2024-12-15,fps*card*pmt*trainline*bus*pass 42,46.55,transportation,simulated_bank_transactions_uk
2024-11-26,card payment nhs online purchase <ref>,129.94,other,simulated_bank_transactions_uk
2023-03-23,mortgage pmt mortgage <ref>,1853.56,housing,simulated_bank_transactions_uk
2023-03-17,food delivery starbucks restaurant <ref>,45.52,dining,simulated_bank_transactions_uk
2024-08-13,so pos purchase hmrc misc expense,110.19,other,simulated_bank_transactions_uk
2024-05-12,card pmt esso fuel <ref>,131.83,transportation,simulated_bank_transactions_uk
2023-05-16,contactless online purchase currys misc expense <ref>,149.68,other,simulated_bank_transactions_uk
2023-12-01,fps online purchase ebay misc expense <ref>,29.43,other,simulated_bank_transactions_uk
2023-01-14,bacs letting agent rent <ref>,1108.62,housing,simulated_bank_transactions_uk
2023-01-17,utility bill bt <ref>,147.62,utilities,simulated_bank_transactions_uk
2024-04-04,utility bill severn trent <ref>,152.22,utilities,simulated_bank_transactions_uk
2024-06-13,card pmt lidl bread <ref>,136.31,groceries,simulated_bank_transactions_uk
2023-02-23,food delivery greggs restaurant,51.6,dining,simulated_bank_transactions_uk
2024-02-10,restaurant/mcdonalds/restaurant,9.1,dining,simulated_bank_transactions_uk
2023-05-13,fps bill pmt octopus energy <ref>,111.61,utilities,simulated_bank_transactions_uk
2023-01-09,contactless rent pmt mortgage <ref>,1200.51,housing,simulated_bank_transactions_uk
2023-08-10,card pmt spotify <ref>,5.38,subscriptions,simulated_bank_transactions_uk
2023-03-02,card subscription spoti,39.6,subscriptions,simulated_bank_transactions_uk
2023-05-27,so online purchase currys online purchase <ref>,96.95,other,simulated_bank_transactions_uk
2023-09-26,fps card pmt national rail train ticket <ref>,6.43,transportation,simulated_bank_transactions_uk
2024-04-16,card payment bolt train ticket,104.22,transportation,simulated_bank_transactions_uk
2024-12-13,pos purchase hmrc misc expense <ref>,86.56,other,simulated_bank_transactions_uk
2024-10-26,card payment puregym <ref>,8.92,subscriptions,simulated_bank_transactions_uk
2023-02-12,online purchase currys online purchase <ref>,145.47,other,simulated_bank_transactions_uk
2024-03-16,bacs contactless morrisons chicken <ref>,108.34,groceries,simulated_bank_transactions_uk
2024-04-19,contactless asda bread <ref>,129.87,groceries,simulated_bank_transactions_uk
2024-11-08,card pmt bp fuel,140.36,transportation,simulated_bank_transactions_uk
2024-10-07,card pmt esso bus pass <ref>,122.26,transportation,simulated_bank_transactions_uk
2024-07-24,subscription netflix <ref>,15.0,subscriptions,simulated_bank_transactions_uk
2023-08-19,subscription puregym <ref>,37.4,subscriptions,simulated_bank_transactions_uk
2024-07-28,direct debit disney+ <ref>,5.57,subscriptions,simulated_bank_transactions_uk
2024-02-03,direct debit card pmt waitrose vegetables,83.56,groceries,simulated_bank_transactions_uk
2023-10-18,direct debit transport national rail bus pass <ref>,80.82,transportation,simulated_bank_transactions_uk
2024-02-12,card*payment*amazon*misc*expense <ref>,115.03,other,simulated_bank_transactions_uk
2024-09-03,food delivery just eat restaurant,130.44,dining,simulated_bank_transactions_uk
2024-05-20,mastercard-pos-purchase-amazon-misc-expense <ref>,24.96,other,simulated_bank_transactions_uk
2024-01-25,so*direct*debit*puregym <ref>,29.48,subscriptions,simulated_bank_transactions_uk
2024-02-23,card*pmt*asda*bread <ref>,145.52,groceries,simulated_bank_transactions_uk
2023-11-14,card contactless tesco rice,126.53,groceries,simulated_bank_transactions_uk
2024-04-04,direct debit disney+ <ref>,5.37,subscriptions,simulated_bank_transactions_uk
2024-02-20,card payment currys online purchase <ref>,114.39,other,simulated_bank_transactions_uk
2023-03-06,mastercard contactless sainsburys bread,31.92,groceries,simulated_bank_transactions_uk
2024-01-19,fuel national rail bus pass <ref>,6.99,transportation,simulated_bank_transactions_uk
2024-10-12,mastercard direct debit british gas 32,80.69,utilities,simulated_bank_transactions_uk
2023-04-07,pos morrisons rice <ref>,76.07,groceries,simulated_bank_transactions_uk
2024-06-23,card pmt trainline fuel,10.93,transportation,simulated_bank_transactions_uk
2023-05-13,card pmt kfc food delivery,12.09,dining,simulated_bank_transactions_uk
2024-08-27,bill/pmt/octopus/energy <ref>,76.02,utilities,simulated_bank_transactions_uk
2023-09-29,contactless-card-payment-bp-bu,68.02,transportation,simulated_bank_transactions_uk
2023-09-28,contactless card pmt sainsburys vegetables <ref>,58.18,groceries,simulated_bank_transactions_uk
2023-11-24,mortgage-payment-mortgage <ref>,1552.01,housing,simulated_bank_transactions_uk
2024-04-16,mortgage payment mortgage <ref>,1047.05,housing,simulated_bank_transactions_uk
2023-03-23,contactless waitrose chicken <ref>,140.24,groceries,simulated_bank_transactions_uk
2023-11-04,online*purchase*boots*misc*expense <ref>,66.9,other,simulated_bank_transactions_uk
2024-03-15,card pmt ebay misc expense,88.37,other,simulated_bank_transactions_uk
2024-07-21,card payment bolt fuel <ref>,133.12,transportation,simulated_bank_transactions_uk
2024-05-21,direct debit bt,186.97,utilities,simulated_bank_transactions_uk
2023-01-08,transport bp fuel <ref>,61.21,transportation,simulated_bank_transactions_uk
2023-07-10,transport trainline fuel <ref>,10.23,transportation,simulated_bank_transactions_uk
2023-04-01,direct debit scottishpower <ref>,206.28,utilities,simulated_bank_transactions_uk
2024-10-19,fps direct debit disney+ <ref>,5.21,subscriptions,simulated_bank_transactions_uk
2023-01-27,pos morrisons chicken <ref>,30.28,groceries,simulated_bank_transactions_uk
2023-07-14,subscription/amazon/prime <ref>,13.47,subscriptions,simulated_bank_transactions_uk
2024-09-10,card pmt hmrc online purchase 66,104.46,other,simulated_bank_transactions_uk
2023-08-04,fps*bacs*rent*rent <ref>,1555.66,housing,simulated_bank_transactions_uk
2024-07-28,subscription disney+ <ref>,6.4,subscriptions,simulated_bank_transactions_uk
2024-02-09,direct*debit*o2,66.05,utilities,simulated_bank_transactions_uk
2024-08-30,card payment argos misc expense <ref>,58.28,other,simulated_bank_transactions_uk
2023-08-31,contactless/mortgage/payment/landlord,1215.01,housing,simulated_bank_transactions_uk
2023-12-13,direct debit apple.com/bill <ref>,30.23,subscriptions,simulated_bank_transactions_uk
2023-07-06,direct debit mortgage pmt landlord <ref>,933.62,housing,simulated_bank_transactions_uk
2024-12-06,pos-waitrose-chicken <ref>,16.81,groceries,simulated_bank_transactions_uk
2023-07-13,pos waitrose milk <ref>,65.22,groceries,simulated_bank_transactions_uk
2023-08-06,bill payment thames water <ref>,94.53,utilities,simulated_bank_transactions_uk
2024-09-11,transport bp fuel,100.0,transportation,simulated_bank_transactions_uk
2024-11-19,subscription apple.com/bill <ref>,26.28,subscriptions,simulated_bank_transactions_uk
2023-03-28,food/delivery/greggs/fast/food,123.52,dining,simulated_bank_transactions_uk
2023-05-10,transport uber bus pass,104.44,transportation,simulated_bank_transactions_uk
2024-03-29,fps food delivery pret restaurant <ref>,137.48,dining,simulated_bank_transactions_uk
2024-09-15,transport-national-rail-fuel,86.55,transportation,simulated_bank_transactions_uk
2023-05-08,card/pmt/google/*services <ref>,38.58,subscriptions,simulated_bank_transactions_uk
2024-02-07,visa pos tesco milk <ref>,108.34,groceries,simulated_bank_transactions_uk
2023-08-07,pos purchase argos misc expense,147.75,other,simulated_bank_transactions_uk
2024-10-02,rent/payment/letting/agent,1661.72,housing,simulated_bank_transactions_uk
2024-04-23,fps mortgage payment mor,1289.87,housing,simulated_bank_transactions_uk
2023-03-19,restaurant just eat restaurant,32.95,dining,simulated_bank_transactions_uk
2023-02-04,food-delivery-costa-food-delivery <ref>,77.42,dining,simulated_bank_transactions_uk
2024-05-04,restaurant just eat fast food <ref>,139.5,dining,simulated_bank_transactions_uk
2024-07-25,contactless aldi rice <ref>,3.51,groceries,simulated_bank_transactions_uk
2023-02-05,card pmt uber uber ride <ref>,37.99,transportation,simulated_bank_transactions_uk
2024-05-30,transport tfl bus pass <ref>,27.91,transportation,simulated_bank_transactions_uk
2023-10-22,online purchase currys misc expense <ref>,22.88,other,simulated_bank_transactions_uk
2024-10-17,pos iceland vegetables <ref>,124.14,groceries,simulated_bank_transactions_uk
2023-02-24,food delivery uber eats food delivery,46.73,dining,simulated_bank_transactions_uk
2024-03-20,utility bill octopus energy <ref>,178.59,utilities,simulated_bank_transactions_uk
2024-03-14,pos food delivery nando's fast food,77.43,dining,simulated_bank_transactions_uk
2024-08-05,contactless food delivery nando's fast food <ref>,23.24,dining,simulated_bank_transactions_uk
2023-01-15,card payment morrisons rice <ref>,125.07,groceries,simulated_bank_transactions_uk
2024-02-19,contactless pos purchase amazon online purchase <ref>,39.03,other,simulated_bank_transactions_uk
2024-02-18,utility bill ee <ref>,204.65,utilities,simulated_bank_transactions_uk
2023-03-14,pos online purchase superdrug misc expense <ref>,142.04,other,simulated_bank_transactions_uk
2024-09-01,transport uber fuel <ref>,42.29,transportation,simulated_bank_transactions_uk
2023-04-17,card-payment-nando's-food-delivery,89.17,dining,simulated_bank_transactions_uk
2024-08-07,direct debit gym group <ref>,29.46,subscriptions,simulated_bank_transactions_uk
2024-12-26,bacs rent rent <ref>,1774.1,housing,simulated_bank_transactions_uk
2024-12-24,card payment shell uber ride,40.88,transportation,simulated_bank_transactions_uk
2023-11-19,direct-debit-apple.com/bill <ref>,30.9,subscriptions,simulated_bank_transactions_uk
2023-10-16,card payment ebay misc expense <ref>,5.09,other,simulated_bank_transactions_uk
2024-03-02,subscription amazon prime <ref>,12.26,subscriptions,simulated_bank_transactions_uk
2023-05-11,online purchase currys misc expense <ref>,46.6,other,simulated_bank_transactions_uk
2024-01-26,bill payment vodafone <ref>,86.6,utilities,simulated_bank_transactions_uk
2024-07-15,direct debit card payment morrisons bread <ref>,17.82,groceries,simulated_bank_transactions_uk
2024-10-28,direct debit puregym <ref>,23.68,subscriptions,simulated_bank_transactions_uk
2023-04-17,card*pmt*morrisons*vegetables,130.45,groceries,simulated_bank_transactions_uk
2023-12-14,so card payment national rail bus pass,85.67,transportation,simulated_bank_transactions_uk
2023-07-06,direct debit e.on <ref>,183.96,utilities,simulated_bank_transactions_uk
2023-06-17,card mortgage pmt rent <ref>,1578.62,housing,simulated_bank_transactions_uk
2024-12-21,fps-utility-bill-bt,243.88,utilities,simulated_bank_transactions_uk
2024-10-14,fuel esso fuel,47.13,transportation,simulated_bank_transactions_uk
2024-05-31,direct debit british gas <ref>,131.44,utilities,simulated_bank_transactions_uk
2024-05-28,contactless mortgage payment letting agent <ref>,1318.75,housing,simulated_bank_transactions_uk
2024-04-06,sto subscription google *,9.51,subscriptions,simulated_bank_transactions_uk
2023-12-04,subscription*apple.com/bill <ref>,21.91,subscriptions,simulated_bank_transactions_uk
2024-01-29,rent pmt landlord <ref>,1331.02,housing,simulated_bank_transactions_uk
2023-09-19,bacs landlord rent <ref>,879.9,housing,simulated_bank_transactions_uk
2024-08-11,pos card pmt apple.com/bill <ref>,15.71,subscriptions,simulated_bank_transactions_uk
2024-02-05,direct debit netflix 7,38.9,subscriptions,simulated_bank_transactions_uk
2024-03-14,contactless iceland vegetables <ref>,50.71,groceries,simulated_bank_transactions_uk
2024-02-01,bacs rent rent <ref>,1394.32,housing,simulated_bank_transactions_uk
2024-03-31,utility*bill*bt,218.39,utilities,simulated_bank_transactions_uk
2024-07-10,bill pmt e.on <ref>,56.25,utilities,simulated_bank_transactions_uk
2024-03-03,contactless waitrose chicken,132.37,groceries,simulated_bank_transactions_uk
2023-01-08,pos asda rice,61.91,groceries,simulated_bank_transactions_uk
2023-11-23,bacs*contactless*waitrose*rice <ref>,50.43,groceries,simulated_bank_transactions_uk
2023-10-12,mastercard/rent/payment/letting/agent <ref>,1168.89,housing,simulated_bank_transactions_uk
2024-06-19,card/payment/esso/fuel <ref>,100.83,transportation,simulated_bank_transactions_uk
2024-01-03,restaurant nando's fast food <ref>,51.18,dining,simulated_bank_transactions_uk
2023-06-26,sto/restaurant/nando's/fast/food <ref>,17.68,dining,simulated_bank_transactions_uk
2023-01-06,card-card-payment-tfl-fuel <ref>,66.35,transportation,simulated_bank_transactions_uk
2024-04-02,mastercard/pos/sainsburys/milk <ref>,59.8,groceries,simulated_bank_transactions_uk
2023-05-16,fuel esso fuel,121.83,transportation,simulated_bank_transactions_uk
2024-02-29,card pmt esso uber ride <ref>,55.54,transportation,simulated_bank_transactions_uk
2023-04-20,card-card-pmt-nando's-fast-food <ref>,40.54,dining,simulated_bank_transactions_uk
2023-09-24,utility bill octopus energy <ref>,219.55,utilities,simulated_bank_transactions_uk
2024-04-28,card pos tesco chicken <ref>,89.54,groceries,simulated_bank_transactions_uk
2023-07-26,transport bolt uber ride,24.13,transportation,simulated_bank_transactions_uk
2023-01-18,utility bill octopus energy <ref>,249.58,utilities,simulated_bank_transactions_uk
2023-02-12,card payment netflix,33.72,subscriptions,simulated_bank_transactions_uk
2024-02-23,bacs rent rent,1941.66,housing,simulated_bank_transactions_uk
2023-10-02,contactless-direct-debit-octopus-energy,95.63,utilities,simulated_bank_transactions_uk
2023-06-27,bill pmt severn trent <ref>,120.47,utilities,simulated_bank_transactions_uk
2023-02-19,so card payment lidl vegetables 63,51.92,groceries,simulated_bank_transactions_uk
2024-09-15,subscription amazon prime <ref>,12.82,subscriptions,simulated_bank_transactions_uk
2023-08-06,pos-purchase-hmrc-misc-expense,112.77,other,simulated_bank_transactions_uk
2024-03-19,mastercard card pmt trainline uber ride <ref>,88.83,transportation,simulated_bank_transactions_uk
2024-05-11,mortgage payment mortgage <ref>,1265.88,housing,simulated_bank_transactions_uk
2023-10-07,pos-online-purchase-ebay-misc-expense <ref>,22.83,other,simulated_bank_transactions_uk
2023-04-23,fuel esso train ticket <ref>,84.62,transportation,simulated_bank_transactions_uk
2023-01-14,contactless bill pmt thames water <ref>,89.47,utilities,simulated_bank_transactions_uk
2024-04-20,card/payment/trainline/bus/pass,137.41,transportation,simulated_bank_transactions_uk
2024-12-08,utility bill scottishpower <ref>,113.08,utilities,simulated_bank_transactions_uk
2023-01-15,restaurant uber eats fast food,148.21,dining,simulated_bank_transactions_uk
2023-08-17,visa subscription spotify <ref>,27.37,subscriptions,simulated_bank_transactions_uk
2024-08-21,card pmt netflix,36.09,subscriptions,simulated_bank_transactions_uk
2024-03-18,card payment hmrc online purchase <ref>,23.63,other,simulated_bank_transactions_uk
2023-09-14,contactless sainsburys bread <ref>,108.43,groceries,simulated_bank_transactions_uk
2023-02-15,pos-fuel-uber-train-ticket,98.65,transportation,simulated_bank_transactions_uk
2023-12-29,pos-purchase-ebay-online-purchase <ref>,145.51,other,simulated_bank_transactions_uk
2024-06-17,direct debit spotify <ref>,9.9,subscriptions,simulated_bank_transactions_uk
2023-11-16,card pmt trainline uber ride <ref>,71.89,transportation,simulated_bank_transactions_uk
2024-03-26,utility-bill-thames-water <ref>,153.97,utilities,simulated_bank_transactions_uk
2024-04-16,mortgage/pmt/letting/agent <ref>,1345.63,housing,simulated_bank_transactions_uk
2023-04-27,card fuel bolt bus pass,143.48,transportation,simulated_bank_transactions_uk
2023-10-01,rent payment landlord <ref>,1859.1,housing,simulated_bank_transactions_uk
2023-05-13,mortgage pmt rent,1301.2,housing,simulated_bank_transactions_uk
2024-06-16,online*purchase*hmrc*misc*expense <ref>,118.65,other,simulated_bank_transactions_uk
2023-10-11,online purchase amazon misc expense <ref>,105.36,other,simulated_bank_transactions_uk
2023-09-08,pos morrisons chicken,64.78,groceries,simulated_bank_transactions_uk
2023-02-01,mortgage/pmt/landlord <ref>,1848.1,housing,simulated_bank_transactions_uk
2024-09-29,mortgage pmt letting agent <ref>,1127.44,housing,simulated_bank_transactions_uk
2024-03-06,card payment boots misc expense <ref>,27.36,other,simulated_bank_transactions_uk
2024-06-12,direct debit online purchase superdrug misc expense <ref>,46.0,other,simulated_bank_transactions_uk
2024-12-17,utility*bill*sky,127.56,utilities,simulated_bank_transactions_uk
2024-08-27,pos waitrose rice <ref>,62.22,groceries,simulated_bank_transactions_uk
2024-06-26,utility bill ee <ref>,245.98,utilities,simulated_bank_transactions_uk
2024-05-27,bacs/pos/purchase/hmrc/online/purchase <ref>,71.9,other,simulated_bank_transactions_uk
2024-01-06,pos direct debit scottishpower,225.0,utilities,simulated_bank_transactions_uk
2024-02-29,pos purchase ebay misc expense <ref>,85.78,other,simulated_bank_transactions_uk
2024-03-06,sto subscription netflix,5.82,subscriptions,simulated_bank_transactions_uk
2023-08-14,direct debit bt <ref>,189.49,utilities,simulated_bank_transactions_uk
2024-08-16,mortgage-payment-rent <ref>,1474.54,housing,simulated_bank_transactions_uk
2023-08-22,card payment tesco bread <ref>,132.93,groceries,simulated_bank_transactions_uk
2023-02-27,restaurant just eat food delivery <ref>,124.65,dining,simulated_bank_transactions_uk
2024-03-14,pos asda vegetables,122.45,groceries,simulated_bank_transactions_uk
2024-07-09,fuel bolt bus pass <ref>,131.32,transportation,simulated_bank_transactions_uk
2023-10-15,mortgage payment letting agent,1844.0,housing,simulated_bank_transactions_uk
2024-08-17,card pmt boots misc expense,147.71,other,simulated_bank_transactions_uk
2024-03-31,card payment bp bus pass <ref>,13.38,transportation,simulated_bank_transactions_uk
2023-07-27,contactless card pmt starbucks fast food <ref>,49.15,dining,simulated_bank_transactions_uk
2024-07-11,card*pmt*google**services <ref>,33.65,subscriptions,simulated_bank_transactions_uk
2023-08-04,card/payment/pureg,34.5,subscriptions,simulated_bank_transactions_uk
2024-08-20,card payment nando's food delivery <ref>,12.75,dining,simulated_bank_transactions_uk
2023-03-01,mastercard card payment sainsburys eggs <ref>,75.63,groceries,simulated_bank_transactions_uk
2024-09-15,card payment apple.com/bill <ref>,22.85,subscriptions,simulated_bank_transactions_uk
2024-07-17,card payment boots misc expense <ref>,27.64,other,simulated_bank_transactions_uk
2023-07-30,direct debit ee,127.52,utilities,simulated_bank_transactions_uk
2024-12-02,direct debit disney+ <ref>,38.58,subscriptions,simulated_bank_transactions_uk
2023-09-01,card food delivery greggs fast food <ref>,14.65,dining,simulated_bank_transactions_uk
2024-10-08,direct debit apple.com/bill <ref>,11.31,subscriptions,simulated_bank_transactions_uk
2023-12-08,card payment nhs online purchase,95.91,other,simulated_bank_transactions_uk
2023-04-13,rent pmt mortgage <ref>,1730.19,housing,simulated_bank_transactions_uk
2023-04-11,utility/bill/scottishpower 686,202.51,utilities,simulated_bank_transactions_uk
2024-05-15,direct/debit/google/*services <ref>,5.93,subscriptions,simulated_bank_transactions_uk
2024-09-02,contactless asda rice <ref>,60.04,groceries,simulated_bank_transactions_uk
2024-08-23,card/payment/aldi/milk,9.92,groceries,simulated_bank_transactions_uk
2024-07-22,bill payment e.on,62.28,utilities,simulated_bank_transactions_uk
2023-08-18,visa utility bill scottishpower,226.56,utilities,simulated_bank_transactions_uk
2024-09-14,fuel esso fuel <ref>,100.22,transportation,simulated_bank_transactions_uk
2023-11-20,so card payment mcdonalds restaurant <ref>,38.66,dining,simulated_bank_transactions_uk
2024-04-16,fps/pos/lidl/rice <ref>,75.15,groceries,simulated_bank_transactions_uk
2023-08-19,subscription gym group <ref>,23.15,subscriptions,simulated_bank_transactions_uk
2024-05-13,bill payment bt <ref>,128.14,utilities,simulated_bank_transactions_uk
2023-06-24,sto restaurant greggs restaurant,111.74,dining,simulated_bank_transactions_uk
2023-12-04,card payment argos online purchase <ref>,17.72,other,simulated_bank_transactions_uk
2023-11-22,transport*national*rail*uber*ride 5022,103.16,transportation,simulated_bank_transactions_uk
2024-01-02,food/delivery/greggs/food/delivery <ref>,136.05,dining,simulated_bank_transactions_uk
2024-11-22,contactless direct debit o2 <ref>,165.93,utilities,simulated_bank_transactions_uk
2023-10-14,visa mortgage payment mortgage,1595.27,housing,simulated_bank_transactions_uk
2024-06-05,fps fuel tfl uber ride,48.74,transportation,simulated_bank_transactions_uk
2023-03-07,card pmt google *services <ref>,7.67,subscriptions,simulated_bank_transactions_uk
2024-10-29,direct debit card payment shell fuel <ref>,142.79,transportation,simulated_bank_transactions_uk
2024-10-25,rent pmt landlord,1910.69,housing,simulated_bank_transactions_uk
2023-07-23,pos purchase nhs misc expense,128.07,other,simulated_bank_transactions_uk
2023-04-27,so restaurant pret food delivery <ref>,148.6,dining,simulated_bank_transactions_uk
2024-06-30,card pmt national rail fuel,123.41,transportation,simulated_bank_transactions_uk
2024-03-24,subscription netflix <ref>,25.4,subscriptions,simulated_bank_transactions_uk
2024-07-04,pos purchase superdrug misc expense <ref>,93.83,other,simulated_bank_transactions_uk
2023-11-06,contactless iceland bread <ref>,37.12,groceries,simulated_bank_transactions_uk
2024-06-08,online purchase amazon misc expense <ref>,55.5,other,simulated_bank_transactions_uk
2024-04-29,transport tfl bus pass <ref>,63.57,transportation,simulated_bank_transactions_uk
2023-08-26,mastercard subscription netflix,31.64,subscriptions,simulated_bank_transactions_uk
2024-03-13,online purchase superdrug misc expense <ref>,109.67,other,simulated_bank_transactions_uk
2023-08-12,transport tfl uber ride <ref>,12.76,transportation,simulated_bank_transactions_uk
2024-06-02,bill payment bt <ref>,196.84,utilities,simulated_bank_transactions_uk
2024-05-25,bacs rent rent <ref>,1097.09,housing,simulated_bank_transactions_uk
2023-06-14,card payment national rail fuel,106.84,transportation,simulated_bank_transactions_uk
2023-08-28,subscription*gym*group,28.19,subscriptions,simulated_bank_transactions_uk
2024-07-26,pos lidl chicken,60.84,groceries,simulated_bank_transactions_uk
2023-05-20,pos purchase hmrc online purchase <ref>,107.47,other,simulated_bank_transactions_uk
2024-12-23,direct debit apple.com/bill <ref>,17.89,subscriptions,simulated_bank_transactions_uk
2023-08-21,mortgage payment landlord,1994.3,housing,simulated_bank_transactions_uk
2024-01-17,bill payment ee <ref>,112.7,utilities,simulated_bank_transactions_uk
2023-09-18,pos-iceland-chicken,54.0,groceries,simulated_bank_transactions_uk
2023-01-25,subscription disney+,32.9,subscriptions,simulated_bank_transactions_uk
2024-01-29,food delivery kfc restaurant <ref>,47.08,dining,simulated_bank_transactions_uk
2024-02-03,card pmt nhs misc expense <ref>,107.23,other,simulated_bank_transactions_uk
2024-01-01,utility*bill*severn*trent,169.08,utilities,simulated_bank_transactions_uk
2024-05-13,contactless card pmt gym group <ref>,37.26,subscriptions,simulated_bank_transactions_uk
2024-03-28,card payment esso uber ride,65.43,transportation,simulated_bank_transactions_uk
2023-06-15,fps pos sainsburys eggs <ref>,4.93,groceries,simulated_bank_transactions_uk
2024-08-01,contactless direct debit ee <ref>,50.69,utilities,simulated_bank_transactions_uk
2023-04-12,so/subscription/disney+ <ref>,38.0,subscriptions,simulated_bank_transactions_uk
2024-01-31,bill pmt thames water,176.88,utilities,simulated_bank_transactions_uk
2024-07-29,mortgage*pmt*landlord,957.2,housing,simulated_bank_transactions_uk
2023-05-12,direct debit o2 <ref>,93.32,utilities,simulated_bank_transactions_uk
2023-10-23,subscription*apple.com/bill <ref>,23.76,subscriptions,simulated_bank_transactions_uk
2023-01-30,so mortgage pmt landlord <ref>,1678.91,housing,simulated_bank_transactions_uk
2024-10-11,card pmt currys online purchase <ref>,65.44,other,simulated_bank_transactions_uk
2024-10-23,transport trainline uber ride 502,87.55,transportation,simulated_bank_transactions_uk
2024-07-25,subscription gym group <ref>,11.55,subscriptions,simulated_bank_transactions_uk
2024-09-06,utility/bill/e.on,131.13,utilities,simulated_bank_transactions_uk
2023-03-21,bacs rent rent <ref>,1179.41,housing,simulated_bank_transactions_uk
2024-02-08,contactless tesco bread <ref>,149.62,groceries,simulated_bank_transactions_uk
2023-02-02,utility bill vodafone <ref>,239.03,utilities,simulated_bank_transactions_uk
2023-08-14,sto direct debit o2 <ref>,183.77,utilities,simulated_bank_transactions_uk
2023-08-02,fuel bolt uber ride,13.64,transportation,simulated_bank_transactions_uk
2024-03-07,bacs-rent-rent,1375.22,housing,simulated_bank_transactions_uk
2023-01-17,sto card pmt costa fast food <ref>,93.73,dining,simulated_bank_transactions_uk
2024-09-21,contactless waitrose rice <ref>,130.04,groceries,simulated_bank_transactions_uk
2023-11-08,contactless asda eggs <ref>,25.01,groceries,simulated_bank_transactions_uk
2023-10-28,card card pmt shell fuel <ref>,20.68,transportation,simulated_bank_transactions_uk
2023-09-09,pos iceland chicken,27.14,groceries,simulated_bank_transactions_uk
2023-11-08,card-payment-amazon-misc-expense,12.21,other,simulated_bank_transactions_uk
2024-03-20,card payment nhs misc expense <ref>,136.47,other,simulated_bank_transactions_uk
2024-01-21,visa*transport*shell*train*ticket,130.68,transportation,simulated_bank_transactions_uk
2024-01-28,pos purchase amazon online purchase,19.18,other,simulated_bank_transactions_uk
2023-03-10,mastercard utility bill thames water,113.51,utilities,simulated_bank_transactions_uk
2024-10-20,card payment disney+ <ref>,17.48,subscriptions,simulated_bank_transactions_uk
2023-12-31,contactless restaurant just eat food delivery <ref>,96.15,dining,simulated_bank_transactions_uk
2024-03-25,sto subscription gym group <ref>,22.01,subscriptions,simulated_bank_transactions_uk
2023-11-02,sto food delivery greggs fast food <ref>,122.35,dining,simulated_bank_transactions_uk
2024-07-14,direct-debit-netflix <ref>,37.46,subscriptions,simulated_bank_transactions_uk
2023-12-09,mastercard-transport-uber-uber-ride <ref>,146.0,transportation,simulated_bank_transactions_uk
2023-08-02,card/pmt/trainline/uber/ride <ref>,110.11,transportation,simulated_bank_transactions_uk
2024-11-30,pos purchase nhs misc expense <ref>,117.58,other,simulated_bank_transactions_uk
2023-07-04,card pmt trainline fuel <ref>,73.72,transportation,simulated_bank_transactions_uk
2024-04-25,direct*debit*puregym <ref>,5.03,subscriptions,simulated_bank_transactions_uk
2023-03-09,pos purchase boots online purchase <ref>,143.64,other,simulated_bank_transactions_uk
2024-12-13,fuel-shell-bus-pass,43.57,transportation,simulated_bank_transactions_uk
2023-10-27,pos lidl eggs <ref>,103.94,groceries,simulated_bank_transactions_uk
2023-09-24,subscription google *services <ref>,8.25,subscriptions,simulated_bank_transactions_uk
2023-11-21,mortgage pmt landlord <ref>,1253.18,housing,simulated_bank_transactions_uk
2023-10-24,so utility bill o2,181.4,utilities,simulated_bank_transactions_uk
2023-09-07,bacs contactless aldi chicken <ref>,50.37,groceries,simulated_bank_transactions_uk
2024-03-11,restaurant costa fast food <ref>,98.64,dining,simulated_bank_transactions_uk
2024-12-16,contactless/lidl/chicken <ref>,31.56,groceries,simulated_bank_transactions_uk
2024-12-14,card payment disney+ <ref>,7.09,subscriptions,simulated_bank_transactions_uk
2023-07-31,visa card payment pureg,8.0,subscriptions,simulated_bank_transactions_uk
2023-09-14,subscription amazon prime <ref>,37.84,subscriptions,simulated_bank_transactions_uk
2024-10-08,bill pmt vodafone <ref>,120.76,utilities,simulated_bank_transactions_uk
2024-07-15,sto card pmt iceland milk <ref>,74.43,groceries,simulated_bank_transactions_uk
2023-02-16,pos-asda-chicken,70.05,groceries,simulated_bank_transactions_uk
2024-03-09,direct debit disney+ <ref>,23.36,subscriptions,simulated_bank_transactions_uk
2024-04-10,visa transport bolt train ticket,51.61,transportation,simulated_bank_transactions_uk
2024-07-15,card*pmt*amazon*online*purchase <ref>,62.76,other,simulated_bank_transactions_uk
2024-08-15,mortgage payment mortgage,1198.94,housing,simulated_bank_transactions_uk
2023-03-15,direct*debit*rent*payment*rent <ref>,1732.09,housing,simulated_bank_transactions_uk
2023-07-20,transport-bolt-bus-pass <ref>,29.34,transportation,simulated_bank_transactions_uk
2023-07-09,contactless/morrisons/rice <ref>,7.89,groceries,simulated_bank_transactions_uk
2023-12-10,utility-bill-scottishpower <ref>,140.48,utilities,simulated_bank_transactions_uk
2023-12-01,rent pmt mortgage,626.41,housing,simulated_bank_transactions_uk
2023-04-08,pos-pos-purchase-ebay-online-purchase 8917,27.73,other,simulated_bank_transactions_uk
2023-01-28,card-pmt-morrisons-eggs,118.87,groceries,simulated_bank_transactions_uk
2023-04-16,food delivery uber eats fast food <ref>,73.62,dining,simulated_bank_transactions_uk
2024-08-25,fps fuel uber uber ride <ref>,40.65,transportation,simulated_bank_transactions_uk
2024-02-16,subscription disney+ <ref>,39.41,subscriptions,simulated_bank_transactions_uk
2024-06-15,visa restaurant uber eats restaurant <ref>,33.25,dining,simulated_bank_transactions_uk
2023-02-08,utility bill severn trent,60.06,utilities,simulated_bank_transactions_uk
2024-08-24,contactless tesco eggs <ref>,37.12,groceries,simulated_bank_transactions_uk
2024-01-22,utility bill scottishpower <ref>,40.38,utilities,simulated_bank_transactions_uk
2024-09-20,direct debit o2,175.92,utilities,simulated_bank_transactions_uk
2023-04-27,direct*debit*online*purchase*currys*online*purchase <ref>,128.0,other,simulated_bank_transactions_uk
2023-11-11,online/purchase/currys/online/purchase,40.64,other,simulated_bank_transactions_uk
2024-10-19,utility/bill/scottishpower <ref>,72.34,utilities,simulated_bank_transactions_uk
2023-04-30,pos/direct/debit/e.on,113.34,utilities,simulated_bank_transactions_uk
2024-09-04,bacs card payment argos online purchase,26.27,other,simulated_bank_transactions_uk
2024-02-26,fuel uber bus pass,125.36,transportation,simulated_bank_transactions_uk
2023-07-10,sto bacs letting agent rent,903.21,housing,simulated_bank_transactions_uk
2024-09-16,visa direct debit netflix,33.15,subscriptions,simulated_bank_transactions_uk
2023-06-27,restaurant kfc fast food <ref>,119.58,dining,simulated_bank_transactions_uk
2023-10-02,fuel-bp-fuel <ref>,66.12,transportation,simulated_bank_transactions_uk
2024-01-01,bill pmt o2 <ref>,158.34,utilities,simulated_bank_transactions_uk
2024-04-29,direct/debit/thames/water <ref>,170.06,utilities,simulated_bank_transactions_uk
2024-10-14,mortgage/pmt/mortgage 40,1401.99,housing,simulated_bank_transactions_uk
2023-08-26,rent payment landlord <ref>,1260.66,housing,simulated_bank_transactions_uk
2023-04-05,fuel uber fuel,125.72,transportation,simulated_bank_transactions_uk
2024-02-18,fuel/uber/train/ticket,149.6,transportation,simulated_bank_transactions_uk
2023-03-09,fps*fuel*shell*bus*pass,85.72,transportation,simulated_bank_transactions_uk
2024-02-04,transport uber fuel <ref>,115.31,transportation,simulated_bank_transactions_uk
2024-06-07,bill pmt severn trent <ref>,221.91,utilities,simulated_bank_transactions_uk
2024-03-02,pos iceland chicken,137.67,groceries,simulated_bank_transactions_uk
2024-01-14,card pmt trainline uber ride,42.19,transportation,simulated_bank_transactions_uk
2024-01-15,visa*bill*pmt*ee <ref>,157.95,utilities,simulated_bank_transactions_uk
2023-10-05,contactless bill payment severn trent <ref>,201.04,utilities,simulated_bank_transactions_uk
2023-11-22,card*payment*hmrc*misc*expense <ref>,66.84,other,simulated_bank_transactions_uk
2024-12-16,bacs landlord rent,1385.67,housing,simulated_bank_transactions_uk
2024-08-13,contactless mortgage pmt rent <ref>,1487.31,housing,simulated_bank_transactions_uk
2023-07-27,direct-debit-spotify,10.39,subscriptions,simulated_bank_transactions_uk
2023-11-01,bacs landlord rent 770,1429.35,housing,simulated_bank_transactions_uk
2023-06-10,pos lidl eggs <ref>,72.8,groceries,simulated_bank_transactions_uk
2024-03-04,card/mortgage/payment/mortgage,1576.98,housing,simulated_bank_transactions_uk
2024-11-06,utility bill bt <ref>,76.75,utilities,simulated_bank_transactions_uk
2024-05-27,transport national rail fuel 8535,83.63,transportation,simulated_bank_transactions_uk
2024-02-27,bacs mortgage rent <ref>,1408.85,housing,simulated_bank_transactions_uk
2024-07-05,card pmt superdrug online purchase <ref>,60.81,other,simulated_bank_transactions_uk
2023-08-31,direct debit octopus energy <ref>,159.85,utilities,simulated_bank_transactions_uk
2024-11-04,subscription spotify 7607,31.56,subscriptions,simulated_bank_transactions_uk
2023-08-18,so card pmt morrisons rice <ref>,17.14,groceries,simulated_bank_transactions_uk
2024-06-11,contactless bacs mortgage rent,1855.71,housing,simulated_bank_transactions_uk
2023-09-08,bacs letting agent rent,723.74,housing,simulated_bank_transactions_uk
2024-04-30,contactless-aldi-rice <ref>,121.54,groceries,simulated_bank_transactions_uk
2023-01-05,so bill payment o2 <ref>,182.05,utilities,simulated_bank_transactions_uk
2024-03-09,card-payment-asda-eggs <ref>,81.84,groceries,simulated_bank_transactions_uk
2024-12-29,pos purchase amazon misc expense,143.96,other,simulated_bank_transactions_uk
2024-01-31,contactless pos lidl chicken <ref>,134.75,groceries,simulated_bank_transactions_uk
2023-05-06,rent-pmt-letting-agent <ref>,764.95,housing,simulated_bank_transactions_uk
2024-08-29,card payment uber fuel,118.21,transportation,simulated_bank_transactions_uk
2024-03-28,direct debit online purchase hmrc misc expense <ref>,118.1,other,simulated_bank_transactions_uk
2023-10-12,restaurant mcdonalds restaurant <ref>,50.53,dining,simulated_bank_transactions_uk
2024-10-10,card pmt ebay online purchase,113.05,other,simulated_bank_transactions_uk
2024-02-20,mastercard direct debit severn trent <ref>,95.24,utilities,simulated_bank_transactions_uk
2024-08-22,card utility bill british gas <ref>,131.2,utilities,simulated_bank_transactions_uk
2024-02-09,card pmt currys misc expense,4.67,other,simulated_bank_transactions_uk
2024-11-11,bacs*card*payment*amazon*misc*expense <ref>,77.33,other,simulated_bank_transactions_uk
2024-10-19,card pmt lidl vegetables <ref>,19.15,groceries,simulated_bank_transactions_uk
2023-10-27,food-delivery-just-eat-food-delivery <ref>,136.92,dining,simulated_bank_transactions_uk
2024-11-19,card-payment-amazon-prime <ref>,19.35,subscriptions,simulated_bank_transactions_uk
2024-07-17,bacs-pos-lidl-rice <ref>,103.24,groceries,simulated_bank_transactions_uk
2023-02-03,direct debit bt <ref>,162.02,utilities,simulated_bank_transactions_uk
2023-12-25,pos iceland rice <ref>,18.79,groceries,simulated_bank_transactions_uk
2023-09-10,card pmt boots online purchase <ref>,19.7,other,simulated_bank_transactions_uk
2023-03-25,direct debit gym group,25.48,subscriptions,simulated_bank_transactions_uk
2023-08-09,utility/bill/scottishpower <ref>,243.85,utilities,simulated_bank_transactions_uk
2024-05-08,restaurant/starbucks/food/delivery,64.63,dining,simulated_bank_transactions_uk
2023-04-13,sto mortgage pmt letting agent,983.08,housing,simulated_bank_transactions_uk
2024-07-12,transport bp uber ride <ref>,124.35,transportation,simulated_bank_transactions_uk
2023-03-05,pos purchase ebay misc expense,16.03,other,simulated_bank_transactions_uk
2023-08-10,card/payment/asda/rice,75.56,groceries,simulated_bank_transactions_uk
2024-07-11,contactless waitrose milk,149.11,groceries,simulated_bank_transactions_uk
2023-10-17,card pmt morrisons milk <ref>,61.87,groceries,simulated_bank_transactions_uk
2023-03-27,mastercard subscription puregym <ref>,28.2,subscriptions,simulated_bank_transactions_uk
2023-11-16,online purchase ebay online purchase <ref>,9.99,other,simulated_bank_transactions_uk
2024-06-26,bacs mortgage rent <ref>,654.11,housing,simulated_bank_transactions_uk
2024-02-18,mastercard direct debit netflix <ref>,37.4,subscriptions,simulated_bank_transactions_uk
2024-09-27,card*payment*google**services <ref>,7.53,subscriptions,simulated_bank_transactions_uk
2023-07-25,direct/debit/puregym <ref>,10.05,subscriptions,simulated_bank_transactions_uk
2023-09-25,mastercard*fuel*uber*bus*pass <ref>,47.45,transportation,simulated_bank_transactions_uk
2024-03-11,contactless utility bill e,73.45,utilities,simulated_bank_transactions_uk
2024-11-18,pos sainsburys vegetables,73.27,groceries,simulated_bank_transactions_uk
2024-08-28,direct*debit*card*payment*asda*rice,126.09,groceries,simulated_bank_transactions_uk
2024-01-27,contactless/asda/brea,138.35,groceries,simulated_bank_transactions_uk
2024-05-07,card-payment-morrisons-milk <ref>,50.62,groceries,simulated_bank_transactions_uk
2024-05-22,card-payment-iceland-vegetables <ref>,132.91,groceries,simulated_bank_transactions_uk
2024-12-23,sto*card*pmt*lidl*bread <ref>,131.91,groceries,simulated_bank_transactions_uk
2023-01-17,contactless pos asda chicken <ref>,103.23,groceries,simulated_bank_transactions_uk
2023-01-05,direct debit utility bill ee <ref>,177.18,utilities,simulated_bank_transactions_uk
2024-06-30,bill pmt thames,56.23,utilities,simulated_bank_transactions_uk
2023-05-20,restaurant/greggs/food/delivery,46.96,dining,simulated_bank_transactions_uk
2024-09-14,bacs restaurant costa food delivery,14.04,dining,simulated_bank_transactions_uk
2024-05-17,card utility bill o2 <ref>,142.22,utilities,simulated_bank_transactions_uk
2023-07-12,card pmt pret fast food <ref>,129.45,dining,simulated_bank_transactions_uk
2023-03-23,card pmt amazon prime,32.6,subscriptions,simulated_bank_transactions_uk
2024-09-21,pos aldi vegetables <ref>,76.4,groceries,simulated_bank_transactions_uk
2023-05-06,card payment sainsburys vegetables <ref>,147.92,groceries,simulated_bank_transactions_uk
2024-10-18,bacs-online-purchase-ebay-misc-expense <ref>,27.89,other,simulated_bank_transactions_uk
2023-03-19,bill payment scottishpower <ref>,222.94,utilities,simulated_bank_transactions_uk
2023-12-06,rent payment landlord <ref>,1069.72,housing,simulated_bank_transactions_uk
2024-03-19,pos asda rice,90.73,groceries,simulated_bank_transactions_uk
2023-09-17,direct debit rent payment rent <ref>,1169.13,housing,simulated_bank_transactions_uk
2023-11-27,online/purchase/nhs/misc/expense <ref>,52.56,other,simulated_bank_transactions_uk
2023-01-03,direct debit bt,226.55,utilities,simulated_bank_transactions_uk
2023-03-08,bill*payment*o2,188.55,utilities,simulated_bank_transactions_uk
2024-09-20,rent*payment*rent <ref>,1436.09,housing,simulated_bank_transactions_uk
2024-09-11,fuel uber bus pass <ref>,65.61,transportation,simulated_bank_transactions_uk
2023-02-01,fuel uber train ticket,147.23,transportation,simulated_bank_transactions_uk
2024-10-05,visa fuel uber uber ride <ref>,89.85,transportation,simulated_bank_transactions_uk
2024-11-10,rent pmt mortgage <ref>,1087.02,housing,simulated_bank_transactions_uk
2024-05-31,restaurant uber eats restaurant,56.75,dining,simulated_bank_transactions_uk
2023-07-08,fuel esso train ticke,128.21,transportation,simulated_bank_transactions_uk
2024-04-11,food/delivery/pret/food/delivery <ref>,109.49,dining,simulated_bank_transactions_uk
2024-01-06,bill-pmt-o2 7168,197.29,utilities,simulated_bank_transactions_uk
2024-01-27,card/pmt/just/eat/fast/food <ref>,6.81,dining,simulated_bank_transactions_uk
2024-11-10,card pmt boots online purchase <ref>,73.03,other,simulated_bank_transactions_uk
2024-10-31,sto contactless asda milk <ref>,46.23,groceries,simulated_bank_transactions_uk
2023-01-06,fuel bolt uber ride,126.31,transportation,simulated_bank_transactions_uk
2024-03-07,card-pos-purchase-currys-misc-expense <ref>,77.86,other,simulated_bank_transactions_uk
2024-12-18,card payment currys online purchase <ref>,41.32,other,simulated_bank_transactions_uk
2023-01-06,direct debit puregym <ref>,8.59,subscriptions,simulated_bank_transactions_uk
2024-02-26,contactless iceland vegetables <ref>,147.13,groceries,simulated_bank_transactions_uk
2024-11-19,mastercard restaurant deliveroo food delivery,91.13,dining,simulated_bank_transactions_uk
2024-07-03,bacs*card*payment*national*rail*uber*ride <ref>,74.42,transportation,simulated_bank_transactions_uk
2024-05-28,bill payment octopus energy,67.07,utilities,simulated_bank_transactions_uk
2024-11-06,rent pmt mortgage <ref>,1818.25,housing,simulated_bank_transactions_uk
2023-07-05,utility bill bt <ref>,151.49,utilities,simulated_bank_transactions_uk
2024-04-27,visa bill pmt british gas <ref>,147.93,utilities,simulated_bank_transactions_uk
2024-01-02,so/card/payment/national/rail/train/ticket <ref>,80.32,transportation,simulated_bank_transactions_uk
2023-10-07,fps/subscription/netflix <ref>,6.12,subscriptions,simulated_bank_transactions_uk
2024-07-21,pos asda milk <ref>,109.76,groceries,simulated_bank_transactions_uk
2023-04-29,card payment shell fuel <ref>,91.98,transportation,simulated_bank_transactions_uk
2023-04-29,mastercard-direct-debit-vodafone <ref>,52.39,utilities,simulated_bank_transactions_uk
2023-11-18,utility bill octopus energy <ref>,211.73,utilities,simulated_bank_transactions_uk
2023-05-30,pos bill payment sky,237.61,utilities,simulated_bank_transactions_uk
2024-03-23,utility bill severn tren,31.68,utilities,simulated_bank_transactions_uk
2024-11-11,transport bp uber ride,97.01,transportation,simulated_bank_transactions_uk
2023-02-11,fuel bolt fuel,84.81,transportation,simulated_bank_transactions_uk
2024-07-07,sto subscription amazon prime <ref>,6.02,subscriptions,simulated_bank_transactions_uk
2023-11-04,card/pmt/waitrose/milk 558,6.49,groceries,simulated_bank_transactions_uk
2024-12-30,card/payment/aldi/chicken,45.29,groceries,simulated_bank_transactions_uk
2024-09-19,card payment bp train ticket <ref>,47.29,transportation,simulated_bank_transactions_uk
2024-06-06,transport national rail train ticket,118.64,transportation,simulated_bank_transactions_uk
2023-09-26,card*payment*boots*online*purchase <ref>,139.69,other,simulated_bank_transactions_uk
2024-04-10,transport uber fuel <ref>,84.68,transportation,simulated_bank_transactions_uk
2023-06-29,card payment shell train ticket <ref>,83.94,transportation,simulated_bank_transactions_uk
2024-07-22,so card pmt sainsburys vegetables,77.96,groceries,simulated_bank_transactions_uk
2023-12-19,direct debit card payment netflix,12.77,subscriptions,simulated_bank_transactions_uk
2023-01-26,food*delivery*nando's*food*delivery,97.44,dining,simulated_bank_transactions_uk
2023-04-29,mortgage/pmt/mortgage,1419.26,housing,simulated_bank_transactions_uk
2024-09-27,bacs-rent-rent <ref>,1753.47,housing,simulated_bank_transactions_uk
2023-09-03,rent pmt letting agent,1884.8,housing,simulated_bank_transactions_uk
2023-01-15,pos purchase argos misc expense <ref>,90.65,other,simulated_bank_transactions_uk
2023-12-19,transport national rail bus pass <ref>,84.22,transportation,simulated_bank_transactions_uk
2023-11-10,restaurant-greggs-fast-food <ref>,90.08,dining,simulated_bank_transactions_uk
2024-08-12,bacs*landlord*rent,989.56,housing,simulated_bank_transactions_uk
2024-03-16,visa bacs letting agent rent,1443.84,housing,simulated_bank_transactions_uk
2023-06-06,contactless*card*payment*amazon*prime <ref>,15.43,subscriptions,simulated_bank_transactions_uk
2024-01-22,subscription gym group <ref>,20.02,subscriptions,simulated_bank_transactions_uk
2023-12-06,card/pmt/aldi/vegetables,10.13,groceries,simulated_bank_transactions_uk
2024-04-08,food delivery just eat fast food <ref>,38.37,dining,simulated_bank_transactions_uk
2023-02-14,pos purchase amazon misc expense <ref>,57.57,other,simulated_bank_transactions_uk
2024-03-30,card payment waitrose rice <ref>,49.8,groceries,simulated_bank_transactions_uk
2024-03-04,card/restaurant/just/eat/restaurant,139.19,dining,simulated_bank_transactions_uk
2023-03-01,card bacs letting agent rent <ref>,1858.49,housing,simulated_bank_transactions_uk
2023-10-15,bill/payment/ee,34.51,utilities,simulated_bank_transactions_uk
2023-06-14,utility bill british gas,165.51,utilities,simulated_bank_transactions_uk
2024-05-25,mortgage/payment/rent <ref>,1021.81,housing,simulated_bank_transactions_uk
2023-01-10,online purchase amazon online purchase,50.5,other,simulated_bank_transactions_uk
2023-05-25,direct debit disney+,13.41,subscriptions,simulated_bank_transactions_uk
2024-06-08,card pmt uber train ticket <ref>,34.25,transportation,simulated_bank_transactions_uk
2024-04-10,so-contactless-waitrose-milk <ref>,43.26,groceries,simulated_bank_transactions_uk
2023-12-17,bacs/rent/rent <ref>,1608.2,housing,simulated_bank_transactions_uk
2023-12-13,utility bill e.on <ref>,102.08,utilities,simulated_bank_transactions_uk
2024-08-21,card pmt esso fuel,44.42,transportation,simulated_bank_transactions_uk
2024-05-25,card payment asda rice <ref>,28.6,groceries,simulated_bank_transactions_uk
2024-01-13,direct debit gym group <ref>,14.71,subscriptions,simulated_bank_transactions_uk
2023-08-07,restaurant pret restaurant 845,38.16,dining,simulated_bank_transactions_uk
2024-09-06,mastercard bill payment ee <ref>,104.35,utilities,simulated_bank_transactions_uk
2023-08-16,card pmt bolt bus pass <ref>,29.65,transportation,simulated_bank_transactions_uk
2024-07-04,pos*purchase*ebay*online*purchase,50.36,other,simulated_bank_transactions_uk
2023-08-20,online purchase currys online purchase <ref>,80.23,other,simulated_bank_transactions_uk
2023-05-24,card*payment*lidl*eggs <ref>,5.98,groceries,simulated_bank_transactions_uk
2024-12-07,bacs/subscription/apple.com/bill,36.67,subscriptions,simulated_bank_transactions_uk
2024-05-12,subscription netflix <ref>,10.53,subscriptions,simulated_bank_transactions_uk
2023-05-15,fuel trainline train ticket 85,91.24,transportation,simulated_bank_transactions_uk
2024-04-20,contactless card payment iceland eggs,15.79,groceries,simulated_bank_transactions_uk
2023-09-04,card*pmt*gym*group <ref>,17.57,subscriptions,simulated_bank_transactions_uk
2023-08-03,card*payment*gym*group <ref>,18.39,subscriptions,simulated_bank_transactions_uk
2023-05-10,food delivery kfc restaurant,61.24,dining,simulated_bank_transactions_uk
2023-08-09,card pmt nhs misc expense <ref>,113.47,other,simulated_bank_transactions_uk
2024-05-27,sto contactless sainsburys bread <ref>,89.2,groceries,simulated_bank_transactions_uk
2024-01-02,contactless card pmt tesco eggs,81.15,groceries,simulated_bank_transactions_uk
2024-03-04,contactless iceland bread <ref>,25.23,groceries,simulated_bank_transactions_uk
2023-04-19,contactless morrisons vegetables <ref>,89.0,groceries,simulated_bank_transactions_uk
2024-09-25,card*pmt*disney+,12.41,subscriptions,simulated_bank_transactions_uk
2023-03-05,direct/debit/vodafone <ref>,48.65,utilities,simulated_bank_transactions_uk
2023-07-08,visa/card/pmt/iceland/milk,97.98,groceries,simulated_bank_transactions_uk
2023-07-08,rent payment rent 5687,1127.5,housing,simulated_bank_transactions_uk
2024-11-24,online purchase nhs misc expense <ref>,58.36,other,simulated_bank_transactions_uk
2024-01-13,transport bp fuel <ref>,12.41,transportation,simulated_bank_transactions_uk
2024-04-05,card*transport*tfl*bus*pass <ref>,3.36,transportation,simulated_bank_transactions_uk
2023-01-01,direct debit spotify,9.99,subscriptions,simulated_bank_transactions_uk
2023-08-11,transport esso bus pass <ref>,109.86,transportation,simulated_bank_transactions_uk
2024-10-04,sto*utility*bill*sky,114.72,utilities,simulated_bank_transactions_uk
2024-07-01,restaurant*starbucks*fast*food <ref>,137.66,dining,simulated_bank_transactions_uk
2024-01-21,direct/debit/card/pmt/boots/online/purchase <ref>,44.87,other,simulated_bank_transactions_uk
2023-09-08,transport*shell*fuel <ref>,110.89,transportation,simulated_bank_transactions_uk
2023-05-02,food delivery nando's restaura,118.01,dining,simulated_bank_transactions_uk
2024-11-24,card pmt puregym,17.35,subscriptions,simulated_bank_transactions_uk
2024-11-17,card pmt amazon prime <ref>,37.2,subscriptions,simulated_bank_transactions_uk
2024-03-06,contactless card pmt mcdonalds fast food <ref>,65.9,dining,simulated_bank_transactions_uk
2024-11-05,contactless bacs landlord rent <ref>,1082.44,housing,simulated_bank_transactions_uk
2024-03-04,food-delivery-kfc-food-delivery <ref>,134.76,dining,simulated_bank_transactions_uk
2024-08-12,contactless morrisons bread <ref>,6.9,groceries,simulated_bank_transactions_uk
2024-05-03,bill payment e.on <ref>,172.56,utilities,simulated_bank_transactions_uk
2024-10-01,card payment amazon prime <ref>,7.6,subscriptions,simulated_bank_transactions_uk
2023-03-12,contactless waitrose bread,22.41,groceries,simulated_bank_transactions_uk
2024-11-27,fps bacs rent rent <ref>,1476.49,housing,simulated_bank_transactions_uk
2024-05-04,restaurant starbucks restaurant <ref>,59.8,dining,simulated_bank_transactions_uk
2023-06-04,bacs mortgage rent <ref>,944.5,housing,simulated_bank_transactions_uk
2023-06-09,utility bill o2 <ref>,108.26,utilities,simulated_bank_transactions_uk
2024-10-13,pos waitrose bread <ref>,58.65,groceries,simulated_bank_transactions_uk
2024-02-29,so card pmt puregym <ref>,22.94,subscriptions,simulated_bank_transactions_uk
2023-06-05,utility bill sky <ref>,92.93,utilities,simulated_bank_transactions_uk
2023-09-08,direct debit netflix <ref>,6.4,subscriptions,simulated_bank_transactions_uk
2023-09-09,restaurant just eat fast food <ref>,116.62,dining,simulated_bank_transactions_uk
2023-09-07,card payment puregym <ref>,29.39,subscriptions,simulated_bank_transactions_uk
2023-12-19,mortgage-pmt-letting-agent <ref>,963.51,housing,simulated_bank_transactions_uk
2024-01-25,direct-debit-google-*services <ref>,34.8,subscriptions,simulated_bank_transactions_uk
2024-07-02,card payment puregym <ref>,21.76,subscriptions,simulated_bank_transactions_uk
2023-07-26,rent-pmt-rent,1522.76,housing,simulated_bank_transactions_uk
2024-08-06,pos card pmt boots misc expense,63.67,other,simulated_bank_transactions_uk
2024-06-20,card card payment waitrose eggs <ref>,134.64,groceries,simulated_bank_transactions_uk
2024-11-14,bill payment octopus energy <ref>,201.37,utilities,simulated_bank_transactions_uk
2023-12-28,pos card payment currys online purchase <ref>,122.74,other,simulated_bank_transactions_uk
2024-03-31,direct debit british gas <ref>,70.48,utilities,simulated_bank_transactions_uk
2024-01-13,card pmt nhs online purchase <ref>,131.11,other,simulated_bank_transactions_uk
2023-10-14,contactless asda bread <ref>,74.71,groceries,simulated_bank_transactions_uk
2023-09-12,fuel tfl bus pass,35.43,transportation,simulated_bank_transactions_uk
2023-11-18,restaurant deliveroo fast food 8,101.88,dining,simulated_bank_transactions_uk
2024-02-25,pos purchase superdrug misc expense <ref>,93.2,other,simulated_bank_transactions_uk
2024-08-25,transport bp fuel <ref>,78.16,transportation,simulated_bank_transactions_uk
2024-08-14,card card pmt nando's restaurant 54,27.21,dining,simulated_bank_transactions_uk
2023-01-23,transport national rail bus pass <ref>,125.08,transportation,simulated_bank_transactions_uk
2023-11-19,transport shell fuel <ref>,94.94,transportation,simulated_bank_transactions_uk
2024-08-04,card payment tesco rice <ref>,88.05,groceries,simulated_bank_transactions_uk
2023-12-08,food delivery uber eats fast food <ref>,59.31,dining,simulated_bank_transactions_uk
2024-11-19,card payment hmrc online purchase <ref>,24.02,other,simulated_bank_transactions_uk
2024-04-03,sto card payment tesco rice 1933,115.59,groceries,simulated_bank_transactions_uk
2024-09-03,so restaurant deliveroo food delivery,75.35,dining,simulated_bank_transactions_uk
2024-08-21,direct debit scottishpower <ref>,165.06,utilities,simulated_bank_transactions_uk
2023-10-03,pos purchase argos online purchase,40.84,other,simulated_bank_transactions_uk
2024-08-12,card-payment-ebay-online-purchase <ref>,13.72,other,simulated_bank_transactions_uk
2024-11-03,contactless-aldi-eggs <ref>,67.25,groceries,simulated_bank_transactions_uk
2023-07-20,transport trainline uber ride,30.35,transportation,simulated_bank_transactions_uk
2024-12-07,mastercard card payment bolt fuel,70.84,transportation,simulated_bank_transactions_uk
2023-12-20,pos purchase currys online purchase <ref>,45.17,other,simulated_bank_transactions_uk
2023-05-21,card/pmt/costa/food/delivery,86.38,dining,simulated_bank_transactions_uk
2023-10-26,transport bolt uber ride <ref>,130.01,transportation,simulated_bank_transactions_uk
2024-10-27,rent payment rent,885.06,housing,simulated_bank_transactions_uk
2024-07-22,mastercard card pmt amazon prime <ref>,15.24,subscriptions,simulated_bank_transactions_uk
2024-10-22,rent payment letting agent,870.3,housing,simulated_bank_transactions_uk
2024-12-16,mortgage pmt mortgage,1897.05,housing,simulated_bank_transactions_uk
2024-02-09,card mortgage payment landlord <ref>,1604.87,housing,simulated_bank_transactions_uk
2024-03-31,food delivery nando's fast food <ref>,115.59,dining,simulated_bank_transactions_uk
2024-10-07,contactless sainsburys rice <ref>,31.98,groceries,simulated_bank_transactions_uk
2024-06-16,direct debit bt <ref>,202.44,utilities,simulated_bank_transactions_uk
2023-03-10,card pmt greggs restaurant <ref>,3.64,dining,simulated_bank_transactions_uk
2023-02-20,direct debit sky <ref>,238.81,utilities,simulated_bank_transactions_uk
2024-02-02,card rent payment mortgage,975.79,housing,simulated_bank_transactions_uk
2024-07-10,card*online*purchase*argos*misc*expense <ref>,116.67,other,simulated_bank_transactions_uk
2024-04-07,bacs bill pmt sky,76.75,utilities,simulated_bank_transactions_uk
2023-06-20,rent pmt letting agent <ref>,1705.98,housing,simulated_bank_transactions_uk
2023-03-29,pos bacs mortgage rent,1636.09,housing,simulated_bank_transactions_uk
2024-10-17,bacs bacs letting agent rent,1792.55,housing,simulated_bank_transactions_uk
2024-03-21,mastercard rent pmt letting agent <ref>,1000.46,housing,simulated_bank_transactions_uk
2024-03-05,direct debit spotify <ref>,39.49,subscriptions,simulated_bank_transactions_uk
2023-07-12,card payment bp uber ride <ref>,19.72,transportation,simulated_bank_transactions_uk
2023-04-06,utility bill o2,197.99,utilities,simulated_bank_transactions_uk
2023-01-01,direct debit puregym <ref>,33.87,subscriptions,simulated_bank_transactions_uk
2023-10-26,so contactless aldi milk,135.14,groceries,simulated_bank_transactions_uk
2024-06-27,card*payment*nando's*restaurant <ref>,72.85,dining,simulated_bank_transactions_uk
2024-06-20,bacs letting agent rent <ref>,668.3,housing,simulated_bank_transactions_uk
2023-03-04,bacs rent rent,1493.28,housing,simulated_bank_transactions_uk
2023-03-07,fuel*shell*uber*ride,42.98,transportation,simulated_bank_transactions_uk
2024-06-05,card pmt trainline fuel,59.59,transportation,simulated_bank_transactions_uk
2023-12-05,card-payment-bp-uber-ride,104.0,transportation,simulated_bank_transactions_uk
2024-05-03,utility bill o2 <ref>,172.06,utilities,simulated_bank_transactions_uk
2024-06-01,transport*bp*fuel <ref>,50.0,transportation,simulated_bank_transactions_uk
2024-10-16,fps*contactless*lidl*bread <ref>,9.18,groceries,simulated_bank_transactions_uk
2024-06-12,pos aldi milk <ref>,138.56,groceries,simulated_bank_transactions_uk
2023-04-23,transport bp fu,44.43,transportation,simulated_bank_transactions_uk
2023-02-06,card payment costa fast food <ref>,83.69,dining,simulated_bank_transactions_uk
2024-04-18,contactless waitrose chicken <ref>,8.47,groceries,simulated_bank_transactions_uk
2024-09-12,card payment currys online purchase <ref>,62.51,other,simulated_bank_transactions_uk
2024-05-10,so card payment gym group <ref>,29.61,subscriptions,simulated_bank_transactions_uk
2024-06-12,bacs letting agent rent <ref>,749.38,housing,simulated_bank_transactions_uk
2024-06-13,food delivery deliveroo fast food,147.2,dining,simulated_bank_transactions_uk
2024-08-07,food delivery just eat restaurant <ref>,15.52,dining,simulated_bank_transactions_uk
2024-08-16,restaurant/kfc/fast/food <ref>,67.47,dining,simulated_bank_transactions_uk
2023-03-09,rent pmt rent <ref>,823.76,housing,simulated_bank_transactions_uk
2023-01-29,restaurant-costa-restaurant,108.75,dining,simulated_bank_transactions_uk
2023-09-19,card payment trainline train ticket <ref>,58.11,transportation,simulated_bank_transactions_uk
2024-03-08,card/payment/bp/uber/ride <ref>,89.45,transportation,simulated_bank_transactions_uk
2024-07-12,fps card pmt trainline fuel <ref>,106.72,transportation,simulated_bank_transactions_uk
2023-09-03,sto card payment national rail train ticket,56.62,transportation,simulated_bank_transactions_uk
2024-11-06,contactless bill payment vodafone <ref>,115.34,utilities,simulated_bank_transactions_uk
2024-05-08,so-utility-bill-ee,200.89,utilities,simulated_bank_transactions_uk
2023-12-05,fuel tfl uber ride <ref>,12.78,transportation,simulated_bank_transactions_uk
2024-05-11,mastercard card pmt google *services <ref>,19.97,subscriptions,simulated_bank_transactions_uk
2023-07-27,card payment puregym <ref>,35.62,subscriptions,simulated_bank_transactions_uk
2023-12-16,pos lidl bread <ref>,118.94,groceries,simulated_bank_transactions_uk
2024-05-05,sto bill pmt bt <ref>,131.65,utilities,simulated_bank_transactions_uk
2024-07-27,mastercard pos purchase hmrc misc expense,66.21,other,simulated_bank_transactions_uk
2023-03-13,card*pmt*hmrc*online*purchase <ref>,40.49,other,simulated_bank_transactions_uk
2023-06-18,mortgage payment letting agent,1594.17,housing,simulated_bank_transactions_uk
2024-01-15,card pmt national rail train ticket,131.59,transportation,simulated_bank_transactions_uk
2023-09-02,transport uber fuel,18.65,transportation,simulated_bank_transactions_uk
2023-07-15,contactless morrisons chicken <ref>,71.67,groceries,simulated_bank_transactions_uk
2024-04-28,card*pmt*tesco*chicken <ref>,137.67,groceries,simulated_bank_transactions_uk
2023-08-18,direct debit bt <ref>,198.42,utilities,simulated_bank_transactions_uk
2024-05-01,card pmt amazon prime,38.25,subscriptions,simulated_bank_transactions_uk
2023-04-29,bacs-restaurant-nando's-fast-,138.22,dining,simulated_bank_transactions_uk
2023-11-23,card pmt waitrose chicken,46.0,groceries,simulated_bank_transactions_uk
2023-07-23,direct debit e.on <ref>,232.74,utilities,simulated_bank_transactions_uk
2024-03-29,contactless-waitrose-chicken <ref>,12.04,groceries,simulated_bank_transactions_uk
2023-05-25,pos tesco bread,13.76,groceries,simulated_bank_transactions_uk
2023-10-25,bacs rent pmt landlord <ref>,1013.28,housing,simulated_bank_transactions_uk
2023-02-23,card*pmt*just*eat*restaurant <ref>,133.6,dining,simulated_bank_transactions_uk
2024-12-09,card pmt bolt fuel <ref>,127.77,transportation,simulated_bank_transactions_uk
2024-09-25,mortgage/pmt/rent <ref>,731.51,housing,simulated_bank_transactions_uk
2024-11-25,card payment argos misc expense <ref>,140.4,other,simulated_bank_transactions_uk
2024-01-09,subscription/google/*services,8.79,subscriptions,simulated_bank_transactions_uk
2024-04-11,bacs rent rent <ref>,1158.27,housing,simulated_bank_transactions_uk
2024-09-16,card pmt greggs fast food <ref>,8.98,dining,simulated_bank_transactions_uk
2023-10-22,mortgage pmt mortgage <ref>,928.34,housing,simulated_bank_transactions_uk
2024-09-21,card payment argos misc expense,5.36,other,simulated_bank_transactions_uk
2023-10-16,rent-payment-mortgage,1910.64,housing,simulated_bank_transactions_uk
2024-04-14,fps utility bill british gas <ref>,110.2,utilities,simulated_bank_transactions_uk
2023-04-01,card-payment-amazon-prime <ref>,11.38,subscriptions,simulated_bank_transactions_uk
2024-09-30,subscription puregym <ref>,13.54,subscriptions,simulated_bank_transactions_uk
2023-10-19,mortgage payment rent <ref>,1106.58,housing,simulated_bank_transactions_uk
2023-02-21,mastercard restaurant starbucks food delivery <ref>,38.76,dining,simulated_bank_transactions_uk
2024-10-17,sto card payment boots online purchase,52.18,other,simulated_bank_transactions_uk
2023-02-08,subscription disney+ <ref>,38.06,subscriptions,simulated_bank_transactions_uk
2023-06-05,mortgage/payment/mortgage <ref>,1155.75,housing,simulated_bank_transactions_uk
2023-02-03,food delivery starbucks restaurant,7.52,dining,simulated_bank_transactions_uk
2023-08-02,bill payment severn trent,155.8,utilities,simulated_bank_transactions_uk
2024-09-04,mortgage payment letting agent <ref>,1873.63,housing,simulated_bank_transactions_uk
2023-07-28,food/delivery/deliveroo/food/delivery,138.02,dining,simulated_bank_transactions_uk
2023-07-31,direct-debit-o2 <ref>,140.09,utilities,simulated_bank_transactions_uk
2024-09-06,fuel/shell/fuel,134.48,transportation,simulated_bank_transactions_uk
2024-08-06,utility bill sky,118.64,utilities,simulated_bank_transactions_uk
2024-12-28,mastercard pos sainsburys eggs <ref>,59.51,groceries,simulated_bank_transactions_uk
2023-10-18,direct*debit*gym*group <ref>,18.56,subscriptions,simulated_bank_transactions_uk
2023-08-01,rent payment rent <ref>,632.12,housing,simulated_bank_transactions_uk
2024-11-04,contactless/tesco/rice <ref>,104.82,groceries,simulated_bank_transactions_uk
2024-06-14,restaurant nando's fast food <ref>,56.64,dining,simulated_bank_transactions_uk
2024-08-29,fps direct debit o2 <ref>,103.28,utilities,simulated_bank_transactions_uk
2023-02-10,direct/debit/o2,93.82,utilities,simulated_bank_transactions_uk
2024-11-22,online purchase hmrc online purchase <ref>,104.31,other,simulated_bank_transactions_uk
2023-02-20,mortgage payment mortgage <ref>,1147.57,housing,simulated_bank_transactions_uk
2024-01-22,sto-pos-waitrose-eggs,100.98,groceries,simulated_bank_transactions_uk
2024-08-26,card pmt currys online purchase <ref>,49.99,other,simulated_bank_transactions_uk
2023-10-14,card-pmt-waitrose-chicken <ref>,115.56,groceries,simulated_bank_transactions_uk
2024-10-29,utility/bill/sky <ref>,55.2,utilities,simulated_bank_transactions_uk
2023-07-22,utility*bill*british*gas <ref>,183.14,utilities,simulated_bank_transactions_uk
2023-08-11,utility*bill*british*gas,215.9,utilities,simulated_bank_transactions_uk
2023-07-25,card payment costa food delivery <ref>,107.78,dining,simulated_bank_transactions_uk
2023-03-01,mastercard*online*purchase*ebay*online*purchase <ref>,16.14,other,simulated_bank_transactions_uk
2023-02-23,pos lidl vegetables,8.54,groceries,simulated_bank_transactions_uk
2024-03-30,direct debit spotify <ref>,7.31,subscriptions,simulated_bank_transactions_uk
2023-11-14,card pmt spotif,33.33,subscriptions,simulated_bank_transactions_uk
2024-10-21,card pmt amazon online purchase,28.5,other,simulated_bank_transactions_uk
2023-12-10,direct debit severn trent,91.31,utilities,simulated_bank_transactions_uk
2023-02-21,direct debit apple.com/bill <ref>,26.87,subscriptions,simulated_bank_transactions_uk
2024-12-24,subscription amazon prime,37.32,subscriptions,simulated_bank_transactions_uk
2024-03-03,mastercard direct debit severn trent,49.47,utilities,simulated_bank_transactions_uk
2024-10-20,contactless-card-payment-greggs-restaurant <ref>,81.47,dining,simulated_bank_transactions_uk
2023-03-26,contactless lidl chicken,118.96,groceries,simulated_bank_transactions_uk
2023-03-10,bill*payment*bt,124.4,utilities,simulated_bank_transactions_uk
2024-12-15,card pmt bp bus pass,117.63,transportation,simulated_bank_transactions_uk
2023-12-22,pos fuel national rail fuel,127.48,transportation,simulated_bank_transactions_uk
2023-04-01,bacs letting agent rent <ref>,1759.49,housing,simulated_bank_transactions_uk
2023-08-06,so pos aldi eggs <ref>,103.09,groceries,simulated_bank_transactions_uk
2024-05-24,rent payment rent <ref>,1458.02,housing,simulated_bank_transactions_uk
2023-05-23,utility-bill-scottishpower,93.85,utilities,simulated_bank_transactions_uk
2023-05-08,card payment waitrose chick,88.93,groceries,simulated_bank_transactions_uk
2023-08-27,rent payment mortgage,1191.07,housing,simulated_bank_transactions_uk
2023-12-31,food delivery starbucks fast,110.82,dining,simulated_bank_transactions_uk
2024-05-12,fps bacs rent rent <ref>,745.38,housing,simulated_bank_transactions_uk
2023-04-11,restaurant/just/eat/fast/food,104.44,dining,simulated_bank_transactions_uk
2023-05-09,subscription gym group <ref>,35.44,subscriptions,simulated_bank_transactions_uk
2024-07-11,mortgage/payment/landlord,930.66,housing,simulated_bank_transactions_uk
2024-11-01,direct debit card payment disney+ <ref>,5.86,subscriptions,simulated_bank_transactions_uk
2024-02-16,card pmt just eat food delivery <ref>,26.74,dining,simulated_bank_transactions_uk
2024-03-30,contactless direct debit e.on,125.1,utilities,simulated_bank_transactions_uk
2024-12-05,bacs card pmt google *services <ref>,24.95,subscriptions,simulated_bank_transactions_uk
2024-02-09,bill/payment/thame,48.84,utilities,simulated_bank_transactions_uk
2024-07-17,bacs-pos-purchase-amazon-misc-expense,27.84,other,simulated_bank_transactions_uk
2023-09-05,bacs landlord rent,1413.09,housing,simulated_bank_transactions_uk
2023-04-19,card*card*payment*boots*misc*expense <ref>,86.14,other,simulated_bank_transactions_uk
2024-04-21,bacs utility bill o2 4734,134.86,utilities,simulated_bank_transactions_uk
2024-05-22,bill payment sky <ref>,162.72,utilities,simulated_bank_transactions_uk
2023-07-12,restaurant/kfc/fast/food <ref>,6.67,dining,simulated_bank_transactions_uk
2023-11-21,direct debit apple.com/bill,23.63,subscriptions,simulated_bank_transactions_uk
2023-10-25,contactless tesco milk <ref>,138.01,groceries,simulated_bank_transactions_uk
2024-02-01,pos-aldi-rice,19.08,groceries,simulated_bank_transactions_uk
2023-07-12,contactless card pmt bp fuel <ref>,84.06,transportation,simulated_bank_transactions_uk
2023-12-27,card pmt gym group,9.87,subscriptions,simulated_bank_transactions_uk
2023-04-06,mastercard/pos/purchase/currys/misc/expense <ref>,54.59,other,simulated_bank_transactions_uk
2023-11-12,direct debit spotify <ref>,27.69,subscriptions,simulated_bank_transactions_uk
2024-01-05,direct-debit-spotify <ref>,35.56,subscriptions,simulated_bank_transactions_uk
2024-09-09,pos purchase argos online purchase <ref>,3.64,other,simulated_bank_transactions_uk
2023-07-05,direct*debit*thames*water <ref>,184.88,utilities,simulated_bank_transactions_uk
2023-12-24,direct debit amazon prime <ref>,36.11,subscriptions,simulated_bank_transactions_uk
2024-10-19,bacs landlord rent,1477.04,housing,simulated_bank_transactions_uk
2023-01-19,contactless*contactless*waitrose*bread,89.68,groceries,simulated_bank_transactions_uk
2023-06-03,so pos iceland milk <ref>,110.47,groceries,simulated_bank_transactions_uk
2024-06-03,fuel bolt uber ride <ref>,12.38,transportation,simulated_bank_transactions_uk
2023-10-09,food delivery pret food delivery <ref>,8.31,dining,simulated_bank_transactions_uk
2023-12-19,bill*pmt*octopus*energy <ref>,171.49,utilities,simulated_bank_transactions_uk
2024-02-22,direct debit bill pmt severn trent <ref>,217.22,utilities,simulated_bank_transactions_uk
2023-01-17,contactless subscription google *services,27.19,subscriptions,simulated_bank_transactions_uk
2023-01-14,restaurant/costa/restaurant <ref>,133.31,dining,simulated_bank_transactions_uk
2023-01-21,pos-purchase-superdrug-misc-expense <ref>,96.92,other,simulated_bank_transactions_uk
2024-10-28,direct debit british gas <ref>,229.03,utilities,simulated_bank_transactions_uk
2024-08-10,rent pmt rent <ref>,1582.45,housing,simulated_bank_transactions_uk
2024-10-12,restaurant/greggs/fast/food <ref>,38.17,dining,simulated_bank_transactions_uk
2023-12-01,transport bp uber ride <ref>,105.5,transportation,simulated_bank_transactions_uk
2024-10-19,food*delivery*kfc*food*delivery,16.53,dining,simulated_bank_transactions_uk
2024-11-10,card card payment currys misc expense <ref>,47.85,other,simulated_bank_transactions_uk
2024-05-22,subscription netflix,28.74,subscriptions,simulated_bank_transactions_uk
2024-07-09,card pmt tfl uber ride <ref>,108.89,transportation,simulated_bank_transactions_uk
2023-11-08,food delivery starbucks restaurant <ref>,56.2,dining,simulated_bank_transactions_uk
2023-12-05,transport/bolt/bus/pass 559,35.17,transportation,simulated_bank_transactions_uk
2024-07-16,rent pmt mortgage <ref>,1517.44,housing,simulated_bank_transactions_uk
2024-06-10,direct debit amazon prime <ref>,17.39,subscriptions,simulated_bank_transactions_uk
2024-07-29,direct-debit-tham,203.04,utilities,simulated_bank_transactions_uk
2024-11-01,rent pmt letting agent <ref>,1897.56,housing,simulated_bank_transactions_uk
2024-05-21,sto subscription netflix,34.91,subscriptions,simulated_bank_transactions_uk
2024-06-14,direct debit direct debit british gas <ref>,212.57,utilities,simulated_bank_transactions_uk
2024-11-09,fuel trainline train ticket <ref>,25.68,transportation,simulated_bank_transactions_uk
2024-06-21,card pmt hmrc misc expense,72.5,other,simulated_bank_transactions_uk
2024-09-15,card payment nando's restaurant <ref>,138.87,dining,simulated_bank_transactions_uk
2024-10-28,transport trainline train ticket,26.38,transportation,simulated_bank_transactions_uk
2024-11-03,restaurant starbucks food delivery <ref>,85.45,dining,simulated_bank_transactions_uk
2024-03-16,card pmt ebay misc expense <ref>,47.21,other,simulated_bank_transactions_uk
2023-12-31,direct debit amazon prime <ref>,23.75,subscriptions,simulated_bank_transactions_uk
2023-11-23,pos tesco vegetables,119.2,groceries,simulated_bank_transactions_uk
2023-02-02,card-pmt-hmrc-online-purchase,56.09,other,simulated_bank_transactions_uk
2023-06-19,card-direct-debit-puregym <ref>,19.03,subscriptions,simulated_bank_transactions_uk
2023-06-26,mortgage-pmt-landlord <ref>,875.9,housing,simulated_bank_transactions_uk
2024-12-14,fps*online*purchase*nhs*online*purchase <ref>,86.37,other,simulated_bank_transactions_uk
2024-05-16,food/delivery/just/eat/fast/food <ref>,36.41,dining,simulated_bank_transactions_uk
2023-12-20,fps bill pmt thames water <ref>,203.46,utilities,simulated_bank_transactions_uk
2023-03-06,rent payment mortgage,1895.53,housing,simulated_bank_transactions_uk
2023-12-26,restaurant just eat restaurant <ref>,52.26,dining,simulated_bank_transactions_uk
2023-05-16,card-payment-aldi-eggs <ref>,8.65,groceries,simulated_bank_transactions_uk
2024-11-04,mastercard rent payment rent,1080.9,housing,simulated_bank_transactions_uk
2023-03-08,utility bill sky <ref>,105.55,utilities,simulated_bank_transactions_uk
2024-12-04,utility bill vodafone <ref>,199.79,utilities,simulated_bank_transactions_uk
2024-09-27,sto-rent-payment-letting-agent,1650.84,housing,simulated_bank_transactions_uk
2023-04-13,mastercard pos purchase boots misc expense <ref>,30.65,other,simulated_bank_transactions_uk
2023-12-28,contactless*sainsburys*bread <ref>,38.13,groceries,simulated_bank_transactions_uk
2024-02-15,direct debit spotify <ref>,35.41,subscriptions,simulated_bank_transactions_uk
2023-09-28,fuel shell train ticket,133.08,transportation,simulated_bank_transactions_uk
2023-07-07,bill pmt octopus energy <ref>,113.67,utilities,simulated_bank_transactions_uk
2023-02-22,online purchase superdrug misc expense,19.32,other,simulated_bank_transactions_uk
2024-07-21,direct/debit/spotify <ref>,23.5,subscriptions,simulated_bank_transactions_uk
2023-03-24,mortgage pmt rent,1079.11,housing,simulated_bank_transactions_uk
2024-09-10,card payment bolt fuel <ref>,146.59,transportation,simulated_bank_transactions_uk
2023-11-28,card-payment-boots-online-purchase,88.94,other,simulated_bank_transactions_uk
2023-11-08,contactless tesco milk <ref>,73.07,groceries,simulated_bank_transactions_uk
2024-12-01,fuel trainline bus pass,48.96,transportation,simulated_bank_transactions_uk
2024-03-03,mastercard utility bill bt,233.24,utilities,simulated_bank_transactions_uk
2024-03-01,bill payment ee,215.94,utilities,simulated_bank_transactions_uk
2023-09-14,card*pmt*deliveroo*restaurant <ref>,39.38,dining,simulated_bank_transactions_uk
2023-05-24,restaurant-just-eat-restaurant <ref>,149.66,dining,simulated_bank_transactions_uk
2024-05-02,card payment boots online purchase,101.17,other,simulated_bank_transactions_uk
2023-06-20,transport shell fuel <ref>,108.71,transportation,simulated_bank_transactions_uk
2023-04-14,online purchase hmrc misc expense <ref>,40.83,other,simulated_bank_transactions_uk
2023-05-02,utility bill thames water <ref>,86.66,utilities,simulated_bank_transactions_uk
2024-08-26,mastercard direct debit google *services,10.59,subscriptions,simulated_bank_transactions_uk
2024-09-09,card pmt disney+ <ref>,13.19,subscriptions,simulated_bank_transactions_uk
2023-08-29,card pmt ebay misc expense,38.35,other,simulated_bank_transactions_uk
2024-05-20,subscription*disney+,7.58,subscriptions,simulated_bank_transactions_uk
2024-12-30,pos lidl eggs <ref>,52.33,groceries,simulated_bank_transactions_uk
2023-05-09,fuel tfl train ticket <ref>,137.9,transportation,simulated_bank_transactions_uk
2023-04-13,rent pmt landlord <ref>,1547.38,housing,simulated_bank_transactions_uk
2024-06-27,fps direct debit octopus e,80.41,utilities,simulated_bank_transactions_uk
2023-12-19,direct debit puregym <ref>,15.8,subscriptions,simulated_bank_transactions_uk
2024-10-27,pos purchase currys online purchase,99.66,other,simulated_bank_transactions_uk
2023-09-06,direct-debit-ee <ref>,163.72,utilities,simulated_bank_transactions_uk
2024-11-26,restaurant pret fast food,56.84,dining,simulated_bank_transactions_uk
2023-09-10,direct debit vodafone <ref>,82.26,utilities,simulated_bank_transactions_uk
2024-01-15,transport national rail train ticket,72.29,transportation,simulated_bank_transactions_uk
2024-09-12,so restaurant uber eats fast food <ref>,71.58,dining,simulated_bank_transactions_uk
2024-08-27,card pmt disney+ <ref>,16.59,subscriptions,simulated_bank_transactions_uk
2023-09-22,pos pos lidl vegetables,44.93,groceries,simulated_bank_transactions_uk
2024-10-24,utility bill british gas,185.59,utilities,simulated_bank_transactions_uk
2024-09-21,so fuel tfl train ticket <ref>,67.07,transportation,simulated_bank_transactions_uk
2023-03-28,card payment tfl train ticket <ref>,137.56,transportation,simulated_bank_transactions_uk
2023-06-10,card*payment*aldi*vegetables <ref>,99.02,groceries,simulated_bank_transactions_uk
2023-04-20,bacs mortgage rent <ref>,1549.49,housing,simulated_bank_transactions_uk
2024-11-30,card/pmt/bolt/uber/ride,62.98,transportation,simulated_bank_transactions_uk
2024-09-11,bacs subscription apple.com/bill,37.76,subscriptions,simulated_bank_transactions_uk
2023-03-07,bill payment o2,241.19,utilities,simulated_bank_transactions_uk
2024-06-05,restaurant pret restaurant <ref>,129.01,dining,simulated_bank_transactions_uk
2024-09-21,pos sainsburys rice <ref>,23.76,groceries,simulated_bank_transactions_uk
2024-05-30,card payment iceland vegetables <ref>,10.88,groceries,simulated_bank_transactions_uk
2023-06-09,so restaurant mcdonalds restaurant <ref>,123.55,dining,simulated_bank_transactions_uk
2024-08-03,direct/debit/thames/water <ref>,84.16,utilities,simulated_bank_transactions_uk
2024-11-26,pos aldi eggs <ref>,68.07,groceries,simulated_bank_transactions_uk
2023-04-27,food delivery starbucks fast food,117.37,dining,simulated_bank_transactions_uk
2024-08-01,so pos purchase argos online purchase <ref>,55.77,other,simulated_bank_transactions_uk
2024-10-20,direct debit amazon prime <ref>,5.03,subscriptions,simulated_bank_transactions_uk
2024-09-25,transport/esso/bus/pass,128.02,transportation,simulated_bank_transactions_uk
2023-07-21,pos purchase amazon online purchase,57.85,other,simulated_bank_transactions_uk
2023-02-22,pos*card*payment*tesco*eggs <ref>,43.3,groceries,simulated_bank_transactions_uk
2024-10-23,pos aldi bread <ref>,3.86,groceries,simulated_bank_transactions_uk
2023-09-07,restaurant mcdonalds food delive,121.62,dining,simulated_bank_transactions_uk
2023-08-07,card-pmt-apple.com/bill,6.2,subscriptions,simulated_bank_transactions_uk
2023-06-24,mortgage pmt letting agent 5259,1832.7,housing,simulated_bank_transactions_uk
2024-02-11,card payment disney+ <ref>,20.84,subscriptions,simulated_bank_transactions_uk
2023-02-18,contactless iceland bread <ref>,98.34,groceries,simulated_bank_transactions_uk
2023-07-30,card pmt bp uber ride <ref>,91.87,transportation,simulated_bank_transactions_uk
2024-04-15,fuel/bp/fuel <ref>,103.67,transportation,simulated_bank_transactions_uk
2024-12-29,card-bacs-letting-agent-rent <ref>,696.33,housing,simulated_bank_transactions_uk
2024-06-01,sto rent payment mortgage,1193.55,housing,simulated_bank_transactions_uk
2023-09-07,contactless sainsburys milk <ref>,14.1,groceries,simulated_bank_transactions_uk
2023-03-15,pos purchase currys online purchase <ref>,68.62,other,simulated_bank_transactions_uk
2023-09-08,visa-card-payment-lidl-eggs <ref>,17.72,groceries,simulated_bank_transactions_uk
2024-07-12,bacs-card-pmt-shell-fuel <ref>,11.84,transportation,simulated_bank_transactions_uk
2023-04-11,fuel tfl train ticket <ref>,24.89,transportation,simulated_bank_transactions_uk
2023-02-02,bill pmt octopus energy,81.93,utilities,simulated_bank_transactions_uk
2023-03-20,pos purchase argos online purchase <ref>,103.72,other,simulated_bank_transactions_uk
2024-10-14,card payment hmrc misc expense <ref>,79.88,other,simulated_bank_transactions_uk
2023-01-10,pos card pmt kfc restaurant <ref>,64.05,dining,simulated_bank_transactions_uk
2023-09-09,direct debit bt <ref>,184.31,utilities,simulated_bank_transactions_uk
2024-06-06,rent payment rent <ref>,1252.2,housing,simulated_bank_transactions_uk
2024-05-08,subscription-gym-group <ref>,22.01,subscriptions,simulated_bank_transactions_uk
2023-03-24,bill payment thames water <ref>,107.79,utilities,simulated_bank_transactions_uk
2024-04-30,pos transport trainline uber ride <ref>,117.74,transportation,simulated_bank_transactions_uk
2023-09-05,card payment asda rice <ref>,19.78,groceries,simulated_bank_transactions_uk
2023-01-29,fuel-uber-bus-pass,131.09,transportation,simulated_bank_transactions_uk
2023-08-10,card payment hmrc misc expense <ref>,18.32,other,simulated_bank_transactions_uk
2023-03-24,restaurant/just/eat/restaurant 6,80.78,dining,simulated_bank_transactions_uk
2024-08-21,card payment ebay online purchase,132.68,other,simulated_bank_transactions_uk
2024-10-20,card pmt boots online purchase <ref>,94.47,other,simulated_bank_transactions_uk
2024-01-08,card pmt national rail bus pass <ref>,41.15,transportation,simulated_bank_transactions_uk
2024-09-23,direct debit card payment starbucks food deliver,72.47,dining,simulated_bank_transactions_uk
2023-04-28,card-payment-kfc-fast-food <ref>,52.75,dining,simulated_bank_transactions_uk
2023-08-30,pos direct debit gym group,22.45,subscriptions,simulated_bank_transactions_uk
2023-04-30,card payment starbucks fast food <ref>,110.95,dining,simulated_bank_transactions_uk
2023-09-04,rent/pmt/letting/agent <ref>,1785.04,housing,simulated_bank_transactions_uk
2024-02-16,card payment disney+,9.71,subscriptions,simulated_bank_transactions_uk
2024-03-27,visa online purchase superdrug misc expense <ref>,138.78,other,simulated_bank_transactions_uk
2024-05-21,direct/debit/netflix <ref>,18.03,subscriptions,simulated_bank_transactions_uk
2024-06-21,utility bill thames water <ref>,149.78,utilities,simulated_bank_transactions_uk
2023-02-17,card payment uber eats food delivery <ref>,45.11,dining,simulated_bank_transactions_uk
2023-10-23,mastercard direct debit vodafone <ref>,174.16,utilities,simulated_bank_transactions_uk
2024-02-05,mortgage pmt mortgage 845,1022.7,housing,simulated_bank_transactions_uk
2023-07-29,food delivery nando's restaurant <ref>,75.65,dining,simulated_bank_transactions_uk
2023-04-24,bacs letting agent rent <ref>,1932.0,housing,simulated_bank_transactions_uk
2023-04-10,direct debit card pmt asda rice <ref>,64.17,groceries,simulated_bank_transactions_uk
2024-01-19,bacs rent rent <ref>,1539.32,housing,simulated_bank_transactions_uk
2024-02-11,mastercard bill pmt ee <ref>,54.79,utilities,simulated_bank_transactions_uk
2024-03-01,card subscription amazon prime <ref>,36.05,subscriptions,simulated_bank_transactions_uk
2023-09-14,fuel bolt fuel <ref>,7.0,transportation,simulated_bank_transactions_uk
2024-08-01,food delivery costa fast food <ref>,58.43,dining,simulated_bank_transactions_uk
2024-05-09,food delivery nando's food delivery <ref>,78.05,dining,simulated_bank_transactions_uk
2024-07-26,contactless morrisons bread,58.48,groceries,simulated_bank_transactions_uk
2023-10-12,pos purchase boots online purchase <ref>,3.44,other,simulated_bank_transactions_uk
2024-10-18,card direct debit netflix,26.12,subscriptions,simulated_bank_transactions_uk
2023-03-22,direct debit ee <ref>,181.82,utilities,simulated_bank_transactions_uk
2023-07-05,online purchase ebay misc expense <ref>,87.77,other,simulated_bank_transactions_uk
2024-08-31,rent-payment-mortgage,1589.73,housing,simulated_bank_transactions_uk
2024-05-09,contactless-asda-vegetables <ref>,97.65,groceries,simulated_bank_transactions_uk
2023-08-17,contactless waitrose rice <ref>,51.49,groceries,simulated_bank_transactions_uk
2023-09-28,so transport esso uber ride <ref>,9.42,transportation,simulated_bank_transactions_uk
2024-12-03,contactless waitrose rice,112.2,groceries,simulated_bank_transactions_uk
2023-05-12,bill payment octopus energy,129.37,utilities,simulated_bank_transactions_uk
2023-07-17,direct*debit*direct*debit*puregym <ref>,9.34,subscriptions,simulated_bank_transactions_uk
2024-04-02,contactless morrisons milk <ref>,81.86,groceries,simulated_bank_transactions_uk
2024-05-06,bacs bacs landlord rent 7,1787.18,housing,simulated_bank_transactions_uk
2024-06-17,transport esso fuel <ref>,80.3,transportation,simulated_bank_transactions_uk
2023-10-19,bacs*rent*rent <ref>,1267.89,housing,simulated_bank_transactions_uk
2023-11-20,pos-direct-debit-puregym,26.01,subscriptions,simulated_bank_transactions_uk
2023-10-13,pos direct debit ee <ref>,57.33,utilities,simulated_bank_transactions_uk
2023-12-31,visa-direct-debit-puregym,39.57,subscriptions,simulated_bank_transactions_uk
2024-11-09,card-pmt-netflix <ref>,26.69,subscriptions,simulated_bank_transactions_uk
2024-05-19,pos-sainsburys-milk <ref>,66.6,groceries,simulated_bank_transactions_uk
2024-02-22,direct debit utility bill o2,83.52,utilities,simulated_bank_transactions_uk
2024-01-11,mastercard utility bill scottishpower <ref>,131.42,utilities,simulated_bank_transactions_uk
2023-07-02,pos pos purchase ebay misc expense <ref>,68.95,other,simulated_bank_transactions_uk
2024-09-15,rent pmt mortgage <ref>,1435.36,housing,simulated_bank_transactions_uk
2024-07-28,restaurant starbucks restaurant <ref>,74.74,dining,simulated_bank_transactions_uk
2023-08-05,card/pmt/netflix <ref>,34.37,subscriptions,simulated_bank_transactions_uk
2024-08-22,card pmt spotify <ref>,27.69,subscriptions,simulated_bank_transactions_uk
2023-06-20,pos card payment lidl rice <ref>,80.97,groceries,simulated_bank_transactions_uk
2023-01-14,rent-payment-letting-agent <ref>,890.05,housing,simulated_bank_transactions_uk
2024-05-20,card pmt nando's restaurant <ref>,65.62,dining,simulated_bank_transactions_uk
2024-12-13,fuel shell train ticket,119.92,transportation,simulated_bank_transactions_uk
2024-12-08,utility bill vodafone,206.54,utilities,simulated_bank_transactions_uk
2023-09-05,bill pmt severn trent,206.51,utilities,simulated_bank_transactions_uk
2024-06-23,contactless iceland rice <ref>,93.25,groceries,simulated_bank_transactions_uk
2023-02-16,fuel bolt bus pass <ref>,88.02,transportation,simulated_bank_transactions_uk
2024-11-19,card payment bolt uber ride <ref>,38.67,transportation,simulated_bank_transactions_uk
2023-12-07,bill/pmt/octopus/energy <ref>,111.75,utilities,simulated_bank_transactions_uk
2023-08-29,card payment spotify <ref>,19.74,subscriptions,simulated_bank_transactions_uk
2023-08-12,bacs-rent-rent <ref>,1790.86,housing,simulated_bank_transactions_uk
2023-12-17,direct/debit/apple.com/bill <ref>,36.88,subscriptions,simulated_bank_transactions_uk
2023-03-13,mastercard/contactless/sainsburys/rice <ref>,121.88,groceries,simulated_bank_transactions_uk
2023-03-10,card pmt argos online purchase <ref>,50.43,other,simulated_bank_transactions_uk
2023-07-03,rent pmt rent <ref>,1814.7,housing,simulated_bank_transactions_uk
2024-12-24,pos asda vegetables,148.74,groceries,simulated_bank_transactions_uk
2024-07-09,direct-debit-sky <ref>,56.73,utilities,simulated_bank_transactions_uk
2023-09-25,card payment deliveroo restaurant,87.0,dining,simulated_bank_transactions_uk
2023-08-01,transport tfl bus pass,17.36,transportation,simulated_bank_transactions_uk
2024-02-03,bacs/letting/agent/rent <ref>,731.34,housing,simulated_bank_transactions_uk
2024-04-26,utility bill octopus energy <ref>,31.91,utilities,simulated_bank_transactions_uk
2024-09-28,fps direct debit gym group,30.79,subscriptions,simulated_bank_transactions_uk
2024-12-13,visa pos sainsburys veg,89.31,groceries,simulated_bank_transactions_uk
2024-07-05,mortgage/pmt/letting/agent <ref>,1703.56,housing,simulated_bank_transactions_uk
2023-02-02,food delivery uber eats restaurant,95.56,dining,simulated_bank_transactions_uk
2024-12-20,subscription gym group <ref>,35.32,subscriptions,simulated_bank_transactions_uk
2023-07-12,pos*asda*rice,74.07,groceries,simulated_bank_transactions_uk
2024-06-04,transport bp uber ride <ref>,64.52,transportation,simulated_bank_transactions_uk
2023-08-09,contactless asda milk <ref>,131.97,groceries,simulated_bank_transactions_uk
2023-01-30,subscription/gym/gro,20.01,subscriptions,simulated_bank_transactions_uk
2024-05-05,card-payment-kfc-food-delivery,23.0,dining,simulated_bank_transactions_uk
2024-12-24,mortgage*pmt*letting*agent <ref>,1964.47,housing,simulated_bank_transactions_uk
2023-06-24,utility bill thames water <ref>,67.76,utilities,simulated_bank_transactions_uk
2023-08-24,mortgage*payment*mortgage <ref>,1463.42,housing,simulated_bank_transactions_uk
2023-09-09,visa pos purchase nhs online purchase <ref>,63.53,other,simulated_bank_transactions_uk
2023-01-15,direct debit ee,97.88,utilities,simulated_bank_transactions_uk
2023-11-14,so contactless sainsburys chicken <ref>,17.68,groceries,simulated_bank_transactions_uk
2024-07-20,so card payment esso bus pass <ref>,27.72,transportation,simulated_bank_transactions_uk
2024-11-15,sto pos purchase hmrc misc expense <ref>,25.83,other,simulated_bank_transactions_uk
2023-09-08,pos tesco bread <ref>,104.89,groceries,simulated_bank_transactions_uk
2024-09-07,online purchase ebay misc expense <ref>,4.08,other,simulated_bank_transactions_uk
2024-12-19,sto*transport*trainline*fuel <ref>,63.47,transportation,simulated_bank_transactions_uk
2024-06-11,pos iceland milk,101.24,groceries,simulated_bank_transactions_uk
2023-12-11,card-pmt-pret-food-delivery <ref>,12.57,dining,simulated_bank_transactions_uk
2024-08-12,food delivery costa fast food,4.19,dining,simulated_bank_transactions_uk
2023-12-26,card payment uber uber ride <ref>,48.41,transportation,simulated_bank_transactions_uk
2023-11-24,so*utility*bill*sky <ref>,132.84,utilities,simulated_bank_transactions_uk
2023-11-29,card*pmt*tfl*train*ticket,47.11,transportation,simulated_bank_transactions_uk
2023-02-27,contactless sainsburys vegetables <ref>,96.12,groceries,simulated_bank_transactions_uk
2023-03-14,card pmt disney+,7.66,subscriptions,simulated_bank_transactions_uk
2024-01-28,contactless tesco vegetables,32.35,groceries,simulated_bank_transactions_uk
2024-08-14,card-payment-esso-bus-pass <ref>,29.64,transportation,simulated_bank_transactions_uk
2023-09-05,mastercard subscription gym group <ref>,38.49,subscriptions,simulated_bank_transactions_uk
2024-03-19,card*payment*uber*eats*fast*food <ref>,107.54,dining,simulated_bank_transactions_uk
2023-06-27,card pmt puregym <ref>,19.82,subscriptions,simulated_bank_transactions_uk
2023-08-28,sto online purchase boots online purchase <ref>,86.77,other,simulated_bank_transactions_uk
2023-03-08,utility bill severn trent 728,85.01,utilities,simulated_bank_transactions_uk
2024-09-28,bacs rent rent <ref>,622.74,housing,simulated_bank_transactions_uk
2023-11-09,card payment boots online purchase <ref>,118.17,other,simulated_bank_transactions_uk
2023-10-29,direct debit utility bill vodafone <ref>,218.91,utilities,simulated_bank_transactions_uk
2023-07-01,pos lidl rice <ref>,65.42,groceries,simulated_bank_transactions_uk
2023-07-26,direct debit amazon prime <ref>,19.35,subscriptions,simulated_bank_transactions_uk
2024-07-05,online-purchase-amazon-misc-expense,102.16,other,simulated_bank_transactions_uk
2024-04-28,so subscription disney+ <ref>,14.01,subscriptions,simulated_bank_transactions_uk
2024-06-23,fuel esso uber ride,141.04,transportation,simulated_bank_transactions_uk
2023-09-18,card/pmt/uber/eats/fast/food <ref>,135.67,dining,simulated_bank_transactions_uk
2024-01-06,bacs*rent*rent <ref>,1686.46,housing,simulated_bank_transactions_uk
2023-09-13,online purchase superdrug misc expense <ref>,28.83,other,simulated_bank_transactions_uk
2023-05-17,bacs mortgage rent <ref>,1468.31,housing,simulated_bank_transactions_uk
2023-07-29,subscription apple.com/bill,20.74,subscriptions,simulated_bank_transactions_uk
2023-12-22,sto fuel bolt uber ride <ref>,87.91,transportation,simulated_bank_transactions_uk
2024-05-06,bill pmt o2,223.41,utilities,simulated_bank_transactions_uk
2024-03-13,card pmt amazon online purchase,39.56,other,simulated_bank_transactions_uk
2023-08-03,card payment hmrc misc expense <ref>,44.66,other,simulated_bank_transactions_uk
2024-04-26,card payment trainline uber ride <ref>,126.41,transportation,simulated_bank_transactions_uk
2024-04-13,card pmt costa fast food <ref>,9.59,dining,simulated_bank_transactions_uk
2023-01-05,pos lidl chicken <ref>,79.89,groceries,simulated_bank_transactions_uk
2023-12-15,card payment morrisons chicken <ref>,120.33,groceries,simulated_bank_transactions_uk
2024-04-11,fuel tfl train ticket 912,83.92,transportation,simulated_bank_transactions_uk
2024-09-17,utility bill e.on <ref>,192.71,utilities,simulated_bank_transactions_uk
2024-03-20,bacs letting agent rent <ref>,1322.88,housing,simulated_bank_transactions_uk
2024-09-17,food delivery pret fast food <ref>,89.59,dining,simulated_bank_transactions_uk
2023-04-20,card-pmt-apple.com/bill <ref>,19.3,subscriptions,simulated_bank_transactions_uk
2024-10-19,food delivery starbucks food delivery <ref>,128.44,dining,simulated_bank_transactions_uk
2023-03-29,direct debit pos iceland rice,88.88,groceries,simulated_bank_transactions_uk
2023-03-26,pos purchase boots misc expense <ref>,94.32,other,simulated_bank_transactions_uk
2023-08-09,card pmt waitrose milk,144.62,groceries,simulated_bank_transactions_uk
2024-04-03,card*payment*boots*misc*expense <ref>,120.03,other,simulated_bank_transactions_uk
2024-01-03,contactless pos lidl,60.65,groceries,simulated_bank_transactions_uk
2023-01-01,restaurant just eat fast food <ref>,110.0,dining,simulated_bank_transactions_uk
2024-03-08,mortgage pmt letting agent,1619.16,housing,simulated_bank_transactions_uk
2024-05-18,pos aldi vegetables <ref>,17.1,groceries,simulated_bank_transactions_uk
2024-11-30,mortgage payment landlord <ref>,1841.55,housing,simulated_bank_transactions_uk
2024-01-12,mastercard utility bill o2 <ref>,75.65,utilities,simulated_bank_transactions_uk
2023-12-02,subscription spotify <ref>,25.14,subscriptions,simulated_bank_transactions_uk
2023-01-18,card*payment*lidl*eggs,50.66,groceries,simulated_bank_transactions_uk
2024-12-25,bacs mortgage rent,1171.94,housing,simulated_bank_transactions_uk
2023-05-19,subscription puregym <ref>,15.88,subscriptions,simulated_bank_transactions_uk
2024-07-28,sto online purchase nhs misc expense <ref>,135.48,other,simulated_bank_transactions_uk
2024-12-20,card/payment/just/eat/restaurant,72.33,dining,simulated_bank_transactions_uk
2024-04-01,direct debit puregym <ref>,16.59,subscriptions,simulated_bank_transactions_uk
2023-05-14,pos morrisons eggs <ref>,143.97,groceries,simulated_bank_transactions_uk
2024-11-29,card pmt esso uber ride <ref>,147.11,transportation,simulated_bank_transactions_uk
2024-12-23,card payment boots online purchase <ref>,82.22,other,simulated_bank_transactions_uk
2024-01-21,food*delivery*just*eat*fast*food,112.45,dining,simulated_bank_transactions_uk
2023-03-15,online purchase hmrc misc expense <ref>,78.58,other,simulated_bank_transactions_uk
2024-10-24,mortgage payment landlor,949.12,housing,simulated_bank_transactions_uk
2024-02-21,fuel esso train ticket <ref>,114.53,transportation,simulated_bank_transactions_uk
2023-07-20,online purchase currys online purchase <ref>,101.66,other,simulated_bank_transactions_uk
2023-03-28,transport uber bus pass <ref>,35.45,transportation,simulated_bank_transactions_uk
2023-05-25,card pmt aldi milk,127.97,groceries,simulated_bank_transactions_uk
2024-09-07,card pmt costa food delivery,87.98,dining,simulated_bank_transactions_uk
2024-09-17,fuel bolt uber ride <ref>,145.13,transportation,simulated_bank_transactions_uk
2024-05-30,pos rent payment rent <ref>,1011.52,housing,simulated_bank_transactions_uk
2024-12-26,card payment boots misc expense,24.67,other,simulated_bank_transactions_uk
2024-01-21,food delivery greggs fast food,54.49,dining,simulated_bank_transactions_uk
2023-08-10,online purchase hmrc misc expense <ref>,10.17,other,simulated_bank_transactions_uk
2023-02-22,card card payment nando's fast food,64.0,dining,simulated_bank_transactions_uk
2023-10-16,direct-debit-sky <ref>,96.89,utilities,simulated_bank_transactions_uk
2024-01-22,pos utility bill sky <ref>,201.79,utilities,simulated_bank_transactions_uk
2024-11-21,bacs rent rent <ref>,1352.1,housing,simulated_bank_transactions_uk
2024-03-07,direct debit sever,126.74,utilities,simulated_bank_transactions_uk
2023-02-18,contactless asda rice,107.97,groceries,simulated_bank_transactions_uk
2024-04-02,food delivery pret restaurant 5104,126.22,dining,simulated_bank_transactions_uk
2024-04-17,bacs card pmt uber bus pass,130.36,transportation,simulated_bank_transactions_uk
2024-02-28,card payment mcdonalds fast food <ref>,28.44,dining,simulated_bank_transactions_uk
2024-07-05,card direct debit british gas,116.33,utilities,simulated_bank_transactions_uk
2024-07-21,transport trainline uber ride,77.89,transportation,simulated_bank_transactions_uk
2024-05-22,visa-subscription-apple.com/bill,14.27,subscriptions,simulated_bank_transactions_uk
2024-12-01,mastercard pos purchase ebay misc expense <ref>,93.15,other,simulated_bank_transactions_uk
2024-05-29,transport/trainline/train/ticket,141.32,transportation,simulated_bank_transactions_uk
2023-07-14,mortgage payment rent <ref>,1095.8,housing,simulated_bank_transactions_uk
2023-09-17,food delivery nando's food delivery 2542,70.58,dining,simulated_bank_transactions_uk
2023-09-03,card pmt ebay online purchase,144.46,other,simulated_bank_transactions_uk
2024-07-24,visa card pmt pret fast food <ref>,71.46,dining,simulated_bank_transactions_uk
2023-06-03,card payment just eat fast food 6569,6.68,dining,simulated_bank_transactions_uk
2023-12-30,contactless lidl rice <ref>,64.92,groceries,simulated_bank_transactions_uk
2023-12-26,card contactless lidl eggs <ref>,90.73,groceries,simulated_bank_transactions_uk
2024-04-27,utility bill o2 <ref>,99.76,utilities,simulated_bank_transactions_uk
2023-08-01,visa pos purchase boots online purchase <ref>,98.81,other,simulated_bank_transactions_uk
2023-02-03,card*pmt*asda*chicken <ref>,89.49,groceries,simulated_bank_transactions_uk
2023-02-04,bacs mortgage rent,988.87,housing,simulated_bank_transactions_uk
2024-01-01,online purchase argos misc expense <ref>,57.77,other,simulated_bank_transactions_uk
2023-09-27,bacs*mortgage*rent,1006.71,housing,simulated_bank_transactions_uk
2023-12-08,fuel shell train ticket <ref>,80.22,transportation,simulated_bank_transactions_uk
2023-07-04,bacs landlord rent <ref>,1078.74,housing,simulated_bank_transactions_uk
2023-02-02,utility bill thames water <ref>,124.56,utilities,simulated_bank_transactions_uk
2024-04-22,rent-payment-lettin,651.55,housing,simulated_bank_transactions_uk
2023-03-13,card pmt asda chicken,111.32,groceries,simulated_bank_transactions_uk
2023-11-12,contactless tesco vegetables <ref>,39.09,groceries,simulated_bank_transactions_uk
2023-03-22,so direct debit amazon prime,19.75,subscriptions,simulated_bank_transactions_uk
2024-08-28,card pmt spotify,22.57,subscriptions,simulated_bank_transactions_uk
2023-03-30,mortgage pmt letting agent,1991.07,housing,simulated_bank_transactions_uk
2023-08-09,card pmt netflix <ref>,16.14,subscriptions,simulated_bank_transactions_uk
2024-03-12,rent-pmt-rent,987.35,housing,simulated_bank_transactions_uk
2024-04-26,sto contactless asda eggs <ref>,110.33,groceries,simulated_bank_transactions_uk
2024-06-06,food-delivery-deliveroo-fast-food,138.73,dining,simulated_bank_transactions_uk
2023-10-15,mortgage pmt letting agent <ref>,1536.5,housing,simulated_bank_transactions_uk
2024-11-18,rent pmt rent <ref>,1176.25,housing,simulated_bank_transactions_uk
2024-09-20,mastercard mortgage payment letting agent,806.17,housing,simulated_bank_transactions_uk
2023-05-17,card payment waitrose vegetables,57.81,groceries,simulated_bank_transactions_uk
2024-09-06,transport*uber*fuel,53.43,transportation,simulated_bank_transactions_uk
2023-03-11,direct*debit*google**services,27.47,subscriptions,simulated_bank_transactions_uk
2024-12-09,card payment uber train ticket <ref>,106.1,transportation,simulated_bank_transactions_uk
2023-07-10,bill*pmt*o2,156.34,utilities,simulated_bank_transactions_uk
2023-01-18,restaurant*starbucks*fast*food <ref>,136.52,dining,simulated_bank_transactions_uk
2024-11-27,sto transport esso bus pass <ref>,126.21,transportation,simulated_bank_transactions_uk
2023-09-17,bill*pmt*e.on <ref>,64.22,utilities,simulated_bank_transactions_uk
2023-04-01,pos*waitrose*eggs <ref>,12.88,groceries,simulated_bank_transactions_uk
2023-11-11,subscription apple.com/bill <ref>,15.79,subscriptions,simulated_bank_transactions_uk
2024-08-27,restaurant-starbucks-restaurant <ref>,34.34,dining,simulated_bank_transactions_uk
2024-05-27,pos purchase ebay online purchase,40.24,other,simulated_bank_transactions_uk
2023-11-03,transport bp train ticket <ref>,41.39,transportation,simulated_bank_transactions_uk
2023-01-03,pos*purchase*superdrug*misc*expense,124.66,other,simulated_bank_transactions_uk
2023-01-18,bill*payment*e.on <ref>,92.05,utilities,simulated_bank_transactions_uk
2024-05-31,bacs*rent*pmt*landlord <ref>,916.3,housing,simulated_bank_transactions_uk
2024-01-01,restaurant pret food delivery <ref>,36.17,dining,simulated_bank_transactions_uk
2024-11-29,card pmt lidl chicken <ref>,137.62,groceries,simulated_bank_transactions_uk
2024-05-23,bacs*mortgage*rent <ref>,1895.94,housing,simulated_bank_transactions_uk
2023-04-03,card-pmt-mcdonalds-fast-food,17.04,dining,simulated_bank_transactions_uk
2023-01-09,utility bill thames water <ref>,178.35,utilities,simulated_bank_transactions_uk
2024-03-04,sto*utility*bill*ee <ref>,73.03,utilities,simulated_bank_transactions_uk
2023-03-22,card payment currys misc expense,81.57,other,simulated_bank_transactions_uk
2024-06-23,card payment bp trai,142.78,transportation,simulated_bank_transactions_uk
2024-12-11,card payment superdrug misc expense <ref>,96.74,other,simulated_bank_transactions_uk
2023-12-02,pos card payment waitrose rice,83.91,groceries,simulated_bank_transactions_uk
2024-06-19,visa-fuel-shell-uber-ride,121.9,transportation,simulated_bank_transactions_uk
2024-07-21,transport bp uber ride 4746,137.75,transportation,simulated_bank_transactions_uk
2024-06-15,bacs restaurant costa fast food,56.07,dining,simulated_bank_transactions_uk
2023-12-20,online*purchase*boots*online*purchase,58.39,other,simulated_bank_transactions_uk
2023-07-30,pos/purchase/nhs/online/purchase <ref>,34.62,other,simulated_bank_transactions_uk
2023-11-15,pos purchase argos online purchase <ref>,89.38,other,simulated_bank_transactions_uk
2023-02-12,direct debit netflix <ref>,36.2,subscriptions,simulated_bank_transactions_uk
2023-03-08,rent pmt mortgage <ref>,1944.72,housing,simulated_bank_transactions_uk
2023-07-13,pos purchase hmrc misc expense <ref>,130.32,other,simulated_bank_transactions_uk
2023-06-27,transport bp train ticket <ref>,106.43,transportation,simulated_bank_transactions_uk
2024-09-14,card payment shell train ticket,18.11,transportation,simulated_bank_transactions_uk
2023-09-05,transport/tfl/fuel <ref>,112.45,transportation,simulated_bank_transactions_uk
2023-04-15,card/pmt/argos/online/purchase <ref>,126.54,other,simulated_bank_transactions_uk
2023-07-17,direct debit e.on <ref>,64.04,utilities,simulated_bank_transactions_uk
2023-10-30,fuel*bp*uber*ride <ref>,148.55,transportation,simulated_bank_transactions_uk
2023-12-07,bacs letting agent rent <ref>,949.24,housing,simulated_bank_transactions_uk
2023-03-06,sto mortgage payment rent <ref>,1788.56,housing,simulated_bank_transactions_uk
2023-03-02,fuel shell train ticket,8.73,transportation,simulated_bank_transactions_uk
2024-04-05,bacs pos purchase ebay misc expense <ref>,46.63,other,simulated_bank_transactions_uk
2024-12-30,card*card*payment*nando's*food*delivery <ref>,15.93,dining,simulated_bank_transactions_uk
2024-02-22,pos iceland milk <ref>,93.65,groceries,simulated_bank_transactions_uk
2023-11-17,transport bolt bus pass,100.56,transportation,simulated_bank_transactions_uk
2024-12-25,transport bolt fuel,62.8,transportation,simulated_bank_transactions_uk
2023-11-09,food-delivery-starbucks-restaurant,113.15,dining,simulated_bank_transactions_uk
2024-07-25,fuel esso bus pass,20.59,transportation,simulated_bank_transactions_uk
2024-02-21,mortgage pmt mortgage <ref>,737.59,housing,simulated_bank_transactions_uk
2024-03-02,so subscription puregym <ref>,10.34,subscriptions,simulated_bank_transactions_uk
2023-04-16,so transport bolt uber ride <ref>,140.44,transportation,simulated_bank_transactions_uk
2024-12-12,pos card pmt waitrose rice,145.84,groceries,simulated_bank_transactions_uk
2024-09-22,rent payment landlord <ref>,1132.75,housing,simulated_bank_transactions_uk
2024-12-20,contactless iceland milk <ref>,11.65,groceries,simulated_bank_transactions_uk
2023-05-07,bacs rent rent,950.08,housing,simulated_bank_transactions_uk
2024-05-30,food delivery kfc food delivery <ref>,23.79,dining,simulated_bank_transactions_uk
2024-05-26,so direct debit thames water,169.22,utilities,simulated_bank_transactions_uk
2024-01-26,fuel bolt fuel 9689,28.06,transportation,simulated_bank_transactions_uk
2023-02-01,fps card pmt superdrug misc expense,143.33,other,simulated_bank_transactions_uk
2024-12-26,card payment puregym <ref>,22.38,subscriptions,simulated_bank_transactions_uk
2023-12-20,card pmt tesco vegetables <ref>,3.57,groceries,simulated_bank_transactions_uk
2024-10-10,direct debit spotify <ref>,32.99,subscriptions,simulated_bank_transactions_uk
2024-07-18,bacs rent rent <ref>,1664.09,housing,simulated_bank_transactions_uk
2023-05-30,mortgage-payment-letting-age,881.73,housing,simulated_bank_transactions_uk
2024-11-07,contactless iceland,144.14,groceries,simulated_bank_transactions_uk
2024-09-22,card/payment/starbucks/f,85.15,dining,simulated_bank_transactions_uk
2023-07-15,food delivery costa food delivery <ref>,21.94,dining,simulated_bank_transactions_uk
2023-12-25,direct/debit/gym/group,10.07,subscriptions,simulated_bank_transactions_uk
2023-02-15,card pmt asda eggs <ref>,52.2,groceries,simulated_bank_transactions_uk
2023-05-31,card payment bolt uber ride <ref>,106.86,transportation,simulated_bank_transactions_uk
2023-10-22,bacs mortgage rent,1132.14,housing,simulated_bank_transactions_uk
2023-07-06,card*payment*netflix <ref>,37.74,subscriptions,simulated_bank_transactions_uk
2024-01-03,card pmt tfl uber ride,64.52,transportation,simulated_bank_transactions_uk
2023-09-27,card pmt boots misc expense,133.3,other,simulated_bank_transactions_uk
2024-09-13,restaurant mcdonalds fast food,104.81,dining,simulated_bank_transactions_uk
2023-01-24,transport shell uber ride <ref>,108.55,transportation,simulated_bank_transactions_uk
2024-08-21,fuel*trainline*uber*ride <ref>,96.28,transportation,simulated_bank_transactions_uk
2023-09-23,subscription gym group <ref>,38.7,subscriptions,simulated_bank_transactions_uk
2024-10-04,bill payment sky <ref>,115.56,utilities,simulated_bank_transactions_uk
2023-05-18,pos purchase currys misc expense <ref>,66.42,other,simulated_bank_transactions_uk
2024-03-29,visa bill pmt ee <ref>,233.88,utilities,simulated_bank_transactions_uk
2024-09-20,mortgage*pmt*mortgage 54,1576.16,housing,simulated_bank_transactions_uk
2023-02-23,card payment amazon prime,18.63,subscriptions,simulated_bank_transactions_uk
2023-05-22,card restaurant kfc food delivery,21.81,dining,simulated_bank_transactions_uk
2023-04-11,pos purchase boots online purchase <ref>,133.05,other,simulated_bank_transactions_uk
2023-01-10,card pmt nhs online purchase <ref>,84.73,other,simulated_bank_transactions_uk
2023-10-11,card*pmt*bp*fuel 17,125.11,transportation,simulated_bank_transactions_uk
2024-08-14,mastercard bacs landlord rent,711.5,housing,simulated_bank_transactions_uk
2023-12-04,subscription google *services <ref>,5.58,subscriptions,simulated_bank_transactions_uk
2024-06-17,card pmt lidl vegetables,110.35,groceries,simulated_bank_transactions_uk
2024-08-06,direct debit gym group,24.6,subscriptions,simulated_bank_transactions_uk
2024-12-29,transport esso bus pass <ref>,13.79,transportation,simulated_bank_transactions_uk
2024-07-30,online/purchase/superdrug/online/purchase,41.16,other,simulated_bank_transactions_uk
2024-03-27,bacs mortgage rent,926.7,housing,simulated_bank_transactions_uk
2024-02-23,bill pmt ee <ref>,224.2,utilities,simulated_bank_transactions_uk
2024-07-31,food delivery just eat restaurant <ref>,97.02,dining,simulated_bank_transactions_uk
2024-02-08,sto fuel trainline train ticket <ref>,21.54,transportation,simulated_bank_transactions_uk
2023-09-19,bacs restaurant uber eats restaura,121.75,dining,simulated_bank_transactions_uk
2024-06-25,pos purchase amazon misc expense <ref>,122.76,other,simulated_bank_transactions_uk
2024-12-06,bacs*mortgage*rent,1064.42,housing,simulated_bank_transactions_uk
2024-11-10,rent/pmt/mortgage,833.52,housing,simulated_bank_transactions_uk
2023-06-18,rent*payment*letting*agent <ref>,822.39,housing,simulated_bank_transactions_uk
2023-08-12,mortgage payment letting agent <ref>,755.1,housing,simulated_bank_transactions_uk
2024-06-06,utility bill e.on <ref>,39.18,utilities,simulated_bank_transactions_uk
2024-11-28,direct debit amazon prime,30.46,subscriptions,simulated_bank_transactions_uk
2024-02-24,visa card payment hmrc misc expense <ref>,74.29,other,simulated_bank_transactions_uk
2024-02-13,direct*debit*bacs*letting*agent*rent <ref>,1455.14,housing,simulated_bank_transactions_uk
2023-08-13,card payment bolt bus pass <ref>,120.85,transportation,simulated_bank_transactions_uk
2024-08-11,card payment kfc fast food <ref>,110.91,dining,simulated_bank_transactions_uk
2023-03-23,fuel uber fuel,52.2,transportation,simulated_bank_transactions_uk
2024-05-04,direct-debit-o2 <ref>,47.86,utilities,simulated_bank_transactions_uk
2024-12-27,transport uber bus,103.5,transportation,simulated_bank_transactions_uk
2024-12-17,transport tfl train ticket <ref>,138.79,transportation,simulated_bank_transactions_uk
2023-10-11,card pmt puregym,29.8,subscriptions,simulated_bank_transactions_uk
2024-10-13,pos tesco vegetables <ref>,12.46,groceries,simulated_bank_transactions_uk
2023-06-10,pos*card*pmt*national*rail*fuel,103.53,transportation,simulated_bank_transactions_uk
2023-05-04,contactless card pmt costa fast food,50.51,dining,simulated_bank_transactions_uk
2024-09-25,pos purchase argos online purchase,119.12,other,simulated_bank_transactions_uk
2023-08-18,card payment mcdonalds fast food,40.8,dining,simulated_bank_transactions_uk
2023-11-22,fps card payment uber fuel <ref>,55.27,transportation,simulated_bank_transactions_uk
2024-03-22,pos*iceland*eggs <ref>,117.46,groceries,simulated_bank_transactions_uk
2024-03-27,fuel esso uber ride <ref>,92.87,transportation,simulated_bank_transactions_uk
2023-01-09,visa*direct*debit*netflix <ref>,37.74,subscriptions,simulated_bank_transactions_uk
2023-07-31,card pmt superdrug online purchase <ref>,86.16,other,simulated_bank_transactions_uk
2023-04-23,card payment national rail train ticket <ref>,11.97,transportation,simulated_bank_transactions_uk
2023-03-29,card*card*pmt*deliveroo*restaurant,126.06,dining,simulated_bank_transactions_uk
2024-10-29,pos purchase boots misc expense,87.61,other,simulated_bank_transactions_uk
2023-05-10,mortgage/payment/letting/agent <ref>,993.09,housing,simulated_bank_transactions_uk
2023-08-09,subscription*puregym <ref>,32.72,subscriptions,simulated_bank_transactions_uk
2024-02-25,fuel esso train ticket <ref>,73.5,transportation,simulated_bank_transactions_uk
2023-09-18,subscription amazon prime,23.2,subscriptions,simulated_bank_transactions_uk
2023-03-26,restaurant nando's food deliv,105.04,dining,simulated_bank_transactions_uk
2023-07-28,contactless*card*payment*currys*online*purchase <ref>,43.37,other,simulated_bank_transactions_uk
2023-12-08,bill payment scottishpower <ref>,45.84,utilities,simulated_bank_transactions_uk
2023-09-05,so-online-purchase-argos-online-purchase,67.48,other,simulated_bank_transactions_uk
2024-05-12,direct debit fuel national rail fuel <ref>,61.84,transportation,simulated_bank_transactions_uk
2023-10-07,contactless sainsburys eggs <ref>,50.97,groceries,simulated_bank_transactions_uk
2024-08-22,card/pmt/starbucks/restaurant <ref>,53.72,dining,simulated_bank_transactions_uk
2024-05-11,direct/debit/british/gas,225.92,utilities,simulated_bank_transactions_uk
2024-02-17,pos purchase amazon misc expense <ref>,139.92,other,simulated_bank_transactions_uk
2023-12-07,pos rent payment landlord,667.31,housing,simulated_bank_transactions_uk
2023-11-03,fps/rent/payment/land,1575.47,housing,simulated_bank_transactions_uk
2023-06-06,fps subscription netflix <ref>,25.98,subscriptions,simulated_bank_transactions_uk
2024-11-30,bacs rent rent <ref>,1634.44,housing,simulated_bank_transactions_uk
2023-03-29,mastercard*direct*debit*e.on,67.56,utilities,simulated_bank_transactions_uk
2024-10-26,fuel tfl bus pass <ref>,109.23,transportation,simulated_bank_transactions_uk
2023-01-21,online purchase nhs online purchase,84.89,other,simulated_bank_transactions_uk
2024-07-16,rent pmt rent,1824.65,housing,simulated_bank_transactions_uk
2024-03-02,direct debit vodafone <ref>,114.98,utilities,simulated_bank_transactions_uk
2024-01-15,transport trainline train ticket <ref>,141.53,transportation,simulated_bank_transactions_uk
2023-10-01,food delivery uber eats fast food,97.28,dining,simulated_bank_transactions_uk
2024-07-28,sto card pmt bolt fuel <ref>,3.37,transportation,simulated_bank_transactions_uk
2023-03-26,card-pmt-amazon-prime <ref>,34.05,subscriptions,simulated_bank_transactions_uk
2024-05-09,rent pmt rent <ref>,690.54,housing,simulated_bank_transactions_uk
2024-08-09,card pmt esso bus pass <ref>,13.07,transportation,simulated_bank_transactions_uk
2024-09-10,visa rent pmt rent,1710.85,housing,simulated_bank_transactions_uk
2024-11-19,online*purchase*currys*online*purchase <ref>,52.84,other,simulated_bank_transactions_uk
2024-09-26,pos morrisons rice <ref>,137.89,groceries,simulated_bank_transactions_uk
2023-09-08,subscription-google-*services <ref>,28.55,subscriptions,simulated_bank_transactions_uk
2023-10-06,card payment gym group <ref>,24.96,subscriptions,simulated_bank_transactions_uk
2024-01-24,card-payment-just-eat-fast-food,66.85,dining,simulated_bank_transactions_uk
2023-02-07,card payment superdrug misc expense <ref>,88.61,other,simulated_bank_transactions_uk
2023-11-07,bacs food delivery uber eats restaurant <ref>,56.16,dining,simulated_bank_transactions_uk
2024-10-15,so bacs mortgage rent <ref>,1591.71,housing,simulated_bank_transactions_uk
2024-03-18,visa online purchase argos misc expense <ref>,35.73,other,simulated_bank_transactions_uk
2024-02-25,subscription apple.com/bil,8.56,subscriptions,simulated_bank_transactions_uk
2023-01-03,pos purchase boots online purchase,142.76,other,simulated_bank_transactions_uk
2023-02-25,card pmt amazon misc expense <ref>,115.85,other,simulated_bank_transactions_uk
2024-12-11,visa restaurant kfc fast food <ref>,142.15,dining,simulated_bank_transactions_uk
2024-01-04,utility*bill*vodafone <ref>,106.07,utilities,simulated_bank_transactions_uk
2024-11-10,card payment netflix,39.79,subscriptions,simulated_bank_transactions_uk
2023-12-08,card payment asda milk <ref>,21.09,groceries,simulated_bank_transactions_uk
2023-10-22,pos rent payment letting agent,1802.33,housing,simulated_bank_transactions_uk
2024-11-06,direct debit apple.com/bill <ref>,7.51,subscriptions,simulated_bank_transactions_uk
2023-12-27,transport tfl fuel <ref>,22.62,transportation,simulated_bank_transactions_uk
2023-12-11,mastercard transport tfl fuel <ref>,144.4,transportation,simulated_bank_transactions_uk
2023-12-17,food delivery deliveroo fast food <ref>,18.27,dining,simulated_bank_transactions_uk
2024-02-07,visa fuel bp fuel <ref>,48.43,transportation,simulated_bank_transactions_uk
2023-08-08,card pmt puregym <ref>,18.09,subscriptions,simulated_bank_transactions_uk
2023-05-29,subscription/spotify,13.32,subscriptions,simulated_bank_transactions_uk
2023-01-19,card payment netflix <ref>,17.23,subscriptions,simulated_bank_transactions_uk
2024-09-04,online purchase ebay misc expense <ref>,74.44,other,simulated_bank_transactions_uk
2024-05-28,transport trainline fuel <ref>,56.23,transportation,simulated_bank_transactions_uk
2023-02-15,contactless sainsburys vegetables,63.09,groceries,simulated_bank_transactions_uk
2023-07-18,bill-pmt-scottishpower <ref>,55.86,utilities,simulated_bank_transactions_uk
2024-11-01,card payment uber eats restaurant,38.04,dining,simulated_bank_transactions_uk
2023-11-04,pos purchase currys misc expense <ref>,68.27,other,simulated_bank_transactions_uk
2024-02-15,pos pos lidl rice <ref>,17.96,groceries,simulated_bank_transactions_uk
2023-04-09,bacs card payment amazon misc expense <ref>,96.14,other,simulated_bank_transactions_uk
2024-05-15,card pmt national rail fuel <ref>,101.41,transportation,simulated_bank_transactions_uk
2023-12-24,pos bacs mortgage rent <ref>,774.28,housing,simulated_bank_transactions_uk
2024-06-14,rent payment letting agent <ref>,1992.57,housing,simulated_bank_transactions_uk
2024-02-17,fps-mortgage-payment-mortgage <ref>,996.76,housing,simulated_bank_transactions_uk
2023-07-15,card pmt morrisons milk <ref>,70.84,groceries,simulated_bank_transactions_uk
2023-12-23,contactless card pmt apple.com/bill 864,7.72,subscriptions,simulated_bank_transactions_uk
2023-04-18,card-pmt-apple.com/bill <ref>,34.62,subscriptions,simulated_bank_transactions_uk
2024-01-28,card payment mcdonalds food delivery <ref>,8.18,dining,simulated_bank_transactions_uk
2023-10-04,food delivery starbucks food delivery <ref>,119.21,dining,simulated_bank_transactions_uk
2024-09-03,direct debit puregym,20.14,subscriptions,simulated_bank_transactions_uk
2024-12-21,bill*payment*scottishpower <ref>,51.53,utilities,simulated_bank_transactions_uk
2023-08-31,bill payment bt <ref>,110.34,utilities,simulated_bank_transactions_uk
2023-12-28,sto mortgage pmt letting agent <ref>,1547.6,housing,simulated_bank_transactions_uk
2024-11-20,utility bill vodafone <ref>,82.83,utilities,simulated_bank_transactions_uk
2024-08-31,online-purchase-argos-misc-expense <ref>,106.37,other,simulated_bank_transactions_uk
2024-04-10,card card pmt just eat restaurant <ref>,74.89,dining,simulated_bank_transactions_uk
2023-03-29,bill pmt severn trent <ref>,77.17,utilities,simulated_bank_transactions_uk
2023-07-18,bill payment octopus energy <ref>,210.46,utilities,simulated_bank_transactions_uk
2024-09-10,card/pmt/puregym,11.63,subscriptions,simulated_bank_transactions_uk
2024-10-12,card payment just eat fast food <ref>,27.25,dining,simulated_bank_transactions_uk
2024-11-19,fuel trainline train ticket <ref>,66.54,transportation,simulated_bank_transactions_uk
2024-08-04,utility bill octopus energy <ref>,199.82,utilities,simulated_bank_transactions_uk
2023-03-06,food delivery starbucks fast food <ref>,115.99,dining,simulated_bank_transactions_uk
2024-12-21,so rent pmt mortgage <ref>,631.29,housing,simulated_bank_transactions_uk
2024-04-12,card pmt boots online purchase 6456,100.64,other,simulated_bank_transactions_uk
2024-03-23,mortgage payment mortgage <ref>,1683.85,housing,simulated_bank_transactions_uk
2023-06-07,online/purchase/boots/misc/expense,85.43,other,simulated_bank_transactions_uk
2023-12-17,so card pmt pret restaurant <ref>,78.51,dining,simulated_bank_transactions_uk
2024-08-28,utility bill e.on <ref>,190.48,utilities,simulated_bank_transactions_uk
2024-06-02,fps card payment esso uber ride <ref>,23.8,transportation,simulated_bank_transactions_uk
2024-08-20,card payment boots misc expense,66.09,other,simulated_bank_transactions_uk
2024-11-19,card/pmt/lidl/milk <ref>,122.11,groceries,simulated_bank_transactions_uk
2023-09-28,direct debit e.on <ref>,66.57,utilities,simulated_bank_transactions_uk
2024-01-22,pos*rent*pmt*landlord <ref>,822.69,housing,simulated_bank_transactions_uk
2024-10-19,contactless waitrose milk,89.08,groceries,simulated_bank_transactions_uk
2023-12-08,card payment spotify <ref>,10.14,subscriptions,simulated_bank_transactions_uk
2023-11-23,pos purchase argos misc expense <ref>,60.96,other,simulated_bank_transactions_uk
2023-10-07,card/payment/costa/fast/food <ref>,95.49,dining,simulated_bank_transactions_uk
2023-07-05,card payment just eat fast food <ref>,105.91,dining,simulated_bank_transactions_uk
2023-03-20,card pmt trainline bus pass <ref>,44.18,transportation,simulated_bank_transactions_uk
2024-12-05,so pos iceland chicken <ref>,17.34,groceries,simulated_bank_transactions_uk
2023-12-17,subscription amazon prime <ref>,36.68,subscriptions,simulated_bank_transactions_uk
2024-04-05,sto card pmt lidl bread <ref>,59.16,groceries,simulated_bank_transactions_uk
2023-07-31,bacs direct debit severn trent <ref>,61.76,utilities,simulated_bank_transactions_uk
2024-08-30,direct debit google *services <ref>,8.51,subscriptions,simulated_bank_transactions_uk
2024-06-09,utility-bill-sky <ref>,188.9,utilities,simulated_bank_transactions_uk
2023-10-14,direct debit card payment shell uber ride,81.95,transportation,simulated_bank_transactions_uk
2023-09-24,card payment boots misc expense <ref>,141.05,other,simulated_bank_transactions_uk
2023-01-29,fps card payment mcdonalds food delivery,22.78,dining,simulated_bank_transactions_uk
2023-09-07,pos morrisons eggs <ref>,100.3,groceries,simulated_bank_transactions_uk
2023-04-10,direct debit vodafone <ref>,244.45,utilities,simulated_bank_transactions_uk
2024-07-08,pos morrisons bread <ref>,68.11,groceries,simulated_bank_transactions_uk
2024-05-08,visa utility bill severn trent <ref>,30.36,utilities,simulated_bank_transactions_uk
2024-04-24,pos purchase currys misc expense <ref>,138.26,other,simulated_bank_transactions_uk
2023-01-11,food/delivery/starbucks/restaurant <ref>,110.65,dining,simulated_bank_transactions_uk
2024-03-21,food delivery kfc food delivery <ref>,100.76,dining,simulated_bank_transactions_uk
2024-04-21,contactless morrisons chicken <ref>,37.87,groceries,simulated_bank_transactions_uk
2024-01-18,restaurant nando's restaurant,111.85,dining,simulated_bank_transactions_uk
2024-05-09,bacs card payment morrisons rice <ref>,64.9,groceries,simulated_bank_transactions_uk
2023-04-07,fps*rent*payment*rent <ref>,859.76,housing,simulated_bank_transactions_uk
2024-07-12,food delivery just eat restaurant <ref>,9.14,dining,simulated_bank_transactions_uk
2023-11-03,subscription puregym <ref>,6.73,subscriptions,simulated_bank_transactions_uk
2024-08-11,pos lidl chicken,60.32,groceries,simulated_bank_transactions_uk
2023-06-15,visa*direct*debit*e.on <ref>,211.96,utilities,simulated_bank_transactions_uk
2024-02-15,mastercard food delivery kfc fast,99.19,dining,simulated_bank_transactions_uk
2023-04-22,fuel tfl fuel <ref>,71.69,transportation,simulated_bank_transactions_uk
2024-12-02,card payment disney+,6.3,subscriptions,simulated_bank_transactions_uk
2023-01-21,visa online purchase hmrc online purchase <ref>,92.56,other,simulated_bank_transactions_uk
2024-08-05,card payment greggs fast foo,120.02,dining,simulated_bank_transactions_uk
2024-05-13,contactless iceland chicken <ref>,108.74,groceries,simulated_bank_transactions_uk
2024-11-08,contactless mortgage pmt landlord,782.96,housing,simulated_bank_transactions_uk
2024-04-06,card*pmt*sainsburys*vegetables <ref>,144.32,groceries,simulated_bank_transactions_uk
2024-01-18,bacs mortgage rent <ref>,696.81,housing,simulated_bank_transactions_uk
2024-07-11,direct debit direct debit amazon prime <ref>,18.9,subscriptions,simulated_bank_transactions_uk
2023-10-11,pos bill payment octopus energy 7189,32.37,utilities,simulated_bank_transactions_uk
2023-03-10,pos-bill-payment-severn-trent <ref>,232.9,utilities,simulated_bank_transactions_uk
2023-05-22,contactless*card*payment*disney+ <ref>,18.93,subscriptions,simulated_bank_transactions_uk
2024-02-16,card payment boots misc expense,143.03,other,simulated_bank_transactions_uk
2023-04-26,pos purchase nhs online purchase <ref>,23.67,other,simulated_bank_transactions_uk
2023-01-26,so restaurant kfc food delivery <ref>,111.04,dining,simulated_bank_transactions_uk
2023-10-10,mastercard card payment amazon prime <ref>,17.84,subscriptions,simulated_bank_transactions_uk
2024-09-09,direct debit disney+ <ref>,34.51,subscriptions,simulated_bank_transactions_uk
2023-08-25,direct debit vodafone <ref>,110.97,utilities,simulated_bank_transactions_uk
2024-09-28,online purchase superdrug misc expense <ref>,31.24,other,simulated_bank_transactions_uk
2023-09-03,rent payment rent <ref>,1106.92,housing,simulated_bank_transactions_uk
2024-05-06,pos-purchase-argos-misc-expense,128.14,other,simulated_bank_transactions_uk
2024-01-22,fps transport national rail bus pass <ref>,137.99,transportation,simulated_bank_transactions_uk
2023-05-06,contactless subscription spotify,29.71,subscriptions,simulated_bank_transactions_uk
2023-11-08,fps pos waitrose bread,110.96,groceries,simulated_bank_transactions_uk
2024-07-10,card pmt asda milk,25.13,groceries,simulated_bank_transactions_uk
2024-06-09,direct debit british gas <ref>,102.69,utilities,simulated_bank_transactions_uk
2023-08-14,mastercard bacs rent rent <ref>,616.71,housing,simulated_bank_transactions_uk
2024-05-19,fuel tfl fuel,17.7,transportation,simulated_bank_transactions_uk
2023-07-16,sto pos sainsburys rice <ref>,105.79,groceries,simulated_bank_transactions_uk
2024-04-07,sto card pmt morrisons eggs <ref>,63.39,groceries,simulated_bank_transactions_uk
2023-05-13,pos waitrose chicken,47.61,groceries,simulated_bank_transactions_uk
2023-04-06,card-transport-esso-fuel <ref>,3.71,transportation,simulated_bank_transactions_uk
2023-08-26,restaurant-deliveroo-fast-food,82.51,dining,simulated_bank_transactions_uk
2024-04-03,pos purchase currys misc expense <ref>,33.7,other,simulated_bank_transactions_uk
2024-07-24,restaurant costa food delivery,41.05,dining,simulated_bank_transactions_uk
2024-11-14,visa/restaurant/kfc/fast/food <ref>,70.25,dining,simulated_bank_transactions_uk
2023-10-14,sto card payment just eat restaurant 6,4.38,dining,simulated_bank_transactions_uk
2024-08-24,direct debit bill payment sky <ref>,239.92,utilities,simulated_bank_transactions_uk
2024-11-15,pos purchase currys misc expense <ref>,102.42,other,simulated_bank_transactions_uk
2024-10-16,online/purchase/argos/online/purchase <ref>,126.89,other,simulated_bank_transactions_uk
2023-02-15,pos purchase superdrug misc expense,114.76,other,simulated_bank_transactions_uk
2024-03-06,utility bill british gas <ref>,157.63,utilities,simulated_bank_transactions_uk
2024-05-26,rent pmt mortgage,1656.9,housing,simulated_bank_transactions_uk
2023-01-01,card/pmt/uber/bus/pass <ref>,20.1,transportation,simulated_bank_transactions_uk
2023-02-14,card-pmt-bolt-bus-pass <ref>,134.85,transportation,simulated_bank_transactions_uk
2023-08-11,direct debit spotify <ref>,39.41,subscriptions,simulated_bank_transactions_uk
2023-12-19,online purchase amazon online purchase <ref>,82.59,other,simulated_bank_transactions_uk
2023-10-24,restaurant pret restaurant <ref>,128.9,dining,simulated_bank_transactions_uk
2024-08-20,sto/bill/payment/british/gas <ref>,160.76,utilities,simulated_bank_transactions_uk
2024-02-28,transport esso bus pass <ref>,121.0,transportation,simulated_bank_transactions_uk
2023-02-22,mastercard online purchase amazon online purchase <ref>,18.46,other,simulated_bank_transactions_uk
2023-11-11,contactless restaurant starbucks food delivery <ref>,72.48,dining,simulated_bank_transactions_uk
2023-12-26,card pmt nando's fast food <ref>,45.62,dining,simulated_bank_transactions_uk
2024-06-08,card pmt costa fast food <ref>,70.82,dining,simulated_bank_transactions_uk
2024-08-13,direct debit spotify <ref>,18.56,subscriptions,simulated_bank_transactions_uk
2024-11-27,bill pmt bt <ref>,89.04,utilities,simulated_bank_transactions_uk
2024-09-15,contactless tesco bread <ref>,88.26,groceries,simulated_bank_transactions_uk
2023-12-24,direct debit disney+ <ref>,18.31,subscriptions,simulated_bank_transactions_uk
2024-08-27,pos bacs letting agent rent,1207.42,housing,simulated_bank_transactions_uk
2024-02-22,rent payment landlord <ref>,1935.4,housing,simulated_bank_transactions_uk
2024-02-24,contactless/asda/bread <ref>,79.35,groceries,simulated_bank_transactions_uk
2024-03-29,mastercard/online/purchase/argos/misc/expense <ref>,7.96,other,simulated_bank_transactions_uk
2024-01-19,restaurant/greggs/fast/food <ref>,67.54,dining,simulated_bank_transactions_uk
2023-07-30,card-pmt-mcdonalds-restaurant,114.26,dining,simulated_bank_transactions_uk
2024-01-21,card pmt disney+,19.22,subscriptions,simulated_bank_transactions_uk
2024-03-30,direct debit bt <ref>,70.42,utilities,simulated_bank_transactions_uk
2023-02-26,card pmt sainsburys vegetables 7401,118.44,groceries,simulated_bank_transactions_uk
2023-05-07,bacs card pmt pret restaurant <ref>,148.29,dining,simulated_bank_transactions_uk
2023-02-03,mastercard direct debit bt,175.35,utilities,simulated_bank_transactions_uk
2024-10-30,food delivery starbucks food delivery,145.12,dining,simulated_bank_transactions_uk
2024-12-01,bill*pmt*bt <ref>,81.0,utilities,simulated_bank_transactions_uk
2023-05-27,pos-purchase-amazon-online-purchase <ref>,10.63,other,simulated_bank_transactions_uk
2024-02-15,direct debit thames water <ref>,113.4,utilities,simulated_bank_transactions_uk
2024-01-22,sto pos purchase nhs online purchase <ref>,125.67,other,simulated_bank_transactions_uk
2023-01-03,subscription-gym-group,28.8,subscriptions,simulated_bank_transactions_uk
2023-05-14,food delivery nando's food delivery,53.54,dining,simulated_bank_transactions_uk
2023-11-27,sto utility bill thames water <ref>,223.59,utilities,simulated_bank_transactions_uk
2023-04-03,pos purchase ebay online purchase <ref>,91.02,other,simulated_bank_transactions_uk
2023-02-19,fps utility bill british gas <ref>,187.39,utilities,simulated_bank_transactions_uk
2023-09-29,pos iceland rice <ref>,129.64,groceries,simulated_bank_transactions_uk
2024-05-05,card payment bp bus pass,45.23,transportation,simulated_bank_transactions_uk
2023-04-30,fps online purchase currys misc expe,39.08,other,simulated_bank_transactions_uk
2023-01-11,mastercard card payment google *services <ref>,32.98,subscriptions,simulated_bank_transactions_uk
2023-11-15,transport trainline train ticket,56.23,transportation,simulated_bank_transactions_uk
2024-02-25,direct*debit*direct*debit*sky,244.37,utilities,simulated_bank_transactions_uk
2024-01-09,card/payment/ebay/misc/expense <ref>,145.68,other,simulated_bank_transactions_uk
2024-03-10,transport*bp*uber*ride <ref>,73.51,transportation,simulated_bank_transactions_uk
2024-02-11,subscription/gym/group,20.63,subscriptions,simulated_bank_transactions_uk
2023-08-23,card pmt lidl vegetables <ref>,29.52,groceries,simulated_bank_transactions_uk
2023-03-18,bacs*rent*rent,948.75,housing,simulated_bank_transactions_uk
2023-04-06,restaurant greggs restaurant <ref>,135.59,dining,simulated_bank_transactions_uk
2024-02-29,subscription netflix <ref>,24.61,subscriptions,simulated_bank_transactions_uk
2024-06-21,bill pmt e.on,133.83,utilities,simulated_bank_transactions_uk
2024-06-15,pos*purchase*superdrug*misc*expense <ref>,26.44,other,simulated_bank_transactions_uk
2024-12-17,card pmt pret restaurant <ref>,124.48,dining,simulated_bank_transactions_uk
2023-11-14,card payment asda eggs,120.81,groceries,simulated_bank_transactions_uk
2023-04-26,direct debit disney+ <ref>,11.08,subscriptions,simulated_bank_transactions_uk
2023-11-14,restaurant uber eats food delivery <ref>,87.88,dining,simulated_bank_transactions_uk
2023-08-29,fuel national rail uber ride,65.79,transportation,simulated_bank_transactions_uk
2024-04-27,direct debit thames water <ref>,141.44,utilities,simulated_bank_transactions_uk
2024-12-19,sto contactless asda milk <ref>,50.65,groceries,simulated_bank_transactions_uk
2023-11-16,pos*iceland*bread <ref>,80.48,groceries,simulated_bank_transactions_uk
2023-01-22,fuel bolt uber ride <ref>,25.06,transportation,simulated_bank_transactions_uk
2023-01-04,bill payment vodafone <ref>,174.34,utilities,simulated_bank_transactions_uk
2024-01-05,sto contactless iceland vegetable,133.45,groceries,simulated_bank_transactions_uk
2023-03-10,card*pmt*tfl*bus*pass,142.23,transportation,simulated_bank_transactions_uk
2024-09-26,restaurant deliveroo fast food <ref>,80.88,dining,simulated_bank_transactions_uk
2024-02-20,bill pmt scottishpower <ref>,225.37,utilities,simulated_bank_transactions_uk
2023-11-24,card-restaurant-greggs-resta,131.54,dining,simulated_bank_transactions_uk
2024-02-20,rent payment landlord <ref>,1097.72,housing,simulated_bank_transactions_uk
2023-02-22,bacs rent rent <ref>,839.13,housing,simulated_bank_transactions_uk
2023-12-16,direct debit ee <ref>,147.6,utilities,simulated_bank_transactions_uk
2024-08-09,fuel tfl train ticket <ref>,32.64,transportation,simulated_bank_transactions_uk
2023-09-01,card payment trainline fuel,23.84,transportation,simulated_bank_transactions_uk
2023-01-11,contactless rent payment mortgage <ref>,1590.1,housing,simulated_bank_transactions_uk
2023-09-23,so card pmt mcdonalds restaurant,119.96,dining,simulated_bank_transactions_uk
2023-06-07,fuel*esso*fuel <ref>,146.74,transportation,simulated_bank_transactions_uk
2024-11-10,utility bill bt,46.61,utilities,simulated_bank_transactions_uk
2024-10-11,card payment puregym,8.49,subscriptions,simulated_bank_transactions_uk
2023-02-15,card pmt just eat restaurant <ref>,17.06,dining,simulated_bank_transactions_uk
2024-05-09,card rent pmt rent,1294.89,housing,simulated_bank_transactions_uk
2023-03-17,bacs*rent*rent <ref>,780.78,housing,simulated_bank_transactions_uk
2023-06-08,fps card pmt disney+,34.69,subscriptions,simulated_bank_transactions_uk
2023-08-21,subscription apple.com/bill <ref>,9.42,subscriptions,simulated_bank_transactions_uk
2023-01-04,bacs landlord rent <ref>,1229.95,housing,simulated_bank_transactions_uk
2023-07-22,pos purchase nhs misc expense,87.58,other,simulated_bank_transactions_uk
2024-06-01,pos purchase argos misc expense <ref>,89.07,other,simulated_bank_transactions_uk
2024-10-08,utility bill bt <ref>,242.23,utilities,simulated_bank_transactions_uk
2023-03-21,transport bolt bus pass,122.15,transportation,simulated_bank_transactions_uk
2024-10-23,food*delivery*pret*restaurant <ref>,120.9,dining,simulated_bank_transactions_uk
2023-06-18,food delivery kfc restaurant <ref>,44.52,dining,simulated_bank_transactions_uk
2024-04-15,card payment morrisons rice <ref>,52.13,groceries,simulated_bank_transactions_uk
2023-11-14,transport national rail uber ride 2,149.25,transportation,simulated_bank_transactions_uk
2023-09-01,fps-utility-bill-octopus-energy <ref>,132.9,utilities,simulated_bank_transactions_uk
2024-09-07,visa direct debit gym group,9.56,subscriptions,simulated_bank_transactions_uk
2023-09-01,pos iceland chicken,139.07,groceries,simulated_bank_transactions_uk
2024-04-26,rent pmt rent <ref>,1514.39,housing,simulated_bank_transactions_uk
2024-03-20,bacs letting agent rent <ref>,1893.61,housing,simulated_bank_transactions_uk
2023-09-22,contactless mortgage pmt landl,1834.62,housing,simulated_bank_transactions_uk
2023-07-22,fuel esso train ticket <ref>,96.4,transportation,simulated_bank_transactions_uk
2024-04-18,mortgage pmt landlord <ref>,1471.69,housing,simulated_bank_transactions_uk
2024-01-21,subscription-disney+ <ref>,39.11,subscriptions,simulated_bank_transactions_uk
2024-02-20,so card pmt bp fuel <ref>,19.22,transportation,simulated_bank_transactions_uk
2024-06-14,online purchase nhs misc expense,35.75,other,simulated_bank_transactions_uk
2024-09-20,pos*purchase*amazon*online*purchase <ref>,125.73,other,simulated_bank_transactions_uk
2024-06-30,subscription disney+ <ref>,12.92,subscriptions,simulated_bank_transactions_uk
2024-04-27,mortgage payment rent,775.51,housing,simulated_bank_transactions_uk
2023-02-21,subscription netflix,26.93,subscriptions,simulated_bank_transactions_uk
2024-12-16,direct-debit-gym-group,7.3,subscriptions,simulated_bank_transactions_uk
2024-03-01,card payment trainline fuel <ref>,36.52,transportation,simulated_bank_transactions_uk
2024-12-12,bacs utility bill severn trent,119.21,utilities,simulated_bank_transactions_uk
2023-09-25,online purchase ebay online purchase <ref>,21.51,other,simulated_bank_transactions_uk
2024-09-05,subscription-disney+,12.73,subscriptions,simulated_bank_transactions_uk
2023-10-02,bill pmt ee <ref>,48.6,utilities,simulated_bank_transactions_uk
2024-11-26,card payment hmrc online purchase <ref>,137.12,other,simulated_bank_transactions_uk
2023-04-22,transport-uber-train-ticket,71.61,transportation,simulated_bank_transactions_uk
2023-07-06,card/rent/pmt/letting/agent,858.09,housing,simulated_bank_transactions_uk
2023-09-22,food delivery mcdonalds fast food,136.98,dining,simulated_bank_transactions_uk
2023-01-14,food-delivery-pret-fast-food 8754,64.9,dining,simulated_bank_transactions_uk
2023-09-30,pos asda vegetables <ref>,12.67,groceries,simulated_bank_transactions_uk
2024-06-24,utility bill thames water,102.59,utilities,simulated_bank_transactions_uk
2023-06-11,rent pmt rent <ref>,1028.64,housing,simulated_bank_transactions_uk
2024-10-24,card payment netflix,34.19,subscriptions,simulated_bank_transactions_uk
2024-12-01,online purchase ebay misc expense,93.62,other,simulated_bank_transactions_uk
2024-05-03,card*card*payment*deliveroo*food*delivery,73.75,dining,simulated_bank_transactions_uk
2023-09-13,card*pmt*amazon*online*purchase <ref>,147.49,other,simulated_bank_transactions_uk
2023-06-20,visa-pos-purchase-hmrc-online-purchase <ref>,119.08,other,simulated_bank_transactions_uk
2024-04-21,food delivery mcdonalds restaurant <ref>,112.04,dining,simulated_bank_transactions_uk
2023-07-27,rent payment mortgage,614.84,housing,simulated_bank_transactions_uk
2024-10-13,bill payment scottishpower <ref>,184.7,utilities,simulated_bank_transactions_uk
2024-04-09,pos asda rice,47.19,groceries,simulated_bank_transactions_uk
2024-10-22,card pmt pret restaurant <ref>,130.11,dining,simulated_bank_transactions_uk
2024-05-30,card payment shell bus pass <ref>,24.41,transportation,simulated_bank_transactions_uk
2024-12-23,card pmt uber eats restaurant <ref>,126.78,dining,simulated_bank_transactions_uk
2023-02-23,so-fuel-tfl-bus-pass <ref>,41.19,transportation,simulated_bank_transactions_uk
2024-02-15,mortgage payment letting agent,948.02,housing,simulated_bank_transactions_uk
2023-03-04,card/pmt/disney+ <ref>,30.34,subscriptions,simulated_bank_transactions_uk
2023-10-02,rent payment landlord,1109.16,housing,simulated_bank_transactions_uk
2023-08-25,card pmt gym group <ref>,15.7,subscriptions,simulated_bank_transactions_uk
2023-08-06,rent pmt rent <ref>,988.05,housing,simulated_bank_transactions_uk
2023-06-28,mortgage/payment/letting/agent <ref>,1564.45,housing,simulated_bank_transactions_uk
2024-04-12,direct debit spotify,12.79,subscriptions,simulated_bank_transactions_uk
2023-04-11,direct-debit-sky,211.72,utilities,simulated_bank_transactions_uk
2023-10-11,utility bill scottishpower <ref>,135.91,utilities,simulated_bank_transactions_uk
2024-11-26,fuel uber train ticket <ref>,95.47,transportation,simulated_bank_transactions_uk
2023-11-14,bill*payment*scottishpower <ref>,80.6,utilities,simulated_bank_transactions_uk
2024-05-02,pos waitrose bread,25.42,groceries,simulated_bank_transactions_uk
2024-07-05,transport/bolt/uber/ride <ref>,96.13,transportation,simulated_bank_transactions_uk
2024-04-14,transport esso train ticket,108.04,transportation,simulated_bank_transactions_uk
2023-11-28,utility bill british gas <ref>,106.3,utilities,simulated_bank_transactions_uk
2023-09-12,card*payment*waitrose*rice,10.09,groceries,simulated_bank_transactions_uk
2023-01-30,sto*card*pmt*ebay*online*purchase,51.02,other,simulated_bank_transactions_uk
2024-01-01,pos card pmt starbucks food delivery <ref>,16.2,dining,simulated_bank_transactions_uk
2024-08-24,fuel uber fuel <ref>,10.96,transportation,simulated_bank_transactions_uk
2023-06-05,transport national rail uber ride,43.19,transportation,simulated_bank_transactions_uk
2023-03-14,bacs-mortgage-pmt-landlord <ref>,1150.58,housing,simulated_bank_transactions_uk
2024-01-16,card payment sainsburys chicken <ref>,94.24,groceries,simulated_bank_transactions_uk
2023-05-15,pos-purchase-ebay-misc-expense <ref>,128.81,other,simulated_bank_transactions_uk
2023-02-06,transport national rail train ticket,78.07,transportation,simulated_bank_transactions_uk
2023-04-04,restaurant*pret*food*delivery <ref>,14.08,dining,simulated_bank_transactions_uk
2023-12-20,online purchase nhs online purchase <ref>,123.88,other,simulated_bank_transactions_uk
2023-08-17,contactless asda eggs,108.18,groceries,simulated_bank_transactions_uk
2023-03-12,bacs rent rent 15,955.5,housing,simulated_bank_transactions_uk
2024-12-09,card pmt spotify,8.85,subscriptions,simulated_bank_transactions_uk
2023-05-05,card payment pret fast food,55.62,dining,simulated_bank_transactions_uk
2023-06-27,card*pmt*mcdonalds*fast*food <ref>,120.24,dining,simulated_bank_transactions_uk
2024-02-24,subscription*google**services <ref>,39.32,subscriptions,simulated_bank_transactions_uk
2024-02-25,direct debit utility bill e.on <ref>,124.73,utilities,simulated_bank_transactions_uk
2024-11-03,contactless-bill-pmt-sky <ref>,221.97,utilities,simulated_bank_transactions_uk
2023-05-15,direct debit transport bp fuel,37.9,transportation,simulated_bank_transactions_uk
2023-03-16,contactless waitrose,70.36,groceries,simulated_bank_transactions_uk
2023-02-26,card-pmt-esso-uber-ride <ref>,45.51,transportation,simulated_bank_transactions_uk
2024-01-03,visa transport trainline fuel <ref>,76.64,transportation,simulated_bank_transactions_uk
2023-03-21,fps rent pmt landlord <ref>,1244.81,housing,simulated_bank_transactions_uk
2024-12-10,fuel uber train ticket <ref>,103.82,transportation,simulated_bank_transactions_uk
2024-06-01,card payment kfc restaurant <ref>,137.2,dining,simulated_bank_transactions_uk
2023-02-08,visa contactless aldi vegetables <ref>,115.52,groceries,simulated_bank_transactions_uk
2023-10-19,pos tesco milk <ref>,14.56,groceries,simulated_bank_transactions_uk
2023-02-21,pos pos purchase currys misc expense,110.71,other,simulated_bank_transactions_uk
2024-06-09,bacs mortgage rent <ref>,1279.83,housing,simulated_bank_transactions_uk
2023-08-01,subscription disney+ <ref>,23.83,subscriptions,simulated_bank_transactions_uk
2024-02-05,contactless iceland eggs <ref>,120.49,groceries,simulated_bank_transactions_uk
2024-06-19,mortgage*payment*landlord <ref>,940.3,housing,simulated_bank_transactions_uk
2024-04-29,card payment asda rice <ref>,145.13,groceries,simulated_bank_transactions_uk
2023-12-28,fps-mortgage-payment-mortgage <ref>,1744.22,housing,simulated_bank_transactions_uk
2023-12-25,food delivery deliveroo food delivery 28,9.72,dining,simulated_bank_transactions_uk
2024-02-14,bacs landlord rent <ref>,1134.53,housing,simulated_bank_transactions_uk
2023-06-30,online purchase nhs online purchase,58.89,other,simulated_bank_transactions_uk
2024-05-14,subscription netflix,38.22,subscriptions,simulated_bank_transactions_uk
2023-04-25,bill-pmt-sky <ref>,246.37,utilities,simulated_bank_transactions_uk
2024-04-14,bacs landlord rent <ref>,1485.18,housing,simulated_bank_transactions_uk
2024-06-12,bill payment british gas,33.9,utilities,simulated_bank_transactions_uk
2024-02-14,bill pmt o2 <ref>,78.83,utilities,simulated_bank_transactions_uk
2024-09-04,direct debit amazon prime <ref>,23.22,subscriptions,simulated_bank_transactions_uk
2024-10-18,subscription amazon prime <ref>,17.99,subscriptions,simulated_bank_transactions_uk
2024-09-14,transport shell bus pass <ref>,146.61,transportation,simulated_bank_transactions_uk
2023-09-24,direct/debit/google/*services <ref>,36.21,subscriptions,simulated_bank_transactions_uk
2023-02-06,card*pmt*deliveroo*fast*food <ref>,41.73,dining,simulated_bank_transactions_uk
2024-03-03,card payment kfc fast food,80.45,dining,simulated_bank_transactions_uk
2024-07-28,card payment kfc fast food <ref>,13.05,dining,simulated_bank_transactions_uk
2023-03-28,card/payment/esso/fuel <ref>,134.3,transportation,simulated_bank_transactions_uk
2023-02-16,visa*restaurant*nando's*f,55.09,dining,simulated_bank_transactions_uk
2023-08-01,fuel/tfl/bus/pass <ref>,123.69,transportation,simulated_bank_transactions_uk
2023-04-02,transport-bolt-train-ticket <ref>,139.14,transportation,simulated_bank_transactions_uk
2023-08-03,card payment gym group <ref>,27.95,subscriptions,simulated_bank_transactions_uk
2023-12-24,fps card payment puregym <ref>,6.13,subscriptions,simulated_bank_transactions_uk
2023-08-08,sto card payment google *services <ref>,31.54,subscriptions,simulated_bank_transactions_uk
2023-09-05,utility bill thames water,136.06,utilities,simulated_bank_transactions_uk
2024-01-23,fps/contactless/lidl/vegetables <ref>,32.41,groceries,simulated_bank_transactions_uk
2023-04-21,food delivery greggs food delivery <ref>,84.91,dining,simulated_bank_transactions_uk
2023-10-17,contactless subscription google *services <ref>,8.77,subscriptions,simulated_bank_transactions_uk
2023-04-16,card payment disney+,5.44,subscriptions,simulated_bank_transactions_uk
2024-01-19,utility bill scottishpower,60.47,utilities,simulated_bank_transactions_uk
2023-01-25,online purchase nhs misc expense,52.54,other,simulated_bank_transactions_uk
2023-02-02,direct debit bacs letting agent rent,1014.1,housing,simulated_bank_transactions_uk
2024-08-23,mastercard card payment,28.3,subscriptions,simulated_bank_transactions_uk
2024-10-08,card pmt disney+ <ref>,22.36,subscriptions,simulated_bank_transactions_uk
2024-05-04,restaurant nando's resta,79.5,dining,simulated_bank_transactions_uk
2023-01-14,direct/debit/vodafone <ref>,116.18,utilities,simulated_bank_transactions_uk
2024-11-18,bill payment severn trent,78.35,utilities,simulated_bank_transactions_uk
2023-03-23,card payment sainsburys milk <ref>,7.4,groceries,simulated_bank_transactions_uk
2024-09-21,card payment shell train ticket,48.99,transportation,simulated_bank_transactions_uk
2024-05-18,card transport shell train ticket <ref>,147.93,transportation,simulated_bank_transactions_uk
2024-08-02,bacs rent rent <ref>,1988.23,housing,simulated_bank_transactions_uk
2024-02-01,rent payment letting agent,980.06,housing,simulated_bank_transactions_uk
2024-06-18,bill*payment*vodafone <ref>,109.03,utilities,simulated_bank_transactions_uk
2024-04-08,pos card payment disney+ <ref>,16.79,subscriptions,simulated_bank_transactions_uk
2023-02-27,card pmt superdrug misc expense <ref>,95.88,other,simulated_bank_transactions_uk
2023-02-08,contactless waitrose bread,21.73,groceries,simulated_bank_transactions_uk
2024-01-17,bill payment e.on <ref>,93.13,utilities,simulated_bank_transactions_uk
2023-04-15,card payment starbucks food delivery <ref>,71.81,dining,simulated_bank_transactions_uk
2024-07-31,utility bill octopus energy <ref>,111.17,utilities,simulated_bank_transactions_uk
2024-06-12,bacs rent rent <ref>,743.2,housing,simulated_bank_transactions_uk
2024-06-03,sto/pos/purchase/nhs/online/purchase,116.51,other,simulated_bank_transactions_uk
2024-02-17,contactless aldi eggs <ref>,13.21,groceries,simulated_bank_transactions_uk
2023-04-28,card pmt deliveroo restaurant <ref>,107.32,dining,simulated_bank_transactions_uk
2023-05-11,card payment currys online purchase <ref>,34.97,other,simulated_bank_transactions_uk
2023-10-10,sto restaurant nando's food delivery <ref>,84.34,dining,simulated_bank_transactions_uk
2024-08-20,card/payment/kfc/food/delivery <ref>,93.29,dining,simulated_bank_transactions_uk
2023-12-01,subscription google *services <ref>,19.57,subscriptions,simulated_bank_transactions_uk
2024-07-18,direct debit o2 <ref>,101.05,utilities,simulated_bank_transactions_uk
2023-06-09,pos purchase hmrc misc expense <ref>,47.5,other,simulated_bank_transactions_uk
2023-09-23,contactless/sainsburys/bread,26.53,groceries,simulated_bank_transactions_uk
2024-02-07,bacs rent rent <ref>,1361.91,housing,simulated_bank_transactions_uk
2024-04-18,utility bill vodafone <ref>,131.53,utilities,simulated_bank_transactions_uk
2023-08-20,contactless*waitrose*eggs <ref>,56.95,groceries,simulated_bank_transactions_uk
2023-02-02,card pmt waitrose milk <ref>,137.27,groceries,simulated_bank_transactions_uk
2024-08-24,bacs letting agen,1132.91,housing,simulated_bank_transactions_uk
2023-05-05,pos purchase hmrc online purchase,138.25,other,simulated_bank_transactions_uk
2024-01-28,card-pmt-spotify,19.31,subscriptions,simulated_bank_transactions_uk
2023-04-05,visa*pos*sainsburys*milk,41.76,groceries,simulated_bank_transactions_uk
2024-08-17,bacs pos purchase currys online purchase <ref>,125.13,other,simulated_bank_transactions_uk
2024-01-23,pos purchase boots online purchase <ref>,110.84,other,simulated_bank_transactions_uk
2024-02-24,sto rent pmt mortgage <ref>,1616.79,housing,simulated_bank_transactions_uk
2023-03-06,direct debit google *services <ref>,12.4,subscriptions,simulated_bank_transactions_uk
2023-10-15,pos/tesco/bread <ref>,41.49,groceries,simulated_bank_transactions_uk
2024-06-12,sto contactless iceland bread,114.08,groceries,simulated_bank_transactions_uk
2024-07-29,card pmt tesco milk <ref>,141.75,groceries,simulated_bank_transactions_uk
2023-12-17,bacs/landlord/rent <ref>,1928.29,housing,simulated_bank_transactions_uk
2023-06-10,pos iceland vegetables <ref>,106.47,groceries,simulated_bank_transactions_uk
2024-08-24,fuel uber uber ride <ref>,68.41,transportation,simulated_bank_transactions_uk
2024-05-29,so mortgage payment letting agent,1230.61,housing,simulated_bank_transactions_uk
2023-10-09,card pmt tfl fuel,3.2,transportation,simulated_bank_transactions_uk
2024-01-31,pos-card-pmt-currys-online-purchase <ref>,121.58,other,simulated_bank_transactions_uk
2024-05-30,card pmt kfc restaurant,46.5,dining,simulated_bank_transactions_uk
2023-01-23,pos food delivery kfc food delivery <ref>,34.26,dining,simulated_bank_transactions_uk
2024-02-04,utility-bill-severn-trent,207.59,utilities,simulated_bank_transactions_uk
2023-06-06,direct-debit-card-pmt-tfl-bus-pass <ref>,72.65,transportation,simulated_bank_transactions_uk
2024-04-28,card payment kfc fast food <ref>,100.22,dining,simulated_bank_transactions_uk
2023-10-02,subscription apple.com/bill,20.92,subscriptions,simulated_bank_transactions_uk
2024-04-05,contactless asda bread <ref>,34.57,groceries,simulated_bank_transactions_uk
2024-08-17,fuel uber bus pass 8,93.88,transportation,simulated_bank_transactions_uk
2023-08-24,subscription*gym*group 49,26.15,subscriptions,simulated_bank_transactions_uk
2024-09-21,visa utility bill o2 <ref>,116.5,utilities,simulated_bank_transactions_uk
2024-10-07,transport bp uber ride 592,30.32,transportation,simulated_bank_transactions_uk
2024-01-30,so card payment mcdonalds fast,13.41,dining,simulated_bank_transactions_uk
2024-04-06,contactless pos morrisons bread <ref>,27.67,groceries,simulated_bank_transactions_uk
2024-12-20,transport bolt train ticket <ref>,141.22,transportation,simulated_bank_transactions_uk
2024-02-11,bacs landlord rent <ref>,1895.64,housing,simulated_bank_transactions_uk
2023-01-28,fps direct debit thames water,37.97,utilities,simulated_bank_transactions_uk
2024-02-21,subscription amazon prime,16.63,subscriptions,simulated_bank_transactions_uk
2023-08-20,pos purchase boots online purchase <ref>,27.36,other,simulated_bank_transactions_uk
2023-10-23,restaurant mcdonalds restaurant,60.11,dining,simulated_bank_transactions_uk
2023-10-25,pos morrisons milk <ref>,44.29,groceries,simulated_bank_transactions_uk
2024-07-28,direct debit spotify,15.51,subscriptions,simulated_bank_transactions_uk
2024-06-15,restaurant mcdonalds food delivery <ref>,96.51,dining,simulated_bank_transactions_uk
2024-04-23,subscription spotify <ref>,23.09,subscriptions,simulated_bank_transactions_uk
2023-04-20,direct debit contactless aldi vegetables <ref>,39.23,groceries,simulated_bank_transactions_uk
2024-04-11,contactless sainsburys milk <ref>,138.44,groceries,simulated_bank_transactions_uk
2023-03-15,direct debit pos purchase boots misc expense <ref>,3.58,other,simulated_bank_transactions_uk
2023-08-16,card payment costa fast food <ref>,142.6,dining,simulated_bank_transactions_uk
2024-09-01,rent pmt letting agent <ref>,1870.43,housing,simulated_bank_transactions_uk
2024-03-30,visa utility bill severn trent <ref>,235.53,utilities,simulated_bank_transactions_uk
2024-03-28,direct debit apple.com/bill 3325,35.97,subscriptions,simulated_bank_transactions_uk
2024-03-09,direct debit card pmt lidl chicken <ref>,106.41,groceries,simulated_bank_transactions_uk
2023-10-12,online purchase superdrug online purchase <ref>,148.93,other,simulated_bank_transactions_uk
2023-10-21,card direct debit gym,8.25,subscriptions,simulated_bank_transactions_uk
2024-01-01,fuel bp uber ride <ref>,141.89,transportation,simulated_bank_transactions_uk
2023-08-21,so*fuel*esso*fuel <ref>,68.82,transportation,simulated_bank_transactions_uk
2024-11-10,utility bill e.on 3,144.18,utilities,simulated_bank_transactions_uk
2023-12-17,direct debit puregym,29.55,subscriptions,simulated_bank_transactions_uk
2023-04-22,bacs*card*pmt*trainline*train*ticket <ref>,36.64,transportation,simulated_bank_transactions_uk
2023-08-05,card payment pret food delivery,6.9,dining,simulated_bank_transactions_uk
2023-02-26,bacs rent rent <ref>,1869.62,housing,simulated_bank_transactions_uk
2024-02-18,fuel tfl train ticket <ref>,59.55,transportation,simulated_bank_transactions_uk
2023-04-25,card payment tfl train ticket <ref>,108.74,transportation,simulated_bank_transactions_uk
2023-04-17,bacs rent rent <ref>,1238.91,housing,simulated_bank_transactions_uk
2023-11-07,bacs card payment kfc restaurant,144.34,dining,simulated_bank_transactions_uk
2023-06-08,pos purchase nhs misc expense <ref>,105.09,other,simulated_bank_transactions_uk
2023-06-05,fuel uber fuel <ref>,108.5,transportation,simulated_bank_transactions_uk
2023-12-04,utility-bill-scottishpower <ref>,112.75,utilities,simulated_bank_transactions_uk
2024-05-05,mortgage pmt rent <ref>,814.81,housing,simulated_bank_transactions_uk
2023-09-25,card rent payment landl,1529.29,housing,simulated_bank_transactions_uk
2023-10-08,bacs landlord rent <ref>,1942.54,housing,simulated_bank_transactions_uk
2024-05-08,subscription g,36.31,subscriptions,simulated_bank_transactions_uk
2023-01-07,subscription apple.com/bill <ref>,6.17,subscriptions,simulated_bank_transactions_uk
2023-04-14,card payment esso bus pass <ref>,85.2,transportation,simulated_bank_transactions_uk
2024-04-18,fps food delivery starbucks restaurant,124.24,dining,simulated_bank_transactions_uk
2024-02-02,subscription disney+ <ref>,30.1,subscriptions,simulated_bank_transactions_uk
2024-08-24,direct debit thames water <ref>,183.45,utilities,simulated_bank_transactions_uk
2023-09-27,card payment spotify <ref>,35.69,subscriptions,simulated_bank_transactions_uk
2024-08-29,restaurant deliveroo fast food,61.89,dining,simulated_bank_transactions_uk
2023-10-31,subscription amazon prime <ref>,5.55,subscriptions,simulated_bank_transactions_uk
2023-08-25,so mortgage payment mortgage <ref>,606.86,housing,simulated_bank_transactions_uk
2024-05-01,card pmt gym group <ref>,28.15,subscriptions,simulated_bank_transactions_uk
2024-02-12,visa rent payment mortgage <ref>,1979.79,housing,simulated_bank_transactions_uk
2024-10-26,mortgage/pmt/letting/agent,776.6,housing,simulated_bank_transactions_uk
2023-06-27,pos iceland eggs,6.51,groceries,simulated_bank_transactions_uk
2024-11-13,so*food*delivery*deliveroo*restaurant <ref>,4.04,dining,simulated_bank_transactions_uk
2023-02-26,visa card pmt waitrose milk <ref>,101.08,groceries,simulated_bank_transactions_uk
2024-03-01,pos lidl eggs,65.35,groceries,simulated_bank_transactions_uk
2024-07-29,pos*waitrose*chicken <ref>,70.57,groceries,simulated_bank_transactions_uk
2024-09-30,fuel-bolt-bus-pass <ref>,145.29,transportation,simulated_bank_transactions_uk
2023-08-25,mortgage/payment/landlord <ref>,722.81,housing,simulated_bank_transactions_uk
2024-07-23,card pmt waitrose milk <ref>,101.87,groceries,simulated_bank_transactions_uk
2023-11-07,direct*debit*puregym <ref>,11.76,subscriptions,simulated_bank_transactions_uk
2024-11-27,rent pmt mortgage,1474.29,housing,simulated_bank_transactions_uk
2023-08-12,mortgage payment rent <ref>,875.3,housing,simulated_bank_transactions_uk
2023-09-26,pos/asda/milk <ref>,41.76,groceries,simulated_bank_transactions_uk
2024-04-22,direct debit gym group <ref>,36.11,subscriptions,simulated_bank_transactions_uk
2024-01-07,rent pmt letting agent,1177.77,housing,simulated_bank_transactions_uk
2023-05-22,transport national rail fuel <ref>,13.32,transportation,simulated_bank_transactions_uk
2023-05-20,direct-debit-vodafone,146.67,utilities,simulated_bank_transactions_uk
2024-06-22,sto bill pmt vodafone <ref>,195.14,utilities,simulated_bank_transactions_uk
2024-01-29,mortgage payment landlord <ref>,770.19,housing,simulated_bank_transactions_uk
2023-08-17,card payment morrisons vegetables <ref>,95.56,groceries,simulated_bank_transactions_uk
2024-02-28,online purchase boots online purchase,25.86,other,simulated_bank_transactions_uk
2024-03-22,fuel*uber*uber*ride <ref>,104.47,transportation,simulated_bank_transactions_uk
2024-10-02,subscription gym group <ref>,11.62,subscriptions,simulated_bank_transactions_uk
2024-03-20,subscription google *services <ref>,34.67,subscriptions,simulated_bank_transactions_uk
2023-05-31,bacs/card/pmt/bp/uber/ride <ref>,125.98,transportation,simulated_bank_transactions_uk
2024-11-05,direct debit bill pmt thames water <ref>,191.52,utilities,simulated_bank_transactions_uk
2023-06-02,so utility bill scottishpower <ref>,227.93,utilities,simulated_bank_transactions_uk
2023-06-29,rent pmt letting agent,1876.11,housing,simulated_bank_transactions_uk
2024-08-20,restaurant just eat food delivery <ref>,38.34,dining,simulated_bank_transactions_uk
2023-06-19,fuel esso bus pass <ref>,127.31,transportation,simulated_bank_transactions_uk
2023-09-21,direct-debit-severn-trent <ref>,165.28,utilities,simulated_bank_transactions_uk
2023-10-13,card card payment shell bus pass <ref>,103.52,transportation,simulated_bank_transactions_uk
2024-10-06,sto card payment superdrug online purchase <ref>,120.81,other,simulated_bank_transactions_uk
2024-03-21,fps restaurant starbucks food delivery <ref>,110.26,dining,simulated_bank_transactions_uk
2023-03-18,contactless card pmt netflix <ref>,35.93,subscriptions,simulated_bank_transactions_uk
2024-03-12,pos transport trainline train ticket <ref>,35.46,transportation,simulated_bank_transactions_uk
2024-06-16,direct*debit*card*payment*national*rail*uber*ride <ref>,91.93,transportation,simulated_bank_transactions_uk
2024-05-05,so-pos-aldi-eggs <ref>,85.6,groceries,simulated_bank_transactions_uk
2023-12-23,contactless tesco eggs,49.64,groceries,simulated_bank_transactions_uk
2024-10-17,direct/debit/google/*services <ref>,29.3,subscriptions,simulated_bank_transactions_uk
2024-05-08,so/card/pmt/greggs/food/delivery <ref>,133.65,dining,simulated_bank_transactions_uk
2023-12-31,direct debit google *services <ref>,6.82,subscriptions,simulated_bank_transactions_uk
2023-09-30,direct debit google *services <ref>,5.55,subscriptions,simulated_bank_transactions_uk
2023-04-30,card pmt mcdonalds restaurant <ref>,71.79,dining,simulated_bank_transactions_uk
2024-02-11,food delivery starbucks restaurant <ref>,133.29,dining,simulated_bank_transactions_uk
2023-05-30,food delivery nando's food delivery <ref>,6.31,dining,simulated_bank_transactions_uk
2023-01-07,direct debit british gas <ref>,45.94,utilities,simulated_bank_transactions_uk
2024-08-04,bill/payment/sky,166.23,utilities,simulated_bank_transactions_uk
2024-04-11,card pmt just eat fast food <ref>,116.13,dining,simulated_bank_transactions_uk
2024-01-03,card payment superdrug online purchase <ref>,91.44,other,simulated_bank_transactions_uk
2023-12-21,food delivery nando's food delivery <ref>,49.43,dining,simulated_bank_transactions_uk
2023-05-30,pos contactless lidl chicken <ref>,144.37,groceries,simulated_bank_transactions_uk
2023-03-29,sto fuel bolt fuel <ref>,42.61,transportation,simulated_bank_transactions_uk
2023-08-10,contactless/tesco/milk,73.48,groceries,simulated_bank_transactions_uk
2024-12-28,food delivery nando's fast food <ref>,4.74,dining,simulated_bank_transactions_uk
2024-10-30,card/pmt/netflix <ref>,17.43,subscriptions,simulated_bank_transactions_uk
2023-06-14,sto card pmt starbucks fast food,18.3,dining,simulated_bank_transactions_uk
2023-06-14,fuel*uber*bus*pass <ref>,110.35,transportation,simulated_bank_transactions_uk
2023-02-13,so/utility/bill/sky,33.17,utilities,simulated_bank_transactions_uk
2023-02-02,pos/fuel/tfl/fuel <ref>,143.57,transportation,simulated_bank_transactions_uk
2023-09-16,mastercard-rent-payment-landlord <ref>,832.58,housing,simulated_bank_transactions_uk
2023-06-25,mortgage/payment/mortgage,912.44,housing,simulated_bank_transactions_uk
2024-04-28,bacs/card/pmt/nhs/online/purchase <ref>,8.78,other,simulated_bank_transactions_uk
2023-08-24,bacs-mortgage-rent,1491.35,housing,simulated_bank_transactions_uk
2023-10-25,bacs landlord rent <ref>,1667.5,housing,simulated_bank_transactions_uk
2023-05-17,subscription amazon prime 55,5.09,subscriptions,simulated_bank_transactions_uk
2023-01-24,contactless lidl milk <ref>,93.73,groceries,simulated_bank_transactions_uk
2024-11-20,direct debit netflix <ref>,21.45,subscriptions,simulated_bank_transactions_uk
2023-06-14,card payment aldi rice <ref>,103.24,groceries,simulated_bank_transactions_uk
2023-08-03,bacs restaurant deliveroo food delivery,105.63,dining,simulated_bank_transactions_uk
2023-12-02,mortgage payment mortgage <ref>,819.81,housing,simulated_bank_transactions_uk
2024-12-27,fuel esso bus pass <ref>,16.43,transportation,simulated_bank_transactions_uk
2023-03-24,sto contactless tesco milk,143.68,groceries,simulated_bank_transactions_uk
2023-11-07,contactless contactless iceland chicken <ref>,19.88,groceries,simulated_bank_transactions_uk
2023-06-27,mortgage*payment*rent <ref>,780.35,housing,simulated_bank_transactions_uk
2024-04-07,utility bill e.on,122.04,utilities,simulated_bank_transactions_uk
2024-10-31,direct debit british gas,38.42,utilities,simulated_bank_transactions_uk
2024-11-16,subscription netflix <ref>,36.65,subscriptions,simulated_bank_transactions_uk
2024-10-17,transport esso train ticket <ref>,131.94,transportation,simulated_bank_transactions_uk
2023-12-05,transport national rail train ticket,149.38,transportation,simulated_bank_transactions_uk
2024-03-21,card*pmt*boots*online*purchase <ref>,87.42,other,simulated_bank_transactions_uk
2024-07-27,card pmt boots online purchase,127.86,other,simulated_bank_transactions_uk
2024-03-01,card pmt iceland chicken <ref>,19.44,groceries,simulated_bank_transactions_uk
2024-03-12,bacs-landlord-rent <ref>,1190.84,housing,simulated_bank_transactions_uk
2024-11-23,pos subscription apple.com/bill <ref>,21.49,subscriptions,simulated_bank_transactions_uk
2023-01-02,fuel tfl uber ride <ref>,39.56,transportation,simulated_bank_transactions_uk
2023-09-16,transport tfl bus pass <ref>,43.93,transportation,simulated_bank_transactions_uk
2024-03-22,contactless morrisons milk <ref>,60.26,groceries,simulated_bank_transactions_uk
2023-01-05,food delivery pret fast fo,88.3,dining,simulated_bank_transactions_uk
2023-10-25,pos lidl vegetables <ref>,83.35,groceries,simulated_bank_transactions_uk
2023-04-13,pos purchase ebay misc expense <ref>,84.19,other,simulated_bank_transactions_uk
2023-11-03,transport national rail uber ride <ref>,75.0,transportation,simulated_bank_transactions_uk
2023-01-04,bill pmt octopus energy <ref>,67.39,utilities,simulated_bank_transactions_uk
2023-01-07,direct debit spotify 666,9.17,subscriptions,simulated_bank_transactions_uk
2024-02-22,transport bp uber ride,99.17,transportation,simulated_bank_transactions_uk
2023-07-19,so subscription amazon prime <ref>,19.55,subscriptions,simulated_bank_transactions_uk
2024-12-26,card*pmt*sainsburys*eggs <ref>,125.96,groceries,simulated_bank_transactions_uk
2023-09-08,contactless fuel bp bus pass <ref>,26.49,transportation,simulated_bank_transactions_uk
2024-07-19,rent pmt rent <ref>,1710.46,housing,simulated_bank_transactions_uk
2024-07-15,contactless-asda-eggs,76.97,groceries,simulated_bank_transactions_uk
2023-08-29,bacs utility bill bt,169.91,utilities,simulated_bank_transactions_uk
2024-12-17,transport-esso-bus-pass <ref>,111.8,transportation,simulated_bank_transactions_uk
2024-02-19,card payment ebay misc expense <ref>,76.05,other,simulated_bank_transactions_uk
2024-09-02,direct debit ee <ref>,178.8,utilities,simulated_bank_transactions_uk
2023-03-31,card pmt esso uber ride <ref>,116.42,transportation,simulated_bank_transactions_uk
2023-11-29,card*pmt*asda*eggs <ref>,117.12,groceries,simulated_bank_transactions_uk
2024-04-19,transport*trainline*fuel <ref>,125.72,transportation,simulated_bank_transactions_uk
2024-07-05,contactless card pmt starbucks food delivery,82.86,dining,simulated_bank_transactions_uk
2024-03-31,bill payment e.on <ref>,48.14,utilities,simulated_bank_transactions_uk
2023-01-21,contactless card payment esso uber ride <ref>,145.5,transportation,simulated_bank_transactions_uk
2024-06-30,fuel-uber-bus-pass <ref>,120.94,transportation,simulated_bank_transactions_uk
2024-08-30,pos-purchase-nhs-online-purchase,106.88,other,simulated_bank_transactions_uk
2024-03-18,restaurant nando's restaurant,126.01,dining,simulated_bank_transactions_uk
2023-05-15,pos/aldi/eggs,124.54,groceries,simulated_bank_transactions_uk
2024-12-09,fps direct debit b,184.55,utilities,simulated_bank_transactions_uk
2024-01-09,card payment nhs misc expense,100.13,other,simulated_bank_transactions_uk
2023-12-28,subscription gym group <ref>,30.78,subscriptions,simulated_bank_transactions_uk
2024-09-05,sto direct debit apple.com/bill <ref>,20.57,subscriptions,simulated_bank_transactions_uk
2024-04-04,subscription puregym,11.59,subscriptions,simulated_bank_transactions_uk
2023-12-06,card payment amazon prime <ref>,29.8,subscriptions,simulated_bank_transactions_uk
2024-03-28,bacs*food*delivery*starbucks*fast*food <ref>,145.82,dining,simulated_bank_transactions_uk
2024-11-30,pos purchase argos misc expense <ref>,50.8,other,simulated_bank_transactions_uk
2023-01-01,sto pos morrisons milk,149.61,groceries,simulated_bank_transactions_uk
2024-06-27,subscription apple.com/bill,34.71,subscriptions,simulated_bank_transactions_uk
2023-04-22,direct debit spotify <ref>,6.36,subscriptions,simulated_bank_transactions_uk
2023-07-30,card pmt trainline train ticket <ref>,29.69,transportation,simulated_bank_transactions_uk
2024-01-20,bill payment sky <ref>,160.92,utilities,simulated_bank_transactions_uk
2023-07-20,card-payment-sainsburys-milk <ref>,137.57,groceries,simulated_bank_transactions_uk
2023-03-14,transport-shell-fuel <ref>,66.6,transportation,simulated_bank_transactions_uk
2024-05-22,bill payment o2 <ref>,247.45,utilities,simulated_bank_transactions_uk
2023-04-30,card pmt bolt fuel <ref>,135.67,transportation,simulated_bank_transactions_uk
2024-10-16,visa bacs rent rent <ref>,1401.14,housing,simulated_bank_transactions_uk
2024-08-31,food delivery greggs food delivery,132.93,dining,simulated_bank_transactions_uk
2023-12-03,bill-payment-vodafone <ref>,229.4,utilities,simulated_bank_transactions_uk
2023-08-14,card bacs mortgage rent <ref>,1877.31,housing,simulated_bank_transactions_uk
2024-11-23,bill-pmt-bt <ref>,224.02,utilities,simulated_bank_transactions_uk
2024-10-20,transport uber train ticket,78.46,transportation,simulated_bank_transactions_uk
2023-04-18,bacs subscription disney+ <ref>,22.94,subscriptions,simulated_bank_transactions_uk
2024-04-23,subscription-puregym,38.92,subscriptions,simulated_bank_transactions_uk
2024-12-29,so-card-payment-deliveroo-food-delivery,38.68,dining,simulated_bank_transactions_uk
2024-05-23,visa card payment gym group,21.46,subscriptions,simulated_bank_transactions_uk
2024-10-31,subscription disney+,39.31,subscriptions,simulated_bank_transactions_uk
2023-11-17,sto-online-purchase-hmrc-misc-expense,117.93,other,simulated_bank_transactions_uk
2024-11-06,food delivery starbucks food d,135.4,dining,simulated_bank_transactions_uk
2023-02-14,transport uber bus pass 43,43.73,transportation,simulated_bank_transactions_uk
2023-06-24,card payment uber eats fast food <ref>,88.48,dining,simulated_bank_transactions_uk
2023-12-18,rent payment mortgage <ref>,1496.35,housing,simulated_bank_transactions_uk
2024-04-07,transport tfl train ticket <ref>,46.76,transportation,simulated_bank_transactions_uk
2023-04-22,pos-purchase-superdrug-misc-expense <ref>,149.05,other,simulated_bank_transactions_uk
2023-09-23,bacs letting agent rent <ref>,1720.47,housing,simulated_bank_transactions_uk
2023-08-03,card-direct-debit-o2,232.31,utilities,simulated_bank_transactions_uk
2024-12-28,card pmt spotify <ref>,26.93,subscriptions,simulated_bank_transactions_uk
2024-09-12,pos purchase nhs online purchase,70.92,other,simulated_bank_transactions_uk
2024-04-06,mortgage pmt letting agent <ref>,1797.1,housing,simulated_bank_transactions_uk
2024-03-02,visa*direct*debit*netflix <ref>,22.39,subscriptions,simulated_bank_transactions_uk
2023-08-12,bacs*rent*rent <ref>,1336.75,housing,simulated_bank_transactions_uk
2024-12-11,fuel-trainline-uber-ride,74.85,transportation,simulated_bank_transactions_uk
2023-04-11,bacs direct debit ee <ref>,173.47,utilities,simulated_bank_transactions_uk
2024-02-02,online purchase nhs misc expense <ref>,71.46,other,simulated_bank_transactions_uk
2023-07-17,card pmt iceland vegetables <ref>,96.61,groceries,simulated_bank_transactions_uk
2023-01-03,transport*bp*uber*ride,97.36,transportation,simulated_bank_transactions_uk
2024-02-02,restaurant kfc food delivery <ref>,81.59,dining,simulated_bank_transactions_uk
2024-12-29,card direct debit gym group <ref>,11.91,subscriptions,simulated_bank_transactions_uk
2023-07-13,card payment apple.com/bill,13.27,subscriptions,simulated_bank_transactions_uk
2023-12-15,card-payment-just-eat-food-delivery <ref>,89.42,dining,simulated_bank_transactions_uk
2023-07-11,bill payment sky <ref>,39.51,utilities,simulated_bank_transactions_uk
2024-11-30,direct debit vodafone <ref>,241.64,utilities,simulated_bank_transactions_uk
2023-06-12,visa card payment hmrc misc expense <ref>,49.31,other,simulated_bank_transactions_uk
2024-11-18,card payment pret restaurant <ref>,49.09,dining,simulated_bank_transactions_uk
2024-04-06,bacs landlord rent <ref>,998.64,housing,simulated_bank_transactions_uk
2023-05-24,direct debit o2 <ref>,41.8,utilities,simulated_bank_transactions_uk
2023-10-27,bill payment octopus energy 859,137.21,utilities,simulated_bank_transactions_uk
2023-02-04,bacs food delivery pret food delivery <ref>,51.47,dining,simulated_bank_transactions_uk
2023-12-19,so subscription puregym,15.99,subscriptions,simulated_bank_transactions_uk
2023-06-02,card rent payment mortgage 395,658.66,housing,simulated_bank_transactions_uk
2024-04-26,card pmt iceland milk,63.43,groceries,simulated_bank_transactions_uk
2023-11-13,transport-bolt-uber-ride,31.6,transportation,simulated_bank_transactions_uk
2024-04-26,card pmt esso bus pass <ref>,85.85,transportation,simulated_bank_transactions_uk
2023-06-13,card payment amazon misc expense <ref>,19.34,other,simulated_bank_transactions_uk
2024-11-09,pos morrisons chicken <ref>,85.87,groceries,simulated_bank_transactions_uk
2024-11-24,subscription puregym <ref>,10.16,subscriptions,simulated_bank_transactions_uk
2024-03-24,card mortgage payment mortgage <ref>,1054.9,housing,simulated_bank_transactions_uk
2023-06-03,rent pmt letting agent,815.35,housing,simulated_bank_transactions_uk
2023-01-28,direct debit apple.com/bill <ref>,29.85,subscriptions,simulated_bank_transactions_uk
2024-03-05,so fuel national rail fuel <ref>,46.52,transportation,simulated_bank_transactions_uk
2023-09-20,direct*debit*disney+ <ref>,28.49,subscriptions,simulated_bank_transactions_uk
2023-12-15,card pmt trainline bus pass <ref>,50.6,transportation,simulated_bank_transactions_uk
2023-08-06,subscription netflix <ref>,38.93,subscriptions,simulated_bank_transactions_uk
2024-05-13,mortgage pmt rent,1299.61,housing,simulated_bank_transactions_uk
2023-08-10,bacs online purchase argos misc expense <ref>,138.67,other,simulated_bank_transactions_uk
2023-07-16,direct/debit/ee <ref>,218.72,utilities,simulated_bank_transactions_uk
2024-02-25,sto direct debit amazon prime <ref>,14.2,subscriptions,simulated_bank_transactions_uk
2024-12-11,contactless sainsburys milk <ref>,79.37,groceries,simulated_bank_transactions_uk
2024-11-07,rent-pmt-rent <ref>,1127.84,housing,simulated_bank_transactions_uk
2024-03-10,pos/purchase/currys/online/purchase <ref>,142.36,other,simulated_bank_transactions_uk
2023-06-03,mastercard card pmt google *services <ref>,29.0,subscriptions,simulated_bank_transactions_uk
2023-12-12,contactless tesco chicken <ref>,68.29,groceries,simulated_bank_transactions_uk
2024-09-12,rent payment letting agent <ref>,1241.08,housing,simulated_bank_transactions_uk
2024-04-18,visa contactless asda rice <ref>,97.57,groceries,simulated_bank_transactions_uk
2023-12-15,pos*tesco*vegetables,12.87,groceries,simulated_bank_transactions_uk
2024-08-21,mortgage pmt rent,678.14,housing,simulated_bank_transactions_uk
2024-09-18,card payment ebay online purchase <ref>,40.17,other,simulated_bank_transactions_uk
2024-05-02,card/pmt/iceland/rice <ref>,67.15,groceries,simulated_bank_transactions_uk
2024-07-18,bill pmt scottishpower <ref>,190.19,utilities,simulated_bank_transactions_uk
2023-08-25,rent*payment*rent <ref>,1656.87,housing,simulated_bank_transactions_uk
2024-09-02,direct debit netflix,34.37,subscriptions,simulated_bank_transactions_uk
2023-04-26,bill payment octopus energy <ref>,164.07,utilities,simulated_bank_transactions_uk
2024-05-06,contactless waitrose eggs <ref>,35.98,groceries,simulated_bank_transactions_uk
2024-03-03,pos tesco bread,28.48,groceries,simulated_bank_transactions_uk
2023-05-09,pos*lidl*milk <ref>,134.96,groceries,simulated_bank_transactions_uk
2023-10-14,direct debit e.on <ref>,127.78,utilities,simulated_bank_transactions_uk
2024-09-27,direct debit british gas <ref>,99.42,utilities,simulated_bank_transactions_uk
2024-03-31,direct debit google *services <ref>,23.95,subscriptions,simulated_bank_transactions_uk
2023-05-29,online purchase superdrug online purchase <ref>,133.93,other,simulated_bank_transactions_uk
2023-06-12,card payment aldi rice,31.45,groceries,simulated_bank_transactions_uk
2023-06-21,rent payment rent <ref>,1973.19,housing,simulated_bank_transactions_uk
2023-10-26,card restaurant costa food delivery <ref>,84.35,dining,simulated_bank_transactions_uk
2024-01-10,fps/transport/national/rail/fuel <ref>,106.44,transportation,simulated_bank_transactions_uk
2023-10-05,card card pmt spotify <ref>,30.92,subscriptions,simulated_bank_transactions_uk
2024-08-04,restaurant greggs fast food,4.93,dining,simulated_bank_transactions_uk
2024-10-24,visa restaurant mcdonalds food delivery <ref>,123.82,dining,simulated_bank_transactions_uk
2024-12-12,restaurant mcdonalds fast food <ref>,67.67,dining,simulated_bank_transactions_uk
2023-07-01,rent*payment*rent <ref>,1999.05,housing,simulated_bank_transactions_uk
2024-07-17,contactless*transport*bolt*fuel <ref>,34.98,transportation,simulated_bank_transactions_uk
2024-05-21,restaurant uber eats food delivery <ref>,39.84,dining,simulated_bank_transactions_uk
2024-12-14,so card pmt disney+,20.45,subscriptions,simulated_bank_transactions_uk
2024-04-14,mortgage payment letting agent <ref>,1269.97,housing,simulated_bank_transactions_uk
2023-03-30,card pmt amazon online purchase,149.12,other,simulated_bank_transactions_uk
2023-11-10,bill pmt octopus energy <ref>,63.69,utilities,simulated_bank_transactions_uk
2023-05-20,sto-direct-debit-e.on <ref>,205.02,utilities,simulated_bank_transactions_uk
2023-03-14,mastercard card pmt google *services <ref>,29.05,subscriptions,simulated_bank_transactions_uk
2023-01-02,bacs-mortgage-pmt-landlord <ref>,1212.57,housing,simulated_bank_transactions_uk
2023-03-18,fps/card/pmt/shell/train/ticket <ref>,130.26,transportation,simulated_bank_transactions_uk
2024-02-12,rent/pmt/mortgage <ref>,1142.07,housing,simulated_bank_transactions_uk
2024-12-07,pos direct debit apple.com/bill <ref>,12.04,subscriptions,simulated_bank_transactions_uk
2024-04-28,pos purchase boots misc expense,58.57,other,simulated_bank_transactions_uk
2023-05-28,fps*online*purchase*nhs*misc*expense,96.49,other,simulated_bank_transactions_uk
2023-05-07,card payment mcdonalds food delivery <ref>,79.98,dining,simulated_bank_transactions_uk
2023-09-01,direct debit ee <ref>,180.64,utilities,simulated_bank_transactions_uk
2024-02-13,card/pmt/bolt/bus/pass,15.23,transportation,simulated_bank_transactions_uk
2024-09-10,so pos purchase amazon online purchase <ref>,15.46,other,simulated_bank_transactions_uk
2023-09-25,pos waitrose chicken <ref>,84.79,groceries,simulated_bank_transactions_uk
2024-12-20,direct debit gym group <ref>,5.1,subscriptions,simulated_bank_transactions_uk
2024-06-10,pos morrisons rice <ref>,3.17,groceries,simulated_bank_transactions_uk
2023-04-16,card pmt ebay misc expense <ref>,74.43,other,simulated_bank_transactions_uk
2024-04-23,transport bp train ticket,8.79,transportation,simulated_bank_transactions_uk
2023-10-20,bacs*mortgage*payment*mortgage <ref>,676.74,housing,simulated_bank_transactions_uk
2024-03-10,bacs card pmt lidl eggs <ref>,36.24,groceries,simulated_bank_transactions_uk
2024-01-24,card payment disney+,20.49,subscriptions,simulated_bank_transactions_uk
2023-10-28,pos-card-pmt-starbucks-food-delivery <ref>,25.29,dining,simulated_bank_transactions_uk
2023-12-02,card payment mcdonalds restaurant,101.44,dining,simulated_bank_transactions_uk
2024-08-07,card/pmt/waitrose/milk <ref>,8.14,groceries,simulated_bank_transactions_uk
2023-02-22,pos waitrose milk <ref>,102.41,groceries,simulated_bank_transactions_uk
2024-01-06,contactless-pos-purchase-amazon-online-purchase,75.97,other,simulated_bank_transactions_uk
2024-01-17,contactless asda vegetables <ref>,28.96,groceries,simulated_bank_transactions_uk
2023-10-23,card payment asda bread <ref>,54.16,groceries,simulated_bank_transactions_uk
2024-10-03,bacs direct debit puregym <ref>,31.69,subscriptions,simulated_bank_transactions_uk
2024-11-21,direct debit e.on <ref>,32.63,utilities,simulated_bank_transactions_uk
2024-09-09,utility-bill-e.on <ref>,167.36,utilities,simulated_bank_transactions_uk
2024-11-21,fps card payment starbucks fast food,98.32,dining,simulated_bank_transactions_uk
2024-03-08,rent payment letting agent <ref>,1815.42,housing,simulated_bank_transactions_uk
2023-09-18,so transport trainline fuel <ref>,112.98,transportation,simulated_bank_transactions_uk
2024-01-28,so pos purchase ebay online purchase,53.94,other,simulated_bank_transactions_uk
2023-10-16,bacs letting agent rent <ref>,832.07,housing,simulated_bank_transactions_uk
2023-12-24,fps contactless asda rice 8,44.78,groceries,simulated_bank_transactions_uk
2023-02-10,card payment ebay online purchase <ref>,67.8,other,simulated_bank_transactions_uk
2023-07-12,card-payment-ebay-misc-expense <ref>,16.66,other,simulated_bank_transactions_uk
2023-08-24,direct debit ee 251,246.33,utilities,simulated_bank_transactions_uk
2024-02-09,pos purchase currys misc expense <ref>,119.04,other,simulated_bank_transactions_uk
2024-11-23,mortgage pmt rent,761.3,housing,simulated_bank_transactions_uk
2023-11-24,restaurant deliveroo restaurant 2,126.11,dining,simulated_bank_transactions_uk
2024-04-13,fps fuel national rail fuel <ref>,115.72,transportation,simulated_bank_transactions_uk
2024-06-17,card/pmt/esso/uber/ride <ref>,120.59,transportation,simulated_bank_transactions_uk
2023-03-22,fuel uber fue,78.88,transportation,simulated_bank_transactions_uk
2023-02-05,transport bp bus pass <ref>,89.47,transportation,simulated_bank_transactions_uk
2023-12-12,subscription-spotify <ref>,33.68,subscriptions,simulated_bank_transactions_uk
2024-11-21,subscription*apple.com/bill <ref>,30.71,subscriptions,simulated_bank_transactions_uk
2023-12-05,transport uber fuel <ref>,40.56,transportation,simulated_bank_transactions_uk
2024-07-25,pos asda chicken,93.73,groceries,simulated_bank_transactions_uk
2024-01-18,restaurant uber eats restaurant <ref>,29.85,dining,simulated_bank_transactions_uk
2024-03-27,pos*purchase*boots*online*purchase <ref>,49.65,other,simulated_bank_transactions_uk
2024-12-09,rent-payment-landlord <ref>,763.18,housing,simulated_bank_transactions_uk
2024-12-10,pos-iceland-vegetables <ref>,79.16,groceries,simulated_bank_transactions_uk
2023-09-14,card payment nhs online purchase,144.44,other,simulated_bank_transactions_uk
2024-06-07,restaurant starbucks food delivery <ref>,65.37,dining,simulated_bank_transactions_uk
2024-09-02,card payment apple.com/bill <ref>,30.44,subscriptions,simulated_bank_transactions_uk
2024-08-13,bill pmt bt <ref>,108.53,utilities,simulated_bank_transactions_uk
2023-08-03,card pmt uber eats restaurant <ref>,76.51,dining,simulated_bank_transactions_uk
2024-12-12,mastercard pos waitrose vegetables <ref>,69.73,groceries,simulated_bank_transactions_uk
2023-01-09,pos utility bill ee <ref>,217.31,utilities,simulated_bank_transactions_uk
2023-06-01,pos purchase currys online purchase <ref>,133.06,other,simulated_bank_transactions_uk
2024-05-22,mortgage*payment*letting*agent,1084.63,housing,simulated_bank_transactions_uk
2023-10-31,so-mortgage-payment-mortgage <ref>,1792.19,housing,simulated_bank_transactions_uk
2024-05-10,card pmt spotify <ref>,23.1,subscriptions,simulated_bank_transactions_uk
2023-05-25,online/purchase/hmrc/online/purchase <ref>,108.58,other,simulated_bank_transactions_uk
2024-11-30,pos contactless aldi eggs,72.16,groceries,simulated_bank_transactions_uk
2024-01-31,card fuel trainline bus pass,68.69,transportation,simulated_bank_transactions_uk
2023-09-11,pos aldi eggs <ref>,28.65,groceries,simulated_bank_transactions_uk
2024-07-14,pos food delivery starbucks restaurant,73.82,dining,simulated_bank_transactions_uk
2023-07-04,bacs transport trainline fuel <ref>,148.04,transportation,simulated_bank_transactions_uk
2024-04-14,card card payment lidl eggs,66.18,groceries,simulated_bank_transactions_uk
2023-10-05,bill/pmt/sky <ref>,40.43,utilities,simulated_bank_transactions_uk
2023-07-05,transport tfl train ticket,94.36,transportation,simulated_bank_transactions_uk
2024-03-14,card payment deliveroo fast food <ref>,130.05,dining,simulated_bank_transactions_uk
2024-08-26,direct debit subscription netflix <ref>,26.65,subscriptions,simulated_bank_transactions_uk
2023-10-28,direct debit amazon prime,21.47,subscriptions,simulated_bank_transactions_uk
2024-04-07,card*payment*trainline*bus*pass <ref>,78.37,transportation,simulated_bank_transactions_uk
2023-08-30,pos-purchase-currys-misc-expense,145.07,other,simulated_bank_transactions_uk
2024-09-17,transport esso uber ride <ref>,19.99,transportation,simulated_bank_transactions_uk
2023-01-04,utility bill o2 <ref>,225.91,utilities,simulated_bank_transactions_uk
2024-12-13,rent pmt rent <ref>,1208.95,housing,simulated_bank_transactions_uk
2023-03-07,visa card payment nando's fast food,100.53,dining,simulated_bank_transactions_uk
2024-06-12,mortgage-payment-letting-age,1854.14,housing,simulated_bank_transactions_uk
2024-06-24,direct*debit*gym*group,34.41,subscriptions,simulated_bank_transactions_uk
2023-09-06,so transport uber bus pass <ref>,73.34,transportation,simulated_bank_transactions_uk
2023-12-24,food delivery nando's food delivery <ref>,118.88,dining,simulated_bank_transactions_uk
2023-03-13,card payment mcdonalds restaurant <ref>,138.4,dining,simulated_bank_transactions_uk
2024-02-16,transport tfl fuel 32,84.49,transportation,simulated_bank_transactions_uk
2023-03-05,bacs utility bill o2 <ref>,82.8,utilities,simulated_bank_transactions_uk
2024-03-04,online purchase superdrug misc expense <ref>,7.15,other,simulated_bank_transactions_uk
2023-11-20,fuel-uber-bus-pass <ref>,79.21,transportation,simulated_bank_transactions_uk
2023-05-14,direct debit sky <ref>,58.89,utilities,simulated_bank_transactions_uk
2023-09-05,food-delivery-kfc-food-delivery <ref>,138.8,dining,simulated_bank_transactions_uk
2024-11-22,utility bill octopus energy <ref>,126.8,utilities,simulated_bank_transactions_uk
2024-10-26,direct debit severn trent <ref>,121.05,utilities,simulated_bank_transactions_uk
2023-12-27,bill pmt sky,221.89,utilities,simulated_bank_transactions_uk
2023-04-18,pos food delivery deliveroo restaurant <ref>,129.65,dining,simulated_bank_transactions_uk
2024-05-18,bill pmt vodafone <ref>,183.68,utilities,simulated_bank_transactions_uk
2023-02-18,subscription google *services <ref>,22.09,subscriptions,simulated_bank_transactions_uk
2024-12-14,pos food delivery pret fast food,14.4,dining,simulated_bank_transactions_uk
2024-06-06,transport national rail bus pass <ref>,94.52,transportation,simulated_bank_transactions_uk
2023-12-29,transport trainline fuel <ref>,58.38,transportation,simulated_bank_transactions_uk
2023-10-31,card/pmt/kfc/fast/food <ref>,107.17,dining,simulated_bank_transactions_uk
2023-06-19,card payment tesco chicken <ref>,139.72,groceries,simulated_bank_transactions_uk
2023-06-25,bacs rent pmt mortga,706.44,housing,simulated_bank_transactions_uk
2023-11-20,mortgage pmt landlord <ref>,658.11,housing,simulated_bank_transactions_uk
2024-09-12,pos purchase ebay misc expense,60.35,other,simulated_bank_transactions_uk
2023-06-10,subscription apple.com/bill <ref>,22.55,subscriptions,simulated_bank_transactions_uk
2023-06-07,bacs mortgage rent <ref>,650.4,housing,simulated_bank_transactions_uk
2023-08-14,pos morrisons bread <ref>,14.65,groceries,simulated_bank_transactions_uk
2024-07-07,visa/card/pmt/amazon/online/purchase <ref>,122.73,other,simulated_bank_transactions_uk
2023-06-21,bacs direct debit puregym,30.68,subscriptions,simulated_bank_transactions_uk
2024-03-18,bill pmt thames water <ref>,75.76,utilities,simulated_bank_transactions_uk
2023-10-28,food delivery just eat food delivery <ref>,67.16,dining,simulated_bank_transactions_uk
2024-07-12,utility bill severn trent <ref>,194.77,utilities,simulated_bank_transactions_uk
2024-07-08,pos card payment mcdonalds restaurant,65.84,dining,simulated_bank_transactions_uk
2024-04-18,rent/payment/rent <ref>,801.64,housing,simulated_bank_transactions_uk
2023-06-03,rent payment letting agent,1611.33,housing,simulated_bank_transactions_uk
2024-05-09,pos aldi chicken <ref>,149.11,groceries,simulated_bank_transactions_uk
2023-10-03,contactless food delivery kfc food delivery <ref>,36.3,dining,simulated_bank_transactions_uk
2023-01-08,food delivery kfc restaurant <ref>,143.62,dining,simulated_bank_transactions_uk
2023-08-22,mastercard food delivery pret restaurant,100.88,dining,simulated_bank_transactions_uk
2024-10-10,online purchase hmrc online purchase <ref>,42.1,other,simulated_bank_transactions_uk
2023-12-17,transport/tfl/bus/pass <ref>,73.61,transportation,simulated_bank_transactions_uk
2024-10-27,contactless card pmt greggs restaurant,31.35,dining,simulated_bank_transactions_uk
2023-02-07,bill pmt octopus energy <ref>,187.04,utilities,simulated_bank_transactions_uk
2023-12-14,pos sainsburys eggs,51.6,groceries,simulated_bank_transactions_uk
2023-03-04,subscription netflix <ref>,21.44,subscriptions,simulated_bank_transactions_uk
2023-05-10,utility bill o2 <ref>,169.93,utilities,simulated_bank_transactions_uk
2023-01-24,bill*pmt*o2 <ref>,208.22,utilities,simulated_bank_transactions_uk
2023-02-12,card payment esso train ticket <ref>,118.93,transportation,simulated_bank_transactions_uk
2023-12-12,online*purchase*argos*online*purchase,51.67,other,simulated_bank_transactions_uk
2024-12-18,card payment bp fuel <ref>,79.62,transportation,simulated_bank_transactions_uk
2024-04-14,bacs rent payment rent <ref>,1714.07,housing,simulated_bank_transactions_uk
2024-05-03,mortgage/pmt/letting/agent <ref>,745.6,housing,simulated_bank_transactions_uk
2024-08-20,sto/direct/debit/disney+ <ref>,7.42,subscriptions,simulated_bank_transactions_uk
2023-10-20,food delivery pret food delivery <ref>,118.3,dining,simulated_bank_transactions_uk
2024-06-24,so restaurant mcdonalds food delivery <ref>,70.65,dining,simulated_bank_transactions_uk
2023-01-11,food-delivery-deliveroo-fast-food <ref>,58.88,dining,simulated_bank_transactions_uk
2023-09-28,transport uber bus pass <ref>,78.69,transportation,simulated_bank_transactions_uk
2023-07-11,mortgage*pmt*rent,919.57,housing,simulated_bank_transactions_uk
2024-12-07,fps bacs rent rent <ref>,698.77,housing,simulated_bank_transactions_uk
2024-07-01,direct debit thames water <ref>,102.66,utilities,simulated_bank_transactions_uk
2023-01-11,food delivery deliveroo food delivery <ref>,67.34,dining,simulated_bank_transactions_uk
2024-09-21,rent payment letting agent,934.81,housing,simulated_bank_transactions_uk
2024-08-30,transport-trainline-bus-pass,88.65,transportation,simulated_bank_transactions_uk
2023-02-02,rent*pmt*mortgage,1190.44,housing,simulated_bank_transactions_uk
2024-07-22,card/pmt/deliveroo/fast/food,6.53,dining,simulated_bank_transactions_uk
2023-02-18,card payment google *services <ref>,7.98,subscriptions,simulated_bank_transactions_uk
2023-05-01,bill*pmt*o2 <ref>,36.37,utilities,simulated_bank_transactions_uk
2023-05-28,utility bill thames water,197.03,utilities,simulated_bank_transactions_uk
2024-10-01,card-pmt-apple.com/bill,19.85,subscriptions,simulated_bank_transactions_uk
2024-07-15,bacs card pmt morrisons eggs <ref>,133.99,groceries,simulated_bank_transactions_uk
2024-11-20,card pmt superdrug online purchase,8.61,other,simulated_bank_transactions_uk
2023-08-12,contactless card pmt sainsburys milk <ref>,56.8,groceries,simulated_bank_transactions_uk
2023-11-30,direct*debit*octopus*energy <ref>,207.79,utilities,simulated_bank_transactions_uk
2024-10-13,card pmt starbucks fast food <ref>,6.11,dining,simulated_bank_transactions_uk
2024-04-16,rent payment mortgage,1316.09,housing,simulated_bank_transactions_uk
2024-01-10,card-payment-asda-eggs <ref>,139.12,groceries,simulated_bank_transactions_uk
2024-12-14,subscription puregym <ref>,17.88,subscriptions,simulated_bank_transactions_uk
2024-05-21,card direct debit disney+ <ref>,17.37,subscriptions,simulated_bank_transactions_uk
2024-01-15,card payment esso bus pass <ref>,92.91,transportation,simulated_bank_transactions_uk
2023-11-28,transport/bp/uber/ri,133.98,transportation,simulated_bank_transactions_uk
2024-07-30,bacs rent rent <ref>,1141.41,housing,simulated_bank_transactions_uk
2024-01-09,pos bacs letting agent rent <ref>,1020.51,housing,simulated_bank_transactions_uk
2024-07-26,online purchase boots misc expense,134.94,other,simulated_bank_transactions_uk
2023-05-15,bill payment thames water <ref>,181.73,utilities,simulated_bank_transactions_uk
2024-04-09,bacs landlord rent <ref>,1906.24,housing,simulated_bank_transactions_uk
2024-10-27,bacs-rent-rent <ref>,704.03,housing,simulated_bank_transactions_uk
2024-09-16,transport*uber*uber*ride <ref>,131.43,transportation,simulated_bank_transactions_uk
2024-01-19,contactless bacs letting agent rent <ref>,1765.12,housing,simulated_bank_transactions_uk
2023-11-24,food delivery mcdonalds fast fo,107.45,dining,simulated_bank_transactions_uk
2024-11-11,utility*bill*british*gas <ref>,38.88,utilities,simulated_bank_transactions_uk
2023-09-26,bill-payment-scottishpower <ref>,198.31,utilities,simulated_bank_transactions_uk
2024-07-14,restaurant nando's restaurant,6.78,dining,simulated_bank_transactions_uk
2024-01-07,direct debit ee <ref>,71.48,utilities,simulated_bank_transactions_uk
2023-06-22,rent payment letting agent <ref>,1912.07,housing,simulated_bank_transactions_uk
2024-12-20,so mortgage payment letting agent <ref>,1000.02,housing,simulated_bank_transactions_uk
2023-10-24,direct debit thames water 4,126.03,utilities,simulated_bank_transactions_uk
2023-04-01,bacs rent rent <ref>,726.36,housing,simulated_bank_transactions_uk
2024-11-06,card pmt hmrc online purchase <ref>,56.17,other,simulated_bank_transactions_uk
2024-08-04,bacs bill pmt vodafone <ref>,99.74,utilities,simulated_bank_transactions_uk
2024-05-04,contactless sainsburys vegetables <ref>,6.96,groceries,simulated_bank_transactions_uk
2024-11-02,subscription/apple.com/b,33.02,subscriptions,simulated_bank_transactions_uk
2023-03-30,fps bill pmt severn trent <ref>,119.46,utilities,simulated_bank_transactions_uk
2023-04-27,card pmt gym group <ref>,38.83,subscriptions,simulated_bank_transactions_uk
2023-08-27,so utility bill severn trent <ref>,190.57,utilities,simulated_bank_transactions_uk
2023-07-26,transport tfl bus pass <ref>,72.53,transportation,simulated_bank_transactions_uk
2024-03-13,utility bill o2 <ref>,226.35,utilities,simulated_bank_transactions_uk
2023-10-25,mastercard/subscription/apple.com/bill <ref>,22.27,subscriptions,simulated_bank_transactions_uk
2023-04-30,card payment nhs online purchase,20.05,other,simulated_bank_transactions_uk
2024-12-13,bill payment o2 <ref>,166.23,utilities,simulated_bank_transactions_uk
2023-02-10,rent payment landlord <ref>,1991.5,housing,simulated_bank_transactions_uk
2023-11-09,contactless aldi eggs <ref>,90.03,groceries,simulated_bank_transactions_uk
2024-09-08,direct debit google *services <ref>,23.4,subscriptions,simulated_bank_transactions_uk
2024-06-24,pos-morrisons-chicken <ref>,83.12,groceries,simulated_bank_transactions_uk
2023-11-06,fps bacs landlord rent <ref>,1548.4,housing,simulated_bank_transactions_uk
2023-04-30,pos purchase amazon misc expense,26.19,other,simulated_bank_transactions_uk
2024-08-27,contactless pos purchase nhs online purchase,102.39,other,simulated_bank_transactions_uk
2024-11-17,card*pos*sainsburys*chicken <ref>,25.65,groceries,simulated_bank_transactions_uk
2024-12-13,utility bill severn trent <ref>,242.13,utilities,simulated_bank_transactions_uk
2024-03-17,direct debit thames water <ref>,63.35,utilities,simulated_bank_transactions_uk
2023-11-04,card payment boots misc expense,74.89,other,simulated_bank_transactions_uk
2024-11-01,mortgage payment rent,719.11,housing,simulated_bank_transactions_uk
2024-05-05,direct debit british gas <ref>,225.33,utilities,simulated_bank_transactions_uk
2023-01-31,transport/national/rail/uber/ride <ref>,50.2,transportation,simulated_bank_transactions_uk
2023-06-12,contactless sainsburys bread <ref>,109.16,groceries,simulated_bank_transactions_uk
2023-09-27,pos lidl bread <ref>,43.05,groceries,simulated_bank_transactions_uk
2023-03-20,direct debit disney+,38.54,subscriptions,simulated_bank_transactions_uk
2023-12-20,card*payment*national*rail*fuel <ref>,116.18,transportation,simulated_bank_transactions_uk
2023-12-22,contactless iceland vegetables <ref>,75.9,groceries,simulated_bank_transactions_uk
2024-10-30,card pmt boots online purchase <ref>,55.64,other,simulated_bank_transactions_uk
2024-01-22,restaurant kfc restaurant <ref>,36.24,dining,simulated_bank_transactions_uk
2023-01-27,direct debit card payment argos online purchase <ref>,20.3,other,simulated_bank_transactions_uk
2024-10-19,so online purchase hmrc online purchase <ref>,100.33,other,simulated_bank_transactions_uk
2024-11-18,contactless-card-pmt-amazon-prime <ref>,27.83,subscriptions,simulated_bank_transactions_uk
2024-03-26,bacs-letting-agent-rent <ref>,1844.34,housing,simulated_bank_transactions_uk
2024-08-10,online purchase superdrug online purchase 88,143.25,other,simulated_bank_transactions_uk
2024-03-10,subscription netflix,12.2,subscriptions,simulated_bank_transactions_uk
2023-12-20,restaurant-pret-fast-food,6.34,dining,simulated_bank_transactions_uk
2024-02-11,subscription-spotify <ref>,36.99,subscriptions,simulated_bank_transactions_uk
2023-05-21,food delivery nando's food delivery <ref>,91.88,dining,simulated_bank_transactions_uk
2024-04-17,pos/purchase/superdrug/online/purchase <ref>,35.08,other,simulated_bank_transactions_uk
2024-11-28,contactless/asda/milk,75.49,groceries,simulated_bank_transactions_uk
2024-08-16,transport national rail uber ride <ref>,117.86,transportation,simulated_bank_transactions_uk
2023-02-19,restaurant/mcdonalds/restaurant <ref>,43.33,dining,simulated_bank_transactions_uk
2023-11-02,direct*debit*disney+,11.39,subscriptions,simulated_bank_transactions_uk
2024-07-01,direct/debit/british/gas <ref>,119.37,utilities,simulated_bank_transactions_uk
2024-12-13,card pmt boots misc expense <ref>,46.09,other,simulated_bank_transactions_uk
2024-10-28,direct debit puregym <ref>,11.74,subscriptions,simulated_bank_transactions_uk
2023-01-06,direct debit scottishpower,161.95,utilities,simulated_bank_transactions_uk
2024-06-21,card-pmt-boots-misc-expense <ref>,30.42,other,simulated_bank_transactions_uk
2024-12-10,sto pos purchase argos misc expense <ref>,137.26,other,simulated_bank_transactions_uk
2023-10-08,bill pmt vodafone <ref>,104.29,utilities,simulated_bank_transactions_uk
2023-04-26,fuel tfl bus pass,149.84,transportation,simulated_bank_transactions_uk
2023-01-25,bill pmt thames water <ref>,240.06,utilities,simulated_bank_transactions_uk
2023-08-29,direct-debit-scottishpower <ref>,66.32,utilities,simulated_bank_transactions_uk
2023-07-31,restaurant just eat fast food <ref>,82.77,dining,simulated_bank_transactions_uk
2024-07-30,card payment disney+,18.87,subscriptions,simulated_bank_transactions_uk
2023-09-04,visa*card*payment*boots*online*purchase <ref>,24.37,other,simulated_bank_transactions_uk
2024-02-26,direct debit gym group,29.32,subscriptions,simulated_bank_transactions_uk
2023-11-15,fuel bp fuel <ref>,56.52,transportation,simulated_bank_transactions_uk
2023-10-08,restaurant uber eats fast food <ref>,135.09,dining,simulated_bank_transactions_uk
2023-09-30,pos*direct*debit*google**services <ref>,38.03,subscriptions,simulated_bank_transactions_uk
2023-04-01,contactless aldi rice <ref>,36.94,groceries,simulated_bank_transactions_uk
2023-12-07,contactless bill pmt thames water <ref>,53.24,utilities,simulated_bank_transactions_uk
2024-05-07,fuel/bolt/train/ticket <ref>,87.54,transportation,simulated_bank_transactions_uk
2024-01-02,restaurant pret restaurant,20.91,dining,simulated_bank_transactions_uk
2023-10-03,direct debit disney+,8.62,subscriptions,simulated_bank_transactions_uk
2023-07-02,card*transport*national*rail*uber*ride,57.37,transportation,simulated_bank_transactions_uk
2024-12-20,sto card payment gym group <ref>,29.9,subscriptions,simulated_bank_transactions_uk
2024-07-05,card payment just eat restaurant,13.69,dining,simulated_bank_transactions_uk
2024-01-31,card/pmt/deliveroo/restaurant <ref>,17.99,dining,simulated_bank_transactions_uk
2023-03-19,bacs card pmt aldi bread <ref>,131.99,groceries,simulated_bank_transactions_uk
2024-02-14,pos iceland chicken <ref>,92.31,groceries,simulated_bank_transactions_uk
2024-12-27,mortgage pmt rent <ref>,1078.37,housing,simulated_bank_transactions_uk
2023-09-22,mortgage pmt rent,1090.89,housing,simulated_bank_transactions_uk
2024-06-02,so-bill-payment-octopus-energy <ref>,84.3,utilities,simulated_bank_transactions_uk
2023-08-26,bacs*card*pmt*boots*misc*expense <ref>,138.96,other,simulated_bank_transactions_uk
2023-10-01,restaurant just eat fast food <ref>,16.16,dining,simulated_bank_transactions_uk
2024-11-23,fps pos purchase superdrug online purchase,32.17,other,simulated_bank_transactions_uk
2023-12-13,bacs card payment shell bus p,44.28,transportation,simulated_bank_transactions_uk
2024-03-10,pos purchase argos misc expense,102.16,other,simulated_bank_transactions_uk
2023-01-08,pos sainsburys milk,36.94,groceries,simulated_bank_transactions_uk
2024-02-28,card card payment amazon online purchase <ref>,16.63,other,simulated_bank_transactions_uk
2023-08-14,mortgage payment letting agent,1685.61,housing,simulated_bank_transactions_uk
2023-10-01,bacs subscription apple.com/bill <ref>,21.51,subscriptions,simulated_bank_transactions_uk
2024-03-31,rent-payment-landlord <ref>,1512.29,housing,simulated_bank_transactions_uk
2024-07-01,bacs rent rent <ref>,1342.53,housing,simulated_bank_transactions_uk
2023-11-29,card payment trainline uber ride,141.52,transportation,simulated_bank_transactions_uk
2024-08-22,direct debit pos purchase ebay misc expense 69,6.16,other,simulated_bank_transactions_uk
2024-08-10,sto-direct-debit-sky <ref>,187.55,utilities,simulated_bank_transactions_uk
2024-01-05,pos waitrose ri,103.4,groceries,simulated_bank_transactions_uk
2023-07-13,direct debit card pmt morrisons chicken <ref>,19.68,groceries,simulated_bank_transactions_uk
2023-01-20,restaurant mcdonalds food delivery <ref>,119.24,dining,simulated_bank_transactions_uk
2024-07-29,bill payment bt <ref>,168.24,utilities,simulated_bank_transactions_uk
2024-04-30,card*payment*bp*train*ticket <ref>,131.13,transportation,simulated_bank_transactions_uk
2024-12-08,online purchase boots misc expense,7.99,other,simulated_bank_transactions_uk
2024-08-07,card restaurant mcdonalds restaurant,122.14,dining,simulated_bank_transactions_uk
2023-05-08,fuel esso bus pass <ref>,131.81,transportation,simulated_bank_transactions_uk
2023-12-30,fuel*tfl*train*ticket <ref>,90.31,transportation,simulated_bank_transactions_uk
2024-02-01,transport tfl bus pass <ref>,93.12,transportation,simulated_bank_transactions_uk
2023-05-22,sto*restaurant*nando's*food*delivery <ref>,51.41,dining,simulated_bank_transactions_uk
2024-12-14,pos/purchase/hmrc/online/purchase <ref>,147.2,other,simulated_bank_transactions_uk
2023-12-29,restaurant-starbucks-food-delivery <ref>,105.63,dining,simulated_bank_transactions_uk
2023-12-18,card-pmt-argos-misc-expense <ref>,22.17,other,simulated_bank_transactions_uk
2023-03-10,direct debit o2,54.69,utilities,simulated_bank_transactions_uk
2024-08-16,rent/pmt/mortgage <ref>,1028.45,housing,simulated_bank_transactions_uk
2023-07-08,bacs letting agent rent <ref>,1046.49,housing,simulated_bank_transactions_uk
2024-12-29,direct debit vodafone <ref>,209.55,utilities,simulated_bank_transactions_uk
2024-06-10,direct*debit*british*gas,122.96,utilities,simulated_bank_transactions_uk
2024-11-30,subscription disney+ <ref>,29.04,subscriptions,simulated_bank_transactions_uk
2024-03-31,online*purchase*currys*online*purchase <ref>,10.79,other,simulated_bank_transactions_uk
2023-04-16,card payment tesco rice <ref>,84.76,groceries,simulated_bank_transactions_uk
2024-02-19,fps direct debit vodafone <ref>,104.32,utilities,simulated_bank_transactions_uk
2023-02-11,card pmt lidl vegetable,111.55,groceries,simulated_bank_transactions_uk
2024-08-02,online purchase superdrug misc expense <ref>,131.47,other,simulated_bank_transactions_uk
2023-10-23,transport uber bus pass,16.21,transportation,simulated_bank_transactions_uk
2023-06-03,contactless/direct/debit/scottishpowe,107.13,utilities,simulated_bank_transactions_uk
2024-05-09,pos purchase hmrc online purchase,97.07,other,simulated_bank_transactions_uk
2024-11-05,utility bill ee <ref>,219.08,utilities,simulated_bank_transactions_uk
2023-05-08,restaurant mcdonalds food delivery <ref>,149.05,dining,simulated_bank_transactions_uk
2023-11-30,direct debit bacs landlord rent,793.93,housing,simulated_bank_transactions_uk
2024-12-29,food*delivery*greggs*fast*food <ref>,96.67,dining,simulated_bank_transactions_uk
2023-12-16,so restaurant uber eats res,124.71,dining,simulated_bank_transactions_uk
2023-03-08,subscription netflix <ref>,30.51,subscriptions,simulated_bank_transactions_uk
2024-11-22,online-purchase-boots-misc-expense <ref>,144.09,other,simulated_bank_transactions_uk
2023-01-03,subscription spotify <ref>,37.63,subscriptions,simulated_bank_transactions_uk
2023-04-29,restaurant kfc food delivery <ref>,87.8,dining,simulated_bank_transactions_uk
2024-02-15,food delivery mcdonalds restaurant 1572,14.18,dining,simulated_bank_transactions_uk
2024-10-27,fuel-trainline-bus-pass <ref>,59.13,transportation,simulated_bank_transactions_uk
2024-05-31,card payment iceland milk <ref>,149.91,groceries,simulated_bank_transactions_uk
2023-11-07,bill pmt severn trent,130.64,utilities,simulated_bank_transactions_uk
2024-11-17,utility bill sky <ref>,137.68,utilities,simulated_bank_transactions_uk
2024-12-28,sto subscription google *services <ref>,31.79,subscriptions,simulated_bank_transactions_uk
2024-05-09,utility*bill*bt <ref>,188.75,utilities,simulated_bank_transactions_uk
2023-02-27,fuel-esso-fuel <ref>,70.4,transportation,simulated_bank_transactions_uk
2023-05-04,restaurant pret food delivery <ref>,85.39,dining,simulated_bank_transactions_uk
2023-04-08,mortgage/payment/letting/agent <ref>,841.61,housing,simulated_bank_transactions_uk
2024-07-22,bill pmt scottishpower <ref>,189.96,utilities,simulated_bank_transactions_uk
2023-06-17,pos purchase hmrc online purchase,83.94,other,simulated_bank_transactions_uk
2024-08-08,online purchase amazon online purchase <ref>,62.71,other,simulated_bank_transactions_uk
2024-02-26,subscription*gym*group <ref>,28.3,subscriptions,simulated_bank_transactions_uk
2023-07-28,rent pmt landlord <ref>,1202.53,housing,simulated_bank_transactions_uk
2024-01-05,bacs direct debit google *services <ref>,27.63,subscriptions,simulated_bank_transactions_uk
2024-02-17,food delivery pret restaurant,63.25,dining,simulated_bank_transactions_uk
2023-01-02,pos purchase ebay online purchase <ref>,146.34,other,simulated_bank_transactions_uk
2024-04-28,so/card/pmt/superdrug/online/purchase <ref>,30.77,other,simulated_bank_transactions_uk
2023-01-22,bacs contactless waitrose vegetables,90.28,groceries,simulated_bank_transactions_uk
2024-05-14,card payment starbucks restaura,122.18,dining,simulated_bank_transactions_uk
2024-03-02,card payment puregym,22.92,subscriptions,simulated_bank_transactions_uk
2023-08-19,visa rent payment rent <ref>,1914.91,housing,simulated_bank_transactions_uk
2024-12-24,bill/pmt/ee,214.94,utilities,simulated_bank_transactions_uk
2024-06-11,card pmt asda chicken <ref>,144.69,groceries,simulated_bank_transactions_uk
2024-11-19,bill payment sky <ref>,160.65,utilities,simulated_bank_transactions_uk
2024-03-26,bacs/landlord/rent,1026.26,housing,simulated_bank_transactions_uk
2023-06-30,pos card payment superdrug misc expense <ref>,140.28,other,simulated_bank_transactions_uk
2023-10-21,direct debit spotify <ref>,34.83,subscriptions,simulated_bank_transactions_uk
2024-03-28,visa mortgage payment mortgage,1152.95,housing,simulated_bank_transactions_uk
2023-10-10,utility/bill/severn/trent,109.3,utilities,simulated_bank_transactions_uk
2024-05-29,contactless card pmt sainsburys chicken <ref>,77.95,groceries,simulated_bank_transactions_uk
2023-10-05,card pmt waitrose rice,149.7,groceries,simulated_bank_transactions_uk
2023-01-04,food/delivery/greggs/fast/food <ref>,87.88,dining,simulated_bank_transactions_uk
2023-12-08,bacs pos purchase ebay online purchase <ref>,31.49,other,simulated_bank_transactions_uk
2023-03-04,pos purchase superdrug online purchase <ref>,113.96,other,simulated_bank_transactions_uk
2023-08-20,utility/bill/bt <ref>,117.38,utilities,simulated_bank_transactions_uk
2024-02-03,pos tesco bread <ref>,21.38,groceries,simulated_bank_transactions_uk
2024-01-16,mortgage payment landlord <ref>,1934.24,housing,simulated_bank_transactions_uk
2024-09-18,sto-food-delivery-nando's-restaurant <ref>,38.5,dining,simulated_bank_transactions_uk
2023-09-22,contactless bacs landlord rent <ref>,1246.03,housing,simulated_bank_transactions_uk
2023-08-21,online purchase currys online purchase <ref>,110.67,other,simulated_bank_transactions_uk
2023-12-18,direct/debit/card/payment/tfl/uber/ride <ref>,66.6,transportation,simulated_bank_transactions_uk
2024-05-05,direct debit british gas <ref>,117.94,utilities,simulated_bank_transactions_uk
2024-12-26,transport esso uber ride <ref>,21.4,transportation,simulated_bank_transactions_uk
2024-08-30,fps-direct-debit-puregym <ref>,27.15,subscriptions,simulated_bank_transactions_uk
2024-01-02,card/pmt/aldi/milk <ref>,108.86,groceries,simulated_bank_transactions_uk
2024-02-22,card*pmt*nhs*online*purchase <ref>,61.72,other,simulated_bank_transactions_uk
2023-08-25,card pmt gym group <ref>,22.24,subscriptions,simulated_bank_transactions_uk
2023-12-30,utility*bill*vodafone <ref>,147.21,utilities,simulated_bank_transactions_uk
2024-06-16,bacs rent rent,1925.06,housing,simulated_bank_transactions_uk
2023-08-13,utility bill octopus energy <ref>,203.04,utilities,simulated_bank_transactions_uk
2023-12-12,so card payment mcdonalds food delivery <ref>,28.98,dining,simulated_bank_transactions_uk
2023-08-27,online purchase superdrug online purchase <ref>,18.0,other,simulated_bank_transactions_uk
2024-12-16,pos/purchase/nhs/online/purchase <ref>,108.47,other,simulated_bank_transactions_uk
2023-11-16,mortgage pmt landlord,1570.1,housing,simulated_bank_transactions_uk
2023-07-29,direct debit direct debit vodafone,227.15,utilities,simulated_bank_transactions_uk
2023-08-27,bacs rent rent <ref>,876.52,housing,simulated_bank_transactions_uk
2024-10-09,contactless pos purchase nhs online purchase <ref>,103.37,other,simulated_bank_transactions_uk
2024-10-11,mortgage pmt landlord 3,1113.99,housing,simulated_bank_transactions_uk
2024-10-23,sto pos purchase boots online purchase <ref>,21.8,other,simulated_bank_transactions_uk
2023-01-13,food delivery kfc food delivery,95.01,dining,simulated_bank_transactions_uk
2023-04-14,card payment tfl fuel 48,35.21,transportation,simulated_bank_transactions_uk
2024-01-16,fps subscription netflix <ref>,27.46,subscriptions,simulated_bank_transactions_uk
2024-03-07,card payment ebay online purchase <ref>,73.2,other,simulated_bank_transactions_uk
2024-10-30,direct debit disney+,5.58,subscriptions,simulated_bank_transactions_uk
2024-01-01,sto bacs mortgage rent <ref>,1781.81,housing,simulated_bank_transactions_uk
2024-12-08,fps transport shell bus pass <ref>,110.0,transportation,simulated_bank_transactions_uk
2024-07-06,bill pmt octopus energy,176.45,utilities,simulated_bank_transactions_uk
2024-11-15,fps online purchase nhs online purchase <ref>,71.14,other,simulated_bank_transactions_uk
2024-12-31,utility bill vodafone <ref>,101.11,utilities,simulated_bank_transactions_uk
2024-09-08,direct debit direct debit o2 <ref>,243.34,utilities,simulated_bank_transactions_uk
2024-09-23,mastercard/restaurant/kfc/food/delivery <ref>,80.81,dining,simulated_bank_transactions_uk
2024-07-23,direct debit bt <ref>,59.21,utilities,simulated_bank_transactions_uk
2024-09-13,card direct debit thames water <ref>,130.5,utilities,simulated_bank_transactions_uk
2023-08-11,food delivery mcdonalds food delivery <ref>,101.8,dining,simulated_bank_transactions_uk
2023-09-01,rent pmt rent <ref>,1121.21,housing,simulated_bank_transactions_uk
2024-08-18,utility*bill*thames*water <ref>,112.31,utilities,simulated_bank_transactions_uk
2024-01-07,pos/purchase/currys/misc/expense <ref>,144.7,other,simulated_bank_transactions_uk
2023-01-31,pos purchase currys online purchase <ref>,103.1,other,simulated_bank_transactions_uk
2024-10-26,direct debit sky <ref>,125.9,utilities,simulated_bank_transactions_uk
2024-02-17,subscription netflix <ref>,31.86,subscriptions,simulated_bank_transactions_uk
2024-03-03,rent payment mortgage <ref>,1016.73,housing,simulated_bank_transactions_uk
2024-08-04,restaurant kfc restaurant <ref>,131.01,dining,simulated_bank_transactions_uk
2024-07-26,subscription disney+ <ref>,13.63,subscriptions,simulated_bank_transactions_uk
2023-01-01,visa direct debit google *services <ref>,8.12,subscriptions,simulated_bank_transactions_uk
2024-04-25,sto direct debit british gas,62.26,utilities,simulated_bank_transactions_uk
2023-11-30,food delivery greggs restaurant <ref>,25.45,dining,simulated_bank_transactions_uk
2024-11-24,transport national rail fuel <ref>,38.58,transportation,simulated_bank_transactions_uk
2024-11-23,food delivery pret fast food <ref>,33.27,dining,simulated_bank_transactions_uk
2023-09-21,restaurant costa restaurant <ref>,90.7,dining,simulated_bank_transactions_uk
2023-07-25,subscription-gym-group 7,15.12,subscriptions,simulated_bank_transactions_uk
2023-10-20,contactless card pmt apple.com/bill <ref>,32.58,subscriptions,simulated_bank_transactions_uk
2024-11-09,restaurant*deliveroo*fast*food <ref>,67.02,dining,simulated_bank_transactions_uk
2024-06-09,mastercard bacs letting agent rent <ref>,1257.9,housing,simulated_bank_transactions_uk
2023-06-03,bacs restaurant kfc restaurant <ref>,7.6,dining,simulated_bank_transactions_uk
2024-04-23,mortgage pmt letting agent <ref>,805.06,housing,simulated_bank_transactions_uk
2023-06-21,direct debit scottishpower,78.72,utilities,simulated_bank_transactions_uk
2024-04-17,fps transport shell fuel <ref>,99.55,transportation,simulated_bank_transactions_uk
2023-10-19,visa utility bill vodafone <ref>,190.54,utilities,simulated_bank_transactions_uk
2023-03-08,subscription amazon prime,12.48,subscriptions,simulated_bank_transactions_uk
2023-04-09,card pmt just eat food delivery <ref>,60.54,dining,simulated_bank_transactions_uk
2024-07-15,card pmt puregym,5.36,subscriptions,simulated_bank_transactions_uk
2023-01-24,subscription spotify <ref>,38.96,subscriptions,simulated_bank_transactions_uk
2023-06-07,mortgage pmt landlord,1802.4,housing,simulated_bank_transactions_uk
2024-04-03,food delivery nando's fast food <ref>,47.72,dining,simulated_bank_transactions_uk
2024-06-10,card payment argos online purchase,100.68,other,simulated_bank_transactions_uk
2023-10-14,direct debit fuel bolt bus pass <ref>,95.62,transportation,simulated_bank_transactions_uk
2023-03-01,contactless sainsburys rice <ref>,148.78,groceries,simulated_bank_transactions_uk
2024-05-22,pos purchase superdrug online purchase <ref>,91.12,other,simulated_bank_transactions_uk
2024-12-25,card/contactless/tesco/rice <ref>,46.02,groceries,simulated_bank_transactions_uk
2023-01-15,mortgage pmt rent <ref>,1382.92,housing,simulated_bank_transactions_uk
2023-09-10,transport esso bus pass,113.43,transportation,simulated_bank_transactions_uk
2023-11-04,bacs*mortgage*rent <ref>,1945.91,housing,simulated_bank_transactions_uk
2024-12-06,card payment bp fuel <ref>,119.54,transportation,simulated_bank_transactions_uk
2024-12-29,direct debit o2,224.08,utilities,simulated_bank_transactions_uk
2024-08-09,card-pmt-national-rail-train-ticket,76.67,transportation,simulated_bank_transactions_uk
2024-03-23,pos contactless waitrose vegetables <ref>,51.77,groceries,simulated_bank_transactions_uk
2024-03-29,direct-debit-fuel-trainline-uber-ride <ref>,84.31,transportation,simulated_bank_transactions_uk
2024-08-30,direct debit google *services <ref>,20.49,subscriptions,simulated_bank_transactions_uk
2023-10-08,direct debit puregym <ref>,39.18,subscriptions,simulated_bank_transactions_uk
2024-02-17,bill*pmt*sky <ref>,163.37,utilities,simulated_bank_transactions_uk
2024-02-09,card payment apple.com/bill <ref>,22.62,subscriptions,simulated_bank_transactions_uk
2024-06-07,direct debit bt 9342,82.74,utilities,simulated_bank_transactions_uk
2024-09-14,pos*purchase*boots*misc*expense 9281,44.22,other,simulated_bank_transactions_uk
2023-08-26,contactless*rent*pmt*letting*agent <ref>,911.21,housing,simulated_bank_transactions_uk
2024-09-01,card payment uber bus pass,80.67,transportation,simulated_bank_transactions_uk
2023-07-11,transport bolt train ticket <ref>,149.52,transportation,simulated_bank_transactions_uk
2024-02-03,card*payment*currys*online*purchase <ref>,103.85,other,simulated_bank_transactions_uk
2023-03-07,contactless morrisons bread <ref>,77.15,groceries,simulated_bank_transactions_uk
2023-08-03,card payment morrisons chicken 1780,83.25,groceries,simulated_bank_transactions_uk
2023-10-25,fuel/tfl/bus/pass 5148,64.68,transportation,simulated_bank_transactions_uk
2023-11-03,sto card payment mcdonalds fast food <ref>,3.1,dining,simulated_bank_transactions_uk
2024-03-27,card*payment*netflix,19.08,subscriptions,simulated_bank_transactions_uk
2024-08-19,fuel-uber-fuel,66.26,transportation,simulated_bank_transactions_uk
2023-03-25,pos aldi vegetables,112.03,groceries,simulated_bank_transactions_uk
2023-04-29,card/payment/costa/restaurant <ref>,30.38,dining,simulated_bank_transactions_uk
2023-09-01,card-payment-hmrc-misc-expense <ref>,9.51,other,simulated_bank_transactions_uk
2024-07-18,rent-pmt-letting-agent,1970.65,housing,simulated_bank_transactions_uk
2024-12-29,pos purchase boots misc expense <ref>,107.39,other,simulated_bank_transactions_uk
2023-02-15,mortgage payment letting agent,1864.12,housing,simulated_bank_transactions_uk
2024-06-17,contactless aldi eggs <ref>,21.03,groceries,simulated_bank_transactions_uk
2024-07-10,subscription netflix <ref>,18.05,subscriptions,simulated_bank_transactions_uk
2024-02-15,card payment uber eats food delivery <ref>,108.12,dining,simulated_bank_transactions_uk
2024-06-11,contactless lidl milk <ref>,122.79,groceries,simulated_bank_transactions_uk
2023-01-27,fuel/shell/bus/pass,113.13,transportation,simulated_bank_transactions_uk
2024-06-15,bacs utility bill british gas <ref>,136.02,utilities,simulated_bank_transactions_uk
2023-02-01,card payment aldi milk <ref>,148.75,groceries,simulated_bank_transactions_uk
2023-12-29,pos asda bread,128.77,groceries,simulated_bank_transactions_uk
2024-07-08,card payment hmrc misc expense,16.92,other,simulated_bank_transactions_uk
2024-01-30,sto pos waitrose eggs,85.16,groceries,simulated_bank_transactions_uk
2024-08-15,rent*pmt*mortgage <ref>,1450.62,housing,simulated_bank_transactions_uk
2024-10-02,card-payment-aldi-bread <ref>,137.26,groceries,simulated_bank_transactions_uk
2023-12-31,pos*purchase*superdrug*misc*expense <ref>,8.32,other,simulated_bank_transactions_uk
2024-11-18,fuel shell uber ride 7,87.61,transportation,simulated_bank_transactions_uk
2024-08-13,bacs/online/purchase/ebay/online/purchase <ref>,125.5,other,simulated_bank_transactions_uk
2024-05-28,restaurant kfc food delivery <ref>,67.39,dining,simulated_bank_transactions_uk
2024-05-09,food delivery costa food delivery <ref>,75.39,dining,simulated_bank_transactions_uk
2023-11-15,card pmt waitrose chicken,4.69,groceries,simulated_bank_transactions_uk
2023-06-16,direct-debit-netflix <ref>,12.14,subscriptions,simulated_bank_transactions_uk
2024-12-19,online/purchase/nhs/misc/expense <ref>,5.54,other,simulated_bank_transactions_uk
2023-06-07,contactless asda chicken <ref>,65.12,groceries,simulated_bank_transactions_uk
2023-07-19,card pmt apple.com/bill,9.92,subscriptions,simulated_bank_transactions_uk
2023-05-19,fuel-tfl-bus-pass <ref>,26.99,transportation,simulated_bank_transactions_uk
2023-09-29,card pmt sainsburys chicken <ref>,131.12,groceries,simulated_bank_transactions_uk
2023-08-07,so contactless sainsburys vegetables <ref>,10.67,groceries,simulated_bank_transactions_uk
2024-04-27,sto card pmt just eat food delivery,13.74,dining,simulated_bank_transactions_uk
2023-12-24,restaurant/greggs/fast/food <ref>,79.76,dining,simulated_bank_transactions_uk
2023-09-19,card pmt starbucks restaurant <ref>,108.3,dining,simulated_bank_transactions_uk
2024-12-08,card pmt google *services <ref>,8.72,subscriptions,simulated_bank_transactions_uk
2023-02-03,utility bill thames water,192.94,utilities,simulated_bank_transactions_uk
2024-08-29,mortgage payment landlord <ref>,1992.55,housing,simulated_bank_transactions_uk
2024-03-15,fps pos purchase boots misc expense <ref>,141.65,other,simulated_bank_transactions_uk
2023-06-22,fuel bp fuel <ref>,102.04,transportation,simulated_bank_transactions_uk
2023-02-19,pos waitrose milk <ref>,84.49,groceries,simulated_bank_transactions_uk
2023-05-05,pos card payment nhs online purchase <ref>,82.68,other,simulated_bank_transactions_uk
2023-08-24,rent payment landlord <ref>,1594.64,housing,simulated_bank_transactions_uk
2023-07-06,pos*purchase*boots*online*purchas,31.76,other,simulated_bank_transactions_uk
2024-06-04,fuel esso bus pass <ref>,88.81,transportation,simulated_bank_transactions_uk
2023-05-19,fps card pmt argos misc expense <ref>,88.38,other,simulated_bank_transactions_uk
2023-08-15,sto pos lidl rice <ref>,118.84,groceries,simulated_bank_transactions_uk
2023-12-16,mastercard card pmt tesco eggs <ref>,122.95,groceries,simulated_bank_transactions_uk
2024-12-18,direct-debit-puregym <ref>,29.06,subscriptions,simulated_bank_transactions_uk
2024-12-21,card card pmt spotify,35.85,subscriptions,simulated_bank_transactions_uk
2024-02-19,contactless food delivery costa food delivery <ref>,18.84,dining,simulated_bank_transactions_uk
2024-01-03,online purchase amazon online purchase <ref>,145.13,other,simulated_bank_transactions_uk
2023-03-08,pos asda eggs <ref>,27.0,groceries,simulated_bank_transactions_uk
2023-01-07,utility bill thames water,204.37,utilities,simulated_bank_transactions_uk
2023-04-16,card payment puregym <ref>,14.59,subscriptions,simulated_bank_transactions_uk
2024-02-21,rent payment rent,1646.01,housing,simulated_bank_transactions_uk
2024-12-19,online purchase argos online purchase,131.84,other,simulated_bank_transactions_uk
2023-04-15,card payment lidl vegetables <ref>,92.84,groceries,simulated_bank_transactions_uk
2024-07-19,contactless fuel trainline uber ride <ref>,121.25,transportation,simulated_bank_transactions_uk
2024-07-31,pos purchase superdrug online purchase,43.16,other,simulated_bank_transactions_uk
2023-12-27,card pmt bolt bus pass,44.23,transportation,simulated_bank_transactions_uk
2024-11-27,fps*contactless*tesco*rice 4524,4.7,groceries,simulated_bank_transactions_uk
2024-05-28,card pmt ebay misc expense,124.81,other,simulated_bank_transactions_uk
2024-12-09,pos sainsburys rice <ref>,124.67,groceries,simulated_bank_transactions_uk
2024-03-18,food-delivery-kfc-fast-food <ref>,53.05,dining,simulated_bank_transactions_uk
2024-07-13,direct debit gym group <ref>,26.64,subscriptions,simulated_bank_transactions_uk
2023-02-11,online/purchase/nhs/misc/expense <ref>,87.01,other,simulated_bank_transactions_uk
2023-10-08,card pmt nando's fast food 3891,23.82,dining,simulated_bank_transactions_uk
2024-09-25,card payment sainsburys eggs <ref>,24.03,groceries,simulated_bank_transactions_uk
2024-10-28,mortgage payment mortgage 8,1102.72,housing,simulated_bank_transactions_uk
2023-07-15,contactless restaurant mcdonalds fast food,29.33,dining,simulated_bank_transactions_uk
2024-09-11,bacs*rent*rent <ref>,1653.85,housing,simulated_bank_transactions_uk
2023-07-19,contactless card pmt lidl chicken,121.54,groceries,simulated_bank_transactions_uk
2023-10-20,contactless tesco milk,60.44,groceries,simulated_bank_transactions_uk
2024-10-07,food delivery nando's restaurant <ref>,80.09,dining,simulated_bank_transactions_uk
2023-10-28,restaurant costa restau,72.0,dining,simulated_bank_transactions_uk
2023-01-15,mortgage payment landlord <ref>,1048.24,housing,simulated_bank_transactions_uk
2024-02-02,direct debit ee <ref>,207.46,utilities,simulated_bank_transactions_uk
2024-02-01,card-pmt-morrisons-milk <ref>,114.51,groceries,simulated_bank_transactions_uk
2023-11-12,direct debit scottishpower,198.96,utilities,simulated_bank_transactions_uk
2024-02-14,subscription apple.com/bill <ref>,33.28,subscriptions,simulated_bank_transactions_uk
2024-11-22,direct debit apple.com/bill <ref>,39.93,subscriptions,simulated_bank_transactions_uk
2023-05-08,food-delivery-just-eat-fast-food,98.62,dining,simulated_bank_transactions_uk
2024-05-24,card*payment*uber*eats*fast*food,58.64,dining,simulated_bank_transactions_uk
2023-06-11,rent payment letting agent <ref>,1013.49,housing,simulated_bank_transactions_uk
2024-05-24,sto pos lidl eggs <ref>,123.81,groceries,simulated_bank_transactions_uk
2023-11-27,so utility bill vodafone,236.32,utilities,simulated_bank_transactions_uk
2023-06-05,bill*payment*o2 <ref>,74.68,utilities,simulated_bank_transactions_uk
2023-01-01,mastercard fuel bp fuel <ref>,125.18,transportation,simulated_bank_transactions_uk
2024-09-26,subscription-disney+ <ref>,23.29,subscriptions,simulated_bank_transactions_uk
2024-04-08,transport uber fuel <ref>,132.15,transportation,simulated_bank_transactions_uk
2023-12-14,bill pmt bt <ref>,216.83,utilities,simulated_bank_transactions_uk
2024-01-04,online purchase currys online purchase,4.21,other,simulated_bank_transactions_uk
2023-07-12,bacs rent rent <ref>,1674.56,housing,simulated_bank_transactions_uk
2024-02-28,bacs rent rent <ref>,1120.05,housing,simulated_bank_transactions_uk
2024-09-30,contactless iceland eggs,93.06,groceries,simulated_bank_transactions_uk
2023-05-10,direct/debit/e.on <ref>,83.28,utilities,simulated_bank_transactions_uk
2023-05-31,so mortgage payment letting agent,719.28,housing,simulated_bank_transactions_uk
2023-08-20,direct debit gym group <ref>,36.12,subscriptions,simulated_bank_transactions_uk
2024-12-16,bacs mortgage rent,988.03,housing,simulated_bank_transactions_uk
2024-07-05,visa-mortgage-pmt-mortgage <ref>,643.36,housing,simulated_bank_transactions_uk
2023-09-29,online purchase currys misc expense <ref>,78.26,other,simulated_bank_transactions_uk
2024-05-08,visa/bacs/rent/rent <ref>,1489.25,housing,simulated_bank_transactions_uk
2023-02-16,direct debit netflix,35.59,subscriptions,simulated_bank_transactions_uk
2023-04-28,pos purchase currys online purchase <ref>,17.21,other,simulated_bank_transactions_uk
2023-04-05,card/pmt/pret/food/delivery <ref>,24.65,dining,simulated_bank_transactions_uk
2024-11-28,utility bill british ga,154.49,utilities,simulated_bank_transactions_uk
2023-02-13,visa bacs letting agent rent <ref>,1514.4,housing,simulated_bank_transactions_uk
2023-11-15,direct debit card pmt boots misc expense <ref>,25.14,other,simulated_bank_transactions_uk
2024-09-23,bacs direct debit british gas,131.9,utilities,simulated_bank_transactions_uk
2024-11-26,pos purchase nhs misc expense <ref>,122.18,other,simulated_bank_transactions_uk
2024-04-07,card pmt bp bus pass <ref>,77.08,transportation,simulated_bank_transactions_uk
2024-03-03,direct debit fuel shell,130.43,transportation,simulated_bank_transactions_uk
2023-05-28,bill*payment*octopus*energy <ref>,239.08,utilities,simulated_bank_transactions_uk
2023-11-15,utility bill severn trent,62.8,utilities,simulated_bank_transactions_uk
2023-11-26,transport bp train ticket <ref>,21.85,transportation,simulated_bank_transactions_uk
2024-06-23,bill pmt sky <ref>,227.79,utilities,simulated_bank_transactions_uk
2023-09-13,pos rent payment mortgage <ref>,1063.57,housing,simulated_bank_transactions_uk
2024-07-21,fuel esso bus pass,56.73,transportation,simulated_bank_transactions_uk
2023-01-08,bacs rent rent <ref>,1260.42,housing,simulated_bank_transactions_uk
2024-03-21,direct debit fuel bolt fuel <ref>,61.32,transportation,simulated_bank_transactions_uk
2024-06-29,card payment greggs fast food,107.16,dining,simulated_bank_transactions_uk
2024-05-27,fps*direct*debit*thames*water,185.49,utilities,simulated_bank_transactions_uk
2023-05-13,restaurant/starbucks/restaurant <ref>,109.27,dining,simulated_bank_transactions_uk
2023-08-01,card payment lidl vegetables,72.48,groceries,simulated_bank_transactions_uk
2023-08-09,card contactless iceland vegetables <ref>,126.77,groceries,simulated_bank_transactions_uk
2023-04-16,rent-payment-mortgage <ref>,1445.85,housing,simulated_bank_transactions_uk
2023-04-08,mastercard*transport*trainline*train*ticket <ref>,61.23,transportation,simulated_bank_transactions_uk
2023-03-26,rent payment landlord <ref>,1013.75,housing,simulated_bank_transactions_uk
2024-10-12,pos transport bp,35.32,transportation,simulated_bank_transactions_uk
2024-02-01,card/card/pmt/currys/online/purchase <ref>,5.24,other,simulated_bank_transactions_uk
2023-12-31,bacs contactless aldi eggs <ref>,138.53,groceries,simulated_bank_transactions_uk
2024-04-17,bill pmt thames water <ref>,107.56,utilities,simulated_bank_transactions_uk
2023-08-07,card payment esso bus pass <ref>,139.94,transportation,simulated_bank_transactions_uk
2024-05-05,card payment asda chicken <ref>,119.97,groceries,simulated_bank_transactions_uk
2024-01-07,pos*waitrose*milk <ref>,103.48,groceries,simulated_bank_transactions_uk
2024-08-17,utility bill vodafone,225.18,utilities,simulated_bank_transactions_uk
2024-09-22,card payment greggs restaurant,94.47,dining,simulated_bank_transactions_uk
2023-02-16,card payment kfc restaurant <ref>,16.56,dining,simulated_bank_transactions_uk
2023-10-29,bacs mortgage rent,1023.56,housing,simulated_bank_transactions_uk
2024-12-29,transport/esso/fuel,56.55,transportation,simulated_bank_transactions_uk
2024-02-28,direct debit gym group,24.3,subscriptions,simulated_bank_transactions_uk
2023-04-05,pos bacs rent rent <ref>,1332.89,housing,simulated_bank_transactions_uk
2023-02-24,pos purchase amazon misc expense <ref>,78.23,other,simulated_bank_transactions_uk
2023-06-07,rent payment mortgage <ref>,1401.76,housing,simulated_bank_transactions_uk
2024-04-12,sto food delivery deliveroo food delivery <ref>,40.5,dining,simulated_bank_transactions_uk
2024-05-17,card payment mcdonalds restaurant <ref>,78.7,dining,simulated_bank_transactions_uk
2023-08-04,transport-shell-uber-ride <ref>,143.03,transportation,simulated_bank_transactions_uk
2024-09-08,utility bill scottishpower 9517,70.97,utilities,simulated_bank_transactions_uk
2024-03-25,transport tfl bus pass <ref>,84.84,transportation,simulated_bank_transactions_uk
2024-12-03,so pos asda eggs <ref>,69.22,groceries,simulated_bank_transactions_uk
2024-06-21,pos aldi eggs <ref>,110.58,groceries,simulated_bank_transactions_uk
2024-04-27,direct debit vodafone,98.12,utilities,simulated_bank_transactions_uk
2023-08-15,fps-bacs-landlord-rent <ref>,1242.66,housing,simulated_bank_transactions_uk
2023-12-28,restaurant pret fast food <ref>,63.44,dining,simulated_bank_transactions_uk
2024-04-05,restaurant-deliveroo-restaurant,3.55,dining,simulated_bank_transactions_uk
2024-07-16,restaurant-starbucks-food-delivery,23.47,dining,simulated_bank_transactions_uk
2023-07-05,card payment amazon online purchase,20.66,other,simulated_bank_transactions_uk
2023-08-06,online purchase hmrc online purchase <ref>,20.78,other,simulated_bank_transactions_uk
2024-07-04,card payment currys misc expense <ref>,130.19,other,simulated_bank_transactions_uk
2024-03-26,utility-bill-ee <ref>,87.55,utilities,simulated_bank_transactions_uk
2024-09-05,direct debit ee <ref>,203.9,utilities,simulated_bank_transactions_uk
2024-01-04,utility bill scottishpower,229.39,utilities,simulated_bank_transactions_uk
2023-02-07,bacs rent rent <ref>,1527.16,housing,simulated_bank_transactions_uk
2024-02-11,food/delivery/greggs/fast/food <ref>,100.04,dining,simulated_bank_transactions_uk
2023-08-26,contactless pos morrisons eggs <ref>,82.83,groceries,simulated_bank_transactions_uk
2024-10-31,direct debit contactless waitrose bread <ref>,32.75,groceries,simulated_bank_transactions_uk
2024-06-17,card*transport*bp*train*ticket,149.78,transportation,simulated_bank_transactions_uk
2024-07-29,visa pos purchase argos misc expense <ref>,88.01,other,simulated_bank_transactions_uk
2024-11-04,contactless tesco milk,145.09,groceries,simulated_bank_transactions_uk
2023-06-07,fuel-national-rail-fuel,54.67,transportation,simulated_bank_transactions_uk
2024-02-03,fuel shell train ticket <ref>,20.4,transportation,simulated_bank_transactions_uk
2024-04-30,bacs letting agent rent <ref>,1555.09,housing,simulated_bank_transactions_uk
2024-12-28,direct-debit-card-payment-currys-online-purchase 35,48.12,other,simulated_bank_transactions_uk
2024-06-25,rent*payment*landlord,953.39,housing,simulated_bank_transactions_uk
2023-12-13,card pmt sainsburys milk <ref>,104.33,groceries,simulated_bank_transactions_uk
2024-07-19,mastercard card pmt gym group,30.83,subscriptions,simulated_bank_transactions_uk
2023-09-22,visa online purchase hmrc misc expense <ref>,87.19,other,simulated_bank_transactions_uk
2023-07-22,bill pmt e.on <ref>,139.92,utilities,simulated_bank_transactions_uk
2024-02-24,pos waitrose bread,115.17,groceries,simulated_bank_transactions_uk
2024-05-15,direct debit british gas <ref>,139.24,utilities,simulated_bank_transactions_uk
2024-05-19,card payment deliveroo fast food <ref>,65.87,dining,simulated_bank_transactions_uk
2023-08-03,visa food delivery mcdonalds fast food,56.82,dining,simulated_bank_transactions_uk
2023-11-13,fps card payment tfl fuel,13.57,transportation,simulated_bank_transactions_uk
2024-09-01,card-payment-waitrose-rice <ref>,40.76,groceries,simulated_bank_transactions_uk
2024-07-22,card payment sainsburys chicken <ref>,53.87,groceries,simulated_bank_transactions_uk
2023-11-01,card payment sainsburys chicken,98.9,groceries,simulated_bank_transactions_uk
2023-07-16,visa direct debit scottishpower <ref>,218.09,utilities,simulated_bank_transactions_uk
2024-02-20,direct*debit*sky <ref>,137.8,utilities,simulated_bank_transactions_uk
2023-02-03,pos lidl eggs <ref>,130.29,groceries,simulated_bank_transactions_uk
2024-09-16,card payment aldi milk <ref>,15.05,groceries,simulated_bank_transactions_uk
2023-01-01,contactless*asda*eggs,48.27,groceries,simulated_bank_transactions_uk
2023-07-23,transport tfl bus pass <ref>,29.96,transportation,simulated_bank_transactions_uk
2023-06-10,restaurant uber eats fast food <ref>,76.41,dining,simulated_bank_transactions_uk
2024-08-22,online-purchase-superdrug-online-purchase <ref>,41.45,other,simulated_bank_transactions_uk
2024-06-21,direct debit amazon prime,35.24,subscriptions,simulated_bank_transactions_uk
2024-01-29,food delivery mcdonalds restaurant <ref>,120.63,dining,simulated_bank_transactions_uk
2024-12-21,pos pos purchase superdrug misc expense,124.35,other,simulated_bank_transactions_uk
2024-11-05,card*payment*gym*group <ref>,27.01,subscriptions,simulated_bank_transactions_uk
2024-05-07,subscription*amazon*prime <ref>,16.99,subscriptions,simulated_bank_transactions_uk
2024-08-09,card-bill-payment-o2,164.88,utilities,simulated_bank_transactions_uk
2024-02-01,food delivery pret fast fo,100.95,dining,simulated_bank_transactions_uk
2024-08-21,food delivery kfc restaurant <ref>,146.74,dining,simulated_bank_transactions_uk
2023-07-18,rent payment rent,1721.35,housing,simulated_bank_transactions_uk
2023-08-18,restaurant uber eats restaurant,66.56,dining,simulated_bank_transactions_uk
2024-02-01,rent payment letting agent 5554,1312.48,housing,simulated_bank_transactions_uk
2023-10-01,card payment google *services <ref>,10.54,subscriptions,simulated_bank_transactions_uk
2024-10-23,fps card pmt bolt fuel,18.22,transportation,simulated_bank_transactions_uk
2024-03-30,transport national rail bus pass,137.51,transportation,simulated_bank_transactions_uk
2024-04-23,sto subscription netflix,35.68,subscriptions,simulated_bank_transactions_uk
2023-12-10,card card payment aldi milk <ref>,20.0,groceries,simulated_bank_transactions_uk
2024-04-22,transport-esso-uber-ride <ref>,125.53,transportation,simulated_bank_transactions_uk
2024-02-28,rent payment rent <ref>,1731.72,housing,simulated_bank_transactions_uk
2023-12-15,card contactless aldi chicken,65.33,groceries,simulated_bank_transactions_uk
2024-07-02,card payment deliveroo food delivery <ref>,84.12,dining,simulated_bank_transactions_uk
2023-02-05,online purchase superdrug misc expense <ref>,113.89,other,simulated_bank_transactions_uk
2024-04-30,online-purchase-hmrc-misc-expense,102.01,other,simulated_bank_transactions_uk
2024-05-05,utility-bill-octopus-energy <ref>,246.99,utilities,simulated_bank_transactions_uk
2024-12-14,card pmt amazon misc expense <ref>,124.9,other,simulated_bank_transactions_uk
2023-02-22,direct debit severn trent <ref>,224.42,utilities,simulated_bank_transactions_uk
2024-05-19,bill payment ee,137.8,utilities,simulated_bank_transactions_uk
2023-12-26,mortgage pmt landlord,1671.3,housing,simulated_bank_transactions_uk
2023-12-09,card payment spotify <ref>,32.95,subscriptions,simulated_bank_transactions_uk
2024-09-25,direct*debit*spotify <ref>,18.55,subscriptions,simulated_bank_transactions_uk
2023-03-22,fuel esso bus pass <ref>,145.95,transportation,simulated_bank_transactions_uk
2023-09-02,fuel bp bus pass,126.77,transportation,simulated_bank_transactions_uk
2023-11-24,pos fuel tfl fuel <ref>,136.35,transportation,simulated_bank_transactions_uk
2023-01-25,card rent payment mortgage <ref>,781.59,housing,simulated_bank_transactions_uk
2024-05-22,pos purchase boots misc expense,38.48,other,simulated_bank_transactions_uk
2024-06-20,utility bill o2 <ref>,90.04,utilities,simulated_bank_transactions_uk
2024-09-30,card pmt amazon prime,12.94,subscriptions,simulated_bank_transactions_uk
2023-08-31,fuel-tfl-bus-pass <ref>,132.0,transportation,simulated_bank_transactions_uk
2023-02-03,card pmt kfc fast food <ref>,44.11,dining,simulated_bank_transactions_uk
2024-01-19,card payment boots misc expense <ref>,80.17,other,simulated_bank_transactions_uk
2024-02-17,bill pmt octopus energy <ref>,147.41,utilities,simulated_bank_transactions_uk
2023-09-11,subscription netflix <ref>,26.25,subscriptions,simulated_bank_transactions_uk
2024-06-21,restaurant costa food delivery,58.83,dining,simulated_bank_transactions_uk
2023-01-30,pos asda vegetables,138.06,groceries,simulated_bank_transactions_uk
2023-02-26,card restaurant deliveroo restaurant <ref>,70.41,dining,simulated_bank_transactions_uk
2023-01-02,pos purchase amazon misc expense <ref>,15.84,other,simulated_bank_transactions_uk
2024-12-24,bacs letting agent rent <ref>,1735.12,housing,simulated_bank_transactions_uk
2023-02-16,sto card pmt national rail uber ride,49.19,transportation,simulated_bank_transactions_uk
2024-06-12,card/pmt/boots/online/purchase,62.92,other,simulated_bank_transactions_uk
2023-07-26,contactless utility bill severn trent <ref>,125.01,utilities,simulated_bank_transactions_uk
2024-10-25,sto card pmt trainline fuel <ref>,71.69,transportation,simulated_bank_transactions_uk
2024-02-08,food-delivery-starbucks-fast-food <ref>,104.67,dining,simulated_bank_transactions_uk
2023-09-11,pos purchase boots misc expense,112.6,other,simulated_bank_transactions_uk
2024-08-07,utility bill scottishpower <ref>,73.24,utilities,simulated_bank_transactions_uk
2023-05-31,subscription/netflix,16.75,subscriptions,simulated_bank_transactions_uk
2024-08-12,direct-debit-online-purchase-boots-online-purchase <ref>,107.18,other,simulated_bank_transactions_uk
2023-04-01,fuel-trainline-uber-ride,10.85,transportation,simulated_bank_transactions_uk
2024-03-22,card payment morrisons bread <ref>,95.36,groceries,simulated_bank_transactions_uk
2023-04-23,card/pmt/tesco/rice,121.22,groceries,simulated_bank_transactions_uk
2024-06-14,direct debit bacs rent rent <ref>,1018.64,housing,simulated_bank_transactions_uk
2024-10-11,transport trainline fuel 739,72.94,transportation,simulated_bank_transactions_uk
2023-08-30,food delivery kfc restaurant <ref>,79.2,dining,simulated_bank_transactions_uk
2023-09-27,so card pmt superdrug online purchase <ref>,65.79,other,simulated_bank_transactions_uk
2024-04-02,fps fuel esso train ticket <ref>,133.75,transportation,simulated_bank_transactions_uk
2024-04-29,online purchase amazon misc expense,42.63,other,simulated_bank_transactions_uk
2023-12-19,mastercard card payment spotify <ref>,16.95,subscriptions,simulated_bank_transactions_uk
2024-04-23,rent/payment/rent <ref>,860.02,housing,simulated_bank_transactions_uk
2024-06-24,fps contactless morrisons vegetables <ref>,62.31,groceries,simulated_bank_transactions_uk
2024-04-26,restaurant deliveroo fast,66.61,dining,simulated_bank_transactions_uk
2024-12-17,card/payment/iceland/rice,15.52,groceries,simulated_bank_transactions_uk
2024-09-06,direct debit apple.com/bill <ref>,37.95,subscriptions,simulated_bank_transactions_uk
2023-04-08,utility bill vodafone,117.81,utilities,simulated_bank_transactions_uk
2023-05-11,online purchase nhs online purchase <ref>,86.79,other,simulated_bank_transactions_uk
2024-10-22,direct-debit-british-gas <ref>,110.06,utilities,simulated_bank_transactions_uk
2023-04-15,card pmt apple.com/bill <ref>,38.6,subscriptions,simulated_bank_transactions_uk
2024-02-26,rent payment mortgage,947.84,housing,simulated_bank_transactions_uk
2024-06-01,mastercard card payment amazon prime,37.08,subscriptions,simulated_bank_transactions_uk
2023-03-09,mastercard pos purchase nhs online purchase <ref>,74.92,other,simulated_bank_transactions_uk
2024-02-19,card pmt hmrc online purchase <ref>,95.31,other,simulated_bank_transactions_uk
2023-01-31,pos purchase argos misc expense <ref>,20.51,other,simulated_bank_transactions_uk
2024-05-22,card-card-pmt-boots-misc-expense <ref>,42.3,other,simulated_bank_transactions_uk
2024-07-04,card payment asda rice,80.57,groceries,simulated_bank_transactions_uk
2024-06-08,mortgage payment mortgage <ref>,1623.05,housing,simulated_bank_transactions_uk
2023-12-26,direct debit severn trent,143.86,utilities,simulated_bank_transactions_uk
2023-12-03,card pmt costa restaurant,66.63,dining,simulated_bank_transactions_uk
2023-10-26,mortgage payment rent <ref>,610.13,housing,simulated_bank_transactions_uk
2024-06-10,transport national rail train ticket,73.44,transportation,simulated_bank_transactions_uk
2023-05-01,mastercard contactless asda chicken <ref>,4.45,groceries,simulated_bank_transactions_uk
2024-06-02,card pmt amazon misc expense,84.45,other,simulated_bank_transactions_uk
2023-03-26,utility/bill/e.on,86.39,utilities,simulated_bank_transactions_uk
2023-11-30,food*delivery*costa*fast*food,112.4,dining,simulated_bank_transactions_uk
2023-02-12,bacs letting agent rent <ref>,1991.39,housing,simulated_bank_transactions_uk
2024-08-24,fps card payment netflix <ref>,36.54,subscriptions,simulated_bank_transactions_uk
2024-10-02,direct debit e.on <ref>,70.96,utilities,simulated_bank_transactions_uk
2024-01-16,pos sainsburys rice <ref>,95.07,groceries,simulated_bank_transactions_uk
2023-12-17,card pmt nando's restaurant <ref>,127.18,dining,simulated_bank_transactions_uk
2023-05-08,utility-bill-octopus-energy <ref>,201.87,utilities,simulated_bank_transactions_uk
2024-10-26,bacs mortgage rent,1766.77,housing,simulated_bank_transactions_uk
2024-09-04,direct debit card pmt waitrose bread <ref>,92.24,groceries,simulated_bank_transactions_uk
2024-09-06,rent pmt letting agent <ref>,906.52,housing,simulated_bank_transactions_uk
2024-01-02,sto/pos/purchase/ebay/online/purchase <ref>,136.81,other,simulated_bank_transactions_uk
2023-01-04,card-pmt-nhs-misc-expense,54.84,other,simulated_bank_transactions_uk
2023-05-01,pos bill pmt bt,171.39,utilities,simulated_bank_transactions_uk
2023-03-03,visa card payment amazon misc expense,43.45,other,simulated_bank_transactions_uk
2023-08-02,online purchase hmrc online purchase <ref>,103.34,other,simulated_bank_transactions_uk
2024-10-05,bill-payment-ee,220.6,utilities,simulated_bank_transactions_uk
2023-12-01,subscription apple.,24.54,subscriptions,simulated_bank_transactions_uk
2023-07-25,pos lidl milk <ref>,45.95,groceries,simulated_bank_transactions_uk
2023-05-24,contactless morrisons vegetables <ref>,142.26,groceries,simulated_bank_transactions_uk
2024-01-29,mortgage payment rent <ref>,1570.01,housing,simulated_bank_transactions_uk
2024-06-25,direct debit netflix <ref>,6.94,subscriptions,simulated_bank_transactions_uk
2023-02-03,pos-purchase-amazon-online-purchase <ref>,117.92,other,simulated_bank_transactions_uk
2023-12-21,card pmt gym group,6.96,subscriptions,simulated_bank_transactions_uk
2023-08-11,card payment tfl bus pass,107.2,transportation,simulated_bank_transactions_uk
2024-09-06,subscription*puregym <ref>,33.86,subscriptions,simulated_bank_transactions_uk
2024-06-22,contactless-card-payment-starbucks-restaurant,89.28,dining,simulated_bank_transactions_uk
2024-10-15,bacs*mortgage*rent,1603.37,housing,simulated_bank_transactions_uk
2024-01-19,pos mortgage pmt rent <ref>,1761.81,housing,simulated_bank_transactions_uk
2024-05-12,card payment superdrug online purchase,81.76,other,simulated_bank_transactions_uk
2024-03-23,direct debit severn trent,221.47,utilities,simulated_bank_transactions_uk
2023-04-11,fuel esso train ticket,89.27,transportation,simulated_bank_transactions_uk
2024-10-24,pos card payment puregym,17.68,subscriptions,simulated_bank_transactions_uk
2024-06-24,food delivery costa food delivery,64.56,dining,simulated_bank_transactions_uk
2023-12-13,online purchase amazon online purchase <ref>,52.47,other,simulated_bank_transactions_uk
2023-05-07,subscription netflix,37.79,subscriptions,simulated_bank_transactions_uk
2024-09-27,subscription google *services <ref>,34.83,subscriptions,simulated_bank_transactions_uk
2024-05-28,so card payment bp bus pass <ref>,41.48,transportation,simulated_bank_transactions_uk
2023-12-13,card pmt kfc fast food <ref>,18.19,dining,simulated_bank_transactions_uk
2024-06-08,pos*sainsburys*vegetables,115.04,groceries,simulated_bank_transactions_uk
2024-12-31,subscription gym group <ref>,9.03,subscriptions,simulated_bank_transactions_uk
2024-06-06,online purchase hmrc misc expense <ref>,111.35,other,simulated_bank_transactions_uk
2024-12-29,subscription spotify <ref>,15.08,subscriptions,simulated_bank_transactions_uk
2023-12-07,contactless transport bolt uber ride,37.89,transportation,simulated_bank_transactions_uk
2024-02-27,contactless morrisons rice <ref>,140.12,groceries,simulated_bank_transactions_uk
2024-12-15,subscription netflix <ref>,17.33,subscriptions,simulated_bank_transactions_uk
2023-12-07,pos purchase currys online purchase,57.14,other,simulated_bank_transactions_uk
2024-12-29,subscription netflix <ref>,7.17,subscriptions,simulated_bank_transactions_uk
2023-11-04,pos bill payment sky <ref>,200.71,utilities,simulated_bank_transactions_uk
2024-05-19,food delivery pret fast food <ref>,95.26,dining,simulated_bank_transactions_uk
2023-07-04,pos/transport/uber/bus/pass <ref>,87.44,transportation,simulated_bank_transactions_uk
2023-05-01,fps card payment shell bus pass,132.27,transportation,simulated_bank_transactions_uk
2023-10-23,bill payment thames water <ref>,62.64,utilities,simulated_bank_transactions_uk
2023-02-09,direct-debit-bacs-letting-agent-rent,1257.91,housing,simulated_bank_transactions_uk
2023-10-19,card payment morrisons rice <ref>,12.13,groceries,simulated_bank_transactions_uk
2024-09-06,online-purchase-boots-misc-expense <ref>,134.23,other,simulated_bank_transactions_uk
2024-03-02,so card payment shell bus pass <ref>,86.67,transportation,simulated_bank_transactions_uk
2023-04-19,restaurant/pret/fast/food,138.54,dining,simulated_bank_transactions_uk
2024-11-25,food delivery pret fast food,22.49,dining,simulated_bank_transactions_uk
2024-05-15,subscription amazon prime <ref>,28.06,subscriptions,simulated_bank_transactions_uk
2024-08-23,card payment sainsburys bread <ref>,51.49,groceries,simulated_bank_transactions_uk
2024-04-06,card-direct-debit-ee <ref>,234.63,utilities,simulated_bank_transactions_uk
2023-01-22,food delivery uber eats fast food,41.74,dining,simulated_bank_transactions_uk
2023-06-08,fps/card/pmt/just/eat/fast/food,21.22,dining,simulated_bank_transactions_uk
2024-11-26,pos purchase ebay online purchase,75.15,other,simulated_bank_transactions_uk
2023-03-06,card payment deliveroo fast food <ref>,55.99,dining,simulated_bank_transactions_uk
2024-12-11,card payment bp bus pass,142.42,transportation,simulated_bank_transactions_uk
2024-10-14,mastercard rent pmt mortgage 1,1295.01,housing,simulated_bank_transactions_uk
2023-10-17,pos purchase currys online purchase <ref>,11.21,other,simulated_bank_transactions_uk
2023-10-24,fuel shell bus pass,84.69,transportation,simulated_bank_transactions_uk
2023-12-11,transport shell bus pass <ref>,94.51,transportation,simulated_bank_transactions_uk
2023-07-11,card/pmt/boots/misc/expense,138.77,other,simulated_bank_transactions_uk
2024-11-10,contactless card payment sainsburys rice <ref>,148.84,groceries,simulated_bank_transactions_uk
2024-11-04,direct debit british gas,243.42,utilities,simulated_bank_transactions_uk
2024-02-29,pos-card-pmt-uber-eats-food-delivery,145.67,dining,simulated_bank_transactions_uk
2024-09-19,restaurant*nando's*food*delivery <ref>,10.93,dining,simulated_bank_transactions_uk
2024-08-17,card payment national rail uber ride,47.32,transportation,simulated_bank_transactions_uk
2023-02-22,pos lidl milk,76.9,groceries,simulated_bank_transactions_uk
2023-04-01,transport/bp/train/ticket,14.68,transportation,simulated_bank_transactions_uk
2024-07-26,fps fuel esso bus pass <ref>,103.03,transportation,simulated_bank_transactions_uk
2024-08-15,fuel tfl train ticket <ref>,16.74,transportation,simulated_bank_transactions_uk
2024-02-05,mastercard food delivery just eat food delivery <ref>,37.03,dining,simulated_bank_transactions_uk
2024-09-22,direct debit netflix <ref>,32.25,subscriptions,simulated_bank_transactions_uk
2024-03-06,mortgage pmt letting agent <ref>,1535.52,housing,simulated_bank_transactions_uk
2024-06-14,pos waitrose chicken <ref>,87.64,groceries,simulated_bank_transactions_uk
2023-04-01,sto/card/pmt/amazon/prime <ref>,28.77,subscriptions,simulated_bank_transactions_uk
2024-07-19,pos-card-payment-morrisons-eggs <ref>,57.66,groceries,simulated_bank_transactions_uk
2023-07-29,utility bill octopus energ,111.27,utilities,simulated_bank_transactions_uk
2023-02-03,bill pmt e.on <ref>,92.71,utilities,simulated_bank_transactions_uk
2023-09-01,subscription spotify <ref>,28.73,subscriptions,simulated_bank_transactions_uk
2024-05-26,bacs landlord rent <ref>,1206.8,housing,simulated_bank_transactions_uk
2024-11-16,card subscription puregym <ref>,5.09,subscriptions,simulated_bank_transactions_uk
2023-03-06,bill/pmt/severn/trent 77,237.6,utilities,simulated_bank_transactions_uk
2023-10-18,direct debit puregym,23.49,subscriptions,simulated_bank_transactions_uk
2024-02-27,card pmt kfc food delive,17.6,dining,simulated_bank_transactions_uk
2023-09-12,card online purchase argos misc expense <ref>,66.54,other,simulated_bank_transactions_uk
2023-01-09,mortgage payment landlord <ref>,1726.14,housing,simulated_bank_transactions_uk
2023-07-10,card pmt google *services <ref>,29.48,subscriptions,simulated_bank_transactions_uk
2024-02-19,card card pmt uber train ticket <ref>,112.2,transportation,simulated_bank_transactions_uk
2023-06-02,card payment kfc fast food <ref>,73.67,dining,simulated_bank_transactions_uk
2023-09-21,rent/pmt/rent,1787.52,housing,simulated_bank_transactions_uk
2024-12-01,card/payment/uber/eats/food/delivery <ref>,85.14,dining,simulated_bank_transactions_uk
2024-09-05,pos purchase amazon online purchase <ref>,114.96,other,simulated_bank_transactions_uk
2024-03-28,pos purchase argos misc expense <ref>,62.75,other,simulated_bank_transactions_uk
2024-12-10,direct debit puregym,8.25,subscriptions,simulated_bank_transactions_uk
2023-10-07,subscription apple.com/bill <ref>,34.92,subscriptions,simulated_bank_transactions_uk
2024-04-01,sto direct debit netflix <ref>,18.59,subscriptions,simulated_bank_transactions_uk
2024-01-29,bacs letting agent rent <ref>,1929.82,housing,simulated_bank_transactions_uk
2024-08-05,online purchase hmrc online purchase <ref>,147.47,other,simulated_bank_transactions_uk
2023-12-01,subscription/google/*services <ref>,8.21,subscriptions,simulated_bank_transactions_uk
2024-10-31,card pmt shell fuel <ref>,62.3,transportation,simulated_bank_transactions_uk
2023-06-06,utility bill severn trent <ref>,32.25,utilities,simulated_bank_transactions_uk
2023-01-12,so mortgage pmt letting agent <ref>,1416.67,housing,simulated_bank_transactions_uk
2024-08-26,so online purchase argos misc expense <ref>,42.44,other,simulated_bank_transactions_uk
2024-06-15,card payment just eat fast food <ref>,64.49,dining,simulated_bank_transactions_uk
2024-07-04,card payment icela,100.21,groceries,simulated_bank_transactions_uk
2023-09-06,utility bill ee,203.95,utilities,simulated_bank_transactions_uk
2023-05-21,sto bacs mortgage rent,1384.26,housing,simulated_bank_transactions_uk
2024-05-12,bill pmt e.on <ref>,75.71,utilities,simulated_bank_transactions_uk
2024-12-30,bacs mortgage pmt rent <ref>,1141.53,housing,simulated_bank_transactions_uk
2024-05-18,contactless asda bread,78.66,groceries,simulated_bank_transactions_uk
2023-09-08,bacs*card*payment*tfl*bus*pass,75.88,transportation,simulated_bank_transactions_uk
2023-12-02,card pmt iceland eggs <ref>,118.72,groceries,simulated_bank_transactions_uk
2023-11-30,card pmt google *services <ref>,36.97,subscriptions,simulated_bank_transactions_uk
2024-11-13,mortgage pmt mortgage <ref>,1512.42,housing,simulated_bank_transactions_uk
2024-04-16,online-purchase-ebay-misc-expense <ref>,124.37,other,simulated_bank_transactions_uk
2023-12-28,card payment spotify <ref>,5.07,subscriptions,simulated_bank_transactions_uk
2023-05-15,fuel national rail uber ride <ref>,127.91,transportation,simulated_bank_transactions_uk
2024-10-29,card pmt nando's food delivery <ref>,113.05,dining,simulated_bank_transactions_uk
2024-09-08,card-pmt-greggs-fast-foo,96.95,dining,simulated_bank_transactions_uk
2023-08-18,direct debit transport bolt train ticket <ref>,145.31,transportation,simulated_bank_transactions_uk
2023-09-19,so utility bill british gas <ref>,120.44,utilities,simulated_bank_transactions_uk
2023-09-15,card payment greggs fast food,31.35,dining,simulated_bank_transactions_uk
2023-03-04,card online purchase boots misc expen,29.1,other,simulated_bank_transactions_uk
2024-12-02,card payment shell train ticket,15.9,transportation,simulated_bank_transactions_uk
2023-04-13,subscription gym group <ref>,20.96,subscriptions,simulated_bank_transactions_uk
2023-09-13,card payment boots misc expense <ref>,23.18,other,simulated_bank_transactions_uk
2023-04-05,transport-tfl-uber-ride <ref>,95.84,transportation,simulated_bank_transactions_uk
2023-01-23,direct debit amazon prime,38.04,subscriptions,simulated_bank_transactions_uk
2024-10-04,online-purchase-boots-misc-expense <ref>,63.1,other,simulated_bank_transactions_uk
2024-07-14,contactless iceland bread <ref>,35.9,groceries,simulated_bank_transactions_uk
2024-10-02,card pmt trainline uber ride <ref>,82.88,transportation,simulated_bank_transactions_uk
2023-07-10,fuel trainline train ticket,137.13,transportation,simulated_bank_transactions_uk
2023-07-29,mortgage pmt landlord <ref>,1175.06,housing,simulated_bank_transactions_uk
2023-02-18,direct debit vodafone,182.2,utilities,simulated_bank_transactions_uk
2023-07-29,card pmt boots misc expense <ref>,21.94,other,simulated_bank_transactions_uk
2024-06-01,subscription apple.com/bill <ref>,6.42,subscriptions,simulated_bank_transactions_uk
2023-02-09,direct/debit/subscription/amazon/prime <ref>,22.19,subscriptions,simulated_bank_transactions_uk
2023-03-25,visa transport trainline train ticket <ref>,21.66,transportation,simulated_bank_transactions_uk
2024-11-01,card payment puregym,36.51,subscriptions,simulated_bank_transactions_uk
2024-02-21,online purchase ebay misc expense <ref>,88.32,other,simulated_bank_transactions_uk
2023-05-16,fuel national rail ub,52.06,transportation,simulated_bank_transactions_uk
2023-12-26,card card payment nando's restaurant <ref>,106.38,dining,simulated_bank_transactions_uk
2023-10-24,mastercard direct debit gym group,38.51,subscriptions,simulated_bank_transactions_uk
2023-07-18,direct debit british gas,140.84,utilities,simulated_bank_transactions_uk
2023-01-07,pos lidl eggs <ref>,141.5,groceries,simulated_bank_transactions_uk
2024-01-11,mortgage payment rent,1855.59,housing,simulated_bank_transactions_uk
2023-03-20,fps card payment lidl bread,8.9,groceries,simulated_bank_transactions_uk
2023-05-24,bacs contactless waitrose chicken <ref>,113.42,groceries,simulated_bank_transactions_uk
2024-04-11,pos sainsburys rice <ref>,83.81,groceries,simulated_bank_transactions_uk
2023-07-25,contactless fuel trainline bus pass <ref>,121.13,transportation,simulated_bank_transactions_uk
2024-04-02,pos*pos*purchase*superdrug*misc*expense <ref>,19.2,other,simulated_bank_transactions_uk
2024-09-16,bill-payment-severn-trent,84.08,utilities,simulated_bank_transactions_uk
2023-07-03,bill payment scottishpower <ref>,205.97,utilities,simulated_bank_transactions_uk
2024-02-12,food delivery mcdonalds fast food <ref>,63.45,dining,simulated_bank_transactions_uk
2023-07-26,pos purchase nhs online purchase <ref>,28.8,other,simulated_bank_transactions_uk
2023-12-31,restaurant kfc restaurant <ref>,135.94,dining,simulated_bank_transactions_uk
2023-05-30,card payment trainline uber ride,64.52,transportation,simulated_bank_transactions_uk
2023-12-13,fuel esso fuel,50.9,transportation,simulated_bank_transactions_uk
2023-02-25,direct debit severn trent,60.55,utilities,simulated_bank_transactions_uk
2023-02-28,bacs*letting*agent*rent <ref>,1848.31,housing,simulated_bank_transactions_uk
2023-01-08,card-direct-debit-e.on <ref>,54.8,utilities,simulated_bank_transactions_uk
2023-02-12,transport uber fuel,83.83,transportation,simulated_bank_transactions_uk
2024-04-18,fps food delivery nando's food delivery,3.4,dining,simulated_bank_transactions_uk
2023-03-27,pos-sainsburys-milk,145.81,groceries,simulated_bank_transactions_uk
2024-12-05,visa*rent*payment*rent <ref>,1235.1,housing,simulated_bank_transactions_uk
2024-01-09,subscription gym group,39.01,subscriptions,simulated_bank_transactions_uk
2023-08-24,online purchase nhs online purchase <ref>,87.43,other,simulated_bank_transactions_uk
2024-01-15,sto card payment ebay online purchase,5.45,other,simulated_bank_transactions_uk
2024-12-18,card pmt tfl bus pass <ref>,110.91,transportation,simulated_bank_transactions_uk
2024-03-04,sto fuel bolt uber ride <ref>,131.02,transportation,simulated_bank_transactions_uk
2024-03-28,card pmt tfl fuel <ref>,123.2,transportation,simulated_bank_transactions_uk
2024-12-24,mastercard subscription amazon prime <ref>,35.12,subscriptions,simulated_bank_transactions_uk
2024-02-10,direct-debit-card-payment-disney+,14.5,subscriptions,simulated_bank_transactions_uk
2023-12-09,bacs landlord rent <ref>,1339.65,housing,simulated_bank_transactions_uk
2023-05-27,rent payment rent <ref>,1402.95,housing,simulated_bank_transactions_uk
2024-10-30,rent pmt mortgage <ref>,1798.67,housing,simulated_bank_transactions_uk
2024-07-11,contactless lidl eggs,107.38,groceries,simulated_bank_transactions_uk
2024-09-13,direct debit disney+ <ref>,8.45,subscriptions,simulated_bank_transactions_uk
2023-09-11,bill/payment/british/gas <ref>,200.43,utilities,simulated_bank_transactions_uk
2023-11-20,direct debit o2 <ref>,82.39,utilities,simulated_bank_transactions_uk
2024-12-17,restaurant costa food delivery <ref>,116.52,dining,simulated_bank_transactions_uk
2023-02-24,transport tfl train ticket <ref>,71.42,transportation,simulated_bank_transactions_uk
2023-10-16,card-card-pmt-asda-chicken 2,123.49,groceries,simulated_bank_transactions_uk
2023-09-27,pos*aldi*rice <ref>,116.35,groceries,simulated_bank_transactions_uk
2024-10-24,pos direct debit thames water <ref>,37.26,utilities,simulated_bank_transactions_uk
2023-10-04,direct debit e.on,32.36,utilities,simulated_bank_transactions_uk
2023-07-08,restaurant*costa*restaurant <ref>,19.36,dining,simulated_bank_transactions_uk
2024-11-27,card payment trainline train ticket <ref>,84.11,transportation,simulated_bank_transactions_uk
2024-10-04,card pmt hmrc online purchase <ref>,129.8,other,simulated_bank_transactions_uk
2024-10-19,pos purchase amazon misc expens,16.6,other,simulated_bank_transactions_uk
2023-04-22,pos purchase hmrc misc expense <ref>,58.96,other,simulated_bank_transactions_uk
2024-01-19,card pmt pret fast food,91.95,dining,simulated_bank_transactions_uk
2024-05-20,contactless sainsburys eggs,91.83,groceries,simulated_bank_transactions_uk
2023-09-02,mortgage payment landlord,1683.92,housing,simulated_bank_transactions_uk
2023-02-28,pos waitrose vegetables,13.17,groceries,simulated_bank_transactions_uk
2024-08-26,bacs mortgage rent <ref>,1849.47,housing,simulated_bank_transactions_uk
2024-07-15,card pmt waitrose rice <ref>,92.17,groceries,simulated_bank_transactions_uk
2024-08-25,card*utility*bill*e.on <ref>,46.2,utilities,simulated_bank_transactions_uk
2024-06-15,direct debit e.on <ref>,139.9,utilities,simulated_bank_transactions_uk
2023-02-14,card pmt disney+,30.29,subscriptions,simulated_bank_transactions_uk
2024-10-06,sto food delivery costa fast food,106.52,dining,simulated_bank_transactions_uk
2023-12-09,card-pmt-esso-bus-pass <ref>,124.72,transportation,simulated_bank_transactions_uk
2023-01-22,card pmt spotify 6216,17.9,subscriptions,simulated_bank_transactions_uk
2024-01-13,rent pmt mortgage <ref>,1986.66,housing,simulated_bank_transactions_uk
2023-07-04,pos*pos*waitrose*chicken <ref>,41.36,groceries,simulated_bank_transactions_uk
2024-10-25,pos purchase nhs online purchase <ref>,71.94,other,simulated_bank_transactions_uk
2023-07-06,transport-national-rail-fuel <ref>,24.64,transportation,simulated_bank_transactions_uk
2023-06-13,so restaurant greggs restaurant <ref>,88.4,dining,simulated_bank_transactions_uk
2024-10-08,card-payment-deliveroo-restaurant <ref>,114.73,dining,simulated_bank_transactions_uk
2023-03-08,bacs mortgage rent <ref>,1746.72,housing,simulated_bank_transactions_uk
2023-01-21,contactless card payment tesco chicken,67.11,groceries,simulated_bank_transactions_uk
2023-08-14,bacs rent rent <ref>,1448.91,housing,simulated_bank_transactions_uk
2023-03-11,food delivery just eat restaurant,89.38,dining,simulated_bank_transactions_uk
2024-07-23,card*payment*netflix,5.12,subscriptions,simulated_bank_transactions_uk
2023-02-20,contactless contactless lidl vegetables <ref>,71.7,groceries,simulated_bank_transactions_uk
2024-05-26,bacs pos purchase argos online purchase <ref>,149.22,other,simulated_bank_transactions_uk
2023-12-19,mortgage payment mortgage,1338.33,housing,simulated_bank_transactions_uk
2024-05-17,sto pos purchase argos misc expense,71.35,other,simulated_bank_transactions_uk
2023-03-28,card pmt superdrug misc expense,118.38,other,simulated_bank_transactions_uk
2024-01-30,card/pmt/trainline/fuel,22.72,transportation,simulated_bank_transactions_uk
2024-07-30,card pmt apple.com/bill,8.52,subscriptions,simulated_bank_transactions_uk
2024-09-06,card pmt uber fuel <ref>,98.18,transportation,simulated_bank_transactions_uk
2024-05-17,food delivery greggs fast food,66.8,dining,simulated_bank_transactions_uk
2024-08-31,food delivery uber eats restaurant <ref>,96.45,dining,simulated_bank_transactions_uk
2024-07-30,pos card payment bolt fuel,105.22,transportation,simulated_bank_transactions_uk
2023-06-02,bacs letting agent rent <ref>,1744.41,housing,simulated_bank_transactions_uk
2023-05-04,contactless lidl eggs <ref>,130.2,groceries,simulated_bank_transactions_uk
2024-08-05,direct debit o2 <ref>,218.21,utilities,simulated_bank_transactions_uk
2024-11-17,rent pmt rent <ref>,1622.85,housing,simulated_bank_transactions_uk
2024-01-01,contactless card pmt spotify <ref>,6.7,subscriptions,simulated_bank_transactions_uk
2023-09-30,so-contactless-morrisons-rice <ref>,71.65,groceries,simulated_bank_transactions_uk
2023-07-13,online purchase nhs misc expense <ref>,96.93,other,simulated_bank_transactions_uk
2023-04-26,contactless fuel tfl uber ride <ref>,84.0,transportation,simulated_bank_transactions_uk
2024-06-05,card pmt pret food delivery <ref>,76.01,dining,simulated_bank_transactions_uk
2024-09-13,food-delivery-mcdonalds-fast-food <ref>,76.37,dining,simulated_bank_transactions_uk
2024-09-29,utility-bill-vodafone <ref>,165.13,utilities,simulated_bank_transactions_uk
2024-07-03,sto rent pmt landlord <ref>,1029.65,housing,simulated_bank_transactions_uk
2024-04-25,mastercard-utility-bill-b,157.31,utilities,simulated_bank_transactions_uk
2023-05-29,online purchase nhs online purchase <ref>,29.08,other,simulated_bank_transactions_uk
2024-09-18,pos purchase argos online purchase <ref>,126.83,other,simulated_bank_transactions_uk
2024-03-12,utility*bill*octopus*energy <ref>,226.25,utilities,simulated_bank_transactions_uk
2023-04-25,mortgage pmt letting agent <ref>,1733.8,housing,simulated_bank_transactions_uk
2024-08-12,subscription apple.com/bill <ref>,38.68,subscriptions,simulated_bank_transactions_uk
2023-08-06,visa utility bill bt <ref>,179.21,utilities,simulated_bank_transactions_uk
2024-07-24,bacs rent rent <ref>,1377.16,housing,simulated_bank_transactions_uk
2023-05-16,utility bill e.on <ref>,116.53,utilities,simulated_bank_transactions_uk
2023-08-26,direct debit spotify <ref>,21.71,subscriptions,simulated_bank_transactions_uk
2024-12-07,mastercard bill payment octopus energy <ref>,69.15,utilities,simulated_bank_transactions_uk
2024-07-16,direct debit british gas,178.62,utilities,simulated_bank_transactions_uk
2023-05-07,food-delivery-just-eat-fast-food <ref>,73.57,dining,simulated_bank_transactions_uk
2024-02-17,pos/iceland/bread <ref>,85.1,groceries,simulated_bank_transactions_uk
2024-01-13,card payment disney+,15.16,subscriptions,simulated_bank_transactions_uk
2023-06-19,pos tesco rice <ref>,36.92,groceries,simulated_bank_transactions_uk
2023-08-15,card payment argos online purchase <ref>,23.2,other,simulated_bank_transactions_uk
2024-06-06,contactless sainsburys rice <ref>,97.78,groceries,simulated_bank_transactions_uk
2023-01-09,restaurant/pret/fast/food <ref>,136.13,dining,simulated_bank_transactions_uk
2023-10-11,online purchase argos online purchase <ref>,86.45,other,simulated_bank_transactions_uk
2024-10-25,rent pmt landlord <ref>,1661.25,housing,simulated_bank_transactions_uk
2024-05-08,pos morrisons eggs,50.87,groceries,simulated_bank_transactions_uk
2024-07-30,bacs/rent/pmt/rent,1693.36,housing,simulated_bank_transactions_uk
2023-03-17,contactless sainsburys rice <ref>,47.2,groceries,simulated_bank_transactions_uk
2023-07-31,utility bill bt <ref>,170.96,utilities,simulated_bank_transactions_uk
2024-12-13,transport national rail train ticket <ref>,76.93,transportation,simulated_bank_transactions_uk
2024-05-21,pos waitrose milk <ref>,104.42,groceries,simulated_bank_transactions_uk
2023-05-25,transport uber uber ride <ref>,128.99,transportation,simulated_bank_transactions_uk
2023-10-06,restaurant starbucks restaurant <ref>,10.37,dining,simulated_bank_transactions_uk
2024-08-28,subscription puregym,11.58,subscriptions,simulated_bank_transactions_uk
2024-03-03,mortgage pmt letting agent <ref>,1093.27,housing,simulated_bank_transactions_uk
2024-02-21,contactless utility bill vodafone,156.86,utilities,simulated_bank_transactions_uk
2023-01-05,subscription amazon prime,32.68,subscriptions,simulated_bank_transactions_uk
2024-02-14,bacs card pmt amazon misc expense <ref>,50.7,other,simulated_bank_transactions_uk
2024-10-20,direct debit google *services,37.3,subscriptions,simulated_bank_transactions_uk
2023-03-03,transport-esso-bus-pass <ref>,120.87,transportation,simulated_bank_transactions_uk
2023-05-30,card pmt currys online purchase <ref>,5.3,other,simulated_bank_transactions_uk
2024-08-30,card payment nhs misc expense,117.59,other,simulated_bank_transactions_uk
2023-12-24,food delivery just eat fast food <ref>,94.47,dining,simulated_bank_transactions_uk
2023-01-02,card pmt tfl train ticket <ref>,19.87,transportation,simulated_bank_transactions_uk
2024-06-01,card payment iceland chicken 36,120.56,groceries,simulated_bank_transactions_uk
2024-09-29,subscription-google-*services,26.4,subscriptions,simulated_bank_transactions_uk
2024-10-04,rent pmt rent <ref>,817.87,housing,simulated_bank_transactions_uk
2023-11-25,visa subscription puregym <ref>,38.99,subscriptions,simulated_bank_transactions_uk
2023-03-21,bill pmt ee <ref>,225.3,utilities,simulated_bank_transactions_uk
2024-05-26,card payment aldi milk <ref>,50.77,groceries,simulated_bank_transactions_uk
2024-01-14,mastercard card payment aldi bread <ref>,47.04,groceries,simulated_bank_transactions_uk
2024-02-26,pos/food/delivery/uber/eats/restaurant <ref>,97.52,dining,simulated_bank_transactions_uk
2023-11-06,fuel-national-rail-train-ticket,59.5,transportation,simulated_bank_transactions_uk
2023-10-18,card payment hmrc misc expense <ref>,136.56,other,simulated_bank_transactions_uk
2023-07-02,card pmt greggs restaurant,3.48,dining,simulated_bank_transactions_uk
2023-09-14,card pmt tesco bread <ref>,53.23,groceries,simulated_bank_transactions_uk
2024-12-13,online*purchase*superdrug*misc*expense,94.58,other,simulated_bank_transactions_uk
2023-01-05,direct debit o2 <ref>,155.32,utilities,simulated_bank_transactions_uk
2023-09-10,fps card payment deliveroo restaurant,113.36,dining,simulated_bank_transactions_uk
2023-03-05,pos rent pmt mortgage <ref>,1138.89,housing,simulated_bank_transactions_uk
2023-09-23,pos purchase currys misc expense <ref>,125.48,other,simulated_bank_transactions_uk
2024-11-08,sto-card-payment-starbucks-food-d,10.29,dining,simulated_bank_transactions_uk
2023-09-13,card pmt aldi rice <ref>,10.46,groceries,simulated_bank_transactions_uk
2024-03-28,subscription disney+,7.69,subscriptions,simulated_bank_transactions_uk
2023-05-17,card card pmt puregym <ref>,11.65,subscriptions,simulated_bank_transactions_uk
2023-03-29,contactless aldi eggs <ref>,95.96,groceries,simulated_bank_transactions_uk
2023-10-26,bacs landlord rent <ref>,838.64,housing,simulated_bank_transactions_uk
2024-01-28,bacs-letting-agent-rent <ref>,1159.1,housing,simulated_bank_transactions_uk
2023-09-17,card/pmt/google/*services <ref>,16.81,subscriptions,simulated_bank_transactions_uk
2023-12-10,mortgage/payment/landlord,1935.98,housing,simulated_bank_transactions_uk
2024-11-21,card card payment tfl uber ride <ref>,31.19,transportation,simulated_bank_transactions_uk
2023-01-13,direct*debit*octopus*energy <ref>,190.78,utilities,simulated_bank_transactions_uk
2023-03-10,fps bill pmt e.on <ref>,161.4,utilities,simulated_bank_transactions_uk
2023-11-24,transport trainline fuel,105.41,transportation,simulated_bank_transactions_uk
2024-11-13,card/pmt/disney+ <ref>,26.44,subscriptions,simulated_bank_transactions_uk
2024-08-02,card payment bp fuel <ref>,83.67,transportation,simulated_bank_transactions_uk
2023-11-08,pos waitrose vegetables <ref>,51.39,groceries,simulated_bank_transactions_uk
2023-04-29,direct/debit/amazon/prime,33.51,subscriptions,simulated_bank_transactions_uk
2024-08-19,bacs landlord rent,824.05,housing,simulated_bank_transactions_uk
2023-10-19,card payment disney+ <ref>,15.16,subscriptions,simulated_bank_transactions_uk
2024-06-09,direct debit pos iceland milk <ref>,34.81,groceries,simulated_bank_transactions_uk
2024-08-18,card/pmt/esso/fuel <ref>,135.49,transportation,simulated_bank_transactions_uk
2023-11-26,direct/debit/scottishpower <ref>,67.05,utilities,simulated_bank_transactions_uk
2024-12-28,bill/payment/british/gas,212.35,utilities,simulated_bank_transactions_uk
2023-02-13,card pmt lidl milk,69.18,groceries,simulated_bank_transactions_uk
2023-11-06,direct debit ee <ref>,141.34,utilities,simulated_bank_transactions_uk
2024-06-09,mortgage payment rent,1971.57,housing,simulated_bank_transactions_uk
2024-07-10,card payment netfli,26.85,subscriptions,simulated_bank_transactions_uk
2024-04-19,contactless contactless waitrose vegetables <ref>,82.74,groceries,simulated_bank_transactions_uk
2024-11-15,direct-debit-bill-pmt-e.on,114.83,utilities,simulated_bank_transactions_uk
2023-11-16,transport bp uber ride <ref>,137.23,transportation,simulated_bank_transactions_uk
2023-11-17,transport trainline uber ride <ref>,149.43,transportation,simulated_bank_transactions_uk
2023-01-27,contactless direct debit octopus energy,153.14,utilities,simulated_bank_transactions_uk
2024-06-13,so card payment iceland milk <ref>,31.03,groceries,simulated_bank_transactions_uk
2024-01-03,card pmt shell train ticket <ref>,35.01,transportation,simulated_bank_transactions_uk
2023-08-30,so card payment just eat food delivery <ref>,115.82,dining,simulated_bank_transactions_uk
2023-01-13,card pmt bp train ticket 3,82.84,transportation,simulated_bank_transactions_uk
2023-09-15,mortgage payment letting agent,1617.14,housing,simulated_bank_transactions_uk
2024-05-03,mastercard/card/pmt/kfc/restaurant <ref>,141.57,dining,simulated_bank_transactions_uk
2023-06-11,contactless-card-pmt-argos-online-purchase <ref>,95.57,other,simulated_bank_transactions_uk
2023-09-17,card/card/payment/tesco/bread,49.03,groceries,simulated_bank_transactions_uk
2023-02-10,direct-debit-british-gas <ref>,127.02,utilities,simulated_bank_transactions_uk
2023-01-31,card*payment*superdrug*misc*expense <ref>,72.69,other,simulated_bank_transactions_uk
2023-07-22,transport/tfl/train/ticket,94.0,transportation,simulated_bank_transactions_uk
2024-03-12,sto mortgage payment letting agent <ref>,1873.9,housing,simulated_bank_transactions_uk
2024-07-06,card rent pmt landlord,1023.34,housing,simulated_bank_transactions_uk
2023-02-10,rent payment landlord,787.73,housing,simulated_bank_transactions_uk
2023-10-27,food delivery starbucks food delivery <ref>,52.69,dining,simulated_bank_transactions_uk
2023-08-12,card payment ebay online purchase 8822,6.01,other,simulated_bank_transactions_uk
2023-03-16,rent pmt landlord,1118.52,housing,simulated_bank_transactions_uk
2024-09-04,contactless asda vegetables <ref>,101.96,groceries,simulated_bank_transactions_uk
2024-04-18,bacs-mortgage-rent <ref>,802.5,housing,simulated_bank_transactions_uk
2023-07-07,bacs/card/payment/hmrc/online/purchase <ref>,53.67,other,simulated_bank_transactions_uk
2023-03-08,card pmt uber eats fast food,45.53,dining,simulated_bank_transactions_uk
2024-06-28,pos food delivery pret food delivery <ref>,122.19,dining,simulated_bank_transactions_uk
2024-03-20,direct*debit*gym*group <ref>,11.23,subscriptions,simulated_bank_transactions_uk
2023-11-23,mastercard*card*pmt*currys*online*purchase,88.4,other,simulated_bank_transactions_uk
2024-07-18,mortgage payment rent,1520.59,housing,simulated_bank_transactions_uk
2024-11-17,utility bill sky <ref>,172.58,utilities,simulated_bank_transactions_uk
2024-10-28,sto mortgage payment mortgage <ref>,1243.19,housing,simulated_bank_transactions_uk
2023-02-10,card pmt mcdonalds food delivery <ref>,6.14,dining,simulated_bank_transactions_uk
2023-08-26,card payment shell train ticket,98.65,transportation,simulated_bank_transactions_uk
2023-08-25,card payment trainline fuel <ref>,116.67,transportation,simulated_bank_transactions_uk
2024-01-12,card payment iceland chicken <ref>,93.29,groceries,simulated_bank_transactions_uk
2024-03-12,direct debit card payment puregym,7.82,subscriptions,simulated_bank_transactions_uk
2023-11-23,mortgage pmt mortgage <ref>,1511.12,housing,simulated_bank_transactions_uk
2023-12-21,bill pmt severn trent <ref>,188.38,utilities,simulated_bank_transactions_uk
2024-11-02,card payment lidl rice <ref>,147.56,groceries,simulated_bank_transactions_uk
2023-01-07,pos pos morrisons rice <ref>,73.48,groceries,simulated_bank_transactions_uk
2024-09-16,rent pmt landlord <ref>,1522.07,housing,simulated_bank_transactions_uk
2024-01-22,card payment spotify <ref>,17.13,subscriptions,simulated_bank_transactions_uk
2023-03-14,subscription netflix <ref>,19.51,subscriptions,simulated_bank_transactions_uk
2024-01-03,direct debit bt <ref>,230.63,utilities,simulated_bank_transactions_uk
2023-09-21,contactless*lidl*chic,117.83,groceries,simulated_bank_transactions_uk
2023-06-25,card payment amazon prime,14.73,subscriptions,simulated_bank_transactions_uk
2023-07-20,bill pmt british gas <ref>,104.06,utilities,simulated_bank_transactions_uk
2023-12-02,pos-purchase-currys-online-purchase,107.07,other,simulated_bank_transactions_uk
2024-02-28,pos-card-payment-netflix <ref>,8.37,subscriptions,simulated_bank_transactions_uk
2023-04-12,utility bill severn trent <ref>,194.48,utilities,simulated_bank_transactions_uk
2023-11-13,card payment morrisons chicken <ref>,63.38,groceries,simulated_bank_transactions_uk
2024-03-15,card/pmt/shell/uber/ride <ref>,101.86,transportation,simulated_bank_transactions_uk
2023-01-11,direct debit scottishpower <ref>,191.51,utilities,simulated_bank_transactions_uk
2023-09-15,card card pmt currys misc,110.89,other,simulated_bank_transactions_uk
2023-05-26,pos lidl rice,37.89,groceries,simulated_bank_transactions_uk
2024-12-19,bill payment british gas,122.36,utilities,simulated_bank_transactions_uk
2024-04-22,card*pmt*kfc*food*delivery <ref>,118.67,dining,simulated_bank_transactions_uk
2023-07-23,online*purchase*nhs*online*purchase <ref>,148.98,other,simulated_bank_transactions_uk
2024-07-12,card payment boots online purchase,34.82,other,simulated_bank_transactions_uk
2024-03-27,contactless waitrose bread <ref>,78.85,groceries,simulated_bank_transactions_uk
2024-10-31,so*card*payment*asda*chicken,122.95,groceries,simulated_bank_transactions_uk
2024-11-21,mortgage pmt mortgage,1805.01,housing,simulated_bank_transactions_uk
2023-11-24,bacs food delivery deliveroo food delivery,103.25,dining,simulated_bank_transactions_uk
2023-11-21,card*bill*payment*severn*trent <ref>,65.47,utilities,simulated_bank_transactions_uk
2023-08-11,direct-debit-gym-group <ref>,34.98,subscriptions,simulated_bank_transactions_uk
2023-07-30,card*pmt*waitrose*milk,47.95,groceries,simulated_bank_transactions_uk
2024-05-30,bill payment bt <ref>,249.19,utilities,simulated_bank_transactions_uk
2023-02-25,restaurant uber eats restaurant <ref>,146.18,dining,simulated_bank_transactions_uk
2023-12-09,card*pmt*currys*misc*expense,110.6,other,simulated_bank_transactions_uk
2023-01-27,online purchase boots misc expense <ref>,101.98,other,simulated_bank_transactions_uk
2024-06-29,contactless iceland bread,122.66,groceries,simulated_bank_transactions_uk
2023-09-07,contactless aldi chicken <ref>,120.77,groceries,simulated_bank_transactions_uk
2023-04-05,bacs/landlord/rent <ref>,1932.57,housing,simulated_bank_transactions_uk
2024-05-27,rent pmt mortgage 576,780.58,housing,simulated_bank_transactions_uk
2024-07-11,bill pmt vodafone <ref>,85.62,utilities,simulated_bank_transactions_uk
2024-06-14,contactless sainsburys rice,9.69,groceries,simulated_bank_transactions_uk
2024-10-11,transport-shell-fuel,12.21,transportation,simulated_bank_transactions_uk
2024-10-09,card/card/payment/netflix <ref>,27.45,subscriptions,simulated_bank_transactions_uk
2024-09-13,bill pmt british gas,91.94,utilities,simulated_bank_transactions_uk
2023-08-03,card*payment*netflix <ref>,34.89,subscriptions,simulated_bank_transactions_uk
2024-10-21,mortgage*payment*letting*agent <ref>,992.15,housing,simulated_bank_transactions_uk
2023-07-29,fuel tfl fuel <ref>,40.6,transportation,simulated_bank_transactions_uk
2023-02-14,fuel-trainline-bus-pass,22.07,transportation,simulated_bank_transactions_uk
2023-02-16,food delivery greggs fast food <ref>,12.75,dining,simulated_bank_transactions_uk
2024-02-09,online/purchase/superdrug/online/purchase,46.25,other,simulated_bank_transactions_uk
2023-10-27,contactless sainsburys milk <ref>,4.76,groceries,simulated_bank_transactions_uk
2023-12-11,so/pos/iceland/bread <ref>,20.93,groceries,simulated_bank_transactions_uk
2024-04-11,card pmt bp bus pass <ref>,144.13,transportation,simulated_bank_transactions_uk
2023-05-31,card payment gym group,30.23,subscriptions,simulated_bank_transactions_uk
2024-01-01,rent pmt mortgage <ref>,1435.51,housing,simulated_bank_transactions_uk
2024-11-03,food delivery nando's food delivery <ref>,71.25,dining,simulated_bank_transactions_uk
2023-03-20,contactless iceland rice,58.53,groceries,simulated_bank_transactions_uk
2024-04-09,rent pmt rent,1868.71,housing,simulated_bank_transactions_uk
2024-03-24,food delivery starbucks fast food <ref>,72.99,dining,simulated_bank_transactions_uk
2024-05-06,transport bolt uber ride <ref>,35.01,transportation,simulated_bank_transactions_uk
2023-08-07,restaurant starbucks food delivery <ref>,14.24,dining,simulated_bank_transactions_uk
2023-08-17,subscription spotify <ref>,38.98,subscriptions,simulated_bank_transactions_uk
2023-02-12,visa card payment amazon prime,33.0,subscriptions,simulated_bank_transactions_uk
2023-10-09,card payment national rail fuel <ref>,36.05,transportation,simulated_bank_transactions_uk
2023-11-23,mastercard transport shell uber ride <ref>,89.28,transportation,simulated_bank_transactions_uk
2023-03-28,transport shell fuel <ref>,139.62,transportation,simulated_bank_transactions_uk
2023-04-27,mortgage payment landlord <ref>,912.69,housing,simulated_bank_transactions_uk
2024-08-15,contactless direct debit gym group <ref>,6.07,subscriptions,simulated_bank_transactions_uk
2023-02-11,so mortgage payment landlord <ref>,1619.08,housing,simulated_bank_transactions_uk
2023-11-23,bill pmt vodafone,136.58,utilities,simulated_bank_transactions_uk
2023-04-19,card payment google *services <ref>,36.75,subscriptions,simulated_bank_transactions_uk
2024-02-05,card payment currys misc expense <ref>,38.05,other,simulated_bank_transactions_uk
2023-11-10,contactless bacs letting agent rent <ref>,1860.74,housing,simulated_bank_transactions_uk
2024-04-03,subscription apple.com/bill <ref>,25.42,subscriptions,simulated_bank_transactions_uk
2023-09-15,contactless sainsburys vegetabl,85.84,groceries,simulated_bank_transactions_uk
2023-11-18,contactless morrisons rice,36.5,groceries,simulated_bank_transactions_uk
2023-01-09,pos purchase hmrc misc expense <ref>,134.77,other,simulated_bank_transactions_uk
2023-03-18,sto utility bill sky,241.98,utilities,simulated_bank_transactions_uk
2024-07-26,direct debit card payment argos misc expense <ref>,31.99,other,simulated_bank_transactions_uk
2023-12-21,bacs mortgage rent <ref>,1561.5,housing,simulated_bank_transactions_uk
2023-08-13,direct debit card pmt bolt bus,108.69,transportation,simulated_bank_transactions_uk
2023-02-06,sto-bacs-letting-agent-rent <ref>,1911.76,housing,simulated_bank_transactions_uk
2024-11-24,pos-restaurant-just-eat-food-delivery <ref>,107.11,dining,simulated_bank_transactions_uk
2024-05-30,food*delivery*nando's*fast*f,71.79,dining,simulated_bank_transactions_uk
2023-05-19,online*purchase*nhs*online*purchase <ref>,97.72,other,simulated_bank_transactions_uk
2023-02-02,card payment boots online purchase <ref>,115.06,other,simulated_bank_transactions_uk
2024-11-13,bacs mortgage rent,795.77,housing,simulated_bank_transactions_uk
2024-09-25,card/pmt/sainsburys/eggs <ref>,6.18,groceries,simulated_bank_transactions_uk
2023-03-11,transport shell fuel 4,114.69,transportation,simulated_bank_transactions_uk
2023-04-19,so card payment morrisons bread <ref>,46.37,groceries,simulated_bank_transactions_uk
2024-12-10,fps mortgage pmt landlord,1288.49,housing,simulated_bank_transactions_uk
2023-01-24,contactless morrisons eggs <ref>,16.93,groceries,simulated_bank_transactions_uk
2023-03-25,mortgage payment letting agent <ref>,1172.4,housing,simulated_bank_transactions_uk
2024-03-19,subscription*gym*group <ref>,14.57,subscriptions,simulated_bank_transactions_uk
2024-05-24,utility/bill/british/gas <ref>,238.39,utilities,simulated_bank_transactions_uk
2024-07-15,pos morrisons vegetables <ref>,41.04,groceries,simulated_bank_transactions_uk
2023-01-17,food delivery just eat fa,15.08,dining,simulated_bank_transactions_uk
2023-01-15,visa contactless iceland chicken <ref>,71.09,groceries,simulated_bank_transactions_uk
2023-02-18,bill pmt octopus energy <ref>,131.91,utilities,simulated_bank_transactions_uk
2023-01-30,bacs rent rent <ref>,913.78,housing,simulated_bank_transactions_uk
2024-01-21,restaurant*uber*eats*restaurant 809,22.79,dining,simulated_bank_transactions_uk
2024-09-20,pos/mortgage/pmt/letting/agent <ref>,1392.81,housing,simulated_bank_transactions_uk
2023-09-20,online purchase boots misc expense <ref>,99.62,other,simulated_bank_transactions_uk
2023-02-28,direct debit spotify,12.48,subscriptions,simulated_bank_transactions_uk
2023-04-14,card payment uber train ticket <ref>,78.47,transportation,simulated_bank_transactions_uk
2024-09-01,online*purchase*amazon*misc*expense <ref>,68.02,other,simulated_bank_transactions_uk
2023-06-14,mortgage payment landlord <ref>,1778.07,housing,simulated_bank_transactions_uk
2024-06-24,contactless card payment uber fuel <ref>,6.28,transportation,simulated_bank_transactions_uk
2024-11-27,card payment waitrose milk <ref>,139.58,groceries,simulated_bank_transactions_uk
2023-10-23,utility*bill*bt <ref>,123.72,utilities,simulated_bank_transactions_uk
2024-01-01,direct-debit-o2,209.1,utilities,simulated_bank_transactions_uk
2023-05-08,mortgage/pmt/rent,735.66,housing,simulated_bank_transactions_uk
2024-05-01,bill pmt ee <ref>,47.75,utilities,simulated_bank_transactions_uk
2023-09-05,contactless asda milk <ref>,39.12,groceries,simulated_bank_transactions_uk
2023-06-08,visa online purchase currys misc expense <ref>,42.81,other,simulated_bank_transactions_uk
2024-04-25,fuel national rail fuel <ref>,121.49,transportation,simulated_bank_transactions_uk
2024-12-06,fuel trainline uber ride <ref>,145.96,transportation,simulated_bank_transactions_uk
2023-11-19,fuel/bp/train/ticket,58.85,transportation,simulated_bank_transactions_uk
2023-07-30,contactless tesco vegetables,101.75,groceries,simulated_bank_transactions_uk
2023-09-22,card pmt morrisons milk <ref>,123.78,groceries,simulated_bank_transactions_uk
2024-08-29,direct debit contactless waitrose vegetables <ref>,12.77,groceries,simulated_bank_transactions_uk
2023-01-29,bacs pos purchase hmrc online purchase,97.09,other,simulated_bank_transactions_uk
2023-09-11,food delivery uber eats restaurant <ref>,74.85,dining,simulated_bank_transactions_uk
2023-02-03,bacs letting agent rent,885.46,housing,simulated_bank_transactions_uk
2024-11-22,transport shell train ticket <ref>,28.95,transportation,simulated_bank_transactions_uk
2024-03-10,pos-transport-shell-bus-pass,27.1,transportation,simulated_bank_transactions_uk
2023-09-08,card/payment/amazon/misc/expense <ref>,99.14,other,simulated_bank_transactions_uk
2024-11-16,visa bacs landlord rent <ref>,1384.75,housing,simulated_bank_transactions_uk
2024-02-24,direct debit severn trent,56.38,utilities,simulated_bank_transactions_uk
2024-09-28,direct-debit-contactless-aldi-vegetables <ref>,48.96,groceries,simulated_bank_transactions_uk
2023-05-26,direct debit netflix <ref>,14.45,subscriptions,simulated_bank_transactions_uk
2023-10-09,restaurant nando's food delivery <ref>,15.53,dining,simulated_bank_transactions_uk
2024-03-25,card pmt amazon misc expense,49.24,other,simulated_bank_transactions_uk
2023-06-07,online purchase superdrug misc expense <ref>,81.69,other,simulated_bank_transactions_uk
2024-10-18,food*delivery*greggs*food*delivery,21.71,dining,simulated_bank_transactions_uk
2024-09-18,direct debit netflix <ref>,8.73,subscriptions,simulated_bank_transactions_uk
2023-07-16,direct*debit*gym*group <ref>,6.1,subscriptions,simulated_bank_transactions_uk
2023-08-24,utility bill ee 441,111.5,utilities,simulated_bank_transactions_uk
2024-12-11,online purchase hmrc misc expense,78.14,other,simulated_bank_transactions_uk
2024-06-14,direct-debit-utility-bill-o2 <ref>,67.71,utilities,simulated_bank_transactions_uk
2024-05-22,contactless*asda*eggs <ref>,7.12,groceries,simulated_bank_transactions_uk
2024-11-12,card payment bp uber ride <ref>,131.31,transportation,simulated_bank_transactions_uk
2024-10-07,subscription netflix,35.89,subscriptions,simulated_bank_transactions_uk
2024-01-05,pos purchase hmrc misc expense,121.82,other,simulated_bank_transactions_uk
2024-01-02,fuel esso bus pass <ref>,137.07,transportation,simulated_bank_transactions_uk
2024-05-15,bill payment vod,134.14,utilities,simulated_bank_transactions_uk
2023-10-08,card payment kfc fast food,44.94,dining,simulated_bank_transactions_uk
2023-02-04,direct debit google *services,25.56,subscriptions,simulated_bank_transactions_uk
2023-02-24,sto-transport-tfl-fuel <ref>,44.5,transportation,simulated_bank_transactions_uk
2024-08-04,card pmt iceland rice <ref>,4.28,groceries,simulated_bank_transactions_uk
2024-07-13,so direct debit netflix <ref>,18.66,subscriptions,simulated_bank_transactions_uk
2024-11-18,card payment mcdonalds restaurant,144.16,dining,simulated_bank_transactions_uk
2023-08-01,food delivery pret fast food <ref>,121.52,dining,simulated_bank_transactions_uk
2024-07-29,card payment pret fast food <ref>,90.27,dining,simulated_bank_transactions_uk
2024-01-24,fuel shell bus pass <ref>,99.02,transportation,simulated_bank_transactions_uk
2023-05-05,sto card pmt tesco chicken <ref>,17.8,groceries,simulated_bank_transactions_uk
2023-06-10,mastercard contactless morrisons eggs <ref>,6.58,groceries,simulated_bank_transactions_uk
2023-12-29,card payment ebay misc expense,40.23,other,simulated_bank_transactions_uk
2024-03-20,mastercard mortgage payment letting agent,660.93,housing,simulated_bank_transactions_uk
2024-09-21,card pmt lidl chicken <ref>,125.58,groceries,simulated_bank_transactions_uk
2024-10-09,pos*purchase*hmrc*online*purchase <ref>,23.78,other,simulated_bank_transactions_uk
2023-05-27,bacs-letting-agent-rent,1216.5,housing,simulated_bank_transactions_uk
2023-04-17,food delivery nando's restaurant <ref>,56.0,dining,simulated_bank_transactions_uk
2024-02-08,rent payment landlord <ref>,774.13,housing,simulated_bank_transactions_uk
2024-01-16,pos purchase boots online purchase <ref>,34.99,other,simulated_bank_transactions_uk
2024-11-27,pos morrisons vegetables <ref>,124.31,groceries,simulated_bank_transactions_uk
2024-06-04,fps rent payment letting agent <ref>,1488.47,housing,simulated_bank_transactions_uk
2024-04-15,direct debit spotify <ref>,37.82,subscriptions,simulated_bank_transactions_uk
2023-09-06,card-pmt-spotify <ref>,29.0,subscriptions,simulated_bank_transactions_uk
2024-05-26,visa restaurant just eat restaurant <ref>,118.59,dining,simulated_bank_transactions_uk
2023-12-11,card payment puregym <ref>,30.41,subscriptions,simulated_bank_transactions_uk
2023-12-29,online*purchase*boots*misc*expense 3,91.86,other,simulated_bank_transactions_uk
2023-04-29,rent/payment/rent,1626.26,housing,simulated_bank_transactions_uk
2024-05-19,bill pmt bt <ref>,189.64,utilities,simulated_bank_transactions_uk
2023-05-28,mortgage payment landlord <ref>,1808.43,housing,simulated_bank_transactions_uk
2023-08-23,card payment costa food delivery <ref>,18.65,dining,simulated_bank_transactions_uk
2023-01-25,direct debit utility bill sky,91.57,utilities,simulated_bank_transactions_uk
2024-11-12,fps direct debit sky,75.91,utilities,simulated_bank_transactions_uk
2023-10-05,bill payment o2 <ref>,131.57,utilities,simulated_bank_transactions_uk
2023-02-11,bacs mortgage rent,987.48,housing,simulated_bank_transactions_uk
2024-01-11,card card payment uber fuel <ref>,52.44,transportation,simulated_bank_transactions_uk
2024-01-22,contactless-iceland-milk,27.02,groceries,simulated_bank_transactions_uk
2023-12-25,direct debit british gas <ref>,242.26,utilities,simulated_bank_transactions_uk
2023-05-15,contactless*iceland*bread,106.98,groceries,simulated_bank_transactions_uk
2024-10-27,card pmt gym group <ref>,6.33,subscriptions,simulated_bank_transactions_uk
2023-06-23,so/card/pmt/esso/bus/pass <ref>,89.39,transportation,simulated_bank_transactions_uk
2024-03-06,card payment ebay online purchase <ref>,68.03,other,simulated_bank_transactions_uk
2023-07-06,card-pmt-just-eat-fast-food <ref>,119.8,dining,simulated_bank_transactions_uk
2023-08-23,bill payment e.on <ref>,88.3,utilities,simulated_bank_transactions_uk
2023-05-17,pos purchase ebay misc expense,31.45,other,simulated_bank_transactions_uk
2024-03-04,bacs landlord rent <ref>,902.33,housing,simulated_bank_transactions_uk
2023-12-19,online-purchase-amazon-online-purchase <ref>,14.73,other,simulated_bank_transactions_uk
2024-01-24,pos waitrose milk <ref>,4.75,groceries,simulated_bank_transactions_uk
2023-06-19,pos-pos-sainsburys-rice,67.83,groceries,simulated_bank_transactions_uk
2024-10-05,mastercard-pos-iceland-eggs,31.48,groceries,simulated_bank_transactions_uk
2024-01-30,contactless-bacs-rent-rent <ref>,1575.67,housing,simulated_bank_transactions_uk
2023-12-18,fps direct debit google *services <ref>,38.99,subscriptions,simulated_bank_transactions_uk
2024-05-02,utility bill ee <ref>,228.57,utilities,simulated_bank_transactions_uk
2023-01-05,bill payment octopus energy <ref>,108.34,utilities,simulated_bank_transactions_uk
2024-04-09,subscription*netflix <ref>,7.29,subscriptions,simulated_bank_transactions_uk
2024-01-06,bill/payment/vodafone <ref>,155.04,utilities,simulated_bank_transactions_uk
2023-08-27,direct debit pos sainsburys rice <ref>,94.54,groceries,simulated_bank_transactions_uk
2023-08-22,food/delivery/uber/eats/fast/food <ref>,127.95,dining,simulated_bank_transactions_uk
2023-07-17,card pmt waitrose bread,93.01,groceries,simulated_bank_transactions_uk
2024-06-13,transport national rail uber ride 608,112.09,transportation,simulated_bank_transactions_uk
2023-06-13,fuel bolt uber ride,134.38,transportation,simulated_bank_transactions_uk
2024-09-13,bacs bacs rent rent,1996.76,housing,simulated_bank_transactions_uk
2023-01-19,bacs landlord rent <ref>,1176.76,housing,simulated_bank_transactions_uk
2023-06-04,card pmt tesco chicken <ref>,11.64,groceries,simulated_bank_transactions_uk
2023-03-29,sto direct debit thames water,168.22,utilities,simulated_bank_transactions_uk
2023-05-05,pos*purchase*hmrc*online*purchase <ref>,141.73,other,simulated_bank_transactions_uk
2023-12-22,direct/debit/disney+ <ref>,39.14,subscriptions,simulated_bank_transactions_uk
2023-11-28,card*bill*pmt*british*gas <ref>,171.5,utilities,simulated_bank_transactions_uk
2023-08-03,card pmt amazon prime <ref>,9.6,subscriptions,simulated_bank_transactions_uk
2024-09-30,contactless iceland eggs <ref>,122.17,groceries,simulated_bank_transactions_uk
2024-04-16,card pmt amazon prime,17.28,subscriptions,simulated_bank_transactions_uk
2023-01-31,card/payment/national/rail/fuel <ref>,119.07,transportation,simulated_bank_transactions_uk
2024-07-18,direct debit sky <ref>,210.19,utilities,simulated_bank_transactions_uk
2023-01-04,subscription*google**services,20.19,subscriptions,simulated_bank_transactions_uk
2023-01-13,sto subscription amazon prim,21.27,subscriptions,simulated_bank_transactions_uk
2023-01-25,utility bill e.on,78.63,utilities,simulated_bank_transactions_uk
2024-07-13,contactless*tesco*rice <ref>,78.45,groceries,simulated_bank_transactions_uk
2024-06-12,restaurant costa fast food <ref>,98.5,dining,simulated_bank_transactions_uk
2023-12-13,mastercard rent payment letting agent,1555.88,housing,simulated_bank_transactions_uk
2023-04-10,contactless asda chicken,52.8,groceries,simulated_bank_transactions_uk
2024-09-25,fuel bolt bus pass <ref>,9.33,transportation,simulated_bank_transactions_uk
2023-09-12,direct debit pos purchase argos misc expense <ref>,28.87,other,simulated_bank_transactions_uk
2024-11-24,fps card payment just eat fast food <ref>,94.44,dining,simulated_bank_transactions_uk
2024-05-28,card pmt kfc restaurant <ref>,68.46,dining,simulated_bank_transactions_uk
2023-05-08,restaurant*costa*fast*food <ref>,18.34,dining,simulated_bank_transactions_uk
2023-08-20,fuel tfl train ticket,8.79,transportation,simulated_bank_transactions_uk
2023-02-17,mortgage-payment-mortgage <ref>,1053.53,housing,simulated_bank_transactions_uk
2024-05-13,mortgage pmt rent <ref>,804.73,housing,simulated_bank_transactions_uk
2023-10-30,card payment starbucks fast food <ref>,100.37,dining,simulated_bank_transactions_uk
2023-04-20,direct debit google *services,36.65,subscriptions,simulated_bank_transactions_uk
2024-01-22,restaurant uber eats food delivery <ref>,113.57,dining,simulated_bank_transactions_uk
2024-03-28,restaurant kfc fast food 96,145.39,dining,simulated_bank_transactions_uk
2024-03-05,direct-debit-disney+,35.7,subscriptions,simulated_bank_transactions_uk
2024-12-14,direct debit puregym,35.27,subscriptions,simulated_bank_transactions_uk
2024-04-02,card pmt hmrc misc expense,81.34,other,simulated_bank_transactions_uk
2023-03-30,transport*trainline*uber*ride <ref>,143.79,transportation,simulated_bank_transactions_uk
2024-03-23,pos*morrisons*rice,97.91,groceries,simulated_bank_transactions_uk
2024-03-15,food delivery just eat food delivery <ref>,25.23,dining,simulated_bank_transactions_uk
2024-10-01,fuel esso uber ride <ref>,77.09,transportation,simulated_bank_transactions_uk
2023-08-10,direct debit bt,226.41,utilities,simulated_bank_transactions_uk
2023-06-13,food delivery uber eats fast food <ref>,10.7,dining,simulated_bank_transactions_uk
2023-04-23,fuel esso train ticket <ref>,132.19,transportation,simulated_bank_transactions_uk
2024-11-23,card payment deliveroo food delivery <ref>,42.1,dining,simulated_bank_transactions_uk
2023-09-10,mortgage pmt mortgage,962.15,housing,simulated_bank_transactions_uk
2024-03-26,food delivery uber eats food delivery <ref>,5.14,dining,simulated_bank_transactions_uk
2024-10-05,card pmt aldi eggs <ref>,8.77,groceries,simulated_bank_transactions_uk
2024-06-05,card payment puregym <ref>,7.39,subscriptions,simulated_bank_transactions_uk
2024-08-16,pos purchase hmrc misc expense <ref>,57.87,other,simulated_bank_transactions_uk
2023-05-23,direct debit o2 <ref>,228.61,utilities,simulated_bank_transactions_uk
2023-08-14,online purchase superdrug online purchase <ref>,125.55,other,simulated_bank_transactions_uk
2023-12-17,fps bacs landlord rent <ref>,891.68,housing,simulated_bank_transactions_uk
2024-01-08,online purchase ebay misc expense <ref>,20.32,other,simulated_bank_transactions_uk
2023-03-16,card/pmt/costa/fast/food <ref>,148.56,dining,simulated_bank_transactions_uk
2023-12-16,utility*bill*ee,151.56,utilities,simulated_bank_transactions_uk
2024-08-12,restaurant kfc food delivery <ref>,77.37,dining,simulated_bank_transactions_uk
2023-05-26,pos fuel shell uber ride <ref>,57.01,transportation,simulated_bank_transactions_uk
2024-01-25,bacs letting agent rent <ref>,1685.83,housing,simulated_bank_transactions_uk
2023-01-01,card pmt aldi milk <ref>,88.31,groceries,simulated_bank_transactions_uk
2024-07-04,card*pmt*hmrc*misc*expense,137.78,other,simulated_bank_transactions_uk
2023-07-30,direct debit scottishpower <ref>,40.16,utilities,simulated_bank_transactions_uk
2023-10-03,pos lidl bread <ref>,135.58,groceries,simulated_bank_transactions_uk
2024-02-20,card payment asda bread,123.81,groceries,simulated_bank_transactions_uk
2024-06-11,transport trainline train ticket <ref>,21.38,transportation,simulated_bank_transactions_uk
2024-07-02,transport uber fuel,110.64,transportation,simulated_bank_transactions_uk
2024-03-27,transport*national*rail*fuel <ref>,130.26,transportation,simulated_bank_transactions_uk
2023-02-14,bacs card payment ebay online purchase,111.25,other,simulated_bank_transactions_uk
2023-10-06,sto/card/payment/pret/restaurant <ref>,6.66,dining,simulated_bank_transactions_uk
2023-09-03,food*delivery*pret*restaurant <ref>,125.24,dining,simulated_bank_transactions_uk
2023-10-12,bill*payment*thames*water,41.19,utilities,simulated_bank_transactions_uk
2023-11-13,bacs landlord rent,1524.67,housing,simulated_bank_transactions_uk
2024-03-24,card payment bolt train ticket,59.97,transportation,simulated_bank_transactions_uk
2024-01-26,sto contactless lidl vegetables <ref>,110.05,groceries,simulated_bank_transactions_uk
2024-01-02,utility*bill*scottishpower <ref>,222.5,utilities,simulated_bank_transactions_uk
2023-11-05,card-payment-nando's-food-delivery <ref>,75.0,dining,simulated_bank_transactions_uk
2023-09-19,card payment boots online purchase,111.64,other,simulated_bank_transactions_uk
2024-06-20,transport esso fuel <ref>,66.08,transportation,simulated_bank_transactions_uk
2023-11-11,bill*payment*british*gas,189.38,utilities,simulated_bank_transactions_uk
2024-06-02,sto card payment aldi eggs,28.04,groceries,simulated_bank_transactions_uk
2023-09-14,fuel-shell-train-ticket <ref>,95.28,transportation,simulated_bank_transactions_uk
2024-05-30,pos tesco vegetables <ref>,110.9,groceries,simulated_bank_transactions_uk
2023-09-22,subscription gym group <ref>,12.25,subscriptions,simulated_bank_transactions_uk
2023-07-29,rent payment rent,825.45,housing,simulated_bank_transactions_uk
2024-06-20,rent pmt mortgage,1419.32,housing,simulated_bank_transactions_uk
2024-07-30,online purchase currys online purchase <ref>,21.03,other,simulated_bank_transactions_uk
2024-12-16,online purchase argos online purchase,5.1,other,simulated_bank_transactions_uk
2023-05-22,card pmt nhs online purchase,34.11,other,simulated_bank_transactions_uk
2024-06-07,mortgage payment landlord <ref>,982.35,housing,simulated_bank_transactions_uk
2024-05-09,fuel national rail bus pass <ref>,64.73,transportation,simulated_bank_transactions_uk
2024-11-13,so contactless tesco eggs <ref>,125.02,groceries,simulated_bank_transactions_uk
2024-04-20,transport shell uber ride <ref>,110.91,transportation,simulated_bank_transactions_uk
2024-03-03,contactless mortgage pmt letting agent,1015.38,housing,simulated_bank_transactions_uk
2023-04-12,so subscription gym group,25.19,subscriptions,simulated_bank_transactions_uk
2023-11-14,card pmt mcdonalds food delivery <ref>,123.36,dining,simulated_bank_transactions_uk
2024-05-18,card fuel bolt fuel,98.98,transportation,simulated_bank_transactions_uk
2024-02-14,visa pos purchase hmrc misc expense,113.52,other,simulated_bank_transactions_uk
2024-01-30,card/pmt/esso/fuel <ref>,108.78,transportation,simulated_bank_transactions_uk
2024-02-08,restaurant uber eats fast food <ref>,73.66,dining,simulated_bank_transactions_uk
2023-01-09,contactless morrisons chicken,54.86,groceries,simulated_bank_transactions_uk
2024-10-18,direct debit google *services,16.97,subscriptions,simulated_bank_transactions_uk
2023-07-09,fps*bill*pmt*sky,223.7,utilities,simulated_bank_transactions_uk
2023-10-22,pos contactless iceland rice <ref>,56.47,groceries,simulated_bank_transactions_uk
2023-05-18,direct/debit/amazon/prime <ref>,22.33,subscriptions,simulated_bank_transactions_uk
2024-04-24,card pmt gym group <ref>,39.86,subscriptions,simulated_bank_transactions_uk
2023-05-26,fps transport uber bus pass,111.84,transportation,simulated_bank_transactions_uk
2024-07-21,visa*bill*payment*bt,181.13,utilities,simulated_bank_transactions_uk
2024-09-13,bacs fuel trainline uber ride <ref>,63.88,transportation,simulated_bank_transactions_uk
2024-06-22,utility bill sky <ref>,81.08,utilities,simulated_bank_transactions_uk
2023-03-05,food delivery costa food delivery <ref>,43.52,dining,simulated_bank_transactions_uk
2024-02-29,restaurant mcdonalds fast food <ref>,23.53,dining,simulated_bank_transactions_uk
2023-02-08,online purchase amazon misc expense <ref>,32.72,other,simulated_bank_transactions_uk
2023-09-11,utility bill british gas <ref>,49.3,utilities,simulated_bank_transactions_uk
2024-12-14,pos asda bread <ref>,16.08,groceries,simulated_bank_transactions_uk
2023-03-22,utility bill thames water <ref>,34.36,utilities,simulated_bank_transactions_uk
2024-06-04,card/pmt/sainsburys/,120.74,groceries,simulated_bank_transactions_uk
2023-09-15,card payment bolt uber ride <ref>,61.87,transportation,simulated_bank_transactions_uk
2023-11-24,sto card pmt amazon prime <ref>,23.31,subscriptions,simulated_bank_transactions_uk
2023-12-31,fuel bolt train ticket,105.39,transportation,simulated_bank_transactions_uk
2023-07-17,bill payment bt <ref>,46.46,utilities,simulated_bank_transactions_uk
2023-09-17,fps restaurant pret food delivery,70.25,dining,simulated_bank_transactions_uk
2024-06-19,fuel national rail fuel <ref>,107.0,transportation,simulated_bank_transactions_uk
2024-08-08,direct debit bt <ref>,129.67,utilities,simulated_bank_transactions_uk
2023-04-02,direct debit direct debit amazon prime,20.97,subscriptions,simulated_bank_transactions_uk
2024-03-10,mortgage pmt rent <ref>,1956.43,housing,simulated_bank_transactions_uk
2023-07-28,direct/debit/amazon/prime,13.66,subscriptions,simulated_bank_transactions_uk
2024-07-04,card pmt superdrug misc expense,107.46,other,simulated_bank_transactions_uk
2024-04-20,restaurant greggs food delivery,39.8,dining,simulated_bank_transactions_uk
2023-02-17,bacs rent rent <ref>,1555.52,housing,simulated_bank_transactions_uk
2023-04-24,mortgage pmt mortgage <ref>,1649.96,housing,simulated_bank_transactions_uk
2024-03-10,online/purchase/amazon/misc/expense <ref>,21.95,other,simulated_bank_transactions_uk
2023-06-22,subscription amazon prime <ref>,19.73,subscriptions,simulated_bank_transactions_uk
2024-07-03,subscription apple.com/bill <ref>,35.99,subscriptions,simulated_bank_transactions_uk
2024-01-06,fuel/trainline/train/tic,66.45,transportation,simulated_bank_transactions_uk
2024-08-27,visa online purchase currys online purchase <ref>,74.33,other,simulated_bank_transactions_uk
2024-08-01,food delivery greggs restaurant <ref>,66.81,dining,simulated_bank_transactions_uk
2023-05-15,bacs letting agent rent <ref>,1828.82,housing,simulated_bank_transactions_uk
2023-03-01,rent pmt landlord,1449.4,housing,simulated_bank_transactions_uk
2023-05-11,bacs bacs landlord rent <ref>,1637.69,housing,simulated_bank_transactions_uk
2024-11-07,online*purchase*boots*online*purchase <ref>,30.62,other,simulated_bank_transactions_uk
2023-05-12,card pmt greggs restaurant,17.83,dining,simulated_bank_transactions_uk
2024-08-08,visa pos sainsburys eggs <ref>,96.63,groceries,simulated_bank_transactions_uk
2023-12-27,pos pos iceland vegetables <ref>,43.28,groceries,simulated_bank_transactions_uk
2023-10-05,bacs*mortgage*payment*rent,1026.64,housing,simulated_bank_transactions_uk
2023-02-06,restaurant uber eats food delivery <ref>,29.88,dining,simulated_bank_transactions_uk
2024-02-22,card payment aldi rice <ref>,52.48,groceries,simulated_bank_transactions_uk
2023-12-28,bacs/utility/bill/e.on <ref>,246.79,utilities,simulated_bank_transactions_uk
2023-07-13,contactless sainsburys chicken 367,25.88,groceries,simulated_bank_transactions_uk
2024-11-20,visa*rent*payment*letting*agent,1052.25,housing,simulated_bank_transactions_uk
2023-02-24,card payment google *services <ref>,5.51,subscriptions,simulated_bank_transactions_uk
2024-09-01,rent payment landlord <ref>,1922.16,housing,simulated_bank_transactions_uk
2023-10-08,card-pmt-hmrc-misc-,12.64,other,simulated_bank_transactions_uk
2023-11-01,utility bill british gas <ref>,92.28,utilities,simulated_bank_transactions_uk
2023-01-15,direct debit severn trent <ref>,91.6,utilities,simulated_bank_transactions_uk
2023-09-10,pos-purchase-argos-online-purchase <ref>,111.41,other,simulated_bank_transactions_uk
2024-08-01,utility bill severn trent,170.72,utilities,simulated_bank_transactions_uk
2023-01-05,bacs-card-pmt-apple.com/bill <ref>,14.27,subscriptions,simulated_bank_transactions_uk
2024-09-26,fps card pmt uber train ticket 207,15.65,transportation,simulated_bank_transactions_uk
2024-11-16,sto card pmt waitrose rice <ref>,74.18,groceries,simulated_bank_transactions_uk
2024-12-07,card/pmt/google/*services <ref>,16.5,subscriptions,simulated_bank_transactions_uk
2024-10-06,direct debit e.on,137.57,utilities,simulated_bank_transactions_uk
2023-09-21,fps mortgage pmt letting agent <ref>,1096.44,housing,simulated_bank_transactions_uk
2023-05-11,food delivery uber eats fast food <ref>,12.54,dining,simulated_bank_transactions_uk
2023-08-19,card payment deliveroo fast food,72.94,dining,simulated_bank_transactions_uk
2023-04-20,fuel esso bus pass <ref>,48.57,transportation,simulated_bank_transactions_uk
2023-07-04,card/payment/bp/fuel <ref>,140.83,transportation,simulated_bank_transactions_uk
2023-12-14,mastercard food delivery mcdonalds fast food <ref>,65.91,dining,simulated_bank_transactions_uk
2024-08-13,pos-mortgage-payment-ren,1718.09,housing,simulated_bank_transactions_uk
2024-12-25,rent*payment*rent <ref>,850.92,housing,simulated_bank_transactions_uk
2023-12-21,card*pmt*asda*bread <ref>,144.37,groceries,simulated_bank_transactions_uk
2023-09-18,card payment iceland vegetables <ref>,17.44,groceries,simulated_bank_transactions_uk
2024-08-06,card pmt nhs online purchase <ref>,96.58,other,simulated_bank_transactions_uk
2024-09-25,bacs pos iceland,26.17,groceries,simulated_bank_transactions_uk
2023-10-22,online purchase nhs misc expense,77.12,other,simulated_bank_transactions_uk
2023-08-09,online purchase boots misc expense <ref>,72.55,other,simulated_bank_transactions_uk
2024-09-10,mortgage payment rent <ref>,1444.23,housing,simulated_bank_transactions_uk
2023-04-25,direct debit card payment currys online purchase <ref>,35.49,other,simulated_bank_transactions_uk
2024-09-05,pos*bacs*rent*rent <ref>,1218.25,housing,simulated_bank_transactions_uk
2023-03-31,bill*pmt*vodafone <ref>,176.95,utilities,simulated_bank_transactions_uk
2023-04-02,card payment tfl train ticket <ref>,15.39,transportation,simulated_bank_transactions_uk
2023-07-01,visa card payment mcdonalds food delivery <ref>,30.49,dining,simulated_bank_transactions_uk
2024-10-31,pos-aldi-vegetables <ref>,60.56,groceries,simulated_bank_transactions_uk
2023-10-10,bacs mortgage rent <ref>,664.2,housing,simulated_bank_transactions_uk
2023-09-15,pos-purchase-currys-misc-expense 9438,30.87,other,simulated_bank_transactions_uk
2023-06-14,direct/debit/bill/pmt/sky <ref>,85.22,utilities,simulated_bank_transactions_uk
2023-06-10,mortgage payment mortgage <ref>,954.04,housing,simulated_bank_transactions_uk
2023-06-03,bacs rent rent,1248.74,housing,simulated_bank_transactions_uk
2023-11-23,utility bill o2 <ref>,140.05,utilities,simulated_bank_transactions_uk
2024-06-03,utility bill scottishpower,216.38,utilities,simulated_bank_transactions_uk
2024-05-08,bacs restaurant uber eats food delivery <ref>,49.98,dining,simulated_bank_transactions_uk
2023-08-12,direct*debit*card*payment*aldi*milk <ref>,91.43,groceries,simulated_bank_transactions_uk
2024-08-25,utility-bill-vodafone,33.14,utilities,simulated_bank_transactions_uk
2023-08-05,contactless lidl milk,100.84,groceries,simulated_bank_transactions_uk
2024-03-10,bacs landlord rent,1623.24,housing,simulated_bank_transactions_uk
2023-10-18,bacs letting agent rent <ref>,1838.59,housing,simulated_bank_transactions_uk
2023-05-04,bacs food delivery kfc fast food <ref>,84.07,dining,simulated_bank_transactions_uk
2023-11-13,restaurant just eat restaurant,84.25,dining,simulated_bank_transactions_uk
2023-10-24,mastercard*restaurant*mcdonalds*food*delivery,7.09,dining,simulated_bank_transactions_uk
2023-08-14,transport tfl fuel,96.75,transportation,simulated_bank_transactions_uk
2024-11-17,pos direct debit ee,107.82,utilities,simulated_bank_transactions_uk
2023-03-08,card payment starbucks food delivery <ref>,44.9,dining,simulated_bank_transactions_uk
2023-07-25,fuel esso bus pass,113.04,transportation,simulated_bank_transactions_uk
2024-05-21,fuel/esso/uber/ride <ref>,71.43,transportation,simulated_bank_transactions_uk
2024-06-11,direct debit thames water <ref>,196.39,utilities,simulated_bank_transactions_uk
2024-05-26,card*payment*national*rail*uber*ride <ref>,118.78,transportation,simulated_bank_transactions_uk
2024-01-03,card payment costa food delivery <ref>,102.17,dining,simulated_bank_transactions_uk
2024-02-26,mortgage payment landlord <ref>,1171.74,housing,simulated_bank_transactions_uk
2024-10-17,contactless lidl milk <ref>,118.49,groceries,simulated_bank_transactions_uk
2024-04-03,online purchase nhs online purchase <ref>,106.68,other,simulated_bank_transactions_uk
2024-02-09,bacs mortgage rent,1397.12,housing,simulated_bank_transactions_uk
2023-04-01,sto bacs mortgage rent <ref>,1492.4,housing,simulated_bank_transactions_uk
2023-05-11,pos tesco chicken <ref>,26.48,groceries,simulated_bank_transactions_uk
2023-12-13,fuel tfl uber ride,110.66,transportation,simulated_bank_transactions_uk
2024-10-11,fuel national rail fuel <ref>,137.92,transportation,simulated_bank_transactions_uk
2023-05-14,card pmt bolt train ticket <ref>,69.61,transportation,simulated_bank_transactions_uk
2023-03-13,utility bill octopus energy,39.92,utilities,simulated_bank_transactions_uk
2023-11-11,transport shell train ticket,140.55,transportation,simulated_bank_transactions_uk
2023-02-17,direct debit e.on,216.18,utilities,simulated_bank_transactions_uk
2023-07-03,direct debit google *services <ref>,22.03,subscriptions,simulated_bank_transactions_uk
2023-07-25,direct debit gym group <ref>,5.56,subscriptions,simulated_bank_transactions_uk
2024-11-18,card*pmt*national*rail*train*ticket <ref>,48.78,transportation,simulated_bank_transactions_uk
2023-02-03,bill*pmt*thames*water <ref>,170.35,utilities,simulated_bank_transactions_uk
2024-11-14,pos*waitrose*vegetables,148.42,groceries,simulated_bank_transactions_uk
2024-07-24,fuel uber fuel <ref>,134.97,transportation,simulated_bank_transactions_uk
2024-03-18,fps-card-pmt-national-rail-uber-ride <ref>,70.75,transportation,simulated_bank_transactions_uk
2024-07-12,so*mortgage*payment*mortgage <ref>,676.21,housing,simulated_bank_transactions_uk
2024-11-06,card-pmt-pret-food-delivery,140.27,dining,simulated_bank_transactions_uk
2024-12-04,card*rent*pmt*mortgage,1164.02,housing,simulated_bank_transactions_uk
2024-06-01,pos direct debit spotify,39.19,subscriptions,simulated_bank_transactions_uk
2024-02-06,bill-payment-british-gas <ref>,124.81,utilities,simulated_bank_transactions_uk
2024-07-29,food delivery nando's food delivery <ref>,48.37,dining,simulated_bank_transactions_uk
2024-11-27,utility-bill-british-ga,210.31,utilities,simulated_bank_transactions_uk
2024-06-01,so card payment apple.com/bill,23.13,subscriptions,simulated_bank_transactions_uk
2023-12-01,direct debit octopus energy <ref>,33.61,utilities,simulated_bank_transactions_uk
2024-10-10,card card pmt trainline train ticket,52.13,transportation,simulated_bank_transactions_uk
2023-07-08,visa food delivery just eat restaurant <ref>,86.92,dining,simulated_bank_transactions_uk
2023-05-30,food delivery kfc fast food <ref>,86.14,dining,simulated_bank_transactions_uk
2023-06-12,direct-debit-vodafone <ref>,191.57,utilities,simulated_bank_transactions_uk
2023-11-08,restaurant kfc restaurant <ref>,95.91,dining,simulated_bank_transactions_uk
2024-09-12,rent payment mortgage,1748.05,housing,simulated_bank_transactions_uk
2024-11-29,bacs mortgage rent,676.79,housing,simulated_bank_transactions_uk
2024-11-19,transport/shell/fuel,28.99,transportation,simulated_bank_transactions_uk
2024-03-16,mortgage*payment*landlord,951.97,housing,simulated_bank_transactions_uk
2023-12-28,restaurant mcdonalds fast food 6767,18.49,dining,simulated_bank_transactions_uk
2024-01-31,mastercard contactless iceland eggs <ref>,91.13,groceries,simulated_bank_transactions_uk
2024-01-23,pos-tesco-chicken <ref>,10.08,groceries,simulated_bank_transactions_uk
2024-07-16,card pmt currys misc expense <ref>,27.81,other,simulated_bank_transactions_uk
2024-12-13,restaurant starbucks food delivery,112.69,dining,simulated_bank_transactions_uk
2023-06-23,card pmt gym group,26.56,subscriptions,simulated_bank_transactions_uk
2023-09-18,fuel tfl bus pass <ref>,91.8,transportation,simulated_bank_transactions_uk
2024-10-27,bacs card pmt tesco bread 8727,102.99,groceries,simulated_bank_transactions_uk
2024-09-28,card bacs letting agent rent <ref>,1939.91,housing,simulated_bank_transactions_uk
2024-11-14,bacs bacs mortgage rent <ref>,721.35,housing,simulated_bank_transactions_uk
2024-07-28,card/payment/bp/bus/pass,9.92,transportation,simulated_bank_transactions_uk
2023-04-14,card pmt google *services <ref>,13.24,subscriptions,simulated_bank_transactions_uk
2024-08-16,fps subscription spotify <ref>,9.25,subscriptions,simulated_bank_transactions_uk
2023-03-11,bacs/landlord/rent <ref>,1189.16,housing,simulated_bank_transactions_uk
2023-07-28,card/pmt/boots/online/purchase <ref>,97.87,other,simulated_bank_transactions_uk
2023-09-11,food delivery pret fast food <ref>,91.56,dining,simulated_bank_transactions_uk
2023-06-11,bacs landlord rent,1542.83,housing,simulated_bank_transactions_uk
2024-05-28,bill payment scottishpower <ref>,77.31,utilities,simulated_bank_transactions_uk
2023-01-07,sto online purchase superdrug misc e,29.52,other,simulated_bank_transactions_uk
2023-06-05,rent payment mortgage,739.17,housing,simulated_bank_transactions_uk
2024-02-09,visa direct debit o2 <ref>,83.32,utilities,simulated_bank_transactions_uk
2023-01-05,mastercard bacs letting agent rent <ref>,1007.52,housing,simulated_bank_transactions_uk
2023-02-16,subscription disney+ <ref>,10.88,subscriptions,simulated_bank_transactions_uk
2024-03-12,utility bill severn trent,160.86,utilities,simulated_bank_transactions_uk
2023-04-26,food*delivery*greggs*restaurant <ref>,8.14,dining,simulated_bank_transactions_uk
2023-09-08,direct debit brit,227.46,utilities,simulated_bank_transactions_uk
2024-05-12,contactless sainsburys vegetables <ref>,116.67,groceries,simulated_bank_transactions_uk
2024-12-06,rent payment rent <ref>,1405.41,housing,simulated_bank_transactions_uk
2024-12-07,card pmt sainsburys milk 535,105.78,groceries,simulated_bank_transactions_uk
2023-03-23,pos morrisons vegetables <ref>,88.53,groceries,simulated_bank_transactions_uk
2023-08-06,contactless restaurant pret fast food <ref>,130.72,dining,simulated_bank_transactions_uk
2023-11-13,pos purchase ebay online pu,141.03,other,simulated_bank_transactions_uk
2024-06-06,subscription google *services <ref>,12.66,subscriptions,simulated_bank_transactions_uk
2023-03-16,pos purchase boots misc expense <ref>,19.72,other,simulated_bank_transactions_uk
2023-11-08,card-payment-uber-bus-pass <ref>,108.66,transportation,simulated_bank_transactions_uk
2024-04-21,fps card pmt kfc food delivery <ref>,19.94,dining,simulated_bank_transactions_uk
2024-04-08,direct debit rent pmt mortgage,1565.93,housing,simulated_bank_transactions_uk
2024-06-29,contactless asda bread,73.95,groceries,simulated_bank_transactions_uk
2024-09-30,bill payment vodafone <ref>,41.71,utilities,simulated_bank_transactions_uk
2023-07-26,utility-bill-severn-,149.97,utilities,simulated_bank_transactions_uk
2023-07-29,transport bolt uber ride <ref>,29.27,transportation,simulated_bank_transactions_uk
2023-01-26,visa-bill-pmt-ee,179.88,utilities,simulated_bank_transactions_uk
2024-12-15,transport esso train ticket <ref>,29.16,transportation,simulated_bank_transactions_uk
2024-11-30,pos iceland chicke,37.32,groceries,simulated_bank_transactions_uk
2023-06-14,mortgage pmt mortgage <ref>,1231.22,housing,simulated_bank_transactions_uk
2023-02-13,card pmt uber train ticket <ref>,99.36,transportation,simulated_bank_transactions_uk
2024-04-23,direct debit thames water <ref>,51.72,utilities,simulated_bank_transactions_uk
2023-08-09,card*pmt*gym*group,10.8,subscriptions,simulated_bank_transactions_uk
2023-03-27,utility*bill*scottishpower <ref>,35.85,utilities,simulated_bank_transactions_uk
2023-04-26,food delivery mcdonalds fast food <ref>,77.31,dining,simulated_bank_transactions_uk
2024-04-24,card pmt superdrug misc expense <ref>,148.12,other,simulated_bank_transactions_uk
2024-09-04,card payment superdrug misc expense <ref>,111.32,other,simulated_bank_transactions_uk
2023-12-08,pos-morrisons-bread <ref>,50.02,groceries,simulated_bank_transactions_uk
2024-03-18,utility*bill*ee <ref>,195.88,utilities,simulated_bank_transactions_uk
2023-06-24,restaurant uber eats restaurant,117.62,dining,simulated_bank_transactions_uk
2024-05-09,bill payment octopus energy <ref>,95.75,utilities,simulated_bank_transactions_uk
2023-10-17,bacs mortgage rent <ref>,1799.98,housing,simulated_bank_transactions_uk
2024-09-14,bacs mortgage rent <ref>,876.34,housing,simulated_bank_transactions_uk
2023-12-17,mastercard subscription apple.com/bill,7.12,subscriptions,simulated_bank_transactions_uk
2023-11-24,contactless sainsburys rice <ref>,50.39,groceries,simulated_bank_transactions_uk
2023-11-24,sto contactless asda chicken <ref>,41.14,groceries,simulated_bank_transactions_uk
2023-03-05,direct debit thames water,137.67,utilities,simulated_bank_transactions_uk
2024-09-16,fps bill pmt thames water <ref>,125.96,utilities,simulated_bank_transactions_uk
2024-07-26,card food delivery mcdonalds restaurant,110.87,dining,simulated_bank_transactions_uk
2024-02-07,direct debit rent payment letting agent,1510.58,housing,simulated_bank_transactions_uk
2023-12-14,fps fuel esso bus pass,125.12,transportation,simulated_bank_transactions_uk
2023-01-08,contactless card pmt netflix <ref>,30.13,subscriptions,simulated_bank_transactions_uk
2024-03-28,mastercard pos sainsburys rice <ref>,135.71,groceries,simulated_bank_transactions_uk
2023-09-06,utility*bill*thames*water <ref>,246.02,utilities,simulated_bank_transactions_uk
2023-05-01,mortgage pmt letting agent,1390.59,housing,simulated_bank_transactions_uk
2024-01-05,direct debit pos purchase nhs online purchase <ref>,22.17,other,simulated_bank_transactions_uk
2023-03-06,pos-iceland-milk <ref>,113.46,groceries,simulated_bank_transactions_uk
2024-03-13,card payment currys online purchase <ref>,40.58,other,simulated_bank_transactions_uk
2024-09-24,direct debit severn trent 8,46.06,utilities,simulated_bank_transactions_uk
2023-02-12,card/pmt/apple.com/bill,11.26,subscriptions,simulated_bank_transactions_uk
2024-11-21,restaurant mcdonalds fast food <ref>,12.44,dining,simulated_bank_transactions_uk
2023-10-07,direct debit food delivery deliveroo food delivery <ref>,107.85,dining,simulated_bank_transactions_uk
2023-04-01,pos-purchase-nhs-misc-expense <ref>,120.89,other,simulated_bank_transactions_uk
2023-10-06,food delivery nando's restaurant <ref>,101.24,dining,simulated_bank_transactions_uk
2024-08-03,card*pmt*spotify <ref>,35.02,subscriptions,simulated_bank_transactions_uk
2023-07-19,restaurant uber eats food delivery <ref>,84.75,dining,simulated_bank_transactions_uk
2023-09-18,bacs rent rent,1937.46,housing,simulated_bank_transactions_uk
2024-11-07,card payment boots online purchase <ref>,68.83,other,simulated_bank_transactions_uk
2024-12-02,subscription google *services 23,15.42,subscriptions,simulated_bank_transactions_uk
2024-11-04,sto-pos-morrisons-bread <ref>,82.73,groceries,simulated_bank_transactions_uk
2023-04-13,subscription netflix <ref>,36.99,subscriptions,simulated_bank_transactions_uk
2023-12-10,card pmt ebay misc expense,123.68,other,simulated_bank_transactions_uk
2024-04-20,rent payment letting agent <ref>,1573.28,housing,simulated_bank_transactions_uk
2024-08-21,restaurant-uber-eats-fast-food,135.61,dining,simulated_bank_transactions_uk
2024-08-01,pos purchase argos misc expense <ref>,22.0,other,simulated_bank_transactions_uk
2024-05-10,fps restaurant starbucks food delivery <ref>,7.26,dining,simulated_bank_transactions_uk
2023-04-07,card/pmt/sainsburys/chicken 5768,25.53,groceries,simulated_bank_transactions_uk
2023-03-18,food delivery just eat fast food <ref>,48.04,dining,simulated_bank_transactions_uk
2023-02-11,direct debit restaurant costa fast food,114.48,dining,simulated_bank_transactions_uk
2023-09-15,card utility bill british gas,152.13,utilities,simulated_bank_transactions_uk
2024-05-31,rent pmt letting agent <ref>,1027.47,housing,simulated_bank_transactions_uk
2024-11-03,online/purchase/boots/online/purchase <ref>,67.74,other,simulated_bank_transactions_uk
2023-03-02,utility*bill*thames*water <ref>,190.28,utilities,simulated_bank_transactions_uk
2023-07-06,fps subscription gym group <ref>,27.55,subscriptions,simulated_bank_transactions_uk
2023-08-30,bacs card payment amazon prime,24.45,subscriptions,simulated_bank_transactions_uk
2024-04-14,transport*bolt*fuel <ref>,28.67,transportation,simulated_bank_transactions_uk
2024-12-18,fps/direct/debit/octopus/energy <ref>,189.45,utilities,simulated_bank_transactions_uk
2023-06-17,contactless card payment just eat food delivery,95.17,dining,simulated_bank_transactions_uk
2023-09-06,bacs mortgage rent,1741.81,housing,simulated_bank_transactions_uk
2024-09-12,card pmt netflix <ref>,19.83,subscriptions,simulated_bank_transactions_uk
2023-10-21,card-online-purchase-hmrc-misc-expense <ref>,115.57,other,simulated_bank_transactions_uk
2023-09-12,direct-debit-card-payment-disney+ <ref>,28.71,subscriptions,simulated_bank_transactions_uk
2024-02-07,subscription google *services,30.3,subscriptions,simulated_bank_transactions_uk
2023-09-03,pos purchase currys misc expense <ref>,22.24,other,simulated_bank_transactions_uk
2024-11-08,card/payment/gym/group 5,24.35,subscriptions,simulated_bank_transactions_uk
2023-06-09,card*payment*starbucks*fast*food <ref>,27.41,dining,simulated_bank_transactions_uk
2023-08-20,card payment starbucks restaurant <ref>,52.02,dining,simulated_bank_transactions_uk
2023-01-04,online purchase hmrc online purchase <ref>,128.96,other,simulated_bank_transactions_uk
2023-04-17,restaurant uber eats food delivery,26.23,dining,simulated_bank_transactions_uk
2023-10-04,food delivery nando's fast food <ref>,31.58,dining,simulated_bank_transactions_uk
2024-12-08,online purchase ebay online purchase <ref>,20.15,other,simulated_bank_transactions_uk
2023-09-19,direct debit ee <ref>,181.74,utilities,simulated_bank_transactions_uk
2023-08-05,fps rent pmt landlord <ref>,1823.13,housing,simulated_bank_transactions_uk
2024-06-24,fps*restaurant*kfc*restaurant <ref>,120.56,dining,simulated_bank_transactions_uk
2024-01-09,direct debit google *services,12.6,subscriptions,simulated_bank_transactions_uk
2023-09-30,card pmt pret restaurant 9,44.65,dining,simulated_bank_transactions_uk
2023-05-01,card*pmt*shell*bus*pass <ref>,120.48,transportation,simulated_bank_transactions_uk
2023-05-31,sto mortgage pmt letting agent,1819.77,housing,simulated_bank_transactions_uk
2023-12-14,card payment aldi milk,18.47,groceries,simulated_bank_transactions_uk
2024-08-04,fuel-trainline-bus-pass <ref>,46.08,transportation,simulated_bank_transactions_uk
2023-06-20,card card pmt bolt fuel,97.31,transportation,simulated_bank_transactions_uk
2024-06-28,pos purchase ebay online purchase <ref>,95.87,other,simulated_bank_transactions_uk
2023-11-04,bacs/letting/agent/rent <ref>,1475.64,housing,simulated_bank_transactions_uk
2024-01-11,restaurant uber eats restaurant <ref>,77.33,dining,simulated_bank_transactions_uk
2023-05-06,pos lidl bread,94.73,groceries,simulated_bank_transactions_uk
2024-10-19,card*pmt*mcdonalds*fast*food <ref>,113.61,dining,simulated_bank_transactions_uk
2023-10-23,subscription gym group <ref>,28.12,subscriptions,simulated_bank_transactions_uk
2023-07-29,so utility bill british gas,127.0,utilities,simulated_bank_transactions_uk
2024-09-28,so card pmt shell train ticket <ref>,98.82,transportation,simulated_bank_transactions_uk
2024-10-22,sto*direct*debit*amazon*prime <ref>,18.11,subscriptions,simulated_bank_transactions_uk
2023-03-04,direct debit apple.com/bill <ref>,34.89,subscriptions,simulated_bank_transactions_uk
2023-09-25,restaurant-deliveroo-fast-food <ref>,122.0,dining,simulated_bank_transactions_uk
2023-08-14,transport bp uber ride <ref>,120.15,transportation,simulated_bank_transactions_uk
2024-08-05,online purchase superdrug misc expense <ref>,73.58,other,simulated_bank_transactions_uk
2024-07-25,direct debit severn trent <ref>,240.73,utilities,simulated_bank_transactions_uk
2023-03-20,direct debit e.on <ref>,73.25,utilities,simulated_bank_transactions_uk
2023-05-24,fps pos iceland vegetables,76.97,groceries,simulated_bank_transactions_uk
2023-09-02,card payment esso fuel <ref>,147.01,transportation,simulated_bank_transactions_uk
2024-01-29,bacs/rent/rent,1552.78,housing,simulated_bank_transactions_uk
2024-10-12,bill payment e.on <ref>,40.44,utilities,simulated_bank_transactions_uk
2023-01-14,contactless iceland eggs,95.89,groceries,simulated_bank_transactions_uk
2024-08-27,card/payment/greggs/fast/food,111.25,dining,simulated_bank_transactions_uk
2024-01-22,card payment uber eats restaurant,109.63,dining,simulated_bank_transactions_uk
2024-04-01,card payment nhs misc expense,38.62,other,simulated_bank_transactions_uk
2023-05-31,transport-shell-uber-ride <ref>,132.5,transportation,simulated_bank_transactions_uk
2024-05-17,pos purchase nhs online purchase,79.27,other,simulated_bank_transactions_uk
2023-01-10,subscription amazon prime 9145,18.5,subscriptions,simulated_bank_transactions_uk
2023-09-30,restaurant nando's restaurant <ref>,127.88,dining,simulated_bank_transactions_uk
2023-01-10,card/payment/mcdonalds/restaurant <ref>,54.45,dining,simulated_bank_transactions_uk
2023-11-23,pos aldi milk,135.36,groceries,simulated_bank_transactions_uk
2023-07-15,contactless iceland bread <ref>,109.89,groceries,simulated_bank_transactions_uk
2023-09-18,card payment sainsburys rice <ref>,9.48,groceries,simulated_bank_transactions_uk
2024-05-07,online purchase nhs online purchase <ref>,30.53,other,simulated_bank_transactions_uk
2024-06-07,contactless direct debit o2 <ref>,241.69,utilities,simulated_bank_transactions_uk
2024-07-21,visa direct debit sky,67.98,utilities,simulated_bank_transactions_uk
2024-12-19,contactless restaurant kfc restaurant <ref>,41.85,dining,simulated_bank_transactions_uk
2024-04-18,direct debit disney+ <ref>,18.02,subscriptions,simulated_bank_transactions_uk
2024-10-13,direct debit google *services <ref>,26.63,subscriptions,simulated_bank_transactions_uk
2023-09-25,card payment boots misc expense <ref>,77.27,other,simulated_bank_transactions_uk
2023-10-20,sto-direct-debit-severn-trent,172.41,utilities,simulated_bank_transactions_uk
2023-05-20,pos lidl eggs,126.21,groceries,simulated_bank_transactions_uk
2024-05-02,fuel-bp-fuel <ref>,5.03,transportation,simulated_bank_transactions_uk
2024-06-30,utility bill ee <ref>,185.22,utilities,simulated_bank_transactions_uk
2023-12-29,restaurant-costa-restaurant <ref>,108.61,dining,simulated_bank_transactions_uk
2023-11-26,visa direct debit spotify 5917,29.66,subscriptions,simulated_bank_transactions_uk
2024-04-26,rent payment mortgage 31,1053.14,housing,simulated_bank_transactions_uk
2024-05-16,mortgage pmt rent,1654.93,housing,simulated_bank_transactions_uk
2023-11-18,mortgage pmt rent <ref>,640.2,housing,simulated_bank_transactions_uk
2024-11-06,card payment greggs fast food <ref>,87.49,dining,simulated_bank_transactions_uk
2024-03-20,online purchase amazon online purchase <ref>,60.32,other,simulated_bank_transactions_uk
2024-10-02,sto contactless lidl rice,48.85,groceries,simulated_bank_transactions_uk
2023-08-12,contactless-sainsburys-milk,57.24,groceries,simulated_bank_transactions_uk
2023-11-21,direct debit gym group <ref>,23.74,subscriptions,simulated_bank_transactions_uk
2023-08-24,contactless/pos/asda/eggs <ref>,123.14,groceries,simulated_bank_transactions_uk
2024-03-20,card-pmt-apple.com/bill <ref>,16.94,subscriptions,simulated_bank_transactions_uk
2024-07-18,mortgage payment rent <ref>,1343.03,housing,simulated_bank_transactions_uk
2024-03-11,pos bacs letting agent rent <ref>,1949.36,housing,simulated_bank_transactions_uk
2024-01-01,rent pmt letting agent <ref>,1186.8,housing,simulated_bank_transactions_uk
2024-02-07,sto card payment bp fuel <ref>,136.36,transportation,simulated_bank_transactions_uk
2023-03-25,pos sainsburys rice,51.02,groceries,simulated_bank_transactions_uk
2023-04-01,mastercard/pos/purchase/argos/online/purchase <ref>,15.8,other,simulated_bank_transactions_uk
2023-05-21,subscription gym group <ref>,10.78,subscriptions,simulated_bank_transactions_uk
2023-10-20,pos-food-delivery-nando's-fast-food <ref>,126.25,dining,simulated_bank_transactions_uk
2023-05-14,pos tesco chicken <ref>,6.43,groceries,simulated_bank_transactions_uk
2023-10-28,pos purchase superdrug misc expense <ref>,53.75,other,simulated_bank_transactions_uk
2024-09-13,fps pos asda chicken <ref>,54.31,groceries,simulated_bank_transactions_uk
2023-12-11,rent payment landlord <ref>,1122.9,housing,simulated_bank_transactions_uk
2024-04-09,bacs utility bill thames water <ref>,133.54,utilities,simulated_bank_transactions_uk
2024-04-02,mastercard online purchase argos misc expense <ref>,8.6,other,simulated_bank_transactions_uk
2023-11-27,mortgage pmt mortgage <ref>,1897.15,housing,simulated_bank_transactions_uk
2023-09-16,mastercard restaurant costa restaurant <ref>,74.42,dining,simulated_bank_transactions_uk
2023-06-08,direct*debit*google**services,17.34,subscriptions,simulated_bank_transactions_uk
2023-12-05,transport esso uber ride,28.06,transportation,simulated_bank_transactions_uk
2024-08-29,card payment amazon misc expense <ref>,64.64,other,simulated_bank_transactions_uk
2024-05-18,pos purchase argos online purchase <ref>,15.1,other,simulated_bank_transactions_uk
2023-06-11,online purchase nhs misc expense <ref>,116.61,other,simulated_bank_transactions_uk
2024-10-11,sto pos purchase ebay misc expense <ref>,89.58,other,simulated_bank_transactions_uk
2024-03-14,utility bill octopus energy,197.37,utilities,simulated_bank_transactions_uk
2024-10-01,card pmt bp train ticket <ref>,33.73,transportation,simulated_bank_transactions_uk
2024-08-21,restaurant just eat fast food <ref>,40.45,dining,simulated_bank_transactions_uk
2023-08-18,direct-debit-amazon-prim,7.11,subscriptions,simulated_bank_transactions_uk
2023-03-02,mortgage pmt rent <ref>,1212.72,housing,simulated_bank_transactions_uk
2023-03-26,subscription google *services,16.99,subscriptions,simulated_bank_transactions_uk
2023-11-24,bill payment ee,154.13,utilities,simulated_bank_transactions_uk
2024-12-12,card pmt nando's fast food <ref>,35.54,dining,simulated_bank_transactions_uk
2024-11-22,direct debit disney+ <ref>,39.76,subscriptions,simulated_bank_transactions_uk
2023-06-14,direct debit amazon prime 759,13.67,subscriptions,simulated_bank_transactions_uk
2024-03-20,subscription puregym <ref>,15.93,subscriptions,simulated_bank_transactions_uk
2023-12-29,mortgage pmt letting agent <ref>,683.37,housing,simulated_bank_transactions_uk
2023-09-27,utility bill vodafone <ref>,84.13,utilities,simulated_bank_transactions_uk
2024-09-05,restaurant*nando's*restaurant <ref>,13.14,dining,simulated_bank_transactions_uk
2024-04-04,card pmt nando's food delivery <ref>,75.92,dining,simulated_bank_transactions_uk
2024-09-09,bill payment bt,228.43,utilities,simulated_bank_transactions_uk
2024-12-09,online/purchase/currys/online/purchase <ref>,99.87,other,simulated_bank_transactions_uk
2024-09-19,visa card pmt spotify <ref>,29.92,subscriptions,simulated_bank_transactions_uk
2024-01-29,contactless aldi rice <ref>,15.5,groceries,simulated_bank_transactions_uk
2024-11-24,pos iceland bread <ref>,32.74,groceries,simulated_bank_transactions_uk
2023-10-16,bill pmt scottishpower,112.22,utilities,simulated_bank_transactions_uk
2023-09-13,pos asda chicken,98.57,groceries,simulated_bank_transactions_uk
2024-03-16,food delivery deliveroo food delivery <ref>,121.24,dining,simulated_bank_transactions_uk
2023-01-17,card*pmt*sainsburys*vegetables <ref>,29.57,groceries,simulated_bank_transactions_uk
2024-07-20,mastercard mortgage pmt letting agent <ref>,1259.72,housing,simulated_bank_transactions_uk
2023-03-10,bacs subscription spotify <ref>,28.95,subscriptions,simulated_bank_transactions_uk
2024-03-01,contactless/lidl/chicken,38.32,groceries,simulated_bank_transactions_uk
2024-02-28,bacs food delivery uber eats food delivery <ref>,146.54,dining,simulated_bank_transactions_uk
2024-04-10,mastercard food delivery starbucks fast food 8865,118.12,dining,simulated_bank_transactions_uk
2024-01-22,direct/debit/thames/water <ref>,239.91,utilities,simulated_bank_transactions_uk
2023-12-05,fuel esso bus pass <ref>,54.24,transportation,simulated_bank_transactions_uk
2024-05-31,card*payment*disney+ <ref>,36.48,subscriptions,simulated_bank_transactions_uk
2024-12-13,fps pos waitrose chicken <ref>,51.63,groceries,simulated_bank_transactions_uk
2023-04-24,card payment esso train ticket <ref>,55.66,transportation,simulated_bank_transactions_uk
2024-10-01,contactless-waitrose-milk <ref>,23.54,groceries,simulated_bank_transactions_uk
2023-02-20,bill pmt sky <ref>,81.71,utilities,simulated_bank_transactions_uk
2024-12-08,direct debit disney+ <ref>,9.74,subscriptions,simulated_bank_transactions_uk
2023-07-30,direct-debit-o2,223.33,utilities,simulated_bank_transactions_uk
2024-11-01,fuel esso uber ride,48.76,transportation,simulated_bank_transactions_uk
2024-04-20,card pmt gym group,32.49,subscriptions,simulated_bank_transactions_uk
2023-01-18,pos tesco bread <ref>,58.35,groceries,simulated_bank_transactions_uk
2024-03-08,restaurant-just-eat-restaurant,120.64,dining,simulated_bank_transactions_uk
2023-04-19,mastercard contactless waitrose rice <ref>,67.68,groceries,simulated_bank_transactions_uk
2023-11-01,transport bp uber ride,112.71,transportation,simulated_bank_transactions_uk
2023-04-20,card pmt esso fuel <ref>,67.24,transportation,simulated_bank_transactions_uk
2023-09-08,card payment kfc fast food,85.69,dining,simulated_bank_transactions_uk
2024-08-15,rent payment mortgage <ref>,1234.43,housing,simulated_bank_transactions_uk
2024-08-20,restaurant costa restaurant <ref>,11.02,dining,simulated_bank_transactions_uk
2023-12-02,mastercard transport shell uber ride <ref>,67.21,transportation,simulated_bank_transactions_uk
2023-12-20,pos/purchase/hmrc/misc/expense 7105,137.98,other,simulated_bank_transactions_uk
2024-01-05,bill-pmt-sky <ref>,192.92,utilities,simulated_bank_transactions_uk
2023-04-25,bacs subscription puregym <ref>,21.17,subscriptions,simulated_bank_transactions_uk
2024-06-27,direct debit bt 95,148.14,utilities,simulated_bank_transactions_uk
2024-08-26,pos/purchase/nhs/online/purchase <ref>,89.99,other,simulated_bank_transactions_uk
2024-01-29,visa transport bolt bus pass <ref>,142.9,transportation,simulated_bank_transactions_uk
2024-12-24,rent payment rent,694.11,housing,simulated_bank_transactions_uk
2024-11-03,bacs landlord rent <ref>,1743.1,housing,simulated_bank_transactions_uk
2023-11-26,card payment national rail bus pass <ref>,66.59,transportation,simulated_bank_transactions_uk
2023-09-22,utility bill bt <ref>,31.3,utilities,simulated_bank_transactions_uk
2023-06-09,contactless*morrisons*eggs <ref>,27.97,groceries,simulated_bank_transactions_uk
2024-01-10,card*payment*boots*misc*expe,75.84,other,simulated_bank_transactions_uk
2023-01-10,card pmt national rail bus pass,75.58,transportation,simulated_bank_transactions_uk
2024-04-26,card payment argos online purchase <ref>,76.81,other,simulated_bank_transactions_uk
2023-12-21,online purchase nhs misc expense <ref>,91.07,other,simulated_bank_transactions_uk
2024-12-02,pos purchase boots online purchase,21.37,other,simulated_bank_transactions_uk
2023-02-14,fuel national rail fuel <ref>,69.36,transportation,simulated_bank_transactions_uk
2024-10-19,rent pmt letting agent,800.55,housing,simulated_bank_transactions_uk
2024-05-30,fuel bolt uber ride,112.21,transportation,simulated_bank_transactions_uk
2024-11-13,card/mortgage/payment/landlord,1567.67,housing,simulated_bank_transactions_uk
2024-12-29,pos pos waitrose rice <ref>,74.08,groceries,simulated_bank_transactions_uk
2023-10-04,direct debit card payment iceland vegetables <ref>,75.81,groceries,simulated_bank_transactions_uk
2024-02-28,rent/pmt/landlord <ref>,947.47,housing,simulated_bank_transactions_uk
2023-01-13,pos-aldi-bread <ref>,100.55,groceries,simulated_bank_transactions_uk
2024-12-02,bacs landlord rent <ref>,778.5,housing,simulated_bank_transactions_uk
2024-05-07,rent pmt mortgage,975.47,housing,simulated_bank_transactions_uk
2023-10-23,transport-bolt-train-ticket <ref>,74.71,transportation,simulated_bank_transactions_uk
2024-11-13,mortgage/pmt/letting/agent <ref>,1596.28,housing,simulated_bank_transactions_uk
2024-07-29,so card payment amazon online purchase <ref>,130.77,other,simulated_bank_transactions_uk
2024-05-29,online purchase currys misc expense <ref>,75.01,other,simulated_bank_transactions_uk
2024-11-27,card/payment/esso/uber/ride <ref>,144.04,transportation,simulated_bank_transactions_uk
2024-02-05,card/payment/lidl/rice,136.37,groceries,simulated_bank_transactions_uk
2024-04-24,card/pmt/amazon/prime <ref>,17.55,subscriptions,simulated_bank_transactions_uk
2024-03-01,contactless asda vegetables <ref>,50.79,groceries,simulated_bank_transactions_uk
2024-07-27,mortgage payment rent,1189.92,housing,simulated_bank_transactions_uk
2024-03-06,so/subscription/google/*services <ref>,24.8,subscriptions,simulated_bank_transactions_uk
2023-01-15,contactless mortgage payment letting agent,1170.27,housing,simulated_bank_transactions_uk
2024-12-13,card payment esso bus pass,49.1,transportation,simulated_bank_transactions_uk
2023-03-15,card payment kfc restaurant <ref>,129.95,dining,simulated_bank_transactions_uk
2023-07-12,utility-bill-sky,121.37,utilities,simulated_bank_transactions_uk
2023-03-18,utility bill ee,111.72,utilities,simulated_bank_transactions_uk
2023-03-10,card pmt google *services <ref>,26.24,subscriptions,simulated_bank_transactions_uk
2024-12-27,subscription spotify <ref>,10.09,subscriptions,simulated_bank_transactions_uk
2023-11-16,food delivery just eat food delivery,69.3,dining,simulated_bank_transactions_uk
2024-07-20,subscription gym group <ref>,25.29,subscriptions,simulated_bank_transactions_uk
2024-06-03,so fuel esso fuel <ref>,86.95,transportation,simulated_bank_transactions_uk
2024-03-11,rent payment rent <ref>,719.38,housing,simulated_bank_transactions_uk
2023-02-22,card*utility*bill*vodafone,138.83,utilities,simulated_bank_transactions_uk
2023-07-07,fuel uber train ticket,60.14,transportation,simulated_bank_transactions_uk
2024-03-08,bill payment vodafon,190.99,utilities,simulated_bank_transactions_uk
2023-05-04,transport-bolt-train-ticket <ref>,37.55,transportation,simulated_bank_transactions_uk
2023-01-11,utility bill thames water <ref>,159.01,utilities,simulated_bank_transactions_uk
2023-04-21,contactless aldi ric,60.4,groceries,simulated_bank_transactions_uk
2024-05-29,online purchase amazon online purchase <ref>,86.89,other,simulated_bank_transactions_uk
2024-11-29,online purchase superdrug misc expense 67,38.83,other,simulated_bank_transactions_uk
2023-12-21,mortgage payment letting agent <ref>,1107.95,housing,simulated_bank_transactions_uk
2023-06-27,direct*debit*ee <ref>,203.39,utilities,simulated_bank_transactions_uk
2024-04-26,bill pmt octopus energy <ref>,106.63,utilities,simulated_bank_transactions_uk
2024-09-27,direct*debit*sky,112.22,utilities,simulated_bank_transactions_uk
2023-11-13,mortgage payment letting agent,1451.18,housing,simulated_bank_transactions_uk
2023-11-02,card-pmt-superdrug-online-purchase <ref>,3.27,other,simulated_bank_transactions_uk
2023-06-13,card payment tesco vegetables <ref>,8.19,groceries,simulated_bank_transactions_uk
2023-05-11,food*delivery*starbucks*restaurant <ref>,5.71,dining,simulated_bank_transactions_uk
2023-11-08,mastercard fuel trainline train ticket <ref>,107.29,transportation,simulated_bank_transactions_uk
2023-11-29,card pmt ebay misc expense <ref>,33.43,other,simulated_bank_transactions_uk
2023-03-24,fps bill pmt vodafone,214.59,utilities,simulated_bank_transactions_uk
2023-06-04,contactless iceland chicken <ref>,78.68,groceries,simulated_bank_transactions_uk
2024-07-07,card pmt iceland bread <ref>,125.72,groceries,simulated_bank_transactions_uk
2024-11-19,pos-aldi-vegetables <ref>,126.93,groceries,simulated_bank_transactions_uk
2023-05-23,mortgage*payment*rent,1978.96,housing,simulated_bank_transactions_uk
2024-10-27,bacs-mortgage-rent <ref>,879.82,housing,simulated_bank_transactions_uk
2023-06-17,sto rent payment letting agent <ref>,731.44,housing,simulated_bank_transactions_uk
2023-01-31,subscription/puregym,32.83,subscriptions,simulated_bank_transactions_uk
2024-03-10,card pmt nhs online purchase <ref>,96.72,other,simulated_bank_transactions_uk
2024-10-28,food delivery uber eats fast food <ref>,36.59,dining,simulated_bank_transactions_uk
2024-10-27,mortgage payment letting agent 7,1309.97,housing,simulated_bank_transactions_uk
2024-08-18,direct debit severn trent <ref>,216.79,utilities,simulated_bank_transactions_uk
2024-12-01,card/payment/spotify <ref>,11.74,subscriptions,simulated_bank_transactions_uk
2023-06-27,card card payment just eat food delivery <ref>,10.24,dining,simulated_bank_transactions_uk
2023-08-19,bacs-mortgage-pmt-letting-agent <ref>,643.21,housing,simulated_bank_transactions_uk
2024-10-10,food delivery mcdonalds fast food <ref>,35.15,dining,simulated_bank_transactions_uk
2023-07-25,rent pmt letting agent <ref>,750.72,housing,simulated_bank_transactions_uk
2024-12-06,bill pmt e.on <ref>,57.75,utilities,simulated_bank_transactions_uk
2024-04-07,restaurant/nando's/food/delivery <ref>,51.51,dining,simulated_bank_transactions_uk
2023-12-17,online-purchase-amazon-online-purchase <ref>,88.56,other,simulated_bank_transactions_uk
2024-01-14,pos tesco vegetables <ref>,39.68,groceries,simulated_bank_transactions_uk
2023-03-05,restaurant costa food delivery <ref>,69.85,dining,simulated_bank_transactions_uk
2024-02-12,restaurant costa restaurant <ref>,21.49,dining,simulated_bank_transactions_uk
2024-09-29,card payment bolt train ticket,44.75,transportation,simulated_bank_transactions_uk
2023-06-13,fuel uber uber ride,76.57,transportation,simulated_bank_transactions_uk
2023-06-23,online*purchase*nhs*online*purchase <ref>,77.63,other,simulated_bank_transactions_uk
2023-05-04,contactless lidl vegetables <ref>,13.85,groceries,simulated_bank_transactions_uk
2024-02-28,fuel bp fuel <ref>,67.93,transportation,simulated_bank_transactions_uk
2023-03-28,card*pmt*bolt*uber*ride,39.18,transportation,simulated_bank_transactions_uk
2023-12-21,food/delivery/kfc/fast/food,67.75,dining,simulated_bank_transactions_uk
2024-02-01,utility bill sky,184.69,utilities,simulated_bank_transactions_uk
2024-11-03,pos iceland chicken <ref>,99.36,groceries,simulated_bank_transactions_uk
2023-05-15,transport uber uber ride,133.74,transportation,simulated_bank_transactions_uk
2023-10-31,card/payment/netflix <ref>,14.22,subscriptions,simulated_bank_transactions_uk
2024-05-06,bill pmt bt,100.36,utilities,simulated_bank_transactions_uk
2023-03-20,card payment nhs misc expense,129.93,other,simulated_bank_transactions_uk
2024-03-23,so bacs landlord rent <ref>,1350.48,housing,simulated_bank_transactions_uk
2023-02-04,fuel national rail bus pass,5.42,transportation,simulated_bank_transactions_uk
2024-02-14,bacs rent rent,1432.07,housing,simulated_bank_transactions_uk
2023-08-02,so*rent*payment*rent <ref>,798.31,housing,simulated_bank_transactions_uk
2024-01-09,mastercard/subscription/netflix <ref>,30.94,subscriptions,simulated_bank_transactions_uk
2023-01-16,online purchase boots online purchase <ref>,59.39,other,simulated_bank_transactions_uk
2023-03-31,card payment morrisons chicken <ref>,117.69,groceries,simulated_bank_transactions_uk
2024-07-29,bill*pmt*scottishpower 9,114.23,utilities,simulated_bank_transactions_uk
2024-02-24,mastercard pos purchase amazon misc expense <ref>,101.69,other,simulated_bank_transactions_uk
2024-07-01,fps-contactless-iceland-vegetables,81.06,groceries,simulated_bank_transactions_uk
2024-11-15,pos lidl rice,22.96,groceries,simulated_bank_transactions_uk
2024-10-11,direct debit direct debit e.on <ref>,228.7,utilities,simulated_bank_transactions_uk
2023-03-10,bacs mortgage rent,1368.79,housing,simulated_bank_transactions_uk
2024-03-13,direct debit octopus energy,157.12,utilities,simulated_bank_transactions_uk
2023-08-14,restaurant kfc fast food <ref>,66.01,dining,simulated_bank_transactions_uk
2023-07-24,card pmt costa re,141.81,dining,simulated_bank_transactions_uk
2024-05-30,mortgage/payment/landlord <ref>,1684.08,housing,simulated_bank_transactions_uk
2024-04-16,utility bill ee <ref>,136.26,utilities,simulated_bank_transactions_uk
2023-12-22,mortgage payment rent <ref>,1575.13,housing,simulated_bank_transactions_uk
2024-05-17,restaurant-deliveroo-food-delivery,129.0,dining,simulated_bank_transactions_uk
2023-07-18,card pmt argos misc expense <ref>,126.33,other,simulated_bank_transactions_uk
2023-09-24,direct debit google *services <ref>,6.19,subscriptions,simulated_bank_transactions_uk
2023-09-07,card pmt greggs fast food <ref>,32.58,dining,simulated_bank_transactions_uk
2024-09-03,card payment asda rice <ref>,39.93,groceries,simulated_bank_transactions_uk
2023-12-16,sto*contactless*waitrose*ch,142.1,groceries,simulated_bank_transactions_uk
2024-10-31,transport*national*rail*fuel,134.46,transportation,simulated_bank_transactions_uk
2024-11-07,card pmt puregym <ref>,13.44,subscriptions,simulated_bank_transactions_uk
2024-05-29,direct/debit/card/pmt/iceland/eggs,79.07,groceries,simulated_bank_transactions_uk
2023-06-14,restaurant just eat food delivery,21.3,dining,simulated_bank_transactions_uk
2023-05-20,card pmt bp train ticket <ref>,147.21,transportation,simulated_bank_transactions_uk
2023-05-11,contactless card pmt amazon prime 77,35.88,subscriptions,simulated_bank_transactions_uk
2024-06-04,card pmt trainline bus pass,147.71,transportation,simulated_bank_transactions_uk
2023-12-02,pos asda vegetables,7.8,groceries,simulated_bank_transactions_uk
2023-10-28,direct debit disney+,34.73,subscriptions,simulated_bank_transactions_uk
2024-09-14,card*pmt*mcdonalds*restaurant <ref>,125.3,dining,simulated_bank_transactions_uk
2023-01-14,online*purchase*ebay*misc*expense,115.98,other,simulated_bank_transactions_uk
2024-08-16,contactless iceland milk <ref>,13.34,groceries,simulated_bank_transactions_uk
2024-04-06,bacs*letting*agent*rent <ref>,1895.3,housing,simulated_bank_transactions_uk
2024-12-27,direct debit scottishpower,127.03,utilities,simulated_bank_transactions_uk
2024-02-16,contactless utility bill severn trent,92.27,utilities,simulated_bank_transactions_uk
2024-10-13,pos online purchase nhs online purchase <ref>,123.58,other,simulated_bank_transactions_uk
2023-04-18,contactless morrisons chicken <ref>,91.84,groceries,simulated_bank_transactions_uk
2024-08-12,bill pmt british gas,99.95,utilities,simulated_bank_transactions_uk
2023-08-13,pos/card/pmt/kfc/fast/food <ref>,12.95,dining,simulated_bank_transactions_uk
2023-10-28,bill payment bt <ref>,32.92,utilities,simulated_bank_transactions_uk
2024-01-03,direct debit thames water <ref>,186.14,utilities,simulated_bank_transactions_uk
2024-08-19,mastercard bacs letting agent rent <ref>,1953.07,housing,simulated_bank_transactions_uk
2023-11-04,mastercard/mortgage/pmt/mortgage <ref>,1094.72,housing,simulated_bank_transactions_uk
2023-06-20,card payment boots online purchase <ref>,87.94,other,simulated_bank_transactions_uk
2024-08-01,mortgage pmt rent <ref>,854.02,housing,simulated_bank_transactions_uk
2024-08-26,food delivery kfc food delivery <ref>,94.85,dining,simulated_bank_transactions_uk
2023-05-23,card payment lidl vegetables <ref>,103.44,groceries,simulated_bank_transactions_uk
2024-02-03,bill payment british gas <ref>,247.2,utilities,simulated_bank_transactions_uk
2024-10-09,pos purchase boots misc expense,8.33,other,simulated_bank_transactions_uk
2024-06-20,restaurant just eat restaurant <ref>,126.71,dining,simulated_bank_transactions_uk
2023-07-26,direct debit spotify <ref>,34.31,subscriptions,simulated_bank_transactions_uk
2023-08-06,sto pos purchase boots misc expense,5.45,other,simulated_bank_transactions_uk
2023-08-12,card payment amazon prime <ref>,21.46,subscriptions,simulated_bank_transactions_uk
2024-10-30,subscription-spotify <ref>,28.42,subscriptions,simulated_bank_transactions_uk
2024-02-22,direct debit o2 <ref>,142.32,utilities,simulated_bank_transactions_uk
2023-07-29,utility/bill/octopus/energy,155.06,utilities,simulated_bank_transactions_uk
2024-01-27,mortgage-payment-landlord 3,852.5,housing,simulated_bank_transactions_uk
2023-12-23,direct debit e.on <ref>,133.82,utilities,simulated_bank_transactions_uk
2023-05-01,card pmt bp uber ride,83.99,transportation,simulated_bank_transactions_uk
2024-04-26,utility-bill-octopus-energy <ref>,53.2,utilities,simulated_bank_transactions_uk
2024-04-04,direct debit puregym <ref>,20.32,subscriptions,simulated_bank_transactions_uk
2024-08-30,restaurant starbucks fast food <ref>,75.51,dining,simulated_bank_transactions_uk
2023-03-02,direct-debit-octopus-energy <ref>,222.41,utilities,simulated_bank_transactions_uk
2023-02-04,bill pmt scottishpower 8364,126.33,utilities,simulated_bank_transactions_uk
2023-01-14,transport/tfl/train/ticket <ref>,38.02,transportation,simulated_bank_transactions_uk
2024-06-26,direct debit british gas,126.34,utilities,simulated_bank_transactions_uk
2024-10-20,restaurant-uber-eats-restaurant <ref>,90.41,dining,simulated_bank_transactions_uk
2023-06-29,direct/debit/severn/trent <ref>,133.87,utilities,simulated_bank_transactions_uk
2024-04-21,visa food delivery uber eats fast food <ref>,53.22,dining,simulated_bank_transactions_uk
2023-10-16,card pmt tesco bread <ref>,138.74,groceries,simulated_bank_transactions_uk
2024-01-08,contactless subscription google *services <ref>,14.06,subscriptions,simulated_bank_transactions_uk
2023-11-20,pos aldi vegetables,112.53,groceries,simulated_bank_transactions_uk
2024-03-30,utility bill vodafone <ref>,69.09,utilities,simulated_bank_transactions_uk
2024-06-14,rent pmt rent <ref>,1016.04,housing,simulated_bank_transactions_uk
2024-03-05,subscription-disney+ <ref>,16.31,subscriptions,simulated_bank_transactions_uk
2024-01-10,card mortgage pmt landlord <ref>,1742.92,housing,simulated_bank_transactions_uk
2023-11-19,sto contactless sainsburys milk <ref>,123.38,groceries,simulated_bank_transactions_uk
2023-08-26,mortgage*pmt*letting*agent <ref>,949.52,housing,simulated_bank_transactions_uk
2023-10-21,so subscription google *services <ref>,21.1,subscriptions,simulated_bank_transactions_uk
2024-01-13,bacs mortgage rent,651.91,housing,simulated_bank_transactions_uk
2024-06-28,card payment tesco vegetables <ref>,63.82,groceries,simulated_bank_transactions_uk
2024-05-31,pos/asda/chicken,83.06,groceries,simulated_bank_transactions_uk
2023-08-17,bacs mortgage rent <ref>,1803.27,housing,simulated_bank_transactions_uk
2023-03-03,contactless*transport*bp*fuel <ref>,50.57,transportation,simulated_bank_transactions_uk
2023-02-22,utility bill e.on <ref>,239.68,utilities,simulated_bank_transactions_uk
2024-01-21,utility bill e,227.99,utilities,simulated_bank_transactions_uk
2024-08-14,bill payment e.on <ref>,201.03,utilities,simulated_bank_transactions_uk
2024-01-04,utility*bill*severn*trent <ref>,243.75,utilities,simulated_bank_transactions_uk
2023-12-14,direct debit sky <ref>,129.46,utilities,simulated_bank_transactions_uk
2023-12-12,direct/debit/contactless/lidl/eggs,129.95,groceries,simulated_bank_transactions_uk
2024-10-15,rent-pmt-mortgage <ref>,1913.99,housing,simulated_bank_transactions_uk
2024-10-17,utility/bill/thames/water 6,149.66,utilities,simulated_bank_transactions_uk
2023-05-29,direct debit sky,248.98,utilities,simulated_bank_transactions_uk
2024-11-12,restaurant*uber*eats*restaurant 41,58.5,dining,simulated_bank_transactions_uk
2024-12-05,contactless/subscription/disney+,32.05,subscriptions,simulated_bank_transactions_uk
2023-09-14,subscription/disney+ <ref>,37.74,subscriptions,simulated_bank_transactions_uk
2023-07-04,card*pmt*greggs*fast*food,109.33,dining,simulated_bank_transactions_uk
2023-12-19,bill payment sky,180.6,utilities,simulated_bank_transactions_uk
2024-12-12,mortgage pmt landlord <ref>,1660.39,housing,simulated_bank_transactions_uk
2023-07-13,direct debit bt <ref>,155.58,utilities,simulated_bank_transactions_uk
2024-08-08,contactless asda chicken <ref>,25.79,groceries,simulated_bank_transactions_uk
2024-12-30,fps card payment national rail uber ride,116.47,transportation,simulated_bank_transactions_uk
2023-01-01,visa/bill/pmt/ee <ref>,195.81,utilities,simulated_bank_transactions_uk
2023-09-04,bacs online purchase ebay misc expense <ref>,30.26,other,simulated_bank_transactions_uk
2024-05-28,mortgage pmt letting agent <ref>,732.71,housing,simulated_bank_transactions_uk
2023-10-12,sto transport bolt bus pass,53.23,transportation,simulated_bank_transactions_uk
2023-11-22,card payment waitrose chicken <ref>,93.1,groceries,simulated_bank_transactions_uk
2023-03-29,card pmt amazon prime <ref>,37.07,subscriptions,simulated_bank_transactions_uk
2023-08-26,pos card payment bp uber ride,10.52,transportation,simulated_bank_transactions_uk
2023-07-27,fuel shell fuel,36.02,transportation,simulated_bank_transactions_uk
2024-11-14,direct debit o2 1,71.97,utilities,simulated_bank_transactions_uk
2024-04-02,fuel esso uber ride <ref>,48.33,transportation,simulated_bank_transactions_uk
2023-04-13,subscription disney+,17.61,subscriptions,simulated_bank_transactions_uk
2024-03-23,food delivery costa food delivery <ref>,88.88,dining,simulated_bank_transactions_uk
2024-01-11,mortgage payment rent,806.86,housing,simulated_bank_transactions_uk
2024-07-06,pos-tesco-chicken <ref>,64.42,groceries,simulated_bank_transactions_uk
2023-10-27,food*delivery*kfc*food*delivery,49.12,dining,simulated_bank_transactions_uk
2024-12-02,bacs landlord rent,1141.24,housing,simulated_bank_transactions_uk
2024-01-06,bacs landlord rent <ref>,1407.27,housing,simulated_bank_transactions_uk
2024-10-28,card payment spotify,25.93,subscriptions,simulated_bank_transactions_uk
2024-11-11,mortgage*payment*rent <ref>,1906.07,housing,simulated_bank_transactions_uk
2023-09-07,direct debit direct debit severn trent <ref>,117.26,utilities,simulated_bank_transactions_uk
2023-02-12,card payment aldi ch,46.15,groceries,simulated_bank_transactions_uk
2024-02-08,direct debit card pmt iceland rice <ref>,26.18,groceries,simulated_bank_transactions_uk
2024-02-19,utility bill scottishpower,75.65,utilities,simulated_bank_transactions_uk
2023-10-18,card payment shell uber rid,78.79,transportation,simulated_bank_transactions_uk
2023-03-24,online purchase currys misc expense <ref>,44.35,other,simulated_bank_transactions_uk
2023-09-18,mortgage*pmt*rent <ref>,1998.24,housing,simulated_bank_transactions_uk
2024-11-27,pos purchase argos online purchase,129.19,other,simulated_bank_transactions_uk
2023-03-04,contactless-aldi-bread,141.59,groceries,simulated_bank_transactions_uk
2024-01-20,rent pmt rent,928.82,housing,simulated_bank_transactions_uk
2023-05-28,card-payment-mcdonalds-rest,147.76,dining,simulated_bank_transactions_uk
2023-03-16,visa/subscription/puregym <ref>,16.14,subscriptions,simulated_bank_transactions_uk
2023-12-06,card/payment/national/rail/uber/ride,81.41,transportation,simulated_bank_transactions_uk
2024-01-23,restaurant just eat food delivery <ref>,137.33,dining,simulated_bank_transactions_uk
2023-04-17,direct debit scottishpower <ref>,107.44,utilities,simulated_bank_transactions_uk
2023-03-23,contactless rent payment landlo,1337.87,housing,simulated_bank_transactions_uk
2024-02-29,pos-asda-rice <ref>,110.47,groceries,simulated_bank_transactions_uk
2023-07-07,direct debit bacs landlord rent,1706.53,housing,simulated_bank_transactions_uk
2023-10-31,card-payment-currys-misc-expense 47,133.98,other,simulated_bank_transactions_uk
2023-04-17,food delivery greggs food delivery,5.59,dining,simulated_bank_transactions_uk
2023-12-10,restaurant pret fast food <ref>,93.04,dining,simulated_bank_transactions_uk
2023-05-18,bill/pmt/sky <ref>,188.19,utilities,simulated_bank_transactions_uk
2023-01-25,pos transport esso bus pass <ref>,13.67,transportation,simulated_bank_transactions_uk
2024-07-12,restaurant just eat fast food,95.09,dining,simulated_bank_transactions_uk
2023-08-15,direct*debit*spotify <ref>,21.47,subscriptions,simulated_bank_transactions_uk
2024-03-16,card pmt currys online purchase <ref>,136.65,other,simulated_bank_transactions_uk
2024-11-30,card pmt tfl ub,131.6,transportation,simulated_bank_transactions_uk
2024-06-21,fuel trainline train ticket,134.85,transportation,simulated_bank_transactions_uk
2023-01-15,subscription amazon prime <ref>,30.99,subscriptions,simulated_bank_transactions_uk
2024-10-19,food-delivery-just-eat-restaurant <ref>,120.64,dining,simulated_bank_transactions_uk
2023-06-25,pos/waitrose/vegetables <ref>,71.22,groceries,simulated_bank_transactions_uk
2024-11-08,sto subscription puregym,10.91,subscriptions,simulated_bank_transactions_uk
2023-02-01,mortgage pmt letting agent <ref>,1494.17,housing,simulated_bank_transactions_uk
2023-04-07,visa-pos-purchase-currys-misc-expense,66.76,other,simulated_bank_transactions_uk
2023-08-16,direct debit card payment shell bus pass <ref>,37.4,transportation,simulated_bank_transactions_uk
2023-03-24,mortgage pmt letting agent,1299.46,housing,simulated_bank_transactions_uk
2023-11-21,transport trainline fuel <ref>,87.51,transportation,simulated_bank_transactions_uk
2023-03-09,mastercard card pmt uber bus pass,111.12,transportation,simulated_bank_transactions_uk
2023-07-02,pos direct debit ee,196.86,utilities,simulated_bank_transactions_uk
2024-11-18,utility bill vodafone,69.58,utilities,simulated_bank_transactions_uk
2023-02-18,card payment apple.com/bill,27.88,subscriptions,simulated_bank_transactions_uk
2023-05-23,card*pmt*google**services <ref>,28.8,subscriptions,simulated_bank_transactions_uk
2024-07-14,card payment tesco rice <ref>,131.32,groceries,simulated_bank_transactions_uk
2023-06-11,mastercard*card*pmt*sainsburys*milk <ref>,145.91,groceries,simulated_bank_transactions_uk
2023-12-09,food delivery uber eats food delivery <ref>,66.23,dining,simulated_bank_transactions_uk
2024-05-03,card pmt iceland eggs <ref>,114.61,groceries,simulated_bank_transactions_uk
2024-09-06,bacs*letting*agent*rent <ref>,790.22,housing,simulated_bank_transactions_uk
2023-10-30,contactless aldi bread 619,133.45,groceries,simulated_bank_transactions_uk
2023-06-22,direct*debit*o2 <ref>,242.13,utilities,simulated_bank_transactions_uk
2023-06-22,transport*uber*uber*ride <ref>,112.05,transportation,simulated_bank_transactions_uk
2023-06-05,restaurant costa fast food <ref>,91.25,dining,simulated_bank_transactions_uk
2024-06-01,online purchase hmrc online purchase,85.49,other,simulated_bank_transactions_uk
2024-11-26,card payment national rail bus pass <ref>,9.95,transportation,simulated_bank_transactions_uk
2024-02-07,card payment ebay online purchase,73.83,other,simulated_bank_transactions_uk
2024-08-21,fuel*national*rail*bus*pass <ref>,33.94,transportation,simulated_bank_transactions_uk
2023-12-31,subscription amazon prime,30.6,subscriptions,simulated_bank_transactions_uk
2024-06-19,mortgage payment mortgage <ref>,1979.48,housing,simulated_bank_transactions_uk
2023-04-09,so/food/delivery/pret/food/delivery <ref>,40.44,dining,simulated_bank_transactions_uk
2023-05-12,transport trainline fuel <ref>,99.34,transportation,simulated_bank_transactions_uk
2023-01-21,direct debit amazon prime,16.18,subscriptions,simulated_bank_transactions_uk
2023-10-06,fuel-national-rail-uber-ride,113.83,transportation,simulated_bank_transactions_uk
2023-01-29,bacs mortgage pmt mortgage <ref>,1068.41,housing,simulated_bank_transactions_uk
2023-05-09,pos purchase boots misc expense,20.33,other,simulated_bank_transactions_uk
2024-09-21,direct debit scottishpower <ref>,53.05,utilities,simulated_bank_transactions_uk
2023-09-21,card pmt lidl rice,40.21,groceries,simulated_bank_transactions_uk
2024-08-04,bacs food delivery uber eats food delivery <ref>,104.56,dining,simulated_bank_transactions_uk
2023-05-08,so-card-pmt-aldi-vegetables <ref>,13.54,groceries,simulated_bank_transactions_uk
2023-01-11,card payment just eat fast food <ref>,128.55,dining,simulated_bank_transactions_uk
2024-01-01,contactless iceland bread <ref>,107.37,groceries,simulated_bank_transactions_uk
2024-05-31,restaurant pret food delivery,102.9,dining,simulated_bank_transactions_uk
2023-12-04,pos mortgage payment rent <ref>,1341.94,housing,simulated_bank_transactions_uk
2023-10-12,bacs*letting*agent*rent <ref>,1270.41,housing,simulated_bank_transactions_uk
2024-03-29,subscription amazon prime,38.1,subscriptions,simulated_bank_transactions_uk
2023-10-27,direct/debit/ee <ref>,190.51,utilities,simulated_bank_transactions_uk
2023-06-01,card-payment-boots-misc-expense <ref>,41.71,other,simulated_bank_transactions_uk
2023-01-02,contactless iceland chicken,18.53,groceries,simulated_bank_transactions_uk
2024-10-16,utility bill sky,76.36,utilities,simulated_bank_transactions_uk
2024-06-30,utility bill sky <ref>,59.21,utilities,simulated_bank_transactions_uk
2023-09-10,bacs rent pmt landlord <ref>,902.32,housing,simulated_bank_transactions_uk
2023-01-19,pos purchase boots misc expense 45,20.19,other,simulated_bank_transactions_uk
2024-05-09,bill payment sky,185.88,utilities,simulated_bank_transactions_uk
2024-03-16,restaurant greggs fast food,22.46,dining,simulated_bank_transactions_uk
2024-07-26,restaurant pret food delivery,45.58,dining,simulated_bank_transactions_uk
2023-04-12,direct debit pos iceland bread,100.97,groceries,simulated_bank_transactions_uk
2024-06-19,card payment uber eats restaurant <ref>,61.86,dining,simulated_bank_transactions_uk
2023-09-25,pos waitrose rice <ref>,49.32,groceries,simulated_bank_transactions_uk
2023-09-07,pos online purchase hmrc online purchase <ref>,39.53,other,simulated_bank_transactions_uk
2023-06-10,restaurant deliveroo fast food,133.3,dining,simulated_bank_transactions_uk
2023-01-12,direct debit disney+ <ref>,26.46,subscriptions,simulated_bank_transactions_uk
2024-12-15,direct debit octopus energy,110.67,utilities,simulated_bank_transactions_uk
2024-10-31,card payment boots misc expense <ref>,9.14,other,simulated_bank_transactions_uk
2024-07-26,visa card pmt google *services <ref>,26.0,subscriptions,simulated_bank_transactions_uk
2023-10-25,card payment boots misc expense <ref>,132.31,other,simulated_bank_transactions_uk
2024-09-08,mortgage pmt rent,955.54,housing,simulated_bank_transactions_uk
2023-12-03,contactless food delivery pret food delivery,47.77,dining,simulated_bank_transactions_uk
2024-10-31,fuel national rail,32.65,transportation,simulated_bank_transactions_uk
2024-08-25,so food delivery mcdonalds fast food <ref>,8.43,dining,simulated_bank_transactions_uk
2024-06-30,card/pmt/google/*services,19.6,subscriptions,simulated_bank_transactions_uk
2024-02-03,card pmt iceland chicken,48.57,groceries,simulated_bank_transactions_uk
2024-04-06,online/purchase/superdrug/misc/expense <ref>,87.52,other,simulated_bank_transactions_uk
2024-11-10,direct debit severn trent <ref>,234.48,utilities,simulated_bank_transactions_uk
2024-02-16,direct*debit*sky <ref>,133.43,utilities,simulated_bank_transactions_uk
2024-06-15,sto card pmt gym group <ref>,37.29,subscriptions,simulated_bank_transactions_uk
2023-04-23,card*payment*argos*online*purchase <ref>,46.12,other,simulated_bank_transactions_uk
2024-10-01,mortgage/pmt/letting/agent,1039.28,housing,simulated_bank_transactions_uk
2024-12-31,rent/pmt/rent <ref>,644.38,housing,simulated_bank_transactions_uk
2024-06-02,bill payment thames water <ref>,140.63,utilities,simulated_bank_transactions_uk
2023-03-11,food delivery uber eats food delivery <ref>,69.73,dining,simulated_bank_transactions_uk
2023-04-14,mastercard rent pmt letting ag,1406.64,housing,simulated_bank_transactions_uk
2023-07-05,contactless food delivery greggs fast food <ref>,77.43,dining,simulated_bank_transactions_uk
