date,description,amount,label,source
2023-08-17,pos purchase rent,985.04,other,retail_simulated_bank
2023-03-31,Online*Purchase*Electricity*Bill,226.28,other,retail_simulated_bank
2023-08-27,Pos Purchase Spotify 166573,8.28,other,retail_simulated_bank
2024-10-27,online*purchase*gym*membership,11.96,other,retail_simulated_bank
2023-01-07,CARD/PMT/MORTGAGE 226177,1424.97,other,retail_simulated_bank
2023-12-15,CARD PMT ONLINE PURCHASE,105.63,other,retail_simulated_bank
2023-12-11,Card Payment Train Ticket 256399,34.65,transportation,retail_simulated_bank
2024-01-03,Pos-Purchase-Milk,58.85,groceries,retail_simulated_bank
2023-02-14,Online Purchase Misc Expense 932359,91.75,other,retail_simulated_bank
2024-01-23,card payment mortgage 126340,1962.36,other,retail_simulated_bank
2024-10-05,CARD PMT CHICKEN 487912,46.1,groceries,retail_simulated_bank
2023-02-16,Card Payment Spotify 74608,29.66,other,retail_simulated_bank
2023-08-27,Pos Purchase Rent,1979.31,other,retail_simulated_bank
2024-04-09,CARD PMT ONLINE PURCHASE 602395,58.88,other,retail_simulated_bank
2024-11-17,Online-Purchase-Mortgage 759755,1097.38,other,retail_simulated_bank
2023-06-25,card pmt uber ride,92.54,transportation,retail_simulated_bank
2023-10-04,Online Purchase Gym Membership 727133,21.18,other,retail_simulated_bank
2023-02-27,Online Purchase Rent,1779.99,other,retail_simulated_bank
2023-03-09,Card Payment Electricity Bill 41103,118.26,other,retail_simulated_bank
2024-10-20,Online Purchase Gas Bill 460722,139.83,other,retail_simulated_bank
2023-09-10,CARD PAYMENT RESTAURANT 602894,41.94,other,retail_simulated_bank
2024-08-20,Card*Payment*Mortgage,1199.81,other,retail_simulated_bank
2023-05-22,Pos Purchase Fast Food,35.24,other,retail_simulated_bank
2023-04-23,Card Payment Spotify,6.65,other,retail_simulated_bank
2023-03-07,Pos Purchase Water Bill 37670,122.88,other,retail_simulated_bank
2024-04-24,Online Purchase Fast Food,90.6,other,retail_simulated_bank
2023-01-12,CARD/PMT/SPOTIFY 5,35.13,other,retail_simulated_bank
2023-10-01,Pos*Purchase*Rent 928618,1351.76,other,retail_simulated_bank
2024-03-21,ONLINE PURCHASE MISC EXPENSE,19.4,other,retail_simulated_bank
2023-09-27,Pos Purchase Internet Bi,188.86,other,retail_simulated_bank
2024-10-02,pos purchase netflix,8.72,other,retail_simulated_bank
2023-06-15,Fuel/Train/Ticket 265570,25.47,transportation,retail_simulated_bank
2024-05-15,ONLINE PURCHASE GYM MEMBERSHIP,25.96,other,retail_simulated_bank
2023-11-11,Card-Payment-Milk,139.58,groceries,retail_simulated_bank
2023-03-22,CARD PMT ELECTRICITY BILL,154.82,other,retail_simulated_bank
2023-03-12,pos purchase vegetables 936175,74.44,groceries,retail_simulated_bank
2024-05-01,Card Pmt Online Purchase 986262,21.87,other,retail_simulated_bank
2024-03-09,Online Purchase Netflix 1,35.54,other,retail_simulated_bank
2024-11-18,card pmt water bill 734463,117.78,other,retail_simulated_bank
2023-05-04,CARD PAYMENT MORTGAGE,1324.61,other,retail_simulated_bank
2024-07-21,ONLINE PURCHASE WATER BILL,34.63,other,retail_simulated_bank
2023-03-02,Pos Purchase Water Bill 66349,185.73,other,retail_simulated_bank
2023-03-14,CARD PMT ELECTRICITY BILL 731048,219.12,other,retail_simulated_bank
2024-07-06,CARD PMT NETFLIX 290974,21.99,other,retail_simulated_bank
2024-02-21,Online Purchase Internet Bill 996081,134.05,other,retail_simulated_bank
2024-03-09,Online Purchase Electricity Bill,124.83,other,retail_simulated_bank
2023-02-25,ONLINE PURCHASE FAST FOOD,129.98,other,retail_simulated_bank
2023-04-22,Card Pmt Rent,1619.5,other,retail_simulated_bank
2024-03-08,ONLINE PURCHASE WATER BILL,128.69,other,retail_simulated_bank
2023-03-19,Online Purchase Gas Bill 434468,222.39,other,retail_simulated_bank
2024-10-29,Card Payment Food Delivery,17.39,other,retail_simulated_bank
2023-08-31,online purchase netflix 313084,37.42,other,retail_simulated_bank
2024-02-15,online purchase internet bill,77.02,other,retail_simulated_bank
2024-02-04,POS PURCHASE BREAD,58.71,groceries,retail_simulated_bank
2024-12-14,Card Payment Fuel 92091,44.93,transportation,retail_simulated_bank
2023-03-01,Card Pmt Mortgage,1015.39,other,retail_simulated_bank
2023-02-28,ONLINE PURCHASE GYM MEMBERSHIP 160103,31.18,other,retail_simulated_bank
2024-06-27,Pos Purchase Chicken 818572,73.09,groceries,retail_simulated_bank
2023-07-10,Card Pmt Electricity Bill,47.62,other,retail_simulated_bank
2023-08-29,pos purchase chicken 590725,12.99,groceries,retail_simulated_bank
2024-08-06,pos purchase restaurant,141.41,other,retail_simulated_bank
2024-08-20,Online*Purchase*Electricit,122.23,other,retail_simulated_bank
2024-11-16,card pmt gym membership 770813,14.13,other,retail_simulated_bank
2024-11-18,Online Purchase Mortgage 4,1154.1,other,retail_simulated_bank
2023-03-16,Online Purchase Mortgage 428942,1900.63,other,retail_simulated_bank
2024-07-30,pos purchase rice,94.31,groceries,retail_simulated_bank
2024-06-02,CARD PMT MILK,82.03,groceries,retail_simulated_bank
2023-03-12,Fuel Train Ticket,140.19,transportation,retail_simulated_bank
2024-07-10,ONLINE PURCHASE GAS BILL 680323,126.4,other,retail_simulated_bank
2024-10-31,Card Payment,1982.13,other,retail_simulated_bank
2024-11-10,Card-Pmt-Netflix,24.41,other,retail_simulated_bank
2023-04-20,Pos Purchase Bread,41.88,groceries,retail_simulated_bank
2023-12-18,online purchase rent 618076,1446.76,other,retail_simulated_bank
2023-02-22,Card Payment Gas Bill 495226,85.25,other,retail_simulated_bank
2023-10-11,CARD PMT VEGETABLES 31032,65.27,groceries,retail_simulated_bank
2023-05-14,Card-Pmt-Milk 308055,52.03,groceries,retail_simulated_bank
2024-12-23,Pos Purchase Mortgage 927995,1218.57,other,retail_simulated_bank
2023-03-19,Online Purchase Food Delivery,4.42,other,retail_simulated_bank
2024-08-19,POS PURCHASE RENT,1768.43,other,retail_simulated_bank
2024-01-09,CARD PMT NETFLIX 901171,6.46,other,retail_simulated_bank
2023-08-04,card pmt online purchase 655855,135.14,other,retail_simulated_bank
2024-07-27,ONLINE PURCHASE RENT 525645,1095.15,other,retail_simulated_bank
2023-06-08,card-payment-misc-expense,146.15,other,retail_simulated_bank
2024-02-27,Card/Pmt/Water/Bill 835376,208.37,other,retail_simulated_bank
2023-12-07,Pos Purchase Bread,111.27,groceries,retail_simulated_bank
2023-09-12,Pos/Purchase/Misc/Expense 389961,120.93,other,retail_simulated_bank
2023-04-21,card pmt train ticket 223,118.74,transportation,retail_simulated_bank
2023-08-16,online purchase restaurant 806048,129.21,other,retail_simulated_bank
2023-08-22,card payment internet bill,210.52,other,retail_simulated_bank
2023-10-13,online purchase electricity bill 927443,117.66,other,retail_simulated_bank
2023-10-13,Card Payment Online Purchase,145.13,other,retail_simulated_bank
2024-07-03,card payment fuel,102.89,transportation,retail_simulated_bank
2023-09-25,Transport Payment Uber Ride 60995,19.96,transportation,retail_simulated_bank
2023-12-20,Card Pmt Gas Bill 652218,161.25,other,retail_simulated_bank
2023-04-29,online purchase mortgage 421941,1977.93,other,retail_simulated_bank
2023-02-15,Pos-Purchase-Food-Delivery 51261,30.94,other,retail_simulated_bank
2024-07-05,Online/Purchase/Mortgage,1895.81,other,retail_simulated_bank
2024-11-11,Card-Payment-Rent 148327,697.96,other,retail_simulated_bank
2023-05-08,FUEL BUS PASS 534683,100.52,transportation,retail_simulated_bank
2023-12-01,Pos Purchase Mortgage 990788,1533.65,other,retail_simulated_bank
2023-05-11,Card Pmt Food Delivery 13694,46.46,other,retail_simulated_bank
2023-06-28,Pos Purchase Internet Bill 248018,113.41,other,retail_simulated_bank
2023-01-01,Card Pmt Gym Membership 969301,24.18,other,retail_simulated_bank
2024-08-16,card payment bus pass 116676,33.9,transportation,retail_simulated_bank
2024-11-22,ONLINE PURCHASE GYM MEMBERSHIP 424933,20.46,other,retail_simulated_bank
2023-06-23,Pos Purchase Internet Bill 22473,241.16,other,retail_simulated_bank
2024-09-26,Online Purchase Rent,1529.4,other,retail_simulated_bank
2023-08-29,FUEL-UBER-RIDE,123.31,transportation,retail_simulated_bank
2023-01-26,ONLINE PURCHASE MORTGAGE 962396,878.78,other,retail_simulated_bank
2024-09-17,Pos Purchase Bread,147.64,groceries,retail_simulated_bank
2024-10-06,ONLINE PURCHASE ONLINE PURCHASE 784131,69.95,other,retail_simulated_bank
2024-02-14,online purchase netflix,18.44,other,retail_simulated_bank
2023-04-20,card/pmt/water/bill 360759,31.22,other,retail_simulated_bank
2024-12-13,Online Purchase Misc Expense,35.17,other,retail_simulated_bank
2023-05-05,POS*PURCHASE*SPOTIFY 354745,13.72,other,retail_simulated_bank
2024-11-14,POS PURCHASE RESTAURANT 304790,120.81,other,retail_simulated_bank
2024-03-29,CARD PMT GYM MEMBERSHIP,38.25,other,retail_simulated_bank
2024-07-15,Card-Pmt-Gym-Membership,19.94,other,retail_simulated_bank
2024-05-01,Pos Purchase Restaurant,112.32,other,retail_simulated_bank
2024-10-14,Pos Purchase Fast Food 367615,113.51,other,retail_simulated_bank
2023-10-09,fuel/fuel 633769,95.13,transportation,retail_simulated_bank
2023-08-29,Card Payment Restaurant 500697,107.89,other,retail_simulated_bank
2024-07-07,Card Pmt Bus Pass 663419,50.0,transportation,retail_simulated_bank
2024-01-28,CARD*PAYMENT*BREAD 74282,25.17,groceries,retail_simulated_bank
2024-02-22,card pmt rent 218182,689.92,other,retail_simulated_bank
2023-07-31,TRANSPORT PMT FUEL 148246,64.12,transportation,retail_simulated_bank
2024-08-21,Pos*Purchase*Misc*Expense,60.25,other,retail_simulated_bank
2024-01-25,ONLINE PURCHASE RENT 814446,1671.83,other,retail_simulated_bank
2023-11-02,Online Purchase Restaurant,141.58,other,retail_simulated_bank
2024-03-05,online purchase misc expense 852016,128.46,other,retail_simulated_bank
2023-08-14,Online Purchase Gym Membership 675900,33.0,other,retail_simulated_bank
2024-05-12,ONLINE PURCHASE RESTAURANT,43.12,other,retail_simulated_bank
2024-11-26,pos purchase rice,52.41,groceries,retail_simulated_bank
2024-04-23,Pos Purchase Misc Expense 111318,109.45,other,retail_simulated_bank
2024-11-09,pos purchase electricity bill,160.22,other,retail_simulated_bank
2023-05-19,Pos Purchase Milk,97.48,groceries,retail_simulated_bank
2023-09-24,Online Purchase Misc Expense,29.71,other,retail_simulated_bank
2023-12-01,card*payment*fast*food 636355,34.11,other,retail_simulated_bank
2024-03-07,CARD PAYMENT FUEL 223152,43.9,transportation,retail_simulated_bank
2024-07-06,Transport Pmt Uber Ride 3,72.14,transportation,retail_simulated_bank
2023-03-12,pos purchase eggs,35.96,groceries,retail_simulated_bank
2023-09-11,Card Pmt Online Purc,113.87,other,retail_simulated_bank
2024-04-29,Card Payment Electricity Bill 647189,82.48,other,retail_simulated_bank
2024-12-17,online*purchase*rent 298423,905.15,other,retail_simulated_bank
2024-09-13,Card Pmt Bus Pass 27950,27.67,transportation,retail_simulated_bank
2023-11-15,Online Purchase Rent 513052,829.27,other,retail_simulated_bank
2023-11-16,pos-purchase-chicken,6.77,groceries,retail_simulated_bank
2023-07-23,CARD PAYMENT GYM MEMBERSHIP,18.14,other,retail_simulated_bank
2024-10-04,POS PURCHASE CHICKEN,104.52,groceries,retail_simulated_bank
2024-12-01,CARD PMT ELECTRICITY BILL,96.35,other,retail_simulated_bank
2023-02-12,pos purchase netflix 981076,24.81,other,retail_simulated_bank
2023-03-12,FUEL FUEL 533576,100.24,transportation,retail_simulated_bank
2024-05-16,Online Purchase Gym Membership 778319,34.74,other,retail_simulated_bank
2024-10-12,Pos Purchase Rice 914475,144.24,groceries,retail_simulated_bank
2024-03-21,Pos-Purchase-Misc-Expense 518577,106.97,other,retail_simulated_bank
2024-05-10,ONLINE PURCHASE GAS BILL 12224,232.32,other,retail_simulated_bank
2024-08-29,CARD PAYMENT FAST FOOD,124.38,other,retail_simulated_bank
2023-03-30,Card Pmt Bus Pass,128.2,transportation,retail_simulated_bank
2024-04-20,fuel fuel,38.85,transportation,retail_simulated_bank
2024-05-21,CARD-PAYMENT-GYM-MEMBERSHIP 155530,16.77,other,retail_simulated_bank
2023-08-06,pos-purchase-misc-expense 501272,29.73,other,retail_simulated_bank
2024-09-02,Fuel Bus Pass 87137,53.03,transportation,retail_simulated_bank
2023-07-15,pos purchase m,1323.28,other,retail_simulated_bank
2024-05-15,CARD PAYMENT BREAD,108.85,groceries,retail_simulated_bank
2024-05-17,ONLINE PURCHASE NETFLIX,27.61,other,retail_simulated_bank
2023-08-15,Card Payment Restaurant,16.68,other,retail_simulated_bank
2024-11-10,card pmt food delivery 891332,38.77,other,retail_simulated_bank
2024-03-11,pos purchase spotify,23.58,other,retail_simulated_bank
2023-11-10,POS PURCHASE MORTGAGE 201824,1235.24,other,retail_simulated_bank
2023-07-17,Card Pmt Train Ticket,20.74,transportation,retail_simulated_bank
2024-12-07,fuel*uber*ride 112122,112.2,transportation,retail_simulated_bank
2024-08-26,Card*Pmt*Water*Bill 153601,136.52,other,retail_simulated_bank
2023-07-18,online purchase misc expense,147.14,other,retail_simulated_bank
2023-11-06,FUEL TRAIN TICKET,56.05,transportation,retail_simulated_bank
2023-10-08,Card Payment Vegetables,81.52,groceries,retail_simulated_bank
2024-12-15,card/pmt/milk,84.34,groceries,retail_simulated_bank
2023-10-19,CARD PAYMENT INTERNET BILL 17899,32.7,other,retail_simulated_bank
2023-07-08,Pos Purchase Fast Food 239602,67.75,other,retail_simulated_bank
2024-05-04,pos purchase eggs,141.34,groceries,retail_simulated_bank
2023-03-17,pos purchase milk 980607,61.9,groceries,retail_simulated_bank
2024-07-30,Card Payment Gym Membership 706319,10.31,other,retail_simulated_bank
2023-05-02,FUEL UBER RIDE 700626,149.11,transportation,retail_simulated_bank
2023-08-20,ONLINE PURCHASE SPOTIFY,32.68,other,retail_simulated_bank
2024-03-29,online purchase misc expense 598548,69.23,other,retail_simulated_bank
2024-09-27,Fuel Fuel 605415,47.89,transportation,retail_simulated_bank
2023-04-12,pos purchase ch,144.14,groceries,retail_simulated_bank
2023-09-28,online purchase online purchase 691212,94.95,other,retail_simulated_bank
2023-03-18,ONLINE PURCHASE RENT,843.34,other,retail_simulated_bank
2024-04-26,card payment electricity bill,181.66,other,retail_simulated_bank
2024-12-24,FUEL UBER RIDE,37.03,transportation,retail_simulated_bank
2023-08-28,TRANSPORT PAYMENT FUEL,13.46,transportation,retail_simulated_bank
2024-07-11,Card Payment Train Ticket 477717,65.5,transportation,retail_simulated_bank
2023-03-15,POS-PURCHASE-WATER-BILL 794500,211.86,other,retail_simulated_bank
2024-09-01,Pos-Purchase-Bread,119.52,groceries,retail_simulated_bank
2023-11-08,CARD PMT MORTGAGE,1256.18,other,retail_simulated_bank
2024-05-20,Card-Payment-Mortgage 269744,1300.66,other,retail_simulated_bank
2024-03-18,online purchase restaurant 932011,90.91,other,retail_simulated_bank
2023-08-23,Pos Purchase Mortgage,636.21,other,retail_simulated_bank
2023-10-03,ONLINE/PURCHASE/RE,1541.19,other,retail_simulated_bank
2024-06-15,card-pmt-netflix,11.13,other,retail_simulated_bank
2024-08-22,Card Pmt Mortgage 953717,854.08,other,retail_simulated_bank
2023-04-04,Pos Purchase Food Delivery 365699,122.69,other,retail_simulated_bank
2023-11-25,ONLINE PURCHASE FAST FOOD 78045,63.03,other,retail_simulated_bank
2024-12-11,pos purchase rent,1061.73,other,retail_simulated_bank
2024-02-15,Pos Purchase Fast Food 567786,100.4,other,retail_simulated_bank
2023-11-19,ONLINE PURCHASE ONLINE PURCHASE,69.86,other,retail_simulated_bank
2024-02-18,CARD PMT BUS PASS,20.04,transportation,retail_simulated_bank
2024-07-09,online purchase online purchase,99.68,other,retail_simulated_bank
2024-06-14,Pos Purchase Fast Food 308765,10.97,other,retail_simulated_bank
2023-02-22,card*payment*fuel 853821,94.94,transportation,retail_simulated_bank
2024-03-24,Card Payment Gas Bill 364052,234.09,other,retail_simulated_bank
2024-09-15,card payment mortgage 623927,1962.41,other,retail_simulated_bank
2023-11-15,Online Purchase Online Purchase,107.34,other,retail_simulated_bank
2023-04-27,pos purchase netfl,8.26,other,retail_simulated_bank
2023-06-07,POS/PURCHASE/RESTAURANT 741196,98.21,other,retail_simulated_bank
2024-12-23,CARD/PAYMENT/FOOD/DELIVERY 398817,45.9,other,retail_simulated_bank
2024-04-28,Fuel Fuel,125.7,transportation,retail_simulated_bank
2024-09-05,Card Pmt Internet Bill 668195,114.39,other,retail_simulated_bank
2023-10-10,Card*Pmt*Gym*Membership,35.24,other,retail_simulated_bank
2024-06-03,Pos*Purchase*Misc*Expense 337775,52.96,other,retail_simulated_bank
2023-11-02,Transport Pmt Uber Ride 536245,44.58,transportation,retail_simulated_bank
2024-04-02,Online/Purchase/Misc/Expense 46,130.19,other,retail_simulated_bank
2024-07-10,Card Pmt Spotify 809745,24.32,other,retail_simulated_bank
2023-07-13,Pos Purchase Fast Food 968631,140.13,other,retail_simulated_bank
2024-02-25,pos purchase rent 703197,926.99,other,retail_simulated_bank
2024-12-23,card payment eggs 332841,112.47,groceries,retail_simulated_bank
2024-11-10,Pos Purchase Misc Expense 410372,59.75,other,retail_simulated_bank
2023-02-07,card-pmt-online-purchase 509,75.81,other,retail_simulated_bank
2024-03-26,Pos Purchase Gas Bill,222.32,other,retail_simulated_bank
2023-01-16,POS*PURCHASE*CHICKEN,136.83,groceries,retail_simulated_bank
2023-06-08,ONLINE PURCHASE RENT,1516.69,other,retail_simulated_bank
2023-09-29,Card Payment Rice,117.88,groceries,retail_simulated_bank
2023-12-03,Fuel Fuel 133799,98.53,transportation,retail_simulated_bank
2024-10-03,pos-purchase-misc-expense 310328,143.26,other,retail_simulated_bank
2023-03-12,ONLINE PURCHASE MORTGAGE,650.26,other,retail_simulated_bank
2024-03-20,Online Purchase Gas Bill,194.29,other,retail_simulated_bank
2023-04-13,pos purchase vegetables,106.47,groceries,retail_simulated_bank
2023-01-30,pos purchase restaurant,105.02,other,retail_simulated_bank
2023-10-28,CARD PAYMENT EGGS 424134,120.03,groceries,retail_simulated_bank
2023-09-08,Card Pmt Bus Pass 677893,66.31,transportation,retail_simulated_bank
2023-06-24,ONLINE PURCHASE SPOTIFY,32.74,other,retail_simulated_bank
2024-11-30,Pos Purchase Electricity Bill,114.16,other,retail_simulated_bank
2024-04-17,Online Purchase Internet Bill 528877,61.49,other,retail_simulated_bank
2024-04-21,online/purchase/mortgage,1533.58,other,retail_simulated_bank
2023-12-20,transport payment train ticket 200079,13.86,transportation,retail_simulated_bank
2023-09-14,card pmt spotify,19.85,other,retail_simulated_bank
2024-01-29,pos purchase fast food 624493,32.28,other,retail_simulated_bank
2024-01-26,online*purchase*misc*expense 728024,18.68,other,retail_simulated_bank
2023-10-30,online purchase spotify 56297,39.74,other,retail_simulated_bank
2023-01-09,Pos Purchase Vegetables,61.18,groceries,retail_simulated_bank
2024-09-12,online*purchase*gym*membership 124082,39.08,other,retail_simulated_bank
2023-08-24,Online Purchase Mortgage 1905,1864.11,other,retail_simulated_bank
2023-09-14,pos purchase spotify,11.65,other,retail_simulated_bank
2024-10-23,POS/PURCHASE/RENT 764134,1864.77,other,retail_simulated_bank
2023-02-04,Card/Payment/Eggs 377065,118.93,groceries,retail_simulated_bank
2023-10-30,online purchase spotify 59,8.15,other,retail_simulated_bank
2023-05-16,Transport Payment Fue,28.82,transportation,retail_simulated_bank
2023-10-07,pos purchase misc expense 297186,81.04,other,retail_simulated_bank
2024-05-08,Online Purchase Online Purchase 134241,40.77,other,retail_simulated_bank
2023-12-13,Pos Purchase Misc Expense,112.74,other,retail_simulated_bank
2023-03-19,ONLINE PURCHASE ONLINE PURCHASE,71.84,other,retail_simulated_bank
2024-02-11,POS PURCHASE WATER BILL 768383,189.33,other,retail_simulated_bank
2024-02-09,POS*PURCHASE*MISC*EXPENSE 70869,16.27,other,retail_simulated_bank
2024-04-10,CARD*PAYMENT*EGGS,81.88,groceries,retail_simulated_bank
2024-10-15,FUEL-BUS-PASS 2779,88.93,transportation,retail_simulated_bank
2024-04-27,FUEL UBER RIDE 958138,102.2,transportation,retail_simulated_bank
2024-07-28,Pos-Purchase-Chicken 272713,132.98,groceries,retail_simulated_bank
2024-10-12,Transport Payment Train Ticket,98.2,transportation,retail_simulated_bank
2023-11-06,ONLINE PURCHASE MISC EXPENSE,136.68,other,retail_simulated_bank
2023-02-08,CARD*PAYMENT*MORTGAGE 1331,663.49,other,retail_simulated_bank
2023-08-29,transport pmt fuel 636294,20.07,transportation,retail_simulated_bank
2024-12-14,online*purchase*netflix 585144,17.99,other,retail_simulated_bank
2024-02-29,Pos Purchase Spotify 50728,30.43,other,retail_simulated_bank
2023-10-14,card pmt rent 360484,1461.91,other,retail_simulated_bank
2024-03-30,CARD PAYMENT VEGETABLES,57.47,groceries,retail_simulated_bank
2023-04-12,card/payment/restaurant 475790,128.75,other,retail_simulated_bank
2024-01-03,Pos Purchase Mortgage,1968.98,other,retail_simulated_bank
2023-05-06,Card Pmt Rice,43.55,groceries,retail_simulated_bank
2023-08-06,Card*Payment*Misc*Expense,16.48,other,retail_simulated_bank
2023-05-09,Online Purchase Rent 117080,1066.91,other,retail_simulated_bank
2024-07-21,Pos Purchase Online Purchase 395485,13.09,other,retail_simulated_bank
2023-06-01,Card/Pmt/Water/Bill 29,81.26,other,retail_simulated_bank
2023-05-29,CARD PMT ONLINE PURCHASE 291974,43.76,other,retail_simulated_bank
2023-01-27,Online Purchase Gas Bill 606487,54.18,other,retail_simulated_bank
2024-08-25,Card Payment Electricity Bill 58394,203.45,other,retail_simulated_bank
2023-02-23,transport pmt uber ride,28.61,transportation,retail_simulated_bank
2024-05-02,Card Payment Internet Bill 485760,194.05,other,retail_simulated_bank
2023-04-22,online purchase fast food 284139,78.45,other,retail_simulated_bank
2024-09-21,Pos-Purchase-Food-Delivery 795546,35.57,other,retail_simulated_bank
2024-11-05,Pos Purchase Vegetables 640863,118.13,groceries,retail_simulated_bank
2023-03-04,Card Pmt Spotify 115667,38.74,other,retail_simulated_bank
2023-04-21,ONLINE PURCHASE FAST FOOD,65.66,other,retail_simulated_bank
2023-03-17,card pmt food delivery 685775,136.73,other,retail_simulated_bank
2023-03-09,Pos Purchase Eggs,92.42,groceries,retail_simulated_bank
2024-12-30,card payment gas bill 476901,158.78,other,retail_simulated_bank
2024-06-27,fuel fuel,149.21,transportation,retail_simulated_bank
2024-03-16,Card Pmt Fuel,77.32,transportation,retail_simulated_bank
2024-11-01,Card Pmt Vegetables,19.82,groceries,retail_simulated_bank
2024-02-28,Online Purchase Rent 539220,1843.33,other,retail_simulated_bank
2023-04-08,Transport Payment Fuel 726571,61.61,transportation,retail_simulated_bank
2023-09-19,fuel fuel 545701,48.94,transportation,retail_simulated_bank
2024-04-30,FUEL*TRAIN*TICKET 606522,103.96,transportation,retail_simulated_bank
2023-04-06,CARD PAYMENT MILK 271483,125.27,groceries,retail_simulated_bank
2024-01-17,pos purchase restaurant,112.45,other,retail_simulated_bank
2024-08-23,POS PURCHASE ONLINE PURCHASE,84.79,other,retail_simulated_bank
2023-12-29,CARD PAYMENT GYM MEMBERSHIP 75536,9.28,other,retail_simulated_bank
2023-02-22,Online Purchase Misc Expense 229901,130.61,other,retail_simulated_bank
2024-08-14,transport pmt bus pass 79188,54.69,transportation,retail_simulated_bank
2023-04-21,Card Pmt Netflix,21.88,other,retail_simulated_bank
2023-10-13,CARD*PMT*BUS*PASS 370090,19.89,transportation,retail_simulated_bank
2024-09-28,CARD PMT NETFLIX 720570,34.58,other,retail_simulated_bank
2024-11-04,ONLINE-PURCHASE-GYM-MEMBERSHIP 669040,5.92,other,retail_simulated_bank
2023-10-07,pos purchase misc expense 14426,7.26,other,retail_simulated_bank
2023-07-05,Pos Purchase Mortgage 806561,1091.43,other,retail_simulated_bank
2024-02-15,card payment online purchase 432,86.25,other,retail_simulated_bank
2023-02-01,Pos Purchase Bread,111.92,groceries,retail_simulated_bank
2024-01-21,CARD/PAYMENT/VEGETABLES 857834,80.98,groceries,retail_simulated_bank
2024-01-14,ONLINE PURCHASE FAST FOOD,53.11,other,retail_simulated_bank
2024-08-04,Card Payment Bus Pass,117.19,transportation,retail_simulated_bank
2024-09-24,ONLINE PURCHASE NETFLIX 122366,10.45,other,retail_simulated_bank
2024-03-29,POS PURCHASE VEGETABLES 814002,14.99,groceries,retail_simulated_bank
2023-10-07,pos purchase mortgage,1218.86,other,retail_simulated_bank
2024-11-25,Online-Purchase-Electricity-Bill 792662,54.4,other,retail_simulated_bank
2023-08-14,card pmt mortgage 351928,1031.79,other,retail_simulated_bank
2023-07-29,Card Pmt Food Delivery 69797,11.05,other,retail_simulated_bank
2023-09-19,CARD PAYMENT TRAIN TICKET,115.8,transportation,retail_simulated_bank
2024-05-24,transport pmt bus pass 706808,20.64,transportation,retail_simulated_bank
2024-12-21,pos purchase mortgage 176062,1132.29,other,retail_simulated_bank
2023-02-13,online/purchase/gas/bill 804131,219.59,other,retail_simulated_bank
2023-03-21,online purchase restaurant 446005,70.58,other,retail_simulated_bank
2024-08-10,Card Payment Misc Expense 44636,87.64,other,retail_simulated_bank
2023-10-24,CARD PMT FOOD DELIVERY 302081,97.1,other,retail_simulated_bank
2023-11-29,Card Payment Rice 9238,6.07,groceries,retail_simulated_bank
2023-04-01,Pos*Purchase*Internet*Bill 17022,232.35,other,retail_simulated_bank
2024-08-26,CARD PMT RESTAURANT 207831,38.77,other,retail_simulated_bank
2023-11-14,Card Payment Food Delivery 533479,14.56,other,retail_simulated_bank
2023-03-20,Pos Purchase Mortgage 152742,1690.77,other,retail_simulated_bank
2023-12-24,online-purchase-gym-membership,22.85,other,retail_simulated_bank
2023-05-30,Card Pmt Train Ticket,37.73,transportation,retail_simulated_bank
2023-06-06,card pmt train ticket 921344,28.5,transportation,retail_simulated_bank
2024-10-05,Online/Purchase/Online/Purchase,29.04,other,retail_simulated_bank
2024-08-16,Card Payment Fast Food 414635,113.9,other,retail_simulated_bank
2024-08-01,Pos/Purchase/Food/De,138.85,other,retail_simulated_bank
2023-06-04,POS PURCHASE MORTGAGE 384888,1478.1,other,retail_simulated_bank
2024-10-08,Online*Purchase*Restaurant,71.93,other,retail_simulated_bank
2023-12-27,Transport-Pmt-Bus-Pass,89.94,transportation,retail_simulated_bank
2023-02-28,Online Purchase Netflix 882520,20.82,other,retail_simulated_bank
2023-04-03,fuel-bus-pass,14.28,transportation,retail_simulated_bank
2024-07-21,CARD PMT GYM MEMBERSHIP,21.19,other,retail_simulated_bank
2024-08-08,ONLINE/PURCHASE/ONLINE/PURCHASE 2799,69.11,other,retail_simulated_bank
2023-06-04,online*purchase*rent 775491,1265.88,other,retail_simulated_bank
2023-12-18,Card Pmt Rice 605916,18.21,groceries,retail_simulated_bank
2023-09-11,pos purchase rent,841.58,other,retail_simulated_bank
2024-09-16,card payment mortgage,1333.7,other,retail_simulated_bank
2024-02-23,POS PURCHASE GAS BILL 665339,92.24,other,retail_simulated_bank
2023-02-23,Card Payment Misc Expense 719394,102.8,other,retail_simulated_bank
2023-04-07,card pmt misc expense 886880,12.69,other,retail_simulated_bank
2024-11-03,Card Payment Gym Membership 178551,13.82,other,retail_simulated_bank
2023-05-25,Pos Purchase Netflix 668500,25.4,other,retail_simulated_bank
2024-12-16,Transport-Payment-Bus-Pass 560144,145.25,transportation,retail_simulated_bank
2023-03-28,CARD PMT MORTGAGE 53,1592.37,other,retail_simulated_bank
2023-12-03,Card Pmt Fuel,97.59,transportation,retail_simulated_bank
2024-12-02,Card Payment Online Purchase 300904,101.51,other,retail_simulated_bank
2024-01-06,Card Pmt Netflix,19.82,other,retail_simulated_bank
2023-08-08,Pos Purchase Eggs 162956,48.4,groceries,retail_simulated_bank
2023-05-21,Fuel/Fuel,31.22,transportation,retail_simulated_bank
2024-06-03,Card Pmt Electricity Bill 672164,203.39,other,retail_simulated_bank
2024-09-24,card payment online purchase,100.3,other,retail_simulated_bank
2024-12-10,ONLINE PURCHASE INTERN,69.79,other,retail_simulated_bank
2023-02-14,Card Payment Online Purchase,109.01,other,retail_simulated_bank
2023-09-01,Online Purchase Fast Food,102.43,other,retail_simulated_bank
2024-04-04,Card Payment Food Delivery,44.88,other,retail_simulated_bank
2024-04-25,online*purchase*water*bill 221722,207.9,other,retail_simulated_bank
2024-08-07,card pmt online purchase 191718,57.07,other,retail_simulated_bank
2024-01-27,POS PURCHASE FAST FOOD 350081,116.11,other,retail_simulated_bank
2023-07-24,POS-PURCHASE-GYM-MEMBERSHIP,10.67,other,retail_simulated_bank
2023-02-23,Card Payment Online Purch,131.33,other,retail_simulated_bank
2023-04-16,Card*Payment*M,1376.36,other,retail_simulated_bank
2023-10-07,Card*Payment*Rent,1668.36,other,retail_simulated_bank
2024-03-23,pos purchase food delivery 67959,24.66,other,retail_simulated_bank
2023-12-24,CARD PMT BREAD 53860,123.06,groceries,retail_simulated_bank
2024-05-29,card pmt rice 414350,10.83,groceries,retail_simulated_bank
2023-03-25,Transport Pmt Train Ticket,59.77,transportation,retail_simulated_bank
2023-04-12,card payment train ticket 90161,7.14,transportation,retail_simulated_bank
2023-05-21,CARD*PMT*MISC*EXPENSE 491874,119.33,other,retail_simulated_bank
2024-04-28,Card Pmt Eggs,137.86,groceries,retail_simulated_bank
2024-09-22,CARD PAYMENT RENT 720476,1256.75,other,retail_simulated_bank
2023-08-09,Pos Purchase Milk,5.79,groceries,retail_simulated_bank
2024-09-15,Pos Purchase Online Purchase 819650,83.67,other,retail_simulated_bank
2023-11-05,Pos Purchase Spotify 294013,15.08,other,retail_simulated_bank
2024-10-16,Card Pmt Milk 729833,38.05,groceries,retail_simulated_bank
2024-05-26,Card Payment Misc Expense 938587,12.23,other,retail_simulated_bank
2023-09-05,Pos Purchase Gym Membe,23.04,other,retail_simulated_bank
2023-12-28,card payment rent 320192,602.19,other,retail_simulated_bank
2024-06-20,Online Purchase Internet Bill 50012,177.01,other,retail_simulated_bank
2024-07-11,Fuel Uber Ride 675619,143.15,transportation,retail_simulated_bank
2024-04-26,Pos Purchase Gym Membership 79718,18.67,other,retail_simulated_bank
2024-01-18,POS PURCHASE VEGETABLES 264421,59.87,groceries,retail_simulated_bank
2023-03-11,fuel*uber*ride 16600,55.49,transportation,retail_simulated_bank
2024-10-05,Card/Pmt/Train/Ticket 422300,110.74,transportation,retail_simulated_bank
2023-12-07,POS*PURCHASE*CHICKEN 753789,111.07,groceries,retail_simulated_bank
2024-10-20,card payment electricity bill,104.48,other,retail_simulated_bank
2023-07-06,card pmt internet bill,135.28,other,retail_simulated_bank
2024-04-13,ONLINE PURCHASE ONLINE PURCHASE 595069,12.28,other,retail_simulated_bank
2023-07-24,card payment eggs 252,32.63,groceries,retail_simulated_bank
2024-06-11,Pos Purchase Eggs,140.21,groceries,retail_simulated_bank
2023-02-07,ONLINE/PURCHASE/FOOD/DELIVERY 55590,72.59,other,retail_simulated_bank
2023-02-18,Online Purchase Online Purchase,45.06,other,retail_simulated_bank
2024-01-12,Pos-Purchase-Misc-Expense 122385,43.16,other,retail_simulated_bank
2024-01-31,CARD PMT FAST FOOD,112.27,other,retail_simulated_bank
2024-05-24,card payment train ticket,75.94,transportation,retail_simulated_bank
2024-03-10,Transport Payment Bus Pass 468478,120.77,transportation,retail_simulated_bank
2023-07-04,card pmt rice,91.56,groceries,retail_simulated_bank
2024-11-07,Pos Purchase Spotify,7.8,other,retail_simulated_bank
2024-03-12,FUEL BUS PASS,68.55,transportation,retail_simulated_bank
2023-12-28,pos purchase internet bill 957765,39.32,other,retail_simulated_bank
2023-02-28,ONLINE PURCHASE SPOTIFY,39.3,other,retail_simulated_bank
2024-01-08,CARD*PMT*VEGETABLES 557538,96.71,groceries,retail_simulated_bank
2023-05-27,Online*Purchase*Gym*Membership 118804,38.35,other,retail_simulated_bank
2023-03-10,POS PURCHASE MISC EXPENSE 249619,8.12,other,retail_simulated_bank
2023-02-03,CARD PMT GAS BILL,238.88,other,retail_simulated_bank
2024-01-16,card pmt netflix,38.21,other,retail_simulated_bank
2024-06-26,pos purchase restaurant,87.37,other,retail_simulated_bank
2023-10-13,Transport Pmt Fuel 142003,49.21,transportation,retail_simulated_bank
2024-06-14,pos-purchase-electricity-bill 69745,70.93,other,retail_simulated_bank
2023-09-24,POS/PURCHASE/FOOD/DELIVERY,20.31,other,retail_simulated_bank
2024-12-11,CARD PMT MORTGAGE 963086,1456.63,other,retail_simulated_bank
2023-03-17,Card Payment Restaurant 553158,21.03,other,retail_simulated_bank
2024-03-31,Pos*Purchase*Restaurant,135.11,other,retail_simulated_bank
2023-11-24,POS PURCHASE VEGETABLES 228498,145.23,groceries,retail_simulated_bank
2023-10-25,POS PURCHASE MORTGAGE,1370.0,other,retail_simulated_bank
2024-12-18,fuel train ticket 446500,107.64,transportation,retail_simulated_bank
2023-05-05,Pos Purchase Rent 523214,1312.26,other,retail_simulated_bank
2024-01-05,Online-Purchase-Water-Bill 171849,138.68,other,retail_simulated_bank
2024-07-18,pos-purchase-gym-membership 216957,33.13,other,retail_simulated_bank
2024-05-05,pos*purchase*electricity*bill,117.6,other,retail_simulated_bank
2023-03-17,Online Purchase Spotify 935114,33.82,other,retail_simulated_bank
2024-11-27,online purchase gas bill 310145,128.99,other,retail_simulated_bank
2024-07-18,online purchase spotify 46877,34.02,other,retail_simulated_bank
2024-05-29,Card Pmt Rent,780.65,other,retail_simulated_bank
2024-06-14,card payment online purchase,125.21,other,retail_simulated_bank
2024-12-27,Card Pmt Gas Bill 735514,100.99,other,retail_simulated_bank
2023-10-18,ONLINE PURCHASE GAS BILL,144.16,other,retail_simulated_bank
2024-10-12,Online Purchase Online Purchase,39.84,other,retail_simulated_bank
2024-06-30,Pos Purchase Spotify,15.6,other,retail_simulated_bank
2024-08-29,Card Pmt Chicken,97.23,groceries,retail_simulated_bank
2024-09-11,Pos Purchase Netflix 229985,26.86,other,retail_simulated_bank
2023-01-30,CARD PAYMENT UBER RIDE 601377,124.31,transportation,retail_simulated_bank
2024-08-13,card payment milk 747064,142.44,groceries,retail_simulated_bank
2024-03-02,CARD-PMT-TRAIN-TICKET 289135,115.74,transportation,retail_simulated_bank
2024-07-12,Pos Purchase Gym Membership 826699,36.11,other,retail_simulated_bank
2024-12-02,Transport*Payment*Bus*Pass 325993,73.99,transportation,retail_simulated_bank
2024-12-06,Pos Purchase Fast Food 979569,69.67,other,retail_simulated_bank
2024-05-10,pos purchase bread 65990,67.62,groceries,retail_simulated_bank
2023-05-28,CARD PAYMENT RESTAUR,53.01,other,retail_simulated_bank
2023-12-20,FUEL BUS PASS,110.93,transportation,retail_simulated_bank
2024-06-11,CARD PMT RESTAURANT 198296,114.82,other,retail_simulated_bank
2023-10-01,Pos Purchase Netflix 131266,21.33,other,retail_simulated_bank
2023-02-21,Card Pmt Restaurant,23.71,other,retail_simulated_bank
2024-03-04,TRANSPORT PAYMENT FUEL,130.03,transportation,retail_simulated_bank
2023-11-17,Online*Purchase*Water*Bill 682243,235.43,other,retail_simulated_bank
2024-05-25,Card Pmt Water Bill 633091,143.24,other,retail_simulated_bank
2024-02-07,CARD PMT FUEL,6.41,transportation,retail_simulated_bank
2023-12-28,Pos Purchase Spotify,12.53,other,retail_simulated_bank
2024-09-03,Card-Payment-Milk 425833,44.36,groceries,retail_simulated_bank
2023-01-09,Card Payment Misc Expense 1,45.01,other,retail_simulated_bank
2023-09-28,Online Purchase Online Purchase,66.35,other,retail_simulated_bank
2024-02-15,pos purchase mortgage,1112.31,other,retail_simulated_bank
2024-01-07,POS PURCHASE CHICKEN,85.59,groceries,retail_simulated_bank
2024-07-17,pos purchase spotify,22.65,other,retail_simulated_bank
2023-04-10,card payment uber ride 502951,21.91,transportation,retail_simulated_bank
2023-12-14,Online Purchase Fast Food,119.85,other,retail_simulated_bank
2024-06-05,ONLINE PURCHASE SPOTIFY 42518,11.97,other,retail_simulated_bank
2023-02-09,Card Pmt Food Delivery 27,8.92,other,retail_simulated_bank
2023-06-02,CARD PMT GAS BILL 817543,144.25,other,retail_simulated_bank
2023-11-23,CARD PAYMENT GYM MEMBERSHIP,37.6,other,retail_simulated_bank
2023-11-03,Online Purchase Internet Bill 496790,192.65,other,retail_simulated_bank
2024-05-16,Online Purchase Spotify 433278,22.84,other,retail_simulated_bank
2023-12-06,Online-Purchase-Mortgage 815133,623.29,other,retail_simulated_bank
2024-12-05,Card Pmt Rent 792336,1417.18,other,retail_simulated_bank
2024-11-02,Card Payment Rent 736045,971.74,other,retail_simulated_bank
2024-08-20,pos purchase online purchase 55926,109.05,other,retail_simulated_bank
2024-09-26,Card Pmt Restaurant 965948,80.06,other,retail_simulated_bank
2024-11-28,Online Purchase Misc Expense,24.72,other,retail_simulated_bank
2023-07-15,POS PURCHASE ELECTRICITY BILL 107029,184.11,other,retail_simulated_bank
2023-06-05,card pmt rice,49.11,groceries,retail_simulated_bank
2024-05-28,ONLINE PURCHASE FOOD DELIVERY,32.97,other,retail_simulated_bank
2023-03-05,CARD PAYMENT MISC EXPENSE,131.3,other,retail_simulated_bank
2024-11-09,Pos*Purchase*Rent,1385.24,other,retail_simulated_bank
2023-06-27,pos purchase food delivery,58.39,other,retail_simulated_bank
2023-12-29,pos*purchase*food*delivery 415443,53.32,other,retail_simulated_bank
2023-09-10,ONLINE PURCHASE MORTGAGE 276472,869.17,other,retail_simulated_bank
2023-11-01,card pmt bus pass,36.06,transportation,retail_simulated_bank
2024-12-07,Pos Purchase Misc Expense,106.62,other,retail_simulated_bank
2023-10-08,pos purchase mortgage,1088.32,other,retail_simulated_bank
2024-07-10,TRANSPORT PMT UBER RIDE 325749,87.3,transportation,retail_simulated_bank
2023-05-30,Online*Purchase*Fast*Food,123.3,other,retail_simulated_bank
2023-03-22,TRANSPORT PMT UBER RIDE 595231,45.28,transportation,retail_simulated_bank
2024-05-05,Transport Pmt Fuel 1,99.43,transportation,retail_simulated_bank
2024-07-29,online purchase water bill,89.65,other,retail_simulated_bank
2024-08-23,online*purchase*mortgage 403331,1461.95,other,retail_simulated_bank
2023-08-20,ONLINE PURCHASE WATER BILL,229.14,other,retail_simulated_bank
2024-04-28,pos purchase rent,1178.62,other,retail_simulated_bank
2023-01-06,pos purchase vegetables 385654,116.3,groceries,retail_simulated_bank
2024-05-02,ONLINE PURCHASE NETFLIX 277837,37.73,other,retail_simulated_bank
2023-10-22,pos/purchase/food/delivery,32.32,other,retail_simulated_bank
2023-04-02,Transport Payment Bus Pass 576091,97.95,transportation,retail_simulated_bank
2023-02-08,online purchase rent,1612.36,other,retail_simulated_bank
2023-02-07,ONLINE/PURCHASE/INTERNET/BILL,68.67,other,retail_simulated_bank
2023-07-10,pos purchase misc expense,118.83,other,retail_simulated_bank
2024-08-04,Online-Purchase-Mortgag,612.97,other,retail_simulated_bank
2024-04-10,pos purchase netflix 485373,16.73,other,retail_simulated_bank
2024-05-31,Card*Payment*Mortgage 313065,787.88,other,retail_simulated_bank
2023-04-26,pos purchase fast food 976422,31.34,other,retail_simulated_bank
2024-10-25,TRANSPORT*PMT*TRAIN*TICKET 543794,110.47,transportation,retail_simulated_bank
2023-12-12,Transport Payment Train Ticket,5.07,transportation,retail_simulated_bank
2023-07-17,Pos Purchase Misc Expense 150612,86.46,other,retail_simulated_bank
2023-03-30,Card-Pmt-Internet-Bill,143.36,other,retail_simulated_bank
2023-05-24,POS/PURCHASE/FOOD/DELIVERY,17.02,other,retail_simulated_bank
2023-01-07,Online*Purchase*Fast*Food 63823,140.57,other,retail_simulated_bank
2023-10-01,FUEL FUEL 765712,37.62,transportation,retail_simulated_bank
2024-08-09,fuel bus pass,88.62,transportation,retail_simulated_bank
2024-12-10,pos*purchase*eggs 482164,99.09,groceries,retail_simulated_bank
2023-06-13,CARD PAYMENT ELECTRICITY BILL,132.39,other,retail_simulated_bank
2024-12-21,card pmt food delivery 297406,76.87,other,retail_simulated_bank
2024-10-16,Pos Purchase Misc Expense 515825,104.47,other,retail_simulated_bank
2023-08-13,Transport Pmt Bus Pass 626773,93.35,transportation,retail_simulated_bank
2024-09-12,ONLINE PURCHASE INTERNET BILL,194.5,other,retail_simulated_bank
2024-04-27,CARD PAYMENT FUEL 208553,106.19,transportation,retail_simulated_bank
2024-11-27,Online*Purchase*Online*Purchase 451334,114.99,other,retail_simulated_bank
2024-06-24,pos/purchase/online/purchase,80.25,other,retail_simulated_bank
2023-03-05,pos purchase mortgage 407356,1389.84,other,retail_simulated_bank
2023-06-03,card pmt online purchase 295871,87.19,other,retail_simulated_bank
2024-11-27,Online Purchase Gas Bill 565,127.2,other,retail_simulated_bank
2023-02-26,Online*Purchase*Internet*Bill 326408,142.28,other,retail_simulated_bank
2024-04-12,CARD PAYMENT RESTAURANT,78.45,other,retail_simulated_bank
2023-11-12,online purchase netflix,28.55,other,retail_simulated_bank
2023-08-12,Card Pmt Rent 212712,1743.03,other,retail_simulated_bank
2023-03-07,card payment netflix,17.06,other,retail_simulated_bank
2024-04-28,POS PURCHASE NETFLIX 637860,7.42,other,retail_simulated_bank
2023-05-19,card pmt eggs 946613,63.1,groceries,retail_simulated_bank
2024-01-27,card/payment/misc/expense 659373,58.05,other,retail_simulated_bank
2024-11-30,Pos Purchase Fast Food 439598,58.22,other,retail_simulated_bank
2023-07-02,POS PURCHASE RENT,1086.88,other,retail_simulated_bank
2023-08-17,Card Pmt Spotify 464297,30.48,other,retail_simulated_bank
2023-11-02,Online-Purchase-Online-Purchase,114.16,other,retail_simulated_bank
2024-03-10,CARD*PMT*FOOD*DELIVERY,108.71,other,retail_simulated_bank
2023-12-21,ONLINE PURCHASE SPOTIFY,13.66,other,retail_simulated_bank
2023-04-26,Online Purchase Gas Bill,222.55,other,retail_simulated_bank
2023-01-17,pos purchase vegetables 686769,64.63,groceries,retail_simulated_bank
2024-04-02,POS*PURCHASE*WATER*BILL,160.67,other,retail_simulated_bank
2023-02-15,Online Purchase Gym Membership 504523,6.7,other,retail_simulated_bank
2023-08-11,Pos Purchase Fast Food 399604,37.45,other,retail_simulated_bank
2023-10-24,POS PURCHASE ONLINE PURCHASE 9,23.6,other,retail_simulated_bank
2023-11-25,Card Payment Gas Bill 636369,199.96,other,retail_simulated_bank
2024-06-17,ONLINE PURCHASE GAS BILL,246.85,other,retail_simulated_bank
2024-08-28,POS PURCHASE INTERNET BILL 391610,43.41,other,retail_simulated_bank
2024-05-22,card pmt rent 846100,1198.08,other,retail_simulated_bank
2024-11-18,CARD-PMT-EGGS,141.41,groceries,retail_simulated_bank
2024-03-02,Pos Purchase Food Delivery 773583,49.85,other,retail_simulated_bank
2023-07-08,ONLINE*PURCHASE*RESTAURANT,47.08,other,retail_simulated_bank
2023-08-19,pos purchase misc expense,38.42,other,retail_simulated_bank
2023-03-01,CARD PMT TRAIN TICKET,121.45,transportation,retail_simulated_bank
2023-05-18,Pos-Purchase-Spotify 883989,24.51,other,retail_simulated_bank
2023-12-05,Online Purchase Restaurant,40.48,other,retail_simulated_bank
2023-04-05,Pos Purchase Rent 783289,1785.99,other,retail_simulated_bank
2024-01-22,pos purchase gym mem,6.8,other,retail_simulated_bank
2024-08-24,card-pmt-rent 931120,863.43,other,retail_simulated_bank
2023-12-07,card payment rent 831311,1817.26,other,retail_simulated_bank
2023-07-14,CARD PAYMENT UBER RIDE,34.14,transportation,retail_simulated_bank
2023-09-06,online*purchase*rent,1656.06,other,retail_simulated_bank
2023-11-26,Pos Purchase Rent,935.06,other,retail_simulated_bank
2024-06-30,CARD*PAYMENT*MISC*EXPENSE 684677,58.96,other,retail_simulated_bank
2024-05-24,pos*purchase*mortgage,1103.5,other,retail_simulated_bank
2024-04-25,Card Pmt Restaurant 88552,121.01,other,retail_simulated_bank
2024-01-15,card pmt misc expense 593863,137.41,other,retail_simulated_bank
2023-08-15,Fuel Fuel 5552,9.72,transportation,retail_simulated_bank
2024-08-21,ONLINE PURCHASE RENT 549033,1374.64,other,retail_simulated_bank
2023-12-04,pos purchase gym membership 451998,10.33,other,retail_simulated_bank
2024-07-17,ONLINE PURCHASE INTERNET BILL 237547,84.06,other,retail_simulated_bank
2024-10-19,POS PURCHASE MORTGAGE 225815,1750.23,other,retail_simulated_bank
2023-12-27,CARD PMT MORTGAGE 762019,1625.88,other,retail_simulated_bank
2024-07-09,Online Purchase Water Bill 191208,137.43,other,retail_simulated_bank
2023-03-18,Card Pmt Rent 733392,1774.7,other,retail_simulated_bank
2024-02-27,online/purchase/online/purchase 85857,115.36,other,retail_simulated_bank
2023-08-12,Card Payment Water Bill 184275,63.23,other,retail_simulated_bank
2024-11-13,Pos Purchase Spotify 742243,26.62,other,retail_simulated_bank
2024-06-28,Online/Purchase/Spotify 172390,5.55,other,retail_simulated_bank
2023-10-09,Pos Purchase Spotify 176494,23.53,other,retail_simulated_bank
2024-11-21,Card Pmt Spotify,33.46,other,retail_simulated_bank
2023-04-09,online purchase restaurant 169126,18.73,other,retail_simulated_bank
2023-09-16,Pos Purchase Netf,26.69,other,retail_simulated_bank
2024-02-11,Pos Purchase Misc Expense 546749,42.3,other,retail_simulated_bank
2024-04-15,CARD*PAYMENT*EGGS,144.02,groceries,retail_simulated_bank
2024-12-01,ONLINE-PURCHASE-NETFL,12.91,other,retail_simulated_bank
2024-10-27,Pos Purchase Online Purchase,99.1,other,retail_simulated_bank
2024-01-24,Online*Purchase*Online*Purchase 369649,16.74,other,retail_simulated_bank
2024-10-14,card pmt food delivery 569360,72.97,other,retail_simulated_bank
2024-05-26,card pmt vegetables 485281,28.19,groceries,retail_simulated_bank
2023-12-06,card payment misc expense 875196,97.8,other,retail_simulated_bank
2023-08-24,Card-Payment-Netflix 276586,37.17,other,retail_simulated_bank
2024-12-01,ONLINE PURCHASE INTERNET BILL 681794,233.32,other,retail_simulated_bank
2023-11-19,card pmt uber ride 819415,29.37,transportation,retail_simulated_bank
2024-12-30,card pmt bread,89.29,groceries,retail_simulated_bank
2023-11-03,Online Purchase Misc Expense,139.54,other,retail_simulated_bank
2024-11-24,Online Purchase Water Bill 918445,216.88,other,retail_simulated_bank
2024-12-06,Online/Purchase/Spot,30.89,other,retail_simulated_bank
2023-02-24,pos purchase rent 328350,1964.05,other,retail_simulated_bank
2023-03-19,Card Payment Rice 138779,37.13,groceries,retail_simulated_bank
2023-12-01,Transport Payment Fu,145.43,transportation,retail_simulated_bank
2024-04-06,CARD PMT VEGETABLES,43.18,groceries,retail_simulated_bank
2024-01-20,CARD/PAYMENT/RESTAURANT 1,55.3,other,retail_simulated_bank
2024-11-07,card pmt restaurant 490332,102.92,other,retail_simulated_bank
2023-10-30,Online Purchase Restaurant 218047,116.51,other,retail_simulated_bank
2023-03-26,online purchase online purchase 765247,107.83,other,retail_simulated_bank
2024-10-11,transport payment train ticket,58.86,transportation,retail_simulated_bank
2023-01-06,CARD PAYMENT INTERNET BILL,53.44,other,retail_simulated_bank
2023-10-04,TRANSPORT PMT FUEL 784468,55.91,transportation,retail_simulated_bank
2024-03-17,card pmt bread 71,15.83,groceries,retail_simulated_bank
2024-02-22,CARD PAYMENT FOOD DELIVERY 880296,84.55,other,retail_simulated_bank
2024-07-21,CARD PAYMENT MILK,16.17,groceries,retail_simulated_bank
2023-11-29,Card*Payment*Chicken,90.91,groceries,retail_simulated_bank
2024-02-28,CARD PMT MISC EXPENSE,4.81,other,retail_simulated_bank
2024-07-26,Online/Purchase/Restaurant 988437,109.55,other,retail_simulated_bank
2023-10-03,CARD*PAYMENT*WATER*BILL 488292,67.29,other,retail_simulated_bank
2023-03-06,Card Pmt Bus Pass,75.49,transportation,retail_simulated_bank
2023-03-20,Online-Purchase-Internet-Bill 396384,95.95,other,retail_simulated_bank
2024-10-02,TRANSPORT PAYMENT BUS PASS 10,141.8,transportation,retail_simulated_bank
2024-04-13,Online*Purchase*Food*Delivery,93.65,other,retail_simulated_bank
2024-02-10,Card Payment Bread,47.78,groceries,retail_simulated_bank
2023-12-04,CARD*PAYMENT*FUEL 746362,121.2,transportation,retail_simulated_bank
2024-10-28,Online Purchase Fast Food 251944,66.3,other,retail_simulated_bank
2024-12-12,pos-purchase-netflix 579628,26.11,other,retail_simulated_bank
2023-11-23,Online*Purchase*Internet*Bill,242.21,other,retail_simulated_bank
2023-09-06,FUEL FUEL,145.26,transportation,retail_simulated_bank
2024-02-07,transport payment fuel,44.2,transportation,retail_simulated_bank
2023-07-24,Transport Pmt Uber Ride 822306,140.01,transportation,retail_simulated_bank
2023-01-28,online purchase gym membership 851584,31.87,other,retail_simulated_bank
2023-10-26,Pos*Purchase*Mortgage,893.51,other,retail_simulated_bank
2024-02-23,card/pmt/online/purchase 803235,123.39,other,retail_simulated_bank
2023-09-16,Pos/Purchase/Mortgage 581867,1023.97,other,retail_simulated_bank
2023-03-17,ONLINE-PURCHASE-RENT 692650,1704.71,other,retail_simulated_bank
2024-02-15,pos purchase food delivery,73.45,other,retail_simulated_bank
2024-03-04,pos purchase gym membership 796165,35.44,other,retail_simulated_bank
2024-07-03,ONLINE PURCHASE NETFLIX,17.58,other,retail_simulated_bank
2023-09-12,Online Purchase Gym Membership 365456,8.83,other,retail_simulated_bank
2024-07-30,Card Payment Mortgage,1457.75,other,retail_simulated_bank
2024-03-16,POS PURCHASE MORTGAGE,1064.24,other,retail_simulated_bank
2023-08-16,card payment milk 483104,17.5,groceries,retail_simulated_bank
2024-08-12,Online/Purchase/Gym/Membership,25.32,other,retail_simulated_bank
2024-11-26,Online Purchase Internet Bill,131.87,other,retail_simulated_bank
2023-01-26,Online*Purchase*Gym*Membership,17.07,other,retail_simulated_bank
2023-03-29,Online Purchase Restaurant 60594,46.43,other,retail_simulated_bank
2023-11-16,card payment vegetables 504687,23.83,groceries,retail_simulated_bank
2024-06-17,transport pmt fuel 863438,118.29,transportation,retail_simulated_bank
2024-03-24,CARD PAYMENT FAST FOOD 803887,73.0,other,retail_simulated_bank
2024-12-28,Online*Purchase*Mortgage 310105,1020.37,other,retail_simulated_bank
2024-10-25,CARD PMT MILK,127.83,groceries,retail_simulated_bank
2023-09-07,card/payment/vegeta,120.61,groceries,retail_simulated_bank
2024-03-12,Pos Purchase Netflix 602832,16.58,other,retail_simulated_bank
2024-10-06,card pmt restaurant 71360,120.27,other,retail_simulated_bank
2023-01-30,card*payment*water*bill 560877,125.07,other,retail_simulated_bank
2023-01-05,Pos Purchase Rent 245203,1201.37,other,retail_simulated_bank
2023-03-06,POS PURCHASE RENT 123793,1653.26,other,retail_simulated_bank
2024-01-10,CARD/PMT/NETFLIX 147116,23.79,other,retail_simulated_bank
2023-09-26,CARD PMT TRAIN TICKET 623774,70.26,transportation,retail_simulated_bank
2024-09-03,ONLINE PURCHASE MORTGAGE 432759,1494.75,other,retail_simulated_bank
2023-04-27,pos purchase food delivery 365939,60.7,other,retail_simulated_bank
2024-09-24,Card Payment Bus Pass 125251,127.29,transportation,retail_simulated_bank
2024-11-19,POS PURCHASE GAS BILL,159.84,other,retail_simulated_bank
2023-07-07,Online Purchase Gas Bill,97.18,other,retail_simulated_bank
2024-03-04,transport pmt train ticket 799793,78.09,transportation,retail_simulated_bank
2024-05-13,Card Pmt Netflix 208835,19.81,other,retail_simulated_bank
2023-05-24,Online Purchase Rent 856123,1285.5,other,retail_simulated_bank
2024-01-03,ONLINE PURCHASE GAS BILL,166.27,other,retail_simulated_bank
2024-01-29,Card Pmt Rice 447680,23.07,groceries,retail_simulated_bank
2024-05-18,POS*PURCHASE*GYM*MEMBERSHIP,19.32,other,retail_simulated_bank
2024-05-15,card*pmt*food*delivery 590246,126.46,other,retail_simulated_bank
2023-08-14,Pos*Purchase*Electricity*Bill 346742,205.09,other,retail_simulated_bank
2024-07-04,card-payment-uber-ride 543049,43.4,transportation,retail_simulated_bank
2024-08-02,card pmt train ticket 637983,117.77,transportation,retail_simulated_bank
2023-04-27,POS-PURCHASE-MORTGAGE,758.5,other,retail_simulated_bank
2023-02-12,card payment bus pass,82.68,transportation,retail_simulated_bank
2024-03-11,card pmt misc expense 484221,83.31,other,retail_simulated_bank
2023-09-11,CARD-PMT-VEGETABLES 459786,125.02,groceries,retail_simulated_bank
2023-12-23,TRANSPORT PMT UBER RIDE,69.11,transportation,retail_simulated_bank
2023-05-01,CARD*PMT*ONLINE*PURCHASE 904156,67.54,other,retail_simulated_bank
2024-08-25,CARD PMT ONLINE PURCHASE 200460,33.85,other,retail_simulated_bank
2024-03-14,card payment mortgage 60,1454.37,other,retail_simulated_bank
2023-03-02,ONLINE PURCHASE WATER BILL,208.98,other,retail_simulated_bank
2023-06-22,Card Payment Spotify,25.89,other,retail_simulated_bank
2023-10-01,Fuel/Bus/Pass,45.53,transportation,retail_simulated_bank
2024-02-26,Pos Purchase Online Purchase,22.93,other,retail_simulated_bank
2023-05-10,CARD PMT EGGS,130.46,groceries,retail_simulated_bank
2023-09-11,POS/PURCHASE/RENT 555690,1595.95,other,retail_simulated_bank
2024-08-14,Online Purchase Misc Expens,74.95,other,retail_simulated_bank
2023-03-19,Card/Payment/Mortgage 912067,1125.24,other,retail_simulated_bank
2024-12-12,Online Purchase Rent 557161,1649.72,other,retail_simulated_bank
2023-12-02,FUEL FUEL,142.69,transportation,retail_simulated_bank
2023-04-06,Card Pmt Netfli,34.65,other,retail_simulated_bank
2023-03-06,Card Pmt Mortgage 160166,1576.2,other,retail_simulated_bank
2024-03-15,Pos Purchase Misc Expense,35.02,other,retail_simulated_bank
2023-11-27,Card Payment Online Purchase 479350,75.72,other,retail_simulated_bank
2024-08-14,online purchase misc expense,52.65,other,retail_simulated_bank
2023-02-19,Pos Purchase Internet Bill 282170,226.71,other,retail_simulated_bank
2024-04-15,pos purchase milk,95.05,groceries,retail_simulated_bank
2023-06-11,POS PURCHASE MILK 414506,139.63,groceries,retail_simulated_bank
2024-03-14,CARD*PAYMENT*FAST*FOOD 6,3.1,other,retail_simulated_bank
2023-10-08,card pmt water bill 5206,96.41,other,retail_simulated_bank
2023-03-26,Pos Purchase Vegetables 656580,55.98,groceries,retail_simulated_bank
2024-10-02,transport payment train ticket 648083,10.61,transportation,retail_simulated_bank
2023-04-04,CARD PMT TRAIN TICKET,66.1,transportation,retail_simulated_bank
2023-05-16,pos purchase rent,1267.53,other,retail_simulated_bank
2023-01-09,Card Payment Netfli,20.58,other,retail_simulated_bank
2024-03-08,Pos Purchase Mortgage,1983.42,other,retail_simulated_bank
2023-04-02,POS PURCHASE RENT 234962,920.53,other,retail_simulated_bank
2023-11-03,card pmt rent 918105,1114.59,other,retail_simulated_bank
2023-05-17,Online Purchase Internet Bill,195.69,other,retail_simulated_bank
2024-09-16,card payment rent,1388.61,other,retail_simulated_bank
2024-10-05,Card-Pmt-Rent 709603,1611.4,other,retail_simulated_bank
2024-03-29,Card*Payment*Rent,1462.51,other,retail_simulated_bank
2023-04-13,Pos Purchase Online Purchase,15.74,other,retail_simulated_bank
2024-03-15,POS-PURCHASE-ELECTRICITY-BILL 333774,114.49,other,retail_simulated_bank
2024-10-22,fuel train ticket,39.42,transportation,retail_simulated_bank
2024-09-06,Pos Purchase Bread 212576,84.35,groceries,retail_simulated_bank
2024-11-05,pos purchase mortgage,1566.67,other,retail_simulated_bank
2024-06-05,card-pmt-train-tick,79.11,transportation,retail_simulated_bank
2023-09-03,card payment internet bill 468049,42.01,other,retail_simulated_bank
2024-05-26,CARD PMT FAST FOOD,19.57,other,retail_simulated_bank
2024-01-05,POS PURCHASE RENT,1968.78,other,retail_simulated_bank
2024-08-05,Card/Pmt/Train/Ticket 529673,59.87,transportation,retail_simulated_bank
2023-06-26,card/payment/fast/food 783594,83.31,other,retail_simulated_bank
2023-03-16,Online/Purchase/Misc/Expense,143.3,other,retail_simulated_bank
2023-09-26,POS PURCHASE CHICKEN,12.93,groceries,retail_simulated_bank
2024-02-12,Pos/Purchase/Electricity/Bill,238.71,other,retail_simulated_bank
2024-03-01,ONLINE PURCHASE SPOTIFY 616708,22.54,other,retail_simulated_bank
2024-10-17,card pmt food delivery 535603,62.13,other,retail_simulated_bank
2023-11-14,Pos Purchase Gym Membership 956154,14.71,other,retail_simulated_bank
2023-06-09,pos purchase chicken,138.38,groceries,retail_simulated_bank
2024-10-27,ONLINE PURCHASE SPOTIFY,27.2,other,retail_simulated_bank
2023-09-02,Card-Pmt-Rent 129189,1212.48,other,retail_simulated_bank
2024-03-20,Pos-Purchase-Bread 191773,15.67,groceries,retail_simulated_bank
2023-02-26,POS/PURCHASE/RICE 384803,93.01,groceries,retail_simulated_bank
2024-12-25,FUEL TRAIN TICKET,20.56,transportation,retail_simulated_bank
2024-06-19,card pmt electricity bill,239.66,other,retail_simulated_bank
2023-10-03,POS/PURCHASE/GYM/MEMBERSHIP 195710,18.02,other,retail_simulated_bank
2024-03-15,Card Pmt Rent,641.1,other,retail_simulated_bank
2024-08-13,card-pmt-uber-ride 943174,41.65,transportation,retail_simulated_bank
2023-02-26,Card Pmt Rent 79429,1315.09,other,retail_simulated_bank
2023-06-11,Card Pmt Food Delivery,27.53,other,retail_simulated_bank
2024-11-21,Transport-Payment-Uber-Ride,134.46,transportation,retail_simulated_bank
2023-02-15,Pos-Purchase-Rent,1312.35,other,retail_simulated_bank
2024-04-28,Online*Purchase*Online*Purchase 320500,38.95,other,retail_simulated_bank
2023-07-03,transport-payment-fuel 29748,138.27,transportation,retail_simulated_bank
2024-11-02,POS PURCHASE ONLINE PURCHASE,84.27,other,retail_simulated_bank
2024-03-02,ONLINE-PURCHASE-RESTAURANT,50.3,other,retail_simulated_bank
2024-01-17,ONLINE PURCHASE MORTGAGE,709.04,other,retail_simulated_bank
2023-02-23,POS PURCHASE CHICKEN 262517,101.98,groceries,retail_simulated_bank
2024-02-15,Pos Purchase Water Bill 57,245.91,other,retail_simulated_bank
2023-11-15,POS PURCHASE RICE 569365,130.31,groceries,retail_simulated_bank
2023-01-09,CARD PAYMENT UBER RIDE 315175,84.3,transportation,retail_simulated_bank
2023-11-08,card payment train ticket,45.86,transportation,retail_simulated_bank
2024-05-20,Card Pmt Rent,1428.37,other,retail_simulated_bank
2024-07-13,Online Purchase Online Purchase,110.67,other,retail_simulated_bank
2024-02-24,Online Purchase Online Purchase 845721,25.13,other,retail_simulated_bank
2024-10-13,Card Pmt Bread,82.61,groceries,retail_simulated_bank
2023-01-02,Online Purchase Online Purchase 327449,142.8,other,retail_simulated_bank
2023-11-11,Pos Purchase Misc Expense 730249,127.8,other,retail_simulated_bank
2023-09-01,POS PURCHASE BREAD,80.88,groceries,retail_simulated_bank
2023-05-26,CARD PAYMENT FAST FOOD,144.29,other,retail_simulated_bank
2024-06-16,POS PURCHASE MORTGAGE 393,1889.78,other,retail_simulated_bank
2024-04-14,Online-Purchase-Food-Delivery 375056,134.65,other,retail_simulated_bank
2024-10-14,POS-PURCHASE-RENT 484408,1307.6,other,retail_simulated_bank
2024-08-04,Card/Pmt/Misc/Expense 225924,14.0,other,retail_simulated_bank
2023-05-14,card pmt rice,100.38,groceries,retail_simulated_bank
2024-02-07,CARD PAYMENT GAS BILL 51545,99.3,other,retail_simulated_bank
2023-03-18,Pos Purchase Mortgage 166732,980.74,other,retail_simulated_bank
2023-06-09,Card Pmt Water Bill,158.64,other,retail_simulated_bank
2023-11-18,pos purchase bread 205000,69.09,groceries,retail_simulated_bank
2023-08-01,pos purchase restaurant 554781,81.78,other,retail_simulated_bank
2023-05-03,pos purchase fast food 155286,71.11,other,retail_simulated_bank
2023-11-08,pos purchase bread,121.72,groceries,retail_simulated_bank
2023-12-02,pos purchase online purchase 631056,34.61,other,retail_simulated_bank
2024-02-10,pos/purchase/electricity/bill,243.05,other,retail_simulated_bank
2023-06-28,online purchase netflix 69698,14.11,other,retail_simulated_bank
2024-07-23,Pos Purchase Rice,128.63,groceries,retail_simulated_bank
2023-05-24,Pos-Purchase-Rent,742.67,other,retail_simulated_bank
2023-08-16,Pos-Purchase-Milk 597629,12.07,groceries,retail_simulated_bank
2024-10-07,Card Payment Water Bill 587582,111.89,other,retail_simulated_bank
2023-03-18,ONLINE-PURCHASE-RENT 319653,962.35,other,retail_simulated_bank
2024-10-23,CARD PAYMENT MILK 906017,32.07,groceries,retail_simulated_bank
2023-12-06,POS PURCHASE RESTAURANT 463476,16.52,other,retail_simulated_bank
2023-02-21,POS-PURCHASE-MILK,141.52,groceries,retail_simulated_bank
2023-01-31,Card Payment Internet Bill,116.9,other,retail_simulated_bank
2023-12-29,CARD PAYMENT FOOD DELIVERY 673556,65.72,other,retail_simulated_bank
2023-06-02,CARD PAYMENT WATER BILL,128.12,other,retail_simulated_bank
2023-09-09,Card/Pmt/Chicken 415921,94.02,groceries,retail_simulated_bank
2024-05-05,card payment mortgage,1835.89,other,retail_simulated_bank
2023-05-21,pos purchase mil,44.13,groceries,retail_simulated_bank
2024-06-22,CARD*PAYMENT*RESTAURANT 493573,97.47,other,retail_simulated_bank
2024-01-03,ONLINE-PURCHASE-ELECTRICITY-BILL 860171,202.02,other,retail_simulated_bank
2023-12-19,CARD PAYMENT FOOD DELIVERY 533388,117.87,other,retail_simulated_bank
2023-01-27,Card Payment Gym Membership,14.47,other,retail_simulated_bank
2023-10-15,transport payment train ticket,7.31,transportation,retail_simulated_bank
2024-08-21,Card Payment Rice,80.83,groceries,retail_simulated_bank
2023-09-30,CARD*PMT*WATER*BILL 436994,174.51,other,retail_simulated_bank
2023-08-13,Card Payment Gym Membership 679494,39.87,other,retail_simulated_bank
2023-06-27,Card Pmt Spotify 114885,34.37,other,retail_simulated_bank
2024-12-15,ONLINE PURCHASE WATER BILL 974232,207.37,other,retail_simulated_bank
2023-12-27,transport/pmt/uber/ride 505248,106.41,transportation,retail_simulated_bank
2024-05-19,CARD PAYMENT GYM MEMBERSHIP,38.19,other,retail_simulated_bank
2023-02-27,POS PURCHASE SPOTIFY 350695,6.33,other,retail_simulated_bank
2023-12-06,ONLINE PURCHASE WATER BILL,135.16,other,retail_simulated_bank
2023-07-01,online*purchase*netflix 696288,16.93,other,retail_simulated_bank
2023-06-01,Card Pmt Misc Expense,11.75,other,retail_simulated_bank
2024-06-22,Pos Purchase Gym Membership 843253,32.1,other,retail_simulated_bank
2024-01-18,Online Purchase Misc Expense 999219,144.2,other,retail_simulated_bank
2023-11-27,online/purchase/mortgage,1071.19,other,retail_simulated_bank
2024-10-16,ONLINE PURCHASE WATER BI,126.11,other,retail_simulated_bank
2024-12-25,POS PURCHASE FOOD DELIVERY 442121,49.64,other,retail_simulated_bank
2024-01-01,Online/Purchase/Gym/Membership 259311,26.48,other,retail_simulated_bank
2023-10-29,Card Payment Water Bill 862931,191.48,other,retail_simulated_bank
2024-08-09,online purchase water bill 870531,238.73,other,retail_simulated_bank
2024-09-08,POS PURCHASE FOOD DELIVERY,7.76,other,retail_simulated_bank
2023-04-17,card payment train ticket 775205,97.03,transportation,retail_simulated_bank
2023-03-21,card*payment*restauran,51.68,other,retail_simulated_bank
2023-04-01,Card/Pmt/Gas/Bill,66.94,other,retail_simulated_bank
2023-09-29,Card Payment Misc Expense 28185,68.65,other,retail_simulated_bank
2023-04-21,Pos Purchase Water Bill,107.11,other,retail_simulated_bank
2024-03-05,pos purchase rent 11189,1213.51,other,retail_simulated_bank
2024-07-13,pos purchase internet bill 279481,113.32,other,retail_simulated_bank
2024-08-14,POS*PURCHASE*RESTAURANT,124.83,other,retail_simulated_bank
2023-02-04,Card-Payment-Rent,703.19,other,retail_simulated_bank
2023-04-18,Transport-Pmt-Uber-Ride 408402,49.85,transportation,retail_simulated_bank
2024-01-20,POS PURCHASE EGGS 380909,28.01,groceries,retail_simulated_bank
2023-04-06,Online Purchase Electricity Bill,227.59,other,retail_simulated_bank
2024-03-17,Fuel Fuel 938280,106.56,transportation,retail_simulated_bank
2023-02-24,POS PURCHASE RENT 596949,1207.88,other,retail_simulated_bank
2023-07-14,Pos Purchase Eggs 866664,33.22,groceries,retail_simulated_bank
2024-07-07,Pos-Purchase-Food-Delivery,84.45,other,retail_simulated_bank
2023-04-09,transport payment bus pass,46.72,transportation,retail_simulated_bank
2024-05-17,pos*purchase*rice 329874,87.05,groceries,retail_simulated_bank
2023-10-29,POS-PURCHASE-ELECTRICITY-BILL 79729,124.07,other,retail_simulated_bank
2023-01-27,Online-Purchase-Misc-Expense 590800,32.35,other,retail_simulated_bank
2024-04-29,Card/Payment/Water/Bill 153740,244.95,other,retail_simulated_bank
2024-02-12,Pos Purchase Online Purchase,48.33,other,retail_simulated_bank
2023-09-29,Online Purchase Fast Food 213609,134.55,other,retail_simulated_bank
2023-07-09,Pos/Purchase/Vegetables 317012,82.99,groceries,retail_simulated_bank
2024-04-01,fuel-fuel 296266,57.3,transportation,retail_simulated_bank
2023-09-27,pos purchase eggs,67.64,groceries,retail_simulated_bank
2024-12-14,POS PURCHASE GAS BILL 278598,63.25,other,retail_simulated_bank
2024-07-08,CARD PMT RENT 707297,1081.31,other,retail_simulated_bank
2023-03-04,Pos*Purchase*Food*Delivery,36.44,other,retail_simulated_bank
2024-03-04,CARD/PMT/MISC/EXPENSE,123.31,other,retail_simulated_bank
2023-08-30,CARD PMT GYM MEMBERSHIP,21.62,other,retail_simulated_bank
2023-02-05,POS PURCHASE FAST FOOD 460578,14.61,other,retail_simulated_bank
2024-11-24,Online-Purchase-Gym-Membership 480547,33.02,other,retail_simulated_bank
2023-06-27,Pos Purchase Netflix,31.5,other,retail_simulated_bank
2024-03-09,ONLINE PURCHASE WATER BILL,57.76,other,retail_simulated_bank
2024-10-04,pos*purchase*vegetables 264257,67.0,groceries,retail_simulated_bank
2023-03-10,CARD-PAYMENT-GAS-BILL 765382,189.96,other,retail_simulated_bank
2024-07-19,card pmt rice 263800,84.79,groceries,retail_simulated_bank
2023-01-13,transport*payment*bus*pass,79.39,transportation,retail_simulated_bank
2023-06-03,Online Purchase Misc Expense 196251,19.54,other,retail_simulated_bank
2023-04-14,Online/Purchase/Electricity/Bill 290660,153.79,other,retail_simulated_bank
2023-12-19,CARD PAYMENT MISC EXPENSE 384922,130.52,other,retail_simulated_bank
2024-05-12,CARD PMT FAST FOOD 254383,59.31,other,retail_simulated_bank
2024-02-17,Card Pmt Gym Membership 74879,11.03,other,retail_simulated_bank
2023-12-06,POS PURCHASE INTERNET BILL 70295,225.71,other,retail_simulated_bank
2023-10-03,CARD/PAYMENT/RENT 511705,1265.31,other,retail_simulated_bank
2023-11-07,CARD PAYMENT UBER RIDE 649305,52.67,transportation,retail_simulated_bank
2024-12-13,TRANSPORT PAYMENT BUS PASS,126.9,transportation,retail_simulated_bank
2023-11-04,card payment rent,919.14,other,retail_simulated_bank
2024-03-02,online purchase mortgage 771029,1049.22,other,retail_simulated_bank
2024-02-21,Card Pmt Gym Membership 950508,20.46,other,retail_simulated_bank
2023-02-27,online purchase mortgage,1814.06,other,retail_simulated_bank
2024-02-18,Online*Purchase*Netflix 533961,29.83,other,retail_simulated_bank
2023-07-25,CARD-PAYMENT-ELECTRICITY-BILL,222.54,other,retail_simulated_bank
2024-04-12,Card Pmt Online Purchase 864460,39.68,other,retail_simulated_bank
2023-10-08,Card Pmt Eggs,106.58,groceries,retail_simulated_bank
2024-10-12,Transport Pmt Fuel 77691,77.25,transportation,retail_simulated_bank
2024-01-17,Card Pmt Vegetables 356698,7.49,groceries,retail_simulated_bank
2024-04-30,Card Payment Food Delivery,68.58,other,retail_simulated_bank
2023-09-22,POS PURCHASE GYM MEMBERSHIP 54279,10.72,other,retail_simulated_bank
2023-06-16,CARD PAYMENT RENT 702401,1141.19,other,retail_simulated_bank
2024-10-24,pos purchase online purchase 337392,129.0,other,retail_simulated_bank
2023-01-21,Card Payment Water Bill,120.09,other,retail_simulated_bank
2023-05-16,card payment online purchase 799717,72.69,other,retail_simulated_bank
2023-09-16,POS PURCHASE RENT,611.85,other,retail_simulated_bank
2023-10-09,ONLINE PURCHASE SP,29.83,other,retail_simulated_bank
2024-04-15,card pmt fast food 614561,128.18,other,retail_simulated_bank
2024-11-24,Transport Payment Train Ticket,71.6,transportation,retail_simulated_bank
2024-06-07,card pmt gym membership 386029,8.58,other,retail_simulated_bank
2023-10-17,online purchase mortgage,1431.28,other,retail_simulated_bank
2023-12-11,Transport Payment Uber Ride 295707,73.82,transportation,retail_simulated_bank
2023-09-25,Fuel Bus Pass 853616,129.64,transportation,retail_simulated_bank
2023-09-04,Online Purchase Mortgage,1324.21,other,retail_simulated_bank
2023-11-24,CARD PMT CHICKEN 444425,62.4,groceries,retail_simulated_bank
2023-10-30,Pos Purchase Rent 819664,1517.56,other,retail_simulated_bank
2023-02-06,Transport/Paym,62.48,transportation,retail_simulated_bank
2023-12-18,Pos*Purchase*Gym*Membership,33.56,other,retail_simulated_bank
2024-05-02,pos*purchase*rent,1493.64,other,retail_simulated_bank
2024-11-04,online purchase mortgage,1783.59,other,retail_simulated_bank
2023-09-22,ONLINE PURCHASE NETFLIX 491172,21.48,other,retail_simulated_bank
2024-11-01,Card Pmt Rent,1859.43,other,retail_simulated_bank
2023-11-11,Pos Purchase Bread,55.23,groceries,retail_simulated_bank
2024-08-22,card pmt fast food 194640,57.64,other,retail_simulated_bank
2024-04-26,Fuel Fuel 900956,128.13,transportation,retail_simulated_bank
2024-09-27,pos*purchase*vegetables,88.79,groceries,retail_simulated_bank
2024-05-27,Pos Purchase Rice 54342,133.75,groceries,retail_simulated_bank
2023-11-02,CARD PAYMENT VEGETA,59.11,groceries,retail_simulated_bank
2023-06-04,card payment restaurant 184566,131.01,other,retail_simulated_bank
2024-04-13,Card/Payment/Water/Bill,247.18,other,retail_simulated_bank
2023-03-24,Card Pmt Gas Bill 50004,69.68,other,retail_simulated_bank
2023-07-01,CARD/PAYMENT/FAST/FOOD 939454,95.76,other,retail_simulated_bank
2023-10-08,Fuel Uber Ride 8,3.69,transportation,retail_simulated_bank
2023-04-01,card payment water bill 96169,64.86,other,retail_simulated_bank
2024-05-03,online purchase internet bill 755557,118.75,other,retail_simulated_bank
2023-07-24,pos purchase restaurant 204368,8.55,other,retail_simulated_bank
2024-06-27,Online Purchase Mortgage 697464,1848.81,other,retail_simulated_bank
2023-09-12,Pos*Purchase*Electricity*Bill 9,167.87,other,retail_simulated_bank
2024-05-30,pos-purchase-gas-bill 374846,52.6,other,retail_simulated_bank
2023-11-02,Card*Pmt*Spotify 565392,33.83,other,retail_simulated_bank
2024-09-02,FUEL/FUEL,109.99,transportation,retail_simulated_bank
2023-05-18,Pos Purchase Spotify,29.04,other,retail_simulated_bank
2023-07-12,Fuel*Fuel,55.81,transportation,retail_simulated_bank
2023-05-15,Pos Purchase Internet Bill 686777,79.35,other,retail_simulated_bank
2024-01-11,CARD PAYMENT ELECTRICITY BILL 333806,67.18,other,retail_simulated_bank
2024-07-01,ONLINE PURCHASE RENT,1496.45,other,retail_simulated_bank
2023-04-21,Online Purchase Netflix,6.68,other,retail_simulated_bank
2024-03-30,Card Payment Rent 882249,762.11,other,retail_simulated_bank
2024-04-30,Pos Purchase Restaurant,83.45,other,retail_simulated_bank
2023-01-10,card-payment-rent,1560.04,other,retail_simulated_bank
2024-11-09,fuel fuel,100.26,transportation,retail_simulated_bank
2024-03-04,Card Payment Spotify 763337,29.53,other,retail_simulated_bank
2024-09-24,ONLINE PURCHASE ONLINE PURCHASE 287133,78.2,other,retail_simulated_bank
2023-04-19,Card Pmt Eggs 229850,19.76,groceries,retail_simulated_bank
2023-09-27,Card Pmt Restaurant 337253,92.52,other,retail_simulated_bank
2024-02-24,Pos Purchase Online Purchase 87,55.61,other,retail_simulated_bank
2024-05-23,CARD/PAYMENT/TRAIN/TICKET 5440,8.79,transportation,retail_simulated_bank
2024-11-18,Card Payment Internet Bill,30.6,other,retail_simulated_bank
2024-11-16,CARD PAYMENT MILK 133527,125.78,groceries,retail_simulated_bank
2024-06-07,Online Purchase Restaurant,142.57,other,retail_simulated_bank
2023-09-20,card payment vegetables,109.37,groceries,retail_simulated_bank
2023-09-28,Pos Purchase Rent,1968.21,other,retail_simulated_bank
2023-06-28,pos-purchase-restaurant 412289,17.67,other,retail_simulated_bank
2024-01-04,Card Payment Online Purchase 428647,128.28,other,retail_simulated_bank
2023-04-29,ONLINE/PURCHASE/MISC/EXPENSE,65.62,other,retail_simulated_bank
2023-05-22,Pos Purchase Milk,4.42,groceries,retail_simulated_bank
2024-09-28,POS PURCHASE RENT 932405,1852.34,other,retail_simulated_bank
2023-12-17,Transport Pmt Uber Ride 342697,57.78,transportation,retail_simulated_bank
2023-10-06,pos purchase electricity bill,241.71,other,retail_simulated_bank
2024-05-04,POS*PURCHASE*MISC*EXPENSE,104.42,other,retail_simulated_bank
2023-06-20,CARD PMT MISC EXPENSE,98.38,other,retail_simulated_bank
2023-03-02,card pmt bread 379794,105.34,groceries,retail_simulated_bank
2024-08-27,online purchase online purchase,18.25,other,retail_simulated_bank
2023-07-05,Card Payment Food Delivery 168914,102.72,other,retail_simulated_bank
2024-12-01,online/purchase/spotify,26.4,other,retail_simulated_bank
2024-05-14,pos purchase online purchase 923021,74.01,other,retail_simulated_bank
2023-03-06,Pos Purchase Rice 682216,67.78,groceries,retail_simulated_bank
2024-11-25,CARD-PMT-BUS-PASS 316886,4.82,transportation,retail_simulated_bank
2024-11-16,ONLINE PURCHASE GYM MEMBERSHIP 468470,24.78,other,retail_simulated_bank
2024-12-05,Card Payment Misc Expense 776767,79.31,other,retail_simulated_bank
2024-05-08,online purchase rent,1617.31,other,retail_simulated_bank
2024-07-25,transport pmt fue,24.85,transportation,retail_simulated_bank
2024-06-01,Pos Purchase Netflix,37.7,other,retail_simulated_bank
2023-06-19,CARD PAYMENT MISC EXPENSE 830864,128.23,other,retail_simulated_bank
2023-12-05,POS PURCHASE RICE,50.13,groceries,retail_simulated_bank
2024-07-17,TRANSPORT PMT UBER RIDE 774816,77.52,transportation,retail_simulated_bank
2024-04-15,card pmt mortgage 677474,929.0,other,retail_simulated_bank
2024-05-25,Pos Purchase Food Delivery 53115,68.87,other,retail_simulated_bank
2024-05-24,Pos/Purchase/Fast/Food,20.45,other,retail_simulated_bank
2024-07-24,pos purchase rent 833754,1177.27,other,retail_simulated_bank
2024-09-25,POS PURCHASE NETFLIX,32.71,other,retail_simulated_bank
2024-11-01,Online Purchase Mortgage,1387.27,other,retail_simulated_bank
2023-02-25,POS-PURCHASE-MORTGAGE,1108.68,other,retail_simulated_bank
2023-12-06,CARD PAYMENT ONLINE PURCHASE,127.11,other,retail_simulated_bank
2024-01-08,pos purchase gym membership 197155,30.08,other,retail_simulated_bank
2023-08-16,pos/purchase/mortgage 901709,1663.05,other,retail_simulated_bank
2024-10-10,POS*PURCHASE*EGGS,55.21,groceries,retail_simulated_bank
2024-01-18,ONLINE PURCHASE MISC EXPENSE 315246,83.51,other,retail_simulated_bank
2023-05-24,CARD PMT RENT 8,829.82,other,retail_simulated_bank
2024-09-17,Pos Purchase Misc Expense,18.72,other,retail_simulated_bank
2023-08-09,pos purchase water bill 836408,217.48,other,retail_simulated_bank
2023-04-21,online purchase restaurant 695042,108.37,other,retail_simulated_bank
2024-10-10,pos purchase misc expense,9.84,other,retail_simulated_bank
2024-04-06,card payment online purchase,116.51,other,retail_simulated_bank
2024-05-31,Card Pmt Food Delivery 182988,89.63,other,retail_simulated_bank
2024-07-20,CARD-PAYMENT-INTERNET-BILL 949826,191.97,other,retail_simulated_bank
2024-06-04,card-payment-food-delivery 404126,73.99,other,retail_simulated_bank
2023-06-27,ONLINE PURCHASE ONLINE PURCHASE 535759,104.7,other,retail_simulated_bank
2024-09-12,CARD*PMT*RENT,1520.53,other,retail_simulated_bank
2024-09-15,FUEL-FUEL,64.54,transportation,retail_simulated_bank
2023-10-29,POS PURCHASE RENT,1949.03,other,retail_simulated_bank
2024-09-08,Card Pmt Restaurant,23.31,other,retail_simulated_bank
2023-11-18,Pos Purchase Mortgage,1366.93,other,retail_simulated_bank
2023-10-25,Online-Purchase-Rent,1473.83,other,retail_simulated_bank
2024-12-28,ONLINE PURCHASE MORTGAGE,785.74,other,retail_simulated_bank
2023-11-27,ONLINE PURCHASE RENT,1572.04,other,retail_simulated_bank
2024-08-19,Online Purchase Rent 194872,1387.19,other,retail_simulated_bank
2024-06-30,Card*Payment*Gym*Memb,28.6,other,retail_simulated_bank
2024-06-19,fuel-fuel 611791,121.82,transportation,retail_simulated_bank
2023-02-24,card payment milk 782269,58.99,groceries,retail_simulated_bank
2023-06-14,card pmt rent 281730,1650.26,other,retail_simulated_bank
2023-03-05,Card Payment Bus Pass 88606,24.52,transportation,retail_simulated_bank
2024-01-03,CARD PMT MORTGAGE 786048,1357.64,other,retail_simulated_bank
2024-11-22,Card Payment Misc Expense 345876,18.06,other,retail_simulated_bank
2023-09-01,CARD PMT RENT 80058,1385.78,other,retail_simulated_bank
2024-01-26,card payment gym membership 682017,28.26,other,retail_simulated_bank
2024-12-02,CARD PAYMENT FAST FOOD 510817,143.64,other,retail_simulated_bank
2023-09-15,transport payment uber ride,4.91,transportation,retail_simulated_bank
2024-12-22,POS-PURCHASE-INTERNET-BILL,230.53,other,retail_simulated_bank
2024-09-09,card pmt mortgage 653924,1365.26,other,retail_simulated_bank
2024-11-30,online-purchase-water-bill 536009,69.03,other,retail_simulated_bank
2024-06-10,CARD PAYMENT BREAD 955137,144.48,groceries,retail_simulated_bank
2023-10-13,CARD PAYMENT RICE,8.97,groceries,retail_simulated_bank
2023-09-19,card pmt spotify,25.44,other,retail_simulated_bank
2023-06-08,Card*Payment*Eggs,71.55,groceries,retail_simulated_bank
2024-09-03,POS-PURCHASE-BREAD 16489,139.51,groceries,retail_simulated_bank
2024-11-08,CARD*PMT*VEGETABLES 144728,93.49,groceries,retail_simulated_bank
2024-07-17,transport pmt fuel 45773,119.12,transportation,retail_simulated_bank
2023-11-22,CARD*PMT*UBER*RIDE,118.25,transportation,retail_simulated_bank
2024-06-01,card*payment*netflix 973978,23.22,other,retail_simulated_bank
2023-12-24,Card Payment Internet Bill,118.75,other,retail_simulated_bank
2023-10-28,Online Purchase Water Bill 611809,102.83,other,retail_simulated_bank
2024-10-26,POS/PURCHASE/INTERNET/BILL,211.21,other,retail_simulated_bank
2024-04-01,card-pmt-milk 129989,101.33,groceries,retail_simulated_bank
2023-11-25,POS PURCHASE WATER BILL 416622,180.16,other,retail_simulated_bank
2024-07-07,Pos/Purchase/Restaurant 283623,59.72,other,retail_simulated_bank
2024-01-19,pos purchase mortgage 947664,1323.61,other,retail_simulated_bank
2024-10-29,card/payment/gym/membership 792285,6.53,other,retail_simulated_bank
2023-06-21,CARD PAYMENT GAS BILL 193805,238.61,other,retail_simulated_bank
2023-08-04,CARD/PMT/ONLINE/PURCHASE 962181,95.16,other,retail_simulated_bank
2023-04-17,Online/Purchase/Rent 488696,1193.89,other,retail_simulated_bank
2024-12-03,ONLINE-PURCHASE-INTERNET-BILL,236.75,other,retail_simulated_bank
2023-03-31,Card Payment Electricity Bill,102.98,other,retail_simulated_bank
2023-09-15,POS*PURCHASE*MILK,29.16,groceries,retail_simulated_bank
2023-09-22,Online Purchase Netflix,12.97,other,retail_simulated_bank
2024-02-19,Pos Purchase Fast Food 211045,69.32,other,retail_simulated_bank
2024-11-20,ONLINE-PURCHASE-FAST-FOOD 143657,5.48,other,retail_simulated_bank
2024-09-25,Card Pmt Chicken,3.87,groceries,retail_simulated_bank
2024-12-18,pos purchase vegetables 877916,89.08,groceries,retail_simulated_bank
2024-05-29,Pos Purchase Online Purchase 666243,55.58,other,retail_simulated_bank
2023-11-05,card/payment/eggs 190290,118.67,groceries,retail_simulated_bank
2024-01-26,Online Purchase Netflix 200012,37.43,other,retail_simulated_bank
2023-06-10,Card Pmt Food Delivery 851461,7.53,other,retail_simulated_bank
2024-07-12,card pmt netflix 446129,18.68,other,retail_simulated_bank
2024-10-25,Card Pmt Train Ticke,46.81,transportation,retail_simulated_bank
2024-07-22,Transport-Payment-Uber-Ride,84.37,transportation,retail_simulated_bank
2024-02-08,Online Purchase Electricity Bill 63166,156.0,other,retail_simulated_bank
2023-12-19,Card Pmt Gym Membership,15.66,other,retail_simulated_bank
2023-05-26,POS PURCHASE INTERNET BILL 863259,217.32,other,retail_simulated_bank
2023-07-18,ONLINE PURCHASE WATER BILL,213.64,other,retail_simulated_bank
2024-08-03,Card Payment Bread,101.63,groceries,retail_simulated_bank
2024-07-16,Online-Purchase-Online-Purchase 33042,128.15,other,retail_simulated_bank
2023-10-25,Online-Purchase-Food-Delivery 376143,83.8,other,retail_simulated_bank
2024-08-17,pos-purchase-rent 44,876.38,other,retail_simulated_bank
2024-11-18,Online Purchase Fast Foo,55.5,other,retail_simulated_bank
2023-07-18,card/payment/rent 583100,1467.32,other,retail_simulated_bank
2024-09-23,card payment fuel 970972,69.24,transportation,retail_simulated_bank
2024-08-03,Pos Purchase Mortgage 716437,813.35,other,retail_simulated_bank
2023-06-22,Fuel*Bus*Pass,143.92,transportation,retail_simulated_bank
2023-08-15,Pos Purchase Eggs 400897,39.19,groceries,retail_simulated_bank
2024-11-26,ONLINE PURCHASE MORTGAGE 539749,1103.28,other,retail_simulated_bank
2024-01-03,Pos Purchase Mortgage 479257,1247.99,other,retail_simulated_bank
2023-04-22,Card-Payment-Misc-Expense,74.58,other,retail_simulated_bank
2023-05-24,POS*PURCHASE*ELECTRICITY*BILL,218.92,other,retail_simulated_bank
2023-03-20,card payment netflix 107079,36.02,other,retail_simulated_bank
2024-10-08,pos purchase rent,1789.42,other,retail_simulated_bank
2024-08-27,POS PURCHASE CHICKEN,88.1,groceries,retail_simulated_bank
2024-07-06,CARD PMT ELECTRICITY BILL 57407,149.56,other,retail_simulated_bank
2024-01-10,ONLINE PURCHASE FOOD DELIVE,116.95,other,retail_simulated_bank
2024-08-26,Card Payment Restaurant 175956,134.04,other,retail_simulated_bank
2023-04-03,online-purchase-mortgage 432432,1301.57,other,retail_simulated_bank
2024-11-09,ONLINE PURCHASE FAST FOOD 501726,76.82,other,retail_simulated_bank
2023-06-13,Card*Payment*Water*Bill 232009,60.88,other,retail_simulated_bank
2024-01-03,Online Purchase Water Bill 741888,136.37,other,retail_simulated_bank
2023-08-26,CARD PAYMENT BREAD,114.94,groceries,retail_simulated_bank
2023-02-13,POS PURCHASE EGGS,57.31,groceries,retail_simulated_bank
2024-02-02,Pos Purchase Rent 769,1708.04,other,retail_simulated_bank
2023-02-10,Online Purchase Fast,132.59,other,retail_simulated_bank
2024-10-10,online-purchase-mortgage 676761,1955.82,other,retail_simulated_bank
2023-09-27,pos purchase misc expense 609065,125.73,other,retail_simulated_bank
2024-01-23,Card Payment Gym Membership 141956,18.18,other,retail_simulated_bank
2024-01-21,CARD PMT UBER RIDE,78.95,transportation,retail_simulated_bank
2024-05-13,CARD PMT INTERNET BILL 812783,220.9,other,retail_simulated_bank
2023-01-07,card*pmt*misc*expense 538999,133.41,other,retail_simulated_bank
2024-06-10,CARD PMT NETFLIX 891100,13.05,other,retail_simulated_bank
2024-01-06,Card*Payment*Mortgage 129615,861.67,other,retail_simulated_bank
2024-02-29,Card*Payment*Gym*Membership,28.14,other,retail_simulated_bank
2024-05-08,Card Payment Misc Expense 881138,108.88,other,retail_simulated_bank
2024-10-24,Card*Payment*Mortgage 847720,1427.11,other,retail_simulated_bank
2023-02-14,Card Pmt Misc Expense 79,6.3,other,retail_simulated_bank
2024-08-09,Card Pmt Water Bill,142.78,other,retail_simulated_bank
2024-06-13,Pos Purchase Electricity Bill,232.94,other,retail_simulated_bank
2024-10-14,card pmt food delivery,145.48,other,retail_simulated_bank
2023-10-18,Card Pmt Vegetables 560824,110.01,groceries,retail_simulated_bank
2024-04-27,card*pmt*bread,69.03,groceries,retail_simulated_bank
2024-02-25,POS*PURCHASE*MISC*EXPENSE 920358,28.07,other,retail_simulated_bank
2023-07-06,Card Pmt Netflix,33.72,other,retail_simulated_bank
2024-12-03,CARD PAYMENT GYM MEMBERSHIP 98613,10.87,other,retail_simulated_bank
2023-03-12,TRANSPORT-PMT-FUEL 911156,90.69,transportation,retail_simulated_bank
2023-07-27,online purchase internet bill 939269,53.89,other,retail_simulated_bank
2024-09-12,CARD PMT GYM MEMBERSHIP,33.93,other,retail_simulated_bank
2024-09-21,Pos/Purchase/Bread 555391,72.95,groceries,retail_simulated_bank
2023-05-01,ONLINE PURCHASE NETFLIX 592522,23.6,other,retail_simulated_bank
2024-09-09,card payment rice,99.93,groceries,retail_simulated_bank
2024-10-26,Pos*Purchase*Netflix 693578,32.12,other,retail_simulated_bank
2023-02-14,Pos Purchase Food Delivery 659834,64.84,other,retail_simulated_bank
2024-01-26,ONLINE PURCHASE MORTGAGE,1723.22,other,retail_simulated_bank
2023-09-18,Transport/Pmt/Uber/Ride 414529,65.55,transportation,retail_simulated_bank
2023-03-27,POS PURCHASE RESTAURANT 931433,136.78,other,retail_simulated_bank
2023-01-06,TRANSPORT PAYMENT FUEL 639965,40.9,transportation,retail_simulated_bank
2023-01-08,Pos Purchase Rent,764.96,other,retail_simulated_bank
2023-11-20,card-pmt-food-delivery,33.2,other,retail_simulated_bank
2024-03-12,POS/PURCHASE/FAST/FOOD 926375,18.67,other,retail_simulated_bank
2024-08-01,card/payment/mortgage 371505,1350.55,other,retail_simulated_bank
2024-02-11,Card*Pmt*Bus*Pass,148.79,transportation,retail_simulated_bank
2024-07-24,card payment online purc,63.74,other,retail_simulated_bank
2024-07-22,Card Payment Restaurant 71576,57.42,other,retail_simulated_bank
2024-08-14,CARD*PMT*FAST*FOOD,148.31,other,retail_simulated_bank
2024-11-06,Transport Payment Fuel 555379,111.16,transportation,retail_simulated_bank
2024-12-17,Pos Purchase Vegetables,36.78,groceries,retail_simulated_bank
2023-12-13,POS PURCHASE ELECTRICITY BILL 775580,118.12,other,retail_simulated_bank
2024-10-13,Card Payment Online Purchase 634614,26.63,other,retail_simulated_bank
2024-04-27,pos purchase milk 575353,124.02,groceries,retail_simulated_bank
2024-01-15,POS PURCHASE SPOTIFY 148072,14.21,other,retail_simulated_bank
2024-01-29,Pos Purchase Chic,8.55,groceries,retail_simulated_bank
2023-10-21,Pos*Purchase*Food*Delivery,99.46,other,retail_simulated_bank
2024-10-17,Online Purchase Rent 124610,1748.32,other,retail_simulated_bank
2024-11-03,card/pmt/fast/food 332048,4.57,other,retail_simulated_bank
2024-09-05,card*payment*misc*expense 77324,31.63,other,retail_simulated_bank
2024-11-21,Card Pmt Gym Membership,26.53,other,retail_simulated_bank
2023-01-01,Pos*Purchase*Eggs,38.17,groceries,retail_simulated_bank
2023-12-28,Pos*Purchase*Electricity*Bill 852819,201.53,other,retail_simulated_bank
2023-01-16,Card Pmt Mortgage,880.43,other,retail_simulated_bank
2024-07-26,Pos Purchase Rent,1369.43,other,retail_simulated_bank
2023-08-20,ONLINE PURCHASE SPOTIFY 830644,33.54,other,retail_simulated_bank
2023-01-05,POS PURCHASE NETFLIX,19.14,other,retail_simulated_bank
2023-04-20,Card*Pmt*Train*Ticket,62.85,transportation,retail_simulated_bank
2023-04-30,pos-purchase-netflix 393973,16.9,other,retail_simulated_bank
2024-08-11,POS*PURCHASE*MISC*EXPENSE 145188,131.79,other,retail_simulated_bank
2024-07-30,Transport Pmt Fuel,145.01,transportation,retail_simulated_bank
2024-04-14,Online Purchase Restaurant 740128,114.35,other,retail_simulated_bank
2024-05-08,Card-Payment-Mortgage 49436,1806.83,other,retail_simulated_bank
2024-10-10,Pos Purchase Eggs,12.93,groceries,retail_simulated_bank
2023-08-24,Pos Purchase Online Purchase,102.51,other,retail_simulated_bank
2023-12-28,CARD PAYMENT MISC EXPENSE 199996,63.63,other,retail_simulated_bank
2023-09-12,POS PURCHASE GYM MEMBERSHIP,34.13,other,retail_simulated_bank
2023-12-17,transport pmt uber ride 147191,61.64,transportation,retail_simulated_bank
2024-05-02,POS PURCHASE CHICKEN 196427,139.92,groceries,retail_simulated_bank
2024-08-10,card payment bus pass 481516,35.13,transportation,retail_simulated_bank
2024-11-30,FUEL*TRAIN*TICKET 447136,142.23,transportation,retail_simulated_bank
2023-09-05,pos*purchase*internet*bill 77513,81.67,other,retail_simulated_bank
2023-07-27,ONLINE PURCHASE MISC EXPENSE,33.4,other,retail_simulated_bank
2023-12-31,CARD PAYMENT ONLINE PURCHASE,125.94,other,retail_simulated_bank
2024-11-10,Card Payment Electricity Bill 718602,47.27,other,retail_simulated_bank
2024-07-08,card/payment/food/deliver,3.97,other,retail_simulated_bank
2023-11-19,POS PURCHASE RICE,57.57,groceries,retail_simulated_bank
2024-05-17,Card Payment Food Delivery 47,130.71,other,retail_simulated_bank
2023-05-12,CARD*PAYMENT*GAS*BILL 828535,195.04,other,retail_simulated_bank
2024-05-04,card pmt chicken 742452,120.49,groceries,retail_simulated_bank
2024-12-03,Online/Purchase/Netflix,18.78,other,retail_simulated_bank
2023-05-04,card pmt online purchase 283930,70.21,other,retail_simulated_bank
2024-11-21,POS PURCHASE MORTGAGE 939526,611.79,other,retail_simulated_bank
2024-09-19,Online Purchase Internet Bill 356643,101.6,other,retail_simulated_bank
2023-09-27,Pos Purchase Misc Expen,30.51,other,retail_simulated_bank
2024-01-10,Card-Payment-Gas-Bill 842947,164.88,other,retail_simulated_bank
2024-01-17,ONLINE PURCHASE INTERNET BILL,122.2,other,retail_simulated_bank
2023-07-04,TRANSPORT PAYMENT FUEL,44.11,transportation,retail_simulated_bank
2023-04-13,POS/PURCHASE/NETFLIX,29.01,other,retail_simulated_bank
2024-01-26,POS PURCHASE MORTGAGE 124482,1377.48,other,retail_simulated_bank
2024-04-29,card pmt water bill 864978,192.48,other,retail_simulated_bank
2024-05-26,Card Pmt Online Purchase,28.96,other,retail_simulated_bank
2024-07-29,pos purchase gas bill,96.01,other,retail_simulated_bank
2024-12-08,Card Pmt Online Purchase,61.57,other,retail_simulated_bank
2024-10-06,Card Payment Electricity Bill 338803,85.94,other,retail_simulated_bank
2023-09-24,card pmt rice,112.46,groceries,retail_simulated_bank
2023-09-21,Card Payment Bus Pass 982865,85.37,transportation,retail_simulated_bank
2023-12-26,Transport Payment Uber Ride 549287,63.53,transportation,retail_simulated_bank
2024-10-27,online-purchase-online-purchase 644475,87.8,other,retail_simulated_bank
2023-11-29,online purchase rent,998.45,other,retail_simulated_bank
2023-03-22,Pos Purchase Mortgage,1225.7,other,retail_simulated_bank
2024-10-08,CARD PAYMENT FOOD DELIVERY 383493,45.12,other,retail_simulated_bank
2024-03-07,Pos-Purchase-Water-Bill 884445,234.28,other,retail_simulated_bank
2023-06-15,Online Purchase Mortgage 302356,699.88,other,retail_simulated_bank
2024-10-30,Fuel Train Ticket,49.08,transportation,retail_simulated_bank
2024-02-09,Transport Payment Bus Pass,91.99,transportation,retail_simulated_bank
2024-01-07,transport payment fuel,117.8,transportation,retail_simulated_bank
2023-01-24,ONLINE PURCHASE MORTGAGE 858348,857.44,other,retail_simulated_bank
2024-12-18,card pmt water bill,236.9,other,retail_simulated_bank
2023-04-08,CARD*PMT*RENT 2238,1155.86,other,retail_simulated_bank
2023-01-27,CARD/PAYMENT/RICE,83.62,groceries,retail_simulated_bank
2023-03-27,Online Purchase Misc Expense 649678,80.03,other,retail_simulated_bank
2023-03-28,POS PURCHASE EGGS,93.86,groceries,retail_simulated_bank
2023-10-18,Online Purchase Mortgage 522335,946.36,other,retail_simulated_bank
2024-06-23,Pos Purchase Food Delivery,21.58,other,retail_simulated_bank
2024-11-10,Pos Purchase Online Purchase 183614,7.2,other,retail_simulated_bank
2024-04-23,FUEL BUS PASS 324142,130.04,transportation,retail_simulated_bank
2023-05-19,Online Purchase Misc Expens,83.64,other,retail_simulated_bank
2024-10-13,online/purchase/rent 132673,1239.16,other,retail_simulated_bank
2023-11-14,POS PURCHASE SPOTIFY 833665,27.38,other,retail_simulated_bank
2023-04-02,FUEL FUEL,82.33,transportation,retail_simulated_bank
2023-09-24,card payment fast food 222177,56.77,other,retail_simulated_bank
2023-05-20,pos purchase gas bill 921688,145.13,other,retail_simulated_bank
2023-01-09,Transport*Payment*Bus*Pass 481175,71.97,transportation,retail_simulated_bank
2023-01-10,online purchase mortgage 422382,1267.89,other,retail_simulated_bank
2024-09-03,online purchase misc,120.3,other,retail_simulated_bank
2024-07-28,pos purchase electricity bill 389412,71.49,other,retail_simulated_bank
2024-10-23,ONLINE-PURCHASE-FAST-FOOD 971052,39.73,other,retail_simulated_bank
2023-03-23,Pos Purchase Fast Food,35.43,other,retail_simulated_bank
2024-09-19,pos purchase food delivery 96075,38.22,other,retail_simulated_bank
2024-06-28,Pos Purchase Misc Expense 481169,44.85,other,retail_simulated_bank
2023-03-12,card*pmt*misc*expense,63.7,other,retail_simulated_bank
2024-09-24,Online Purchase Water Bill,170.12,other,retail_simulated_bank
2024-05-18,Card Payment Fast Food 436257,105.97,other,retail_simulated_bank
2024-07-01,Online Purchase Gas Bill,40.92,other,retail_simulated_bank
2023-10-16,card-payment-bread 135527,145.93,groceries,retail_simulated_bank
2023-01-09,fuel train ticket 520456,108.13,transportation,retail_simulated_bank
2023-12-17,card/pmt/electricity/bill,138.59,other,retail_simulated_bank
2024-05-25,Online-Purchase-Fast-Food,118.5,other,retail_simulated_bank
2023-02-02,transport payment fuel 141459,105.45,transportation,retail_simulated_bank
2023-05-30,TRANSPORT PMT UBER RIDE 721855,127.0,transportation,retail_simulated_bank
2023-03-15,Card Pmt Eggs 50352,117.02,groceries,retail_simulated_bank
2023-09-14,ONLINE PURCHASE SPOTIFY 98,36.35,other,retail_simulated_bank
2023-05-05,ONLINE/PURCHASE/MISC/EXPENSE,124.75,other,retail_simulated_bank
2024-03-29,Card Pmt Online Purchase 555274,59.57,other,retail_simulated_bank
2023-04-07,online-purchase-electricity-bill 299955,191.77,other,retail_simulated_bank
2024-11-28,pos purchase gym members,21.55,other,retail_simulated_bank
2023-02-13,Transport Payment Bus Pass,26.32,transportation,retail_simulated_bank
2023-07-23,POS PURCHASE RENT,1493.93,other,retail_simulated_bank
2023-08-12,transport/pmt/uber/ride,129.96,transportation,retail_simulated_bank
2023-11-29,card pmt bread 722509,96.04,groceries,retail_simulated_bank
2024-08-21,POS PURCHASE BREAD,119.78,groceries,retail_simulated_bank
2023-01-10,CARD PMT RICE 258367,119.0,groceries,retail_simulated_bank
2024-05-01,CARD PAYMENT CHICKEN 264724,118.17,groceries,retail_simulated_bank
2023-06-11,card pmt rent 183847,725.27,other,retail_simulated_bank
2023-12-13,CARD*PAYMENT*RE,103.83,other,retail_simulated_bank
2024-10-22,POS/PURCHASE/ONLINE/PURCHASE 446677,11.79,other,retail_simulated_bank
2024-07-25,CARD PAYMENT ELECTRICITY BILL 736523,81.19,other,retail_simulated_bank
2024-03-25,POS PURCHASE MISC EXPENSE 282366,121.41,other,retail_simulated_bank
2023-05-18,POS PURCHASE RENT,1128.88,other,retail_simulated_bank
2024-03-24,FUEL-UBER-RIDE 540307,74.34,transportation,retail_simulated_bank
2024-08-03,CARD/PAYMENT/SPOTIFY 8318,22.15,other,retail_simulated_bank
2024-09-05,POS PURCHASE GAS BILL,133.05,other,retail_simulated_bank
2023-06-08,Card Pmt Online Purchase,13.12,other,retail_simulated_bank
2024-07-08,POS PURCHASE FAST FOOD,123.45,other,retail_simulated_bank
2024-10-15,card pmt fuel,3.11,transportation,retail_simulated_bank
2024-09-26,Card Pmt Spotify,35.9,other,retail_simulated_bank
2023-09-02,Card Payment Misc Expense 274273,117.07,other,retail_simulated_bank
2024-07-05,Transport/Payment/Uber/Ride 209650,99.77,transportation,retail_simulated_bank
2024-11-30,Online Purchase Misc Expense,30.91,other,retail_simulated_bank
2023-10-17,ONLINE/PURCHASE/FOOD/DELIVERY,25.66,other,retail_simulated_bank
2023-04-24,Card Pmt Fuel,97.21,transportation,retail_simulated_bank
2023-02-14,CARD PMT CHICKEN 895265,99.86,groceries,retail_simulated_bank
2023-02-02,CARD PAYMENT ONLINE PURCHASE 677276,29.26,other,retail_simulated_bank
2024-08-07,ONLINE PURCHASE ELECTRICITY BILL,51.73,other,retail_simulated_bank
2024-12-19,Card Pmt Mortgage,1336.15,other,retail_simulated_bank
2023-03-14,online*purchase*spotify 237726,12.73,other,retail_simulated_bank
2023-03-23,pos-purchase-bread 975905,99.4,groceries,retail_simulated_bank
2024-07-25,POS*PURCHASE*FOOD*DELIVERY,11.92,other,retail_simulated_bank
2023-03-01,Card Pmt Mortgage,1711.95,other,retail_simulated_bank
2023-03-14,Card*Payment*Misc*Expense 2833,80.77,other,retail_simulated_bank
2023-08-10,Pos/Purchase/Misc/Expense,14.46,other,retail_simulated_bank
2024-01-30,Card Payment Netflix,13.09,other,retail_simulated_bank
2024-10-02,ONLINE PURCHASE WATER BILL 22775,84.73,other,retail_simulated_bank
2024-08-13,Online Purchase Internet Bill 488425,198.58,other,retail_simulated_bank
2024-03-13,Fuel/Fuel 642043,106.27,transportation,retail_simulated_bank
2024-07-17,Card Pmt Bread 185871,119.49,groceries,retail_simulated_bank
2023-06-11,POS PURCHASE FOOD DELIVERY 719373,52.61,other,retail_simulated_bank
2023-11-19,ONLINE PURCHASE GYM MEMBERSHIP,17.33,other,retail_simulated_bank
2024-10-10,CARD PAYMENT SPOTIFY 186039,19.43,other,retail_simulated_bank
2023-09-04,CARD PMT FOOD DELIVERY 574047,50.55,other,retail_simulated_bank
2023-09-18,Card Pmt Gym Membership,31.8,other,retail_simulated_bank
2024-02-11,FUEL FUEL 889969,68.78,transportation,retail_simulated_bank
2023-10-19,POS PURCHASE VEGETAB,8.1,groceries,retail_simulated_bank
2023-11-06,CARD PAYMENT N,39.77,other,retail_simulated_bank
2023-08-08,card pmt eggs,147.71,groceries,retail_simulated_bank
2024-12-07,POS-PURCHASE-MISC-EXPENSE 471669,6.19,other,retail_simulated_bank
2024-06-07,Card Pmt Misc Expense 879678,138.11,other,retail_simulated_bank
2023-02-08,pos purchase gym membership,10.42,other,retail_simulated_bank
2023-09-29,pos purchase fast food,25.95,other,retail_simulated_bank
2023-11-04,Card Payment Train Ticket 688920,37.25,transportation,retail_simulated_bank
2023-08-11,card payment chicken 836654,61.77,groceries,retail_simulated_bank
2023-06-27,Pos Purchase Rent 60669,1710.07,other,retail_simulated_bank
2023-04-08,ONLINE PURCHASE FOOD DELIVERY,106.32,other,retail_simulated_bank
2024-08-13,ONLINE*PURCHASE*GYM*MEMBERSHI,30.58,other,retail_simulated_bank
2023-12-09,Online-Purchase-Resta,117.68,other,retail_simulated_bank
2023-05-04,Transport Payment Fuel 607329,64.23,transportation,retail_simulated_bank
2024-09-08,card pmt online p,112.91,other,retail_simulated_bank
2024-01-27,POS PURCHASE VEGETABLES 890754,117.28,groceries,retail_simulated_bank
2023-11-23,CARD PAYMENT EGGS,80.08,groceries,retail_simulated_bank
2023-08-15,Card-Payment-Gym-Membership 221597,22.58,other,retail_simulated_bank
2024-04-01,Card*Payment*Electricity*Bil,249.42,other,retail_simulated_bank
2023-10-24,Card Payment Online Purchase 278467,35.65,other,retail_simulated_bank
2023-12-11,card*payment*misc*expense,24.76,other,retail_simulated_bank
2023-02-20,Card Payment Rice,87.0,groceries,retail_simulated_bank
2024-03-20,Card*Pmt*Spotify,18.95,other,retail_simulated_bank
2024-05-07,ONLINE PURCHASE ONLINE PURCHASE,115.02,other,retail_simulated_bank
2023-07-20,ONLINE-PURCHASE-NETFLIX 132938,27.83,other,retail_simulated_bank
2023-09-06,online purchase gym membership,23.35,other,retail_simulated_bank
2023-11-28,pos-purchase-eggs 104879,117.19,groceries,retail_simulated_bank
2024-01-10,pos-purchase-rent 353971,1179.01,other,retail_simulated_bank
2024-08-31,card payment train ticket,50.15,transportation,retail_simulated_bank
2023-12-25,Online Purchase Rent 224319,836.96,other,retail_simulated_bank
2023-08-28,Online Purchase Spotify 153873,20.42,other,retail_simulated_bank
2023-03-29,ONLINE PURCHASE GAS BILL 432281,190.27,other,retail_simulated_bank
2024-09-27,card*payment*vegetables 312056,11.02,groceries,retail_simulated_bank
2023-04-24,Pos Purchase Gas Bill 742942,182.63,other,retail_simulated_bank
2023-12-06,CARD PMT FUEL 651804,72.26,transportation,retail_simulated_bank
2023-09-22,Online*Purchase*Water*Bill,145.12,other,retail_simulated_bank
2024-12-12,POS PURCHASE SPOTIFY 432203,39.73,other,retail_simulated_bank
2024-06-23,Online Purchase Rent 346621,1868.46,other,retail_simulated_bank
2023-10-18,CARD/PMT/EGGS 20680,28.04,groceries,retail_simulated_bank
2023-01-09,Pos Purchase Gas Bill 856445,174.05,other,retail_simulated_bank
2024-11-09,pos*purchase*rice 571481,100.07,groceries,retail_simulated_bank
2023-01-20,pos purchase misc expense 625468,130.05,other,retail_simulated_bank
2024-01-25,Transport Payment Fuel,36.98,transportation,retail_simulated_bank
2024-09-03,ONLINE PURCHASE GYM MEMBERSHIP 970221,16.04,other,retail_simulated_bank
2024-04-13,Card Pmt Netflix,22.52,other,retail_simulated_bank
2024-06-26,Pos Purchase Gym Membership,13.66,other,retail_simulated_bank
2023-06-10,transport/payment/bus/pass,75.02,transportation,retail_simulated_bank
2023-12-30,Card Pmt Eggs 375100,103.59,groceries,retail_simulated_bank
2024-05-28,CARD/PMT/MORTGAGE 598660,1969.54,other,retail_simulated_bank
2024-02-01,Card Pmt Uber Ride 535382,94.99,transportation,retail_simulated_bank
2023-10-14,Online Purchase Online Purchase,141.79,other,retail_simulated_bank
2023-05-21,CARD-PMT-WATE,116.43,other,retail_simulated_bank
2024-11-25,Pos Purchase Vegetables,59.18,groceries,retail_simulated_bank
2024-08-09,online purchase gym member,19.61,other,retail_simulated_bank
2023-12-04,POS PURCHASE INTERNET BILL,230.14,other,retail_simulated_bank
2024-10-30,pos purchase food delivery 874033,22.37,other,retail_simulated_bank
2024-12-23,online purchase water bill 5429,97.98,other,retail_simulated_bank
2023-05-29,pos*purchase*netflix,36.82,other,retail_simulated_bank
2023-05-02,POS PURCHASE RENT,1380.28,other,retail_simulated_bank
2023-01-31,card pmt gas bill 864091,62.02,other,retail_simulated_bank
2024-02-28,Online Purchase Misc Expense 676899,132.38,other,retail_simulated_bank
2024-10-14,Online Purchase Fast Food,68.12,other,retail_simulated_bank
2023-05-15,Pos Purchase Mortgage,863.11,other,retail_simulated_bank
2023-10-01,Card Payment Electricity Bill,164.64,other,retail_simulated_bank
2023-08-25,POS PURCHASE GYM MEMBERSHIP,25.87,other,retail_simulated_bank
2024-05-03,Pos Purchase Rent 974339,1563.4,other,retail_simulated_bank
2024-02-01,card pmt internet bill,112.27,other,retail_simulated_bank
2023-07-17,card pmt fast food,23.21,other,retail_simulated_bank
2023-10-04,online purchase electricity bill 285649,243.14,other,retail_simulated_bank
2023-07-27,online purchase restaurant,112.13,other,retail_simulated_bank
2024-03-25,ONLINE PURCHASE ONLINE PURCHASE 647832,12.72,other,retail_simulated_bank
2024-04-13,Online Purchase Misc Expense,104.12,other,retail_simulated_bank
2024-01-25,Pos Purchase Internet Bill 331535,39.2,other,retail_simulated_bank
2024-08-08,pos purchase mortgage 280600,1914.79,other,retail_simulated_bank
2023-02-09,CARD PAYMENT GYM MEMBERSHIP 308167,35.65,other,retail_simulated_bank
2023-02-13,CARD/PMT/NETFLIX 414215,33.95,other,retail_simulated_bank
2024-02-01,POS PURCHASE INTERNET BILL 646582,38.64,other,retail_simulated_bank
2024-03-26,Card Pmt Gym Membership,11.64,other,retail_simulated_bank
2023-10-20,Online Purchase Fast Food,116.73,other,retail_simulated_bank
2024-09-19,POS PURCHASE RESTAURANT,65.1,other,retail_simulated_bank
2023-05-26,CARD/PMT/VEGETABLES 409702,78.99,groceries,retail_simulated_bank
2024-05-27,CARD-PAYMENT-FOOD-DELIVERY,69.4,other,retail_simulated_bank
2024-12-13,Pos*Purchase*Bread,117.47,groceries,retail_simulated_bank
2023-01-26,Online*Purchase*Netflix 14305,16.32,other,retail_simulated_bank
2023-07-26,online purchase internet bill 8073,186.78,other,retail_simulated_bank
2024-12-09,Card/Payment/Restaurant 484516,39.76,other,retail_simulated_bank
2023-04-27,Online*Purchase*Rent,772.96,other,retail_simulated_bank
2024-12-25,pos purchase mortgage,719.43,other,retail_simulated_bank
2024-06-07,Card Payment Food Delivery 167388,119.29,other,retail_simulated_bank
2023-06-24,online purchase netflix,18.32,other,retail_simulated_bank
2023-05-29,fuel train ticket 255896,26.83,transportation,retail_simulated_bank
2024-04-01,Pos/Purchase/Electricity/Bill 6042,98.09,other,retail_simulated_bank
2023-05-15,transport payment train ticket 438872,20.28,transportation,retail_simulated_bank
2024-04-14,Card Pmt Electricity Bill 766877,85.68,other,retail_simulated_bank
2023-01-06,CARD PAYMENT FAST FOOD,82.89,other,retail_simulated_bank
2024-05-02,pos purchase spotify 238960,25.61,other,retail_simulated_bank
2024-09-07,CARD PAYMENT FAST FOOD,67.96,other,retail_simulated_bank
2024-09-26,CARD PAYMENT NETFLIX,24.16,other,retail_simulated_bank
2024-10-30,CARD PAYMENT RENT 329421,807.56,other,retail_simulated_bank
2023-02-03,fuel uber ride,24.37,transportation,retail_simulated_bank
2023-04-22,POS/PURCHASE/MORTGAGE 78378,722.78,other,retail_simulated_bank
2023-10-19,POS PURCHASE RESTAURANT 39442,26.72,other,retail_simulated_bank
2024-07-29,online purchase gym me,25.82,other,retail_simulated_bank
2023-02-06,Online Purchase Inter,109.24,other,retail_simulated_bank
2024-01-24,card payment eggs 259803,50.45,groceries,retail_simulated_bank
2024-07-17,ONLINE*PURCHASE*ONLINE*PURCHASE 187110,114.49,other,retail_simulated_bank
2023-05-05,CARD PAYMENT EGGS 672946,72.21,groceries,retail_simulated_bank
2023-08-03,ONLINE-PURCHASE-MORTGAGE 418354,1179.26,other,retail_simulated_bank
2024-10-06,card pmt rent,753.02,other,retail_simulated_bank
2024-12-24,POS PURCHASE NETFLIX,29.1,other,retail_simulated_bank
2023-11-21,TRANSPORT-PAYMENT-FUEL 365462,92.5,transportation,retail_simulated_bank
2024-09-21,Fuel-Bus-Pass,139.28,transportation,retail_simulated_bank
2024-05-19,Online Purchase Spotify 605857,27.12,other,retail_simulated_bank
2023-08-27,Online Purchase Online Purchase 489353,132.9,other,retail_simulated_bank
2023-01-25,Online Purchase Mortgage 221875,602.21,other,retail_simulated_bank
2023-08-01,Online Purchase Food Delivery 870537,120.12,other,retail_simulated_bank
2023-12-08,Pos Purchase Misc Expens,63.86,other,retail_simulated_bank
2023-07-26,TRANSPORT PAYMENT TRAIN TICKET,4.66,transportation,retail_simulated_bank
2023-11-04,Online Purchase Mortgage 143837,694.97,other,retail_simulated_bank
2024-12-03,card pmt gym membership 901899,5.21,other,retail_simulated_bank
2024-08-05,Fuel Bus Pass 129317,61.22,transportation,retail_simulated_bank
2023-12-13,Pos Purchase Netflix 809921,11.79,other,retail_simulated_bank
2024-10-23,pos purchase mortgage,1716.16,other,retail_simulated_bank
2024-07-03,Card-Pmt-Internet-Bill 281492,131.34,other,retail_simulated_bank
2024-02-28,transport-pmt-fuel,118.25,transportation,retail_simulated_bank
2024-11-25,Card Payment Rent 884946,1019.08,other,retail_simulated_bank
2024-12-02,CARD PMT UBER RIDE,33.61,transportation,retail_simulated_bank
2023-06-02,CARD*PMT*BUS*PASS,12.73,transportation,retail_simulated_bank
2024-01-20,Fuel Uber Ride 171336,52.86,transportation,retail_simulated_bank
2024-09-01,pos/purchase/rent,1145.39,other,retail_simulated_bank
2023-11-19,Pos Purchase Eggs,106.67,groceries,retail_simulated_bank
2023-09-01,Online Purchase Rent 509785,721.52,other,retail_simulated_bank
2023-11-06,Fuel Fuel,124.93,transportation,retail_simulated_bank
2023-02-08,Online Purchase Gas Bill 690314,112.33,other,retail_simulated_bank
2024-03-30,online purchase online purchase 313991,137.26,other,retail_simulated_bank
2023-06-07,Online/Purchase/Netflix 941649,36.67,other,retail_simulated_bank
2024-06-20,POS-PURCHASE-GAS-BILL 841064,191.14,other,retail_simulated_bank
2023-04-11,transport*payment*bus*pass 362317,24.06,transportation,retail_simulated_bank
2023-02-07,pos*purchase*online*purchase 296473,33.16,other,retail_simulated_bank
2024-06-18,POS PURCHASE FAST FOOD,107.91,other,retail_simulated_bank
2023-02-15,card/pmt/milk 373104,48.71,groceries,retail_simulated_bank
2023-04-16,POS*PURCHASE*RENT 970224,1844.86,other,retail_simulated_bank
2023-11-16,Pos Purchase Gym Membership,5.79,other,retail_simulated_bank
2023-10-11,Online-Purchase,869.56,other,retail_simulated_bank
2023-10-07,CARD PMT SPOTIFY 586360,28.49,other,retail_simulated_bank
2024-09-29,online purchase water bill 613968,33.36,other,retail_simulated_bank
2024-07-16,CARD PMT GYM MEMBERSHIP 197371,23.99,other,retail_simulated_bank
2024-12-22,CARD PAYMENT BUS PASS,23.81,transportation,retail_simulated_bank
2023-06-25,ONLINE PURCHASE MISC EXPENSE 126922,87.39,other,retail_simulated_bank
2023-12-13,Pos Purchase Eggs,93.15,groceries,retail_simulated_bank
2024-11-22,ONLINE PURCHASE SPOTIFY 263320,6.01,other,retail_simulated_bank
2023-03-30,Card Payment Milk,59.39,groceries,retail_simulated_bank
2024-09-02,Online Purchase Fast Food,29.31,other,retail_simulated_bank
2024-09-23,CARD PMT GYM MEMBERSHIP 599957,29.48,other,retail_simulated_bank
2023-07-22,card pmt bus pass 970027,51.85,transportation,retail_simulated_bank
2024-04-21,Card-Pmt-Rent 166424,1658.04,other,retail_simulated_bank
2024-12-16,ONLINE/PURCHASE/NETFLIX 943954,33.08,other,retail_simulated_bank
2024-12-01,Pos*Purchase*Restaurant 631735,69.97,other,retail_simulated_bank
2023-05-28,CARD PAYMENT MORTGAGE 34,1926.43,other,retail_simulated_bank
2024-02-06,Online Purchase Misc Expense,137.19,other,retail_simulated_bank
2024-04-09,Card Pmt Gas Bill,224.13,other,retail_simulated_bank
2023-04-26,card payment restaurant 230444,12.61,other,retail_simulated_bank
2023-06-24,fuel fuel 900619,70.8,transportation,retail_simulated_bank
2023-05-11,card payment bus pass,91.85,transportation,retail_simulated_bank
2023-04-20,Online Purchase Netflix 809603,30.0,other,retail_simulated_bank
2024-06-29,Transport Payment Uber Ride,119.49,transportation,retail_simulated_bank
2023-09-02,Card*Payment*Fast*Food 215181,89.81,other,retail_simulated_bank
2024-01-29,Pos Purchase Netflix 940321,39.09,other,retail_simulated_bank
2024-12-11,Card Pmt Eggs 144666,33.61,groceries,retail_simulated_bank
2023-12-17,card pmt spotify 299451,20.24,other,retail_simulated_bank
2023-03-21,CARD PMT GYM MEMBERSHIP 555499,28.19,other,retail_simulated_bank
2023-11-30,ONLINE PURCHASE MORTGAGE 644958,1434.51,other,retail_simulated_bank
2024-02-20,pos purchase net,11.17,other,retail_simulated_bank
2024-09-02,CARD PMT CHICKEN 621328,18.99,groceries,retail_simulated_bank
2024-10-22,card payment misc expense,51.13,other,retail_simulated_bank
2024-08-17,Online*Purchase*Rent,1743.85,other,retail_simulated_bank
2024-11-07,ONLINE PURCHASE ONLINE PURCHASE,114.29,other,retail_simulated_bank
2024-08-14,ONLINE PURCHASE INTERNET BILL 292308,115.8,other,retail_simulated_bank
2023-11-21,ONLINE PURCHASE RESTAURANT,33.23,other,retail_simulated_bank
2024-03-21,Card*Payment*Bus*Pass,138.02,transportation,retail_simulated_bank
2024-09-18,CARD/PMT/MORTGAGE 313602,1415.82,other,retail_simulated_bank
2023-03-05,card pmt spotify,34.84,other,retail_simulated_bank
2024-07-27,Fuel Uber Ride,3.12,transportation,retail_simulated_bank
2023-10-16,Pos Purchase Misc Expense 625226,19.13,other,retail_simulated_bank
2024-12-20,online purchase online purchase,37.58,other,retail_simulated_bank
2024-02-20,POS PURCHASE SPOTIFY 124604,29.91,other,retail_simulated_bank
2024-11-09,Pos Purchase Fast,83.13,other,retail_simulated_bank
2024-01-04,Card/Payment/Internet,152.19,other,retail_simulated_bank
2024-11-17,Card*Pmt*Misc,25.68,other,retail_simulated_bank
2023-05-28,Card Pmt Wate,172.65,other,retail_simulated_bank
2023-05-20,POS PURCHASE MORTGAGE 922753,1964.97,other,retail_simulated_bank
2024-03-01,Card Payment Bread 559123,97.41,groceries,retail_simulated_bank
2024-12-13,Pos Purchase Misc Expense,134.36,other,retail_simulated_bank
2024-03-10,Card Payment Spotify 1,20.9,other,retail_simulated_bank
2024-03-10,CARD/PAYMENT/SPOTIFY,12.9,other,retail_simulated_bank
2023-08-31,CARD-PAYMENT-NETFLIX 776732,34.64,other,retail_simulated_bank
2024-01-11,Online Purchase Mortgage 908892,1364.63,other,retail_simulated_bank
2024-12-22,POS PURCHASE MILK 65273,86.52,groceries,retail_simulated_bank
2024-12-08,transport payment uber ride 737720,88.3,transportation,retail_simulated_bank
2024-06-23,card payment bread 777071,110.34,groceries,retail_simulated_bank
2023-03-22,POS PURCHASE MISC EXPENSE,71.35,other,retail_simulated_bank
2024-11-10,Pos Purchase Gym Membership,21.54,other,retail_simulated_bank
2024-08-16,online purchase rent 399595,1354.88,other,retail_simulated_bank
2024-07-01,TRANSPORT PAYMENT UBER RIDE,135.83,transportation,retail_simulated_bank
2024-06-08,Card Payment Online Purchase 592022,71.92,other,retail_simulated_bank
2024-03-07,POS PURCHASE FOOD DELIVERY 311806,110.87,other,retail_simulated_bank
2023-02-06,Fuel Bus Pass 742322,45.51,transportation,retail_simulated_bank
2023-03-04,CARD-PMT-MORTGAGE 865604,1389.19,other,retail_simulated_bank
2024-11-03,card payment mortgage 708795,1402.0,other,retail_simulated_bank
2023-03-26,Fuel/Uber/Ride,45.16,transportation,retail_simulated_bank
2023-05-16,Card Payment Electricity Bill 642173,91.13,other,retail_simulated_bank
2023-04-25,Online*Purchase*Spotify,13.99,other,retail_simulated_bank
2024-11-05,pos*purchase*netflix 429762,30.86,other,retail_simulated_bank
2023-09-25,Pos Purchase Fast Food,121.75,other,retail_simulated_bank
2024-06-24,online purchase online purchase 846674,74.28,other,retail_simulated_bank
2023-03-28,Online Purchase Online Purchase,53.4,other,retail_simulated_bank
2024-02-27,card payment water bill,195.61,other,retail_simulated_bank
2024-03-26,POS/PURCHASE/MISC/EXPENSE 295666,37.98,other,retail_simulated_bank
2023-12-20,pos purchase rent 372957,1628.11,other,retail_simulated_bank
2023-04-29,CARD*PMT*VEGETABLES 202965,41.87,groceries,retail_simulated_bank
2024-05-02,Card Payment Bread 321190,71.21,groceries,retail_simulated_bank
2024-06-29,fuel fuel,112.68,transportation,retail_simulated_bank
2023-09-26,Online Purchase Internet Bill 297125,115.82,other,retail_simulated_bank
2024-04-04,Card Payment Internet Bill,233.99,other,retail_simulated_bank
2024-06-26,CARD PAYMENT FOOD DELIVERY 262472,49.41,other,retail_simulated_bank
2023-12-29,card*pmt*rent,1343.81,other,retail_simulated_bank
2024-10-29,Online Purchase Misc Expense,92.74,other,retail_simulated_bank
2023-10-01,CARD PAYMENT MISC EXPENSE,52.24,other,retail_simulated_bank
2024-08-21,pos-purchase-online-purchase 733732,40.54,other,retail_simulated_bank
2023-09-05,online/purchase/fast/food,116.65,other,retail_simulated_bank
2023-07-04,CARD PMT RENT 863106,1548.81,other,retail_simulated_bank
2023-03-11,Fuel Uber Ride 813131,101.9,transportation,retail_simulated_bank
2023-04-17,card*payment*rice 360125,17.36,groceries,retail_simulated_bank
2023-09-15,ONLINE PURCHASE MORTGAGE,1615.35,other,retail_simulated_bank
2024-08-31,pos purchase electricity bill,50.23,other,retail_simulated_bank
2024-12-26,Online Purchase Rent 338844,1493.32,other,retail_simulated_bank
2023-05-14,Pos Purchase Milk,128.9,groceries,retail_simulated_bank
2024-10-25,Pos*Purchase*Food*Delive,115.29,other,retail_simulated_bank
2023-09-17,Card Payment Netflix,29.35,other,retail_simulated_bank
2023-03-19,Fuel Fuel 654527,100.09,transportation,retail_simulated_bank
2024-03-13,online purchase mortgage,986.94,other,retail_simulated_bank
2023-10-11,Online Purchase Mortgage 118288,1693.02,other,retail_simulated_bank
2023-12-07,online purchase online purcha,59.27,other,retail_simulated_bank
2023-09-29,pos purchase eggs 973569,143.47,groceries,retail_simulated_bank
2023-07-25,Online Purchase Internet Bill 317787,245.47,other,retail_simulated_bank
2023-05-28,pos purchase spotify 228458,22.22,other,retail_simulated_bank
2024-03-28,card pmt spotify 472751,27.52,other,retail_simulated_bank
2024-08-08,card pmt mortgage,702.09,other,retail_simulated_bank
2024-05-24,Pos Purchase Mortgage 580124,626.27,other,retail_simulated_bank
2023-09-30,Online Purchase Electricity Bill,176.21,other,retail_simulated_bank
2024-06-11,online purchase gas bill,156.42,other,retail_simulated_bank
2023-03-13,pos purchase mortgage 741431,1165.48,other,retail_simulated_bank
2024-05-08,Card Pmt Netfl,38.4,other,retail_simulated_bank
2024-01-03,Card Pmt Chicken 943574,81.69,groceries,retail_simulated_bank
2024-10-09,Transport Payment Bus Pass,61.89,transportation,retail_simulated_bank
2023-12-15,Card Payment Rent,1794.68,other,retail_simulated_bank
2023-10-24,card payment rice,114.79,groceries,retail_simulated_bank
2024-01-29,POS PURCHASE RENT 905084,655.06,other,retail_simulated_bank
2023-04-20,Online/Purchase/Rent 243117,1146.15,other,retail_simulated_bank
2024-03-24,online purchase mortgage 817060,1839.3,other,retail_simulated_bank
2024-08-30,Online Purchase Rent 74662,870.33,other,retail_simulated_bank
2024-10-20,Online Purchase Internet Bill 626887,204.4,other,retail_simulated_bank
2024-04-05,transport pmt fuel,81.49,transportation,retail_simulated_bank
2023-12-12,Pos Purchase Milk,52.87,groceries,retail_simulated_bank
2023-08-05,ONLINE PURCHASE ONLINE PURCHASE 934266,62.61,other,retail_simulated_bank
2024-07-03,Card Payment Misc Expense,141.19,other,retail_simulated_bank
2023-05-25,Card Pmt Water Bill 648561,38.11,other,retail_simulated_bank
2024-09-25,card/pmt/food/delivery,5.8,other,retail_simulated_bank
2023-05-14,pos purchase bread 359124,106.09,groceries,retail_simulated_bank
2023-11-11,Card Payment Bread 728636,96.0,groceries,retail_simulated_bank
2023-06-24,Pos Purchase Online Purc,70.06,other,retail_simulated_bank
2023-04-19,Card Payment Online Purchase 487432,123.22,other,retail_simulated_bank
2024-09-22,pos purchase rice,90.46,groceries,retail_simulated_bank
2024-11-25,pos*purchase*electricity*bill 822809,123.77,other,retail_simulated_bank
2024-12-01,Card Payment Fast Food,20.76,other,retail_simulated_bank
2023-08-07,POS-PURCHASE-GYM-MEMBERSHIP 5141,34.27,other,retail_simulated_bank
2023-12-10,POS PURCHASE ONLINE PURCHASE 270641,90.18,other,retail_simulated_bank
2024-03-01,CARD PAYMENT MILK,43.26,groceries,retail_simulated_bank
2024-08-18,Online/Purchase/Gas/Bill,126.51,other,retail_simulated_bank
2024-10-09,pos purchase bread 414041,17.7,groceries,retail_simulated_bank
2024-05-13,Pos Purchase Spotify,5.55,other,retail_simulated_bank
2023-04-02,Card*Payment*Milk,4.06,groceries,retail_simulated_bank
2024-05-02,Card-Pmt-Mortgage 468095,1730.38,other,retail_simulated_bank
2024-06-19,pos-purchase-rent 861408,1495.76,other,retail_simulated_bank
2023-06-28,Pos*Purchase*Fast*Food 850036,38.17,other,retail_simulated_bank
2024-05-26,pos purchase gym membership 229666,11.3,other,retail_simulated_bank
2023-12-23,ONLINE PURCHASE NETFLIX,32.39,other,retail_simulated_bank
2023-07-16,CARD-PMT-RESTAURANT 394727,84.98,other,retail_simulated_bank
2024-09-25,Pos Purchase Chicken 75015,146.59,groceries,retail_simulated_bank
2024-10-03,card pmt train ticket,71.24,transportation,retail_simulated_bank
2023-06-02,Online Purchase Rent 365349,871.21,other,retail_simulated_bank
2023-02-14,ONLINE PURCHASE MORTGAGE 288467,823.66,other,retail_simulated_bank
2023-08-03,Card Pmt Vegetables 945536,56.54,groceries,retail_simulated_bank
2024-04-09,Pos Purchase Fast Food 206295,52.14,other,retail_simulated_bank
2024-07-04,Card Payment Milk 236222,111.84,groceries,retail_simulated_bank
2023-04-29,Pos-Purchase-Water-Bill 217460,136.71,other,retail_simulated_bank
2024-08-29,CARD PAYMENT BREAD 107600,109.05,groceries,retail_simulated_bank
2023-11-30,Pos Purchase Spotify,31.15,other,retail_simulated_bank
2024-02-27,Online Purchase Electricity Bill,51.57,other,retail_simulated_bank
2023-08-14,CARD PAYMENT ONLINE PURCHASE 196638,58.2,other,retail_simulated_bank
2023-02-25,card pmt rice 76,89.01,groceries,retail_simulated_bank
2024-09-16,card payment restaurant 637801,34.78,other,retail_simulated_bank
2023-05-20,pos purchase restaurant 587190,59.94,other,retail_simulated_bank
2024-01-03,pos*purchase*food*delivery 652294,31.54,other,retail_simulated_bank
2023-02-02,Fuel Train Ticket,52.38,transportation,retail_simulated_bank
2024-04-21,Pos-Purchase-Rent 701437,755.55,other,retail_simulated_bank
2023-12-18,CARD PMT FAST FOOD 91650,28.17,other,retail_simulated_bank
2024-10-15,Online Purchase Gas Bill,203.7,other,retail_simulated_bank
2023-08-24,Online/Purchase/Netflix,24.35,other,retail_simulated_bank
2024-05-15,Card-Pmt-Rice,128.98,groceries,retail_simulated_bank
2024-04-18,Online Purchase Online Purchase,89.96,other,retail_simulated_bank
2023-09-10,Card Payment Uber Ride 966400,110.31,transportation,retail_simulated_bank
2024-08-28,card pmt gas bill 965988,78.93,other,retail_simulated_bank
2024-04-26,card/pmt/electricity/bill 375970,39.73,other,retail_simulated_bank
2024-12-14,card pmt rent 194326,1152.05,other,retail_simulated_bank
2023-09-04,POS PURCHASE ONLINE PURCHASE,69.51,other,retail_simulated_bank
2024-12-10,Pos Purchase Chicken 66456,113.7,groceries,retail_simulated_bank
2023-10-30,Card Pmt Mortgage 399562,785.8,other,retail_simulated_bank
2023-06-15,CARD*PAYMENT*ELECTRICITY*BILL,177.19,other,retail_simulated_bank
2023-01-25,Card-Payment-Mortgage,1646.2,other,retail_simulated_bank
2024-12-21,Card Payment Fast Food 104582,116.46,other,retail_simulated_bank
2024-01-15,ONLINE/PURCHASE/RESTAURANT 80326,119.11,other,retail_simulated_bank
2024-10-04,pos purchase mortgage,601.91,other,retail_simulated_bank
2023-12-07,pos*purchase*rice,134.33,groceries,retail_simulated_bank
2024-12-15,Online Purchase Netflix 34822,31.35,other,retail_simulated_bank
2024-12-02,pos purchase gym membership,12.25,other,retail_simulated_bank
2023-02-26,card pmt chicken 799552,132.48,groceries,retail_simulated_bank
2024-01-28,Online Purchase Gym Membership 250257,6.8,other,retail_simulated_bank
2024-01-10,FUEL FUEL 57009,94.01,transportation,retail_simulated_bank
2024-12-22,transport*payment*train*ticket 979678,98.28,transportation,retail_simulated_bank
2023-07-29,Pos Purchase Chicken,107.27,groceries,retail_simulated_bank
2024-05-04,online purchase ga,54.98,other,retail_simulated_bank
2023-11-25,Card-Payment-Rent 976538,1665.24,other,retail_simulated_bank
2024-03-09,Transport Pmt Bus Pass,77.02,transportation,retail_simulated_bank
2023-12-20,TRANSPORT PMT UBER RIDE,12.32,transportation,retail_simulated_bank
2023-05-06,online purchase fast food 136613,76.71,other,retail_simulated_bank
2024-06-29,CARD PMT FOOD DELIVERY 73780,81.19,other,retail_simulated_bank
2024-11-20,Card Pmt Fuel 32089,94.28,transportation,retail_simulated_bank
2023-03-31,pos/purchase/rent 46913,1837.57,other,retail_simulated_bank
2023-10-23,Pos Purchase Rice,135.0,groceries,retail_simulated_bank
2023-04-25,pos purchase milk 785407,27.22,groceries,retail_simulated_bank
2024-06-17,Online Purchase Rent 806736,1824.99,other,retail_simulated_bank
2024-07-08,CARD PMT RENT,1957.4,other,retail_simulated_bank
2024-10-22,Pos Purchase Internet Bill 851780,127.65,other,retail_simulated_bank
2023-01-23,Pos Purchase Eggs 571348,30.79,groceries,retail_simulated_bank
2024-06-16,online purchase online purchase 276839,125.74,other,retail_simulated_bank
2024-10-23,POS/PURCHASE/MORTGAGE 526197,1079.91,other,retail_simulated_bank
2024-11-12,card pmt misc expense,74.46,other,retail_simulated_bank
2023-11-10,pos-purchase-mortgage 492980,1394.15,other,retail_simulated_bank
2023-10-23,online purchase gas bill,111.82,other,retail_simulated_bank
2023-10-19,pos/purchase/online/purchase,24.81,other,retail_simulated_bank
2023-06-14,Online Purchase Restaurant 777897,93.94,other,retail_simulated_bank
2024-12-26,online purchase mortgage 799,845.5,other,retail_simulated_bank
2023-11-21,CARD PAYMENT RENT,763.68,other,retail_simulated_bank
2023-07-30,card pmt netflix,17.94,other,retail_simulated_bank
2023-12-19,POS PURCHASE GYM MEMBE,16.09,other,retail_simulated_bank
2024-06-30,card pmt gas bill,244.6,other,retail_simulated_bank
2024-02-19,Transport Payment Uber Ride 27108,138.3,transportation,retail_simulated_bank
2023-11-24,pos*purchase*restaurant,142.32,other,retail_simulated_bank
2024-06-03,card payment electricity bill 718,150.15,other,retail_simulated_bank
2023-10-24,Transport*Payment*Bus*Pass,72.66,transportation,retail_simulated_bank
2024-03-28,Card*Payment*Online*Purchase 618491,120.54,other,retail_simulated_bank
2023-02-11,Card Pmt Uber Ride 18,110.55,transportation,retail_simulated_bank
2023-08-14,online purchase electricity bill,118.36,other,retail_simulated_bank
2023-02-26,Card*Pmt*Fast*Food 817813,16.59,other,retail_simulated_bank
2023-10-12,pos purchase gym membership 306311,23.43,other,retail_simulated_bank
2024-11-24,pos*purchase*electricity*bill 925227,216.88,other,retail_simulated_bank
2024-05-17,Card Payment Rent,1152.19,other,retail_simulated_bank
2024-01-05,TRANSPORT/PMT/UBER/RIDE,136.54,transportation,retail_simulated_bank
2024-03-13,POS PURCHASE RESTAURANT,108.25,other,retail_simulated_bank
2023-10-19,fuel fuel,57.81,transportation,retail_simulated_bank
2024-04-01,Card Payment Bus Pass 330435,48.29,transportation,retail_simulated_bank
2024-03-30,Pos Purchase Online Purchase,34.71,other,retail_simulated_bank
2024-03-10,POS PURCHASE MORTGAGE,1004.09,other,retail_simulated_bank
2023-03-30,Card Pmt Mortgage 846773,1422.05,other,retail_simulated_bank
2024-06-21,online*purchase*water*bill,247.44,other,retail_simulated_bank
2024-08-27,card*pmt*uber*ride,140.17,transportation,retail_simulated_bank
2024-02-24,pos purchase misc expense,16.0,other,retail_simulated_bank
2024-12-28,POS PURCHASE MORTGAGE 872834,1378.14,other,retail_simulated_bank
2023-10-24,online*purchase*netflix,34.13,other,retail_simulated_bank
2024-08-22,Online Purchase Spotify 357122,33.92,other,retail_simulated_bank
2024-04-19,card payment fuel 180658,85.21,transportation,retail_simulated_bank
2023-11-04,Card Pmt Electricity Bill 959083,63.89,other,retail_simulated_bank
2023-10-22,Pos Purchase Mortgage 725189,1532.28,other,retail_simulated_bank
2024-12-05,pos purchase restaurant 894572,75.31,other,retail_simulated_bank
2024-05-19,Pos*Purchase*Rent,1670.61,other,retail_simulated_bank
2024-08-18,CARD PMT CHICKEN 782293,112.6,groceries,retail_simulated_bank
2023-09-22,ONLINE PURCHASE FOOD DELIVERY 65378,67.1,other,retail_simulated_bank
2024-01-18,card payment mortgage 893585,1745.59,other,retail_simulated_bank
2023-06-16,ONLINE PURCHASE GYM MEMBERSHIP 503372,34.58,other,retail_simulated_bank
2024-12-10,online purchase netflix,21.14,other,retail_simulated_bank
2024-03-05,Online-Purchase-Gas-Bill 257770,89.99,other,retail_simulated_bank
2024-10-16,Pos Purchase Mortgage,1008.33,other,retail_simulated_bank
2024-10-05,Card Pmt Chicken 432661,31.49,groceries,retail_simulated_bank
2023-11-27,CARD PMT ELECTRICITY BILL 147829,66.77,other,retail_simulated_bank
2024-12-02,online purchase misc expense 283931,124.54,other,retail_simulated_bank
2024-12-15,Card Payment Misc Expense 720913,42.9,other,retail_simulated_bank
2023-05-28,Card*Pmt*Mortgage 475544,1412.07,other,retail_simulated_bank
2024-01-17,Card Payment Bread,79.17,groceries,retail_simulated_bank
2023-06-16,Pos Purchase Misc Expense 673235,63.56,other,retail_simulated_bank
2023-08-15,Pos*Purchase*Bread 134206,25.72,groceries,retail_simulated_bank
2024-07-26,POS PURCHASE ONLINE PURCHASE 944535,119.88,other,retail_simulated_bank
2024-06-28,pos purchase gym membership 266278,23.4,other,retail_simulated_bank
2023-04-30,POS PURCHASE RENT 920293,1882.44,other,retail_simulated_bank
2024-05-06,Online/Purchase/Online/Purchase 144918,138.74,other,retail_simulated_bank
2023-05-23,FUEL*BUS*PASS,104.58,transportation,retail_simulated_bank
2024-09-03,POS-PURCHASE-MISC-EXPENSE,133.79,other,retail_simulated_bank
2023-05-02,Online*Purchase*Spotify 283694,15.66,other,retail_simulated_bank
2023-08-21,card payment water bill,61.32,other,retail_simulated_bank
2023-03-22,FUEL-TRAIN-TICKET 637023,33.85,transportation,retail_simulated_bank
2023-04-25,Online Purchase Food Delivery 265456,115.16,other,retail_simulated_bank
2024-03-17,CARD/PMT/MILK 407422,116.88,groceries,retail_simulated_bank
2024-11-06,Card-Pmt-Bread,18.85,groceries,retail_simulated_bank
2023-09-17,Online Purchase Gym Membership 602265,9.16,other,retail_simulated_bank
2023-01-11,pos purchase milk,47.34,groceries,retail_simulated_bank
2024-09-08,Online*Purchase*Online*Purchase,118.01,other,retail_simulated_bank
2023-04-03,pos/purchase/water/bill,107.34,other,retail_simulated_bank
2023-06-14,Pos Purchase Gas Bill 525329,106.52,other,retail_simulated_bank
2023-03-11,card pmt online purchase 774887,77.22,other,retail_simulated_bank
2024-06-25,pos purchase chicken,115.2,groceries,retail_simulated_bank
2024-07-04,POS PURCHASE WATER BILL,67.79,other,retail_simulated_bank
2023-08-08,card pmt vegetables 586602,17.51,groceries,retail_simulated_bank
2023-07-09,Online*Purchase*Gym*Mem,29.43,other,retail_simulated_bank
2023-07-05,CARD PMT FOOD DELIVERY 431638,143.79,other,retail_simulated_bank
2024-03-10,CARD PMT MISC EXPENSE,147.25,other,retail_simulated_bank
2023-11-18,Pos Purchase Water Bill 408758,197.51,other,retail_simulated_bank
2023-05-20,POS/PURCHASE/RICE 74271,19.22,groceries,retail_simulated_bank
2024-07-24,CARD PMT FAST FOOD,106.6,other,retail_simulated_bank
2024-01-30,POS PURCHASE RENT 952670,1291.2,other,retail_simulated_bank
2023-11-16,transport pmt fuel,91.26,transportation,retail_simulated_bank
2024-03-14,card payment mortgage 14,1170.2,other,retail_simulated_bank
2024-11-26,card pmt electricity bill 7,206.54,other,retail_simulated_bank
2024-11-21,CARD PMT TRAIN TICKET,4.88,transportation,retail_simulated_bank
2024-03-24,Online Purchase Food Del,18.46,other,retail_simulated_bank
2024-02-09,CARD*PAYMENT*GYM*MEMBERSHIP,9.17,other,retail_simulated_bank
2023-04-15,Card*Pmt*Food*Delivery 122023,89.81,other,retail_simulated_bank
2023-12-13,CARD PAYMENT RENT 696993,1965.29,other,retail_simulated_bank
2024-05-26,Online-Purchase-Internet-Bill,214.38,other,retail_simulated_bank
2024-10-21,CARD PMT BUS PASS 43731,114.18,transportation,retail_simulated_bank
2024-09-09,card payment fast food 717822,72.95,other,retail_simulated_bank
2023-05-31,Pos/Purchase/Fast/Food 8867,78.18,other,retail_simulated_bank
2023-09-14,Card Payment Misc Expense,18.88,other,retail_simulated_bank
2023-05-18,Online Purchase Fast Food,36.93,other,retail_simulated_bank
2023-03-11,POS PURCHASE MILK 965648,111.46,groceries,retail_simulated_bank
2023-07-03,CARD PMT FOOD DELIVERY 3776,6.93,other,retail_simulated_bank
2023-06-06,POS-PURCHASE-FOOD-DELIVERY 666872,102.84,other,retail_simulated_bank
2024-11-07,card-pmt-uber-ride,114.75,transportation,retail_simulated_bank
2023-07-26,pos-purchase-misc-expense,119.53,other,retail_simulated_bank
2023-09-25,Card*Pmt*Fuel,75.07,transportation,retail_simulated_bank
2023-01-19,POS/PURCHASE/SPOTIFY 871073,23.92,other,retail_simulated_bank
2023-05-02,online-purchase-online-purchase,148.63,other,retail_simulated_bank
2024-01-21,POS*PURCHASE*FAST*FOOD 32309,49.24,other,retail_simulated_bank
2023-07-01,Card Payment Fast Food,8.29,other,retail_simulated_bank
2024-12-24,Pos Purchase Gym Membership 860374,15.61,other,retail_simulated_bank
2024-02-03,card/pmt/internet/bill 803068,98.74,other,retail_simulated_bank
2024-05-17,ONLINE PURCHASE RESTAURANT,86.62,other,retail_simulated_bank
2024-06-02,POS PURCHASE MORTGAGE 631408,1796.09,other,retail_simulated_bank
2024-08-28,pos purchase rice 545260,41.72,groceries,retail_simulated_bank
2023-10-19,card payment food delivery 10328,102.44,other,retail_simulated_bank
2023-02-16,Fuel Uber Ride 521261,7.14,transportation,retail_simulated_bank
2023-01-28,CARD/PMT/GAS/BILL,193.25,other,retail_simulated_bank
2024-03-14,pos purchase misc expense 4290,58.94,other,retail_simulated_bank
2023-02-27,card pmt bus pass,63.55,transportation,retail_simulated_bank
2024-08-29,Card Pmt Rent 485726,1507.32,other,retail_simulated_bank
2023-11-09,Card Pmt Vegetables 318935,12.63,groceries,retail_simulated_bank
2024-07-05,Card Payment Eggs,27.96,groceries,retail_simulated_bank
2024-03-08,TRANSPORT PAYMENT UBER RIDE,70.75,transportation,retail_simulated_bank
2024-12-13,Pos Purchase Gym Membership,14.33,other,retail_simulated_bank
2023-11-21,Pos Purchase Food Delivery 5875,6.27,other,retail_simulated_bank
2024-08-09,Card Pmt Food Delivery,60.37,other,retail_simulated_bank
2024-11-22,card-pmt-rice,17.71,groceries,retail_simulated_bank
2024-11-14,pos purchase gas bill,208.52,other,retail_simulated_bank
2024-01-08,Card Payment Train Ticket,93.38,transportation,retail_simulated_bank
2023-03-19,pos-purchase-restaurant 619876,76.05,other,retail_simulated_bank
2023-02-18,pos-purchase-online-purchase 442232,45.24,other,retail_simulated_bank
2024-10-01,Fuel Fuel 477607,121.28,transportation,retail_simulated_bank
2024-08-29,Online Purchase Rent 16563,1409.47,other,retail_simulated_bank
2024-06-27,Transport Payment Bus Pass 468761,12.89,transportation,retail_simulated_bank
2023-03-20,Online-Purchase-Fast-Food 15836,33.83,other,retail_simulated_bank
2024-11-10,card-pmt-mortgage 315510,1019.87,other,retail_simulated_bank
2024-10-01,online purchase spotify 45070,19.08,other,retail_simulated_bank
2023-01-20,Pos Purchase Spotify 129028,24.16,other,retail_simulated_bank
2024-04-23,Card Payment Rent 558015,898.13,other,retail_simulated_bank
2024-10-03,Transport Payment Fuel 672976,140.39,transportation,retail_simulated_bank
2024-04-18,pos purchase chicken,32.5,groceries,retail_simulated_bank
2023-11-04,CARD PAYMENT WATER BILL 642431,180.77,other,retail_simulated_bank
2023-03-07,pos purchase misc expense 260015,63.31,other,retail_simulated_bank
2023-10-21,card pmt rent 279448,973.71,other,retail_simulated_bank
2024-02-20,ONLINE PURCHASE RENT,1441.73,other,retail_simulated_bank
2023-11-14,ONLINE*PURCHASE*ELECTRICITY*BILL 775805,36.09,other,retail_simulated_bank
2024-03-22,Pos Purchase Fast Food 850057,85.29,other,retail_simulated_bank
2023-07-26,POS PURCHASE FOOD DELIVERY,136.13,other,retail_simulated_bank
2023-10-12,CARD PAYMENT GAS BILL,86.85,other,retail_simulated_bank
2024-05-12,CARD PMT RENT 747884,659.13,other,retail_simulated_bank
2023-03-27,ONLINE PURCHASE ONLINE PURCHASE,11.13,other,retail_simulated_bank
2024-02-21,card pmt bus pass 98,130.47,transportation,retail_simulated_bank
2023-05-24,transport payment uber ride,61.34,transportation,retail_simulated_bank
2023-05-04,Pos Purchase Electricity Bill 866011,140.05,other,retail_simulated_bank
2024-06-21,pos purchase gym membership 359460,38.24,other,retail_simulated_bank
2023-09-01,FUEL FUEL 970319,133.03,transportation,retail_simulated_bank
2024-08-21,Pos Purchase Netfl,15.97,other,retail_simulated_bank
2024-03-09,POS PURCHASE MORTGAGE,1641.54,other,retail_simulated_bank
2023-10-09,card*payment*water*bill,77.1,other,retail_simulated_bank
2024-08-26,Card Pmt Fast Food,40.38,other,retail_simulated_bank
2024-12-17,Card-Pmt-Rice 716267,81.42,groceries,retail_simulated_bank
2024-05-01,card payment eggs,83.22,groceries,retail_simulated_bank
2023-05-29,POS PURCHASE RENT 26,1831.21,other,retail_simulated_bank
2023-11-12,transport*pmt*fuel 854528,108.2,transportation,retail_simulated_bank
2024-09-12,POS PURCHASE VEGETABLES,145.12,groceries,retail_simulated_bank
2023-02-25,Card Pmt Vegetables 32427,100.35,groceries,retail_simulated_bank
2024-10-16,Card Payment Rent,1138.57,other,retail_simulated_bank
2024-07-01,POS PURCHASE MORTGAGE,1559.35,other,retail_simulated_bank
2024-02-02,card pmt online purchase,129.07,other,retail_simulated_bank
2023-09-19,Pos Purchase Rice 421704,139.34,groceries,retail_simulated_bank
2023-08-30,CARD PMT UBER RIDE,140.64,transportation,retail_simulated_bank
2023-06-14,fuel train ticket 179931,129.33,transportation,retail_simulated_bank
2024-10-21,CARD-PAYMENT-FOOD-DELIVERY 301474,49.63,other,retail_simulated_bank
2023-03-24,online-purchase-restaurant,43.28,other,retail_simulated_bank
2024-02-27,pos purchase misc expense,72.25,other,retail_simulated_bank
2023-04-13,ONLINE/PURCHASE/MISC/EXPENSE 192701,108.46,other,retail_simulated_bank
2024-06-02,pos purchase online purchase 729479,105.68,other,retail_simulated_bank
2024-07-14,Card*Pmt*Eggs 422938,64.87,groceries,retail_simulated_bank
2023-02-23,Card Payment Mortgage,638.29,other,retail_simulated_bank
2023-05-20,ONLINE PURCHASE RENT 879884,1707.43,other,retail_simulated_bank
2023-11-09,POS PURCHASE RICE 135963,32.41,groceries,retail_simulated_bank
2023-09-13,Fuel Uber Ride 960398,19.29,transportation,retail_simulated_bank
2023-05-14,POS*PURCHASE*GYM*MEMBERSHIP 896489,34.07,other,retail_simulated_bank
2023-11-24,Pos/Purchase/Misc/Expense 6,119.52,other,retail_simulated_bank
2023-05-17,pos*purchase*fast*food,131.41,other,retail_simulated_bank
2023-12-02,card payment train ticket 447157,104.06,transportation,retail_simulated_bank
2024-02-29,Card/Pmt/Misc/Expense,32.2,other,retail_simulated_bank
2024-01-22,card payment train ticket,60.84,transportation,retail_simulated_bank
2023-01-24,Pos Purchase Online Purchase 22,6.05,other,retail_simulated_bank
2023-04-02,CARD PMT GYM MEMBERSHI,13.0,other,retail_simulated_bank
2023-06-22,Online Purchase Restaurant,41.48,other,retail_simulated_bank
2024-09-06,pos purchase rice 383784,93.85,groceries,retail_simulated_bank
2024-01-12,TRANSPORT PMT TRAIN TICKET 1,16.09,transportation,retail_simulated_bank
2024-04-09,CARD PMT ELECTRICITY BILL 880192,145.68,other,retail_simulated_bank
2024-12-31,card payment misc expen,20.42,other,retail_simulated_bank
2023-09-30,online purchase water bill 838461,208.95,other,retail_simulated_bank
2024-03-17,FUEL*FUEL 848290,59.16,transportation,retail_simulated_bank
2023-10-17,ONLINE/PURCHASE/ONLINE/PURCHASE 638219,91.21,other,retail_simulated_bank
2023-05-30,pos purchase rent,1171.93,other,retail_simulated_bank
2023-08-30,card/pmt/eggs 688708,146.49,groceries,retail_simulated_bank
2024-12-01,Card Payment Spotify 290327,17.94,other,retail_simulated_bank
2023-11-28,Online Purchase Mortgage 388275,1256.43,other,retail_simulated_bank
2024-12-26,CARD PAYMENT MORTGAGE,1598.67,other,retail_simulated_bank
2023-03-16,POS PURCHASE FOOD DELIVERY 646705,90.79,other,retail_simulated_bank
2023-12-07,CARD PAYMENT CHICKEN 173575,11.64,groceries,retail_simulated_bank
2024-11-17,pos purchase internet bill,249.28,other,retail_simulated_bank
2024-05-31,Online Purchase Online Purchase,3.79,other,retail_simulated_bank
2024-01-15,online purchase spotify 40056,18.81,other,retail_simulated_bank
2024-05-30,Pos Purchase Electricity Bill,87.26,other,retail_simulated_bank
2023-05-16,Online Purchase Fast Food,132.05,other,retail_simulated_bank
2024-03-19,Pos Purchase Eggs,107.41,groceries,retail_simulated_bank
2023-05-11,Card Payment Gas Bill 307754,39.72,other,retail_simulated_bank
2024-03-16,POS/PURCHASE/FAST/FOOD,112.93,other,retail_simulated_bank
2023-09-28,Transport-Payment-Bus-Pass,93.1,transportation,retail_simulated_bank
2024-05-18,online-purchase-spotify,10.77,other,retail_simulated_bank
2024-11-04,ONLINE PURCHASE ONLINE PURCHASE 706169,84.68,other,retail_simulated_bank
2023-08-24,Card Payment Mortgage,808.07,other,retail_simulated_bank
2024-04-23,Pos Purchase Electricity Bill 589295,65.98,other,retail_simulated_bank
2024-05-21,Online-Purchase-Restaurant 402741,149.29,other,retail_simulated_bank
2024-12-27,card pmt rice 369546,55.41,groceries,retail_simulated_bank
2023-06-01,pos purchase spotify,8.94,other,retail_simulated_bank
2023-10-18,CARD PMT EGGS 412459,16.76,groceries,retail_simulated_bank
2024-07-30,CARD PAYMENT WATER BILL 204542,210.97,other,retail_simulated_bank
2024-06-22,online-purchase-rent 902707,1960.28,other,retail_simulated_bank
2023-03-20,Card Pmt Online Purchase,64.21,other,retail_simulated_bank
2023-01-27,card*pmt*internet*bill 95936,225.22,other,retail_simulated_bank
2024-08-27,TRANSPORT PMT UBER RIDE 521140,60.94,transportation,retail_simulated_bank
2023-03-25,CARD PAYMENT EGGS,25.6,groceries,retail_simulated_bank
2024-04-09,ONLINE*PURCHASE*FOOD*DELIVERY 534709,99.95,other,retail_simulated_bank
2023-02-14,CARD*PMT*MORTGAGE 151443,608.13,other,retail_simulated_bank
2024-08-05,Pos-Purchase-Mortgage 727725,1624.16,other,retail_simulated_bank
2023-10-17,CARD PMT WATER BILL 938585,206.34,other,retail_simulated_bank
2024-07-14,transport/payment/uber/ride,112.34,transportation,retail_simulated_bank
2023-09-03,Online Purchase Spoti,13.93,other,retail_simulated_bank
2023-08-02,Card Payment Misc Expense 904346,16.11,other,retail_simulated_bank
2024-10-31,CARD PMT INTERNET BILL,92.69,other,retail_simulated_bank
2023-11-14,pos-purchase-electric,206.24,other,retail_simulated_bank
2024-01-12,Pos Purchase Rent,734.56,other,retail_simulated_bank
2024-05-02,Pos Purchase Netflix,35.99,other,retail_simulated_bank
2024-03-08,Transport Payment Fuel 820658,16.26,transportation,retail_simulated_bank
2024-03-20,Card*Payment*Misc*Expense 695022,93.24,other,retail_simulated_bank
2024-04-19,Pos Purchase Mortgage,1318.68,other,retail_simulated_bank
2024-05-22,POS*PURCHASE*RENT,1599.09,other,retail_simulated_bank
2024-04-24,Online Purchase Gym Membership 598970,7.94,other,retail_simulated_bank
2024-05-04,Card Pmt Restaurant 4176,136.36,other,retail_simulated_bank
2024-12-01,fuel train ticket 626581,147.68,transportation,retail_simulated_bank
2023-10-30,fuel train ticket,79.89,transportation,retail_simulated_bank
2024-06-09,Pos-Purchase-Netflix,37.11,other,retail_simulated_bank
2023-04-07,Pos*Purchase*Chicken 873504,65.46,groceries,retail_simulated_bank
2023-09-17,online*purchase*food*delivery,108.89,other,retail_simulated_bank
2024-05-30,transport/payment/bus/pass 646364,89.08,transportation,retail_simulated_bank
2024-04-18,Card Pmt Milk,111.86,groceries,retail_simulated_bank
2024-03-02,Online Purchase Water Bill,39.96,other,retail_simulated_bank
2024-11-17,Pos Purchase Mortgage 790719,1613.73,other,retail_simulated_bank
2023-12-16,CARD PMT FOOD DELIVERY,121.75,other,retail_simulated_bank
2023-03-22,POS PURCHASE ONLINE PURCHASE,34.03,other,retail_simulated_bank
2024-07-01,Pos Purchase Mortgage 429956,748.86,other,retail_simulated_bank
2023-01-14,pos*purchase*milk 754768,61.06,groceries,retail_simulated_bank
2024-11-04,Pos/Purchase/Internet/Bill,119.12,other,retail_simulated_bank
2024-09-23,POS PURCHASE MORTGA,1738.39,other,retail_simulated_bank
2023-03-31,CARD-PAYMENT-FUEL 463264,121.28,transportation,retail_simulated_bank
2023-01-17,CARD PMT WATER BILL,54.62,other,retail_simulated_bank
2024-10-26,Online/Purchase/Rent 656950,892.92,other,retail_simulated_bank
2024-07-05,Pos Purchase Water Bill 970285,167.73,other,retail_simulated_bank
2024-04-30,Card Pmt Electricity Bill,131.95,other,retail_simulated_bank
2023-06-06,pos purchase restaurant 820750,20.12,other,retail_simulated_bank
2024-04-05,CARD PMT MORTGAGE,1260.08,other,retail_simulated_bank
2024-02-06,Card Pmt Netflix 335148,24.93,other,retail_simulated_bank
2024-10-07,Pos Purchase Eggs,4.16,groceries,retail_simulated_bank
2024-05-22,Online*Purchase*Misc*Expense 319185,146.98,other,retail_simulated_bank
2024-06-09,POS PURCHASE MORTGAGE 870807,1159.55,other,retail_simulated_bank
2024-05-14,pos purchase gym membership,28.75,other,retail_simulated_bank
2023-11-20,card*payment*electricity*bill,122.84,other,retail_simulated_bank
2024-04-29,Card Pmt Netflix 388091,27.69,other,retail_simulated_bank
2024-10-23,Card-Payment-Rice,94.54,groceries,retail_simulated_bank
2023-01-22,card pmt fuel 483373,105.53,transportation,retail_simulated_bank
2024-03-24,online/purchase/gas/bill 419754,133.23,other,retail_simulated_bank
2024-09-08,CARD PMT WATER BILL,180.69,other,retail_simulated_bank
2023-10-28,Pos Purchase Misc Expense 904214,22.28,other,retail_simulated_bank
2024-11-20,online purchase mortgage,1766.31,other,retail_simulated_bank
2023-06-15,card pmt mortgage 226398,1719.66,other,retail_simulated_bank
2024-11-14,card pmt netflix 27158,31.22,other,retail_simulated_bank
2023-06-10,Card Pmt Restaur,28.47,other,retail_simulated_bank
2024-05-20,ONLINE PURCHASE SPOTIFY 236724,19.56,other,retail_simulated_bank
2023-02-18,Fuel Train Ticket 8704,33.79,transportation,retail_simulated_bank
2024-01-01,POS PURCHASE EGGS 984639,132.49,groceries,retail_simulated_bank
2024-05-30,Online Purchase Rent,1803.25,other,retail_simulated_bank
2023-04-27,POS PURCHASE MILK 246928,52.65,groceries,retail_simulated_bank
2023-09-22,ONLINE PURCHASE NETFLIX,12.84,other,retail_simulated_bank
2024-07-24,fuel bus pass 217554,116.1,transportation,retail_simulated_bank
2024-06-11,CARD PMT TRAIN TICKET 161141,128.45,transportation,retail_simulated_bank
2024-03-24,Pos Purchase Gym Membership,6.76,other,retail_simulated_bank
2023-04-24,POS PURCHASE MISC EXPENSE 93,144.51,other,retail_simulated_bank
2023-04-15,Pos Purchase Chicken 62559,92.62,groceries,retail_simulated_bank
2023-06-21,pos/purchase/online/purchase 533,77.57,other,retail_simulated_bank
2023-06-10,online purchase rent 175777,1875.38,other,retail_simulated_bank
2024-05-25,ONLINE-PURCHASE-MORTGAGE,1666.75,other,retail_simulated_bank
2023-05-22,Pos Purchase Rent,1109.23,other,retail_simulated_bank
2024-03-01,CARD*PAYMENT*BREAD 716962,67.55,groceries,retail_simulated_bank
2024-04-30,POS PURCHASE ONLINE PURCHASE 318920,39.06,other,retail_simulated_bank
2023-03-29,card payment bus pass 454635,77.24,transportation,retail_simulated_bank
2024-02-29,fuel bus pas,108.13,transportation,retail_simulated_bank
2024-06-26,card pmt train ticket 477914,25.29,transportation,retail_simulated_bank
2024-03-15,card payment restaurant 172433,23.29,other,retail_simulated_bank
2024-06-12,Card Payment Fast Food,135.02,other,retail_simulated_bank
2024-03-29,online*purchase*misc*expense 59873,141.73,other,retail_simulated_bank
2023-03-13,pos purchase electricity bill 999941,143.82,other,retail_simulated_bank
2023-06-18,Card Payment Eggs 539137,49.28,groceries,retail_simulated_bank
2023-02-07,Online Purchase Restaurant,60.81,other,retail_simulated_bank
2024-10-08,online purchase rent 737003,680.93,other,retail_simulated_bank
2024-12-18,pos purchase mortgage 200656,1840.1,other,retail_simulated_bank
2023-12-19,Card Pmt Spotify 211729,15.98,other,retail_simulated_bank
2024-09-17,Card Pmt Eggs 532785,135.33,groceries,retail_simulated_bank
2024-07-11,online purchase internet bill 58,75.13,other,retail_simulated_bank
2024-10-26,CARD/PAYMENT/GYM/MEMBERSHIP 180424,29.41,other,retail_simulated_bank
2023-03-28,card/payment/restaurant 975893,132.5,other,retail_simulated_bank
2023-05-10,Card Payment Chicken,52.17,groceries,retail_simulated_bank
2024-07-19,card payment gym membership,8.25,other,retail_simulated_bank
2023-06-13,TRANSPORT/PAYMENT/BUS/PASS 892116,114.29,transportation,retail_simulated_bank
2024-07-06,POS PURCHASE MILK 299142,133.88,groceries,retail_simulated_bank
2024-03-08,POS PURCHASE SPOTIFY,32.1,other,retail_simulated_bank
2023-09-23,ONLINE PURCHASE NETFLIX,34.46,other,retail_simulated_bank
2023-05-08,Pos*Purchase*Mortgage,1659.18,other,retail_simulated_bank
2023-01-06,Card/Payment/Fast/Food,87.15,other,retail_simulated_bank
2024-08-18,card pmt fast food 5,147.49,other,retail_simulated_bank
2024-06-30,card-payment-gym-membership,26.97,other,retail_simulated_bank
2023-10-19,POS PURCHASE ONLINE PURCHASE,54.5,other,retail_simulated_bank
2023-09-11,card pmt rent 680121,1327.53,other,retail_simulated_bank
2023-07-17,POS PURCHASE EGGS 889958,78.92,groceries,retail_simulated_bank
2023-05-31,Card*Payment*Misc*Expe,69.78,other,retail_simulated_bank
2023-03-05,CARD*PAYMENT*MORTGAGE 214247,714.73,other,retail_simulated_bank
2024-04-01,Online Purchase Restaurant,73.01,other,retail_simulated_bank
2024-02-17,CARD-PMT-EGGS,102.49,groceries,retail_simulated_bank
2023-09-28,Online Purchase Gym Membership,18.82,other,retail_simulated_bank
2024-12-06,Card Pmt Spotify 938077,39.88,other,retail_simulated_bank
2023-06-16,CARD*PAYMENT*FOOD*DELIVERY 493641,146.07,other,retail_simulated_bank
2024-12-22,Pos Purchase Water Bill,130.7,other,retail_simulated_bank
2024-04-29,ONLINE*PURCHASE*GYM*MEMBERSHIP 937722,12.44,other,retail_simulated_bank
2024-07-26,Pos Purchase Vegetables,26.06,groceries,retail_simulated_bank
2024-02-23,Transport Payment Uber,91.44,transportation,retail_simulated_bank
2023-10-24,card payment milk 524390,57.33,groceries,retail_simulated_bank
2024-01-16,POS PURCHASE CHICKEN 295440,25.54,groceries,retail_simulated_bank
2024-05-12,Fuel Bus Pass 91593,47.58,transportation,retail_simulated_bank
2024-08-26,Card Payment Bread,23.89,groceries,retail_simulated_bank
2023-11-09,ONLINE PURCHASE RESTAURANT 830651,140.71,other,retail_simulated_bank
2024-05-15,card*pmt*train*ticket 446331,29.91,transportation,retail_simulated_bank
2023-03-11,pos purchase milk,83.49,groceries,retail_simulated_bank
2024-08-09,card pmt online purchase 1,64.38,other,retail_simulated_bank
2024-01-22,TRANSPORT*PMT*FUEL,135.34,transportation,retail_simulated_bank
2023-05-16,pos purchase food delivery,125.55,other,retail_simulated_bank
2024-04-16,POS-PURCHASE-ONLINE-PURCHASE 152426,77.2,other,retail_simulated_bank
2023-06-02,pos purchase misc expense,101.08,other,retail_simulated_bank
2024-10-01,card payment misc expense 359365,16.13,other,retail_simulated_bank
2023-12-14,POS-PURCHASE-MORTGAGE 19,1860.34,other,retail_simulated_bank
2023-10-12,CARD*PMT*NETFLIX 508128,36.15,other,retail_simulated_bank
2024-08-08,Online Purchase Rent 489783,1590.09,other,retail_simulated_bank
2024-07-26,card payment mortgage 92118,773.29,other,retail_simulated_bank
2024-07-08,Card Payment Bread 700001,143.41,groceries,retail_simulated_bank
2024-05-02,card/pmt/netflix,23.26,other,retail_simulated_bank
2023-07-04,card payment netflix 222363,37.77,other,retail_simulated_bank
2023-09-09,CARD PAYMENT EGGS,118.65,groceries,retail_simulated_bank
2024-06-30,CARD-PAYMENT-MISC-EXPENSE,15.44,other,retail_simulated_bank
2023-01-24,card pmt spotify 800581,6.57,other,retail_simulated_bank
2023-01-25,FUEL FUEL 473395,29.53,transportation,retail_simulated_bank
2023-04-04,ONLINE PURCHASE MISC EXPENSE 700152,59.16,other,retail_simulated_bank
2023-10-20,card pmt milk,82.64,groceries,retail_simulated_bank
2023-11-11,Online Purchase Water Bill,49.72,other,retail_simulated_bank
2024-09-21,CARD PMT FOOD DELIVERY,27.87,other,retail_simulated_bank
2023-03-01,card payment train tick,6.99,transportation,retail_simulated_bank
2023-05-26,transport pmt fuel,17.52,transportation,retail_simulated_bank
2023-05-04,Online Purchase Fast Food 748964,40.92,other,retail_simulated_bank
2024-09-03,pos purchase bread 652306,38.22,groceries,retail_simulated_bank
2024-01-30,Card Pmt Netflix 275307,31.33,other,retail_simulated_bank
2024-04-20,CARD PMT EGGS,11.91,groceries,retail_simulated_bank
2024-10-10,online-purchase-spotify,6.01,other,retail_simulated_bank
2024-11-22,Online Purchase Electricity Bill 571013,241.96,other,retail_simulated_bank
2024-10-29,Pos/Purchase/Bread,115.16,groceries,retail_simulated_bank
2024-02-21,card payment online purchas,47.78,other,retail_simulated_bank
2024-05-27,ONLINE PURCHASE RESTAURANT 239683,127.4,other,retail_simulated_bank
2023-09-09,online*purchase*water*bill,246.77,other,retail_simulated_bank
2023-02-12,Pos Purchase Spotify,24.43,other,retail_simulated_bank
2024-09-27,card pmt rice,144.28,groceries,retail_simulated_bank
2024-05-08,CARD PMT TRAIN TICKET,3.08,transportation,retail_simulated_bank
2024-01-25,fuel bus pass 768171,126.4,transportation,retail_simulated_bank
2024-06-06,FUEL TRAIN TICKET 873706,89.02,transportation,retail_simulated_bank
2024-06-30,transport*payment*uber*ride 531065,26.73,transportation,retail_simulated_bank
2023-05-06,online purchase netflix 95,18.84,other,retail_simulated_bank
2023-10-14,POS PURCHASE ONLINE PURCHASE 524835,109.59,other,retail_simulated_bank
2023-11-22,online purchase restaurant 253767,92.74,other,retail_simulated_bank
2024-12-25,CARD PAYMENT MORTGAGE,1971.5,other,retail_simulated_bank
2023-11-26,ONLINE-PURCHASE-FAST-FOOD,39.15,other,retail_simulated_bank
2024-09-05,Fuel/Train/Ticket,70.59,transportation,retail_simulated_bank
2023-05-17,FUEL UBER RIDE 890274,137.36,transportation,retail_simulated_bank
2023-01-10,ONLINE/PURCHASE/RENT,605.99,other,retail_simulated_bank
2024-12-21,card-pmt-rent 740882,1853.38,other,retail_simulated_bank
2024-10-26,CARD PMT FAST FOOD,82.11,other,retail_simulated_bank
2024-11-18,Card Payment Rent,1849.6,other,retail_simulated_bank
2024-01-21,online-purchase-food-delivery 153391,21.14,other,retail_simulated_bank
2024-12-14,Pos-Purchase-Misc-Expense 966518,59.85,other,retail_simulated_bank
2023-07-17,card payment milk 56345,71.02,groceries,retail_simulated_bank
2023-01-21,pos-purchase-restaurant 389016,35.56,other,retail_simulated_bank
2024-12-27,pos purchase misc expense 9056,103.04,other,retail_simulated_bank
2024-09-20,CARD PAYMENT TRAIN TICKET 194123,16.23,transportation,retail_simulated_bank
2024-05-20,POS PURCHASE MORTGAGE 417001,909.61,other,retail_simulated_bank
2024-12-21,Fuel Uber Ride 324437,44.27,transportation,retail_simulated_bank
2024-10-15,POS PURCHASE RENT 365556,1977.97,other,retail_simulated_bank
2024-08-05,Online*Purchase*Restauran,130.88,other,retail_simulated_bank
2024-08-02,Online-Purchase-Spotify,11.78,other,retail_simulated_bank
2023-03-08,CARD/PMT/RENT,779.54,other,retail_simulated_bank
2024-06-19,CARD PMT GAS BILL 651988,218.21,other,retail_simulated_bank
2024-12-10,ONLINE PURCHASE MORTGAGE 737744,1549.17,other,retail_simulated_bank
2023-01-03,POS PURCHASE MORTGAGE 916151,1836.34,other,retail_simulated_bank
2024-10-27,POS-PURCHASE-FOOD-DELIVERY 908827,101.95,other,retail_simulated_bank
2024-02-21,Card Pmt Eggs 57646,66.58,groceries,retail_simulated_bank
2024-04-22,Card Pmt Uber Ride,102.99,transportation,retail_simulated_bank
2023-02-14,pos purchase fast food 608111,79.04,other,retail_simulated_bank
2024-06-29,Card Payment Rent 967333,1885.75,other,retail_simulated_bank
2023-07-19,Card*Payment*Fast*Food 37835,3.76,other,retail_simulated_bank
2023-01-26,transport payment uber ride 865725,132.37,transportation,retail_simulated_bank
2023-03-18,Pos Purchase Rent 212168,1193.35,other,retail_simulated_bank
2024-10-03,Card Pmt Water Bill 314614,98.38,other,retail_simulated_bank
2023-01-25,pos*purchase*rent,1204.73,other,retail_simulated_bank
2023-09-11,online purchase gym membership,34.42,other,retail_simulated_bank
2023-12-15,pos purchase rice,38.04,groceries,retail_simulated_bank
2024-06-16,POS PURCHASE ONLINE PURCHASE,123.78,other,retail_simulated_bank
2024-09-06,pos purchase online purchase,141.7,other,retail_simulated_bank
2024-08-15,Card/Pmt/Spotify 382886,26.89,other,retail_simulated_bank
2023-02-04,Pos*Purchase*Milk 294140,146.26,groceries,retail_simulated_bank
2024-12-11,Pos*Purchase*Fast*Food 332269,133.84,other,retail_simulated_bank
2024-03-28,Pos Purchase Bread 118630,12.11,groceries,retail_simulated_bank
2024-03-18,Card-Payment-Eggs 407200,92.78,groceries,retail_simulated_bank
2024-07-26,pos purchase milk,102.6,groceries,retail_simulated_bank
2024-02-16,Pos*Purchase*Eggs 8,127.94,groceries,retail_simulated_bank
2023-08-27,POS PURCHASE C,113.54,groceries,retail_simulated_bank
2024-04-20,pos purchase online purchase 285430,69.65,other,retail_simulated_bank
2024-09-26,ONLINE PURCHASE MISC EXPENSE 931300,132.35,other,retail_simulated_bank
2024-11-22,POS PURCHASE EGGS 413802,98.69,groceries,retail_simulated_bank
2023-12-03,Card Pmt Online Purchase 957579,69.75,other,retail_simulated_bank
2024-12-31,Pos Purchase Netflix,5.43,other,retail_simulated_bank
2023-07-18,Card Payment Chicken,119.04,groceries,retail_simulated_bank
2024-03-07,pos purchase netflix 248728,13.97,other,retail_simulated_bank
2023-07-10,pos purchase food d,94.27,other,retail_simulated_bank
2023-11-16,ONLINE PURCHASE WATER BILL,43.31,other,retail_simulated_bank
2024-01-02,Card Pmt Spotify,27.81,other,retail_simulated_bank
2023-11-13,fuel train ticket 246730,24.67,transportation,retail_simulated_bank
2024-06-14,Card Payment Spotify,38.96,other,retail_simulated_bank
2024-06-03,online purchase gym membership 257169,7.01,other,retail_simulated_bank
2023-07-20,POS PURCHASE ONLINE PURCHASE 62596,65.04,other,retail_simulated_bank
2024-11-14,online purchase water bill 796252,105.14,other,retail_simulated_bank
2024-04-23,ONLINE PURCHASE FOOD DELIVERY,104.7,other,retail_simulated_bank
2023-12-10,Pos Purchase Gym Membership 58515,25.24,other,retail_simulated_bank
2024-04-10,ONLINE-PURCHASE-SPOTIFY,10.68,other,retail_simulated_bank
2023-01-04,pos purchase online purchase 46514,75.9,other,retail_simulated_bank
2023-08-07,Online Purchase Rent 981578,1253.15,other,retail_simulated_bank
2023-12-06,Pos*Purchase*Internet*Bill 316908,239.57,other,retail_simulated_bank
2023-07-08,pos purchase misc expense 165082,33.18,other,retail_simulated_bank
2023-03-17,pos purchase online purchase 179639,56.33,other,retail_simulated_bank
2023-05-26,Fuel Uber Ride,84.54,transportation,retail_simulated_bank
2024-08-22,Card Pmt Fuel 238223,31.58,transportation,retail_simulated_bank
2023-01-31,card pmt misc expense,9.45,other,retail_simulated_bank
2023-09-26,pos purchase water bill 782109,78.17,other,retail_simulated_bank
2023-07-02,online purchase rent,1376.31,other,retail_simulated_bank
2023-04-14,pos*purchase*electricity*bill,87.59,other,retail_simulated_bank
2024-11-01,Pos Purchase Vegetables 334876,23.17,groceries,retail_simulated_bank
2023-08-04,online purchase online purchase,52.74,other,retail_simulated_bank
2024-01-17,transport pmt fuel 357851,38.3,transportation,retail_simulated_bank
2024-09-30,card payment rent 765086,1967.94,other,retail_simulated_bank
2023-05-28,Pos Purchase Food Delivery 250266,12.61,other,retail_simulated_bank
2024-01-19,Card Payment Water Bill,113.2,other,retail_simulated_bank
2023-09-08,Transport Payment Fuel 685317,146.62,transportation,retail_simulated_bank
2024-07-02,Card Pmt Chicken 642751,89.34,groceries,retail_simulated_bank
2023-02-24,Card Payment Train Ticket 885739,51.17,transportation,retail_simulated_bank
2024-08-21,ONLINE PURCHASE,1792.1,other,retail_simulated_bank
2024-04-26,Online Purchase Restaurant 886974,109.91,other,retail_simulated_bank
2024-02-02,pos purchase online purchase,27.61,other,retail_simulated_bank
2024-04-20,pos-purchase-misc-expense 318047,76.29,other,retail_simulated_bank
2024-05-09,Online Purchase Gas Bill 776697,145.6,other,retail_simulated_bank
2024-10-15,card*payment*mortgage 886784,1413.66,other,retail_simulated_bank
2023-07-27,card pmt online purchase 200267,33.46,other,retail_simulated_bank
2023-11-10,ONLINE PURCHASE RESTAURANT 563459,61.2,other,retail_simulated_bank
2024-01-19,POS PURCHASE FAST FOOD 409195,86.99,other,retail_simulated_bank
2023-03-28,TRANSPORT PAYMENT UBER RIDE 444972,22.75,transportation,retail_simulated_bank
2023-08-24,FUEL*FUEL,79.27,transportation,retail_simulated_bank
2024-03-12,ONLINE PURCHASE NETFLIX 243945,26.74,other,retail_simulated_bank
2024-01-12,online purchase fast food,66.58,other,retail_simulated_bank
2024-01-27,Card Payment Misc Expense,49.6,other,retail_simulated_bank
2023-09-29,pos purchase bread 148611,67.93,groceries,retail_simulated_bank
2024-05-28,online purchase rent 115718,715.39,other,retail_simulated_bank
2023-08-22,Online*Purchase*Gym*Membership,32.51,other,retail_simulated_bank
2023-02-09,POS/PURCHASE/MILK,13.49,groceries,retail_simulated_bank
2023-09-14,Pos Purchase Netflix 374821,28.63,other,retail_simulated_bank
2024-09-10,card payment bus pass 52358,31.02,transportation,retail_simulated_bank
2023-12-21,pos-purchase-g,95.88,other,retail_simulated_bank
2024-08-16,online purchase misc expense 909593,142.03,other,retail_simulated_bank
2024-06-08,Online Purchase Online Purchase 407686,72.38,other,retail_simulated_bank
2023-08-22,pos purchase online purchase 327314,130.22,other,retail_simulated_bank
2024-07-19,Pos Purchase Water Bill 321485,143.48,other,retail_simulated_bank
2024-04-17,Pos Purchase Misc Expense 813798,109.21,other,retail_simulated_bank
2023-07-12,Transport Payment Uber Ride,49.02,transportation,retail_simulated_bank
2024-03-25,POS PURCHASE FOOD DELIVERY 941125,64.4,other,retail_simulated_bank
2023-05-23,card payment food delivery 104321,7.43,other,retail_simulated_bank
2024-05-26,ONLINE PURCHASE NETFLIX 62262,30.82,other,retail_simulated_bank
2024-03-05,ONLINE PURCHASE MISC EXPENSE,52.95,other,retail_simulated_bank
2024-12-08,Card Pmt Food Delivery 45158,113.64,other,retail_simulated_bank
2023-02-02,Card Pmt Spotify,5.81,other,retail_simulated_bank
2024-08-04,Pos/Purchase/Water/Bill 115772,248.74,other,retail_simulated_bank
2024-02-05,POS PURCHASE MORTGAGE 99473,885.89,other,retail_simulated_bank
2024-05-01,Card Pmt Chicken 451128,59.81,groceries,retail_simulated_bank
2024-04-07,card/pmt/eggs 762860,86.72,groceries,retail_simulated_bank
2024-07-20,card pmt mortgage 93,746.04,other,retail_simulated_bank
2023-01-28,online/purchase/electricity/bill,162.74,other,retail_simulated_bank
2023-10-18,POS PURCHASE WATER,241.86,other,retail_simulated_bank
2024-04-10,ONLINE/PURCHASE/WATER/BILL,145.37,other,retail_simulated_bank
2023-06-25,Card/Payment/Eggs 80789,79.22,groceries,retail_simulated_bank
2023-04-24,Card-Payment-Fuel 764981,60.49,transportation,retail_simulated_bank
2023-07-31,Card Pmt Internet Bill,45.13,other,retail_simulated_bank
2024-11-11,Pos Purchase Water Bill 388355,209.94,other,retail_simulated_bank
2023-11-14,ONLINE PURCHASE RESTAURANT 387174,91.75,other,retail_simulated_bank
2023-10-10,card pmt netflix 710671,28.97,other,retail_simulated_bank
2024-02-13,online/purchase/electricity/bill,128.06,other,retail_simulated_bank
2024-05-17,online purchase netflix,36.86,other,retail_simulated_bank
2023-04-04,Online-Purchase-Fast-Food,87.69,other,retail_simulated_bank
2024-12-29,transport pmt fuel 564701,53.98,transportation,retail_simulated_bank
2023-06-29,ONLINE PURCHASE MISC EXPENSE 568131,60.49,other,retail_simulated_bank
2024-09-24,card pmt restaurant,29.4,other,retail_simulated_bank
2023-07-07,pos purchase mortgage 882548,1875.17,other,retail_simulated_bank
2023-09-03,Pos Purchase Rent,1923.96,other,retail_simulated_bank
2024-10-05,CARD PAYMENT ONLINE PURCHASE 968,43.25,other,retail_simulated_bank
2023-08-11,online purchase spotify 304049,7.34,other,retail_simulated_bank
2024-07-20,ONLINE-PURCHASE-FAST-FOOD,148.88,other,retail_simulated_bank
2023-04-18,POS PURCHASE EGGS 537651,14.25,groceries,retail_simulated_bank
2023-08-01,Online Purchase Spotify 40548,10.77,other,retail_simulated_bank
2024-12-12,Card/Pmt/Netflix,7.56,other,retail_simulated_bank
2023-07-19,online/purchase/mortgage 913710,1644.34,other,retail_simulated_bank
2023-04-28,ONLINE PURCHASE RESTAURANT 324,4.58,other,retail_simulated_bank
2024-05-11,pos purchase rent,1648.15,other,retail_simulated_bank
2024-11-03,Online Purchase Restaur,15.13,other,retail_simulated_bank
2023-06-15,online purchase internet bill,210.49,other,retail_simulated_bank
2023-05-08,Pos Purchase Electricity Bill 46244,68.99,other,retail_simulated_bank
2023-01-12,Card Pmt Gym Membership 219825,7.72,other,retail_simulated_bank
2023-08-10,ONLINE PURCHASE MORTGAGE 908536,1101.32,other,retail_simulated_bank
2024-03-28,Pos/Purchase/Rent,1345.22,other,retail_simulated_bank
2024-10-18,ONLINE-PURCHASE-RENT,1736.12,other,retail_simulated_bank
2023-02-23,Pos Purchase Rent 72,1031.65,other,retail_simulated_bank
2023-07-26,pos-purchase-netflix 494727,18.21,other,retail_simulated_bank
2023-01-17,Card Pmt Gas Bill 835398,74.0,other,retail_simulated_bank
2023-12-12,Card Pmt Restaurant,148.43,other,retail_simulated_bank
2023-03-06,Online Purchase Online Purchase,102.95,other,retail_simulated_bank
2023-06-21,pos purchase electricity bill 216986,212.7,other,retail_simulated_bank
2023-12-01,ONLINE*PURCHASE*RENT 37770,1317.5,other,retail_simulated_bank
2024-07-08,card payment train ticket 952113,94.83,transportation,retail_simulated_bank
2023-08-07,Pos Purchase Fast Food 989539,20.76,other,retail_simulated_bank
2023-01-16,card payment eggs,50.54,groceries,retail_simulated_bank
2024-02-03,Card Pmt Food Deli,49.49,other,retail_simulated_bank
2023-10-13,CARD/PAYMENT/INTERNET/BILL,174.75,other,retail_simulated_bank
2024-02-25,online*purchase*mortgage 513974,1839.64,other,retail_simulated_bank
2023-04-15,TRANSPORT PAYMENT FUEL 920602,147.52,transportation,retail_simulated_bank
2023-11-29,Card Payment Rent,732.64,other,retail_simulated_bank
2024-12-11,ONLINE PURCHASE MORTGAGE 717402,1961.31,other,retail_simulated_bank
2024-12-05,POS PURCHASE GAS BILL,197.58,other,retail_simulated_bank
2023-01-19,fuel fuel,12.92,transportation,retail_simulated_bank
2023-08-27,online purchase gym membership,22.89,other,retail_simulated_bank
2023-01-22,ONLINE-PURCHASE-GYM-MEMBERSHIP 617844,5.47,other,retail_simulated_bank
2023-09-07,online purchase netflix 313069,30.83,other,retail_simulated_bank
2023-10-31,CARD*PAYMENT*NETFLIX 99198,18.11,other,retail_simulated_bank
2023-09-01,Pos Purchase Water Bill 491704,171.25,other,retail_simulated_bank
2023-10-12,CARD*PMT*MORTGAGE 257684,1060.17,other,retail_simulated_bank
2024-02-29,TRANSPORT PMT UBER RIDE 239248,79.57,transportation,retail_simulated_bank
2023-12-06,card pmt mortgage,920.61,other,retail_simulated_bank
2023-02-25,FUEL TRAIN TICKET 728322,33.26,transportation,retail_simulated_bank
2023-08-16,Online Purchase Rent,1574.79,other,retail_simulated_bank
2024-10-06,POS PURCHASE SPOTIFY,11.42,other,retail_simulated_bank
2023-03-13,CARD PAYMENT MILK 350934,130.87,groceries,retail_simulated_bank
2023-07-29,ONLINE-PURCHASE-ELECTRICITY-BILL 22170,61.14,other,retail_simulated_bank
2023-07-29,POS PURCHASE ELECTRICITY BILL 588664,150.75,other,retail_simulated_bank
2023-06-18,card payment electrici,132.76,other,retail_simulated_bank
2023-09-12,card*payment*rent 560074,847.01,other,retail_simulated_bank
2024-10-12,transport pmt b,87.73,transportation,retail_simulated_bank
2024-01-04,Pos Purchase Gas Bill 616047,135.86,other,retail_simulated_bank
2024-03-27,online purchase fast food,27.66,other,retail_simulated_bank
2024-03-19,CARD PMT FOOD DELIV,92.58,other,retail_simulated_bank
2024-05-08,online-purchase-online-purchase 911978,123.48,other,retail_simulated_bank
2023-03-27,Pos*Purchase*Rice 312025,65.83,groceries,retail_simulated_bank
2023-06-06,card pmt misc expense 590714,90.49,other,retail_simulated_bank
2023-11-10,online purchase gym membership 783129,18.32,other,retail_simulated_bank
2024-09-12,Pos Purchase Fast Food 9282,58.15,other,retail_simulated_bank
2024-04-25,online purchase restaurant 758070,51.99,other,retail_simulated_bank
2024-05-27,card*payment*water*bill 735864,30.92,other,retail_simulated_bank
2024-02-09,Online Purchase Mortgage 994304,1895.97,other,retail_simulated_bank
2024-08-25,Card Payment Mortgage 380349,1030.94,other,retail_simulated_bank
2023-05-08,pos purchase rice 88912,133.09,groceries,retail_simulated_bank
2024-03-22,pos purchase food delivery 729231,26.87,other,retail_simulated_bank
2024-05-15,FUEL/BUS/PASS 218050,77.91,transportation,retail_simulated_bank
2024-03-10,pos/purchase/mortgage 4,1511.27,other,retail_simulated_bank
2024-01-06,Online/Purchase/Rent 390213,648.31,other,retail_simulated_bank
2023-09-25,Online Purchase Rent,1503.47,other,retail_simulated_bank
2023-09-11,CARD PAYMENT SPOTIFY 892903,10.16,other,retail_simulated_bank
2023-01-13,online purchase gym membership 874287,34.45,other,retail_simulated_bank
2024-01-29,card pmt milk 858667,97.73,groceries,retail_simulated_bank
2023-03-24,CARD PAYMENT FOOD DELIVERY 73942,89.17,other,retail_simulated_bank
2024-03-13,Pos-Purchase-Netflix 116556,10.8,other,retail_simulated_bank
2024-06-29,Fuel Bus Pass,76.6,transportation,retail_simulated_bank
2023-04-02,POS-PURCHASE-MORTGAGE 157381,1627.51,other,retail_simulated_bank
2023-12-19,Pos Purchase Vegetables 872987,87.17,groceries,retail_simulated_bank
2023-08-03,Pos Purchase Online Purchase,42.55,other,retail_simulated_bank
2023-06-22,online purchase mortga,608.99,other,retail_simulated_bank
2023-03-13,Pos-Purchase-Misc-Expense 880484,3.23,other,retail_simulated_bank
2024-11-01,CARD PMT MISC EXPENSE,80.17,other,retail_simulated_bank
2024-01-19,CARD-PMT-FUEL,28.08,transportation,retail_simulated_bank
2023-04-23,Card Payment Water Bill 682289,70.04,other,retail_simulated_bank
2023-07-10,Pos-Purchase-Food-Delivery 42,122.71,other,retail_simulated_bank
2023-07-16,CARD PMT ELECTRICITY BILL 29,208.02,other,retail_simulated_bank
2024-10-01,Transport Payment Fuel,67.79,transportation,retail_simulated_bank
2023-10-28,Pos Purchase Veg,27.42,groceries,retail_simulated_bank
2023-03-07,pos purchase rice,21.33,groceries,retail_simulated_bank
2024-05-04,fuel uber ride,89.09,transportation,retail_simulated_bank
2023-01-10,Pos Purchase Food Deliv,114.8,other,retail_simulated_bank
2023-01-08,Card Pmt Eggs,113.51,groceries,retail_simulated_bank
2023-01-08,CARD PMT RENT,1331.27,other,retail_simulated_bank
2023-09-30,pos*purchase*food*delivery 89474,79.45,other,retail_simulated_bank
2024-09-10,pos purchase fast food 303832,114.27,other,retail_simulated_bank
2023-12-18,Online*Purchase*Fast*Food,57.51,other,retail_simulated_bank
2024-11-12,card pmt train ticket,141.33,transportation,retail_simulated_bank
2023-12-31,online purchase fast food 397158,92.79,other,retail_simulated_bank
2023-01-04,POS*PURCHASE*MISC*EXPENSE,121.52,other,retail_simulated_bank
2023-05-23,Online Purchase Food Delivery 833431,62.07,other,retail_simulated_bank
2024-06-27,CARD PAYMENT CHICKEN 312186,21.07,groceries,retail_simulated_bank
2024-09-25,TRANSPORT PMT TRAIN TICKET 932698,57.16,transportation,retail_simulated_bank
2023-01-04,card pmt mortgage,1524.32,other,retail_simulated_bank
2023-02-16,Pos Purchase Mortgage,1104.29,other,retail_simulated_bank
2023-08-28,Online Purchase Misc Expense 584273,102.66,other,retail_simulated_bank
2023-03-25,Pos Purchase Spotify 146122,26.44,other,retail_simulated_bank
2024-05-02,TRANSPORT PMT FUEL,141.05,transportation,retail_simulated_bank
2023-07-19,online purchase rent 923716,1011.41,other,retail_simulated_bank
2024-05-31,ONLINE PURCHASE RENT 904440,1826.73,other,retail_simulated_bank
2023-03-31,CARD*PAYMENT*BREAD 826799,76.19,groceries,retail_simulated_bank
2024-04-01,CARD PAYMENT FUEL 461943,27.7,transportation,retail_simulated_bank
2023-09-04,Card*Payment*Rice 327773,100.41,groceries,retail_simulated_bank
2024-12-17,ONLINE PURCHASE WATER BILL,237.73,other,retail_simulated_bank
2023-01-30,pos purchase milk 882390,66.93,groceries,retail_simulated_bank
2023-08-14,Pos Purchase Gas Bill,198.59,other,retail_simulated_bank
2024-11-17,card payment mortgage 373991,1932.11,other,retail_simulated_bank
2024-07-01,card pmt vegetables 729603,22.96,groceries,retail_simulated_bank
2023-08-18,Online Purchase Mortgage,1568.5,other,retail_simulated_bank
2024-01-26,ONLINE*PURCHASE*GYM*MEMBERSHIP 488299,17.01,other,retail_simulated_bank
2023-04-29,online purchase mortgage,912.97,other,retail_simulated_bank
2023-12-15,Fuel Uber Ride,19.37,transportation,retail_simulated_bank
2024-01-12,pos purchase rent 346553,762.55,other,retail_simulated_bank
2023-01-02,Card Pmt Gas Bill 853611,156.92,other,retail_simulated_bank
2023-07-14,Card Payment Uber Ride 491979,89.74,transportation,retail_simulated_bank
2023-11-24,CARD PMT MISC EXPENSE 241301,147.04,other,retail_simulated_bank
2023-05-10,ONLINE*PURCHASE*MISC*EXPENSE,120.24,other,retail_simulated_bank
2024-02-09,pos-purchase-gym-membership,12.77,other,retail_simulated_bank
2023-11-20,Card Payment Chicken,128.3,groceries,retail_simulated_bank
2024-04-11,Card Pmt Gas Bill 228671,139.96,other,retail_simulated_bank
2024-12-20,Online Purchase Gas Bill,176.38,other,retail_simulated_bank
2024-05-29,Card/Pmt/Chicken 22767,50.06,groceries,retail_simulated_bank
2024-08-10,Pos-Purchase-Rent 1363,1786.74,other,retail_simulated_bank
2024-05-21,online purchase food delivery,124.82,other,retail_simulated_bank
2023-12-08,fuel fuel,11.65,transportation,retail_simulated_bank
2023-08-19,online-purchase-water-bill 161618,235.58,other,retail_simulated_bank
2024-05-14,ONLINE PURCHASE RENT,1686.45,other,retail_simulated_bank
2023-06-13,online purchase mortgage 570358,1741.02,other,retail_simulated_bank
2024-03-08,pos*purchase*chicken 704162,60.67,groceries,retail_simulated_bank
2024-02-05,online purchase mortgage 947857,1660.8,other,retail_simulated_bank
2023-10-17,POS PURCHASE CHICKEN 643411,109.83,groceries,retail_simulated_bank
2023-04-10,POS PURCHASE RENT,1367.21,other,retail_simulated_bank
2023-02-25,POS PURCHASE GAS BILL 336537,157.68,other,retail_simulated_bank
2023-06-17,CARD PMT MISC EXPENSE,70.26,other,retail_simulated_bank
2023-05-29,online purchase netflix,21.89,other,retail_simulated_bank
2024-10-28,POS PURCHASE WATER BILL 198315,73.04,other,retail_simulated_bank
2024-08-12,pos*purchase*eggs,109.72,groceries,retail_simulated_bank
2023-06-01,Card Pmt Vegetables 589395,118.47,groceries,retail_simulated_bank
2023-06-22,card pmt fast food,102.88,other,retail_simulated_bank
2024-04-30,pos purchase milk 827496,55.27,groceries,retail_simulated_bank
2023-12-13,Card Payment Electricity Bill,143.4,other,retail_simulated_bank
2024-02-18,POS*PURCHASE*SPOTIFY,26.94,other,retail_simulated_bank
2023-11-06,POS PURCHASE ELECTRICITY BILL,117.26,other,retail_simulated_bank
2024-12-09,pos-purchase-rent 87,1125.52,other,retail_simulated_bank
2024-10-27,POS PURCHASE ONLINE PURCHASE 40451,117.33,other,retail_simulated_bank
2024-03-31,online purchase fast food 526317,95.95,other,retail_simulated_bank
2023-03-26,Transport Payment Uber Ride,20.64,transportation,retail_simulated_bank
2024-06-05,POS PURCHASE RICE,97.29,groceries,retail_simulated_bank
2024-05-06,Pos Purchase Electricity Bill,247.22,other,retail_simulated_bank
2023-07-05,Card Pmt Uber Ride,119.77,transportation,retail_simulated_bank
2024-12-20,Online Purchase Fast Food 734005,149.99,other,retail_simulated_bank
2023-04-12,Online-Purchase-Fast-Food 915492,87.0,other,retail_simulated_bank
2024-07-04,Fuel Uber Ride 586255,107.92,transportation,retail_simulated_bank
2024-07-23,pos purchase internet bill 566986,34.34,other,retail_simulated_bank
2024-08-21,online purchase misc expens,12.4,other,retail_simulated_bank
2023-08-01,pos purchase gym membership,27.81,other,retail_simulated_bank
2023-07-04,CARD*PMT*RENT 451000,1438.74,other,retail_simulated_bank
2023-11-18,pos purchase chicken,68.74,groceries,retail_simulated_bank
2023-07-31,card pmt milk 537467,21.94,groceries,retail_simulated_bank
2023-02-05,CARD PMT RENT,959.46,other,retail_simulated_bank
2024-01-08,Pos/Purchase/Milk 278540,77.4,groceries,retail_simulated_bank
2023-01-01,Pos Purchase Netflix 668448,38.08,other,retail_simulated_bank
2023-10-28,ONLINE PURCHASE GAS BILL 771631,238.07,other,retail_simulated_bank
2023-11-17,Card Pmt Mortgage 947255,1286.62,other,retail_simulated_bank
2024-12-05,POS PURCHASE SPOTIFY,22.87,other,retail_simulated_bank
2023-08-31,Pos*Purchase*Vegetables,123.51,groceries,retail_simulated_bank
2023-08-09,Pos*Purchase*Bread,23.83,groceries,retail_simulated_bank
2024-09-29,pos purchase water bill,91.03,other,retail_simulated_bank
2023-09-24,POS PURCHASE RESTAURANT,83.83,other,retail_simulated_bank
2024-02-14,POS/PURCHASE/FOOD/DELIVERY,135.84,other,retail_simulated_bank
2024-11-23,pos purchase restaurant,141.88,other,retail_simulated_bank
2023-07-28,CARD PAYMENT FOOD DELIVERY 478302,24.06,other,retail_simulated_bank
2024-10-10,pos/purchase/vegetables 322410,110.7,groceries,retail_simulated_bank
2024-10-25,card*payment*rent 735661,1389.1,other,retail_simulated_bank
2023-06-07,Card Pmt Online Purchase 726932,64.69,other,retail_simulated_bank
2024-09-10,TRANSPORT PAYMENT FUEL,58.7,transportation,retail_simulated_bank
2024-12-01,pos*purchase*electricity*bill,146.92,other,retail_simulated_bank
2024-01-07,Pos Purchase Spotify 20892,27.41,other,retail_simulated_bank
2023-08-20,transport payment bus pass 885388,24.51,transportation,retail_simulated_bank
2023-08-16,FUEL UBER RIDE 31,17.4,transportation,retail_simulated_bank
2023-05-07,Card Payment Restaurant 672328,118.06,other,retail_simulated_bank
2023-04-08,Online Purchase Gas Bill,207.5,other,retail_simulated_bank
2024-07-18,Card Payment Spotify 607654,35.29,other,retail_simulated_bank
2023-06-24,card payment uber r,134.8,transportation,retail_simulated_bank
2024-11-25,fuel-fuel 846893,29.56,transportation,retail_simulated_bank
2023-05-11,Card Payment Misc Expense 701332,73.1,other,retail_simulated_bank
2024-12-31,Fuel-Uber-Ride 628421,103.94,transportation,retail_simulated_bank
2023-10-01,online purchase water bill 69418,154.86,other,retail_simulated_bank
2024-01-15,CARD PAYMENT VEGETABLES 865721,96.96,groceries,retail_simulated_bank
2024-04-13,pos-purchase-rent 80,1185.54,other,retail_simulated_bank
2024-05-29,Pos Purchase Internet Bill 560157,205.66,other,retail_simulated_bank
2024-06-17,CARD PAYMENT BUS PASS 478441,143.03,transportation,retail_simulated_bank
2023-11-09,Card-Pmt-Rent 370420,1801.09,other,retail_simulated_bank
2024-10-11,online purchase fast food 317659,127.25,other,retail_simulated_bank
2023-04-06,Pos Purchase Milk,110.3,groceries,retail_simulated_bank
2024-05-19,Card/Pmt/Electricity/Bill 47635,92.89,other,retail_simulated_bank
2024-03-10,ONLINE/PURCHASE/ONLINE/PURCHASE,144.44,other,retail_simulated_bank
2024-11-24,online purchase rent,1321.02,other,retail_simulated_bank
2023-07-14,Pos Purchase Gym Membership,5.49,other,retail_simulated_bank
2024-12-20,Pos Purchase Online Purchase,107.98,other,retail_simulated_bank
2024-11-08,card/pmt/gym/membership 184987,39.8,other,retail_simulated_bank
2023-06-22,CARD PAYMENT ONLINE PURCHASE 348656,92.28,other,retail_simulated_bank
2023-05-17,Pos Purchase Rent 655835,1113.87,other,retail_simulated_bank
2024-01-24,Pos Purchase Spotify 940559,19.8,other,retail_simulated_bank
2024-11-26,Card Payment Gas Bill 386414,104.35,other,retail_simulated_bank
2023-09-29,CARD*PMT*ELECTRICI,136.29,other,retail_simulated_bank
2023-08-11,CARD*PMT*ELECTRICITY*BILL 28092,155.15,other,retail_simulated_bank
2024-09-24,Fuel Uber Ride,140.51,transportation,retail_simulated_bank
2023-01-07,CARD PMT MISC EXPENSE 572195,11.45,other,retail_simulated_bank
2023-01-06,online purchase spotify 414751,17.39,other,retail_simulated_bank
2023-01-10,Fuel Train Ticket,62.1,transportation,retail_simulated_bank
2023-03-28,POS PURCHASE RICE 927134,75.33,groceries,retail_simulated_bank
2024-05-14,ONLINE*PURCHASE*GYM*MEMBERSHIP,19.38,other,retail_simulated_bank
2023-09-14,pos purchase bread,116.11,groceries,retail_simulated_bank
2024-03-14,ONLINE*PURCHASE*INTERNET*BILL 381641,95.84,other,retail_simulated_bank
2024-03-25,Pos Purchase Ga,126.49,other,retail_simulated_bank
2024-01-03,Card/Payment/Water/Bill 106194,125.47,other,retail_simulated_bank
2023-10-19,pos purchase online purchase 248251,19.27,other,retail_simulated_bank
2023-12-06,CARD PAYMENT BREAD 849,61.0,groceries,retail_simulated_bank
2024-05-05,card pmt bread,100.93,groceries,retail_simulated_bank
2024-05-22,CARD PAYMENT MORTGAGE 27788,1284.69,other,retail_simulated_bank
2024-02-14,ONLINE PURCHASE ONLINE PURCHASE 845822,50.76,other,retail_simulated_bank
2024-02-03,Pos-Purchase-Gym-Membership 962958,34.51,other,retail_simulated_bank
2023-05-10,POS PURCHASE ELECTRICITY BILL,204.4,other,retail_simulated_bank
2023-08-31,Card Pmt Gas Bill 818160,198.82,other,retail_simulated_bank
2024-03-15,pos purchase veget,124.99,groceries,retail_simulated_bank
2023-10-16,Pos Purchase Gym Membership 142383,21.81,other,retail_simulated_bank
2023-09-11,Pos/Purchase/Restaurant,114.85,other,retail_simulated_bank
2023-10-15,online*purchase*netflix,11.54,other,retail_simulated_bank
2024-12-18,ONLINE PURCHASE ONLINE PURCHASE,130.03,other,retail_simulated_bank
2023-04-16,card/payment/inter,185.42,other,retail_simulated_bank
2024-10-06,POS PURCHASE RENT 5328,1796.82,other,retail_simulated_bank
2023-02-09,Pos Purchase Rent 9479,785.21,other,retail_simulated_bank
2024-03-12,Fuel Train Ticket,139.58,transportation,retail_simulated_bank
2023-02-22,Pos Purchase Chicken,32.35,groceries,retail_simulated_bank
2024-12-17,Online Purchase Fast Food 790872,80.17,other,retail_simulated_bank
2023-03-04,Online/Purchase/Rent,1196.51,other,retail_simulated_bank
2023-10-03,Pos Purchase Spotify 671,15.65,other,retail_simulated_bank
2024-12-29,Transport Payment Bus Pass,141.62,transportation,retail_simulated_bank
2023-02-18,Pos Purchase Restaurant 403740,50.02,other,retail_simulated_bank
2023-11-26,online purchase electricity bill,175.29,other,retail_simulated_bank
2023-04-14,online-purchase-ga,229.87,other,retail_simulated_bank
2024-05-18,pos purchase restaurant 983770,40.08,other,retail_simulated_bank
2023-04-10,Card Pmt Bus Pass 181860,47.74,transportation,retail_simulated_bank
2023-05-14,Pos-Purchase-Rent 891788,1678.65,other,retail_simulated_bank
2024-01-06,CARD PAYMENT BUS PASS,111.97,transportation,retail_simulated_bank
2024-08-21,pos purchase mortgage 848947,986.33,other,retail_simulated_bank
2023-05-14,Online Purchase Restaurant,133.42,other,retail_simulated_bank
2024-11-01,Pos Purchase Rent,1955.66,other,retail_simulated_bank
2024-04-01,Online Purchase Online Purchase 171873,31.36,other,retail_simulated_bank
2024-09-25,Pos Purchase Milk,141.45,groceries,retail_simulated_bank
2023-07-26,Card Pmt Bus Pass 276373,109.63,transportation,retail_simulated_bank
2024-03-04,Online Purchase Gym Membe,9.47,other,retail_simulated_bank
2024-07-27,Card/Payment/Gym/Memb,35.7,other,retail_simulated_bank
2023-05-01,TRANSPORT/PMT/BUS/PASS,68.93,transportation,retail_simulated_bank
2024-06-20,online purchase re,73.97,other,retail_simulated_bank
2023-05-13,online*purchase*netflix 896938,14.6,other,retail_simulated_bank
2023-03-04,Fuel Uber Ride,143.5,transportation,retail_simulated_bank
2024-02-12,Pos Purchase Online Purchase 522909,111.89,other,retail_simulated_bank
2024-06-09,Pos Purchase Food Delivery,81.27,other,retail_simulated_bank
2024-06-05,POS PURCHASE BREAD 206457,67.35,groceries,retail_simulated_bank
2024-02-15,pos purchase food delivery,117.57,other,retail_simulated_bank
2024-08-08,card payment spotify,5.13,other,retail_simulated_bank
2024-04-11,ONLINE PURCHASE ELECTRICITY BILL 246138,203.94,other,retail_simulated_bank
2023-08-14,ONLINE PURCHASE GYM MEMBERSHIP 272325,14.06,other,retail_simulated_bank
2023-06-25,fuel bus pass 220244,84.17,transportation,retail_simulated_bank
2024-10-16,Pos*Purchase*Electricity,94.21,other,retail_simulated_bank
2023-02-22,Card Pmt Gas Bill,89.5,other,retail_simulated_bank
2023-04-29,POS PURCHASE RENT,893.96,other,retail_simulated_bank
2024-09-11,CARD PMT VEGETABLES 663956,54.08,groceries,retail_simulated_bank
2024-12-23,TRANSPORT PMT BUS PASS 457292,15.24,transportation,retail_simulated_bank
2024-09-18,card pmt spotify 998146,19.29,other,retail_simulated_bank
2024-10-02,TRANSPORT-PMT-BUS-PASS,147.83,transportation,retail_simulated_bank
2023-08-13,Card Pmt Online Purchase,124.12,other,retail_simulated_bank
2024-07-04,CARD PMT MORTGAGE 565993,1960.25,other,retail_simulated_bank
2024-10-31,Pos Purchase Rent,1563.36,other,retail_simulated_bank
2023-08-14,Fuel Train Ticket,123.08,transportation,retail_simulated_bank
2024-10-06,transport/pmt/bus/pass,32.98,transportation,retail_simulated_bank
2023-08-26,Card/Pmt/Misc/Expense 675243,25.88,other,retail_simulated_bank
2023-04-06,Pos Purchase Mortgage 166886,1863.04,other,retail_simulated_bank
2023-06-30,Card Pmt Restaurant 624495,70.53,other,retail_simulated_bank
2023-10-16,POS-PURCHASE-INTERNET-BILL,69.69,other,retail_simulated_bank
2023-07-01,Pos Purchase Eggs 29221,26.95,groceries,retail_simulated_bank
2023-07-12,Pos Purchase Misc Expense,104.04,other,retail_simulated_bank
2023-09-09,card pmt bread,13.59,groceries,retail_simulated_bank
2023-04-13,CARD PAYMENT FOOD DELIVERY,145.65,other,retail_simulated_bank
2024-09-09,online purchase rent,1731.19,other,retail_simulated_bank
2023-04-23,pos/purchase/rice,59.45,groceries,retail_simulated_bank
2024-10-21,Pos Purchase Online Purchase 950101,115.23,other,retail_simulated_bank
2023-03-27,POS PURCHASE BREAD 440016,39.51,groceries,retail_simulated_bank
2024-09-06,transport payment train ticket 47,140.97,transportation,retail_simulated_bank
2023-04-19,Pos/Purchase/Milk,143.77,groceries,retail_simulated_bank
2023-03-29,POS PURCHASE GYM MEMBERSHIP 99679,34.85,other,retail_simulated_bank
2024-03-30,Card Pmt Water Bill,153.83,other,retail_simulated_bank
2024-05-05,Card Payment Online Purchase,48.19,other,retail_simulated_bank
2024-10-04,ONLINE PURCHASE WATER BILL,182.25,other,retail_simulated_bank
2024-07-11,online*purchase*netflix,6.56,other,retail_simulated_bank
2024-03-01,transport/payment/uber/ride 727182,78.2,transportation,retail_simulated_bank
2024-03-13,card*pmt*electricity*bill,35.28,other,retail_simulated_bank
2023-10-21,online purchase restaurant,54.94,other,retail_simulated_bank
2023-04-26,CARD*PAYMENT*INTERNET*BILL 515476,187.27,other,retail_simulated_bank
2023-08-18,card payment restaurant 648967,148.64,other,retail_simulated_bank
2024-09-22,POS/PURCHASE/EGGS 146274,55.52,groceries,retail_simulated_bank
2023-03-28,fuel uber ride 168049,55.99,transportation,retail_simulated_bank
2024-03-14,POS PURCHASE CHICKEN,25.21,groceries,retail_simulated_bank
2023-06-03,ONLINE PURCHASE SPOTIFY 340202,28.78,other,retail_simulated_bank
2023-04-17,online purchase mortgage 325594,1001.81,other,retail_simulated_bank
2023-09-29,Card Pmt Fuel 162576,100.27,transportation,retail_simulated_bank
2023-06-02,ONLINE PURCHASE ONLINE PURCHASE 988587,118.96,other,retail_simulated_bank
2024-02-04,Card/Pmt/Online/Purchase,50.08,other,retail_simulated_bank
2024-05-04,Pos Purchase Food Delivery 829458,120.14,other,retail_simulated_bank
2024-03-13,CARD/PMT/ONLINE/PURCHASE 542325,19.64,other,retail_simulated_bank
2023-05-11,online purchase mortgage 32326,1052.27,other,retail_simulated_bank
2024-05-07,Card Pmt Internet Bill,138.73,other,retail_simulated_bank
2023-05-22,Pos Purchase Mortgage 963042,1491.25,other,retail_simulated_bank
2024-07-16,Card/Pmt/Online/Purchase 618427,59.33,other,retail_simulated_bank
2024-06-29,online*purchase*food*delivery 171306,81.46,other,retail_simulated_bank
2024-03-07,pos purchase n,25.33,other,retail_simulated_bank
2023-08-13,online-purchase-gym-membership,33.4,other,retail_simulated_bank
2023-01-18,Online/Purchase/Rent 976264,604.01,other,retail_simulated_bank
2023-04-23,fuel fuel,143.77,transportation,retail_simulated_bank
2023-05-23,Card Pmt Eggs 642000,56.05,groceries,retail_simulated_bank
2024-07-18,fuel fuel 886126,24.19,transportation,retail_simulated_bank
2023-08-18,Online Purchase Restaurant,33.98,other,retail_simulated_bank
2024-12-13,card payment vegetables 101463,23.26,groceries,retail_simulated_bank
2024-03-10,Card*Payment*Rent,636.89,other,retail_simulated_bank
2024-11-09,Card Payment Uber Ride 371327,106.11,transportation,retail_simulated_bank
2023-06-11,online purchase netflix 440660,25.79,other,retail_simulated_bank
2023-03-22,Pos Purchase Bread 508706,56.69,groceries,retail_simulated_bank
2024-03-02,Online Purchase Electricity Bill 647631,212.83,other,retail_simulated_bank
2024-06-24,Online/Purchase/Water/Bill,60.82,other,retail_simulated_bank
2024-03-30,card*payment*mortgage,1611.58,other,retail_simulated_bank
2023-06-09,Pos Purchase Online Purchase 90446,45.16,other,retail_simulated_bank
2023-06-27,Pos Purchase Vegetables,7.72,groceries,retail_simulated_bank
2024-11-27,ONLINE PURCHASE NETFLIX 1089,34.14,other,retail_simulated_bank
2023-09-22,card pmt food delivery 260090,107.58,other,retail_simulated_bank
2023-06-10,pos-purchase-gym-membership 971169,12.96,other,retail_simulated_bank
2023-05-09,Transport-Pmt-Uber-Ride 118587,79.66,transportation,retail_simulated_bank
2024-02-06,ONLINE*PURCHASE*RENT 130581,678.4,other,retail_simulated_bank
2023-11-17,Card Payment Electricity Bill 6,133.06,other,retail_simulated_bank
2024-01-16,ONLINE PURCHASE MORTGAGE 7480,830.75,other,retail_simulated_bank
2023-03-21,ONLINE PURCHASE MORTGAGE 458796,751.76,other,retail_simulated_bank
2023-10-16,CARD PAYMENT BUS PASS 799261,7.12,transportation,retail_simulated_bank
2023-11-13,Online/Purchase/Electricity/Bill,161.36,other,retail_simulated_bank
2023-10-03,Card Pmt Water Bill,37.12,other,retail_simulated_bank
2024-07-31,card payment chicken 811798,86.03,groceries,retail_simulated_bank
2023-11-19,pos purchase misc expense 168817,9.72,other,retail_simulated_bank
2024-01-01,card payment eggs,4.25,groceries,retail_simulated_bank
2024-05-27,POS PURCHASE MISC EXPENSE 521350,143.93,other,retail_simulated_bank
2023-05-13,card payment gas bill,189.65,other,retail_simulated_bank
2024-05-30,Pos Purchase Rent 544293,1855.12,other,retail_simulated_bank
2023-06-03,POS PURCHASE CHICKEN 610574,121.7,groceries,retail_simulated_bank
2024-05-03,POS PURCHASE CHICKEN,120.02,groceries,retail_simulated_bank
2024-04-19,online purchase netflix,10.3,other,retail_simulated_bank
2023-08-26,Card Pmt Vegetables 755859,16.71,groceries,retail_simulated_bank
2024-05-28,Card Payment Water Bill 697531,65.43,other,retail_simulated_bank
2023-12-16,pos purchase gym membership,23.32,other,retail_simulated_bank
2024-01-04,card pmt restaurant 339525,52.84,other,retail_simulated_bank
2024-11-30,POS PURCHASE SPOTIFY,29.95,other,retail_simulated_bank
2024-09-17,Card Pmt Restaurant 213348,33.7,other,retail_simulated_bank
2024-05-24,online*purchase*netflix 440164,24.84,other,retail_simulated_bank
2023-11-13,card/pmt/milk 94,23.97,groceries,retail_simulated_bank
2023-06-23,Online/Purchase/Netflix 508671,20.92,other,retail_simulated_bank
2024-08-13,CARD*PAYMENT*TRAIN*TICKET,13.02,transportation,retail_simulated_bank
2023-07-03,FUEL BUS PASS,16.12,transportation,retail_simulated_bank
2023-09-20,online purchase mortgage 186144,1262.57,other,retail_simulated_bank
2023-05-24,Online Purchase Misc Expense 713068,98.59,other,retail_simulated_bank
2024-01-08,Pos Purchase Chicken,74.77,groceries,retail_simulated_bank
2024-09-26,Card Payment Misc Expense 875493,61.94,other,retail_simulated_bank
2024-10-01,POS PURCHASE RENT,1317.47,other,retail_simulated_bank
2024-02-28,CARD PAYMENT BUS PASS,15.27,transportation,retail_simulated_bank
2024-11-29,pos purchase spotify,35.64,other,retail_simulated_bank
2023-02-28,Card Pmt Chicken 38120,146.68,groceries,retail_simulated_bank
2023-06-08,pos purchase rent 998199,1385.12,other,retail_simulated_bank
2023-06-12,Card Pmt Online Purchase 765474,45.73,other,retail_simulated_bank
2024-04-18,pos purchase spotify,12.81,other,retail_simulated_bank
2024-07-01,ONLINE PURCHASE RENT 7778,1255.88,other,retail_simulated_bank
2023-07-04,card pmt misc expense,19.04,other,retail_simulated_bank
2024-03-19,online*purchase*rent,1891.49,other,retail_simulated_bank
2024-09-10,Card Pmt Internet Bill 92433,99.8,other,retail_simulated_bank
2024-05-02,card payment restaurant 978384,106.24,other,retail_simulated_bank
2024-07-12,POS PURCHASE EGGS 297834,69.82,groceries,retail_simulated_bank
2024-08-04,online purchase internet bill 421,76.96,other,retail_simulated_bank
2023-03-05,card payment chicken,116.81,groceries,retail_simulated_bank
2024-04-29,online purchase misc expense 342351,119.07,other,retail_simulated_bank
2024-12-01,ONLINE-PURCHASE-ELECTRICITY-BILL,35.05,other,retail_simulated_bank
2023-06-30,POS PURCHASE FAST FOOD 806833,40.05,other,retail_simulated_bank
2024-02-19,Pos Purchase Bread 546934,13.18,groceries,retail_simulated_bank
2024-04-07,pos purchase eggs 33129,131.45,groceries,retail_simulated_bank
2024-11-16,ONLINE-PURCHASE-MISC-EXPENSE 497663,80.14,other,retail_simulated_bank
2023-04-05,FUEL-TRAIN-TICKET 224380,125.09,transportation,retail_simulated_bank
2023-11-01,ONLINE PURCHASE FAST FOOD,144.61,other,retail_simulated_bank
2024-05-01,ONLINE PURCHASE WATER BILL,122.2,other,retail_simulated_bank
2024-03-23,Pos Purchase Gym Membership 647539,38.8,other,retail_simulated_bank
2024-07-28,Card Payment Fuel,123.98,transportation,retail_simulated_bank
2024-11-14,Pos Purchase Online Purchase,14.44,other,retail_simulated_bank
2023-11-21,Pos/Purchase/Gym/Membership 265569,28.24,other,retail_simulated_bank
2023-06-01,pos/purchase/bread 323563,134.79,groceries,retail_simulated_bank
2024-11-21,pos purchase fast food 769040,19.7,other,retail_simulated_bank
2023-01-04,ONLINE PURCHASE FA,79.54,other,retail_simulated_bank
2024-10-16,Online*Purchase*Restaurant 517196,96.24,other,retail_simulated_bank
2023-07-12,Card Pmt Netflix 399330,31.1,other,retail_simulated_bank
2023-06-20,Pos-Purchase-Food-Delivery 477510,83.27,other,retail_simulated_bank
2023-07-15,Pos/Purchase/Spotify,12.34,other,retail_simulated_bank
2023-11-06,POS PURCHASE RENT 860270,1109.31,other,retail_simulated_bank
2024-10-26,card pmt uber ride 933357,105.8,transportation,retail_simulated_bank
2023-12-27,pos purchase fast food 591426,63.33,other,retail_simulated_bank
2023-12-10,ONLINE PURCHASE MISC EXPENSE 58879,79.91,other,retail_simulated_bank
2024-01-18,pos purchase bread 35970,70.45,groceries,retail_simulated_bank
2024-11-06,online-purchase-water-bill,113.94,other,retail_simulated_bank
2023-04-12,Pos Purchase Mortgag,1582.93,other,retail_simulated_bank
2023-01-17,pos purchase milk,16.18,groceries,retail_simulated_bank
2024-09-30,CARD PMT SPOTIFY 40565,31.25,other,retail_simulated_bank
2023-02-03,Card Pmt Netflix 570427,22.62,other,retail_simulated_bank
2024-04-10,Online Purchase Mortgage,896.62,other,retail_simulated_bank
2023-05-08,Pos-Purchase-Spotify 937050,34.97,other,retail_simulated_bank
2024-10-22,fuel fuel 189302,63.7,transportation,retail_simulated_bank
2023-08-18,Card-Pmt-Mortgage 406303,1124.5,other,retail_simulated_bank
2023-11-11,pos*purchase*spotify,28.05,other,retail_simulated_bank
2023-01-05,card pmt misc expense,101.98,other,retail_simulated_bank
2023-06-07,POS PURCHASE RESTAURAN,5.28,other,retail_simulated_bank
2024-06-15,online purchase misc expense 739302,126.59,other,retail_simulated_bank
2024-08-08,Pos Purchase Misc Expense 333541,52.26,other,retail_simulated_bank
2024-02-05,online-purchase-restaurant 474981,84.69,other,retail_simulated_bank
2024-08-14,Pos Purchase Internet Bill 742064,206.29,other,retail_simulated_bank
2024-02-04,Pos Purchase Restaurant 501984,141.09,other,retail_simulated_bank
2023-06-12,Online Purchase Rent 15968,1045.37,other,retail_simulated_bank
2023-05-10,Pos Purchase Restaurant 262422,17.64,other,retail_simulated_bank
2024-10-04,online purchase netflix 551441,32.45,other,retail_simulated_bank
2023-07-28,CARD PAYMENT TRAIN TICKET,142.46,transportation,retail_simulated_bank
2023-01-12,Card Pmt Milk,6.77,groceries,retail_simulated_bank
2023-03-22,ONLINE PURCHASE RENT 499340,1590.61,other,retail_simulated_bank
2024-04-09,Card Payment Spotify 415497,30.7,other,retail_simulated_bank
2023-08-16,Card Pmt Mortgage,1513.53,other,retail_simulated_bank
2023-09-09,Card/Pmt/Train/Ticket 238523,81.71,transportation,retail_simulated_bank
2023-10-09,card payment mortgage 689374,1522.96,other,retail_simulated_bank
2024-10-15,card*pmt*bread,95.23,groceries,retail_simulated_bank
2023-05-06,Pos-Purchase-Netflix 657511,37.45,other,retail_simulated_bank
2023-07-04,CARD-PMT-BREAD,44.52,groceries,retail_simulated_bank
2024-01-06,card payment milk 381410,75.65,groceries,retail_simulated_bank
2024-05-17,POS*PURCHASE*ONLINE*PURCHASE,60.45,other,retail_simulated_bank
2024-05-13,card/payment/online/purchase,63.82,other,retail_simulated_bank
2023-11-18,pos purchase rent,1187.87,other,retail_simulated_bank
2023-01-11,Online Purchase Mortgage,851.73,other,retail_simulated_bank
2023-12-22,ONLINE PURCHASE ELECTRICITY BILL 793124,105.42,other,retail_simulated_bank
2023-01-06,Pos Purchase Food Delivery 702840,91.2,other,retail_simulated_bank
2023-01-31,pos purchase gas bill,72.43,other,retail_simulated_bank
2023-08-10,Pos Purchase Netflix 73610,31.63,other,retail_simulated_bank
2023-08-11,ONLINE/PURCHASE/MISC/EXPENSE,19.87,other,retail_simulated_bank
2023-03-27,Card Pmt Eggs,23.37,groceries,retail_simulated_bank
2023-04-05,ONLINE PURCHASE RENT,1274.2,other,retail_simulated_bank
2024-05-22,Fuel Bus Pass,71.66,transportation,retail_simulated_bank
2023-07-17,Card Payment Food Delivery 356,142.11,other,retail_simulated_bank
2023-10-15,Transport Payment Train Ticket 676327,32.09,transportation,retail_simulated_bank
2024-08-24,card payment re,88.8,other,retail_simulated_bank
2024-05-14,TRANSPORT/PAYMENT/TRAIN/TICKET,119.73,transportation,retail_simulated_bank
2023-10-06,Online Purchase Fast Food,65.29,other,retail_simulated_bank
2024-09-13,ONLINE PURCHASE MISC EXPENSE 987723,94.57,other,retail_simulated_bank
2023-12-28,POS PURCHASE FAST FOOD 953257,32.36,other,retail_simulated_bank
2023-02-04,Card*Pmt*Uber*Ride 987385,69.06,transportation,retail_simulated_bank
2024-10-22,Pos Purchase Spotify,15.27,other,retail_simulated_bank
2023-11-27,Card Payment Spotify,9.01,other,retail_simulated_bank
2023-03-16,Online Purchase Restaurant 967278,55.59,other,retail_simulated_bank
2023-05-06,Pos Purchase Gas Bill 68506,201.49,other,retail_simulated_bank
2023-12-03,pos purchase eggs 48,104.18,groceries,retail_simulated_bank
2023-08-27,Online Purchase Interne,100.74,other,retail_simulated_bank
2024-06-23,card pmt netflix 628407,26.06,other,retail_simulated_bank
2024-11-18,card pmt electricity bill,187.58,other,retail_simulated_bank
2024-03-07,POS PURCHASE CHICKEN 992787,134.22,groceries,retail_simulated_bank
2023-07-21,Card Payment Mortgage 307046,1048.17,other,retail_simulated_bank
2023-10-09,CARD PAYMENT RICE 470814,76.3,groceries,retail_simulated_bank
2023-06-25,card payment restaurant 474330,21.24,other,retail_simulated_bank
2023-01-22,Pos Purchase Spotify 323194,13.27,other,retail_simulated_bank
2024-08-12,FUEL UBER RIDE,97.62,transportation,retail_simulated_bank
2024-02-17,Card Payment Rice 848684,44.8,groceries,retail_simulated_bank
2023-02-10,Card-Payment-Chicken 845669,137.95,groceries,retail_simulated_bank
2023-04-08,Fuel/Uber/Ride 47189,13.21,transportation,retail_simulated_bank
2023-10-09,Card Payment Misc Expense 509819,109.32,other,retail_simulated_bank
2024-07-23,Transport Payment Bus Pass 135058,61.85,transportation,retail_simulated_bank
2023-02-18,Card-Payment-Misc-Expense 509337,75.59,other,retail_simulated_bank
2024-04-10,Online Purchase Fast Food,105.38,other,retail_simulated_bank
2023-05-05,ONLINE/PURCHASE/FOOD/DELIVERY 640670,145.17,other,retail_simulated_bank
2023-04-16,Pos Purchase Misc Expense 660432,140.84,other,retail_simulated_bank
2023-01-11,CARD PMT BREAD 591451,10.03,groceries,retail_simulated_bank
2024-03-22,card payment electricity bill 6,219.51,other,retail_simulated_bank
2024-01-13,Online Purchase Water Bill,189.3,other,retail_simulated_bank
2023-02-23,POS PURCHASE ONLINE PURCHASE,140.31,other,retail_simulated_bank
2023-11-08,CARD PAYMENT UBER RIDE 591012,19.29,transportation,retail_simulated_bank
2024-09-19,Card Payment Eggs,51.41,groceries,retail_simulated_bank
2023-06-24,Pos/Purchase/Misc/Expense 47417,42.68,other,retail_simulated_bank
2023-06-01,POS-PURCHASE-INTERNET-BILL,100.25,other,retail_simulated_bank
2024-11-15,Card Payment Misc Expense 798767,96.62,other,retail_simulated_bank
2024-08-14,POS PURCHASE CHICKEN 187,80.56,groceries,retail_simulated_bank
2023-10-15,Online Purchase Food Delivery,75.05,other,retail_simulated_bank
2023-09-28,transport-pmt-fuel,36.2,transportation,retail_simulated_bank
2023-12-28,online*purchase*misc*expense,107.57,other,retail_simulated_bank
2023-07-30,CARD PAYMENT NETFLIX,30.73,other,retail_simulated_bank
2023-08-06,card payment rent 283479,1292.45,other,retail_simulated_bank
2024-01-30,Pos Purchase Veg,34.77,groceries,retail_simulated_bank
2024-08-27,card/payment/internet/bill 10,75.91,other,retail_simulated_bank
2023-11-16,CARD PAYMENT MISC EXPENSE 449648,114.79,other,retail_simulated_bank
2023-04-19,Online-Purchase-Mortgage 331850,1786.93,other,retail_simulated_bank
2024-04-08,pos/purchase/water/bill,114.83,other,retail_simulated_bank
2023-07-12,Pos Purchase Online Purchase,117.66,other,retail_simulated_bank
2024-12-03,CARD PAYMENT EGGS,65.19,groceries,retail_simulated_bank
2023-04-20,card payment uber ride 736351,24.65,transportation,retail_simulated_bank
2023-07-11,Pos Purchase Rent,1851.74,other,retail_simulated_bank
2024-06-27,FUEL UBER RIDE 883198,73.01,transportation,retail_simulated_bank
2024-07-17,ONLINE PURCHASE FAST FOOD,42.04,other,retail_simulated_bank
2023-06-04,card*pmt*eggs 368701,66.43,groceries,retail_simulated_bank
2023-12-08,Online-Purchase-Food-Delivery 577847,66.33,other,retail_simulated_bank
2023-04-11,POS PURCHASE RICE 125894,43.07,groceries,retail_simulated_bank
2024-03-08,Card Payment Vegetables 313978,59.23,groceries,retail_simulated_bank
2023-10-10,Online*Purchase*Gas*Bill 511509,68.86,other,retail_simulated_bank
2024-11-28,Online*Purchase*Gym*Membe,20.17,other,retail_simulated_bank
2023-04-24,card payment vegetables 623727,39.59,groceries,retail_simulated_bank
2023-09-30,Online Purchase Electricity Bill 379175,37.85,other,retail_simulated_bank
2024-09-27,CARD PMT ELECTRICITY BILL 352331,90.6,other,retail_simulated_bank
2024-12-09,Online*Purchase*Mortgage,741.83,other,retail_simulated_bank
2023-07-28,Fuel Fuel,33.24,transportation,retail_simulated_bank
2023-10-22,Card/Payment/Bus/Pass 907601,106.76,transportation,retail_simulated_bank
2024-12-18,Pos-Purchase-Rent,1304.54,other,retail_simulated_bank
2024-12-05,Card Payment Spotify 191826,34.84,other,retail_simulated_bank
2023-07-11,POS/PURCHASE/WATER/BILL 243969,45.28,other,retail_simulated_bank
2023-01-14,TRANSPORT PMT FUEL 382891,23.85,transportation,retail_simulated_bank
2023-09-28,pos-purchase-mortgage,629.16,other,retail_simulated_bank
2023-01-10,POS PURCHASE BREAD 932443,102.84,groceries,retail_simulated_bank
2024-05-15,card payment spotify 337497,25.41,other,retail_simulated_bank
2023-02-16,Pos Purchase Online Purchase 983709,72.47,other,retail_simulated_bank
2023-10-25,ONLINE PURCHASE ONLINE PURCHASE 849504,86.39,other,retail_simulated_bank
2023-06-21,CARD-PAYMENT-ONLINE-PURCHASE,80.21,other,retail_simulated_bank
2023-04-13,card payment online purchase 635534,116.96,other,retail_simulated_bank
2023-12-26,TRANSPORT PMT BUS PASS 873407,69.53,transportation,retail_simulated_bank
2024-04-14,Card Pmt Spotify 135151,13.87,other,retail_simulated_bank
2023-12-08,Pos Purchase Eggs 942243,47.27,groceries,retail_simulated_bank
2024-09-02,ONLINE PURCHASE GYM MEMBERSHIP 73936,36.58,other,retail_simulated_bank
2024-06-15,pos purchase restaurant 901271,42.68,other,retail_simulated_bank
2023-08-14,Card Pmt Rent 360784,1174.45,other,retail_simulated_bank
2024-08-14,Online Purchase Rent 312977,643.27,other,retail_simulated_bank
2023-07-18,ONLINE PURCHASE MORTGAGE 982061,1642.11,other,retail_simulated_bank
2023-10-08,CARD PMT FOOD DELIVERY 153148,18.87,other,retail_simulated_bank
2023-06-29,Card Pmt Mortgage 548831,1826.53,other,retail_simulated_bank
2024-02-05,fuel bus pass 536063,133.54,transportation,retail_simulated_bank
2023-07-15,ONLINE PURCHASE SPOTIFY,14.67,other,retail_simulated_bank
2023-12-18,Pos Purchase Chicken 307414,79.45,groceries,retail_simulated_bank
2024-04-10,ONLINE PURCHASE ONLINE PURCHASE,66.72,other,retail_simulated_bank
2024-05-25,ONLINE PURCHASE SPOTIFY 219363,38.93,other,retail_simulated_bank
2023-10-24,online/purchase/rent,810.32,other,retail_simulated_bank
2023-10-23,POS PURCHASE GYM MEMBERSHIP 969073,15.63,other,retail_simulated_bank
2023-02-11,POS*PURCHASE*EGGS,5.29,groceries,retail_simulated_bank
2024-05-15,online purchase gas bill 67237,57.16,other,retail_simulated_bank
2024-11-07,Transport*Payment*Uber*Ride,66.26,transportation,retail_simulated_bank
2023-05-22,card pmt online purchase 787428,10.34,other,retail_simulated_bank
2024-05-29,FUEL BUS PASS 925765,118.43,transportation,retail_simulated_bank
2023-05-27,Card*Payment*Rent,1598.48,other,retail_simulated_bank
2023-10-25,ONLINE PURCHASE RENT 48095,1885.56,other,retail_simulated_bank
2024-11-25,Online Purchase Electricity,108.02,other,retail_simulated_bank
2023-04-11,card payment mortgage 801471,1953.67,other,retail_simulated_bank
2023-06-27,Transport Pmt Bus Pass 854814,90.76,transportation,retail_simulated_bank
2024-08-15,Card*Payment*Spotify 186472,16.29,other,retail_simulated_bank
2023-07-24,Pos/Purchase/Water/Bill 717324,121.59,other,retail_simulated_bank
2024-08-03,CARD PMT BUS PASS 851902,15.58,transportation,retail_simulated_bank
2024-03-23,CARD PAYMENT MORTGAGE 861470,1126.35,other,retail_simulated_bank
2024-12-11,Pos Purchase Bread 776769,80.41,groceries,retail_simulated_bank
2024-03-13,CARD PMT BUS PASS 341655,71.85,transportation,retail_simulated_bank
2024-04-17,ONLINE*PURCHASE*FAST*FOO,144.33,other,retail_simulated_bank
2024-03-07,Card-Payment-Chicken,6.88,groceries,retail_simulated_bank
2023-11-06,Pos Purchase Bread 77314,93.44,groceries,retail_simulated_bank
2024-01-18,pos purchase online purchase 752799,88.31,other,retail_simulated_bank
2023-05-09,Card Pmt Gas Bill,215.92,other,retail_simulated_bank
2024-06-14,ONLINE PURCHASE FOOD DELIVERY,3.88,other,retail_simulated_bank
2023-10-04,Pos Purchase Restaurant,15.44,other,retail_simulated_bank
2023-04-10,Pos Purchase Online Purchase,52.02,other,retail_simulated_bank
2024-12-08,online purchase misc expense 666849,86.12,other,retail_simulated_bank
2024-08-21,TRANSPORT PMT UBER RIDE 353552,20.85,transportation,retail_simulated_bank
2024-07-29,Pos Purchase Rent 204868,1322.77,other,retail_simulated_bank
2024-10-17,Card Pmt Mortgage 551466,1853.07,other,retail_simulated_bank
2023-11-15,ONLINE PURCHASE ONLINE PURCHASE 358427,47.23,other,retail_simulated_bank
2023-07-25,Card Pmt Rent 911042,1473.13,other,retail_simulated_bank
2024-09-10,card payment milk 663665,3.01,groceries,retail_simulated_bank
2023-07-29,CARD PAYMENT CHICKEN,17.24,groceries,retail_simulated_bank
2024-06-01,card pmt rice 9,6.62,groceries,retail_simulated_bank
2023-05-05,Card Payment Fast Food,11.18,other,retail_simulated_bank
2023-07-08,Transport Payment Fuel 513276,74.11,transportation,retail_simulated_bank
2024-07-13,Pos Purchase Online Purchase 939831,126.73,other,retail_simulated_bank
2024-09-23,fuel fuel,129.32,transportation,retail_simulated_bank
2023-01-23,Card Pmt Rice 224417,24.5,groceries,retail_simulated_bank
2023-06-24,ONLINE/PURCHASE/WATER/BILL 761365,174.64,other,retail_simulated_bank
2024-05-06,online purchase gym membership,12.01,other,retail_simulated_bank
2024-08-25,FUEL-BUS-PASS 873657,101.13,transportation,retail_simulated_bank
2024-02-05,Pos Purchase Fast Food,101.15,other,retail_simulated_bank
2024-04-20,ONLINE PURCHASE FOOD DELIVERY 905487,120.58,other,retail_simulated_bank
2023-10-18,ONLINE PURCHASE FAST FOOD 672938,24.78,other,retail_simulated_bank
2023-01-12,POS PURCHASE RESTAURANT 683359,85.94,other,retail_simulated_bank
2024-11-03,card payment spotify,27.76,other,retail_simulated_bank
2023-05-23,Card Pmt Spotify 156880,36.75,other,retail_simulated_bank
2023-01-10,pos-purchase-food-delivery 859174,70.38,other,retail_simulated_bank
2023-08-04,Card*Pmt*Gas*Bill 462788,219.42,other,retail_simulated_bank
2023-06-28,Card Pmt Fuel 45,78.42,transportation,retail_simulated_bank
2023-12-14,Pos Purchase Rent,1606.89,other,retail_simulated_bank
2023-05-24,Card Payment Food Delivery 650216,129.22,other,retail_simulated_bank
2023-03-11,FUEL BUS PASS,138.75,transportation,retail_simulated_bank
2024-04-28,pos-purchase-misc-expense 114956,58.35,other,retail_simulated_bank
2024-06-03,card-pmt-gym-membership 124674,29.8,other,retail_simulated_bank
2023-11-28,ONLINE PURCHASE MISC EXPENSE,22.03,other,retail_simulated_bank
2024-02-18,card pmt gym membership 814464,26.61,other,retail_simulated_bank
2023-06-12,Card Pmt Milk 9970,7.34,groceries,retail_simulated_bank
2024-11-26,pos-purchase-electricity-bill,139.88,other,retail_simulated_bank
2023-08-31,ONLINE PURCHASE FAST FOOD 735673,114.71,other,retail_simulated_bank
2024-01-29,CARD PMT BREAD 750,110.04,groceries,retail_simulated_bank
2023-03-05,Pos Purchase Misc Expense 433264,138.59,other,retail_simulated_bank
2023-03-16,POS/PURCHASE/SPOTIFY 529298,34.64,other,retail_simulated_bank
2023-01-31,Card Payment Fast Food,92.16,other,retail_simulated_bank
2023-05-17,CARD PAYMENT GAS BILL,128.89,other,retail_simulated_bank
2024-11-26,online purchase rent,1287.54,other,retail_simulated_bank
2023-06-15,Card/Payment/Train/Ticket 636362,32.58,transportation,retail_simulated_bank
2023-07-16,card pmt food delivery,121.87,other,retail_simulated_bank
2024-11-15,Card*Pmt*Chicken,6.56,groceries,retail_simulated_bank
2023-05-24,Card Payment Bread 532763,7.89,groceries,retail_simulated_bank
2024-08-04,CARD/PMT/EGGS 436786,116.83,groceries,retail_simulated_bank
2024-10-19,Card Pmt Netflix,28.88,other,retail_simulated_bank
2024-04-30,POS PURCHASE SPOTIFY 201489,12.26,other,retail_simulated_bank
2023-05-22,ONLINE PURCHASE SPOTIFY 891645,36.49,other,retail_simulated_bank
2024-10-02,CARD PAYMENT ONLINE PURCHASE,67.52,other,retail_simulated_bank
2023-05-11,Online Purchase Restaurant 472364,86.67,other,retail_simulated_bank
2024-05-25,online purchase misc expense 390742,17.83,other,retail_simulated_bank
2023-08-18,ONLINE PURCHASE ELECTRICITY BILL,102.8,other,retail_simulated_bank
2023-09-15,CARD PAYMENT MISC EXPENSE,138.57,other,retail_simulated_bank
2023-06-11,online purchase food delivery,55.61,other,retail_simulated_bank
2023-09-05,fuel/uber/ride 503198,81.56,transportation,retail_simulated_bank
2023-02-28,ONLINE/PURCHASE/MISC/EXPENSE 985430,61.69,other,retail_simulated_bank
2023-09-27,Online/Purchase/Gym/Membership,25.4,other,retail_simulated_bank
2023-07-25,online purchase rent 723600,1189.97,other,retail_simulated_bank
2024-07-14,transport payment uber ride 639936,23.48,transportation,retail_simulated_bank
2024-11-10,ONLINE/PURCHASE/MISC/EXPENSE,138.85,other,retail_simulated_bank
2024-07-31,Pos/Purchase/Bread,75.55,groceries,retail_simulated_bank
2023-12-21,Card Payment Gym Membership 643893,33.26,other,retail_simulated_bank
2024-09-19,CARD PAYMENT RICE 113827,90.93,groceries,retail_simulated_bank
2023-05-13,Pos Purchase Chicken 152411,73.38,groceries,retail_simulated_bank
2024-05-23,TRANSPORT PAYMENT UBER RIDE 799491,18.3,transportation,retail_simulated_bank
2023-11-07,Card/Pmt/Netflix,20.1,other,retail_simulated_bank
2023-02-26,Pos*Purchase*Online*Purchase,6.15,other,retail_simulated_bank
2024-01-24,Card*Payment*Bread 295305,81.53,groceries,retail_simulated_bank
2024-01-22,pos/purchase/rent 301010,673.0,other,retail_simulated_bank
2023-05-22,ONLINE PURCHASE RENT 22,1197.57,other,retail_simulated_bank
2024-09-22,POS PURCHASE RICE 556528,20.34,groceries,retail_simulated_bank
2024-03-23,Transport Payment Bus Pass,31.47,transportation,retail_simulated_bank
2024-08-25,CARD PAYMENT BREAD 665164,37.11,groceries,retail_simulated_bank
2024-07-03,Pos*Purchase*Bread 724349,63.72,groceries,retail_simulated_bank
2023-09-13,CARD PAYMENT NETFLIX,5.52,other,retail_simulated_bank
2023-05-10,ONLINE PURCHASE ONLINE PURCHASE 1,14.26,other,retail_simulated_bank
2023-11-18,POS PURCHASE RESTAURANT 239377,44.54,other,retail_simulated_bank
2023-05-13,transport/pmt/train/ticket 321279,149.72,transportation,retail_simulated_bank
2023-03-20,online purchase spotify,9.28,other,retail_simulated_bank
2023-07-30,pos purchase eggs 869137,140.94,groceries,retail_simulated_bank
2024-01-01,POS PURCHASE FOOD DELIVERY 490769,111.08,other,retail_simulated_bank
2023-11-06,Pos-Purchase-Online-Purchase 196086,68.2,other,retail_simulated_bank
2023-09-08,Fuel Bus Pass,130.74,transportation,retail_simulated_bank
2023-04-17,Online Purchase Spotify,23.95,other,retail_simulated_bank
2024-12-23,Card Pmt Eggs,135.36,groceries,retail_simulated_bank
2023-05-21,Pos Purchase Spotify 502140,12.12,other,retail_simulated_bank
2024-07-20,CARD-PMT-ONLINE-PURCHASE,47.83,other,retail_simulated_bank
2023-05-26,Pos Purchase Electricity Bill,209.6,other,retail_simulated_bank
2024-10-27,CARD PMT BREAD 904307,105.66,groceries,retail_simulated_bank
2023-01-22,CARD/PAYMENT/MISC/EXPENSE 359542,143.1,other,retail_simulated_bank
2024-08-25,POS PURCHASE RESTAURANT 24731,42.73,other,retail_simulated_bank
2023-03-28,Card/Pmt/Fast/Food,124.6,other,retail_simulated_bank
2024-01-29,Pos Purchase Eggs,128.62,groceries,retail_simulated_bank
2024-01-29,card payment restaurant,129.83,other,retail_simulated_bank
2024-01-24,Online Purchase Restaurant 40,35.99,other,retail_simulated_bank
2023-02-02,card payment internet bill,175.29,other,retail_simulated_bank
2023-12-11,Card Pmt Spotify 119632,36.85,other,retail_simulated_bank
2024-08-28,ONLINE/PURCHASE/MISC/EXPENSE 109811,122.11,other,retail_simulated_bank
2024-03-20,POS*PURCHASE*ELECTRICITY*BILL 384258,212.43,other,retail_simulated_bank
2023-02-28,Card Payment Misc Expense 291991,118.04,other,retail_simulated_bank
2024-11-25,ONLINE/PURCHASE/ONLINE/PURCHASE 176758,84.33,other,retail_simulated_bank
2024-08-04,card-payment-fuel,65.3,transportation,retail_simulated_bank
2024-01-26,POS/PURCHASE/MISC/EXPENSE,26.89,other,retail_simulated_bank
2023-09-01,Online Purchase Food Delivery,148.91,other,retail_simulated_bank
2023-10-08,Card Pmt Electricity Bill 549880,180.17,other,retail_simulated_bank
2023-10-30,CARD PMT BREAD,116.39,groceries,retail_simulated_bank
2023-10-08,Transport Payment Fuel 5,8.68,transportation,retail_simulated_bank
2024-10-30,transport pmt bus pass 598532,99.91,transportation,retail_simulated_bank
2024-08-05,Online/Purchase/Online/Purchase 625751,21.27,other,retail_simulated_bank
2024-03-30,online purchase mortgage,1786.63,other,retail_simulated_bank
2024-04-22,pos-purchase-restaurant 463269,67.67,other,retail_simulated_bank
2024-07-23,CARD PAYMENT EGGS,73.59,groceries,retail_simulated_bank
2023-10-11,POS PURCHASE INTERNET BILL 689681,236.54,other,retail_simulated_bank
2023-07-04,CARD PMT GYM MEMBE,7.24,other,retail_simulated_bank
2024-05-21,Card/Pmt/Bus/Pass,41.15,transportation,retail_simulated_bank
2024-09-24,CARD/PAYMENT/WATER/BILL,62.32,other,retail_simulated_bank
2023-07-08,ONLINE PURCHASE RENT,1516.44,other,retail_simulated_bank
2023-08-22,card payment mortgage 630217,658.74,other,retail_simulated_bank
2023-09-21,POS PURCHASE VEGETABLES 135770,148.82,groceries,retail_simulated_bank
2023-12-28,pos purchase vegetables,127.2,groceries,retail_simulated_bank
2023-04-22,CARD PAYMENT GYM MEMBERSHIP,13.21,other,retail_simulated_bank
2024-06-07,pos purchase chicken,68.24,groceries,retail_simulated_bank
2024-08-07,CARD/PMT/BREAD 341723,32.99,groceries,retail_simulated_bank
2024-03-12,FUEL FUEL 249924,13.49,transportation,retail_simulated_bank
2024-09-13,fuel train ticket,6.63,transportation,retail_simulated_bank
2024-02-22,Pos*Purchase*Misc*Expense 821264,52.24,other,retail_simulated_bank
2024-09-28,card pmt mortgage,1962.9,other,retail_simulated_bank
2023-10-25,Pos/Purchase/Bread 770885,57.14,groceries,retail_simulated_bank
2023-11-17,POS*PURCHASE*ELECTRICITY*BILL,76.53,other,retail_simulated_bank
2024-08-18,ONLINE*PURCHASE*GYM*MEMBERSHIP,22.79,other,retail_simulated_bank
2024-08-19,online purchase mortgage 77,1130.38,other,retail_simulated_bank
2024-01-26,card payment vegetables,109.76,groceries,retail_simulated_bank
2023-08-18,card pmt online purchase 223156,143.41,other,retail_simulated_bank
2024-03-04,online purchase gym membership,27.06,other,retail_simulated_bank
2023-02-22,CARD PAYMENT GYM MEMBERSHIP 243674,35.75,other,retail_simulated_bank
2023-11-21,Pos/Purchase/Spotify 875061,23.21,other,retail_simulated_bank
2023-10-28,Transport-Pmt-Train-Ticket 573291,125.89,transportation,retail_simulated_bank
2024-01-06,Pos Purchase Gas Bill 740981,198.88,other,retail_simulated_bank
2024-12-10,card pmt internet bill,243.93,other,retail_simulated_bank
2024-01-06,card-pmt-internet-bill,223.65,other,retail_simulated_bank
2023-03-20,Card Payment Eggs 632472,85.39,groceries,retail_simulated_bank
2024-04-04,FUEL FUEL,91.97,transportation,retail_simulated_bank
2023-05-09,Online Purchase Misc Expense,36.78,other,retail_simulated_bank
2024-08-21,Pos Purchase Netflix 162770,19.27,other,retail_simulated_bank
2023-12-16,Online Purchase Rent 733064,1714.2,other,retail_simulated_bank
2024-03-07,Fuel Uber Ride 793213,14.98,transportation,retail_simulated_bank
2023-07-22,Online/Purchase/Netf,27.14,other,retail_simulated_bank
2023-09-27,ONLINE PURCHASE INTERNET BILL 97500,56.57,other,retail_simulated_bank
2023-05-10,Pos Purchase Misc E,112.2,other,retail_simulated_bank
2023-01-25,POS PURCHASE ONLINE PURCHASE 684099,125.58,other,retail_simulated_bank
2024-06-26,Card Pmt Rent,785.33,other,retail_simulated_bank
2024-02-16,online purchase fast f,55.09,other,retail_simulated_bank
2023-12-11,POS PURCHASE RENT 968174,766.64,other,retail_simulated_bank
2023-02-16,Online Purchase Gym Membership,39.79,other,retail_simulated_bank
2024-04-04,CARD*PMT*VEGETABLES,138.35,groceries,retail_simulated_bank
2024-03-22,card pmt food delivery 677213,69.11,other,retail_simulated_bank
2023-07-07,Card Pmt Fuel 424642,105.92,transportation,retail_simulated_bank
2024-08-30,POS/PURCHASE/RENT,610.9,other,retail_simulated_bank
2024-03-25,Card*Pmt*Fuel 401082,58.77,transportation,retail_simulated_bank
2023-11-01,Pos Purchase Gas Bill 901175,51.32,other,retail_simulated_bank
2024-06-14,Card Pmt Fast Food,10.1,other,retail_simulated_bank
2023-10-20,pos/purchase/gym/membership,37.48,other,retail_simulated_bank
2023-07-02,card pmt fuel,49.83,transportation,retail_simulated_bank
2023-08-04,Pos Purchase Electricity Bill,191.62,other,retail_simulated_bank
2024-09-22,POS PURCHASE FOOD DELIVERY 244362,43.9,other,retail_simulated_bank
2023-06-19,Fuel/Uber/Ride 651924,54.06,transportation,retail_simulated_bank
2024-03-25,card*pmt*eggs 973892,43.26,groceries,retail_simulated_bank
2024-09-12,card payment water,231.89,other,retail_simulated_bank
2024-11-13,Online Purchase Online Purchase 285569,138.9,other,retail_simulated_bank
2024-07-19,Card Payment Train Ticket,17.11,transportation,retail_simulated_bank
2023-02-10,pos purchase online purchase,7.02,other,retail_simulated_bank
2023-01-27,card payment gym me,5.23,other,retail_simulated_bank
2024-08-07,Fuel Train Ticket,44.43,transportation,retail_simulated_bank
2023-05-10,Online Purchase Food Delivery,68.39,other,retail_simulated_bank
2023-04-23,Pos Purchase Misc Expense,46.36,other,retail_simulated_bank
2023-09-27,CARD/PAYMENT/RENT 996030,1205.17,other,retail_simulated_bank
2024-11-15,Pos Purchase Bread 522954,148.98,groceries,retail_simulated_bank
2023-08-16,pos purchase eggs 574649,121.14,groceries,retail_simulated_bank
2023-10-10,Card-Pmt-Rent 367639,1309.88,other,retail_simulated_bank
2024-11-19,Pos*Purchase*Food*Delivery,111.12,other,retail_simulated_bank
2023-11-19,online purchase online purchase 635562,106.9,other,retail_simulated_bank
2024-12-23,Pos Purchase Rice,17.76,groceries,retail_simulated_bank
2024-07-25,card/payment/misc/expense 327959,30.99,other,retail_simulated_bank
2023-09-09,pos purchase rent,1478.2,other,retail_simulated_bank
2023-07-20,pos purchase internet bill 556873,78.45,other,retail_simulated_bank
2023-07-11,FUEL FUEL,25.26,transportation,retail_simulated_bank
2023-04-01,Pos Purchase Mortgage 171895,878.0,other,retail_simulated_bank
2023-03-10,card*pmt*gym*membership 701006,5.11,other,retail_simulated_bank
2024-12-28,POS PURCHASE FOOD DELIVERY 9,92.85,other,retail_simulated_bank
2024-01-25,POS/PURCHASE/ELECTRICITY/BILL 705630,87.88,other,retail_simulated_bank
2024-11-03,Card-Pmt-Rent 289625,1277.93,other,retail_simulated_bank
2024-11-15,Online-Purchase-Gas-Bill,222.51,other,retail_simulated_bank
2024-02-06,ONLINE PURCHASE FAST FOOD,120.12,other,retail_simulated_bank
2023-08-13,CARD-PMT-SPOTIFY,15.34,other,retail_simulated_bank
2024-04-02,Pos Purchase Eggs 346114,64.68,groceries,retail_simulated_bank
2023-04-29,transport pmt train ticket,100.38,transportation,retail_simulated_bank
2023-12-22,Online Purchase Internet Bill 745934,175.33,other,retail_simulated_bank
2024-05-10,Pos Purchase Mortgage,1683.15,other,retail_simulated_bank
2024-12-04,pos purchase misc expense,91.36,other,retail_simulated_bank
2024-02-23,Card Payment Electricity Bill 290419,141.65,other,retail_simulated_bank
2023-09-25,pos purchase chicken 372601,116.45,groceries,retail_simulated_bank
2024-03-11,card pmt mortgage 369503,1732.64,other,retail_simulated_bank
2023-10-02,Pos/Purchase/Fast/Food,137.12,other,retail_simulated_bank
2024-10-13,online purchase food delivery 7,35.19,other,retail_simulated_bank
2024-02-24,Pos Purchase Online Purchase,48.35,other,retail_simulated_bank
2023-04-23,ONLINE PURCHASE WATER BILL,201.5,other,retail_simulated_bank
2023-01-21,online-purchase-gym-membership 74982,26.17,other,retail_simulated_bank
2024-12-22,pos purchase rent,726.35,other,retail_simulated_bank
2024-07-20,transport pmt bus pass 459244,115.73,transportation,retail_simulated_bank
2023-08-04,Pos Purchase Vegetables 423283,10.23,groceries,retail_simulated_bank
2024-07-02,transport pmt train ticket 308880,147.83,transportation,retail_simulated_bank
2023-06-15,Pos Purchase Food Delivery,36.71,other,retail_simulated_bank
2024-07-20,transport pmt bus pass 892912,63.77,transportation,retail_simulated_bank
2023-01-21,POS PURCHASE RENT 492795,650.5,other,retail_simulated_bank
2024-05-11,Pos Purchase Online Purchase,76.72,other,retail_simulated_bank
2023-01-25,card pmt bread,44.61,groceries,retail_simulated_bank
2024-01-22,Pos Purchase Water Bill 217265,194.98,other,retail_simulated_bank
2023-10-04,online purchase mortgage,1636.74,other,retail_simulated_bank
2024-05-31,Pos-Purchase-Online-Purchase 30,14.25,other,retail_simulated_bank
2024-07-08,POS*PURCHASE*MORTGAGE,1639.71,other,retail_simulated_bank
2024-02-05,pos purchase netflix,25.59,other,retail_simulated_bank
2023-01-24,Card Pmt Gas Bill 652770,123.53,other,retail_simulated_bank
2023-04-13,Fuel Bus Pass 726681,70.46,transportation,retail_simulated_bank
2024-03-15,Card-Pmt-Fuel,58.36,transportation,retail_simulated_bank
2024-07-28,POS PURCHASE BREAD,145.13,groceries,retail_simulated_bank
2024-12-20,Fuel Fuel 450889,44.81,transportation,retail_simulated_bank
2024-05-23,Online Purchase Gym Membership,5.6,other,retail_simulated_bank
2023-04-21,ONLINE*PURCHASE*MORTGAGE,1667.78,other,retail_simulated_bank
2023-01-26,Pos Purchase Restaurant,87.95,other,retail_simulated_bank
2024-05-03,Card Pmt Restaurant 970365,68.72,other,retail_simulated_bank
2024-10-07,Card-Pmt-Netflix,16.64,other,retail_simulated_bank
2023-08-01,pos purchase milk,85.45,groceries,retail_simulated_bank
2023-03-27,Card/Pmt/Misc/Expense 452921,90.23,other,retail_simulated_bank
2024-08-03,POS PURCHASE INTERNET BILL,134.17,other,retail_simulated_bank
2024-05-20,ONLINE/PURCHASE/ONLINE/PURCHASE 851969,11.66,other,retail_simulated_bank
2023-12-12,Fuel Fuel 957835,48.78,transportation,retail_simulated_bank
2024-12-06,Card Payment Online Purchase,8.37,other,retail_simulated_bank
2024-12-07,CARD PMT GYM MEMBERSHIP 274921,5.2,other,retail_simulated_bank
2024-10-29,online purchase internet bill 209497,98.86,other,retail_simulated_bank
2024-07-22,card payment gas bill 505325,136.26,other,retail_simulated_bank
2024-03-11,card pmt online purchase 80573,138.42,other,retail_simulated_bank
2023-06-15,Pos Purchase Rent,1659.64,other,retail_simulated_bank
2023-04-27,POS PURCHASE GYM MEMBERSHIP 301656,11.91,other,retail_simulated_bank
2024-10-03,Pos Purchase Rice,75.79,groceries,retail_simulated_bank
2024-07-14,POS PURCHASE MISC EXPENSE,23.56,other,retail_simulated_bank
2023-05-01,pos/purchase/fast/food 21052,4.36,other,retail_simulated_bank
2024-11-23,card*pmt*fast*food 381427,108.83,other,retail_simulated_bank
2024-01-16,Fuel Bus Pass 781840,93.42,transportation,retail_simulated_bank
2024-12-02,Pos Purchase Gym Membership 143361,15.16,other,retail_simulated_bank
2024-04-18,Online*Purchase*Gas*Bill,85.27,other,retail_simulated_bank
2023-05-19,Card Pmt Gas Bill,188.43,other,retail_simulated_bank
2023-06-03,pos purchase internet bill,121.59,other,retail_simulated_bank
2023-01-06,Card Pmt Restaurant 976201,149.02,other,retail_simulated_bank
2023-04-07,CARD PMT TRAIN TICKET 484928,32.29,transportation,retail_simulated_bank
2024-04-24,ONLINE PURCHASE SPOTIFY,7.14,other,retail_simulated_bank
2023-08-20,Card Payment Netflix 257611,27.27,other,retail_simulated_bank
2023-10-09,Transport*Payment*Uber*Ride,139.4,transportation,retail_simulated_bank
2023-11-10,transport pmt fuel 410452,88.92,transportation,retail_simulated_bank
2024-07-28,Card Payment Fuel,140.34,transportation,retail_simulated_bank
2023-06-06,card*payment*gym*membership 701965,7.71,other,retail_simulated_bank
2023-07-02,card pmt vegetables 642251,34.82,groceries,retail_simulated_bank
2024-06-18,card pmt uber ride,21.63,transportation,retail_simulated_bank
2024-08-29,card*pmt*gym*members,16.56,other,retail_simulated_bank
2024-09-22,Card*Payment*Spotify 961789,30.8,other,retail_simulated_bank
2023-08-26,Card/Pmt/Mortgage 403983,603.74,other,retail_simulated_bank
2023-05-27,ONLINE PURCHASE ELECTRICITY BIL,165.28,other,retail_simulated_bank
2023-02-23,POS PURCHASE INTERNET BILL 505225,101.13,other,retail_simulated_bank
2023-11-06,pos purchase internet bill 16065,133.77,other,retail_simulated_bank
2024-01-30,Online Purchase Netflix,18.76,other,retail_simulated_bank
2023-11-21,Pos Purchase Mortgage 746137,1774.11,other,retail_simulated_bank
2023-06-20,ONLINE PURCHASE NETFLIX 699465,34.48,other,retail_simulated_bank
2024-07-27,card pmt mortgage 683663,1775.83,other,retail_simulated_bank
2023-09-14,Card Pmt Fast Food,105.18,other,retail_simulated_bank
2023-12-23,card payment rent,1209.58,other,retail_simulated_bank
2024-11-17,Pos Purchase Electricity Bil,218.18,other,retail_simulated_bank
2024-07-27,Transport Payment Fuel,34.43,transportation,retail_simulated_bank
2023-01-11,Online Purchase Internet,235.3,other,retail_simulated_bank
2024-08-23,online purchase internet bill 733190,72.88,other,retail_simulated_bank
2024-01-13,transport-payment-bus-pass,16.83,transportation,retail_simulated_bank
2023-02-04,Transport Pmt Uber Ride 655631,92.2,transportation,retail_simulated_bank
2024-12-13,Card/Payment/Mortgage,1157.61,other,retail_simulated_bank
2024-08-08,card/pmt/mortgage,680.12,other,retail_simulated_bank
2024-04-27,Card Pmt Online Purchase,129.89,other,retail_simulated_bank
2024-10-25,card pmt gym membership 789799,11.08,other,retail_simulated_bank
2023-01-30,online purchase online purchase,8.61,other,retail_simulated_bank
2023-05-15,online purchase gym membership 875813,30.77,other,retail_simulated_bank
2023-05-03,CARD/PMT/RICE 900640,125.61,groceries,retail_simulated_bank
2023-03-05,POS PURCHASE RICE 562672,96.71,groceries,retail_simulated_bank
2023-10-12,fuel-uber-ride,129.11,transportation,retail_simulated_bank
2023-01-18,online purchase online purchase 640879,99.3,other,retail_simulated_bank
2023-06-23,CARD PAYMENT BUS PASS,134.97,transportation,retail_simulated_bank
2024-11-11,CARD PMT GYM MEMBERSHIP,23.07,other,retail_simulated_bank
2024-11-16,CARD PAYMENT FAST FOOD 69079,126.14,other,retail_simulated_bank
2024-05-28,pos purchase milk,31.36,groceries,retail_simulated_bank
2023-10-10,Online*Purchase*Gas*Bill,127.55,other,retail_simulated_bank
2024-10-12,Pos Purchase Netflix 894561,19.32,other,retail_simulated_bank
2023-05-01,online purch,1384.78,other,retail_simulated_bank
2024-12-14,Card Pmt Fuel 211439,86.52,transportation,retail_simulated_bank
2023-04-01,Pos/Purchase/Chicken 627860,139.75,groceries,retail_simulated_bank
2023-03-30,card pmt milk 599138,29.83,groceries,retail_simulated_bank
2023-06-23,card pmt gas bill 560143,242.47,other,retail_simulated_bank
2024-01-19,Pos Purchase Online Purchase,34.98,other,retail_simulated_bank
2023-09-10,ONLINE PURCHASE RESTAURANT,131.95,other,retail_simulated_bank
2023-05-16,card pmt train ticket,112.87,transportation,retail_simulated_bank
2023-10-21,FUEL-UBER-RIDE 15882,58.76,transportation,retail_simulated_bank
2023-08-20,online purchase gas bill 212800,99.42,other,retail_simulated_bank
2023-07-24,Card Payment Online Purchase 380229,43.1,other,retail_simulated_bank
2023-04-05,Online Purchase Gas Bill,126.71,other,retail_simulated_bank
2023-12-24,POS PURCHASE F,88.07,other,retail_simulated_bank
2024-12-04,Pos Purchase Misc Expense 292655,124.94,other,retail_simulated_bank
2024-08-22,ONLINE/PURCHASE/ONLINE/PURCHASE,8.4,other,retail_simulated_bank
2023-08-04,Card Payment Restaurant,82.08,other,retail_simulated_bank
2023-10-23,Pos Purchase Mortgage,1735.27,other,retail_simulated_bank
2023-10-03,pos purchase gas bill,140.83,other,retail_simulated_bank
2023-09-22,POS PURCHASE CHICKEN,116.69,groceries,retail_simulated_bank
2024-06-13,online purchase internet bill 441907,232.82,other,retail_simulated_bank
2023-11-27,Online Purchase Rent,1254.15,other,retail_simulated_bank
2023-02-04,fuel fuel,99.77,transportation,retail_simulated_bank
2023-01-09,card pmt uber ride,95.53,transportation,retail_simulated_bank
2023-04-13,pos purchase internet bill 823211,104.07,other,retail_simulated_bank
2023-07-10,online purchase gas bill 624932,132.71,other,retail_simulated_bank
2024-09-23,Online Purchase Online Purchase 644831,67.53,other,retail_simulated_bank
2024-03-21,pos purchase food delivery 920368,87.67,other,retail_simulated_bank
2024-01-18,online*purchase*mortgage,941.02,other,retail_simulated_bank
2023-02-11,Pos Purchase Spotify 348246,19.04,other,retail_simulated_bank
2024-08-14,POS PURCHASE ELECTRICITY BILL 191426,200.3,other,retail_simulated_bank
2024-06-08,CARD-PAYMENT-FOOD-DELIVERY 247033,7.2,other,retail_simulated_bank
2024-06-20,Pos Purchase Gas Bill 140217,242.35,other,retail_simulated_bank
2023-02-25,card/payment/water/bill 450,103.29,other,retail_simulated_bank
2023-05-25,card payment eggs 731253,119.55,groceries,retail_simulated_bank
2023-06-19,pos purchase misc expense,70.43,other,retail_simulated_bank
2023-07-25,POS PURCHASE RESTAURANT 352594,99.82,other,retail_simulated_bank
2023-07-28,Pos Purchase Gas Bill,70.61,other,retail_simulated_bank
2023-06-07,card pmt restaurant 694741,109.45,other,retail_simulated_bank
2023-04-13,POS PURCHASE MORTGAGE,823.06,other,retail_simulated_bank
2024-12-16,Online Purchase Food Delivery,103.96,other,retail_simulated_bank
2024-12-24,Card Pmt Internet Bil,212.9,other,retail_simulated_bank
2023-05-17,pos*purchase*electricity*bill,100.04,other,retail_simulated_bank
2024-11-21,pos-purchase-fast-food 192887,135.01,other,retail_simulated_bank
2023-12-22,Pos Purchase Mortgage,1347.76,other,retail_simulated_bank
2024-08-23,Online/Purchase/Food/Delivery 7,111.84,other,retail_simulated_bank
2023-07-02,CARD PAYMENT BREAD 174068,133.18,groceries,retail_simulated_bank
2023-12-15,pos purchase online purchase 134014,57.26,other,retail_simulated_bank
2023-03-21,Online Purchase Netflix 730425,31.31,other,retail_simulated_bank
2023-08-05,online purchase rent 992256,863.16,other,retail_simulated_bank
2024-01-29,fuel*fuel 750917,16.65,transportation,retail_simulated_bank
2024-02-01,Card Payment Rent,998.95,other,retail_simulated_bank
2024-03-07,Online Purchase Mortgage,1941.92,other,retail_simulated_bank
2023-04-19,Online Purchase Water Bill,143.82,other,retail_simulated_bank
2023-04-14,Card*Pmt*Restaurant 219169,53.9,other,retail_simulated_bank
2023-11-23,Card Payment Mortgage 271952,617.11,other,retail_simulated_bank
2024-10-31,CARD PMT INTERNET BILL 81475,32.55,other,retail_simulated_bank
2024-03-11,Card Payment Mortgage,676.32,other,retail_simulated_bank
2024-04-06,fuel uber ride 379615,91.73,transportation,retail_simulated_bank
2024-07-01,POS PURCHASE SPOTIFY,29.92,other,retail_simulated_bank
2024-03-10,FUEL UBER RIDE 723377,118.47,transportation,retail_simulated_bank
2023-01-08,ONLINE PURCHASE SPOTIFY,7.8,other,retail_simulated_bank
2024-09-21,transport pmt bus pass,32.05,transportation,retail_simulated_bank
2023-02-10,Online-Purchase-Mortgage,1250.67,other,retail_simulated_bank
2023-02-21,pos purchase rice 413698,70.66,groceries,retail_simulated_bank
2024-11-22,CARD*PAYMENT*GYM*MEM,19.9,other,retail_simulated_bank
2023-07-03,Card Payment Uber Ride 145455,82.78,transportation,retail_simulated_bank
2024-04-02,TRANSPORT PMT BUS PASS 520435,64.31,transportation,retail_simulated_bank
2024-09-02,card pmt bus pass,96.49,transportation,retail_simulated_bank
2024-06-28,Card Pmt Eggs,110.59,groceries,retail_simulated_bank
2023-04-07,online/purchase/mortgage 877134,717.67,other,retail_simulated_bank
2023-10-09,Online-Purchase-Water-Bill 6822,124.84,other,retail_simulated_bank
2023-09-07,Transport Payment Fuel 313865,104.28,transportation,retail_simulated_bank
2023-12-01,CARD-PMT-MISC-EXPENSE 872565,8.97,other,retail_simulated_bank
2024-10-15,transport payment uber ride 322778,24.57,transportation,retail_simulated_bank
2023-03-22,Online Purchase Online Purchase,59.14,other,retail_simulated_bank
2023-01-23,Transport*Payment*Bus*Pass 511317,65.11,transportation,retail_simulated_bank
2023-03-23,POS PURCHASE GAS BILL,193.39,other,retail_simulated_bank
2023-07-16,Card Pmt Misc Expense,144.88,other,retail_simulated_bank
2024-07-06,ONLINE/PURCHASE/SPOTIFY,26.55,other,retail_simulated_bank
2023-02-20,Pos Purchase Online Purchase 31,105.06,other,retail_simulated_bank
2024-03-23,Fuel Fuel,34.64,transportation,retail_simulated_bank
2024-11-18,transport payment train ticket,43.7,transportation,retail_simulated_bank
2023-07-05,Card Pmt Chicken 422163,61.6,groceries,retail_simulated_bank
2023-01-20,card/payment/mortgage 13808,1170.06,other,retail_simulated_bank
2023-10-09,Pos Purchase Misc Expense,99.61,other,retail_simulated_bank
2024-10-12,Transport Pmt Fuel 7,91.06,transportation,retail_simulated_bank
2023-01-19,card-payment-uber-ride 7369,35.53,transportation,retail_simulated_bank
2024-12-30,Pos Purchase Mortgage 644945,1455.94,other,retail_simulated_bank
2023-12-03,Pos Purchase Spotify 917062,27.22,other,retail_simulated_bank
2023-12-18,Online Purchase Spot,24.52,other,retail_simulated_bank
2024-03-31,card payment bus pass 145196,53.92,transportation,retail_simulated_bank
2024-06-29,CARD PAYMENT INTERNET BILL 736519,139.77,other,retail_simulated_bank
2023-02-03,Card Payment Rent 40744,957.97,other,retail_simulated_bank
2023-12-20,Card-Payment-Rent,1385.86,other,retail_simulated_bank
2024-06-26,Pos Purchase Bread,112.96,groceries,retail_simulated_bank
2023-11-19,Card*Pmt*Bus*Pass 178029,45.9,transportation,retail_simulated_bank
2023-06-09,pos purchase food delivery 254905,71.7,other,retail_simulated_bank
2024-03-17,ONLINE PURCHASE GYM MEMBERSHIP 146477,17.31,other,retail_simulated_bank
2023-10-18,ONLINE PURCHASE RESTAURANT 287530,113.45,other,retail_simulated_bank
2024-07-04,CARD*PAYMENT*GYM*MEMBERSHIP,13.22,other,retail_simulated_bank
2023-04-10,Pos*Purchase*Internet*Bill 497636,216.93,other,retail_simulated_bank
2023-04-24,online purchase restaurant,34.06,other,retail_simulated_bank
2024-02-15,Card/Payment/Spotify,10.57,other,retail_simulated_bank
2024-09-05,ONLINE PURCHASE SPOTIFY,12.62,other,retail_simulated_bank
2024-10-07,TRANSPORT PAYMENT BUS PASS 539828,116.26,transportation,retail_simulated_bank
2024-10-10,Card Payment Vegetables,133.06,groceries,retail_simulated_bank
2024-06-29,pos purchase misc expense,76.84,other,retail_simulated_bank
2024-05-21,card*pmt*restaurant 970423,129.28,other,retail_simulated_bank
2024-04-05,pos purchase misc expense,45.08,other,retail_simulated_bank
2023-12-09,Online*Purchase*Water*Bill 211346,30.73,other,retail_simulated_bank
2024-11-30,online purchase misc expense,99.46,other,retail_simulated_bank
2024-03-04,POS PURCHASE RICE 201847,88.28,groceries,retail_simulated_bank
2023-01-30,pos-purchase-fast-food,30.76,other,retail_simulated_bank
2023-03-24,Pos Purchase Netflix 140626,26.7,other,retail_simulated_bank
2023-11-29,CARD PMT GYM MEMBERSHIP 755540,38.09,other,retail_simulated_bank
2024-12-01,Card Pmt Netflix,26.89,other,retail_simulated_bank
2024-09-07,Card Pmt Eggs 747454,6.34,groceries,retail_simulated_bank
2023-07-17,Pos Purchase Misc Expense,84.15,other,retail_simulated_bank
2023-09-03,Online/Purchase/Online/Purchase 854587,70.29,other,retail_simulated_bank
2023-11-27,card/payment/internet/bill 900260,232.7,other,retail_simulated_bank
2024-08-14,Card Pmt Gas Bill 183455,36.8,other,retail_simulated_bank
2024-09-09,CARD-PMT-FAST-FOOD,39.02,other,retail_simulated_bank
2024-04-17,POS PURCHASE RESTAURANT 374252,120.12,other,retail_simulated_bank
2023-12-06,POS PURCHASE GYM MEMBERSHIP 189714,26.14,other,retail_simulated_bank
2023-03-13,CARD-PAYMENT-ONLINE-PURCHASE 780522,38.99,other,retail_simulated_bank
2024-11-24,CARD PMT VEGETABLES,7.75,groceries,retail_simulated_bank
2024-01-30,CARD PMT FOOD DELIVERY 169025,149.34,other,retail_simulated_bank
2024-07-04,Card-Payment-Rice 918027,143.76,groceries,retail_simulated_bank
2024-10-24,Card Pmt Vegetables,117.16,groceries,retail_simulated_bank
2023-03-03,Pos*Purchase*Gym*Membership,21.83,other,retail_simulated_bank
2023-02-10,TRANSPORT-PMT-FUEL,124.76,transportation,retail_simulated_bank
2024-06-07,card payment fuel 364174,108.34,transportation,retail_simulated_bank
2023-05-30,Online Purchase Mortgage 92636,773.68,other,retail_simulated_bank
2024-08-16,POS PURCHASE MISC EXPENSE,114.42,other,retail_simulated_bank
2024-01-11,Card*Pmt*Online*Purchase,109.13,other,retail_simulated_bank
2023-09-06,CARD/PMT/FOOD/DELIVERY,52.96,other,retail_simulated_bank
2023-04-10,online purchase misc expense,33.88,other,retail_simulated_bank
2024-12-27,Transport Pmt Uber Ride,70.36,transportation,retail_simulated_bank
2023-12-17,Online Purchase Restaurant,114.28,other,retail_simulated_bank
2024-04-06,Fuel*Fuel 584616,51.61,transportation,retail_simulated_bank
2023-05-24,online purchase mortgage,1432.2,other,retail_simulated_bank
2024-07-31,CARD PAYMENT GAS BILL 938844,223.64,other,retail_simulated_bank
2023-06-12,Transport Pmt Bus Pass,48.08,transportation,retail_simulated_bank
2024-11-20,POS PURCHASE GYM ME,29.96,other,retail_simulated_bank
2024-12-12,FUEL TRAIN TICKET 140614,112.33,transportation,retail_simulated_bank
2023-09-21,pos purchase water bill 171153,219.01,other,retail_simulated_bank
2023-11-07,POS PURCHASE RENT 669973,896.33,other,retail_simulated_bank
2024-06-13,Online*Purchase*Electricity*Bill 124222,188.65,other,retail_simulated_bank
2023-06-24,online*purchase*fast*food 456150,93.91,other,retail_simulated_bank
2024-05-28,Transport Payment Train Ticket 251163,89.31,transportation,retail_simulated_bank
2024-05-11,FUEL BUS PASS,58.56,transportation,retail_simulated_bank
2024-05-10,CARD*PMT*RENT 256059,1274.87,other,retail_simulated_bank
2023-03-08,Card Payment Restaurant 472874,101.31,other,retail_simulated_bank
2023-08-18,fuel train ticket 533433,48.47,transportation,retail_simulated_bank
2023-05-03,online purchase gas bill,190.33,other,retail_simulated_bank
2024-10-15,Card Pmt Rent,1243.05,other,retail_simulated_bank
2024-06-20,card/payment/vegetables 342167,127.32,groceries,retail_simulated_bank
2024-10-03,Card Pmt Water Bill 768507,37.22,other,retail_simulated_bank
2023-10-05,POS PURCHASE EGGS 97315,77.59,groceries,retail_simulated_bank
2023-03-23,POS/PURCHASE/GYM/MEMBERSH,23.82,other,retail_simulated_bank
2024-06-19,card pmt online purchase,68.66,other,retail_simulated_bank
2024-12-07,Pos Purchase Water Bill,192.68,other,retail_simulated_bank
2023-07-01,Card Pmt Rent 441441,1604.33,other,retail_simulated_bank
2023-10-12,CARD PMT CHICKEN,42.07,groceries,retail_simulated_bank
2023-03-07,Card Pmt Vegetables 328269,30.93,groceries,retail_simulated_bank
2024-08-22,Online Purchase Gas Bill,80.07,other,retail_simulated_bank
2024-07-03,POS*PURCHASE*MISC*EXPENSE,71.25,other,retail_simulated_bank
2024-10-11,POS/PURCHASE/ONLINE/PURCHASE 777562,49.87,other,retail_simulated_bank
2024-03-28,card/pmt/bread,73.31,groceries,retail_simulated_bank
2024-07-09,Card Payment Rice 141315,32.02,groceries,retail_simulated_bank
2023-01-10,ONLINE/PURCHASE/NETFLIX,15.5,other,retail_simulated_bank
2024-03-29,pos purchase spotify 515141,8.9,other,retail_simulated_bank
2024-10-12,Pos Purchase Online Purchase,89.57,other,retail_simulated_bank
2024-02-21,CARD PAYMENT SPOTIFY 780700,13.81,other,retail_simulated_bank
2024-06-03,Online/Purchase/Spotify 325020,11.18,other,retail_simulated_bank
2024-10-22,pos purchase food delivery 170527,44.71,other,retail_simulated_bank
2023-09-12,TRANSPORT PMT BUS PASS 94228,130.49,transportation,retail_simulated_bank
2024-05-30,Card Pmt Bus Pass 96420,102.64,transportation,retail_simulated_bank
2023-07-06,Fuel Fuel,19.39,transportation,retail_simulated_bank
2024-06-05,pos purchase restaurant,49.92,other,retail_simulated_bank
2023-03-09,pos purchase fast food 253088,26.98,other,retail_simulated_bank
2023-04-07,ONLINE/PURCHASE/MISC/EXPENSE 72404,101.93,other,retail_simulated_bank
2024-12-04,ONLINE/PURCHASE/MISC/EXPENSE,53.34,other,retail_simulated_bank
2023-08-26,pos purchase netflix 186575,8.8,other,retail_simulated_bank
2024-06-27,Card-Pmt-Gas-Bill 553560,100.4,other,retail_simulated_bank
2024-09-16,ONLINE/PURCHASE/RESTAURANT,103.66,other,retail_simulated_bank
2024-02-10,POS PURCHASE WATER BILL,72.22,other,retail_simulated_bank
2024-09-16,pos purchase online purchase 94369,128.3,other,retail_simulated_bank
2024-04-30,CARD*PAYMENT*RENT 355093,1323.05,other,retail_simulated_bank
2023-09-27,POS/PURCHASE/MORTGAGE,977.14,other,retail_simulated_bank
2023-11-10,card pmt fast food 794637,57.51,other,retail_simulated_bank
2023-11-19,FUEL*BUS*PASS 524324,124.9,transportation,retail_simulated_bank
2024-02-07,Card Payment Fast Food,65.52,other,retail_simulated_bank
2024-02-18,card/payment/misc/expense,3.83,other,retail_simulated_bank
2023-05-24,CARD PMT RICE,54.98,groceries,retail_simulated_bank
2024-12-22,ONLINE PURCHASE FAST FOOD,5.86,other,retail_simulated_bank
2024-01-18,CARD PMT WATER BILL,86.3,other,retail_simulated_bank
2024-01-27,Pos Purchase Eggs 156536,65.84,groceries,retail_simulated_bank
2024-09-24,transport payment train ticket 922092,120.23,transportation,retail_simulated_bank
2023-09-06,Pos-Purchase-Spotify,8.74,other,retail_simulated_bank
2024-08-30,card pmt gas bil,237.13,other,retail_simulated_bank
2024-02-04,pos purchase restaurant 764605,117.84,other,retail_simulated_bank
2024-08-23,ONLINE PURCHASE MORTGAGE,1981.7,other,retail_simulated_bank
2024-10-16,online purchase restaurant 236539,17.91,other,retail_simulated_bank
2024-03-24,TRANSPORT PMT BUS PASS,82.07,transportation,retail_simulated_bank
2023-03-17,card payment uber ride,72.36,transportation,retail_simulated_bank
2023-06-04,CARD-PAYMENT-FUEL 49611,124.17,transportation,retail_simulated_bank
2024-03-24,pos purchase spotify 994102,24.66,other,retail_simulated_bank
2023-09-24,card payment gas bill 232159,197.81,other,retail_simulated_bank
2023-05-24,ONLINE-PURCHASE-GYM-MEMBERSHIP,29.13,other,retail_simulated_bank
2024-12-17,Online Purchase Online Purchase 771615,131.0,other,retail_simulated_bank
2024-04-01,ONLINE PURCHASE MORTGAGE 521600,1105.72,other,retail_simulated_bank
2024-04-16,pos purchase rent,1255.66,other,retail_simulated_bank
2024-12-21,card pmt bus pass 857398,32.25,transportation,retail_simulated_bank
2023-01-24,TRANSPORT PMT BUS PASS 469959,91.73,transportation,retail_simulated_bank
2024-05-13,Online*Purchase*Electricity*Bill,124.01,other,retail_simulated_bank
2023-03-03,CARD PMT ONLINE PURCHASE 225965,125.26,other,retail_simulated_bank
2023-02-02,pos*purchase*spotify 5441,20.3,other,retail_simulated_bank
2024-08-11,pos purchase spotify 675536,22.22,other,retail_simulated_bank
2024-08-01,transport pmt uber ride 206,110.96,transportation,retail_simulated_bank
2024-06-28,card pmt chicken 137874,117.75,groceries,retail_simulated_bank
2024-10-27,CARD-PMT-ELECTRICITY-BILL 638464,133.06,other,retail_simulated_bank
2023-10-11,Pos Purchase Electricity Bill,124.81,other,retail_simulated_bank
2023-06-05,Online*Purchase*Fast*Food 534513,133.74,other,retail_simulated_bank
2023-12-14,POS PURCHASE MORTGAGE 504441,1506.98,other,retail_simulated_bank
2024-03-18,pos/purchase/food/delivery 342307,117.82,other,retail_simulated_bank
2023-01-07,pos purchase rice,87.49,groceries,retail_simulated_bank
2024-03-13,POS/PURCHASE/SPOTIFY 27601,12.88,other,retail_simulated_bank
2023-12-01,POS PURCHASE GAS BILL 133462,158.56,other,retail_simulated_bank
2024-08-11,CARD PAYMENT SPOTIFY,12.01,other,retail_simulated_bank
2023-06-01,TRANSPORT PAYMENT TRAIN TICKET 841173,30.76,transportation,retail_simulated_bank
2024-09-08,POS PURCHASE GAS BILL 753860,35.77,other,retail_simulated_bank
2024-07-07,pos purchase online purchase 348043,117.58,other,retail_simulated_bank
2023-11-19,transport pmt uber ride,51.14,transportation,retail_simulated_bank
2023-10-05,Card Payment Water Bill 912717,65.92,other,retail_simulated_bank
2024-03-26,online purchase water bill,36.01,other,retail_simulated_bank
2023-08-02,Card-Payment-Rice 446745,6.74,groceries,retail_simulated_bank
2024-02-13,Card/Pmt/Re,68.68,other,retail_simulated_bank
2023-05-08,online purchase water bill,159.85,other,retail_simulated_bank
2024-08-15,POS PURCHASE BREAD 703132,77.49,groceries,retail_simulated_bank
2024-05-15,ONLINE PURCHASE RENT 578290,893.49,other,retail_simulated_bank
2023-07-15,POS-PURCHASE-MORTGAGE 803296,1043.63,other,retail_simulated_bank
2023-09-19,Online/Purchase/Electricity/Bill,109.17,other,retail_simulated_bank
2024-01-25,pos/purchase/netflix 808473,5.57,other,retail_simulated_bank
2023-04-13,POS PURCHASE MISC EXPENSE 926324,61.85,other,retail_simulated_bank
2023-03-08,TRANSPORT PMT BUS PASS,142.02,transportation,retail_simulated_bank
2024-12-19,Pos Purchase Food Delivery 862546,47.2,other,retail_simulated_bank
2024-02-04,Pos Purchase Vegetables 79686,97.61,groceries,retail_simulated_bank
2023-10-09,card payment restaurant 734490,142.84,other,retail_simulated_bank
2023-07-01,POS PURCHASE MORTGAGE 249892,1786.38,other,retail_simulated_bank
2024-12-12,POS PURCHASE NETFLIX 391238,10.45,other,retail_simulated_bank
2023-08-03,ONLINE PURCHASE RESTAURANT 28971,11.99,other,retail_simulated_bank
2024-02-29,POS-PURCHASE-MISC-EXPENSE,57.64,other,retail_simulated_bank
2023-06-28,CARD PAYMENT ONLINE PURCHASE 311801,64.63,other,retail_simulated_bank
2023-07-05,card payment netflix,33.36,other,retail_simulated_bank
2023-01-31,transport pmt uber ride 783637,118.62,transportation,retail_simulated_bank
2024-10-02,card payment restaurant 662612,47.99,other,retail_simulated_bank
2023-01-30,Transport Pmt Bus Pass 39836,94.42,transportation,retail_simulated_bank
2024-04-26,Card Pmt Online Purchase,51.74,other,retail_simulated_bank
2024-02-22,Pos Purchase Vegetables 410658,131.19,groceries,retail_simulated_bank
2024-09-04,Pos Purchase Chicken 738142,58.42,groceries,retail_simulated_bank
2023-08-17,Pos Purchase Rent,620.91,other,retail_simulated_bank
2023-04-26,pos purchase rice,148.26,groceries,retail_simulated_bank
2024-07-03,pos purchase fast food,147.56,other,retail_simulated_bank
2024-10-14,online*purchase*restaur,128.97,other,retail_simulated_bank
2023-09-21,card*payment*eggs,73.01,groceries,retail_simulated_bank
2024-09-20,Card/Payment/Gas/Bill 623755,110.43,other,retail_simulated_bank
2024-08-07,online purchase rent,1648.21,other,retail_simulated_bank
2023-05-27,Online/Purchase/Water/Bill,58.56,other,retail_simulated_bank
2023-10-17,ONLINE-PURCHASE-ELECTRICITY-BILL 479287,187.8,other,retail_simulated_bank
2024-11-06,pos/purchase/netflix,13.77,other,retail_simulated_bank
2024-04-18,Fuel Bus Pass,107.44,transportation,retail_simulated_bank
2024-03-08,Online Purchase Mortgage 386221,784.39,other,retail_simulated_bank
2023-02-05,Card Payment Train Ticket 311009,88.17,transportation,retail_simulated_bank
2023-07-06,Pos Purchase Mortgage 283801,1711.87,other,retail_simulated_bank
2023-09-01,Pos*Purchase*Bread 80244,96.29,groceries,retail_simulated_bank
2024-05-10,Card Pmt Internet Bill,155.86,other,retail_simulated_bank
2024-08-14,Card Payment Misc Exp,30.6,other,retail_simulated_bank
2024-04-09,Card Pmt Fast Food,148.93,other,retail_simulated_bank
2023-10-14,Online Purchase Spotify,9.12,other,retail_simulated_bank
2023-09-19,online purchase mortgage 593012,1849.54,other,retail_simulated_bank
2024-04-12,transport/pmt/fuel 799351,116.49,transportation,retail_simulated_bank
2024-06-15,ONLINE PURCHASE RENT,1079.33,other,retail_simulated_bank
2024-03-12,card*payment*uber*ride 243372,117.95,transportation,retail_simulated_bank
2023-08-21,ONLINE PURCHASE RENT 459085,776.72,other,retail_simulated_bank
2024-12-30,Pos Purchase Restaurant 720836,20.68,other,retail_simulated_bank
2023-11-11,transport pmt train ticket 847453,131.38,transportation,retail_simulated_bank
2023-03-26,pos/purchase/fast/food 592785,84.33,other,retail_simulated_bank
2024-06-07,Pos*Purchase*Online*Purchase,61.44,other,retail_simulated_bank
2023-01-18,CARD PAYMENT WATER BILL 289260,78.81,other,retail_simulated_bank
2024-07-30,Online Purchase Gas Bill 650319,201.59,other,retail_simulated_bank
2024-01-07,ONLINE PURCHASE ONLINE PURCHASE 873308,120.64,other,retail_simulated_bank
2023-06-20,online purchase netflix,39.9,other,retail_simulated_bank
2023-06-19,Fuel Train Ticket,17.72,transportation,retail_simulated_bank
2023-06-05,online-purchase-rent,1651.55,other,retail_simulated_bank
2023-02-20,card payment gym membership 643379,12.08,other,retail_simulated_bank
2024-06-18,card payment fast food,60.3,other,retail_simulated_bank
2023-05-20,online purchase fast food 138644,71.8,other,retail_simulated_bank
2024-07-23,Online Purchase Mortgage,951.86,other,retail_simulated_bank
2024-08-31,POS PURCHASE MORTGAGE,1626.84,other,retail_simulated_bank
2023-05-24,card*payment*milk,114.01,groceries,retail_simulated_bank
2023-09-06,card payment internet bill,198.21,other,retail_simulated_bank
2024-02-05,Pos Purchase Restaurant 439838,97.97,other,retail_simulated_bank
2023-08-20,pos purchase netflix,17.26,other,retail_simulated_bank
2023-05-07,transport-pmt-train-ticket 973243,134.22,transportation,retail_simulated_bank
2023-10-10,CARD PMT RENT,799.37,other,retail_simulated_bank
2023-05-01,Pos Purchase Misc Expense,4.58,other,retail_simulated_bank
2024-09-04,CARD/PAYMENT/SPOTIFY,32.01,other,retail_simulated_bank
2023-11-02,Online Purchase Restaurant 764183,100.08,other,retail_simulated_bank
2024-09-16,Pos Purchase Online Purchase,82.57,other,retail_simulated_bank
2023-12-16,card/pmt/restaurant 229975,13.35,other,retail_simulated_bank
2023-09-19,FUEL UBER RIDE 2817,59.08,transportation,retail_simulated_bank
2024-08-22,Pos-Purchase-Vegetables 11116,71.58,groceries,retail_simulated_bank
2023-04-16,Online Purchase Internet Bill,79.42,other,retail_simulated_bank
2024-09-05,POS PURCHASE VEGETABLES 981712,91.69,groceries,retail_simulated_bank
2024-11-11,card pmt misc expense,38.47,other,retail_simulated_bank
2024-03-07,card payment food delivery 265701,144.6,other,retail_simulated_bank
2023-10-14,pos/purchase/vegetables 640913,18.46,groceries,retail_simulated_bank
2024-10-17,Online/Purchase/Misc/Expense,136.0,other,retail_simulated_bank
2024-01-01,Pos Purchase Spotify,34.27,other,retail_simulated_bank
2024-05-12,Pos Purchase Milk,17.87,groceries,retail_simulated_bank
2023-09-30,online*purchase*internet*bill 497533,125.43,other,retail_simulated_bank
2024-09-13,CARD PMT VEGETABLES 327516,74.72,groceries,retail_simulated_bank
2024-11-14,ONLINE PURCHASE MISC EXPENSE,92.17,other,retail_simulated_bank
2024-08-27,Card-Payment-Restaurant 203057,91.44,other,retail_simulated_bank
2023-05-01,ONLINE PURCHASE ONLINE PURCHASE 550889,87.62,other,retail_simulated_bank
2024-11-19,Card*Pmt*Online*Purchase 909675,56.02,other,retail_simulated_bank
2023-02-10,Online Purchase Mortgage,1605.6,other,retail_simulated_bank
2024-08-10,card pmt fuel 171997,128.28,transportation,retail_simulated_bank
2024-10-05,ONLINE*PURCHASE*ONLINE*PURCHASE 4386,141.21,other,retail_simulated_bank
2024-08-03,Card Pmt Mortgage,635.9,other,retail_simulated_bank
2023-10-27,Pos Purchase Electricity Bill,102.37,other,retail_simulated_bank
2023-09-17,POS PURCHASE RESTAURANT 693256,110.17,other,retail_simulated_bank
2023-09-12,Transport Payment Bus Pass 819978,54.8,transportation,retail_simulated_bank
2023-11-29,FUEL-FUEL,118.21,transportation,retail_simulated_bank
2023-09-27,Card Pmt Food Delivery 396623,148.67,other,retail_simulated_bank
2024-07-14,ONLINE PURCHASE ONLINE PURCHASE 767095,33.78,other,retail_simulated_bank
2023-06-26,POS/PURCHASE/MORTG,1654.65,other,retail_simulated_bank
2023-12-08,CARD PMT MISC EXPENSE,128.93,other,retail_simulated_bank
2023-11-10,Fuel Train Ticket 377588,49.53,transportation,retail_simulated_bank
2024-02-20,CARD/PAYMENT/VEGETABLES 881322,16.29,groceries,retail_simulated_bank
2024-01-27,TRANSPORT*PAYMENT*FUEL,97.0,transportation,retail_simulated_bank
2023-12-12,pos purchase gas bill 707401,136.8,other,retail_simulated_bank
2023-06-13,pos purchase misc expense,134.68,other,retail_simulated_bank
2023-11-14,online purchase gas bill 210889,71.75,other,retail_simulated_bank
2024-07-27,Pos Purchase Gym Membership,15.37,other,retail_simulated_bank
2023-07-23,Pos Purchase Netflix 280738,29.35,other,retail_simulated_bank
2024-11-10,POS PURCHASE MILK 147199,107.61,groceries,retail_simulated_bank
2023-12-15,card pmt fast food 856662,24.43,other,retail_simulated_bank
2023-04-17,ONLINE PURCHASE,37.24,other,retail_simulated_bank
2023-03-26,Card-Payment-Misc-Expense,93.17,other,retail_simulated_bank
2023-02-11,Fuel Train Ticket 843982,68.05,transportation,retail_simulated_bank
2024-05-21,Pos Purchase Water Bill 569481,90.23,other,retail_simulated_bank
2024-10-25,pos/purchase/water/bill 775888,79.68,other,retail_simulated_bank
2023-10-31,Card*Payment*Online*Purchase 611745,24.37,other,retail_simulated_bank
2024-03-25,online purchase electricity bill,136.32,other,retail_simulated_bank
2024-08-04,card payment food delivery 490266,84.03,other,retail_simulated_bank
2024-02-14,Pos Purchase Internet Bill,144.09,other,retail_simulated_bank
2024-01-08,card pmt mortgage 240327,1589.44,other,retail_simulated_bank
2024-01-09,card payment misc expense,66.4,other,retail_simulated_bank
2024-12-10,CARD-PAYMENT-GAS-BILL 147507,46.95,other,retail_simulated_bank
2023-09-10,Pos Purchase Gas Bill 48893,246.98,other,retail_simulated_bank
2024-06-03,pos purchase online purchase 644677,17.2,other,retail_simulated_bank
2024-09-10,pos/purchase/mortgage,746.73,other,retail_simulated_bank
2024-07-21,online-purchase-,171.89,other,retail_simulated_bank
2024-08-11,POS PURCHASE ONLINE PURCHASE,71.4,other,retail_simulated_bank
2024-03-24,CARD PAYMENT ONLINE PURCHASE 456237,70.66,other,retail_simulated_bank
2023-06-25,online purchase food d,67.12,other,retail_simulated_bank
2024-10-27,Card Pmt Chicken,68.92,groceries,retail_simulated_bank
2024-12-24,card/pmt/eggs,73.06,groceries,retail_simulated_bank
2023-10-10,pos purchase electricity bi,44.39,other,retail_simulated_bank
2024-12-31,online purchase spotify,30.47,other,retail_simulated_bank
2023-05-17,POS PURCHASE SPOTIFY,31.75,other,retail_simulated_bank
2023-11-14,pos purchase restaurant 156447,100.28,other,retail_simulated_bank
2024-08-06,pos purchase gym membership,16.57,other,retail_simulated_bank
2024-07-06,ONLINE PURCHASE MISC EXPE,24.2,other,retail_simulated_bank
2023-02-24,CARD PMT MORTGAGE 802102,1959.24,other,retail_simulated_bank
2023-03-14,POS PURCHASE MORTGAGE 97,1684.47,other,retail_simulated_bank
2023-07-19,Pos Purchase Netflix 111720,30.56,other,retail_simulated_bank
2024-05-21,Online Purchase Water Bill,36.49,other,retail_simulated_bank
2024-02-18,ONLINE PURCHASE RENT,731.83,other,retail_simulated_bank
2024-02-22,Online Purchase Gym Membership 91483,18.56,other,retail_simulated_bank
2023-12-18,Card Payment Food Delivery,72.74,other,retail_simulated_bank
2024-03-16,ONLINE PURCHASE ELECTRICITY BILL 955613,69.03,other,retail_simulated_bank
2023-09-24,FUEL FUEL 648398,16.34,transportation,retail_simulated_bank
2024-10-24,ONLINE PURCHASE RESTAURANT,36.32,other,retail_simulated_bank
2024-06-20,pos purchase rent,1652.54,other,retail_simulated_bank
2023-03-04,Card/Pmt/Uber/Ride 362731,132.26,transportation,retail_simulated_bank
2023-01-02,Online Purchase Netflix,8.34,other,retail_simulated_bank
2023-01-29,Card Payment Netflix 452614,18.47,other,retail_simulated_bank
2023-06-26,online/purchase/misc/expense,129.33,other,retail_simulated_bank
2023-12-20,Card/Pmt/Internet/Bill,78.04,other,retail_simulated_bank
2024-09-06,Pos*Purchase*Vegetables 832724,137.15,groceries,retail_simulated_bank
2024-12-24,fuel train ticket 903500,134.04,transportation,retail_simulated_bank
2024-03-31,ONLINE/PURCHASE/ONLINE/PURCHASE,77.58,other,retail_simulated_bank
2024-07-04,Pos Purchase Chicken 191306,8.7,groceries,retail_simulated_bank
2023-11-16,pos*purchase*online*purchase,121.66,other,retail_simulated_bank
2023-07-04,CARD PAYMENT UBER RIDE,54.31,transportation,retail_simulated_bank
2023-07-17,CARD PMT GYM MEMBERSHIP,8.49,other,retail_simulated_bank
2024-04-10,CARD/PMT/NETFLIX,37.2,other,retail_simulated_bank
2024-11-15,Card Pmt Mortgage 479045,1921.62,other,retail_simulated_bank
2023-09-03,POS*PURCHASE*NETFLIX 498149,17.8,other,retail_simulated_bank
2024-02-18,CARD PAYMENT MISC EXPENSE,30.69,other,retail_simulated_bank
2024-05-06,card pmt eggs 917250,11.62,groceries,retail_simulated_bank
2023-04-04,Pos Purchase Online Purchase,127.62,other,retail_simulated_bank
2024-12-20,Pos Purchase Mortgage,1388.2,other,retail_simulated_bank
2023-07-25,Pos Purchase Gym Membership,24.12,other,retail_simulated_bank
2023-07-22,Card*Pmt*Bus*Pass 705258,22.91,transportation,retail_simulated_bank
2024-01-22,FUEL-FUEL,62.42,transportation,retail_simulated_bank
2023-04-17,POS PURCHASE RICE,6.5,groceries,retail_simulated_bank
2023-11-10,Transport Pmt Fuel,92.62,transportation,retail_simulated_bank
2024-12-16,online-purchase-fast-food,116.31,other,retail_simulated_bank
2023-07-12,Card Pmt Chicken 403832,125.19,groceries,retail_simulated_bank
2024-08-07,Pos Purchase Eggs 112712,134.14,groceries,retail_simulated_bank
2024-07-01,online purchase netflix,30.87,other,retail_simulated_bank
2024-01-30,pos purchase milk 363564,145.11,groceries,retail_simulated_bank
2024-12-01,Card Pmt Gas Bill 740026,41.54,other,retail_simulated_bank
2024-06-20,Card Payment Misc Expense 388337,111.57,other,retail_simulated_bank
2024-11-28,pos/purchase/online/purchase,77.79,other,retail_simulated_bank
2023-07-10,online purchase rent 879015,738.11,other,retail_simulated_bank
2023-07-31,Card*Payment*Gas*Bill 974274,74.79,other,retail_simulated_bank
2024-01-26,POS PURCHASE GYM MEMBERSHIP,6.58,other,retail_simulated_bank
2023-09-04,pos purchase electricity bill,31.04,other,retail_simulated_bank
2023-08-22,ONLINE PURCHASE MORTGAGE 729244,1981.92,other,retail_simulated_bank
2023-05-26,CARD PMT FUE,9.58,transportation,retail_simulated_bank
2024-03-08,card*pmt*netflix 18185,14.04,other,retail_simulated_bank
2023-10-07,pos*purchase*mortgage 7,1830.15,other,retail_simulated_bank
2024-02-28,ONLINE PURCHASE FOOD DELIVERY,4.5,other,retail_simulated_bank
2023-07-14,ONLINE/PURCHASE/FAST/FOOD 144174,126.87,other,retail_simulated_bank
2023-01-11,Card Pmt Misc Expense 116491,40.25,other,retail_simulated_bank
2023-05-12,CARD PMT MORTGAGE 612615,1673.98,other,retail_simulated_bank
2023-06-12,Online*Purchase*Rent,760.13,other,retail_simulated_bank
2024-07-03,Card Pmt Misc Expense 212389,12.78,other,retail_simulated_bank
2023-09-20,FUEL TRAIN TICKET 864952,141.69,transportation,retail_simulated_bank
2024-08-06,ONLINE PURCHASE MORTGAGE 249343,1001.01,other,retail_simulated_bank
2024-02-09,transport payment uber ride 438788,114.87,transportation,retail_simulated_bank
2024-07-22,Card Pmt Online Purcha,142.68,other,retail_simulated_bank
2024-06-14,online purchase misc expense,32.52,other,retail_simulated_bank
2023-04-25,POS-PURCHASE-RICE,73.39,groceries,retail_simulated_bank
2024-12-11,ONLINE PURCHASE ELECTRICITY BILL,70.59,other,retail_simulated_bank
2024-09-22,Pos Purchase Online Purchase 621653,38.54,other,retail_simulated_bank
2024-03-28,transport*payment*fuel 774,111.54,transportation,retail_simulated_bank
2023-07-13,ONLINE PURCHASE NETFLIX 717084,22.63,other,retail_simulated_bank
2023-02-14,Online Purchase Online Purchase 678312,109.56,other,retail_simulated_bank
2023-09-14,Card Pmt Netflix 823712,16.95,other,retail_simulated_bank
2023-02-27,ONLINE*PURCHASE*GAS*BILL 71895,228.34,other,retail_simulated_bank
2023-10-26,pos purchase fast food,25.51,other,retail_simulated_bank
2023-12-10,Pos Purchase Netflix,26.95,other,retail_simulated_bank
2023-09-09,ONLINE PURCHASE MORTGAGE,1216.74,other,retail_simulated_bank
2024-07-14,ONLINE/PURCHASE/GYM/MEMBERSHIP,10.64,other,retail_simulated_bank
2023-03-08,CARD PAYMENT UBER RIDE 525825,19.37,transportation,retail_simulated_bank
2024-09-25,ONLINE PURCHASE FOOD DELIVERY,81.54,other,retail_simulated_bank
2023-02-09,pos purchase rent,1050.32,other,retail_simulated_bank
2023-01-04,Online Purchase Electricity Bill,31.3,other,retail_simulated_bank
2023-05-03,Pos Purchase Netflix 450858,31.9,other,retail_simulated_bank
2023-02-06,Pos Purchase Online Purchase 818422,115.04,other,retail_simulated_bank
2024-05-02,Online/Purchase/Gym/Membership 421698,27.71,other,retail_simulated_bank
2024-02-01,Card Payment Gym Membership 21,29.0,other,retail_simulated_bank
2024-05-17,Pos/Purchase/Food/Delivery 961702,37.94,other,retail_simulated_bank
2024-04-10,Pos Purchase Spotify 174584,39.58,other,retail_simulated_bank
2024-01-04,POS PURCHASE RESTAURANT 344221,69.77,other,retail_simulated_bank
2024-02-02,pos purchase water bill,190.82,other,retail_simulated_bank
2023-01-22,transport pmt train ticket 593402,57.11,transportation,retail_simulated_bank
2024-04-15,card pmt fast food 4,24.17,other,retail_simulated_bank
2023-08-21,Card Payment Food Delivery 595543,132.33,other,retail_simulated_bank
2023-12-28,CARD PAYMENT RESTAURANT,126.5,other,retail_simulated_bank
2024-04-08,ONLINE PURCHASE INTERNET BILL,121.9,other,retail_simulated_bank
2023-12-12,Online Purchase Fast Food 848148,71.14,other,retail_simulated_bank
2024-06-26,Fuel Fuel,22.57,transportation,retail_simulated_bank
2023-07-19,Card Payment Water Bill,72.01,other,retail_simulated_bank
2024-07-15,Pos Purchase Misc Expense,135.35,other,retail_simulated_bank
2023-11-11,Online/Purchase/Misc/Expense,58.1,other,retail_simulated_bank
2024-10-29,CARD PMT INTERNET BILL 519564,53.9,other,retail_simulated_bank
2024-09-30,Pos Purchase Fast Food,135.99,other,retail_simulated_bank
2023-12-12,Pos Purchase Restaurant 186460,32.31,other,retail_simulated_bank
2024-03-18,ONLINE-PURCHASE-NETFLIX 990020,37.8,other,retail_simulated_bank
2024-08-04,online purchase internet bill 861171,75.42,other,retail_simulated_bank
2024-07-30,card-payment-rent,1644.36,other,retail_simulated_bank
2024-08-11,Pos*Purchase*Online*Purchase 942009,97.26,other,retail_simulated_bank
2023-11-21,POS PURCHASE ONLINE PURCHASE 786633,25.15,other,retail_simulated_bank
2023-05-14,Pos-Purchase-Restaurant,130.6,other,retail_simulated_bank
2024-09-19,CARD PMT MISC EXPENSE 328778,49.48,other,retail_simulated_bank
2023-04-10,pos purchase gym membership 576347,6.24,other,retail_simulated_bank
2023-01-09,POS PURCHASE ONLINE PURCHASE,15.61,other,retail_simulated_bank
2023-04-03,ONLINE PURCHASE ONLINE PURCHASE 469413,51.73,other,retail_simulated_bank
2023-06-04,TRANSPORT PAYMENT BUS PASS,32.84,transportation,retail_simulated_bank
2023-11-20,online purchase gas bill,109.85,other,retail_simulated_bank
2023-10-24,pos purchase spotify,29.63,other,retail_simulated_bank
2023-06-13,card pmt uber ride 868690,120.94,transportation,retail_simulated_bank
2024-09-25,card pmt water bill 726314,147.11,other,retail_simulated_bank
2024-10-05,ONLINE PURCHASE RESTAURANT 280226,85.56,other,retail_simulated_bank
2024-12-07,Card Pmt Food Delivery,147.55,other,retail_simulated_bank
2024-11-10,Online Purchase Online Purchase,146.49,other,retail_simulated_bank
2024-01-26,Pos Purchase Internet Bill 561726,38.66,other,retail_simulated_bank
2023-01-21,card pmt fast food 314176,73.1,other,retail_simulated_bank
2024-03-27,Pos Purchase Gym Membership 988877,17.68,other,retail_simulated_bank
2024-05-18,online purchase gym membership,36.29,other,retail_simulated_bank
2024-01-14,ONLINE PURCHASE MORTGAGE,1982.94,other,retail_simulated_bank
2023-11-04,pos purchase bread,22.84,groceries,retail_simulated_bank
2024-11-15,Online-Purchase-Mortgage 785509,755.36,other,retail_simulated_bank
2023-03-27,POS PURCHASE GAS BILL,204.41,other,retail_simulated_bank
2024-08-27,CARD PAYMENT FUEL,5.35,transportation,retail_simulated_bank
2023-09-16,Online Purchase Restaurant 844771,56.69,other,retail_simulated_bank
2023-01-25,POS PURCHASE GAS BILL 339498,228.94,other,retail_simulated_bank
2023-02-23,CARD PMT FAST FOOD,136.16,other,retail_simulated_bank
2024-03-19,online purchase rent 937157,968.36,other,retail_simulated_bank
2024-11-03,card payment uber ride 485800,43.11,transportation,retail_simulated_bank
2024-07-18,POS PURCHASE FOOD DELIVERY 476212,14.8,other,retail_simulated_bank
2024-10-01,CARD PAYMENT BREAD 160027,131.19,groceries,retail_simulated_bank
2023-11-06,pos purchase vegetables,87.33,groceries,retail_simulated_bank
2024-01-25,Card Pmt Restaurant 272732,135.97,other,retail_simulated_bank
2023-10-04,pos purchase restaurant 272719,105.21,other,retail_simulated_bank
2024-03-10,POS PURCHASE MORTGAGE,1724.4,other,retail_simulated_bank
2023-12-21,online/purchase/food/delivery,53.29,other,retail_simulated_bank
2023-10-01,Card Pmt Mortgage 6314,1284.36,other,retail_simulated_bank
2023-03-28,card pmt rice,138.06,groceries,retail_simulated_bank
2023-04-27,CARD PAYMENT MISC EXPENSE,129.64,other,retail_simulated_bank
2023-04-20,card/payment/bread 582145,121.52,groceries,retail_simulated_bank
2024-08-08,Online Purchase Electricity Bill,44.29,other,retail_simulated_bank
2023-03-19,Pos Purchase Online Purchase 213798,117.49,other,retail_simulated_bank
2023-12-16,card*pmt*vegetables 264816,4.98,groceries,retail_simulated_bank
2024-10-03,Pos Purchase Online Purchase 457782,25.97,other,retail_simulated_bank
2023-12-05,CARD PMT MISC EXPENSE 208441,95.76,other,retail_simulated_bank
2023-02-27,online purchase online purchase 331614,93.05,other,retail_simulated_bank
2023-03-25,Online Purchase Rent 507048,1644.49,other,retail_simulated_bank
2024-03-19,Pos Purchase Electricity Bill,50.15,other,retail_simulated_bank
2023-03-23,CARD PAYMENT ONLINE PURCHASE,33.9,other,retail_simulated_bank
2023-07-17,CARD-PMT-FAST-FOOD 275109,94.94,other,retail_simulated_bank
2024-05-22,Pos Purchase Restaurant,107.11,other,retail_simulated_bank
2024-11-23,Card Payment Gym Membership 854346,15.08,other,retail_simulated_bank
2023-03-23,Pos Purchase Netflix 863230,22.77,other,retail_simulated_bank
2024-08-12,Pos Purchase Water Bill,223.2,other,retail_simulated_bank
2023-07-11,Online Purchase Electricity Bill,46.67,other,retail_simulated_bank
2023-08-22,card pmt misc expense 290855,114.17,other,retail_simulated_bank
2024-09-07,Pos-Purchase-Internet-Bill 301247,160.31,other,retail_simulated_bank
2023-08-12,POS PURCHASE FOOD DELIVERY 386483,97.17,other,retail_simulated_bank
2023-09-04,Card Pmt Fast Food 831266,124.2,other,retail_simulated_bank
2023-09-15,Card Pmt Netflix,38.88,other,retail_simulated_bank
2023-03-06,TRANSPORT PMT TRAIN TICKET 971271,12.5,transportation,retail_simulated_bank
2023-03-03,card payment fast food 750,135.7,other,retail_simulated_bank
2024-04-01,POS PURCHASE SPOTIFY 986793,31.76,other,retail_simulated_bank
2023-11-23,card pmt vegetables,102.15,groceries,retail_simulated_bank
2023-03-09,card payment spotify,26.19,other,retail_simulated_bank
2024-01-02,Online-Purchase-Spotify 526847,16.17,other,retail_simulated_bank
2024-05-15,POS PURCHASE MORTGAGE 3148,1020.35,other,retail_simulated_bank
2023-06-24,Card Pmt Train Ticket,36.53,transportation,retail_simulated_bank
2024-04-21,pos purchase vegetables,54.88,groceries,retail_simulated_bank
2024-02-17,card pmt fast food 865973,138.75,other,retail_simulated_bank
2023-05-26,Card Payment Fast Food 982365,69.47,other,retail_simulated_bank
2023-05-23,ONLINE*PURCHASE*MORTGAGE 864089,634.27,other,retail_simulated_bank
2024-10-09,card payment misc expense 578913,59.07,other,retail_simulated_bank
2024-11-08,POS PURCHASE INTERNET BILL 678181,125.56,other,retail_simulated_bank
2023-04-08,ONLINE PURCHASE WATER BILL 746088,70.46,other,retail_simulated_bank
2023-10-05,Pos*Purchase*Rice 515263,72.43,groceries,retail_simulated_bank
2024-02-06,transport payment train ticket,6.19,transportation,retail_simulated_bank
2023-10-12,Card Pmt Gas Bill,217.84,other,retail_simulated_bank
2024-03-19,Card Payment Water Bill,189.22,other,retail_simulated_bank
2024-11-12,pos purchase restaurant 880,74.64,other,retail_simulated_bank
2023-03-10,pos purchase eggs,144.33,groceries,retail_simulated_bank
2023-05-25,fuel/fuel 62457,92.35,transportation,retail_simulated_bank
2023-01-14,Online Purchase Internet Bill 7604,121.6,other,retail_simulated_bank
2023-11-15,CARD PMT TRAIN TICKET,52.77,transportation,retail_simulated_bank
2024-06-26,POS PURCHASE MORTGAGE 440148,1438.76,other,retail_simulated_bank
2024-12-06,Transport Pmt Bus Pa,109.54,transportation,retail_simulated_bank
2024-04-29,Card Pmt Online Purchase 256631,57.33,other,retail_simulated_bank
2024-03-03,Pos Purchase Milk,68.72,groceries,retail_simulated_bank
2023-11-17,online purchase water bill 186349,181.42,other,retail_simulated_bank
2024-08-14,Pos Purchase Mortgag,1376.99,other,retail_simulated_bank
2023-05-11,Card Pmt Misc Expense 470439,105.65,other,retail_simulated_bank
2024-09-16,card payment train ticket 348080,107.09,transportation,retail_simulated_bank
2023-01-20,card-pmt-water-bill,133.35,other,retail_simulated_bank
2023-06-01,transport pmt uber ride,59.47,transportation,retail_simulated_bank
2024-09-09,Online-Purchase-Spotify,22.18,other,retail_simulated_bank
2023-07-17,POS PURCHASE MORTGAGE 206715,1145.41,other,retail_simulated_bank
2024-01-08,ONLINE PURCHASE MISC EXPENSE 342106,107.65,other,retail_simulated_bank
2023-08-17,online purchase online purc,72.64,other,retail_simulated_bank
2024-05-09,card payment rent 224597,1754.77,other,retail_simulated_bank
2024-05-11,online purchase netflix 430532,38.48,other,retail_simulated_bank
2024-10-23,Card Payment Train Ticket 739533,124.15,transportation,retail_simulated_bank
2023-07-19,ONLINE/PURCHASE/ELECTRICITY/BILL,43.32,other,retail_simulated_bank
2024-03-09,POS PURCHASE GYM MEMBERSHIP,32.67,other,retail_simulated_bank
2023-10-31,Online Purchase Rent,885.94,other,retail_simulated_bank
2024-03-07,POS PURCHASE MILK 379082,98.79,groceries,retail_simulated_bank
2023-06-01,CARD PMT EGGS 258774,71.35,groceries,retail_simulated_bank
2023-06-10,CARD PMT FOOD DELIVERY 101164,59.16,other,retail_simulated_bank
2023-10-08,CARD PMT SPOTIFY,8.77,other,retail_simulated_bank
2024-09-13,Online Purchase Fast Food,32.07,other,retail_simulated_bank
2023-05-12,Pos*Purchase*Fast*Food,26.95,other,retail_simulated_bank
2023-12-01,fuel uber ride 167093,21.22,transportation,retail_simulated_bank
2024-01-20,ONLINE*PURCHASE*SPOTIFY,16.03,other,retail_simulated_bank
2024-02-10,POS PURCHASE NETFLIX 711652,27.62,other,retail_simulated_bank
2024-10-21,card payment gas bill,197.32,other,retail_simulated_bank
2024-08-05,transport payment bus pass 919841,86.15,transportation,retail_simulated_bank
2024-12-31,Pos Purchase Chicken 539522,11.21,groceries,retail_simulated_bank
2023-06-05,online purchase internet bill 453414,44.94,other,retail_simulated_bank
2024-12-31,POS PURCHASE CHICKEN 523098,27.02,groceries,retail_simulated_bank
2023-12-13,CARD PAYMENT ELECTRICITY BILL,243.91,other,retail_simulated_bank
2023-03-13,pos/purchase/rice,53.51,groceries,retail_simulated_bank
2024-06-21,card pmt fast food 969476,83.13,other,retail_simulated_bank
2024-12-12,ONLINE PURCHASE FOOD DELIV,119.09,other,retail_simulated_bank
2023-04-29,POS/PURCHASE/ELECTRICITY/BI,128.67,other,retail_simulated_bank
2023-02-27,online purchase misc expense 215726,36.43,other,retail_simulated_bank
2023-08-19,Card*Pmt*Rent 209403,1780.05,other,retail_simulated_bank
2023-08-27,online purchase restaurant,9.2,other,retail_simulated_bank
2024-10-11,CARD PAYMENT WATER BILL 774845,101.05,other,retail_simulated_bank
2024-05-19,CARD PAYMENT MORTGAGE 199583,1671.75,other,retail_simulated_bank
2024-02-29,Pos-Purchase-Vegetables 145802,108.07,groceries,retail_simulated_bank
2023-08-02,POS PURCHASE NETFLIX 234241,25.64,other,retail_simulated_bank
2024-08-18,card pmt internet bill 285937,184.4,other,retail_simulated_bank
2023-06-05,transport payment train ticket 393276,61.39,transportation,retail_simulated_bank
2023-10-16,POS PURCHASE NETFLIX 605522,31.05,other,retail_simulated_bank
2023-06-13,TRANSPORT PMT BU,78.1,transportation,retail_simulated_bank
2023-09-20,CARD-PMT-ONLINE-PURCHASE 202585,113.86,other,retail_simulated_bank
2023-09-24,FUEL*TRAIN*TICKET,51.08,transportation,retail_simulated_bank
2024-04-07,CARD PMT RESTAURANT 833564,98.62,other,retail_simulated_bank
2024-10-29,pos purchase rice 595563,91.7,groceries,retail_simulated_bank
2024-02-01,ONLINE/PURCHASE/MORTGAGE 978182,757.77,other,retail_simulated_bank
2023-07-30,ONLINE/PURCHASE/ONLINE/PURCHASE,112.19,other,retail_simulated_bank
2024-08-30,pos purchase gas bill 61964,178.33,other,retail_simulated_bank
2023-02-25,Card Pmt Misc Expense,56.06,other,retail_simulated_bank
2023-09-16,online purchase rent 937787,1838.13,other,retail_simulated_bank
2023-07-05,POS PURCHASE ELECTRICITY BILL,77.61,other,retail_simulated_bank
2024-02-02,online purchase misc expense,33.33,other,retail_simulated_bank
2023-06-19,Card/Pmt/Mortgage,1147.06,other,retail_simulated_bank
2023-10-20,POS PURCHASE FAST FOOD 61604,85.44,other,retail_simulated_bank
2023-04-20,pos-purchase-online-purchase 411424,14.42,other,retail_simulated_bank
2023-01-12,Card Pmt Milk 428636,94.03,groceries,retail_simulated_bank
2024-01-26,Fuel Uber Ride,47.61,transportation,retail_simulated_bank
2024-10-23,card pmt rent,1115.27,other,retail_simulated_bank
2023-10-14,Online Purchase Internet Bill 782913,112.02,other,retail_simulated_bank
2023-02-05,online purchase food delivery 2,6.29,other,retail_simulated_bank
2024-04-12,Pos-Purchase-Eggs 335085,23.85,groceries,retail_simulated_bank
2024-10-13,ONLINE PURCHASE ONLINE PURCHASE 690097,20.69,other,retail_simulated_bank
2023-06-28,online purchase rent 521775,1904.86,other,retail_simulated_bank
2023-08-29,Pos*Purchase*Milk 9826,15.66,groceries,retail_simulated_bank
2023-10-07,CARD PMT FOOD DELIVERY 840905,105.15,other,retail_simulated_bank
2024-05-06,transport payment uber ride 720222,106.32,transportation,retail_simulated_bank
2023-08-09,pos purchase vegetables 441424,104.69,groceries,retail_simulated_bank
2023-01-31,CARD PAYMENT RICE,102.67,groceries,retail_simulated_bank
2024-04-21,Pos Purchase Rice,66.58,groceries,retail_simulated_bank
2024-08-13,Online Purchase Restaurant 266878,146.02,other,retail_simulated_bank
2023-10-15,Pos Purchase Vegetables 465792,12.26,groceries,retail_simulated_bank
2023-10-01,Card Payment Mortgage 653270,883.78,other,retail_simulated_bank
2023-07-12,POS PURCHASE VEGETABLES,42.98,groceries,retail_simulated_bank
2023-02-15,online purchase internet bill 624765,249.08,other,retail_simulated_bank
2024-12-20,ONLINE PURCHASE MISC EXPENSE 945513,85.16,other,retail_simulated_bank
2023-02-18,POS PURCHASE RESTAURANT 930389,108.19,other,retail_simulated_bank
2024-01-12,Card Pmt Bus Pass,16.0,transportation,retail_simulated_bank
2024-01-18,card payment fast food 39029,83.05,other,retail_simulated_bank
2023-11-25,Pos/Purchase/Mortgage 307109,1357.07,other,retail_simulated_bank
2024-01-17,card payment mortgage,1412.3,other,retail_simulated_bank
2023-06-01,card pmt fast food 494425,115.8,other,retail_simulated_bank
2024-02-22,Pos Purchase Misc Expense 301293,102.33,other,retail_simulated_bank
2023-09-17,transport pmt fuel 279986,15.71,transportation,retail_simulated_bank
2024-04-06,CARD/PMT/GAS/BILL 214404,172.0,other,retail_simulated_bank
2023-12-18,Card Payment Online Purchase 817977,133.79,other,retail_simulated_bank
2024-10-09,POS PURCHASE GYM MEMBERSHIP 931423,16.96,other,retail_simulated_bank
2024-08-10,pos purchase online purchase,128.11,other,retail_simulated_bank
2024-03-05,Online Purchase Water Bill 947888,117.2,other,retail_simulated_bank
2024-06-16,Card Pmt Chicken 561485,82.97,groceries,retail_simulated_bank
2024-07-17,Card Payment Chicken,3.59,groceries,retail_simulated_bank
2023-12-09,card pmt rent 532710,1557.61,other,retail_simulated_bank
2024-01-18,Card Payment Restaurant,50.85,other,retail_simulated_bank
2023-08-13,online purchase spotify,33.68,other,retail_simulated_bank
2023-04-19,Card Pmt Spotify,29.07,other,retail_simulated_bank
2023-07-12,ONLINE PURCHASE INTERNET BILL 800972,182.67,other,retail_simulated_bank
2023-04-21,Pos Purchase Rent 766127,1956.99,other,retail_simulated_bank
2024-12-12,Pos Purchase Restaurant,137.63,other,retail_simulated_bank
2023-11-07,Fuel/Train/Ticket 42700,114.1,transportation,retail_simulated_bank
2023-04-09,CARD PMT ONLINE PURCHASE 383176,82.67,other,retail_simulated_bank
2023-02-01,pos purchase online purchase 441871,6.46,other,retail_simulated_bank
2024-11-27,TRANSPORT PMT UBER RIDE,33.44,transportation,retail_simulated_bank
2023-05-02,Card Pmt Milk 17488,40.25,groceries,retail_simulated_bank
2023-01-11,pos purchase fast food 345491,100.25,other,retail_simulated_bank
2023-11-08,Online/Purchase/Mortgage,1124.88,other,retail_simulated_bank
2024-05-04,Online Purchase Food Delivery 178898,89.68,other,retail_simulated_bank
2024-05-26,ONLINE*PURCHASE*RENT 301744,1967.82,other,retail_simulated_bank
2024-12-18,transport*pmt*bus*pass,7.56,transportation,retail_simulated_bank
2023-04-11,pos purchase fast food 135352,113.68,other,retail_simulated_bank
2023-12-26,Card Payment Food Delivery,89.31,other,retail_simulated_bank
2024-05-14,ONLINE/PURCHASE/MORTGAGE 264894,1131.95,other,retail_simulated_bank
2024-07-10,CARD PMT ONLINE PURCHASE,72.81,other,retail_simulated_bank
2024-10-08,card*payment*milk 840802,39.07,groceries,retail_simulated_bank
2023-12-12,card payment rice 168835,58.84,groceries,retail_simulated_bank
2024-12-21,card pmt internet bill,98.16,other,retail_simulated_bank
2024-02-25,online*purchase*misc*exp,34.83,other,retail_simulated_bank
2024-08-30,pos/purchase/milk 421043,103.52,groceries,retail_simulated_bank
2024-03-31,Pos-Purchase-Online-Pu,140.52,other,retail_simulated_bank
2023-10-09,Card Payment Chicken 172084,29.64,groceries,retail_simulated_bank
2023-02-19,Online Purchase Mortgage 876048,1349.93,other,retail_simulated_bank
2024-05-17,card pmt uber ride,105.64,transportation,retail_simulated_bank
2023-10-25,Online Purchase Internet Bill 792198,65.8,other,retail_simulated_bank
2023-03-20,pos purchase spotify 421679,29.04,other,retail_simulated_bank
2024-10-31,Pos Purchase Internet Bill,31.25,other,retail_simulated_bank
2023-12-15,Pos Purchase Internet Bill,70.19,other,retail_simulated_bank
2024-03-31,pos purchase misc expense 728587,36.62,other,retail_simulated_bank
2023-05-23,CARD PMT ONLINE PURCHASE,17.93,other,retail_simulated_bank
2024-12-16,ONLINE PURCHASE ELECTRICITY BILL 384605,110.67,other,retail_simulated_bank
2024-12-11,Card-Payment-Restaurant,107.14,other,retail_simulated_bank
2023-02-04,fuel uber ride,64.54,transportation,retail_simulated_bank
2024-03-08,TRANSPORT PMT FUEL,84.92,transportation,retail_simulated_bank
2024-11-11,card pmt milk 612522,15.82,groceries,retail_simulated_bank
2023-09-07,Transport Pmt Fuel 194786,62.0,transportation,retail_simulated_bank
2023-07-11,POS PURCHASE ELECTRICITY BILL 3,49.0,other,retail_simulated_bank
2024-01-18,Pos*Purchase*Rent 130505,1995.13,other,retail_simulated_bank
2024-11-03,Card Payment Spotify 798650,38.98,other,retail_simulated_bank
2023-07-27,ONLINE PURCHASE INTERNET BILL 430675,38.75,other,retail_simulated_bank
2023-01-12,card payment gas bill 715237,184.32,other,retail_simulated_bank
2023-01-13,FUEL UBER RIDE 304406,78.0,transportation,retail_simulated_bank
2024-08-22,card/pmt/chicken,100.89,groceries,retail_simulated_bank
2023-11-24,CARD PMT NETFLIX 33329,33.4,other,retail_simulated_bank
2024-05-01,card payment internet bill,71.51,other,retail_simulated_bank
2023-06-26,Pos-Purchase-Fast-Food 207673,34.48,other,retail_simulated_bank
2024-07-08,online purchase food delivery 9841,96.11,other,retail_simulated_bank
2023-05-11,pos purchase online purchase,24.48,other,retail_simulated_bank
2023-03-11,Pos Purchase Online Purchase 760639,129.59,other,retail_simulated_bank
2023-03-16,Online Purchase Food Delivery 785970,148.51,other,retail_simulated_bank
2024-10-02,Pos Purchase Netflix,31.37,other,retail_simulated_bank
2024-02-21,Fuel-Train-Ticket,124.71,transportation,retail_simulated_bank
2023-11-25,Card/Payment/Rice 247919,9.31,groceries,retail_simulated_bank
2024-11-18,Card Payment Misc Expense,7.07,other,retail_simulated_bank
2023-08-19,card*pmt*mortgag,1449.01,other,retail_simulated_bank
2024-06-05,online*purchase*rent,1929.14,other,retail_simulated_bank
2024-10-12,ONLINE PURCHASE FOOD DELIVERY 671388,131.17,other,retail_simulated_bank
2023-03-18,pos purchase water bill 156309,93.28,other,retail_simulated_bank
2023-03-09,online/purchase/food/delivery,7.54,other,retail_simulated_bank
2024-10-18,Pos Purchase Netflix 6450,32.2,other,retail_simulated_bank
2023-10-15,card payment eggs 749103,43.78,groceries,retail_simulated_bank
2023-12-16,online/purchase/food/delivery,121.6,other,retail_simulated_bank
2024-04-26,Fuel Bus Pass 741239,138.14,transportation,retail_simulated_bank
2024-12-05,Online Purchase Spotify 238139,35.49,other,retail_simulated_bank
2024-09-05,ONLINE PURCHASE GYM MEM,28.88,other,retail_simulated_bank
2024-05-16,online-purchase-rent 620583,727.38,other,retail_simulated_bank
2023-10-02,Fuel Uber Ride,39.98,transportation,retail_simulated_bank
2023-08-22,Fuel Bus Pass 133776,90.38,transportation,retail_simulated_bank
2024-08-02,card-pmt-bus-pass,136.36,transportation,retail_simulated_bank
2023-12-10,card pmt gas bill,72.21,other,retail_simulated_bank
2024-03-10,Card Payment Gym Membership 501425,14.24,other,retail_simulated_bank
2023-05-23,POS PURCHASE RENT,1846.77,other,retail_simulated_bank
2024-12-03,CARD PAYMENT MISC EXPENSE 415320,30.93,other,retail_simulated_bank
2024-04-18,CARD PMT BUS PASS,33.06,transportation,retail_simulated_bank
2023-10-26,card pmt gym membership,30.36,other,retail_simulated_bank
2023-12-12,Card Pmt Rent,1705.92,other,retail_simulated_bank
2023-10-05,online purchase internet bill,116.16,other,retail_simulated_bank
2024-09-12,pos purchase spotify 602898,10.12,other,retail_simulated_bank
2024-01-21,Pos Purchase Eggs 557816,21.29,groceries,retail_simulated_bank
2023-07-13,POS*PURCHASE*MISC*EXPENSE 707031,3.48,other,retail_simulated_bank
2024-04-10,online purchase misc expense,139.39,other,retail_simulated_bank
2024-03-06,CARD PAYMENT GYM MEMBERSHIP,22.89,other,retail_simulated_bank
2024-05-16,card payment gas bill 593313,124.1,other,retail_simulated_bank
2023-05-03,online purchase netflix,18.54,other,retail_simulated_bank
2023-02-25,CARD*PAYMENT*WATER*BILL 330322,197.23,other,retail_simulated_bank
2024-07-15,pos purchase milk,43.77,groceries,retail_simulated_bank
2024-12-04,Online Purchase Spotify,8.36,other,retail_simulated_bank
2024-11-07,Card Payment Restaurant 122523,8.87,other,retail_simulated_bank
2024-10-01,Online Purchase Netflix 52688,16.82,other,retail_simulated_bank
2023-08-14,Pos Purchase Mortgage 621940,936.95,other,retail_simulated_bank
2024-07-19,online purchase gym mem,14.34,other,retail_simulated_bank
2024-07-20,CARD PMT TRAIN TI,25.3,transportation,retail_simulated_bank
2024-01-28,CARD PAYMENT SPOTIFY,11.01,other,retail_simulated_bank
2024-09-20,Online Purchase Electricity Bill 923727,50.06,other,retail_simulated_bank
2023-09-10,card pmt fuel,21.31,transportation,retail_simulated_bank
2024-04-15,pos purchase misc expense 254,35.48,other,retail_simulated_bank
2023-10-14,Pos Purchase Netflix 363349,37.12,other,retail_simulated_bank
2023-11-12,Pos Purchase Milk 359118,38.1,groceries,retail_simulated_bank
2024-01-31,POS PURCHASE FOOD DELIVERY 3,129.55,other,retail_simulated_bank
2023-03-25,online purchase restaurant,37.13,other,retail_simulated_bank
2023-06-03,card pmt food delivery 316655,68.29,other,retail_simulated_bank
2023-01-24,Online Purchase Mortgage,1650.97,other,retail_simulated_bank
2024-03-23,POS*PURCHASE*SPOTIFY 299357,28.57,other,retail_simulated_bank
2024-05-26,ONLINE*PURCHASE*MISC*EXPENSE 6284,50.35,other,retail_simulated_bank
2023-07-30,POS PURCHASE GYM MEMBERSHIP,20.48,other,retail_simulated_bank
2024-09-07,CARD PMT TRAIN TICKET 980106,106.41,transportation,retail_simulated_bank
2024-02-18,Pos-Purchase-Misc-Expense 270430,27.75,other,retail_simulated_bank
2023-09-12,Card Payment Water Bill 967337,119.12,other,retail_simulated_bank
2024-04-25,POS/PURCHASE/MORTGAGE 895366,1131.22,other,retail_simulated_bank
2023-09-07,pos purchase vegetables,140.48,groceries,retail_simulated_bank
2024-02-03,Online Purchase Rent 770443,1720.14,other,retail_simulated_bank
2024-03-22,ONLINE-PURCHASE-SPOTIFY,5.72,other,retail_simulated_bank
2023-09-19,Card Payment Mortgage 507667,725.25,other,retail_simulated_bank
2023-09-24,FUEL TRAIN TICKET,42.56,transportation,retail_simulated_bank
2024-08-22,ONLINE/PURCHASE/RESTAUR,27.78,other,retail_simulated_bank
2024-01-09,CARD/PAYMENT/RENT 719266,1970.83,other,retail_simulated_bank
2023-06-12,POS-PURCHASE-BREAD 650085,16.23,groceries,retail_simulated_bank
2023-02-21,Pos-Purchase-Chicken,105.21,groceries,retail_simulated_bank
2023-09-19,Card/Payment/Uber/Ride 445624,80.21,transportation,retail_simulated_bank
2024-03-22,CARD PAYMENT RESTAURANT,46.09,other,retail_simulated_bank
2023-11-16,Transport Pmt Train Ticket 128871,36.68,transportation,retail_simulated_bank
2023-02-23,Card*Pmt*Electricity*Bill 752408,50.3,other,retail_simulated_bank
2023-06-30,Online Purchase Gym Membership 15514,35.51,other,retail_simulated_bank
2023-06-21,Card Pmt Fuel 437712,141.48,transportation,retail_simulated_bank
2024-12-30,Pos Purchase Electricity Bill 937763,72.98,other,retail_simulated_bank
2023-10-03,Card Payment Milk 427790,116.61,groceries,retail_simulated_bank
2024-04-18,Pos-Purchase-Online-Purchase 771032,81.49,other,retail_simulated_bank
2023-07-11,Pos Purchase Spotify 148,10.35,other,retail_simulated_bank
2023-10-06,ONLINE PURCHASE ELECTRICITY BILL,67.79,other,retail_simulated_bank
2024-02-08,card payment netflix,36.32,other,retail_simulated_bank
2023-05-16,POS PURCHASE WATER BILL 33339,64.3,other,retail_simulated_bank
2023-09-09,Pos/Purchase/Gas/Bill 618134,91.44,other,retail_simulated_bank
2024-12-31,pos purchase restaurant 784435,107.4,other,retail_simulated_bank
2023-03-10,CARD/PMT/WATER/BILL 342750,195.99,other,retail_simulated_bank
2024-04-16,pos purchase rest,3.08,other,retail_simulated_bank
2024-07-08,CARD/PMT/SPOTIFY 213003,18.83,other,retail_simulated_bank
2024-10-24,pos purchase mortgage,1253.27,other,retail_simulated_bank
2024-02-19,Online Purchase Spotify,25.21,other,retail_simulated_bank
2024-02-22,Card Payment Misc Expense 579170,79.95,other,retail_simulated_bank
2023-03-17,Online Purchase Internet Bill,38.01,other,retail_simulated_bank
2024-02-27,online purchase spotify,9.04,other,retail_simulated_bank
2023-01-25,ONLINE*PURCHASE*FAST*FOOD 650885,47.03,other,retail_simulated_bank
2023-01-17,TRANSPORT PMT FUEL 214191,32.21,transportation,retail_simulated_bank
2024-04-05,Online-Purchase-Internet-Bill 982190,195.08,other,retail_simulated_bank
2023-11-06,Online Purchase Online Purchase,98.41,other,retail_simulated_bank
2023-08-21,Online Purchase Restaurant 277140,23.92,other,retail_simulated_bank
2024-04-22,Card-Pmt-Fast-Foo,74.56,other,retail_simulated_bank
2023-05-14,Card Pmt Mortgage 709950,886.57,other,retail_simulated_bank
2023-05-30,card*payment*restaurant 940023,39.07,other,retail_simulated_bank
2024-04-21,ONLINE PURCHASE RENT,674.37,other,retail_simulated_bank
2023-03-21,ONLINE/PURCHASE/FOOD/DELIVERY 3173,131.2,other,retail_simulated_bank
2024-05-03,Pos Purchase Spotify 103051,22.94,other,retail_simulated_bank
2023-12-06,Pos Purchase Rice 66798,12.96,groceries,retail_simulated_bank
2023-04-14,card*payment*gas*bill 639751,66.51,other,retail_simulated_bank
2024-10-07,Card/Pmt/Gas/Bill 475385,142.09,other,retail_simulated_bank
2024-09-19,online purchase spotify,19.12,other,retail_simulated_bank
2023-10-19,online purchase fast food,94.4,other,retail_simulated_bank
2024-08-22,Card-Payment-Uber-Ride 40536,120.78,transportation,retail_simulated_bank
2024-03-19,card*payment*rice 703,114.5,groceries,retail_simulated_bank
2024-07-15,pos/purchase/online/purchase 317535,100.95,other,retail_simulated_bank
2024-01-22,ONLINE PURCHASE RENT 519001,814.66,other,retail_simulated_bank
2024-10-12,TRANSPORT PAYMENT FUEL 476126,110.52,transportation,retail_simulated_bank
2023-07-21,Card Pmt Train Ticket,23.91,transportation,retail_simulated_bank
2024-02-08,CARD PAYMENT CH,59.43,groceries,retail_simulated_bank
2023-05-17,POS PURCHASE ELECTRICITY BILL 608913,32.67,other,retail_simulated_bank
2023-06-05,ONLINE PURCHASE INTERNET BILL,121.87,other,retail_simulated_bank
2023-08-04,Pos Purchase Food Delivery,86.52,other,retail_simulated_bank
2023-02-08,Card-Payment-Milk 88444,27.02,groceries,retail_simulated_bank
2023-08-13,Transport Payment Fuel 512809,118.69,transportation,retail_simulated_bank
2024-05-20,Card Payment Restaurant 56905,138.95,other,retail_simulated_bank
2023-12-17,card*pmt*milk 566965,101.4,groceries,retail_simulated_bank
2023-09-22,CARD/PAYMENT/GYM/MEMBERSHIP 403421,34.77,other,retail_simulated_bank
2023-12-05,POS PURCHASE GYM MEMBERSHIP,36.55,other,retail_simulated_bank
2024-08-26,Online-Purchase-Mortgage,1534.85,other,retail_simulated_bank
2023-09-09,pos purchase gym membership,25.78,other,retail_simulated_bank
2024-06-05,Card Pmt Electricity Bill 587775,89.88,other,retail_simulated_bank
2024-02-19,Card Payment Fuel,146.0,transportation,retail_simulated_bank
2023-09-21,CARD PMT CHICKEN 174821,47.15,groceries,retail_simulated_bank
2023-08-13,CARD PAYMENT BREAD,84.59,groceries,retail_simulated_bank
2024-12-15,Card/Pmt/Internet/Bill 703249,233.73,other,retail_simulated_bank
2024-03-05,Card Pmt Gym Membership,30.99,other,retail_simulated_bank
2024-09-30,pos purchase spotify 524620,13.49,other,retail_simulated_bank
2023-11-18,Pos Purchase Food Delivery 90172,12.75,other,retail_simulated_bank
2024-03-18,Card/Payment/Rice 809230,62.67,groceries,retail_simulated_bank
2024-01-15,pos purchase internet bill 300117,36.73,other,retail_simulated_bank
2024-05-18,Card-Payment-Eggs 221522,37.65,groceries,retail_simulated_bank
2024-03-16,Card Payment Food Delivery 757077,34.46,other,retail_simulated_bank
2024-09-17,Pos Purchase Online Purchase,45.11,other,retail_simulated_bank
2024-09-04,online purchase online purchase 512422,52.41,other,retail_simulated_bank
2023-04-14,Transport/Payment/Fuel 400964,128.42,transportation,retail_simulated_bank
2023-01-09,POS*PURCHASE*MILK 383862,120.04,groceries,retail_simulated_bank
2024-12-15,CARD/PAYMENT/INTERNET/BILL 698313,50.31,other,retail_simulated_bank
2023-07-01,online-purchase-rent,602.92,other,retail_simulated_bank
2024-01-11,CARD/PMT/BREAD,45.84,groceries,retail_simulated_bank
2023-06-19,Online Purchase Mortgage,722.53,other,retail_simulated_bank
2024-08-19,Transport Payment Bus Pass,17.7,transportation,retail_simulated_bank
2023-07-16,Pos Purchase Milk 944304,93.31,groceries,retail_simulated_bank
2024-05-17,ONLINE-PURCHASE-ONLINE-PURCHASE 199353,134.87,other,retail_simulated_bank
2024-09-22,card payment eggs 488073,90.23,groceries,retail_simulated_bank
2023-10-19,POS PURCHASE ONLINE PURCHASE 877251,125.27,other,retail_simulated_bank
2023-06-11,online purchase electricity bill 741930,217.53,other,retail_simulated_bank
2023-10-18,Card Payment Rent,913.31,other,retail_simulated_bank
2024-11-11,POS PURCHASE RICE 706022,128.27,groceries,retail_simulated_bank
2024-06-05,pos purchase internet bill 62525,108.93,other,retail_simulated_bank
2024-02-15,fuel bus pass,99.06,transportation,retail_simulated_bank
2023-11-13,ONLINE PURCHASE RESTAURANT,119.76,other,retail_simulated_bank
2024-12-21,online purchase mortgage,1245.8,other,retail_simulated_bank
2023-05-01,Pos/Purchase/Electricity/Bill 860934,159.29,other,retail_simulated_bank
2023-03-17,Pos/Purchase/Electricity/Bill 332824,57.74,other,retail_simulated_bank
2024-08-16,Fuel Bus Pass 763785,104.1,transportation,retail_simulated_bank
2024-10-21,Pos Purchase Internet Bill,56.98,other,retail_simulated_bank
2024-04-29,pos-purchase-mortgage 120493,893.68,other,retail_simulated_bank
2023-12-20,card/pmt/rent,1147.11,other,retail_simulated_bank
2023-09-16,pos purchase milk 392533,7.61,groceries,retail_simulated_bank
2024-04-19,CARD PAYMENT RESTAURANT,122.44,other,retail_simulated_bank
2024-04-05,CARD PMT MORTGAGE 791226,1807.6,other,retail_simulated_bank
2024-11-05,Online Purchase Gas Bill 622183,185.62,other,retail_simulated_bank
2023-06-18,fuel train ticket,4.09,transportation,retail_simulated_bank
2023-12-09,TRANSPORT PMT FUEL 234104,16.7,transportation,retail_simulated_bank
2024-09-10,Online Purchase Electricity Bill,82.81,other,retail_simulated_bank
2023-07-04,ONLINE PURCHASE FAST FO,136.37,other,retail_simulated_bank
2024-10-08,Card Payment Res,116.32,other,retail_simulated_bank
2024-01-17,Card-Pmt-Bus-Pass,120.63,transportation,retail_simulated_bank
2024-05-28,TRANSPORT PMT UBER RIDE 555671,18.38,transportation,retail_simulated_bank
2024-06-01,Online Purchase Water Bill,179.68,other,retail_simulated_bank
2024-08-27,TRANSPORT PAYMENT,133.77,transportation,retail_simulated_bank
2023-02-10,online/purchase/gym/membership,31.94,other,retail_simulated_bank
2023-10-25,online*purchase*food*delivery 434236,89.87,other,retail_simulated_bank
2024-02-22,POS-PURCHASE-SPOTIFY,16.64,other,retail_simulated_bank
2024-03-03,Online Purchase Gym Membership,7.2,other,retail_simulated_bank
2023-11-19,card payment food delivery 307532,87.07,other,retail_simulated_bank
2023-11-04,CARD-PMT-ONLINE-PURCHASE,69.04,other,retail_simulated_bank
2024-08-16,Card-Payment-Rent,1535.81,other,retail_simulated_bank
2024-06-27,fuel*fuel 287579,42.01,transportation,retail_simulated_bank
2023-09-02,Card Pmt Electricity Bill 872671,210.73,other,retail_simulated_bank
2023-03-19,Online Purchase Restaurant 802426,66.21,other,retail_simulated_bank
2024-07-13,Online*Purchase*Misc*Expense 989910,81.68,other,retail_simulated_bank
2024-10-17,CARD-PMT-RESTAURANT 185937,76.76,other,retail_simulated_bank
2024-11-10,CARD PMT MISC EXPENSE,116.03,other,retail_simulated_bank
2023-08-07,Card/Payment/Rice,148.36,groceries,retail_simulated_bank
2023-08-29,card pmt gym membership 255950,32.29,other,retail_simulated_bank
2023-07-01,Online*Purchase*Food*Delivery 120848,109.68,other,retail_simulated_bank
2023-03-23,Pos Purchase Gym Membership 84383,28.98,other,retail_simulated_bank
2023-01-22,TRANSPORT*PAYMENT*TRAIN*TICKET 619567,142.15,transportation,retail_simulated_bank
2023-09-22,CARD PMT BREA,139.87,groceries,retail_simulated_bank
2024-03-12,Card Payment Gas Bill 6,121.43,other,retail_simulated_bank
2023-10-23,POS/PURCHASE/WATER/BILL,198.32,other,retail_simulated_bank
2023-06-09,Transport Payment Uber Ride,14.21,transportation,retail_simulated_bank
2023-01-04,online purchase online purchase 164086,128.4,other,retail_simulated_bank
2023-10-04,Card*Payment*Electricity*Bill 236827,204.77,other,retail_simulated_bank
2024-05-27,online purchase electricity bill 159137,104.26,other,retail_simulated_bank
2024-05-07,Online Purchase Misc Expense 577558,78.08,other,retail_simulated_bank
2023-04-05,Online Purchase Mortgage,1098.76,other,retail_simulated_bank
2023-07-13,Transport-Payment-Train-Ticket 55,60.02,transportation,retail_simulated_bank
2024-09-27,ONLINE PURCHASE SPOTIFY,36.88,other,retail_simulated_bank
2023-06-16,pos purchase online purchase,148.84,other,retail_simulated_bank
2024-07-01,pos*purchase*gas*bill 185,209.35,other,retail_simulated_bank
2023-12-26,Card Payment Internet Bill,196.61,other,retail_simulated_bank
2024-03-18,Pos/Purchase/Eggs,128.47,groceries,retail_simulated_bank
2024-02-17,Pos/Purchase/Chicken,117.05,groceries,retail_simulated_bank
2024-08-23,Card Payment Water Bill,170.25,other,retail_simulated_bank
2024-11-03,POS-PURCHASE-RENT 225379,1642.51,other,retail_simulated_bank
2024-04-13,POS PURCHASE MISC EXPENSE 798889,84.95,other,retail_simulated_bank
2023-07-23,Pos Purchase Fast Food 510277,97.45,other,retail_simulated_bank
2023-01-04,POS/PURCHASE/MILK,69.58,groceries,retail_simulated_bank
2024-01-17,card pmt spotify 450609,28.26,other,retail_simulated_bank
2023-11-19,ONLINE PURCHASE MORTGAGE 2,1772.53,other,retail_simulated_bank
2023-04-09,ONLINE PURCHASE MISC EXPENSE 603653,15.53,other,retail_simulated_bank
2023-05-20,Card Payment Gym Membership 93485,9.08,other,retail_simulated_bank
2024-07-18,CARD PAYMENT FAST FOOD,84.38,other,retail_simulated_bank
2024-10-15,Pos Purchase Mortgage,1735.16,other,retail_simulated_bank
2024-03-11,card*payment*train*ticket,48.87,transportation,retail_simulated_bank
2023-02-26,Fuel Uber Ride 508235,129.22,transportation,retail_simulated_bank
2024-01-24,CARD PMT TRAIN TICKET 446474,105.3,transportation,retail_simulated_bank
2023-03-18,card pmt gas bill,120.65,other,retail_simulated_bank
2023-11-04,Online Purchase Spotify 249797,15.79,other,retail_simulated_bank
2023-10-19,POS PURCHASE RESTAURANT 822,6.84,other,retail_simulated_bank
2023-05-21,CARD PMT TRAIN TICKET 173486,107.63,transportation,retail_simulated_bank
2023-04-27,Online/Purchase/Gym/Membership 478127,8.5,other,retail_simulated_bank
2023-11-22,Card Payment Eggs,115.9,groceries,retail_simulated_bank
2024-08-19,Card/Pmt/Bread 872583,87.73,groceries,retail_simulated_bank
2023-10-11,CARD PAYMENT ONLINE PURCHASE 721252,37.03,other,retail_simulated_bank
2024-07-16,CARD PMT UBER RIDE 2,122.3,transportation,retail_simulated_bank
2024-11-04,online purchase gym membership 829699,36.72,other,retail_simulated_bank
2023-02-11,TRANSPORT PAYMENT UBER RIDE,134.61,transportation,retail_simulated_bank
2023-12-08,Card Payment Fuel 138434,16.67,transportation,retail_simulated_bank
2023-04-07,Transport/Payment/Uber/Ride 384648,23.12,transportation,retail_simulated_bank
2024-04-25,pos purchase netflix,21.69,other,retail_simulated_bank
2023-04-20,Online Purchase Misc Expense 633752,62.68,other,retail_simulated_bank
2024-07-28,transport payment train ticket,89.86,transportation,retail_simulated_bank
2023-06-22,ONLINE PURCHASE ONLINE PURCHASE,15.06,other,retail_simulated_bank
2023-08-12,Online Purchase Electricity Bill,33.71,other,retail_simulated_bank
2024-11-29,Pos Purchase Rent,1940.21,other,retail_simulated_bank
2024-06-19,Card Pmt Netflix,5.19,other,retail_simulated_bank
2023-09-01,Fuel Train Ticket 205029,75.42,transportation,retail_simulated_bank
2024-11-13,POS PURCHASE RICE 262218,34.02,groceries,retail_simulated_bank
2023-10-27,online purchase restaurant 451523,124.28,other,retail_simulated_bank
2024-08-27,TRANSPORT PAYMENT TRAIN TICKET 112106,62.46,transportation,retail_simulated_bank
2023-09-13,card payment food delivery,45.29,other,retail_simulated_bank
2024-09-11,ONLINE*PURCHASE*NETFLIX 932652,13.92,other,retail_simulated_bank
2024-02-20,card-pmt-restaurant 21301,146.74,other,retail_simulated_bank
2024-08-13,ONLINE PURCHASE NETFLIX 908510,29.2,other,retail_simulated_bank
2024-12-29,online purchase electricity bill,84.73,other,retail_simulated_bank
2023-02-17,card payment bread 29311,149.73,groceries,retail_simulated_bank
2023-08-12,pos purchase rent,786.15,other,retail_simulated_bank
2024-10-29,fuel uber ride 494002,87.46,transportation,retail_simulated_bank
2023-04-20,Online-Purchase-Electricity-Bill,33.03,other,retail_simulated_bank
2023-05-31,card pmt train ticket 923234,68.72,transportation,retail_simulated_bank
2024-02-25,Pos*Purchase*Rent,1055.16,other,retail_simulated_bank
2023-10-09,card payment food delivery 938120,79.27,other,retail_simulated_bank
2024-10-12,Card Pmt Food Delivery 722076,32.63,other,retail_simulated_bank
2024-11-12,ONLINE PURCHASE WATER BILL 587276,71.36,other,retail_simulated_bank
2023-10-08,card pmt online purchase,75.02,other,retail_simulated_bank
2024-03-19,Online Purchase Restaurant 804251,40.06,other,retail_simulated_bank
2023-03-03,CARD*PMT*RESTAURANT 933450,12.03,other,retail_simulated_bank
2023-04-24,pos purchase mortgage 673705,885.38,other,retail_simulated_bank
2023-07-01,CARD PMT TRAIN TICKET 589204,44.67,transportation,retail_simulated_bank
2024-06-26,Pos Purchase Restaurant 105365,72.57,other,retail_simulated_bank
2023-11-07,Card Pmt Chicken 298059,69.8,groceries,retail_simulated_bank
2023-10-10,Online Purchase Rent 489465,1563.8,other,retail_simulated_bank
2023-10-04,Pos-Purchase-Misc-Expense,144.64,other,retail_simulated_bank
2023-01-18,card/payment/internet/bill,229.06,other,retail_simulated_bank
2024-01-29,card pmt online purchase 172931,97.85,other,retail_simulated_bank
2024-06-18,Online Purchase Water Bill 43729,188.67,other,retail_simulated_bank
2024-11-05,fuel-uber-ride 897687,42.96,transportation,retail_simulated_bank
2024-08-03,Pos-Purchase-Spotify 846563,5.71,other,retail_simulated_bank
2023-09-16,CARD PAYMENT BREAD 582676,135.12,groceries,retail_simulated_bank
2024-11-15,CARD*PMT*ONLINE*PURCHASE 160061,114.39,other,retail_simulated_bank
2023-07-07,ONLINE PURCHASE GYM MEMBERSHIP 463163,37.36,other,retail_simulated_bank
2023-01-21,pos purchase mortgage,604.72,other,retail_simulated_bank
2023-01-02,CARD-PAYMENT-FUEL,86.49,transportation,retail_simulated_bank
2023-11-10,pos purchase restaurant 785980,30.54,other,retail_simulated_bank
2024-08-23,Online Purchase Mortgage 462459,1726.43,other,retail_simulated_bank
2024-08-01,online purchase internet bill 650725,241.34,other,retail_simulated_bank
2023-07-20,ONLINE/PURCHASE/SPOTIFY 541164,21.51,other,retail_simulated_bank
2024-04-27,POS PURCHASE GAS BILL 208274,103.95,other,retail_simulated_bank
2024-05-19,card pmt online purchase,81.28,other,retail_simulated_bank
2023-03-20,online*purchase*internet*bill 194031,33.61,other,retail_simulated_bank
2023-08-25,pos purchase chicken 363116,134.7,groceries,retail_simulated_bank
2024-02-27,pos purchase restaurant,33.13,other,retail_simulated_bank
2024-07-15,pos/purchase/gym/membership,28.83,other,retail_simulated_bank
2023-08-08,Online/Purchase/Food/Delivery 881926,22.95,other,retail_simulated_bank
2024-08-24,Card/Pmt/Gas/Bill,86.42,other,retail_simulated_bank
2024-10-20,Card Pmt Restaurant 491812,148.72,other,retail_simulated_bank
2023-08-31,Online Purchase Spotify 870439,8.27,other,retail_simulated_bank
2024-09-04,pos-purchase-netflix,13.76,other,retail_simulated_bank
2023-02-15,pos/purchase/gym/membership 151227,31.63,other,retail_simulated_bank
2023-06-21,Online Purchase Food Delivery 296278,43.73,other,retail_simulated_bank
2023-08-10,card-pmt-rent,1285.37,other,retail_simulated_bank
2023-04-13,Pos Purchase Misc Expense,133.46,other,retail_simulated_bank
2024-08-12,Pos Purchase Chicken 398288,88.68,groceries,retail_simulated_bank
2023-12-24,transport-pmt-uber-ride 347896,65.78,transportation,retail_simulated_bank
2023-06-18,transport-pmt-fuel 478128,84.77,transportation,retail_simulated_bank
2024-10-04,Pos Purchase Veget,17.33,groceries,retail_simulated_bank
2023-06-10,Online Purchase Netflix,11.74,other,retail_simulated_bank
2023-08-03,CARD PMT ELECTRICITY BILL,73.09,other,retail_simulated_bank
2024-04-05,online purchase water bill,43.48,other,retail_simulated_bank
2023-07-29,card pmt water bill 939836,189.66,other,retail_simulated_bank
2024-03-18,Fuel Bus Pass,125.71,transportation,retail_simulated_bank
2024-01-23,CARD*PMT*ELECTRICITY*BILL 126817,65.0,other,retail_simulated_bank
2024-06-29,CARD PMT BREAD,58.06,groceries,retail_simulated_bank
2023-08-05,CARD PMT INTERNET BILL 840422,198.17,other,retail_simulated_bank
2024-03-21,CARD PMT BREAD 42,64.01,groceries,retail_simulated_bank
2024-07-22,CARD*PMT*WATER*BILL 91723,144.46,other,retail_simulated_bank
2024-08-31,CARD PMT MORTGAG,820.36,other,retail_simulated_bank
2024-03-11,Online*Purchase*Gym*Membership,38.38,other,retail_simulated_bank
2023-08-08,ONLINE PURCHASE INTERNET BILL 803236,87.25,other,retail_simulated_bank
2024-07-02,ONLINE/PURCHASE/RENT 512495,1013.75,other,retail_simulated_bank
2023-04-29,Online Purchase Restaurant,131.58,other,retail_simulated_bank
2023-08-24,pos purchase online purchase,135.42,other,retail_simulated_bank
2024-10-27,card*payment*rent,1152.45,other,retail_simulated_bank
2024-06-14,ONLINE/PURCHASE/GYM/MEMBERSHIP,9.73,other,retail_simulated_bank
2023-02-21,CARD PAYMENT WATER BILL 293211,82.91,other,retail_simulated_bank
2024-07-05,card-payment-gym-membership,7.6,other,retail_simulated_bank
2023-09-23,ONLINE PURCHASE NETFLIX 271743,23.81,other,retail_simulated_bank
2023-07-02,card pmt bus pass,83.69,transportation,retail_simulated_bank
2023-07-30,pos purchase rice,75.1,groceries,retail_simulated_bank
2023-06-01,Card*Pmt*Water*Bill 909933,49.66,other,retail_simulated_bank
2024-07-13,online purchase spotify 570372,30.23,other,retail_simulated_bank
2024-04-16,Pos Purchase Vegetables 802928,114.74,groceries,retail_simulated_bank
2023-02-03,POS PURCHASE GAS BILL 993345,104.29,other,retail_simulated_bank
2024-11-11,Card Pmt Online Purchase,117.67,other,retail_simulated_bank
2023-03-27,Card Payment Rent 211388,1612.33,other,retail_simulated_bank
2024-10-14,Card Pmt Train Ticket 781041,114.36,transportation,retail_simulated_bank
2023-04-11,POS PURCHASE NETFLIX,11.66,other,retail_simulated_bank
2023-02-28,pos purchase food delivery,98.19,other,retail_simulated_bank
2023-12-28,Pos-Purchase-Online-Purchase,108.73,other,retail_simulated_bank
2024-05-31,Card Payment Fuel 643577,101.81,transportation,retail_simulated_bank
2023-03-29,Card Payment Mortgage 158166,965.13,other,retail_simulated_bank
2024-05-03,card/payment/netflix,25.17,other,retail_simulated_bank
2023-03-20,Fuel Fuel,79.77,transportation,retail_simulated_bank
2024-09-28,POS*PURCHASE*WATER*BILL 403673,93.57,other,retail_simulated_bank
2024-04-25,card pmt online purchase 279580,49.17,other,retail_simulated_bank
2023-01-27,Card Pmt Chicken 402931,66.9,groceries,retail_simulated_bank
2024-11-08,Pos Purchase Chicken 516178,10.18,groceries,retail_simulated_bank
2024-10-13,CARD PMT TRAIN TICKET 778591,58.55,transportation,retail_simulated_bank
2024-06-12,CARD/PMT/UBER/RIDE 188,56.14,transportation,retail_simulated_bank
2024-07-30,card pmt train ticket 559137,62.56,transportation,retail_simulated_bank
2023-10-03,pos purchase bread,63.71,groceries,retail_simulated_bank
2023-02-20,CARD-PMT-NETFLIX,17.93,other,retail_simulated_bank
2024-08-13,Transport/Payment/Bus/Pass,123.77,transportation,retail_simulated_bank
2023-02-10,CARD PMT FOOD DELIVERY 349799,9.16,other,retail_simulated_bank
2024-02-25,ONLINE PURCHASE MORTGAGE 397583,891.08,other,retail_simulated_bank
2023-01-18,Card Pmt Gym Membership,26.63,other,retail_simulated_bank
2023-03-04,Card Payment Online Purchase 248021,21.49,other,retail_simulated_bank
2024-02-06,transport payment uber ride 707365,139.44,transportation,retail_simulated_bank
2024-06-25,TRANSPORT PAYMENT UBER RIDE,133.86,transportation,retail_simulated_bank
2024-10-21,Pos-Purchase-Rent 761282,1626.6,other,retail_simulated_bank
2024-06-12,POS PURCHASE INTERNET BILL,234.8,other,retail_simulated_bank
2024-10-25,card pmt internet bill,71.29,other,retail_simulated_bank
2023-06-08,card-pmt-rice 588502,42.37,groceries,retail_simulated_bank
2024-11-25,pos purchase rent,1160.12,other,retail_simulated_bank
2024-10-22,CARD PMT TRAIN TICKET 751813,79.69,transportation,retail_simulated_bank
2023-09-06,ONLINE/PURCHASE/MORTG,822.03,other,retail_simulated_bank
2024-06-25,Card-Payment-Food-Delivery,22.19,other,retail_simulated_bank
2023-09-15,POS PURCHASE RESTAURANT 650808,18.3,other,retail_simulated_bank
2024-02-04,Card Pmt Rice,131.4,groceries,retail_simulated_bank
2024-01-18,card pmt fuel 451376,26.03,transportation,retail_simulated_bank
2023-02-13,Pos Purchase Misc Expense,130.34,other,retail_simulated_bank
2024-01-13,CARD PMT INTERNET BILL 808943,188.65,other,retail_simulated_bank
2023-01-24,Card Payment Train Ticket,46.19,transportation,retail_simulated_bank
2023-10-14,online/purchase/rent 434366,1030.82,other,retail_simulated_bank
2024-06-27,CARD PMT MISC EXPENSE 286032,78.41,other,retail_simulated_bank
2024-01-13,card payment netflix 779776,30.58,other,retail_simulated_bank
2023-05-18,pos purchase water bill 331686,90.6,other,retail_simulated_bank
2023-03-05,Pos Purchase Food Delive,125.27,other,retail_simulated_bank
2023-02-28,Online/Purchase/Mortgage,1561.56,other,retail_simulated_bank
2023-08-10,ONLINE PURCHASE MISC EXPENSE,38.11,other,retail_simulated_bank
2024-08-24,ONLINE PURCHASE G,145.77,other,retail_simulated_bank
2023-08-16,transport payment uber ride 137391,61.02,transportation,retail_simulated_bank
2023-04-03,Pos Purchase Online Purchase 346887,121.47,other,retail_simulated_bank
2024-06-22,pos purchase vegetables 921572,91.18,groceries,retail_simulated_bank
2023-05-07,CARD PMT FOOD DELIVER,132.15,other,retail_simulated_bank
2024-08-30,Online-Purchase-Netflix 196163,11.95,other,retail_simulated_bank
2024-05-19,Pos*Purchase*Vegetables 857429,102.78,groceries,retail_simulated_bank
2023-08-20,CARD PMT WATER BILL,101.06,other,retail_simulated_bank
2023-03-20,CARD PAYMENT RICE 970552,128.66,groceries,retail_simulated_bank
2024-05-23,pos purchase chicken 379481,114.92,groceries,retail_simulated_bank
2023-04-08,Card*Payment*Misc*Expense,148.74,other,retail_simulated_bank
2024-07-19,online purchase food delivery 728232,129.18,other,retail_simulated_bank
2023-01-28,Pos Purchase Rent 604890,858.76,other,retail_simulated_bank
2023-12-09,online purchase online purchase 646161,89.16,other,retail_simulated_bank
2023-05-11,CARD PMT MISC EXPENSE 378616,19.47,other,retail_simulated_bank
2024-01-22,card*pmt*online*purchase,38.92,other,retail_simulated_bank
2024-05-24,card pmt fuel,96.61,transportation,retail_simulated_bank
2024-09-02,fuel-bus-pass,123.99,transportation,retail_simulated_bank
2023-01-04,pos*purchase*vegetables 763701,136.47,groceries,retail_simulated_bank
2023-12-21,Online Purchase Gym Membership 97647,17.88,other,retail_simulated_bank
2023-05-07,ONLINE PURCHASE ELECTRICITY BILL,162.81,other,retail_simulated_bank
2023-10-27,Card Payment Misc Expense 679231,19.0,other,retail_simulated_bank
2023-01-28,CARD PMT WATER BILL,135.02,other,retail_simulated_bank
2023-06-24,Card Pmt Netflix,19.25,other,retail_simulated_bank
2024-09-13,Pos*Purchase*Online*,141.42,other,retail_simulated_bank
2023-10-09,pos*purchase*gym*membership,13.4,other,retail_simulated_bank
2023-04-05,TRANSPORT-PMT-BUS-PASS,64.49,transportation,retail_simulated_bank
2023-10-29,fuel uber ride,105.23,transportation,retail_simulated_bank
2024-01-11,Online-Purchase-Internet-Bill,39.43,other,retail_simulated_bank
2024-05-19,Pos Purchase Rent 796916,1072.49,other,retail_simulated_bank
2023-02-17,pos/purchase/fast/food,67.0,other,retail_simulated_bank
2024-03-12,POS PURCHASE GYM MEMBERSHIP 970889,31.12,other,retail_simulated_bank
2023-07-17,Online Purchase Online Purchase 963575,141.01,other,retail_simulated_bank
2023-07-28,Card/Payment/Online/Purchase 484328,79.48,other,retail_simulated_bank
2024-09-14,card payment fuel,61.48,transportation,retail_simulated_bank
2024-12-02,Pos/Purchase/Milk 353604,59.78,groceries,retail_simulated_bank
2023-08-06,card/payment/restaurant 882310,50.1,other,retail_simulated_bank
2023-09-18,card pmt bread 501746,115.84,groceries,retail_simulated_bank
2024-03-16,transport payment bus pass 861018,10.65,transportation,retail_simulated_bank
2024-05-12,Card*Pmt*Gym*Membership 446712,25.02,other,retail_simulated_bank
2023-05-27,ONLINE/PURCHASE/MORTGAGE 979467,1385.92,other,retail_simulated_bank
2023-10-25,card pmt netflix,34.1,other,retail_simulated_bank
2024-07-21,ONLINE PURCHASE RENT,1025.61,other,retail_simulated_bank
2023-07-18,pos-purchase-chicken 486536,147.82,groceries,retail_simulated_bank
2024-11-14,Fuel Bus Pass 7456,37.9,transportation,retail_simulated_bank
2023-02-17,CARD PAYMENT GYM MEMBERSHIP,9.78,other,retail_simulated_bank
2023-05-08,POS PURCHASE WATER BILL 834142,165.19,other,retail_simulated_bank
2024-04-07,POS PURCHASE MILK 68690,101.05,groceries,retail_simulated_bank
2024-01-13,Pos Purchase Rent 870712,666.49,other,retail_simulated_bank
2023-10-20,online purchase gym membership,33.12,other,retail_simulated_bank
2024-04-08,online purchase netflix 324169,30.01,other,retail_simulated_bank
2024-09-04,Fuel Train Ticket 498771,62.22,transportation,retail_simulated_bank
2024-01-20,card pmt mortgage 800886,1401.8,other,retail_simulated_bank
2024-10-19,Pos Purchase Misc Expense 36862,125.05,other,retail_simulated_bank
2024-04-12,pos-purchase-gym-membership 579565,28.66,other,retail_simulated_bank
2024-07-02,Card Payment Chicken 221926,46.45,groceries,retail_simulated_bank
2024-10-14,Pos*Purchase*Misc*Expense,88.15,other,retail_simulated_bank
2023-10-29,card/pmt/netflix 676168,24.79,other,retail_simulated_bank
2024-08-06,card pmt chicken,133.44,groceries,retail_simulated_bank
2023-04-21,Online Purchase Netflix,36.17,other,retail_simulated_bank
2024-03-16,Pos Purchase Water Bill 709669,61.08,other,retail_simulated_bank
2023-02-26,Online Purchase Food Delivery,85.3,other,retail_simulated_bank
2024-07-25,ONLINE PURCHASE FOOD DELIVERY 55769,105.85,other,retail_simulated_bank
2023-05-01,Pos/Purchase/Restaurant,61.51,other,retail_simulated_bank
2023-02-01,CARD*PAYMENT*FAST*FOOD 740711,145.93,other,retail_simulated_bank
2024-07-29,card payment mortgage 614032,902.27,other,retail_simulated_bank
2024-11-17,POS PURCHASE RENT 971894,908.56,other,retail_simulated_bank
2024-06-16,Pos Purchase Mortgage 199,1857.93,other,retail_simulated_bank
2023-01-04,Pos Purchase Electricity Bill 586545,245.81,other,retail_simulated_bank
2023-05-01,Card Payment Fuel 118735,133.43,transportation,retail_simulated_bank
2023-05-31,Online Purchase Internet Bill 693709,150.84,other,retail_simulated_bank
2024-07-11,Card Payment Food Delivery 49606,115.18,other,retail_simulated_bank
2024-07-17,CARD PAYMENT RENT 183632,972.45,other,retail_simulated_bank
2024-02-21,ONLINE PURCHASE FOOD DELIVERY,58.61,other,retail_simulated_bank
2024-07-29,online/purchase/rent,903.28,other,retail_simulated_bank
2024-12-03,Card Pmt Fast Food 359878,17.44,other,retail_simulated_bank
2023-12-11,ONLINE PURCHASE WATER BILL 908790,99.01,other,retail_simulated_bank
2023-07-16,Pos*Purchase*Online*Purchase,40.03,other,retail_simulated_bank
2023-06-02,Online Purchase Misc Expense 16421,61.6,other,retail_simulated_bank
2023-02-11,Card Payment Gas Bill 823174,89.82,other,retail_simulated_bank
2023-06-18,Online Purchase Online Purchase,125.38,other,retail_simulated_bank
2024-11-14,Online Purchase Restaurant,3.14,other,retail_simulated_bank
2024-02-03,pos purchase misc expense 945107,91.26,other,retail_simulated_bank
2024-02-01,CARD PAYMENT MILK 165197,20.17,groceries,retail_simulated_bank
2024-09-18,CARD PMT NETFLIX,28.39,other,retail_simulated_bank
2023-03-09,TRANSPORT PMT UBER RIDE 371557,10.04,transportation,retail_simulated_bank
2024-10-25,Pos Purchase Food Delivery 809698,11.23,other,retail_simulated_bank
2024-09-13,Fuel-Uber-Ride,46.08,transportation,retail_simulated_bank
2024-04-09,pos purchase vegetables 939507,50.24,groceries,retail_simulated_bank
2024-06-18,ONLINE PURCHASE RESTAURANT 724304,129.85,other,retail_simulated_bank
2023-02-21,online*purchase*internet*bill 8,167.94,other,retail_simulated_bank
2023-01-18,CARD-PAYMENT-MORTGAGE 36815,991.72,other,retail_simulated_bank
2023-10-16,online purchase fast food 467668,68.08,other,retail_simulated_bank
2024-04-04,CARD*PMT*RESTAURANT,11.55,other,retail_simulated_bank
2023-05-14,CARD PAYMENT INTERNET BILL 795116,120.56,other,retail_simulated_bank
2023-04-05,CARD PAYMENT NETFLIX,24.44,other,retail_simulated_bank
2024-01-29,Pos Purchase Mortgage 581016,1756.41,other,retail_simulated_bank
2024-09-08,POS/PURCHASE/BREAD 743136,86.12,groceries,retail_simulated_bank
2024-06-20,Card Pmt Eggs,6.34,groceries,retail_simulated_bank
2023-07-27,CARD PMT MORTGAGE 116310,873.38,other,retail_simulated_bank
2023-05-16,Pos Purchase Restaurant 854000,16.11,other,retail_simulated_bank
2023-06-25,Transport Payment Bus Pass 176366,108.09,transportation,retail_simulated_bank
2024-04-23,Card Pmt Gas Bill 947970,118.29,other,retail_simulated_bank
2023-06-18,card pmt netflix 803,12.17,other,retail_simulated_bank
2024-01-24,CARD*PAYMENT*RENT,828.74,other,retail_simulated_bank
2023-09-01,Pos Purchase Bread 341352,113.3,groceries,retail_simulated_bank
2024-05-22,Pos/Purchase/Misc/Expense,22.46,other,retail_simulated_bank
2023-07-14,POS PURCHASE GYM MEMBERSHIP,18.16,other,retail_simulated_bank
2023-10-31,card-payment-internet-bill 453929,176.93,other,retail_simulated_bank
2023-06-22,Fuel/Bus/Pass 602798,90.11,transportation,retail_simulated_bank
2024-02-10,POS PURCHASE MISC EXPENSE 555886,10.02,other,retail_simulated_bank
2023-04-07,Transport Pmt Uber Ride 402028,146.04,transportation,retail_simulated_bank
2023-02-24,Online-Purchase-Fast-Food,44.86,other,retail_simulated_bank
2023-04-15,pos purchase internet bill 626110,85.03,other,retail_simulated_bank
2023-05-26,pos purchase fast food 249941,81.52,other,retail_simulated_bank
2024-11-14,POS PURCHASE FOOD DELIVERY 708,119.27,other,retail_simulated_bank
2023-06-15,Pos*Purchase*Netflix 423017,7.63,other,retail_simulated_bank
2024-08-26,POS/PURCHASE/RENT 289434,1851.97,other,retail_simulated_bank
2024-06-15,CARD PAYMENT NETFLIX,11.77,other,retail_simulated_bank
2023-12-15,POS PURCHASE RESTAURANT 506530,87.16,other,retail_simulated_bank
2024-03-24,online/purchase/mortgage 353605,1561.49,other,retail_simulated_bank
2024-07-06,Pos Purchase Internet Bill,80.96,other,retail_simulated_bank
2024-11-28,CARD PAYMENT ELECTRICITY BILL 545278,68.99,other,retail_simulated_bank
2023-08-23,Card Pmt Fuel,7.29,transportation,retail_simulated_bank
2024-12-20,Card Payment Spotify 123852,5.8,other,retail_simulated_bank
2024-11-28,online purchase gym membership,20.0,other,retail_simulated_bank
2023-03-04,Pos Purchase Rice 150315,73.31,groceries,retail_simulated_bank
2024-02-19,ONLINE PURCHASE FAST FOOD,37.68,other,retail_simulated_bank
2023-01-03,card/pmt/netflix 795069,5.54,other,retail_simulated_bank
2024-11-05,Card Payment Food Delivery,24.11,other,retail_simulated_bank
2024-10-06,ONLINE PURCHASE ONLINE PURCHASE 313013,29.53,other,retail_simulated_bank
2023-03-30,card-pmt-bus-pass,102.06,transportation,retail_simulated_bank
2024-01-10,pos purchase food delivery,131.4,other,retail_simulated_bank
2024-04-03,POS PURCHASE EGGS,82.24,groceries,retail_simulated_bank
2024-08-06,Pos Purchase Vegetables 531172,41.94,groceries,retail_simulated_bank
2023-06-28,pos purchase electricity bill 3293,199.42,other,retail_simulated_bank
2024-08-04,Card-Pmt-Chicken 88667,23.4,groceries,retail_simulated_bank
2023-02-10,ONLINE PURCHASE FAST FOOD 191548,113.98,other,retail_simulated_bank
2023-08-29,Online Purchase Gym Membership,28.87,other,retail_simulated_bank
2023-10-23,Pos Purchase Food Delivery 965,92.52,other,retail_simulated_bank
2023-05-10,ONLINE PURCHASE ONLINE PURCHASE 195105,143.1,other,retail_simulated_bank
2024-09-11,Card Pmt Eggs,120.36,groceries,retail_simulated_bank
2024-09-04,Online Purchase Rent 125582,1359.2,other,retail_simulated_bank
2023-05-14,pos purchase mortgage,1008.61,other,retail_simulated_bank
2024-09-16,Card Pmt Bus Pass,127.38,transportation,retail_simulated_bank
2023-10-18,Card/Payment/Gym/Membership 214008,27.65,other,retail_simulated_bank
2024-06-03,fuel fuel 732880,95.03,transportation,retail_simulated_bank
2024-03-27,Pos Purchase Restaurant 474990,105.21,other,retail_simulated_bank
2023-08-29,Card Payment Eggs,138.78,groceries,retail_simulated_bank
2024-07-06,Online Purchase Spotify,21.72,other,retail_simulated_bank
2024-09-22,POS/PURCHASE/ONLINE/PURCHASE,6.85,other,retail_simulated_bank
2023-03-21,Pos Purchase Fast Food 902936,58.93,other,retail_simulated_bank
2024-04-17,Card Pmt Netflix,28.23,other,retail_simulated_bank
2024-01-29,pos*purchase*food*delivery,81.23,other,retail_simulated_bank
2024-03-22,ONLINE PURCHASE NETFLIX 406313,25.11,other,retail_simulated_bank
2023-05-13,Online Purchase Spotify,10.39,other,retail_simulated_bank
2023-02-09,fuel train ticket,75.6,transportation,retail_simulated_bank
2023-01-01,Online Purchase Misc Expense,103.19,other,retail_simulated_bank
2024-10-02,POS-PURCHASE-FOOD-DELIVERY 241304,30.38,other,retail_simulated_bank
2024-12-13,CARD PMT ONLINE PURCHASE,57.2,other,retail_simulated_bank
2024-01-05,Card-Pmt-Uber-Ride,100.54,transportation,retail_simulated_bank
2024-09-26,Card Pmt Misc Exp,59.0,other,retail_simulated_bank
2023-02-01,card payment fuel,86.67,transportation,retail_simulated_bank
2023-06-30,online purchase rent,1859.67,other,retail_simulated_bank
2023-10-02,Card Payment Misc Expense 646232,128.31,other,retail_simulated_bank
2024-02-07,transport payment train ticket 863478,140.33,transportation,retail_simulated_bank
2023-05-24,card pmt food delivery 15451,60.93,other,retail_simulated_bank
2023-09-10,Transport-Payment-Bus-Pass,30.3,transportation,retail_simulated_bank
2023-10-03,Online Purchase Rent,1635.1,other,retail_simulated_bank
2023-08-16,pos purchase misc expense 5339,125.06,other,retail_simulated_bank
2024-08-09,POS-PURCHASE-ONLINE-PURCHASE,83.29,other,retail_simulated_bank
2023-09-24,CARD PMT EGGS,62.52,groceries,retail_simulated_bank
2023-12-02,CARD PMT VEGETABLES 721334,103.04,groceries,retail_simulated_bank
2023-07-02,card*payment*gas*bill 721056,235.08,other,retail_simulated_bank
2024-08-12,CARD PAYMENT FUEL 779526,27.65,transportation,retail_simulated_bank
2024-12-12,card pmt internet bill 813173,78.76,other,retail_simulated_bank
2024-01-14,card payment gas bill,201.97,other,retail_simulated_bank
2024-05-31,Pos-Purchase-Bread 60771,129.49,groceries,retail_simulated_bank
2024-01-14,pos purchase chicken,107.46,groceries,retail_simulated_bank
2024-05-16,Card-Payment-Uber-Ri,142.89,transportation,retail_simulated_bank
2024-07-26,Pos Purchase Spotify 1962,38.24,other,retail_simulated_bank
2024-05-14,Card Payment Uber Ride,92.65,transportation,retail_simulated_bank
2023-08-18,CARD PAYMENT MISC EXPENSE,124.25,other,retail_simulated_bank
2024-09-30,Card Pmt Bread,48.07,groceries,retail_simulated_bank
2024-08-13,CARD PAYMENT VEGETABLES 145715,134.4,groceries,retail_simulated_bank
2024-09-05,CARD PAYMENT MILK 298377,137.34,groceries,retail_simulated_bank
2024-06-18,online*purchase*restaurant 90914,9.89,other,retail_simulated_bank
2023-10-03,ONLINE PURCHASE MISC EXPENSE 126762,88.55,other,retail_simulated_bank
2024-01-08,online purchase online purchase 207597,15.64,other,retail_simulated_bank
2024-04-09,pos*purchase*internet*bi,101.55,other,retail_simulated_bank
2023-07-27,Pos Purchase Eggs,124.66,groceries,retail_simulated_bank
2024-01-10,POS PURCHASE BREAD 74056,110.15,groceries,retail_simulated_bank
2024-06-21,pos/purchase/netflix,21.65,other,retail_simulated_bank
2024-04-03,Pos Purchase Bread,120.42,groceries,retail_simulated_bank
2024-09-27,pos purchase misc expense 213312,9.73,other,retail_simulated_bank
2024-10-20,TRANSPORT-PAYMENT-TRAIN-TICKET,105.48,transportation,retail_simulated_bank
2023-03-31,CARD PAYMENT ONLINE PURCHASE 767462,44.67,other,retail_simulated_bank
2024-01-28,Pos Purchase Eggs,29.07,groceries,retail_simulated_bank
2024-08-28,Online*Purchase*Gym*Membership,9.27,other,retail_simulated_bank
2023-05-15,CARD PAYMENT SPOTIFY,26.18,other,retail_simulated_bank
2024-01-05,POS PURCHASE MISC EXPENSE,3.99,other,retail_simulated_bank
2023-12-23,pos purchase water bill 256519,145.89,other,retail_simulated_bank
2023-12-05,online*purchase*res,133.86,other,retail_simulated_bank
2024-08-20,Pos-Purchase-Spotify,38.44,other,retail_simulated_bank
2024-03-28,Card Pmt Spotify 497389,20.74,other,retail_simulated_bank
2023-05-22,Card*Pmt*Bus*Pass,129.8,transportation,retail_simulated_bank
2023-12-12,Card/Payment/Food/Delivery 459682,52.67,other,retail_simulated_bank
2024-08-25,ONLINE PURCHASE MORTGAGE,1075.35,other,retail_simulated_bank
2023-11-21,Online Purchase Fast Food 834302,120.1,other,retail_simulated_bank
2023-05-12,Pos Purchase Misc Expense,29.13,other,retail_simulated_bank
2024-12-10,Transport/Pmt/Uber/Ride 653981,145.24,transportation,retail_simulated_bank
2023-01-07,Online Purchase Fast Food 348969,6.73,other,retail_simulated_bank
2023-11-11,pos purchase milk 703277,25.92,groceries,retail_simulated_bank
2023-08-26,Fuel/Train/Ticket 790162,89.19,transportation,retail_simulated_bank
2023-04-29,POS PURCHASE BREAD,22.28,groceries,retail_simulated_bank
2023-03-12,pos*purchase*misc*expense 949998,130.67,other,retail_simulated_bank
2024-06-18,Pos Purchase Electricity Bill 776,135.72,other,retail_simulated_bank
2023-04-13,Card Payment Internet Bill,70.07,other,retail_simulated_bank
2024-06-16,Fuel/Bus/Pass 21049,44.8,transportation,retail_simulated_bank
2024-05-17,Pos Purchase Gym Membership,25.53,other,retail_simulated_bank
2023-08-16,ONLINE-PURCHASE-INTERNET-BILL,181.88,other,retail_simulated_bank
2024-03-27,Online Purchase Fast Food 438141,135.13,other,retail_simulated_bank
2023-01-07,Online Purchase Mortgage 800316,809.59,other,retail_simulated_bank
2024-12-21,POS PURCHASE GAS BILL 332915,246.65,other,retail_simulated_bank
2023-03-13,Pos-Purchase-Gas-Bill 799584,238.93,other,retail_simulated_bank
2024-07-10,Online*Purchase*Netflix 383412,11.05,other,retail_simulated_bank
2023-07-14,pos*purchase*online*purchase,111.35,other,retail_simulated_bank
2024-09-13,Card Payment Online Purchase 851234,21.57,other,retail_simulated_bank
2023-03-02,Card Pmt Electricity Bill,167.29,other,retail_simulated_bank
2023-04-03,Pos/Purchase/Food/Delivery,4.19,other,retail_simulated_bank
2023-07-28,Card-Pmt-Netflix 230436,22.13,other,retail_simulated_bank
2024-04-27,online-purchase-mortgage 622977,1345.52,other,retail_simulated_bank
2024-11-12,card payment food delivery,106.81,other,retail_simulated_bank
2023-12-25,Card Pmt Restaurant,118.68,other,retail_simulated_bank
2024-01-07,Pos Purchase Fast Food,50.16,other,retail_simulated_bank
2023-06-08,Online Purchase Gym Membership 530646,9.75,other,retail_simulated_bank
2024-09-25,Pos Purchase Online Purchase,50.84,other,retail_simulated_bank
2024-11-16,Card Pmt Chicken 455128,123.05,groceries,retail_simulated_bank
2023-09-04,CARD-PAYMENT-MORT,1520.75,other,retail_simulated_bank
2023-07-06,POS PURCHASE RENT 722328,1369.12,other,retail_simulated_bank
2023-06-29,Card/Pmt/Mortgage 832245,1503.59,other,retail_simulated_bank
2023-07-23,POS PURCHASE RICE 285994,104.06,groceries,retail_simulated_bank
2024-08-01,online*purchase*food*delivery,110.06,other,retail_simulated_bank
2023-11-30,online purchase rent,1896.52,other,retail_simulated_bank
2024-09-21,ONLINE PURCHASE WATER BILL 970020,240.14,other,retail_simulated_bank
2024-03-13,pos-purchase-internet-bill 444614,240.18,other,retail_simulated_bank
2024-08-22,Pos Purchase Misc Expense,99.62,other,retail_simulated_bank
2024-07-20,Card Payment Vegetables,47.57,groceries,retail_simulated_bank
2024-10-30,online purchase netflix 334726,10.83,other,retail_simulated_bank
2024-07-07,Fuel Train Ticket 693730,119.03,transportation,retail_simulated_bank
2024-03-03,ONLINE PURCHASE GAS BILL 431477,97.77,other,retail_simulated_bank
2024-04-19,Card Payment Rice 76951,109.54,groceries,retail_simulated_bank
2023-10-24,Pos*Purchase*Mortgage,1731.54,other,retail_simulated_bank
2023-09-17,Pos Purchase Electricity Bill 292365,87.43,other,retail_simulated_bank
2023-07-04,POS PURCHASE SPOTIFY,30.38,other,retail_simulated_bank
2024-08-19,ONLINE/PURCHASE/FOOD/DELIVERY,124.26,other,retail_simulated_bank
2023-06-28,Online Purchase Restaurant 644,30.46,other,retail_simulated_bank
2023-12-06,online purchase restaurant 778607,26.83,other,retail_simulated_bank
2023-04-26,ONLINE PURCHASE INTERNET BILL 914503,230.35,other,retail_simulated_bank
2023-05-22,Card Pmt Internet Bill 3,209.85,other,retail_simulated_bank
2023-05-14,card pmt gym membership 163177,23.16,other,retail_simulated_bank
2023-04-11,Card*Payment*Electricity*Bill,195.6,other,retail_simulated_bank
2023-02-25,ONLINE PURCHASE GAS BILL,203.93,other,retail_simulated_bank
2023-09-29,Card/Payment/Netflix,35.92,other,retail_simulated_bank
2024-12-03,card payment misc expense 214541,92.17,other,retail_simulated_bank
2024-08-05,card payment food delivery,77.01,other,retail_simulated_bank
2024-12-10,ONLINE PURCHASE FAST FOOD 66437,103.49,other,retail_simulated_bank
2023-08-31,Online Purchase Mortgage 209128,1100.31,other,retail_simulated_bank
2023-02-11,card payment mortgage 128443,1718.17,other,retail_simulated_bank
2024-02-02,CARD PMT ELECTRICITY BILL,96.46,other,retail_simulated_bank
2024-08-10,Card/Pmt/Rent 628301,1797.26,other,retail_simulated_bank
2023-12-22,Fuel Uber Ride 544590,70.65,transportation,retail_simulated_bank
2024-08-07,card payment online purchase 334731,143.25,other,retail_simulated_bank
2023-06-02,Pos Purchase Online Purchase 650300,6.36,other,retail_simulated_bank
2024-08-23,Online/Purchase/Rent 186250,1621.67,other,retail_simulated_bank
2023-07-23,pos/purchase/mortgage,729.47,other,retail_simulated_bank
2024-06-07,card pmt fast food,99.1,other,retail_simulated_bank
2023-01-06,Pos Purchase Electricity Bill 809425,73.19,other,retail_simulated_bank
2024-12-04,POS PURCHASE SPOTIFY,7.89,other,retail_simulated_bank
2023-05-29,Online Purchase Spotify,38.86,other,retail_simulated_bank
2023-06-05,ONLINE PURCHASE RESTAURANT,96.09,other,retail_simulated_bank
2024-12-04,card payment bread 520977,26.14,groceries,retail_simulated_bank
2023-05-23,Online Purchase Mortgage 875422,1653.72,other,retail_simulated_bank
2024-11-20,POS PURCHASE MILK,92.06,groceries,retail_simulated_bank
2024-02-17,Pos Purchase Milk 491378,19.57,groceries,retail_simulated_bank
2023-02-12,Pos*Purchase*Bread,137.25,groceries,retail_simulated_bank
2024-04-02,Card/Payment/Chicken 349239,109.09,groceries,retail_simulated_bank
2024-03-24,online purchase gas bill 589281,233.62,other,retail_simulated_bank
2023-08-08,Pos/Purchase/Water/Bill,194.29,other,retail_simulated_bank
2024-03-17,Pos Purchase Eggs,87.07,groceries,retail_simulated_bank
2023-01-14,ONLINE PURCHASE FAST FOOD 898713,33.64,other,retail_simulated_bank
2023-11-05,Pos Purchase Rent,1827.62,other,retail_simulated_bank
2023-10-16,pos purchase online purchase 401061,25.0,other,retail_simulated_bank
2024-07-25,Online/Purchase/Electricity/Bill,35.0,other,retail_simulated_bank
2023-12-12,Pos-Purchase-Mortgage 805837,796.86,other,retail_simulated_bank
2023-12-01,Online Purchase Online P,87.74,other,retail_simulated_bank
2023-01-18,card-payment-water-bill,112.63,other,retail_simulated_bank
2024-01-11,Pos Purchase Online Purchase,105.99,other,retail_simulated_bank
2023-03-09,CARD PMT FUEL 890158,126.43,transportation,retail_simulated_bank
2023-08-08,pos purchase online purchase 586801,121.39,other,retail_simulated_bank
2024-05-23,Card Payment Mortgage 844003,1572.38,other,retail_simulated_bank
2023-08-23,pos purchase online purchase,117.13,other,retail_simulated_bank
2023-07-15,pos*purchase*restaurant 736308,23.86,other,retail_simulated_bank
2024-07-06,Online Purchase Fast Food 721059,83.81,other,retail_simulated_bank
2023-05-14,TRANSPORT/PAYMENT/FUEL 624330,48.12,transportation,retail_simulated_bank
2023-06-09,Card Pmt Electricity Bill,46.49,other,retail_simulated_bank
2023-02-25,Pos Purchase Bread,148.54,groceries,retail_simulated_bank
2023-06-15,Card Payment Restaurant 212612,56.19,other,retail_simulated_bank
2023-10-12,ONLINE PURCHASE RESTAURANT,84.96,other,retail_simulated_bank
2023-03-04,POS PURCHASE BREAD 40468,91.06,groceries,retail_simulated_bank
2023-03-29,Card Payment Food Delivery 343311,109.07,other,retail_simulated_bank
2023-01-23,Online Purchase Fast Food,129.71,other,retail_simulated_bank
2023-10-16,ONLINE PURCHASE RESTAURANT,22.11,other,retail_simulated_bank
2023-11-24,pos-purchase-gym-membership 631142,8.75,other,retail_simulated_bank
2024-12-01,TRANSPORT PMT TRAIN TICKET 206832,124.68,transportation,retail_simulated_bank
2023-10-20,pos purchase rent,1594.46,other,retail_simulated_bank
2023-01-18,CARD PAYMENT BREAD 950549,11.62,groceries,retail_simulated_bank
2024-05-23,pos*purchase*spotify,19.19,other,retail_simulated_bank
2023-11-12,Pos Purchase Gym Membership,19.81,other,retail_simulated_bank
2023-12-23,POS PURCHASE NETFLIX 205138,25.65,other,retail_simulated_bank
2023-06-26,Fuel Bus Pass 218362,65.5,transportation,retail_simulated_bank
2023-09-15,Pos Purchase Gas Bill 46051,53.41,other,retail_simulated_bank
2023-02-15,card payment fast food 450785,3.4,other,retail_simulated_bank
2024-06-10,POS PURCHASE NETFLIX 89543,32.9,other,retail_simulated_bank
2024-02-27,POS PURCHASE MILK 75711,33.46,groceries,retail_simulated_bank
2023-04-03,Pos/Purchase/Netflix 805565,18.95,other,retail_simulated_bank
2023-02-13,pos purchase restaurant 847607,65.3,other,retail_simulated_bank
2024-11-17,CARD PMT NETFLIX 4245,33.43,other,retail_simulated_bank
2024-08-29,CARD/PAYMENT/FUEL,18.79,transportation,retail_simulated_bank
2023-12-17,pos*purchase*vegetables,18.9,groceries,retail_simulated_bank
2023-02-13,CARD-PMT-RENT,873.68,other,retail_simulated_bank
2023-02-25,card*pmt*fast*food 491711,17.94,other,retail_simulated_bank
2023-03-23,CARD*PMT*FOOD*DELIVERY,36.69,other,retail_simulated_bank
2024-06-27,pos purchase eggs,56.08,groceries,retail_simulated_bank
2024-02-15,fuel-fuel 321938,47.13,transportation,retail_simulated_bank
2024-08-01,Online Purchase Electricity Bill 737993,35.45,other,retail_simulated_bank
2024-06-24,ONLINE PURCHASE RESTAURANT 957291,54.29,other,retail_simulated_bank
2024-09-02,card pmt mortgage,1584.77,other,retail_simulated_bank
2023-05-04,FUEL/FUEL 801021,7.36,transportation,retail_simulated_bank
2023-07-25,Pos Purchase Netflix,39.99,other,retail_simulated_bank
2024-03-26,CARD PMT SPOTIFY,33.35,other,retail_simulated_bank
2024-03-23,transport/payment/fuel 195732,133.78,transportation,retail_simulated_bank
2024-08-22,Pos-Purchase-Online-Purchase,14.6,other,retail_simulated_bank
2023-05-22,pos purchase chicken,38.36,groceries,retail_simulated_bank
2023-09-30,card payment mortgage 137057,680.61,other,retail_simulated_bank
2023-11-15,card pmt fast food,65.56,other,retail_simulated_bank
2023-04-30,FUEL UBER RIDE 448904,114.0,transportation,retail_simulated_bank
2024-11-13,POS PURCHASE RICE,89.51,groceries,retail_simulated_bank
2023-02-08,pos purchase restaurant,137.35,other,retail_simulated_bank
2024-08-22,Card-Pmt-Vegetables 498606,99.3,groceries,retail_simulated_bank
2024-12-17,card*pmt*electricity*bill 70369,153.84,other,retail_simulated_bank
2023-11-19,ONLINE PURCHASE MISC EXPENSE,87.4,other,retail_simulated_bank
2023-09-19,Card Pmt Electricity Bill 360373,67.87,other,retail_simulated_bank
2023-11-01,card payment gym membership 763088,33.27,other,retail_simulated_bank
2024-09-12,ONLINE PURCHASE MORTGAGE 375032,1153.0,other,retail_simulated_bank
2023-07-23,CARD/PMT/SPOTIFY,27.68,other,retail_simulated_bank
2023-05-04,Pos Purchase Food Delivery,67.54,other,retail_simulated_bank
2024-07-23,Online Purchase Misc Expense,59.19,other,retail_simulated_bank
2023-04-12,Pos Purchase Mortgage,1871.31,other,retail_simulated_bank
2024-05-11,Pos Purchase Water Bill,239.56,other,retail_simulated_bank
2023-08-27,Online Purchase Food Delivery,42.13,other,retail_simulated_bank
2024-03-23,Pos-Purchase-Online-Purchase 71098,115.04,other,retail_simulated_bank
2024-11-16,card-pmt-water-bill 672220,242.75,other,retail_simulated_bank
2023-04-27,Online*Purchase*Gym*Membership,24.9,other,retail_simulated_bank
2023-09-28,Pos Purchase Spotify 693869,7.34,other,retail_simulated_bank
2023-05-23,Pos/Purchase/Internet/Bi,240.27,other,retail_simulated_bank
2024-06-11,CARD-PMT-BREAD 834873,71.69,groceries,retail_simulated_bank
2023-04-19,CARD PAYMENT FOOD DELIVERY 248727,127.1,other,retail_simulated_bank
2023-06-12,POS PURCHASE RICE 601304,11.07,groceries,retail_simulated_bank
2023-09-23,ONLINE PURCHASE RENT,1524.62,other,retail_simulated_bank
2023-03-27,POS PURCHASE CHICKEN 222465,141.73,groceries,retail_simulated_bank
2024-08-08,Online Purchase Gas Bi,195.2,other,retail_simulated_bank
2024-08-21,Online Purchase Gym Membership 871002,39.76,other,retail_simulated_bank
2023-03-27,POS PURCHASE RESTAURANT,134.92,other,retail_simulated_bank
2024-07-04,ONLINE PURCHASE RESTAURANT 623808,110.45,other,retail_simulated_bank
2024-11-08,Pos Purchase Gym Member,15.14,other,retail_simulated_bank
2024-07-13,Card Pmt Netflix 111374,34.8,other,retail_simulated_bank
2023-05-22,Card*Payment*Fast*Food 298265,47.7,other,retail_simulated_bank
2023-12-31,Card Pmt Electricity Bill 693622,223.64,other,retail_simulated_bank
2024-03-26,POS*PURCHASE*GYM*MEMBERSHIP,13.16,other,retail_simulated_bank
2023-06-26,online purchase spotify,5.4,other,retail_simulated_bank
2023-02-17,pos purchase mi,41.15,groceries,retail_simulated_bank
2024-11-13,Pos Purchase Fast Food 128391,50.07,other,retail_simulated_bank
2024-01-25,POS PURCHASE BREAD,126.79,groceries,retail_simulated_bank
2024-10-25,online purchase netflix,19.11,other,retail_simulated_bank
2024-05-26,Pos/Purchase/Rent 815312,1315.26,other,retail_simulated_bank
2024-03-09,card pmt mortgage 438524,1439.86,other,retail_simulated_bank
2024-02-06,ONLINE/PURCHASE/GYM/MEMBERSHIP,30.42,other,retail_simulated_bank
2024-10-12,online-purchase-gym-membership 84191,21.7,other,retail_simulated_bank
2023-12-30,pos*purchase*eggs,9.34,groceries,retail_simulated_bank
2024-08-17,POS*PURCHASE*ELECTRICITY*BILL,203.9,other,retail_simulated_bank
2023-02-15,card/pmt/restaurant 828365,55.13,other,retail_simulated_bank
2023-07-01,Pos Purchase Food Delivery 957205,97.42,other,retail_simulated_bank
2024-12-08,Pos Purchase Fast Food,102.11,other,retail_simulated_bank
2023-12-29,Online Purchase Gym Membership 2408,30.3,other,retail_simulated_bank
2024-11-05,pos purchase rice,88.41,groceries,retail_simulated_bank
2024-09-11,POS-PURCHASE-MORTGAGE,1496.0,other,retail_simulated_bank
2024-09-16,online purchase food delivery 793549,97.03,other,retail_simulated_bank
2023-09-29,Card Pmt Fast Food 146484,83.38,other,retail_simulated_bank
2023-11-16,ONLINE PURCHASE SPOTIFY,20.86,other,retail_simulated_bank
2023-12-13,card payment electricity bill 595596,63.65,other,retail_simulated_bank
2023-12-31,Card Payment Rice,23.92,groceries,retail_simulated_bank
2024-07-09,Card*Payment*Netflix,19.23,other,retail_simulated_bank
2023-08-16,online purchase netflix,38.87,other,retail_simulated_bank
2024-05-28,fuel fuel 686778,81.31,transportation,retail_simulated_bank
2023-09-22,card pmt electricity bill 695067,60.24,other,retail_simulated_bank
2024-06-23,pos*purchase*fast*food 955622,25.25,other,retail_simulated_bank
2024-03-11,pos purchase food delivery,87.64,other,retail_simulated_bank
2023-04-02,card pmt chicken 389488,125.45,groceries,retail_simulated_bank
2023-04-26,FUEL UBER RIDE 765570,34.52,transportation,retail_simulated_bank
2024-09-06,Pos Purchase Gym Membership 179241,28.14,other,retail_simulated_bank
2024-02-22,ONLINE PURCHASE RENT 914639,1822.39,other,retail_simulated_bank
2024-02-22,Card*Pmt*Bread,34.36,groceries,retail_simulated_bank
2023-09-12,Card Pmt Eggs,30.43,groceries,retail_simulated_bank
2024-06-07,CARD PMT EGGS 462402,50.22,groceries,retail_simulated_bank
2024-12-18,Card*Payment*Rice,51.87,groceries,retail_simulated_bank
2023-10-13,Card Payment Bread,55.97,groceries,retail_simulated_bank
2023-09-26,CARD PMT MISC EXPENSE 830553,75.85,other,retail_simulated_bank
2023-11-22,pos purchase chicken 151112,17.31,groceries,retail_simulated_bank
2023-10-08,pos purchase rent,1575.82,other,retail_simulated_bank
2023-03-06,CARD*PAYMENT*CHICKEN,64.21,groceries,retail_simulated_bank
2023-03-08,Pos Purchase Food Delivery 311455,74.18,other,retail_simulated_bank
2024-08-31,ONLINE*PURCHASE*ONLINE*PURCHASE 503536,105.93,other,retail_simulated_bank
2024-07-13,ONLINE PURCHASE GYM MEMBERSHIP 731563,27.07,other,retail_simulated_bank
2024-07-18,POS*PURCHASE*GYM*MEMBERSHIP,19.02,other,retail_simulated_bank
2024-02-28,pos purchase electricity bill,127.43,other,retail_simulated_bank
2024-09-29,Card Payment Netflix 731545,34.39,other,retail_simulated_bank
2024-07-13,Pos Purchase Internet Bill,238.38,other,retail_simulated_bank
2024-09-24,pos/purchase/food/delivery 905430,100.49,other,retail_simulated_bank
2024-08-18,ONLINE PURCHASE ONLINE PURCHASE 690367,105.74,other,retail_simulated_bank
2024-03-26,Online Purchase Food Delivery,93.93,other,retail_simulated_bank
2024-12-06,transport pmt fuel 521901,86.38,transportation,retail_simulated_bank
2024-08-25,Card Pmt Online Purchase 14856,51.12,other,retail_simulated_bank
2023-02-20,TRANSPORT/PAYMENT/BUS/PASS 629791,121.13,transportation,retail_simulated_bank
2024-09-05,POS PURCHASE MILK 577283,93.21,groceries,retail_simulated_bank
2024-05-04,pos purchase rent 32452,1562.43,other,retail_simulated_bank
2024-01-26,TRANSPORT PAYMENT TRAIN TICKET,105.46,transportation,retail_simulated_bank
2023-03-22,Card Payment Rent 821292,698.54,other,retail_simulated_bank
2023-08-21,online purchase food delivery 176885,110.05,other,retail_simulated_bank
2023-11-18,online purchase misc expense,33.45,other,retail_simulated_bank
2023-04-13,Pos Purchase Internet Bill,172.48,other,retail_simulated_bank
2023-02-27,online purchase gym membership 190,18.03,other,retail_simulated_bank
2023-01-26,Pos/Purchase/Fast/Food,4.13,other,retail_simulated_bank
2023-05-20,Pos Purchase Gym Membership 865863,15.54,other,retail_simulated_bank
2023-10-28,CARD PMT BUS PASS,29.3,transportation,retail_simulated_bank
2023-10-08,ONLINE PURCHASE FAST FOOD,103.31,other,retail_simulated_bank
2024-02-25,ONLINE-PURCHASE-MISC-EXPENSE 33178,66.41,other,retail_simulated_bank
2023-09-26,CARD*PAYMENT*EGGS 567540,119.01,groceries,retail_simulated_bank
2023-11-19,Card Pmt Electricity Bill 556243,234.91,other,retail_simulated_bank
2024-03-29,Online Purchase Fast Foo,75.03,other,retail_simulated_bank
2023-11-12,card pmt uber ride,86.97,transportation,retail_simulated_bank
2023-07-16,Online*Purchase*Misc*Expense,144.82,other,retail_simulated_bank
2023-09-06,Online Purchase Online Purchase 649504,65.5,other,retail_simulated_bank
2024-02-19,Online Purchase Misc Expense 195391,40.94,other,retail_simulated_bank
2023-07-08,card-payment-restaurant 42319,128.58,other,retail_simulated_bank
2023-10-24,card/payment/misc/expense,52.47,other,retail_simulated_bank
2023-12-09,card pmt milk,61.28,groceries,retail_simulated_bank
2023-01-10,CARD PMT GYM MEMBERSHIP 230640,37.39,other,retail_simulated_bank
2023-06-29,pos purchase mortgage 166215,861.43,other,retail_simulated_bank
2024-04-07,Pos Purchase Gas Bill,197.65,other,retail_simulated_bank
2024-04-30,POS PURCHASE FAST FOOD,105.01,other,retail_simulated_bank
2023-11-20,TRANSPORT*PAYMENT*FUEL 641871,22.75,transportation,retail_simulated_bank
2023-07-01,card/payment/netflix 207118,8.63,other,retail_simulated_bank
2024-05-30,Fuel Uber Ride,16.57,transportation,retail_simulated_bank
2024-06-13,CARD*PAYMENT*MISC*EXPENSE 703085,81.41,other,retail_simulated_bank
2024-07-03,Online Purchase Mortgage 318286,608.57,other,retail_simulated_bank
2024-06-12,POS PURCHASE MILK,72.76,groceries,retail_simulated_bank
2024-07-26,ONLINE-PURCHASE-FAST-FOOD,107.51,other,retail_simulated_bank
2024-09-01,pos purchase water bill 76,68.04,other,retail_simulated_bank
2023-01-14,Transport Payment Fuel 179900,139.82,transportation,retail_simulated_bank
2024-02-23,Pos Purchase Misc Expense,68.58,other,retail_simulated_bank
2024-10-15,card pmt misc expense 311227,128.35,other,retail_simulated_bank
2023-04-24,card payment misc expense,14.19,other,retail_simulated_bank
2024-05-05,online-purchase-electricity-bill,85.27,other,retail_simulated_bank
2024-12-14,Card/Payment/Train/Ticket,66.22,transportation,retail_simulated_bank
2023-02-19,online purchase gym membership,31.34,other,retail_simulated_bank
2024-10-12,CARD/PAYMENT/FOOD/DELIVERY,54.5,other,retail_simulated_bank
2023-06-29,Card Payment Gas Bi,238.56,other,retail_simulated_bank
2024-07-24,Transport Pmt Train Ticket 629425,21.14,transportation,retail_simulated_bank
2024-01-06,Online Purchase Rent,1830.11,other,retail_simulated_bank
2024-11-23,CARD PMT MISC EXPENSE,9.93,other,retail_simulated_bank
2024-01-12,POS PURCHASE FAST FOOD 830410,47.91,other,retail_simulated_bank
2023-05-30,FUEL FUEL,52.77,transportation,retail_simulated_bank
2023-03-20,pos*purchase*online*purchase 306928,127.29,other,retail_simulated_bank
2023-06-07,Pos-Purchase-Bread 86529,141.84,groceries,retail_simulated_bank
2024-05-18,pos purchase mortgage 229454,1352.17,other,retail_simulated_bank
2024-02-12,POS-PURCHASE-RENT,1861.64,other,retail_simulated_bank
2023-10-28,Online Purchase Online Purchase,38.71,other,retail_simulated_bank
2024-07-22,ONLINE*PURCHASE*RENT 493399,642.99,other,retail_simulated_bank
2024-05-01,pos purchase spotify 295597,33.69,other,retail_simulated_bank
2023-03-04,Fuel Uber Ride,99.29,transportation,retail_simulated_bank
2024-02-01,pos purchase online purchase 982905,92.19,other,retail_simulated_bank
2023-07-19,Card Pmt Electricity Bill,187.25,other,retail_simulated_bank
2023-08-24,Card Payment Rice 38330,92.51,groceries,retail_simulated_bank
2023-08-23,Card-Pmt-Train-Ticket 45676,42.21,transportation,retail_simulated_bank
2023-01-13,CARD PAYMENT TRAIN TICKET,132.52,transportation,retail_simulated_bank
2023-04-17,card/pmt/vegetabl,118.81,groceries,retail_simulated_bank
2024-04-30,online-purchase-netflix 544096,18.87,other,retail_simulated_bank
2024-03-11,Online Purchase Spo,7.34,other,retail_simulated_bank
2023-09-18,fuel-train-ticket,43.99,transportation,retail_simulated_bank
2024-06-28,Card Pmt Mortgage 569281,1198.5,other,retail_simulated_bank
2024-09-26,ONLINE*PURCHASE*GAS*BILL,134.52,other,retail_simulated_bank
2023-01-16,card payment internet bill,151.54,other,retail_simulated_bank
2023-05-31,Online*Purchase*Mortgage 485716,1434.06,other,retail_simulated_bank
2023-09-19,card pmt spotify 261447,22.94,other,retail_simulated_bank
2024-08-04,Pos-Purchase-Misc-Expense,121.17,other,retail_simulated_bank
2023-06-08,Pos Purchase Spotif,23.47,other,retail_simulated_bank
2023-11-19,Online Purchase Online Pu,47.99,other,retail_simulated_bank
2024-05-05,Pos Purchase Food Delivery,106.35,other,retail_simulated_bank
2024-11-28,Card Payment Eggs 491118,126.44,groceries,retail_simulated_bank
2023-04-02,CARD PMT GAS BILL 382683,38.01,other,retail_simulated_bank
2023-06-29,online-purchase-misc-expense 400809,107.44,other,retail_simulated_bank
2024-07-24,fuel train ticket,135.97,transportation,retail_simulated_bank
2023-08-30,online purchase rent,827.83,other,retail_simulated_bank
2024-10-23,CARD-PMT-ELECTRICITY-BILL 533600,54.8,other,retail_simulated_bank
2023-06-10,online purchase mortgage 94317,1887.93,other,retail_simulated_bank
2024-06-11,CARD PAYMENT NETFLIX 278561,23.1,other,retail_simulated_bank
2023-08-06,POS PURCHASE VEGETABLES 603004,87.98,groceries,retail_simulated_bank
2023-01-16,pos purchase water bill,209.57,other,retail_simulated_bank
2023-03-06,POS PURCHASE WATER BILL 236153,30.46,other,retail_simulated_bank
2023-02-16,Pos Purchase Mortgage 570091,1131.16,other,retail_simulated_bank
2024-09-03,POS/PURCHASE/CHICKEN 373202,126.67,groceries,retail_simulated_bank
2024-07-14,Online Purchase Mortgage 235506,770.38,other,retail_simulated_bank
2024-01-28,CARD PMT EGGS 774904,30.83,groceries,retail_simulated_bank
2023-08-29,pos-purchase-online-purchase 702016,45.45,other,retail_simulated_bank
2024-10-18,Pos Purchase Spotify,27.75,other,retail_simulated_bank
2023-02-18,POS/PURCHASE/CHICKEN,78.02,groceries,retail_simulated_bank
2024-07-17,pos purchase misc expense 730179,43.63,other,retail_simulated_bank
2024-08-25,pos purchase rent 231997,1033.06,other,retail_simulated_bank
2023-07-23,Fuel Uber Ride 139371,8.13,transportation,retail_simulated_bank
2023-07-06,Pos Purchase Rent 305899,1652.24,other,retail_simulated_bank
2023-10-13,CARD PMT EGGS,123.15,groceries,retail_simulated_bank
2023-03-18,card payment fuel,67.32,transportation,retail_simulated_bank
2023-02-17,Transport Payment Uber Ride 328189,135.73,transportation,retail_simulated_bank
2024-11-15,ONLINE PURCHASE FAST FOOD 159984,145.95,other,retail_simulated_bank
2023-03-17,Card Pmt Fast Food 900115,42.49,other,retail_simulated_bank
2024-01-15,POS*PURCHASE*VEGETABLES,60.77,groceries,retail_simulated_bank
2024-12-21,Fuel Uber Ride 400521,107.22,transportation,retail_simulated_bank
2023-01-02,Online Purchase Online Purchase,148.06,other,retail_simulated_bank
2023-04-13,Pos Purchase Misc Expense,82.62,other,retail_simulated_bank
2024-08-28,CARD*PAYMENT*FOOD*DELIVERY,123.24,other,retail_simulated_bank
2024-09-21,transport pmt fuel,9.17,transportation,retail_simulated_bank
2023-07-19,POS-PURCHASE-EGGS,116.63,groceries,retail_simulated_bank
2023-10-29,Online Purchase Fast Food 567433,83.59,other,retail_simulated_bank
2024-08-01,Card/Payment/Netflix 362922,30.4,other,retail_simulated_bank
2023-01-16,card/pmt/spotify 916990,26.24,other,retail_simulated_bank
2024-06-16,card payment netflix 457613,24.53,other,retail_simulated_bank
2024-11-07,Online Purchase Rent 442453,1993.01,other,retail_simulated_bank
2023-02-01,CARD PMT MORTGAGE 119088,701.71,other,retail_simulated_bank
2024-04-09,FUEL-FUEL 507142,29.55,transportation,retail_simulated_bank
2024-01-22,POS PURCHASE ONLINE PUR,86.69,other,retail_simulated_bank
2023-05-10,Pos Purchase Vegetables 282996,90.42,groceries,retail_simulated_bank
2024-12-19,Pos Purchase Milk,22.51,groceries,retail_simulated_bank
2024-10-08,Pos Purchase Misc Expense,69.82,other,retail_simulated_bank
2024-01-25,Card Payment Gym Membership,35.54,other,retail_simulated_bank
2024-07-20,POS PURCHASE EGGS,146.73,groceries,retail_simulated_bank
2024-08-08,Online Purchase Online Purchase 510223,114.87,other,retail_simulated_bank
2024-04-17,transport pmt train ticket 999837,141.29,transportation,retail_simulated_bank
2023-05-01,fuel-bus-pass 4627,78.04,transportation,retail_simulated_bank
2024-12-24,Online Purchase Fast Food,70.17,other,retail_simulated_bank
2024-05-14,Pos Purchase Vegetables 187120,112.95,groceries,retail_simulated_bank
2023-03-18,transport payment fuel 646477,91.51,transportation,retail_simulated_bank
2024-10-22,Card/Pmt/Chicken,101.93,groceries,retail_simulated_bank
2024-08-29,online purchase netflix 531017,26.3,other,retail_simulated_bank
2023-07-01,Pos Purchase Restaurant 790110,67.05,other,retail_simulated_bank
2024-06-08,Online Purchase Water Bill 285,135.06,other,retail_simulated_bank
2023-09-28,ONLINE PURCHASE NETFLIX 907625,33.39,other,retail_simulated_bank
2024-07-20,Online Purchase Mortgage 546808,784.65,other,retail_simulated_bank
2023-02-16,Transport Pmt Bus Pass 914047,57.81,transportation,retail_simulated_bank
2023-05-10,Card Pmt Fuel 88225,117.59,transportation,retail_simulated_bank
2024-01-11,Card Pmt Chicken 327759,23.81,groceries,retail_simulated_bank
2023-01-19,card payment restaurant,107.42,other,retail_simulated_bank
2024-12-22,POS*PURCHASE*RENT,1159.02,other,retail_simulated_bank
2023-02-24,Transport Payment Fuel,43.44,transportation,retail_simulated_bank
2023-05-20,Card Pmt Restaurant 280695,34.06,other,retail_simulated_bank
2024-05-30,card*pmt*fuel,148.81,transportation,retail_simulated_bank
2023-10-14,Card-Payment-Gas-Bill,224.81,other,retail_simulated_bank
2024-06-16,card payment milk,16.08,groceries,retail_simulated_bank
2024-04-08,Online*Purchase*Rent,966.54,other,retail_simulated_bank
2024-02-03,CARD PAYMENT ELECTRICITY BILL 334105,122.33,other,retail_simulated_bank
2023-12-26,Online*Purchase*Spotify,7.31,other,retail_simulated_bank
2023-04-04,pos*purchase*gym*membership,38.21,other,retail_simulated_bank
2023-01-02,pos purchase chicken,57.65,groceries,retail_simulated_bank
2023-04-22,Online/Purchase/Netflix 384240,36.01,other,retail_simulated_bank
2024-03-13,Card Pmt Online Purchase 436092,49.3,other,retail_simulated_bank
2024-01-07,pos purchase vegetables,132.38,groceries,retail_simulated_bank
2023-07-24,Pos Purchase Internet Bill 148917,155.29,other,retail_simulated_bank
2024-03-16,Card Payment Milk 513706,70.97,groceries,retail_simulated_bank
2024-05-10,Card/Pmt/Spotify,5.16,other,retail_simulated_bank
2024-08-10,TRANSPORT PAYMENT UBER RIDE 879115,131.96,transportation,retail_simulated_bank
2023-12-02,Online-Purchase-Misc-Expense,85.58,other,retail_simulated_bank
2024-08-04,Card Pmt Mortgage 336382,1504.2,other,retail_simulated_bank
2023-08-07,online purchase spotify 758728,24.44,other,retail_simulated_bank
2024-09-01,Online Purchase Misc Expense 258542,53.66,other,retail_simulated_bank
2023-04-29,Fuel*Bus*Pass 255654,143.61,transportation,retail_simulated_bank
2024-10-01,Online-Purchase-Food-Delivery 678325,15.95,other,retail_simulated_bank
2023-07-27,Pos/Purchase/Online/Purchase 121559,146.68,other,retail_simulated_bank
2023-03-26,online-purchase-misc-expense 47022,122.21,other,retail_simulated_bank
2023-06-07,online purchase electricity bill,103.1,other,retail_simulated_bank
2023-07-07,card pmt fuel 773970,35.6,transportation,retail_simulated_bank
2023-08-07,POS PURCHASE RICE 635319,134.18,groceries,retail_simulated_bank
2024-06-20,pos/purchase/misc/expense,67.36,other,retail_simulated_bank
2023-06-05,Card Pmt Online Purchase,52.6,other,retail_simulated_bank
2023-10-07,Pos Purchase Food Delivery,11.89,other,retail_simulated_bank
2023-07-18,pos-purchase-spotify,20.02,other,retail_simulated_bank
2023-09-15,Pos Purchase Gym Membership,30.12,other,retail_simulated_bank
2023-07-01,card pmt train ticket,83.43,transportation,retail_simulated_bank
2024-10-07,transport pmt train ticket,59.25,transportation,retail_simulated_bank
2023-05-22,POS PURCHASE MISC EXPENSE,62.67,other,retail_simulated_bank
2024-03-30,Pos Purchase Netflix,6.86,other,retail_simulated_bank
2024-04-04,TRANSPORT PMT UBER RIDE 11,60.84,transportation,retail_simulated_bank
2024-02-11,Online Purchase Spotify,17.75,other,retail_simulated_bank
2023-01-10,ONLINE PURCHASE WATER BILL 745928,190.42,other,retail_simulated_bank
2023-11-29,Online Purchase Netflix 980349,16.67,other,retail_simulated_bank
2024-12-17,CARD PAYMENT MILK,75.53,groceries,retail_simulated_bank
2024-09-06,FUEL/UBER/RIDE 486136,100.91,transportation,retail_simulated_bank
2023-03-27,pos purchase bread 268479,17.66,groceries,retail_simulated_bank
2024-02-02,CARD PAYMENT RICE,117.5,groceries,retail_simulated_bank
2023-01-20,POS PURCHASE CHICKEN 403175,147.98,groceries,retail_simulated_bank
2024-03-31,Card Pmt Gas Bill 798605,184.92,other,retail_simulated_bank
2023-06-22,CARD PMT MORTGAGE,1583.78,other,retail_simulated_bank
2023-08-28,Card Payment Rent 947249,1469.38,other,retail_simulated_bank
2023-03-27,fuel bus pass 116893,105.7,transportation,retail_simulated_bank
2024-11-13,Online-Purchase-Rent 249473,1850.16,other,retail_simulated_bank
2024-08-02,online purchase water bill 608779,99.02,other,retail_simulated_bank
2024-03-03,FUEL UBER RIDE,4.55,transportation,retail_simulated_bank
2023-04-24,Online Purchase Online Purchase,14.6,other,retail_simulated_bank
2023-07-07,card pmt train ticket 267772,129.84,transportation,retail_simulated_bank
2024-09-24,CARD PAYMENT BUS PASS 898989,67.7,transportation,retail_simulated_bank
2023-02-14,CARD PAYMENT UBER RIDE 596398,67.4,transportation,retail_simulated_bank
2024-03-29,Card Payment Misc Expense,17.68,other,retail_simulated_bank
2024-07-17,online/purchase/rent,1249.17,other,retail_simulated_bank
2024-08-27,POS*PURCHASE*EGGS,107.12,groceries,retail_simulated_bank
2024-11-13,Pos Purchase Mortgage 22618,1878.84,other,retail_simulated_bank
2024-02-07,Online Purchase Online Purchase 556918,10.08,other,retail_simulated_bank
2023-01-13,fuel train ticket 365883,145.57,transportation,retail_simulated_bank
2023-02-02,online purchase electricity bill,106.61,other,retail_simulated_bank
2023-10-19,POS*PURCHASE*INTERNET*BILL 896314,164.55,other,retail_simulated_bank
2024-10-03,Pos Purchase Milk,82.79,groceries,retail_simulated_bank
2023-12-11,CARD PAYMENT NETFLIX,39.67,other,retail_simulated_bank
2024-01-03,Pos Purchase Gym Membership 532360,38.59,other,retail_simulated_bank
2024-12-03,card-payment-train-ticket 667300,136.67,transportation,retail_simulated_bank
2023-03-14,POS PURCHASE SPOTIFY,17.65,other,retail_simulated_bank
2024-05-13,Card Payment Milk,62.91,groceries,retail_simulated_bank
2024-08-07,Card Pmt Gym Membership 542747,5.67,other,retail_simulated_bank
2024-07-13,Pos Purchase Food Delivery,11.64,other,retail_simulated_bank
2023-09-27,POS PURCHASE FOOD DELIVERY 93977,67.57,other,retail_simulated_bank
2024-05-05,CARD/PAYMENT/VEGETABLES 494186,134.63,groceries,retail_simulated_bank
2023-08-12,Pos Purchase Spotify 346150,9.39,other,retail_simulated_bank
2024-08-17,Card Payment Rent 777481,1004.57,other,retail_simulated_bank
2024-02-07,CARD PAYMENT MORTGAGE 676692,628.72,other,retail_simulated_bank
2023-06-10,Online Purchase Fast Food 919361,58.42,other,retail_simulated_bank
2023-06-14,card-payment-bus-pass 62864,4.18,transportation,retail_simulated_bank
2023-08-06,Card Pmt Mortgage,702.03,other,retail_simulated_bank
2024-02-05,online-purchase-fast-food 809432,40.5,other,retail_simulated_bank
2023-07-08,Card Pmt Gas Bill,148.19,other,retail_simulated_bank
2024-08-09,online*purchase*netflix,28.15,other,retail_simulated_bank
2023-12-05,online purchase rent,909.85,other,retail_simulated_bank
2023-02-02,Card-Pmt-Online-Purchase 615755,13.25,other,retail_simulated_bank
2024-11-24,online/purchase/netflix 600448,36.23,other,retail_simulated_bank
2024-10-14,Pos Purchase Eggs 99179,38.91,groceries,retail_simulated_bank
2023-09-06,ONLINE PURCHASE MISC EXPENSE 65554,78.03,other,retail_simulated_bank
2023-04-30,CARD PMT BREAD,133.3,groceries,retail_simulated_bank
2023-08-14,card/pmt/rice,60.71,groceries,retail_simulated_bank
2023-01-07,Online Purchase Online Purchase 780908,93.59,other,retail_simulated_bank
2024-04-12,transport pmt bus pass,143.78,transportation,retail_simulated_bank
2024-08-02,Fuel Fuel,50.52,transportation,retail_simulated_bank
2024-08-30,online purchase online purchase,15.9,other,retail_simulated_bank
2023-08-25,Card Pmt Mortgage 563705,1153.34,other,retail_simulated_bank
2023-07-03,POS PURCHASE ONLINE PURCHASE 111928,64.6,other,retail_simulated_bank
2023-05-25,CARD PAYMENT ONLINE PU,133.06,other,retail_simulated_bank
2023-07-11,Card Pmt Fast Food,55.0,other,retail_simulated_bank
2024-04-19,Card Payment Eggs 933324,70.91,groceries,retail_simulated_bank
2023-01-02,card*payment*vegetables 856890,90.59,groceries,retail_simulated_bank
2023-12-19,Online Purchase Restaurant 931065,16.35,other,retail_simulated_bank
2024-07-17,Online Purchase Online Purchase 750188,36.17,other,retail_simulated_bank
2024-12-18,Card Payment Bread,30.79,groceries,retail_simulated_bank
2024-11-07,pos purchase electricity bill,163.76,other,retail_simulated_bank
2023-05-08,online purchase electricity bill 854015,230.28,other,retail_simulated_bank
2024-12-03,POS PURCHASE GYM MEMBERSHIP,30.3,other,retail_simulated_bank
2023-04-25,FUEL UBER RIDE 507550,66.76,transportation,retail_simulated_bank
2024-07-17,Pos Purchase Spotify,18.0,other,retail_simulated_bank
2024-08-05,card payment netflix,35.83,other,retail_simulated_bank
2024-12-21,Card/Pmt/Mortgage,1258.62,other,retail_simulated_bank
2024-12-26,POS PURCHASE RENT,1323.47,other,retail_simulated_bank
2024-05-05,CARD-PAYMENT-EGGS,137.82,groceries,retail_simulated_bank
2024-07-14,Online/Purchase/Gym/Membership 934961,12.56,other,retail_simulated_bank
2024-06-04,Pos/Purchase/Food/Delivery 396056,141.56,other,retail_simulated_bank
2023-10-10,pos/purchase/spotify 53099,33.13,other,retail_simulated_bank
2024-11-04,Fuel Bus Pass 604742,130.34,transportation,retail_simulated_bank
2024-05-03,card*payment*chicken 663598,23.3,groceries,retail_simulated_bank
2024-09-21,POS/PURCHASE/ELECTRICITY/BILL 965164,151.26,other,retail_simulated_bank
2023-08-23,transport-pmt-train-ticket,94.91,transportation,retail_simulated_bank
2023-10-13,Online/Purchase/Water/Bill 392124,49.51,other,retail_simulated_bank
2023-05-15,POS/PURCHASE/FAST/FOOD 165684,99.26,other,retail_simulated_bank
2024-01-04,ONLINE PURCHASE RENT 97219,1963.51,other,retail_simulated_bank
2024-11-20,Pos*Purchase*Gym*Membership,29.54,other,retail_simulated_bank
2023-02-21,Pos Purchase Electricity Bill 605137,169.49,other,retail_simulated_bank
2023-05-15,Transport Payment Train Ticket,35.2,transportation,retail_simulated_bank
2023-05-11,Online Purchase Internet Bill 649440,217.11,other,retail_simulated_bank
2023-02-12,POS PURCHASE RENT 950409,1604.99,other,retail_simulated_bank
2024-03-03,Card Pmt Online Purchase,76.99,other,retail_simulated_bank
2024-02-10,card payment uber ride 830740,62.85,transportation,retail_simulated_bank
2023-12-19,Card-Pmt-Electricity-Bill,211.47,other,retail_simulated_bank
2024-04-15,POS PURCHASE RENT 636312,1215.96,other,retail_simulated_bank
2023-04-09,Card Payment Fuel 67002,135.75,transportation,retail_simulated_bank
2024-12-01,online purchase gym membership 846020,31.88,other,retail_simulated_bank
2024-09-04,Card Payment Vegetables,26.8,groceries,retail_simulated_bank
2024-12-03,pos purchase rice 582688,103.35,groceries,retail_simulated_bank
2024-09-14,CARD PMT RENT 894711,1129.37,other,retail_simulated_bank
2024-06-27,CARD PMT BREAD,88.56,groceries,retail_simulated_bank
2023-09-11,online purchase electricity bill,36.42,other,retail_simulated_bank
2024-02-01,pos purchase misc expense,12.83,other,retail_simulated_bank
2023-03-25,CARD PMT RESTAURANT,25.17,other,retail_simulated_bank
2024-03-05,Pos Purchase Online Purchase,141.02,other,retail_simulated_bank
2024-01-11,card pmt restaurant 179175,76.66,other,retail_simulated_bank
2024-03-03,Pos Purchase Food Delivery,133.07,other,retail_simulated_bank
2023-02-11,online purchase misc expense,70.69,other,retail_simulated_bank
2023-06-06,card pmt restaurant,105.96,other,retail_simulated_bank
2024-02-08,POS PURCHASE CHICKEN 520890,78.29,groceries,retail_simulated_bank
2024-08-18,TRANSPORT-PAYMENT-BUS-PASS 342117,11.89,transportation,retail_simulated_bank
2023-02-07,fuel*bus*pass 221434,47.17,transportation,retail_simulated_bank
2023-07-21,ONLINE*PURCHASE*FAST*FOOD 828010,60.55,other,retail_simulated_bank
2023-08-19,ONLINE*PURCHASE*MORTGAGE 974696,863.99,other,retail_simulated_bank
2024-09-11,card*pmt*spotify 463963,15.58,other,retail_simulated_bank
2023-05-13,CARD/PMT/RESTAURANT 9,69.68,other,retail_simulated_bank
2024-03-20,card-payment-online-purchase,59.65,other,retail_simulated_bank
2023-05-31,card pmt online purchase,16.0,other,retail_simulated_bank
2024-11-12,CARD PMT TRAIN TICKET,118.52,transportation,retail_simulated_bank
2023-11-25,card/payment/gas/bill,152.06,other,retail_simulated_bank
2024-06-11,CARD PMT TRAIN TICKET 664104,17.91,transportation,retail_simulated_bank
2024-05-19,online purchase online purchase,81.47,other,retail_simulated_bank
2024-02-22,Online Purchase Gym Membership,30.9,other,retail_simulated_bank
2024-12-29,card*payment*water*bill 308916,229.64,other,retail_simulated_bank
2024-11-30,card payment vegetables,91.32,groceries,retail_simulated_bank
2024-07-27,Online Purchase Fast Food 900267,35.43,other,retail_simulated_bank
2023-10-16,Card/Payment/Train/Ticket,133.44,transportation,retail_simulated_bank
2024-11-13,Card*Pmt*Restaurant,133.68,other,retail_simulated_bank
2023-08-19,Pos Purchase Eggs 98,81.15,groceries,retail_simulated_bank
2023-02-05,Online Purchase Gas Bill 480027,238.86,other,retail_simulated_bank
2024-12-24,card payment online purchas,14.4,other,retail_simulated_bank
2024-06-25,Online Purchase Misc Expense,127.71,other,retail_simulated_bank
2023-10-01,Card*Payment*Fast*Food 864172,7.11,other,retail_simulated_bank
2024-02-04,CARD PMT FUEL 607549,117.42,transportation,retail_simulated_bank
2024-02-16,POS PURCHASE MORTGAGE 76415,1714.49,other,retail_simulated_bank
2023-10-02,Pos/Purchase/Gym/Membership 171034,32.91,other,retail_simulated_bank
2023-09-03,Pos Purchase Mortgage 147524,1104.69,other,retail_simulated_bank
2023-10-05,ONLINE PURCHASE FAST FOOD 813973,85.95,other,retail_simulated_bank
2024-08-31,card/payment/fast/food,139.89,other,retail_simulated_bank
2023-03-07,Pos Purchase Misc Expense,144.45,other,retail_simulated_bank
2023-05-10,pos*purchase*restaurant 56066,136.17,other,retail_simulated_bank
2024-01-14,Pos Purchase Bread,53.46,groceries,retail_simulated_bank
2023-01-09,CARD-PAYMENT-CHICKEN 294465,105.57,groceries,retail_simulated_bank
2023-11-10,ONLINE PURCHASE SPOTIFY,37.79,other,retail_simulated_bank
2024-02-13,CARD/PAYMENT/NETFLIX 528,11.49,other,retail_simulated_bank
2024-08-12,pos purchase netflix 604687,37.9,other,retail_simulated_bank
2024-04-02,CARD PMT FAST FOOD 106903,47.41,other,retail_simulated_bank
2024-04-09,CARD-PMT-ELECTRICITY-BILL 637279,82.7,other,retail_simulated_bank
2024-01-12,Pos Purchase Misc Expense 932614,23.1,other,retail_simulated_bank
2024-01-30,ONLINE-PURCHASE-ONLINE-PURCHASE 87285,42.06,other,retail_simulated_bank
2024-11-14,Card Payment Eggs 780476,10.74,groceries,retail_simulated_bank
2023-06-11,Card Pmt Train Ticket 424453,39.43,transportation,retail_simulated_bank
2023-11-21,ONLINE PURCHASE RESTAURANT,47.25,other,retail_simulated_bank
2023-02-27,Fuel Train Ticket,108.6,transportation,retail_simulated_bank
2024-11-04,online purchase food delivery 428993,63.66,other,retail_simulated_bank
2024-11-28,card/pmt/misc/expense,36.22,other,retail_simulated_bank
2024-12-03,CARD-PMT-MILK 720972,81.52,groceries,retail_simulated_bank
2023-12-31,online-purchase-rent 34022,1343.16,other,retail_simulated_bank
2024-07-16,pos purchase water bill,47.47,other,retail_simulated_bank
2024-07-24,card payment restaurant,137.67,other,retail_simulated_bank
2024-01-07,CARD*PAYMENT*BUS*PASS 586253,25.99,transportation,retail_simulated_bank
2023-06-30,POS PURCHASE MISC EXPENSE 447746,111.65,other,retail_simulated_bank
2023-09-23,pos purchase food delivery 503816,120.23,other,retail_simulated_bank
2024-05-24,Fuel Fuel,10.15,transportation,retail_simulated_bank
2024-11-23,Card Payment Water Bill 919863,235.43,other,retail_simulated_bank
2023-12-16,Pos-Purchase-Vegetables 945748,80.77,groceries,retail_simulated_bank
2024-04-08,Card Pmt Rent 33062,1222.59,other,retail_simulated_bank
2023-07-12,online*purchase*internet*bill 83105,101.26,other,retail_simulated_bank
2023-03-05,CARD PAYMENT INTERNET BILL 286240,91.3,other,retail_simulated_bank
2024-01-01,CARD PAYMENT RENT,1481.02,other,retail_simulated_bank
2024-07-03,Pos Purchase Online Purchase,122.61,other,retail_simulated_bank
2024-01-12,POS PURCHASE MILK 83879,139.35,groceries,retail_simulated_bank
2023-06-05,TRANSPORT PAYMENT UBER RIDE 40798,8.35,transportation,retail_simulated_bank
2023-05-12,Card Payment Food Delivery 135230,29.19,other,retail_simulated_bank
2024-04-19,card pmt eggs 245824,30.39,groceries,retail_simulated_bank
2023-11-05,Online Purchase Rent 914301,637.06,other,retail_simulated_bank
2024-02-12,Pos Purchase Electricity Bill,77.88,other,retail_simulated_bank
2023-06-18,Pos Purchase Gym Membership 187964,22.3,other,retail_simulated_bank
2024-01-23,pos purchase bread,20.88,groceries,retail_simulated_bank
2024-02-05,Pos Purchase Spotify,10.4,other,retail_simulated_bank
2024-10-08,online purchase electricity bill,71.03,other,retail_simulated_bank
2023-12-19,pos*purchase*misc*expense 568387,118.26,other,retail_simulated_bank
2024-11-06,Pos Purchase Gas Bill 983443,107.49,other,retail_simulated_bank
2023-06-04,Online Purchase Rent,807.7,other,retail_simulated_bank
2024-06-18,ONLINE PURCHASE MORTGAGE 894043,1462.33,other,retail_simulated_bank
2024-04-30,Pos Purchase Gym Membership 251748,15.06,other,retail_simulated_bank
2023-08-21,online/purchase/rent 72934,915.7,other,retail_simulated_bank
2023-12-25,online-purchase-fast-food,15.8,other,retail_simulated_bank
2023-02-20,Pos Purchase Rice 135415,61.37,groceries,retail_simulated_bank
2024-09-13,CARD PMT SPOTIFY 85942,11.56,other,retail_simulated_bank
2023-06-12,card payment restaurant 712159,115.38,other,retail_simulated_bank
2023-04-12,online-purchase-online-purchase 5,59.03,other,retail_simulated_bank
2024-02-10,POS PURCHASE RICE,21.33,groceries,retail_simulated_bank
2024-07-20,Pos Purchase Eggs,97.79,groceries,retail_simulated_bank
2024-05-19,POS PURCHASE WATER BILL,242.0,other,retail_simulated_bank
2024-06-30,Online Purchase Mortgage,1666.86,other,retail_simulated_bank
2024-05-04,Online Purchase Misc Expense 520167,117.56,other,retail_simulated_bank
2023-05-29,Card Payment Gas Bill 868847,87.78,other,retail_simulated_bank
2023-05-26,card pmt water bill 143252,246.14,other,retail_simulated_bank
2023-10-27,online purchase electricity bill 760508,195.96,other,retail_simulated_bank
2024-11-17,TRANSPORT PAYMENT TRAIN TICKET 13555,53.88,transportation,retail_simulated_bank
2024-11-11,Card Pmt Online Purchase 836818,108.45,other,retail_simulated_bank
2024-02-19,card payment rent 112160,1941.7,other,retail_simulated_bank
2024-09-24,Pos*Purchase*Rice 954771,29.91,groceries,retail_simulated_bank
2023-02-20,FUEL TRAIN TICKET 140758,57.62,transportation,retail_simulated_bank
2024-10-12,pos/purchase/restaurant,125.47,other,retail_simulated_bank
2023-09-08,POS PURCHASE MISC EXPENSE 779713,130.08,other,retail_simulated_bank
2023-02-26,POS PURCHASE VEGETABLES,19.87,groceries,retail_simulated_bank
2024-05-18,fuel*fuel,103.5,transportation,retail_simulated_bank
2023-01-07,TRANSPORT PMT UBER RIDE 521838,124.67,transportation,retail_simulated_bank
2024-07-26,card payment food delivery 173369,49.34,other,retail_simulated_bank
2023-11-28,TRANSPORT PAYMENT UBER RIDE 776058,99.02,transportation,retail_simulated_bank
2024-01-30,POS PURCHASE ELECTRICITY BILL,45.78,other,retail_simulated_bank
2023-10-21,Pos Purchase Internet Bill,141.92,other,retail_simulated_bank
2024-04-29,Online Purchase Mortgage 829484,1759.44,other,retail_simulated_bank
2023-10-11,CARD PAYMENT MORTGAGE 874696,1039.36,other,retail_simulated_bank
2023-11-23,ONLINE PURCHASE MISC EXPENSE,9.62,other,retail_simulated_bank
2024-10-03,CARD PAYMENT UBER RIDE,120.49,transportation,retail_simulated_bank
2023-10-02,ONLINE PURCHASE RENT 687259,1199.37,other,retail_simulated_bank
2024-11-20,Card Pmt Milk 741397,86.24,groceries,retail_simulated_bank
2023-01-18,Fuel Bus Pass,65.95,transportation,retail_simulated_bank
2024-08-29,pos-purchase-gym-membership 696737,30.23,other,retail_simulated_bank
2023-07-09,CARD/PAYMENT/GAS/BILL,139.26,other,retail_simulated_bank
2023-05-21,POS PURCHASE RICE,121.1,groceries,retail_simulated_bank
2023-06-12,pos purchase eggs 426844,27.8,groceries,retail_simulated_bank
2024-05-23,ONLINE PURCHASE RENT,1813.63,other,retail_simulated_bank
2023-04-02,POS PURCHASE BREAD 937207,110.16,groceries,retail_simulated_bank
2023-09-07,Pos-Purchase-Gas-Bill,74.39,other,retail_simulated_bank
2024-09-27,Pos Purchase Misc Expense 274522,136.17,other,retail_simulated_bank
2024-10-24,pos purchase fast food,81.2,other,retail_simulated_bank
2024-06-19,card payment fast food 486894,8.34,other,retail_simulated_bank
2024-03-12,Online Purchase Restaurant,13.91,other,retail_simulated_bank
2024-09-08,Online Purchase Fast Food,37.0,other,retail_simulated_bank
2024-10-29,ONLINE PURCHASE ONLINE PURCHASE,22.38,other,retail_simulated_bank
2024-04-16,Online Purchase Food Delivery 840618,115.4,other,retail_simulated_bank
2024-03-06,Fuel/Fuel,98.37,transportation,retail_simulated_bank
2023-08-01,fuel train ticket 493816,126.58,transportation,retail_simulated_bank
2024-10-07,Online Purchase Mortgage 810792,1443.67,other,retail_simulated_bank
2023-07-12,card*payment*misc*expense,51.34,other,retail_simulated_bank
2024-08-15,card pmt chicke,101.8,groceries,retail_simulated_bank
2023-02-16,pos purchase mortgage,774.56,other,retail_simulated_bank
2023-01-25,card pmt electricity bill,107.43,other,retail_simulated_bank
2024-01-23,POS-PURCHASE-MISC-EXPENSE 467681,74.48,other,retail_simulated_bank
2024-04-12,Fuel Bus Pass,85.77,transportation,retail_simulated_bank
2024-12-29,Online Purchase Misc Expense 106338,73.55,other,retail_simulated_bank
2024-07-28,Card Payment Milk 4442,23.62,groceries,retail_simulated_bank
2024-07-11,POS/PURCHASE/FAST/FOOD,48.01,other,retail_simulated_bank
2024-04-03,Online Purchase Mortgage 444080,1016.84,other,retail_simulated_bank
2023-04-02,ONLINE PURCHASE SPOTIFY,35.97,other,retail_simulated_bank
2023-12-22,POS-PURCHASE-RESTAURANT 65572,59.69,other,retail_simulated_bank
2023-09-21,online purchase food delivery 609243,148.62,other,retail_simulated_bank
2024-02-21,Card/Payment/Misc/Expense 525431,7.85,other,retail_simulated_bank
2023-07-23,Online Purchase Gas Bill 371891,78.53,other,retail_simulated_bank
2023-10-06,CARD PAYMENT CHICKEN 139791,111.65,groceries,retail_simulated_bank
2024-03-27,ONLINE*PURCHASE*SPOTIFY 188446,38.7,other,retail_simulated_bank
2024-08-02,CARD PMT MILK 383651,132.76,groceries,retail_simulated_bank
2023-08-17,ONLINE PURCHASE MORTGAGE 949841,1574.32,other,retail_simulated_bank
2024-01-15,Fuel Train Ticket 285135,10.28,transportation,retail_simulated_bank
2023-12-25,Online Purchase Spotify 253626,11.27,other,retail_simulated_bank
2024-04-18,Card/Payment/Bread 75873,80.77,groceries,retail_simulated_bank
2023-11-03,pos purchase food delivery,33.34,other,retail_simulated_bank
2024-06-21,online purchase electricity bill 991362,165.1,other,retail_simulated_bank
2024-09-18,online purchase gym membership 342805,31.72,other,retail_simulated_bank
2024-02-28,pos purchase fas,138.62,other,retail_simulated_bank
2023-09-26,online purchase mortgage 957941,1961.32,other,retail_simulated_bank
2023-11-11,Online Purchase Misc Expense,112.56,other,retail_simulated_bank
2023-11-09,online/purchase/mortgage,1708.39,other,retail_simulated_bank
2024-08-26,Card Pmt Netflix,37.48,other,retail_simulated_bank
2023-09-22,ONLINE PURCHASE WATER BILL,237.84,other,retail_simulated_bank
2024-08-11,fuel fuel,44.91,transportation,retail_simulated_bank
2024-06-22,FUEL-FUEL 216004,41.78,transportation,retail_simulated_bank
2023-02-18,Pos Purchase Online Purchase,24.48,other,retail_simulated_bank
2024-05-03,Card Pmt Spotify,9.49,other,retail_simulated_bank
2024-06-29,Online Purchase Rent 3,1536.61,other,retail_simulated_bank
2023-01-09,ONLINE PURCHASE MORTGAGE 971507,820.77,other,retail_simulated_bank
2024-12-08,Online-Purchase-Misc-Expense,21.98,other,retail_simulated_bank
2024-05-05,pos/purchase/electricity/bill 951406,197.57,other,retail_simulated_bank
2024-06-15,Fuel/Bus/Pass,135.19,transportation,retail_simulated_bank
2024-12-27,fuel train ticket,45.2,transportation,retail_simulated_bank
2024-04-28,ONLINE PURCHASE MISC EXPENSE 330577,57.47,other,retail_simulated_bank
2023-05-09,online purchase online purchase 167213,129.29,other,retail_simulated_bank
2023-11-06,card pmt bread 495063,4.49,groceries,retail_simulated_bank
2024-01-26,Transport Payment Fuel,127.69,transportation,retail_simulated_bank
2023-08-17,pos/purchase/bread 415859,109.36,groceries,retail_simulated_bank
2023-12-31,card pmt netflix 376242,9.95,other,retail_simulated_bank
2023-07-28,Card Pmt Bread,117.48,groceries,retail_simulated_bank
2023-12-31,pos*purchase*mortgage,1150.88,other,retail_simulated_bank
2024-08-19,Online*Purchase*Gym*Membership 848587,11.66,other,retail_simulated_bank
2024-07-22,CARD PAYMENT FUEL,144.68,transportation,retail_simulated_bank
2024-09-16,POS/PURCHASE/RESTAURANT 761467,138.64,other,retail_simulated_bank
2023-11-02,CARD PAYMENT ELECTRICITY BILL 646372,109.31,other,retail_simulated_bank
2023-08-15,card payment gas bill,117.24,other,retail_simulated_bank
2024-07-09,CARD PMT MILK,35.75,groceries,retail_simulated_bank
2023-07-07,Online/Purchase/Spo,12.16,other,retail_simulated_bank
2023-05-19,ONLINE-PURCHASE-INTERNET-BILL,177.56,other,retail_simulated_bank
2024-04-13,Pos-Purchase-Bread 687196,31.65,groceries,retail_simulated_bank
2023-08-01,card pmt train ticket 657649,41.97,transportation,retail_simulated_bank
2024-04-06,Online Purchase Rent 387337,924.79,other,retail_simulated_bank
2024-11-04,Online Purchase Mortgage 995519,1570.41,other,retail_simulated_bank
2023-02-03,card pmt food delivery,125.19,other,retail_simulated_bank
2023-05-25,Pos*Purchase*Gym*Membership 568047,29.77,other,retail_simulated_bank
2023-02-21,pos-purchase-spotify 8953,25.39,other,retail_simulated_bank
2024-03-24,ONLINE*PURCHASE*ELECTRICITY*,243.9,other,retail_simulated_bank
2023-07-12,Card/Payment/Uber/Ride 322477,71.47,transportation,retail_simulated_bank
2023-11-23,card/pmt/eggs,33.55,groceries,retail_simulated_bank
2024-01-11,card-payment-bread 922418,36.57,groceries,retail_simulated_bank
2024-07-26,Card Payment Bread 856808,26.81,groceries,retail_simulated_bank
2024-04-04,POS PURCHASE SPOTIFY 738048,16.84,other,retail_simulated_bank
2023-06-13,Card Payment Misc Expense 405339,110.29,other,retail_simulated_bank
2024-09-30,Card Payment Water Bill 595576,248.68,other,retail_simulated_bank
2023-01-17,CARD PAYMENT ONLINE PURCHASE,4.37,other,retail_simulated_bank
2023-08-09,online purchase gas bill 303703,248.13,other,retail_simulated_bank
2023-09-17,POS PURCHASE ELECTRICITY BILL 251370,78.28,other,retail_simulated_bank
2024-12-09,Card Pmt Fast Food,67.82,other,retail_simulated_bank
2024-04-12,Pos Purchase Vegetables,135.43,groceries,retail_simulated_bank
2024-03-13,Transport Pmt Uber Ride 335879,67.32,transportation,retail_simulated_bank
2023-11-19,online*purchase*internet*bill 123093,106.42,other,retail_simulated_bank
2023-08-04,pos purchase electricity bill,171.19,other,retail_simulated_bank
2023-06-27,card payment milk,141.41,groceries,retail_simulated_bank
2023-01-30,Pos Purchase Gas Bill,67.54,other,retail_simulated_bank
2023-05-15,Online Purchase Gas Bill,239.17,other,retail_simulated_bank
2024-04-14,card payment bread 497391,82.41,groceries,retail_simulated_bank
2023-01-17,CARD/PAYMENT/CHICKEN 706829,122.0,groceries,retail_simulated_bank
2023-06-17,Pos Purchase Rice,108.5,groceries,retail_simulated_bank
2023-03-01,Card Payment Rent,1833.51,other,retail_simulated_bank
2023-09-23,Pos Purchase Food Delivery,63.8,other,retail_simulated_bank
2024-05-02,POS PURCHASE MORTGAGE 258383,1941.82,other,retail_simulated_bank
2023-04-19,card pmt mortgage,964.63,other,retail_simulated_bank
2023-09-28,Online Purchase Gym Membership 63965,11.4,other,retail_simulated_bank
2024-07-08,Pos Purchase Rice 487955,55.88,groceries,retail_simulated_bank
2024-10-06,online-purchase-internet-bill 619909,179.08,other,retail_simulated_bank
2023-07-04,Online Purchase Gas Bill 874642,234.85,other,retail_simulated_bank
2024-08-21,CARD-PMT-GAS-BILL,206.59,other,retail_simulated_bank
2024-06-30,Pos/Purchase/Misc/Expense,59.64,other,retail_simulated_bank
2023-05-31,fuel bus pass 129588,137.48,transportation,retail_simulated_bank
2024-08-10,Online/Purchase/Internet/Bill,71.28,other,retail_simulated_bank
2023-04-13,Card*Pmt*Online*Purchase 967192,119.78,other,retail_simulated_bank
2024-06-27,Card Payment Electricity Bill 407724,40.37,other,retail_simulated_bank
2024-12-14,POS PURCHASE FOOD DELIVERY 697571,9.17,other,retail_simulated_bank
2024-09-20,Card Payment Fuel 359265,121.68,transportation,retail_simulated_bank
2023-03-17,Pos Purchase Vegetables 504187,137.7,groceries,retail_simulated_bank
2024-05-11,Pos Purchase Restaurant 660439,129.85,other,retail_simulated_bank
2023-08-19,transport*payment*uber*ride,120.3,transportation,retail_simulated_bank
2024-09-26,CARD PAYMENT NETFLIX,25.57,other,retail_simulated_bank
2023-11-22,Pos Purchase Spotify 876782,11.24,other,retail_simulated_bank
2023-05-26,ONLINE PURCHASE RENT,841.73,other,retail_simulated_bank
2023-09-13,Pos Purchase Fast Fo,113.02,other,retail_simulated_bank
2023-10-24,online/purchase/internet/bill,34.72,other,retail_simulated_bank
2024-11-26,online purchase water,68.75,other,retail_simulated_bank
2024-10-23,Transport Pmt Bus Pass 455407,89.89,transportation,retail_simulated_bank
2023-01-02,Pos Purchase Restaurant 648813,136.59,other,retail_simulated_bank
2023-11-06,Pos*Purchase*Rent,1005.86,other,retail_simulated_bank
2024-06-15,Online Purchase Restaurant 491921,47.8,other,retail_simulated_bank
2023-12-05,Online*Purchase*Food*Delivery,91.09,other,retail_simulated_bank
2023-06-20,Pos Purchase Eggs 926527,71.3,groceries,retail_simulated_bank
2024-01-22,pos/purchase/eggs 272016,93.24,groceries,retail_simulated_bank
2023-11-17,Online Purchase Misc Expense 241815,13.49,other,retail_simulated_bank
2023-07-06,card pmt internet bill 337839,167.26,other,retail_simulated_bank
2023-08-03,Pos Purchase Fast Food 16,96.3,other,retail_simulated_bank
2024-04-08,Online Purchase Gas Bill 502096,88.96,other,retail_simulated_bank
2023-06-24,Online-Purchase-Fast-Food 968131,49.88,other,retail_simulated_bank
2023-03-24,ONLINE PURCHASE GAS BILL 847874,33.86,other,retail_simulated_bank
2023-05-26,card pmt fast food 711586,82.78,other,retail_simulated_bank
2024-01-13,ONLINE PURCHASE ONLINE PURCHASE,7.08,other,retail_simulated_bank
2023-10-20,Pos Purchase Gym Membership,10.28,other,retail_simulated_bank
2024-02-25,card pmt mil,50.42,groceries,retail_simulated_bank
2024-11-11,Pos Purchase Electricity Bill,99.9,other,retail_simulated_bank
2024-11-15,card payment mortgage 376953,942.11,other,retail_simulated_bank
2024-09-29,Card Pmt Rent,841.3,other,retail_simulated_bank
2023-02-13,Card Payment Mortgage 390292,1935.54,other,retail_simulated_bank
2024-11-10,card pmt fast food 843197,14.17,other,retail_simulated_bank
2024-07-18,TRANSPORT PAYMENT UBER RIDE 535369,98.01,transportation,retail_simulated_bank
2023-04-20,Transport Pmt Uber Ride,31.6,transportation,retail_simulated_bank
2023-08-18,Pos Purchase Electricit,156.26,other,retail_simulated_bank
2023-07-01,card pmt rent,1499.31,other,retail_simulated_bank
2023-06-27,online purchase online purchase 343023,16.87,other,retail_simulated_bank
2023-10-31,ONLINE-PURCHASE-ONLINE-PURCHASE 971573,57.7,other,retail_simulated_bank
2024-01-17,CARD PMT GYM MEMBERSHIP 778911,8.94,other,retail_simulated_bank
2024-07-02,card payment netflix 206306,24.02,other,retail_simulated_bank
2023-01-09,Pos Purchase Fast Food,46.8,other,retail_simulated_bank
2023-12-01,Card Payment Chicken,19.13,groceries,retail_simulated_bank
2023-11-09,fuel/uber/ride 502135,60.25,transportation,retail_simulated_bank
2024-11-20,Card Pmt Online Purchase 82596,126.06,other,retail_simulated_bank
2023-07-01,POS PURCHASE MILK 663194,119.81,groceries,retail_simulated_bank
2024-10-15,Card Pmt Gym Membership 299180,22.42,other,retail_simulated_bank
2023-12-02,online purchase spotify 842148,15.98,other,retail_simulated_bank
2023-10-16,POS PURCHASE MISC EXPENSE 53,96.76,other,retail_simulated_bank
2023-05-02,POS PURCHASE MISC EXPENSE 786101,113.09,other,retail_simulated_bank
2024-11-05,Pos Purchase Spotify 935320,12.62,other,retail_simulated_bank
2024-03-22,POS PURCHASE ELECTRICITY BILL 364585,187.27,other,retail_simulated_bank
2023-07-17,online*purchase*online*purchase,29.32,other,retail_simulated_bank
2023-10-19,Pos Purchase Electricity Bill 806048,44.07,other,retail_simulated_bank
2023-04-26,Pos*Purchase*Gas*Bill 10717,205.08,other,retail_simulated_bank
2024-08-04,Fuel Fuel 465508,140.84,transportation,retail_simulated_bank
2024-09-21,Online Purchase Online Purchase 131199,16.24,other,retail_simulated_bank
2024-02-21,pos-purchase-restaurant,124.33,other,retail_simulated_bank
2024-08-12,card payment gym membership,26.45,other,retail_simulated_bank
2023-07-23,card pmt rent,1319.16,other,retail_simulated_bank
2023-02-28,card payment vegetables,83.78,groceries,retail_simulated_bank
2024-12-05,Pos Purchase Internet Bill,34.61,other,retail_simulated_bank
2023-12-23,card-payment-rent,687.34,other,retail_simulated_bank
2024-02-10,Online Purchase Water Bill 423680,72.55,other,retail_simulated_bank
2023-12-01,Card Pmt Electricity Bill 910654,169.0,other,retail_simulated_bank
2024-06-26,Pos Purchase Online Purchase 713401,42.71,other,retail_simulated_bank
2023-06-15,POS-PURCHASE-ELECTRICITY-BILL 204308,151.69,other,retail_simulated_bank
2024-08-01,online purchase food delivery 52087,28.12,other,retail_simulated_bank
2024-02-12,pos purchase online purchase 155142,11.77,other,retail_simulated_bank
2024-03-22,Online Purchase Gym Membership,33.79,other,retail_simulated_bank
2023-07-31,CARD*PAYMENT*WATER*BILL 971124,152.28,other,retail_simulated_bank
2023-07-28,CARD PMT MISC EXPENSE 938115,101.96,other,retail_simulated_bank
2024-06-01,Online Purchase Internet Bill 256048,194.34,other,retail_simulated_bank
2024-07-09,transport pmt uber ride,132.84,transportation,retail_simulated_bank
2024-04-10,Online Purchase Misc Expense,29.02,other,retail_simulated_bank
2023-11-09,Pos Purchase Bread 270187,66.81,groceries,retail_simulated_bank
2023-03-18,pos purchase online purchase 803716,3.12,other,retail_simulated_bank
2023-07-25,Card Payment Water Bill,204.04,other,retail_simulated_bank
2024-06-04,Pos-Purchase-Water-Bill,148.92,other,retail_simulated_bank
2024-09-06,online purchase rent 455290,861.57,other,retail_simulated_bank
2024-12-18,Card-Payment-Rent,1055.51,other,retail_simulated_bank
2024-05-08,pos purchase rice 229861,143.04,groceries,retail_simulated_bank
2023-02-14,online purchase fast food,16.96,other,retail_simulated_bank
2024-08-18,card payment food delivery,109.33,other,retail_simulated_bank
2024-06-19,pos purchase electricity bill,235.55,other,retail_simulated_bank
2023-09-11,card pmt vegetables 617436,122.54,groceries,retail_simulated_bank
2024-04-23,ONLINE PURCHASE ONLINE PURCHASE,94.31,other,retail_simulated_bank
2024-05-30,card payment spotify,9.09,other,retail_simulated_bank
2024-08-16,card pmt rent 813281,1430.79,other,retail_simulated_bank
2023-11-03,Online Purchase Online Purchase 640945,82.53,other,retail_simulated_bank
2024-11-22,FUEL FUEL 209967,29.19,transportation,retail_simulated_bank
2023-06-04,POS PURCHASE VEGETABLES,123.82,groceries,retail_simulated_bank
2024-02-13,pos purchase mortgage 243047,1574.3,other,retail_simulated_bank
2023-12-29,Pos Purchase Spotify,26.41,other,retail_simulated_bank
2023-11-12,online purchase netflix 956,20.69,other,retail_simulated_bank
2023-06-16,POS/PURCHASE/GYM/MEMBERSHIP 330695,36.19,other,retail_simulated_bank
2023-10-07,CARD PAYMENT BUS PASS,35.86,transportation,retail_simulated_bank
2024-03-31,pos purchase mortgage 812961,612.65,other,retail_simulated_bank
2024-09-14,pos*purchase*mortga,1411.06,other,retail_simulated_bank
2024-05-01,pos purchase rice,42.41,groceries,retail_simulated_bank
2023-11-08,POS PURCHASE INTERNET BILL,247.46,other,retail_simulated_bank
2024-02-10,Card Payment Rice 934824,87.39,groceries,retail_simulated_bank
2024-07-20,Online-Purchase-Restaurant 501057,85.68,other,retail_simulated_bank
2024-11-27,pos-purchase-misc-expense 78478,48.13,other,retail_simulated_bank
2024-12-03,Card Payment Fast Food 556660,85.2,other,retail_simulated_bank
2024-06-05,CARD*PMT*GYM*MEMBERSHIP,14.65,other,retail_simulated_bank
2023-10-23,Pos Purchase Gas Bill,131.65,other,retail_simulated_bank
2024-10-07,Pos Purchase Misc Expense 66977,79.29,other,retail_simulated_bank
2024-08-18,card payment train ticket 241957,61.6,transportation,retail_simulated_bank
2024-08-21,Card Pmt Gym Membership 100883,18.33,other,retail_simulated_bank
2024-09-11,pos purchase,16.06,other,retail_simulated_bank
2023-06-25,pos purchase internet bill 279,101.87,other,retail_simulated_bank
2023-05-23,POS PURCHASE MILK 632267,27.11,groceries,retail_simulated_bank
2023-10-24,Pos Purchase Restaurant,61.32,other,retail_simulated_bank
2024-07-11,Online Purchase Gym Membership,5.63,other,retail_simulated_bank
2024-06-16,CARD PMT GAS BILL,85.59,other,retail_simulated_bank
2024-07-06,Card Pmt Bread 166991,3.08,groceries,retail_simulated_bank
2023-02-12,Online Purchase Gym Membership 596656,28.3,other,retail_simulated_bank
2024-07-07,transport pmt fuel 137701,47.85,transportation,retail_simulated_bank
2023-09-26,Pos Purchase Netfli,30.79,other,retail_simulated_bank
2024-03-01,POS PURCHASE ONLINE PURCHASE,84.34,other,retail_simulated_bank
2024-04-02,CARD PAYMENT ONLINE PURCHASE 370783,5.14,other,retail_simulated_bank
2023-02-18,pos-purchase-misc-expense,137.53,other,retail_simulated_bank
2023-12-20,POS-PURCHASE-BREAD,9.75,groceries,retail_simulated_bank
2024-08-29,card pmt mortgage 16147,1164.62,other,retail_simulated_bank
2023-01-18,online purchase misc expense,97.82,other,retail_simulated_bank
2024-07-25,CARD PMT FUEL 34748,46.04,transportation,retail_simulated_bank
2024-07-08,TRANSPORT PMT TRAIN TICKET 923809,124.34,transportation,retail_simulated_bank
2024-05-29,Card Payment Mortgage 730475,1397.28,other,retail_simulated_bank
2023-01-20,Pos Purchase Misc Expense,137.36,other,retail_simulated_bank
2024-10-20,ONLINE PURCHASE RENT,826.79,other,retail_simulated_bank
2024-10-08,ONLINE PURCHASE ONLINE PURCHASE 90876,7.59,other,retail_simulated_bank
2024-12-05,Card Payment Online Purchase 694766,65.88,other,retail_simulated_bank
2023-10-30,Pos/Purchase/Milk,36.95,groceries,retail_simulated_bank
2024-09-01,TRANSPORT PMT BUS PASS,22.33,transportation,retail_simulated_bank
2024-11-12,POS PURCHASE RICE 856007,74.14,groceries,retail_simulated_bank
2024-02-15,FUEL FUEL,85.12,transportation,retail_simulated_bank
2023-02-09,CARD*PAYMENT*MISC*EXPENSE 507170,27.23,other,retail_simulated_bank
2023-05-10,POS-PURCHASE-RESTAURANT,118.75,other,retail_simulated_bank
2024-09-17,Card Pmt Eggs 246384,136.79,groceries,retail_simulated_bank
2024-03-11,online purchase spotify,9.79,other,retail_simulated_bank
2023-07-05,online purchase online purchase 848981,30.08,other,retail_simulated_bank
2023-08-30,card pmt chicken,4.16,groceries,retail_simulated_bank
2024-05-25,POS PURCHASE GAS BILL,36.47,other,retail_simulated_bank
2023-11-07,TRANSPORT PMT FUEL,135.41,transportation,retail_simulated_bank
2024-09-03,pos purchase spotify 622355,16.4,other,retail_simulated_bank
2023-08-26,pos purchase internet bill 63095,51.21,other,retail_simulated_bank
2023-03-25,ONLINE PURCHASE NETFLIX,22.12,other,retail_simulated_bank
2023-04-15,Card/Payment/Gas,106.49,other,retail_simulated_bank
2023-05-11,POS PURCHASE ELECTRICITY BILL,84.81,other,retail_simulated_bank
2023-03-11,pos purchase rent,1902.73,other,retail_simulated_bank
2023-05-27,Pos-Purchase-Mortgage 2118,1690.32,other,retail_simulated_bank
2023-10-05,Online/Purchase/Mortgage,1195.84,other,retail_simulated_bank
2023-12-21,Online/Purchase/Gym/Membership,13.62,other,retail_simulated_bank
2023-11-29,Card-Payment-Spotify,16.24,other,retail_simulated_bank
2024-11-28,card payment water bill 940052,97.16,other,retail_simulated_bank
2023-11-17,Pos/Purchase/Misc/Expense 750141,23.57,other,retail_simulated_bank
2024-05-29,Card Pmt Rice,20.0,groceries,retail_simulated_bank
2023-03-28,Fuel Fuel,57.13,transportation,retail_simulated_bank
2023-02-23,card payment restauran,11.05,other,retail_simulated_bank
2023-04-05,card/pmt/gym/membership,15.8,other,retail_simulated_bank
2023-10-03,CARD*PAYMENT*FUEL 917684,69.75,transportation,retail_simulated_bank
2024-10-15,Pos Purchase Restaurant,115.41,other,retail_simulated_bank
2024-06-25,Online Purchase Gas Bill,95.46,other,retail_simulated_bank
2024-04-17,ONLINE PURCHASE MORTGAGE 392139,1705.26,other,retail_simulated_bank
2024-12-20,POS PURCHASE EGGS,88.35,groceries,retail_simulated_bank
2023-10-24,Pos/Purchase/Misc/Expense 355772,32.32,other,retail_simulated_bank
2023-08-25,POS PURCHASE ONLINE PURCHASE 2242,8.39,other,retail_simulated_bank
2023-08-16,card pmt food delivery 359645,81.54,other,retail_simulated_bank
2023-03-12,card/payment/electricity/bill,122.68,other,retail_simulated_bank
2024-09-07,CARD PMT RENT 465605,1502.03,other,retail_simulated_bank
2024-06-02,Card Payment Internet Bill 835145,142.86,other,retail_simulated_bank
2023-12-28,Online/Purchase/Netflix 814070,24.49,other,retail_simulated_bank
2024-05-01,POS PURCHASE ONLINE PURCHASE,73.55,other,retail_simulated_bank
2023-07-08,CARD*PMT*ELECTRICITY*BILL,152.07,other,retail_simulated_bank
2023-05-06,card pmt uber ride 7,49.08,transportation,retail_simulated_bank
2023-12-01,Online Purchase Food Delivery 96939,47.94,other,retail_simulated_bank
2023-08-20,pos purchase online purchase 868454,139.21,other,retail_simulated_bank
2024-06-08,pos*purchase*food*delivery 991267,10.35,other,retail_simulated_bank
2023-07-12,online purchase netflix,28.99,other,retail_simulated_bank
2024-05-23,CARD PMT BUS PASS 969292,130.8,transportation,retail_simulated_bank
2024-01-23,Card Pmt Vegetables,73.44,groceries,retail_simulated_bank
2023-11-14,pos purchase internet bill 233880,44.37,other,retail_simulated_bank
2024-09-11,Pos Purchase Water Bill 898985,60.04,other,retail_simulated_bank
2024-03-16,ONLINE PURCHASE SPOTIFY 918589,27.02,other,retail_simulated_bank
2024-08-24,Fuel Bus Pass 7,10.74,transportation,retail_simulated_bank
2023-04-25,online-purchase-gym-membership,29.13,other,retail_simulated_bank
2023-12-15,POS/PURCHASE/CHICKEN 150750,90.55,groceries,retail_simulated_bank
2024-06-28,Pos Purchase Restaurant,87.88,other,retail_simulated_bank
2024-07-07,online/purchase/gas/bill 928621,184.94,other,retail_simulated_bank
2023-10-22,card payment spotify 817155,15.17,other,retail_simulated_bank
2024-06-10,Card*Payment*Gas*Bill,191.95,other,retail_simulated_bank
2024-11-17,card-payment-misc-expense 300495,94.03,other,retail_simulated_bank
2023-06-24,POS PURCHASE GYM MEMBERSHIP,17.97,other,retail_simulated_bank
2023-12-03,pos purchase spotify,36.14,other,retail_simulated_bank
2024-06-14,ONLINE*PURCHASE*MORTGAGE,776.99,other,retail_simulated_bank
2023-05-27,Online Purchase Rent,671.88,other,retail_simulated_bank
2024-04-18,Pos Purchase Rice,112.54,groceries,retail_simulated_bank
2024-07-07,Card Pmt Rent 527247,1018.94,other,retail_simulated_bank
2023-12-03,CARD PAYMENT INTERNET BILL,131.67,other,retail_simulated_bank
2023-09-26,card payment misc expense,137.64,other,retail_simulated_bank
2023-07-31,Fuel Uber Ride 597150,119.12,transportation,retail_simulated_bank
2023-06-13,Card Pmt Fast Food 951970,114.8,other,retail_simulated_bank
2023-07-06,Online Purchase Spotify,8.67,other,retail_simulated_bank
2024-05-29,Pos Purchase Rent 576862,893.89,other,retail_simulated_bank
2023-04-27,Card Payment Fuel 340053,127.79,transportation,retail_simulated_bank
2024-09-16,Card Payment Online Purchase 106919,87.98,other,retail_simulated_bank
2023-12-11,Online Purchase Food Delivery 603287,14.73,other,retail_simulated_bank
2024-09-24,Online Purchase Netflix 436033,5.79,other,retail_simulated_bank
2024-08-13,CARD*PAYMENT*RENT 953675,1223.41,other,retail_simulated_bank
2024-07-27,CARD PMT EGGS 960386,49.4,groceries,retail_simulated_bank
2024-08-22,online-purchase-misc-expense 914811,138.92,other,retail_simulated_bank
2024-10-05,ONLINE PURCHASE WATER BILL,112.21,other,retail_simulated_bank
2024-07-05,ONLINE PURCHASE MISC EXPENSE 561782,112.44,other,retail_simulated_bank
2024-04-20,ONLINE PURCHASE ONLINE PURCHASE 347348,113.92,other,retail_simulated_bank
2023-07-19,Online Purchase Rent 301907,1536.51,other,retail_simulated_bank
2023-05-05,ONLINE PURCHASE INTERNET BILL 633363,193.77,other,retail_simulated_bank
2023-09-12,Pos Purchase Netflix,7.79,other,retail_simulated_bank
2024-04-30,Card Pmt Online Purchase 707408,128.37,other,retail_simulated_bank
2023-11-19,Card Pmt Train Ticket 607538,98.01,transportation,retail_simulated_bank
2024-03-12,Fuel Uber Ride 285588,38.77,transportation,retail_simulated_bank
2024-06-27,Pos Purchase Chicken 337803,11.68,groceries,retail_simulated_bank
2023-05-06,Transport Payment Uber Ride,128.77,transportation,retail_simulated_bank
2023-05-19,Pos Purchase Eggs,51.18,groceries,retail_simulated_bank
2023-07-31,CARD-PMT-TRAIN-TICKET 542188,108.05,transportation,retail_simulated_bank
2024-12-14,online purchase restaurant 436998,136.15,other,retail_simulated_bank
2024-02-16,Pos/Purchase/Misc/Expense,33.23,other,retail_simulated_bank
2024-06-05,Pos-Purchase-Internet-Bill 219720,181.85,other,retail_simulated_bank
2023-09-05,pos purchase mortgage 658204,892.58,other,retail_simulated_bank
2024-10-03,CARD PMT ONLINE PURCHASE,106.53,other,retail_simulated_bank
2024-03-16,FUEL BUS PASS 958165,146.39,transportation,retail_simulated_bank
2023-10-26,CARD/PAYMENT/EGGS,96.03,groceries,retail_simulated_bank
2024-10-28,online purchase food delivery 925946,39.21,other,retail_simulated_bank
2023-09-03,FUEL-FUEL,123.6,transportation,retail_simulated_bank
2023-04-29,ONLINE PURCHASE SPOTIFY 892195,17.5,other,retail_simulated_bank
2024-02-07,card payment rice 493384,45.66,groceries,retail_simulated_bank
2023-09-03,Online Purchase Rent,1773.65,other,retail_simulated_bank
2023-01-29,Card Payment Fast Food 398608,29.71,other,retail_simulated_bank
2024-03-07,ONLINE PURCHASE ONLINE PURCHASE,83.07,other,retail_simulated_bank
2023-12-18,Pos Purchase Misc Expense 669886,63.25,other,retail_simulated_bank
2023-09-19,online purchase gas bill 40918,48.09,other,retail_simulated_bank
2024-11-30,CARD PAYMENT UBER RIDE 897658,123.1,transportation,retail_simulated_bank
2023-04-18,online purchase restaurant,8.14,other,retail_simulated_bank
2024-10-11,POS*PURCHASE*GYM*MEMBERSHIP 394062,38.21,other,retail_simulated_bank
2023-11-03,Online Purchase Gas Bill,209.99,other,retail_simulated_bank
2024-01-18,POS PURCHASE FAST FOOD 166282,9.3,other,retail_simulated_bank
2024-07-27,CARD PMT MILK 892801,30.77,groceries,retail_simulated_bank
2023-01-09,POS PURCHASE NETFLIX,39.3,other,retail_simulated_bank
2023-08-02,Transport*Pmt*Train*Ticke,74.53,transportation,retail_simulated_bank
2024-06-05,Card Pmt Restaurant,140.24,other,retail_simulated_bank
2023-09-23,Online Purchase Online Purchase 568628,41.7,other,retail_simulated_bank
2024-08-15,card pmt mortgage 167082,1340.42,other,retail_simulated_bank
2024-08-12,Pos Purchase Gas Bill,233.84,other,retail_simulated_bank
2024-03-04,Card Pmt Food Delivery 274542,120.2,other,retail_simulated_bank
2024-11-06,Online*Purchase*Fast*Food 274887,41.24,other,retail_simulated_bank
2023-06-27,online*purchase*online*purchase,86.74,other,retail_simulated_bank
2024-09-20,Online Purchase Gym Membership 287802,14.74,other,retail_simulated_bank
2023-12-26,card pmt spotify 947587,35.49,other,retail_simulated_bank
2023-12-03,CARD/PMT/VEGETABLES 22697,37.86,groceries,retail_simulated_bank
2024-05-17,ONLINE PURCHASE GYM MEMBERSHI,9.75,other,retail_simulated_bank
2023-07-21,CARD/PAYMENT/RICE 172941,42.08,groceries,retail_simulated_bank
2024-07-20,pos purchase vegetables,145.27,groceries,retail_simulated_bank
2023-10-05,ONLINE PURCHASE NETFLIX 8643,31.51,other,retail_simulated_bank
2023-08-02,Online Purchase Online Purchase,32.85,other,retail_simulated_bank
2024-06-03,Card Payment Gym Membership,36.54,other,retail_simulated_bank
2024-03-29,ONLINE*PURCHASE*RESTAURANT 948680,83.61,other,retail_simulated_bank
2023-08-28,Card Payment Mortgage,911.42,other,retail_simulated_bank
2023-01-15,Card Pmt Internet Bill,134.48,other,retail_simulated_bank
2023-01-09,pos purchase misc expense 395041,16.86,other,retail_simulated_bank
2023-12-24,online-purchase-netflix,8.95,other,retail_simulated_bank
2023-05-11,Pos*Purchase*Internet*Bill 4483,70.98,other,retail_simulated_bank
2023-06-20,Card Pmt Restaurant,54.26,other,retail_simulated_bank
2023-06-24,CARD PAYMENT EGGS 551203,12.97,groceries,retail_simulated_bank
2024-09-17,online purchase online purchase 324261,134.48,other,retail_simulated_bank
2024-04-06,card payment vegetables 634253,98.9,groceries,retail_simulated_bank
2023-10-14,ONLINE-PURCHASE-RESTAURANT 725723,4.08,other,retail_simulated_bank
2024-12-07,Card Payment Milk,11.32,groceries,retail_simulated_bank
2024-12-22,Online Purchase Food Delivery 859274,89.96,other,retail_simulated_bank
2023-06-13,CARD PMT UBER RIDE,86.06,transportation,retail_simulated_bank
2023-09-03,fuel bus pass,149.68,transportation,retail_simulated_bank
2024-05-09,Pos Purchase Online Purchase 278036,11.75,other,retail_simulated_bank
2023-05-28,card pmt mortgage 574940,1488.01,other,retail_simulated_bank
2024-08-24,Card Pmt Gas Bill,132.44,other,retail_simulated_bank
2023-09-19,pos purchase mortgage 970805,1145.68,other,retail_simulated_bank
2023-07-01,Online Purchase Misc Expense 428010,33.09,other,retail_simulated_bank
2023-11-02,CARD PMT UBER RIDE 129216,148.8,transportation,retail_simulated_bank
2023-01-15,Card Payment Online Purchase,30.27,other,retail_simulated_bank
2023-04-13,fuel*train*ticket,28.34,transportation,retail_simulated_bank
2023-02-22,Pos-Purchase-Chicken 429560,124.78,groceries,retail_simulated_bank
2024-06-22,Pos Purchase Bread,47.91,groceries,retail_simulated_bank
2023-08-09,Online/Purchase/Restaurant 75908,104.07,other,retail_simulated_bank
2024-07-13,pos-purchase-rice 757261,4.76,groceries,retail_simulated_bank
2023-06-23,Online Purchase Fast Food,105.09,other,retail_simulated_bank
2023-02-02,card payment bread,117.52,groceries,retail_simulated_bank
2024-02-29,pos purchase spotify,13.28,other,retail_simulated_bank
2024-02-24,card pmt rent,1104.55,other,retail_simulated_bank
2024-05-02,ONLINE*PURCHASE*GYM*MEMBERSHIP,16.86,other,retail_simulated_bank
2023-09-07,POS PURCHASE SPOTIFY 47593,8.35,other,retail_simulated_bank
2023-01-13,Online Purchase Gas Bill 30179,153.88,other,retail_simulated_bank
2024-04-17,POS/PURCHASE/RICE 620778,34.78,groceries,retail_simulated_bank
2023-02-05,CARD PMT BREAD 36199,113.64,groceries,retail_simulated_bank
2023-07-29,online purchase mortgage 354594,730.93,other,retail_simulated_bank
2024-04-28,CARD PAYMENT SPOTIFY 78256,31.01,other,retail_simulated_bank
2023-05-26,Card Payment Vegetables,60.31,groceries,retail_simulated_bank
2023-11-20,Online*Purchase*Electricity*Bill 815175,211.2,other,retail_simulated_bank
2023-04-25,ONLINE PURCHASE MISC EXPENSE,112.29,other,retail_simulated_bank
2024-07-14,CARD/PMT/RESTAURANT,86.71,other,retail_simulated_bank
2023-01-07,card payment online purchase,72.67,other,retail_simulated_bank
2024-02-21,CARD*PAYMENT*FAST*FOOD,48.04,other,retail_simulated_bank
2023-11-05,CARD/PAYMENT/BREAD 235870,124.28,groceries,retail_simulated_bank
2023-05-28,TRANSPORT/PAYMENT/TRAIN/T,30.0,transportation,retail_simulated_bank
2023-05-28,pos*purchase*vegetables 298861,61.4,groceries,retail_simulated_bank
2024-08-24,Card Payment Train Ticket 22957,34.56,transportation,retail_simulated_bank
2024-11-11,Transport Pmt Uber Ride,23.86,transportation,retail_simulated_bank
2024-04-01,POS*PURCHASE*RENT 318567,1027.13,other,retail_simulated_bank
2024-01-20,Card Payment Misc Expense 826864,132.85,other,retail_simulated_bank
2024-10-18,POS PURCHASE NETFLIX 963658,11.39,other,retail_simulated_bank
2023-05-14,Online Purchase Mortgage 923936,914.51,other,retail_simulated_bank
2024-04-21,card payment fast food 16424,14.6,other,retail_simulated_bank
2024-11-24,ONLINE PURCHASE SPOTIFY 165690,5.84,other,retail_simulated_bank
2024-01-03,CARD PAYMENT GAS BILL,211.98,other,retail_simulated_bank
2023-05-15,card payment gym membership 988842,18.38,other,retail_simulated_bank
2023-04-24,POS PURCHASE MILK,87.52,groceries,retail_simulated_bank
2024-03-16,TRANSPORT PMT UBER RIDE,28.1,transportation,retail_simulated_bank
2024-09-13,Online Purchase Spotify,29.61,other,retail_simulated_bank
2024-07-23,pos purchase misc expense 782086,40.53,other,retail_simulated_bank
2023-05-10,Online Purchase Food Delivery 32219,102.15,other,retail_simulated_bank
2023-01-10,ONLINE PURCHASE INTERNET BILL,42.93,other,retail_simulated_bank
2023-01-25,POS PURCHASE GYM MEMBERSHIP,20.97,other,retail_simulated_bank
2024-07-24,POS-PURCHASE-GYM-MEMBERSHIP 280666,33.73,other,retail_simulated_bank
2023-02-03,Pos/Purchase/Chicken,19.1,groceries,retail_simulated_bank
2024-08-03,Card Pmt Fast Food 228977,94.1,other,retail_simulated_bank
2024-02-18,CARD PAYMENT ELECTRICITY BILL,39.59,other,retail_simulated_bank
2023-07-26,online purchase gym membership,23.52,other,retail_simulated_bank
2024-10-02,Card Payment Food Delivery 493612,144.41,other,retail_simulated_bank
2023-10-13,Online*Purchase*Water*Bill,245.52,other,retail_simulated_bank
2023-02-10,card/pmt/spotify 278374,14.46,other,retail_simulated_bank
2024-06-24,card payment netflix,25.09,other,retail_simulated_bank
2023-07-11,CARD PAYMENT FAST FOOD 710647,43.33,other,retail_simulated_bank
2023-07-24,online-purchase-electricity-bill 872877,249.53,other,retail_simulated_bank
2023-01-15,POS PURCHASE MORTGAGE,1639.56,other,retail_simulated_bank
2023-08-02,TRANSPORT/PAYMENT/BUS/PASS 148423,3.22,transportation,retail_simulated_bank
2023-01-22,POS PURCHASE ONLINE PURCHASE 89353,3.29,other,retail_simulated_bank
2023-09-12,card pmt chicken 532211,79.29,groceries,retail_simulated_bank
2024-02-17,online purchase misc expense,112.34,other,retail_simulated_bank
2024-09-18,card*payment*restaurant 727651,90.28,other,retail_simulated_bank
2024-08-08,Pos Purchase Milk 271873,78.88,groceries,retail_simulated_bank
2023-05-02,Online Purchase Online Purchase,20.83,other,retail_simulated_bank
2023-04-05,Card-Pmt-Restaurant,6.4,other,retail_simulated_bank
2024-10-04,online purchase food delivery,113.69,other,retail_simulated_bank
2024-04-12,pos purchase water bill 353439,138.78,other,retail_simulated_bank
2024-02-02,Pos Purchase Mortgage 863460,1464.89,other,retail_simulated_bank
2023-12-11,Pos Purchase Chicken 260198,119.89,groceries,retail_simulated_bank
2024-07-14,fuel*uber*ride 34089,141.59,transportation,retail_simulated_bank
2024-02-02,Pos*Purchase*Fast*Food 347079,150.0,other,retail_simulated_bank
2024-08-26,online purchase electricity bill,232.7,other,retail_simulated_bank
2023-05-02,CARD PAYMENT SPOTIFY 552278,13.72,other,retail_simulated_bank
2024-04-01,CARD PMT VEGETABLES 943488,125.75,groceries,retail_simulated_bank
2023-03-29,Pos Purchase Milk 551814,79.94,groceries,retail_simulated_bank
2024-07-22,TRANSPORT*PMT*UBER*RIDE,100.34,transportation,retail_simulated_bank
2023-05-25,POS PURCHASE MORTGAGE 235985,1061.62,other,retail_simulated_bank
2023-01-19,Pos Purchase Misc Expense 495694,25.06,other,retail_simulated_bank
2023-03-12,ONLINE PURCHASE,176.24,other,retail_simulated_bank
2023-09-02,CARD PMT TRAIN TICKET 191687,50.62,transportation,retail_simulated_bank
2024-04-02,Card Pmt Fuel 85390,63.43,transportation,retail_simulated_bank
2024-09-13,card pmt fuel,141.69,transportation,retail_simulated_bank
2023-10-07,ONLINE/PURCHASE/SPOTIFY 796386,36.17,other,retail_simulated_bank
2023-06-01,POS PURCHASE MISC EXPENSE 692975,66.5,other,retail_simulated_bank
2023-10-01,card-pmt-rent 721828,1370.75,other,retail_simulated_bank
2024-07-06,card pmt rent 330683,1588.88,other,retail_simulated_bank
2023-05-22,POS PURCHASE VEGETABLES 763981,77.53,groceries,retail_simulated_bank
2023-10-23,CARD PAYMENT RENT,1435.05,other,retail_simulated_bank
2024-02-05,Card Payment Bread,144.26,groceries,retail_simulated_bank
2023-03-13,card pmt electricity bill 6,140.18,other,retail_simulated_bank
2023-05-20,Online Purchase Fast Food 962248,104.26,other,retail_simulated_bank
2024-01-03,POS-PURCHASE-RESTAURANT,119.08,other,retail_simulated_bank
2023-08-16,Online Purchase Rent 3988,823.68,other,retail_simulated_bank
2023-10-29,fuel fuel 727756,5.56,transportation,retail_simulated_bank
2024-07-27,pos purchase bread,94.1,groceries,retail_simulated_bank
2024-03-04,Pos Purchase Gas Bill 81,55.56,other,retail_simulated_bank
2024-10-08,Pos Purchase Vegetables 840617,28.97,groceries,retail_simulated_bank
2023-10-21,CARD-PAYMENT-BUS-PASS 236898,85.98,transportation,retail_simulated_bank
2024-04-20,Online Purchase Mortgage 727047,644.39,other,retail_simulated_bank
2024-02-23,online-purchase-netflix,14.26,other,retail_simulated_bank
2024-07-29,card pmt milk 134249,15.53,groceries,retail_simulated_bank
2023-06-29,ONLINE-PURCHASE-WATER-BILL 614478,36.52,other,retail_simulated_bank
2024-10-04,Online Purchase Water Bil,247.85,other,retail_simulated_bank
2023-05-09,POS PURCHASE RESTAURANT 235619,54.57,other,retail_simulated_bank
2024-06-29,pos purchase vegetables 390691,135.95,groceries,retail_simulated_bank
2024-03-21,online purchase mortgage 808038,1629.6,other,retail_simulated_bank
2023-09-22,Pos*Purchase*Misc*Expense,35.99,other,retail_simulated_bank
2023-11-09,transport payment fuel,109.63,transportation,retail_simulated_bank
2024-03-05,Pos Purchase Rent 65760,1969.86,other,retail_simulated_bank
2023-04-20,card payment gas bill,242.61,other,retail_simulated_bank
2024-05-26,POS/PURCHASE/NETFLIX,5.24,other,retail_simulated_bank
2023-06-02,POS PURCHASE RENT 145922,1032.78,other,retail_simulated_bank
2024-03-07,card pmt train ticket 6339,54.41,transportation,retail_simulated_bank
2024-07-01,card pmt rice 726308,149.88,groceries,retail_simulated_bank
2024-11-26,CARD PAYMENT WATER BILL,196.51,other,retail_simulated_bank
2024-04-08,card*payment*internet*bill 877227,70.32,other,retail_simulated_bank
2024-03-04,card-payment-chicken 629519,60.62,groceries,retail_simulated_bank
2024-02-14,Card Payment,1904.64,other,retail_simulated_bank
2024-09-28,Online/Purchase/Water/Bill,46.85,other,retail_simulated_bank
2024-03-28,CARD-PMT-FAST-FOOD 25489,128.29,other,retail_simulated_bank
2024-04-23,ONLINE PURCHASE SPOTIFY 627080,15.27,other,retail_simulated_bank
2024-08-15,Online Purchase Online Purchase 325323,100.37,other,retail_simulated_bank
2023-01-16,card pmt vegetables,33.53,groceries,retail_simulated_bank
2023-04-22,card payment rice,146.32,groceries,retail_simulated_bank
2024-05-09,POS PURCHASE MISC EXPENSE 5,76.59,other,retail_simulated_bank
2023-11-17,TRANSPORT PAYMENT TRAIN TICKET 774355,21.46,transportation,retail_simulated_bank
2023-11-11,Online-Purchase-Misc-Expense 478070,122.32,other,retail_simulated_bank
2024-01-23,POS*PURCHASE*EGGS 698206,109.73,groceries,retail_simulated_bank
2023-12-11,ONLINE PURCHASE NETFLIX 387533,10.28,other,retail_simulated_bank
2024-09-11,Online Purchase Misc Expense 286342,126.99,other,retail_simulated_bank
2023-06-26,POS PURCHASE MORTGAGE 64686,959.49,other,retail_simulated_bank
2023-10-11,Pos Purchase Rice 805402,100.01,groceries,retail_simulated_bank
2023-04-01,Pos/Purchase/Misc/Expense 543353,97.49,other,retail_simulated_bank
2024-12-28,Card Payment Online Purchase,17.86,other,retail_simulated_bank
2023-03-24,Card Payment Spotify 318150,24.13,other,retail_simulated_bank
2024-11-15,CARD*PAYMENT*NETFLIX,5.09,other,retail_simulated_bank
2023-12-12,online/purchase/restaurant,48.09,other,retail_simulated_bank
2023-07-03,Card Pmt Mortgage,1809.6,other,retail_simulated_bank
2024-03-05,Online-Purchase-Rent 230141,988.12,other,retail_simulated_bank
2023-01-19,CARD PAYMENT NETFLIX,19.18,other,retail_simulated_bank
2023-02-14,FUEL UBER RIDE,123.03,transportation,retail_simulated_bank
2023-11-15,online purchase electricity bill 704126,223.2,other,retail_simulated_bank
2023-09-11,pos-purchase-gas-bill,189.77,other,retail_simulated_bank
2024-02-16,card*payment*online*purchase 838798,20.41,other,retail_simulated_bank
2024-06-24,Pos Purchase Eggs 460228,92.86,groceries,retail_simulated_bank
2023-09-03,CARD PMT RESTAURANT,124.1,other,retail_simulated_bank
2024-10-19,ONLINE-PURCHASE-RESTAURANT,17.77,other,retail_simulated_bank
2023-03-01,Online Purchase Misc Expense,10.77,other,retail_simulated_bank
2023-04-18,pos purchase water bill 397430,183.75,other,retail_simulated_bank
2024-09-10,POS PURCHASE SPOTIFY 352649,25.73,other,retail_simulated_bank
2023-10-10,card-payment-milk,16.15,groceries,retail_simulated_bank
2024-05-01,pos purchase milk,33.85,groceries,retail_simulated_bank
2024-12-07,POS PURCHASE ONLINE PURCHASE 554219,38.38,other,retail_simulated_bank
2024-04-22,card payment food delivery,17.54,other,retail_simulated_bank
2023-04-18,POS/PURCHASE/MISC/EXPENSE 774566,9.7,other,retail_simulated_bank
2023-12-30,Online/Purchase/Mortgage,817.82,other,retail_simulated_bank
2024-08-18,card pmt rent 7305,961.72,other,retail_simulated_bank
2024-06-20,online*purchase*mortgage,1490.59,other,retail_simulated_bank
2024-10-05,FUEL BUS PASS 217263,138.43,transportation,retail_simulated_bank
2024-03-24,pos/purchase/milk 123169,33.29,groceries,retail_simulated_bank
2023-06-19,Transport Pmt Train Ticket 813681,52.64,transportation,retail_simulated_bank
2024-07-25,online purchase rent 574332,1891.67,other,retail_simulated_bank
2023-01-04,Card Pmt Gym Membership 6276,20.53,other,retail_simulated_bank
2024-09-05,online purchase restaurant 102622,117.57,other,retail_simulated_bank
2024-04-24,CARD/PAYMENT/ONLINE/PURCHASE 553327,108.11,other,retail_simulated_bank
2023-01-29,pos purchase rice,18.55,groceries,retail_simulated_bank
2024-04-26,Online/Purchase/Gym/Membership,32.27,other,retail_simulated_bank
2023-07-27,Pos-Purchase-Online-Purchase,22.08,other,retail_simulated_bank
2023-05-04,card pmt mortgage,1286.57,other,retail_simulated_bank
2023-02-11,card pmt netflix 998653,34.31,other,retail_simulated_bank
2023-04-19,Online*Purchase*Fast*Food,85.27,other,retail_simulated_bank
2024-07-14,POS-PURCHASE-BREAD 869546,120.35,groceries,retail_simulated_bank
2024-07-16,pos purchase vegetables 716693,109.25,groceries,retail_simulated_bank
2024-05-27,fuel bus pass 574199,71.43,transportation,retail_simulated_bank
2023-09-21,Pos Purchase Milk,27.95,groceries,retail_simulated_bank
2023-08-07,POS/PURCHASE/MORTGAGE 201908,1675.25,other,retail_simulated_bank
2023-05-05,Online Purchase Restaurant 344041,26.85,other,retail_simulated_bank
2024-01-29,card payment food delivery,8.59,other,retail_simulated_bank
2024-04-11,pos purchase gym membership 123648,24.3,other,retail_simulated_bank
2023-01-21,CARD PAYMENT FUEL 696146,100.96,transportation,retail_simulated_bank
2024-01-01,Online Purchase Fast Food,103.29,other,retail_simulated_bank
2023-05-02,pos purchase rice 663805,94.1,groceries,retail_simulated_bank
2023-05-26,POS PURCHASE GAS BILL 10298,236.71,other,retail_simulated_bank
2023-04-29,Card Pmt Eggs,11.07,groceries,retail_simulated_bank
2023-05-29,ONLINE PURCHASE MISC EXPENSE,134.51,other,retail_simulated_bank
2023-01-10,ONLINE PURCHASE RESTAURANT,3.65,other,retail_simulated_bank
2024-10-26,ONLINE/PURCHASE/WATER/BILL,245.43,other,retail_simulated_bank
2023-08-05,online purchase spotify 288235,10.48,other,retail_simulated_bank
2024-08-14,Online Purchase Rent 446564,1811.98,other,retail_simulated_bank
2023-03-09,pos purchase gas bill,94.42,other,retail_simulated_bank
2024-03-11,card payment electricity bill,230.83,other,retail_simulated_bank
2023-08-23,ONLINE PURCHASE NETFLIX 766096,16.07,other,retail_simulated_bank
2023-03-14,Pos Purchase Bread 963838,17.84,groceries,retail_simulated_bank
2024-07-17,pos purchase fast food 380667,108.8,other,retail_simulated_bank
2024-12-31,pos/purchase/food/delivery,45.75,other,retail_simulated_bank
2024-09-21,Card Pmt Online Purchase 807933,36.97,other,retail_simulated_bank
2024-07-17,Pos/Purchase/Misc/Expense,37.2,other,retail_simulated_bank
2023-01-18,CARD PAYMENT MILK,3.46,groceries,retail_simulated_bank
2023-10-10,Pos Purchase Online Purchase 9,132.43,other,retail_simulated_bank
2023-06-09,online-purchase-fast-food,41.16,other,retail_simulated_bank
2024-08-22,card pmt food delivery,123.58,other,retail_simulated_bank
2023-05-06,pos purchase misc expense 164605,128.76,other,retail_simulated_bank
2023-12-12,Card Pmt Fuel,39.28,transportation,retail_simulated_bank
2023-03-20,card pmt uber ride 26414,23.11,transportation,retail_simulated_bank
2023-04-11,Pos Purchase Fast Food,51.44,other,retail_simulated_bank
2024-05-24,pos purchase water bill 160645,198.32,other,retail_simulated_bank
2024-01-21,Pos Purchase Netflix,14.09,other,retail_simulated_bank
2024-09-04,card payment online purchase,115.08,other,retail_simulated_bank
2024-01-28,Card/Pmt/Re,36.38,other,retail_simulated_bank
2023-10-27,Pos Purchase Bread 790586,46.46,groceries,retail_simulated_bank
2024-01-14,Pos Purchase Food Delivery,126.86,other,retail_simulated_bank
2024-04-18,POS PURCHASE MISC EXPENSE 97140,65.16,other,retail_simulated_bank
2023-03-08,Card/Payment/Restaurant,8.39,other,retail_simulated_bank
2023-07-28,Pos Purchase Restaurant 455923,7.02,other,retail_simulated_bank
2024-01-06,Pos/Purchase/Chicken,71.19,groceries,retail_simulated_bank
2024-05-07,CARD/PAYMENT/FAST/FOOD,113.94,other,retail_simulated_bank
2023-03-04,ONLINE PURCHASE GYM MEMBERSHIP 94778,21.84,other,retail_simulated_bank
2023-08-22,CARD*PMT*ELECTRICITY*BILL 3312,97.52,other,retail_simulated_bank
2023-10-31,Pos Purchase Netflix 351478,36.1,other,retail_simulated_bank
2024-05-30,Online/Purchase/Online/Purchase 132526,126.56,other,retail_simulated_bank
2024-11-18,Pos Purchase Misc Expense 743135,106.73,other,retail_simulated_bank
2023-12-07,Card Payment Internet Bill,153.78,other,retail_simulated_bank
2024-02-17,transport-payment-fuel,103.73,transportation,retail_simulated_bank
2023-11-04,ONLINE PURCHASE INTERNET BILL 56962,143.56,other,retail_simulated_bank
2023-09-14,POS PURCHASE RICE 505289,64.24,groceries,retail_simulated_bank
2024-11-30,CARD PMT ELECTRICITY BILL,226.32,other,retail_simulated_bank
2024-12-24,Online*Purchase*Water*Bill 373351,44.87,other,retail_simulated_bank
2024-02-15,Pos Purchase Gas Bill,150.67,other,retail_simulated_bank
2024-01-02,Pos Purchase Fast Food,104.67,other,retail_simulated_bank
2024-05-31,card payment netflix,23.52,other,retail_simulated_bank
2024-02-21,online purchase misc expense,92.29,other,retail_simulated_bank
2024-06-19,card payment rent,1323.82,other,retail_simulated_bank
2023-06-30,CARD PMT FOOD DELIVERY 37407,102.88,other,retail_simulated_bank
2024-01-15,pos-purchase-vegetables 891987,52.19,groceries,retail_simulated_bank
2023-12-22,Card Payment Online Purchase 522695,41.18,other,retail_simulated_bank
2024-09-10,Card Payment Online Purchase 508919,104.03,other,retail_simulated_bank
2024-08-14,Pos Purchase Online Purchase 438102,72.72,other,retail_simulated_bank
2023-12-02,ONLINE*PURCHASE*FOOD*DELIVERY,15.32,other,retail_simulated_bank
2023-01-10,ONLINE PURCHASE SPOTIFY,14.01,other,retail_simulated_bank
2023-11-26,Card-Payment-Train-Ticket 689192,103.23,transportation,retail_simulated_bank
2024-04-30,online purchase fast food 476237,11.49,other,retail_simulated_bank
2023-12-14,ONLINE PURCHASE GYM MEMBERSHIP 747281,22.49,other,retail_simulated_bank
2023-03-20,Fuel*Bus*Pass,26.34,transportation,retail_simulated_bank
2024-06-23,CARD/PAYMENT/GYM/MEMBERSHIP,13.44,other,retail_simulated_bank
2024-05-03,transport pmt train ticket,127.23,transportation,retail_simulated_bank
2023-07-31,CARD-PAYMENT-INTERNET-BILL,58.65,other,retail_simulated_bank
2024-10-20,pos purchase electricity,68.6,other,retail_simulated_bank
2024-04-20,CARD PMT INTERNET BILL 594940,197.55,other,retail_simulated_bank
2024-05-16,pos purchase misc expense 74153,98.73,other,retail_simulated_bank
2024-05-18,ONLINE PURCHASE FOOD DELIVERY 369591,20.74,other,retail_simulated_bank
2023-10-29,POS PURCHASE RICE 970869,27.16,groceries,retail_simulated_bank
2024-07-19,card payment gas bill 6918,89.01,other,retail_simulated_bank
2023-02-03,Online/Purchase/Food/Delivery 212687,84.36,other,retail_simulated_bank
2024-03-11,fuel train ticket 76083,141.18,transportation,retail_simulated_bank
2023-07-03,Online Purchase Netflix,34.98,other,retail_simulated_bank
2024-08-05,POS PURCHASE ELECTRICITY BILL,194.31,other,retail_simulated_bank
2023-09-30,Pos Purchase Online Purchase 410317,17.06,other,retail_simulated_bank
2023-03-04,ONLINE PURCHASE INTERNET BILL 837171,212.34,other,retail_simulated_bank
2023-03-15,POS PURCHASE FOOD DELIVERY,6.72,other,retail_simulated_bank
2023-01-20,Card Pmt Fast Food,132.88,other,retail_simulated_bank
2023-02-10,pos/purchase/electricity/bill,72.68,other,retail_simulated_bank
2023-10-26,CARD PAYMENT UBER RIDE 4885,141.38,transportation,retail_simulated_bank
2024-04-14,pos purchase netflix,19.46,other,retail_simulated_bank
2023-08-18,Card Payment Gas Bill,112.88,other,retail_simulated_bank
2024-03-27,Pos Purchase Online Purchase 8,129.86,other,retail_simulated_bank
2023-09-05,Card Payment Gas Bill 212745,125.31,other,retail_simulated_bank
2023-02-03,Pos Purchase Netflix 34647,38.53,other,retail_simulated_bank
2023-03-04,POS-PURCHASE-MORTGAGE,1055.13,other,retail_simulated_bank
2024-07-17,POS/PURCHASE/GAS/BILL,164.8,other,retail_simulated_bank
2023-08-13,TRANSPORT PMT UBER RIDE 915067,105.74,transportation,retail_simulated_bank
2024-05-20,Online Purchase Rent 781496,1581.0,other,retail_simulated_bank
2024-02-01,card pmt electricity,155.97,other,retail_simulated_bank
2024-07-30,POS/PURCHASE/GAS/BILL 238495,95.66,other,retail_simulated_bank
2024-03-16,POS PURCHASE MISC EXPENSE 183855,11.75,other,retail_simulated_bank
2023-06-25,pos purchase mortgage,1504.23,other,retail_simulated_bank
2023-11-08,online purchase restaurant 853207,84.29,other,retail_simulated_bank
2023-09-29,Fuel Train Ticket 135694,89.45,transportation,retail_simulated_bank
2024-04-08,Pos Purchase Gym Membership,18.08,other,retail_simulated_bank
2023-11-05,CARD PAYMENT RENT,1364.58,other,retail_simulated_bank
2024-05-22,Online Purchase Online P,64.55,other,retail_simulated_bank
2023-01-23,TRANSPORT PAYMENT FUEL,127.43,transportation,retail_simulated_bank
2023-04-16,Online Purchase Electricity Bill,176.32,other,retail_simulated_bank
2023-03-21,card payment netflix 159014,10.81,other,retail_simulated_bank
2023-09-01,card-payment-bus-pass,132.67,transportation,retail_simulated_bank
2023-02-05,Card/Pmt/Netflix,23.98,other,retail_simulated_bank
2023-07-17,CARD PMT NETFLIX 191481,10.49,other,retail_simulated_bank
2023-09-08,ONLINE*PURCHASE*WATER*BILL,240.63,other,retail_simulated_bank
2024-01-19,TRANSPORT PAYMENT UBER RIDE 843834,8.99,transportation,retail_simulated_bank
2023-04-27,Pos Purchase Mortgage 955344,1962.8,other,retail_simulated_bank
2023-12-03,card payment gym membership 432724,16.82,other,retail_simulated_bank
2024-02-19,POS PURCHASE ONLINE PURCHASE 748597,36.23,other,retail_simulated_bank
2023-10-19,Card Payment Gym Membership 239698,33.3,other,retail_simulated_bank
2023-09-09,CARD PMT RENT,1657.07,other,retail_simulated_bank
2023-06-17,POS PURCHASE WATER BILL,84.18,other,retail_simulated_bank
2023-01-28,Online/Purchase/Spotify 207602,33.41,other,retail_simulated_bank
2023-10-03,fuel train ticket 998387,21.0,transportation,retail_simulated_bank
2024-08-16,card payment misc expense 243858,16.3,other,retail_simulated_bank
2024-09-04,pos purchase rice,117.67,groceries,retail_simulated_bank
2024-09-18,Pos*Purchase*Fast*Food,136.43,other,retail_simulated_bank
2023-05-27,POS PURCHASE GYM MEMBERSHIP 893691,6.98,other,retail_simulated_bank
2024-04-15,Card Payment Internet Bil,46.56,other,retail_simulated_bank
2023-03-09,Card Pmt Bus Pass 252588,43.84,transportation,retail_simulated_bank
2023-10-02,Card Pmt Rice 973993,29.79,groceries,retail_simulated_bank
2023-12-17,ONLINE PURCHASE RENT 613336,1862.36,other,retail_simulated_bank
2024-04-02,Pos*Purchase*Netflix 734267,11.33,other,retail_simulated_bank
2024-05-08,pos purchase vegetables,36.67,groceries,retail_simulated_bank
2023-05-12,TRANSPORT PMT TRAIN TICKET,109.21,transportation,retail_simulated_bank
2023-06-04,Online Purchase Fast Food 684218,72.6,other,retail_simulated_bank
2023-05-26,online/purchase/mortgage 301468,744.04,other,retail_simulated_bank
2024-04-04,CARD PMT RENT 165311,1196.01,other,retail_simulated_bank
2024-08-07,ONLINE/PURCHASE/ONLINE/PURCHASE 899890,6.89,other,retail_simulated_bank
2023-10-03,Card Payment Netflix,35.78,other,retail_simulated_bank
2023-07-15,Fuel-Train-Ticket 552574,42.76,transportation,retail_simulated_bank
2023-12-06,Online-Purchase-Electricity-Bill 873515,182.04,other,retail_simulated_bank
2023-10-05,FUEL UBER RIDE 387655,49.72,transportation,retail_simulated_bank
2023-11-03,online/purchase/water/bill,170.77,other,retail_simulated_bank
2024-08-28,card payment electricity bill 813773,127.16,other,retail_simulated_bank
2024-04-22,Online/Purchase/Food/Delivery,23.53,other,retail_simulated_bank
2023-05-15,Pos Purchase Netflix 872683,30.94,other,retail_simulated_bank
2023-09-18,Pos Purchase Electricity Bill 143173,81.98,other,retail_simulated_bank
2023-04-23,online purchase mort,1355.58,other,retail_simulated_bank
2023-11-06,card*payment,38.92,other,retail_simulated_bank
2024-03-17,POS PURCHASE MISC EXPENSE 556582,75.42,other,retail_simulated_bank
2024-08-11,Card-Payment-Food-Delivery 794981,59.18,other,retail_simulated_bank
2024-08-26,card pmt water bill 723924,196.66,other,retail_simulated_bank
2024-09-24,Online Purchase Gym Membership 99199,8.33,other,retail_simulated_bank
2024-07-09,card payment bread,53.02,groceries,retail_simulated_bank
2024-06-16,card pmt mortgage,984.91,other,retail_simulated_bank
2024-06-27,transport-pmt-bus-pass 216408,111.08,transportation,retail_simulated_bank
2024-03-23,Card Payment Water Bill 347031,100.54,other,retail_simulated_bank
2023-01-19,pos purchase mortgage 368992,1703.95,other,retail_simulated_bank
2024-08-21,CARD PAYMENT MORTGAGE 979184,775.46,other,retail_simulated_bank
2023-08-10,ONLINE PURCHASE ONLINE PURCHASE 415481,56.27,other,retail_simulated_bank
2023-03-24,Pos-Purchase-Misc-Expense 5,111.36,other,retail_simulated_bank
2023-06-12,card pmt misc expense 538510,27.81,other,retail_simulated_bank
2023-04-19,online purchase water bill 141910,31.9,other,retail_simulated_bank
2024-10-12,card-payment-netflix,32.85,other,retail_simulated_bank
2023-11-04,Pos Purchase Restaurant,114.27,other,retail_simulated_bank
2023-07-13,CARD PMT RESTAURANT 635440,84.21,other,retail_simulated_bank
2023-04-03,CARD-PMT-SPOTIFY 409174,27.61,other,retail_simulated_bank
2023-09-09,card-payment-online-purchase,119.56,other,retail_simulated_bank
2024-08-10,Transport Pmt Uber Ride 444477,45.26,transportation,retail_simulated_bank
2024-11-01,Online*Purchase*Electricity*Bill 645822,163.21,other,retail_simulated_bank
2024-12-11,card payment fast food 691153,28.03,other,retail_simulated_bank
2024-02-13,POS-PURCHASE-RESTAURANT,22.75,other,retail_simulated_bank
2023-12-17,card payment eggs 585906,138.03,groceries,retail_simulated_bank
2024-01-05,Online/Purchase/Online/Purchase 750453,144.54,other,retail_simulated_bank
2024-05-03,CARD*PAYMENT*RESTAURANT 342194,30.21,other,retail_simulated_bank
2023-01-20,ONLINE PURCHASE MISC EXPENSE,98.11,other,retail_simulated_bank
2023-03-28,card pmt rent 394224,669.86,other,retail_simulated_bank
2024-07-05,Card Payment Netflix,31.71,other,retail_simulated_bank
2024-04-19,POS PURCHASE NETFLIX 233251,15.43,other,retail_simulated_bank
2023-08-16,Pos*Purchase*Milk,142.6,groceries,retail_simulated_bank
2024-03-05,POS-PURCHASE-RESTAURANT,105.14,other,retail_simulated_bank
2024-05-12,CARD PAYMENT CHICKEN,24.1,groceries,retail_simulated_bank
2023-04-24,online purchase rent,993.38,other,retail_simulated_bank
2024-03-22,card/payment/mo,676.85,other,retail_simulated_bank
2023-08-12,Card Pmt Online Purchase,60.47,other,retail_simulated_bank
2023-08-22,Pos Purchase Mortgage 533318,1401.42,other,retail_simulated_bank
2024-03-09,Online Purchase Restaurant 387569,32.38,other,retail_simulated_bank
2024-11-05,POS PURCHASE RICE 2792,124.45,groceries,retail_simulated_bank
2023-07-22,Online Purchase Water Bill 769231,75.23,other,retail_simulated_bank
2024-10-20,POS PURCHASE MISC EXPENSE 348600,19.86,other,retail_simulated_bank
2023-04-06,CARD PAYMENT MISC EXPENSE 383475,44.62,other,retail_simulated_bank
2023-07-24,online/purchase/fast/food 415963,23.17,other,retail_simulated_bank
2023-10-22,Card Pmt Rent,986.43,other,retail_simulated_bank
2023-07-02,card payment vegetables,31.9,groceries,retail_simulated_bank
2024-02-02,pos purchase fast food 502341,99.8,other,retail_simulated_bank
2023-02-02,card payment spotify 192316,19.71,other,retail_simulated_bank
2023-09-15,online*purchase*food*delivery,33.64,other,retail_simulated_bank
2023-10-12,CARD-PMT-SPOTIFY 72815,39.11,other,retail_simulated_bank
2023-12-15,pos purchase restaurant 243951,72.59,other,retail_simulated_bank
2023-01-21,POS PURCHASE CHICKEN 71353,83.92,groceries,retail_simulated_bank
2024-08-01,pos*purchase*rice,94.1,groceries,retail_simulated_bank
2023-06-22,Card Pmt Water Bill 515889,70.21,other,retail_simulated_bank
2023-10-01,Card Payment Train Ticket 34961,68.46,transportation,retail_simulated_bank
2024-05-23,pos-purchase-misc-expense,14.43,other,retail_simulated_bank
2023-12-10,online/purchase/water/bill 626961,124.25,other,retail_simulated_bank
2024-02-03,Pos Purchase Online Purchase,76.64,other,retail_simulated_bank
2023-01-12,Pos Purchase Spotify,31.63,other,retail_simulated_bank
2024-01-14,Card Pmt Gas Bill 962638,200.0,other,retail_simulated_bank
2024-03-04,POS PURCHASE RENT 43464,1665.49,other,retail_simulated_bank
2023-06-27,Online Purchase Gym Membership 13403,29.09,other,retail_simulated_bank
2024-10-30,POS PURCHASE INTERNET BILL 799640,88.57,other,retail_simulated_bank
2023-08-21,card-pmt-milk,90.56,groceries,retail_simulated_bank
2023-10-02,Online Purchase Spotify,15.95,other,retail_simulated_bank
2023-11-25,Pos Purchase Electricity Bill 299463,91.28,other,retail_simulated_bank
2023-02-03,card pmt online purchase 677585,125.78,other,retail_simulated_bank
2024-11-19,Card*Pmt*Netflix 531325,7.72,other,retail_simulated_bank
2024-10-25,Online Purchase Restaurant,47.79,other,retail_simulated_bank
2024-04-11,POS PURCHASE MORTGAGE 707309,1011.04,other,retail_simulated_bank
2023-02-22,Card Pmt Gym Membership 358478,12.43,other,retail_simulated_bank
2024-07-09,Pos Purchase Food Delivery 848689,58.15,other,retail_simulated_bank
2023-12-26,Pos Purchase Misc Expense 897591,126.96,other,retail_simulated_bank
2024-04-23,pos-purchase-fast-food 794390,134.73,other,retail_simulated_bank
2023-03-10,card*payment*internet*bill 243577,118.91,other,retail_simulated_bank
2023-03-31,fuel bus pass,132.69,transportation,retail_simulated_bank
2024-08-07,card payment spotify,31.13,other,retail_simulated_bank
2024-05-01,card pmt milk 397042,24.93,groceries,retail_simulated_bank
2024-06-13,Pos/Purchase/Rent 727522,754.0,other,retail_simulated_bank
2024-04-10,TRANSPORT PMT BUS PASS 308080,9.03,transportation,retail_simulated_bank
2024-01-08,CARD-PMT-MORTGAGE,1966.81,other,retail_simulated_bank
2023-02-07,online purchase fast food 648984,7.89,other,retail_simulated_bank
2024-08-29,CARD PAYMENT WATER BILL 242287,231.27,other,retail_simulated_bank
2024-10-22,CARD PMT NETFLIX 996381,18.87,other,retail_simulated_bank
2024-02-19,Card Payment Food Delivery 805879,34.02,other,retail_simulated_bank
2023-05-04,online purchase food delivery 977198,119.34,other,retail_simulated_bank
2024-02-25,Pos Purchase Netflix 740276,11.42,other,retail_simulated_bank
2024-10-19,Pos Purchase Misc Expense,136.95,other,retail_simulated_bank
2024-06-08,transport pmt uber ride,93.3,transportation,retail_simulated_bank
2024-03-17,CARD-PMT-FOOD-DELIVERY,98.12,other,retail_simulated_bank
2023-12-04,Fuel Train Ticket 247040,76.85,transportation,retail_simulated_bank
2024-08-09,ONLINE PURCHASE RENT,1652.0,other,retail_simulated_bank
2023-06-23,online purchase restaurant,47.79,other,retail_simulated_bank
2023-11-19,Card Pmt Mortgage 709377,633.7,other,retail_simulated_bank
2024-11-17,Pos/Purchase/Misc/Expense 564946,127.68,other,retail_simulated_bank
2023-05-01,ONLINE PURCHASE MORTGAGE 907410,794.6,other,retail_simulated_bank
2024-07-28,ONLINE PURCHASE MORTGAGE 297707,1507.08,other,retail_simulated_bank
2024-07-12,online purchase food delivery 611848,115.43,other,retail_simulated_bank
2024-03-29,Online Purchase Misc Expense 227195,103.37,other,retail_simulated_bank
2023-07-11,Card Pmt Rice 342201,60.44,groceries,retail_simulated_bank
2024-02-16,ONLINE PURCHASE ONLINE PURCHASE 726414,115.09,other,retail_simulated_bank
2024-11-23,POS*PURCHASE*ONLINE*PURCHASE 504382,87.95,other,retail_simulated_bank
2024-08-17,CARD PMT RICE 707959,31.17,groceries,retail_simulated_bank
2024-09-22,CARD/PAYMENT/NETFLIX,22.81,other,retail_simulated_bank
2024-07-03,Card Pmt Vegetables,149.29,groceries,retail_simulated_bank
2024-12-20,Pos Purchase Internet Bill 173828,63.86,other,retail_simulated_bank
2023-08-27,Card Pmt Train Ticket,116.57,transportation,retail_simulated_bank
2023-01-07,online purchase restaurant 654226,70.26,other,retail_simulated_bank
2023-09-26,online/purchase/spotify,15.78,other,retail_simulated_bank
2023-07-31,pos purchase internet bill 944328,64.7,other,retail_simulated_bank
2023-09-01,Online Purchase Rent 689043,721.94,other,retail_simulated_bank
2024-10-17,Transport Pmt Bus Pass 144147,104.0,transportation,retail_simulated_bank
2024-08-02,Pos Purchase Gym Membership 784326,14.88,other,retail_simulated_bank
2024-09-05,ONLINE PURCHASE SPOTIFY 237996,39.79,other,retail_simulated_bank
2024-03-25,POS-PURCHASE-ELECTRICITY-BILL,210.3,other,retail_simulated_bank
2024-06-27,ONLINE PURCHASE ELECTRICITY BILL 523663,249.17,other,retail_simulated_bank
2023-10-12,POS PURCHASE GAS BILL,230.74,other,retail_simulated_bank
2024-12-11,Card Payment Rent,1576.32,other,retail_simulated_bank
2024-02-29,Pos*Purchase*Rent,1354.29,other,retail_simulated_bank
2023-01-06,Online Purchase Food Delivery 366362,129.42,other,retail_simulated_bank
2024-10-18,Pos Purchase Food Delivery 611308,58.41,other,retail_simulated_bank
2023-12-18,CARD PMT TRAIN TICKET 660992,102.64,transportation,retail_simulated_bank
2023-09-16,pos purchase rent,1510.69,other,retail_simulated_bank
2024-10-31,Card Payment Online Purchas,135.48,other,retail_simulated_bank
2024-04-04,pos purchase netflix 752559,11.99,other,retail_simulated_bank
2023-02-25,Online Purchase Online Purchase 446253,19.82,other,retail_simulated_bank
2024-04-01,online purchase netflix 646694,15.44,other,retail_simulated_bank
2024-10-06,Pos*Purchase*Bread 529499,7.57,groceries,retail_simulated_bank
2023-03-09,POS PURCHASE NETFLIX 625131,36.44,other,retail_simulated_bank
2024-06-25,ONLINE PURCHASE RESTA,62.11,other,retail_simulated_bank
2023-10-31,CARD PAYMENT INTERNET BILL 907024,173.28,other,retail_simulated_bank
2023-12-01,CARD PAYMENT MISC EXPENSE 604830,126.84,other,retail_simulated_bank
2023-01-20,Card Payment Online Purch,100.1,other,retail_simulated_bank
2024-11-06,Online Purchase Restau,78.9,other,retail_simulated_bank
2024-10-24,card*payment*spotify,11.43,other,retail_simulated_bank
2023-03-19,CARD PMT FOOD DELIVERY 688297,43.51,other,retail_simulated_bank
2024-08-29,Online-Purchase-Food-Delivery,3.32,other,retail_simulated_bank
2024-01-30,Pos*Purchase*Rent,1838.38,other,retail_simulated_bank
2024-04-28,card pmt online purchase 714858,28.21,other,retail_simulated_bank
2024-07-24,card pmt fast food 718427,22.47,other,retail_simulated_bank
2023-01-18,pos purchase chicken 494587,22.62,groceries,retail_simulated_bank
2023-06-29,CARD/PMT/ELECTRICITY/BILL 433837,169.83,other,retail_simulated_bank
2023-09-28,Online Purchase Restaurant,101.86,other,retail_simulated_bank
2024-09-01,FUEL BUS PASS 459032,35.1,transportation,retail_simulated_bank
2024-10-19,Card Pmt Food D,98.69,other,retail_simulated_bank
2024-11-27,CARD PAYMENT BUS PASS 733897,149.75,transportation,retail_simulated_bank
2023-03-25,ONLINE PURCHASE MISC EXPENSE 565436,135.3,other,retail_simulated_bank
2024-11-08,Card Pmt Electricity Bill 9382,94.95,other,retail_simulated_bank
2024-01-18,online purchase rent 784587,1520.68,other,retail_simulated_bank
2023-06-09,ONLINE PURCHASE INTERNET BILL,158.82,other,retail_simulated_bank
2024-07-18,ONLINE PURCHASE INTERNET BILL,31.97,other,retail_simulated_bank
2024-12-22,Transport Pmt Fuel 102381,62.55,transportation,retail_simulated_bank
2024-10-26,CARD PAYMENT BREAD 33048,92.68,groceries,retail_simulated_bank
2023-10-28,ONLINE PURCHASE MISC EXPENSE 791719,3.11,other,retail_simulated_bank
2024-12-07,online purchase internet bill 895,215.78,other,retail_simulated_bank
2023-08-16,Fuel Uber Ride 5,54.73,transportation,retail_simulated_bank
2024-12-17,ONLINE PURCHASE MORTGAGE 2652,1655.46,other,retail_simulated_bank
2023-10-13,Online Purchase Spotify 166154,32.26,other,retail_simulated_bank
2024-12-19,Card Pmt Rent 659,1823.19,other,retail_simulated_bank
2024-08-06,Transport Pmt Train Ticket,20.47,transportation,retail_simulated_bank
2024-01-14,ONLINE PURCHASE FAST FOOD,39.57,other,retail_simulated_bank
2023-07-22,fuel fuel,63.43,transportation,retail_simulated_bank
2024-04-19,CARD PMT WATER BILL 542994,113.86,other,retail_simulated_bank
2024-08-22,CARD*PMT*GYM*MEMBERSHIP,19.27,other,retail_simulated_bank
2023-11-14,Pos Purchase Bread,57.81,groceries,retail_simulated_bank
2024-11-13,pos*purchase*spotify 55947,34.94,other,retail_simulated_bank
2023-07-10,POS PURCHASE WATER BILL,239.29,other,retail_simulated_bank
2024-02-25,Card Pmt Gym Membership,10.8,other,retail_simulated_bank
2024-02-12,Pos*Purchase*Gym*Membership 717852,18.43,other,retail_simulated_bank
2024-08-05,pos purchase rice,142.45,groceries,retail_simulated_bank
2024-01-22,online purchase spotify,36.24,other,retail_simulated_bank
2024-11-04,Card Payment Gym Membership,38.18,other,retail_simulated_bank
2024-09-09,card pmt online purchase,89.43,other,retail_simulated_bank
2024-07-20,ONLINE PURCHASE ONLINE PURCHASE 33560,34.65,other,retail_simulated_bank
2024-06-11,card pmt mortgage,1159.74,other,retail_simulated_bank
2024-09-17,CARD PAYMENT FOOD DELIVERY,75.83,other,retail_simulated_bank
2023-11-05,Card*Payment*Gas*Bill 866100,125.44,other,retail_simulated_bank
2023-06-26,CARD-PMT-BREAD,40.46,groceries,retail_simulated_bank
2023-09-15,card-pmt-chicken,142.29,groceries,retail_simulated_bank
2024-06-24,Online Purchase Netflix 658704,12.0,other,retail_simulated_bank
2023-06-08,Online Purchase Rent 593336,1439.29,other,retail_simulated_bank
2023-03-10,Online-Purchase-Internet-Bill,30.97,other,retail_simulated_bank
2024-11-05,TRANSPORT PAYMENT BUS PASS 428205,10.3,transportation,retail_simulated_bank
2024-09-23,online/purchase/mortgage 592232,805.51,other,retail_simulated_bank
2024-10-29,CARD/PAYMENT/RENT,1026.94,other,retail_simulated_bank
2024-07-31,card pmt rent 345933,1819.0,other,retail_simulated_bank
2023-01-18,Card Pmt Bread 703399,47.18,groceries,retail_simulated_bank
2024-07-10,Card Pmt Internet Bill 559120,228.25,other,retail_simulated_bank
2024-09-19,ONLINE PURCHASE RESTAURANT,7.88,other,retail_simulated_bank
2024-01-28,CARD PMT SPOTIFY,34.15,other,retail_simulated_bank
2024-11-14,Fuel Train Ticket 411866,112.12,transportation,retail_simulated_bank
2024-09-27,Pos Purchase Rent,615.9,other,retail_simulated_bank
2023-12-11,POS PURCHASE RENT,855.71,other,retail_simulated_bank
2024-05-11,POS PURCHASE ONLINE PURCHASE,7.55,other,retail_simulated_bank
2023-04-15,Card/Payment/Fast/Food,92.47,other,retail_simulated_bank
2023-05-09,Card Payment Spotify,26.72,other,retail_simulated_bank
2023-02-04,card pmt gym membership,39.26,other,retail_simulated_bank
2023-01-05,online purchase mortgage 550376,784.39,other,retail_simulated_bank
2023-09-09,Pos Purchase Rice,99.86,groceries,retail_simulated_bank
2023-04-13,CARD*PAYMENT*RENT 816914,1171.89,other,retail_simulated_bank
2023-06-06,online purchase spotify,39.24,other,retail_simulated_bank
2023-01-07,ONLINE PURCHASE MISC EXPENSE 958971,127.89,other,retail_simulated_bank
2023-11-11,FUEL TRAIN TICKET 649324,119.92,transportation,retail_simulated_bank
2023-06-17,ONLINE PURCHASE FAST FOOD,20.72,other,retail_simulated_bank
2024-11-03,Card Pmt Train Ticket,144.76,transportation,retail_simulated_bank
2024-02-19,pos purchase internet bill 485723,99.46,other,retail_simulated_bank
2024-05-16,pos/purchase/milk 325512,10.62,groceries,retail_simulated_bank
2023-03-17,Online*Purchase*Restaurant 97480,97.43,other,retail_simulated_bank
2024-03-05,Pos Purchase Fast Food 373398,12.13,other,retail_simulated_bank
2023-07-03,Pos Purchase Chicken,114.98,groceries,retail_simulated_bank
2024-09-28,Pos Purchase Bread 180927,105.17,groceries,retail_simulated_bank
2023-07-18,ONLINE PURCHASE RENT,1321.89,other,retail_simulated_bank
2023-07-08,pos purchase internet bill 581849,95.62,other,retail_simulated_bank
2023-11-14,CARD PMT MISC EXPENSE,128.21,other,retail_simulated_bank
2024-09-15,TRANSPORT*PAYMENT*FUEL 853162,45.13,transportation,retail_simulated_bank
2023-01-27,POS PURCHASE EGGS 240502,75.53,groceries,retail_simulated_bank
2024-03-01,online purchase food delivery 132795,143.94,other,retail_simulated_bank
2023-11-19,Pos*Purchase*Online*Purchase 801000,116.85,other,retail_simulated_bank
2024-04-26,Pos-Purchase-Milk 315295,104.7,groceries,retail_simulated_bank
2024-09-14,pos-purchase-fast-food,14.2,other,retail_simulated_bank
2024-12-05,CARD PMT RICE 783333,95.59,groceries,retail_simulated_bank
2024-11-04,ONLINE PURCHASE SPOTIFY 47515,29.33,other,retail_simulated_bank
2023-07-17,ONLINE PURCHASE GAS BILL,107.37,other,retail_simulated_bank
2023-03-17,transport payment uber ride,91.94,transportation,retail_simulated_bank
2024-07-11,Online Purchase Spotify,17.05,other,retail_simulated_bank
2023-11-25,POS PURCHASE RENT 775494,1730.86,other,retail_simulated_bank
2024-09-26,Online Purchase Misc Exp,41.3,other,retail_simulated_bank
2024-09-08,CARD-PAYMENT-FOOD-DELIVERY 283316,56.76,other,retail_simulated_bank
2024-05-18,CARD PAYMENT RENT 210271,665.65,other,retail_simulated_bank
2023-10-19,Card Payment Misc Expense 849367,3.4,other,retail_simulated_bank
2023-01-13,pos purchase chicken,39.14,groceries,retail_simulated_bank
2024-07-06,online purchase mortgage 347245,1036.46,other,retail_simulated_bank
2023-09-12,Transport Payment Uber Ride 954845,149.19,transportation,retail_simulated_bank
2024-07-06,pos purchase gym membership 624626,11.24,other,retail_simulated_bank
2024-01-27,pos purchase vegetables 564727,33.72,groceries,retail_simulated_bank
2023-02-10,online purchase restaurant 341825,115.78,other,retail_simulated_bank
2024-02-13,card pmt gas bill,149.68,other,retail_simulated_bank
2023-01-22,Card Pmt Mortgage,1570.72,other,retail_simulated_bank
2024-02-06,CARD PMT MORTGAGE 245196,617.43,other,retail_simulated_bank
2023-12-13,transport pmt train ticket 345860,92.39,transportation,retail_simulated_bank
2024-03-23,POS PURCHASE RICE,44.53,groceries,retail_simulated_bank
2023-12-17,card payment rent 681796,1611.32,other,retail_simulated_bank
2023-07-14,Pos Purchase Mortgage 483581,677.69,other,retail_simulated_bank
2024-05-30,Card Pmt Spotify 150020,34.75,other,retail_simulated_bank
2024-05-14,online purchase netflix,34.42,other,retail_simulated_bank
2024-09-11,Pos*Purchase*Chicken 785333,108.82,groceries,retail_simulated_bank
2023-06-22,card pmt spotify 8698,6.49,other,retail_simulated_bank
2024-09-05,pos/purchase/vegetables,108.2,groceries,retail_simulated_bank
2024-12-10,Online Purchase Rent,1612.04,other,retail_simulated_bank
2023-07-24,Card Payment Mortgage,710.41,other,retail_simulated_bank
2023-04-09,ONLINE PURCHASE RENT 380854,1130.0,other,retail_simulated_bank
2024-07-28,Transport-Payment-Bus-Pass 1744,84.37,transportation,retail_simulated_bank
2024-02-13,Pos-Purchase-Eggs 164434,26.96,groceries,retail_simulated_bank
2024-11-02,POS*PURCHASE*WATER*BILL 450545,54.52,other,retail_simulated_bank
2024-04-10,Card-Pmt-Restaurant,46.4,other,retail_simulated_bank
2023-11-18,ONLINE PURCHASE ONLINE PURCHASE,24.57,other,retail_simulated_bank
2023-10-07,online purchase internet bill 868531,134.73,other,retail_simulated_bank
2024-12-15,CARD/PMT/BUS/PASS 342636,46.55,transportation,retail_simulated_bank
2024-11-26,ONLINE PURCHASE ONLINE PURCHASE,129.94,other,retail_simulated_bank
2023-03-23,Online/Purchase/Rent 211861,1853.56,other,retail_simulated_bank
2023-03-17,Pos Purchase Restaurant 789833,45.52,other,retail_simulated_bank
2024-08-13,ONLINE PURCHASE MISC EXPENSE 350680,110.19,other,retail_simulated_bank
2024-05-12,Fuel Fuel 867016,131.83,transportation,retail_simulated_bank
2023-05-16,POS PURCHASE MISC EXPENSE,149.68,other,retail_simulated_bank
2023-12-01,card pmt misc expense,29.43,other,retail_simulated_bank
2023-01-14,card payment mortgage 307176,1108.62,other,retail_simulated_bank
2023-01-17,Card Payment Internet Bill 234898,147.62,other,retail_simulated_bank
2024-04-04,Pos Purchase Gas Bill 598970,152.22,other,retail_simulated_bank
2024-06-13,pos purchase bread 789659,136.31,groceries,retail_simulated_bank
2023-02-23,online purchase restaurant 1061,51.6,other,retail_simulated_bank
2024-02-10,Card*Pmt*Restaurant 564316,9.1,other,retail_simulated_bank
2023-05-13,Card-Payment-Internet-Bill,111.61,other,retail_simulated_bank
2023-01-09,Pos*Purchase*Rent 239654,1200.51,other,retail_simulated_bank
2023-08-10,Card Payment Gym Membership 163794,5.38,other,retail_simulated_bank
2023-03-02,Online Purchase Netf,39.6,other,retail_simulated_bank
2023-05-27,Card/Payment/Online/,96.95,other,retail_simulated_bank
2023-09-26,card payment train ticket 335473,6.43,transportation,retail_simulated_bank
2024-04-16,transport payment train ticket 443818,104.22,transportation,retail_simulated_bank
2024-12-13,Card Payment Misc Expense 183045,86.56,other,retail_simulated_bank
2024-10-26,card pmt spotif,8.92,other,retail_simulated_bank
2023-02-12,POS PURCHASE ONLINE PURCHASE,145.47,other,retail_simulated_bank
2024-03-16,Card Payment Chic,108.34,groceries,retail_simulated_bank
2024-04-19,Card Pmt Bread,129.87,groceries,retail_simulated_bank
2024-11-08,CARD PMT FUEL 938543,140.36,transportation,retail_simulated_bank
2024-10-07,card/payment/bus/pass 851989,122.26,transportation,retail_simulated_bank
2024-07-24,Card Payment Netflix 413981,15.0,other,retail_simulated_bank
2023-08-19,Online Purchase Spotify 164115,37.4,other,retail_simulated_bank
2024-07-28,online purchase netflix,5.57,other,retail_simulated_bank
2024-02-03,Pos Purchase Vegetables,83.56,groceries,retail_simulated_bank
2023-10-18,FUEL BUS PAS,80.82,transportation,retail_simulated_bank
2024-02-12,pos purchase misc expense 913015,115.03,other,retail_simulated_bank
2024-09-03,Card Pmt Restaurant 486619,130.44,other,retail_simulated_bank
2024-05-20,Online Purchase Misc Expense 750192,24.96,other,retail_simulated_bank
2024-01-25,Pos Purchase Spotify 464362,29.48,other,retail_simulated_bank
2024-02-23,Card Payment Bread 716458,145.52,groceries,retail_simulated_bank
2023-11-14,CARD PMT RICE 699711,126.53,groceries,retail_simulated_bank
2024-04-04,Card/Pmt/Spotify 95573,5.37,other,retail_simulated_bank
2024-02-20,Online Purchase Online Purchase 615312,114.39,other,retail_simulated_bank
2023-03-06,CARD PMT BREAD 685071,31.92,groceries,retail_simulated_bank
2024-01-19,Fuel/Bus/Pass 717495,6.99,transportation,retail_simulated_bank
2024-10-12,card payment electricity bill,80.69,other,retail_simulated_bank
2023-04-07,Pos Purchase Rice 556319,76.07,groceries,retail_simulated_bank
2024-06-23,transport pmt fuel 411802,10.93,transportation,retail_simulated_bank
2023-05-13,Pos Purchase Food Delivery 588958,12.09,other,retail_simulated_bank
2024-08-27,Online Purchase Gas Bill 742830,76.02,other,retail_simulated_bank
2023-09-29,FUEL BUS PASS,68.02,transportation,retail_simulated_bank
2023-09-28,pos*purchase*vegetables 916512,58.18,groceries,retail_simulated_bank
2023-11-24,POS PURCHASE MORTGAGE 462782,1552.01,other,retail_simulated_bank
2024-04-16,Pos Purchase Mort,1047.05,other,retail_simulated_bank
2023-03-23,card payment chicken,140.24,groceries,retail_simulated_bank
2023-11-04,Pos Purchase Misc Expense 694980,66.9,other,retail_simulated_bank
2024-03-15,POS PURCHASE MISC EXPENSE,88.37,other,retail_simulated_bank
2024-07-21,Card Pmt Fuel,133.12,transportation,retail_simulated_bank
2024-05-21,Online/Purchase/Water/Bill 982467,186.97,other,retail_simulated_bank
2023-01-08,FUEL FUEL,61.21,transportation,retail_simulated_bank
2023-07-10,Card Pmt Fuel,10.23,transportation,retail_simulated_bank
2023-04-01,online purchase internet bill,206.28,other,retail_simulated_bank
2024-10-19,Pos Purchase Spotify 4,5.21,other,retail_simulated_bank
2023-01-27,pos purchase chicken,30.28,groceries,retail_simulated_bank
2023-07-14,CARD-PMT-SPOTIFY 33007,13.47,other,retail_simulated_bank
2024-09-10,online purchase online purchase 399746,104.46,other,retail_simulated_bank
2023-08-04,POS-PURCHASE-MORTGAGE 757979,1555.66,other,retail_simulated_bank
2024-07-28,online purchase spotify 954575,6.4,other,retail_simulated_bank
2024-02-09,ONLINE*PURCHASE*GAS*BILL,66.05,other,retail_simulated_bank
2024-08-30,CARD PMT MISC EXPENSE 936225,58.28,other,retail_simulated_bank
2023-08-31,Pos*Purchase*Rent,1215.01,other,retail_simulated_bank
2023-12-13,Online/Purchase/Gym/Membe,30.23,other,retail_simulated_bank
2023-07-06,Pos Purchase Rent,933.62,other,retail_simulated_bank
2024-12-06,Pos Purchase Chicken 598141,16.81,groceries,retail_simulated_bank
2023-07-13,POS PURCHASE MILK 557928,65.22,groceries,retail_simulated_bank
2023-08-06,pos-purchase-water-bill 6,94.53,other,retail_simulated_bank
2024-09-11,Card Pmt Fuel 555316,100.0,transportation,retail_simulated_bank
2024-11-19,Online Purchase Gym Membership,26.28,other,retail_simulated_bank
2023-03-28,online purchase fast food 450970,123.52,other,retail_simulated_bank
2023-05-10,TRANSPORT PMT BUS PASS,104.44,transportation,retail_simulated_bank
2024-03-29,Pos Purchase Restaurant 868390,137.48,other,retail_simulated_bank
2024-09-15,card payment fuel,86.55,transportation,retail_simulated_bank
2023-05-08,Card Pmt Netflix 394449,38.58,other,retail_simulated_bank
2024-02-07,Pos Purchase Milk 690697,108.34,groceries,retail_simulated_bank
2023-08-07,Online Purchase Misc Expense,147.75,other,retail_simulated_bank
2024-10-02,ONLINE PURCHASE RENT 961348,1661.72,other,retail_simulated_bank
2024-04-23,online purchase rent 527203,1289.87,other,retail_simulated_bank
2023-03-19,Card Payment Restaurant,32.95,other,retail_simulated_bank
2023-02-04,Online Purchase Food Delivery 610111,77.42,other,retail_simulated_bank
2024-05-04,Online Purchase Fast Food 231904,139.5,other,retail_simulated_bank
2024-07-25,Pos Purchase Rice 827175,3.51,groceries,retail_simulated_bank
2023-02-05,transport payment uber ri,37.99,transportation,retail_simulated_bank
2024-05-30,Card Pmt Bus Pass 458802,27.91,transportation,retail_simulated_bank
2023-10-22,Pos Purchase Misc Expense 9,22.88,other,retail_simulated_bank
2024-10-17,card payment vegetables,124.14,groceries,retail_simulated_bank
2023-02-24,Card Pmt Food Delivery 82107,46.73,other,retail_simulated_bank
2024-03-20,card payment internet bill,178.59,other,retail_simulated_bank
2024-03-14,online purchase fast food 733897,77.43,other,retail_simulated_bank
2024-08-05,Card*Pmt*Fast*Food,23.24,other,retail_simulated_bank
2023-01-15,pos purchase rice 769534,125.07,groceries,retail_simulated_bank
2024-02-19,Card Payment Online Purchase,39.03,other,retail_simulated_bank
2024-02-18,Online Purchase Gas Bill 113060,204.65,other,retail_simulated_bank
2023-03-14,online purchase misc expense 1,142.04,other,retail_simulated_bank
2024-09-01,Card Payment Fuel 959978,42.29,transportation,retail_simulated_bank
2023-04-17,Pos/Purchase/Food/Delivery 896510,89.17,other,retail_simulated_bank
2024-08-07,Pos Purchase Netflix,29.46,other,retail_simulated_bank
2024-12-26,card payment mortgage 325343,1774.1,other,retail_simulated_bank
2024-12-24,FUEL/UBER/RIDE 481803,40.88,transportation,retail_simulated_bank
2023-11-19,card-payment-spotify 71655,30.9,other,retail_simulated_bank
2023-10-16,CARD PAYMENT MISC EXPENSE 962185,5.09,other,retail_simulated_bank
2024-03-02,POS PURCHASE GYM MEMBERSHIP 633660,12.26,other,retail_simulated_bank
2023-05-11,Pos Purchase Misc Expe,46.6,other,retail_simulated_bank
2024-01-26,online purchase water bill,86.6,other,retail_simulated_bank
2024-07-15,CARD PMT BREAD 958161,17.82,groceries,retail_simulated_bank
2024-10-28,Online-Purchase-Gym-Membership 739145,23.68,other,retail_simulated_bank
2023-04-17,Pos Purchase Vegetables 358827,130.45,groceries,retail_simulated_bank
2023-12-14,FUEL BUS PASS 186533,85.67,transportation,retail_simulated_bank
2023-07-06,Card Pmt Gas Bill 422741,183.96,other,retail_simulated_bank
2023-06-17,pos purchase mortgage,1578.62,other,retail_simulated_bank
2024-12-21,online purchase water bill,243.88,other,retail_simulated_bank
2024-10-14,CARD PMT FUEL,47.13,transportation,retail_simulated_bank
2024-05-31,pos*purchase*gas*bill 355684,131.44,other,retail_simulated_bank
2024-05-28,Card Pmt Mortgage,1318.75,other,retail_simulated_bank
2024-04-06,pos purchase netflix,9.51,other,retail_simulated_bank
2023-12-04,online purchase gym membership 578463,21.91,other,retail_simulated_bank
2024-01-29,Card Pmt Mortgage 205910,1331.02,other,retail_simulated_bank
2023-09-19,ONLINE PURCHASE RENT,879.9,other,retail_simulated_bank
2024-08-11,Online Purchase Gym Membership 484672,15.71,other,retail_simulated_bank
2024-02-05,Pos Purchase Gym Membership,38.9,other,retail_simulated_bank
2024-03-14,POS-PURCHASE-VEGETABLES 549578,50.71,groceries,retail_simulated_bank
2024-02-01,CARD*PAYMENT*MORTGAGE,1394.32,other,retail_simulated_bank
2024-03-31,online purchase water bill 995754,218.39,other,retail_simulated_bank
2024-07-10,Card Payment Water Bill 101887,56.25,other,retail_simulated_bank
2024-03-03,card payment chicken 466121,132.37,groceries,retail_simulated_bank
2023-01-08,Pos-Purchase-Rice 990804,61.91,groceries,retail_simulated_bank
2023-11-23,Pos Purchase Rice 515034,50.43,groceries,retail_simulated_bank
2023-10-12,Online Purchase Mortgage,1168.89,other,retail_simulated_bank
2024-06-19,Fuel Fuel 560767,100.83,transportation,retail_simulated_bank
2024-01-03,online*purchase*fast*food 727627,51.18,other,retail_simulated_bank
2023-06-26,pos*purchase*fast*food 724973,17.68,other,retail_simulated_bank
2023-01-06,CARD PMT FUEL 262685,66.35,transportation,retail_simulated_bank
2024-04-02,Pos Purchase Milk,59.8,groceries,retail_simulated_bank
2023-05-16,Fuel/Fuel,121.83,transportation,retail_simulated_bank
2024-02-29,card-payment-uber-ride 316509,55.54,transportation,retail_simulated_bank
2023-04-20,online*purchase*fast*food 473398,40.54,other,retail_simulated_bank
2023-09-24,POS/PURCHASE/WATER/BILL,219.55,other,retail_simulated_bank
2024-04-28,pos purchase chicken,89.54,groceries,retail_simulated_bank
2023-07-26,FUEL UBER RIDE,24.13,transportation,retail_simulated_bank
2023-01-18,ONLINE PURCHASE INTERNET BILL,249.58,other,retail_simulated_bank
2023-02-12,POS PURCHASE NETFLIX 744497,33.72,other,retail_simulated_bank
2024-02-23,pos/purchase/rent,1941.66,other,retail_simulated_bank
2023-10-02,Card Payment Electricity Bill 110044,95.63,other,retail_simulated_bank
2023-06-27,Card Payment Water Bill 158263,120.47,other,retail_simulated_bank
2023-02-19,POS PURCHASE VEGETABLES,51.92,groceries,retail_simulated_bank
2024-09-15,Online*Purchase*Gym*Membership,12.82,other,retail_simulated_bank
2023-08-06,Pos/Purchase/Misc/Expense 217976,112.77,other,retail_simulated_bank
2024-03-19,TRANSPORT/PAYMENT/UBER/RIDE 403059,88.83,transportation,retail_simulated_bank
2024-05-11,Card Pmt Rent,1265.88,other,retail_simulated_bank
2023-10-07,Pos Purchase Misc Expense 805629,22.83,other,retail_simulated_bank
2023-04-23,Card-Pmt-Train-Ticket,84.62,transportation,retail_simulated_bank
2023-01-14,card payment gas bill 964627,89.47,other,retail_simulated_bank
2024-04-20,card-pmt-bus-pass 347478,137.41,transportation,retail_simulated_bank
2024-12-08,pos*purchase*gas*bill 987955,113.08,other,retail_simulated_bank
2023-01-15,Card-Payment-Fast-Food 199714,148.21,other,retail_simulated_bank
2023-08-17,Pos Purchase Spotify 637832,27.37,other,retail_simulated_bank
2024-08-21,Card Payment Spotify 4547,36.09,other,retail_simulated_bank
2024-03-18,Pos Purchase Online Purcha,23.63,other,retail_simulated_bank
2023-09-14,Card Pmt Bread 865378,108.43,groceries,retail_simulated_bank
2023-02-15,FUEL TRAIN TICKET 424631,98.65,transportation,retail_simulated_bank
2023-12-29,POS PURCHASE ONLINE PURCHASE 507592,145.51,other,retail_simulated_bank
2024-06-17,ONLINE PURCHASE GYM MEMBERSHIP,9.9,other,retail_simulated_bank
2023-11-16,Transport Pmt Uber Ride 516691,71.89,transportation,retail_simulated_bank
2024-03-26,Online-Purchase-Electricity-Bill 823677,153.97,other,retail_simulated_bank
2024-04-16,Online Purchase Mortgage 629049,1345.63,other,retail_simulated_bank
2023-04-27,Transport Payment Bus Pass,143.48,transportation,retail_simulated_bank
2023-10-01,Card Payment Mortgage 721877,1859.1,other,retail_simulated_bank
2023-05-13,pos purchase rent 972903,1301.2,other,retail_simulated_bank
2024-06-16,Pos/Purchase/Misc/Expense 504,118.65,other,retail_simulated_bank
2023-10-11,Pos Purchase Misc Expense,105.36,other,retail_simulated_bank
2023-09-08,Pos*Purchase*Chicken 443498,64.78,groceries,retail_simulated_bank
2023-02-01,CARD*PAYMENT*RENT 893086,1848.1,other,retail_simulated_bank
2024-09-29,card payment mortgage 400999,1127.44,other,retail_simulated_bank
2024-03-06,card*pmt*misc*expense 410965,27.36,other,retail_simulated_bank
2024-06-12,Card Payment Misc Expense 433852,46.0,other,retail_simulated_bank
2024-12-17,Card Payment Electricity Bill,127.56,other,retail_simulated_bank
2024-08-27,card payment rice,62.22,groceries,retail_simulated_bank
2024-06-26,Card Pmt Electricity Bill,245.98,other,retail_simulated_bank
2024-05-27,Online Purchase Online Purchase,71.9,other,retail_simulated_bank
2024-01-06,Pos Purchase Gas Bill 178560,225.0,other,retail_simulated_bank
2024-02-29,Online Purchase Misc Expense 788850,85.78,other,retail_simulated_bank
2024-03-06,online purchase gym membership 527811,5.82,other,retail_simulated_bank
2023-08-14,ONLINE PURCHASE WATER BILL 490584,189.49,other,retail_simulated_bank
2024-08-16,ONLINE PURCHASE MORTGAGE 755746,1474.54,other,retail_simulated_bank
2023-08-22,Card Payment Bread,132.93,groceries,retail_simulated_bank
2023-02-27,POS*PURCHASE*FOOD*DELIVERY 938345,124.65,other,retail_simulated_bank
2024-03-14,POS PURCHASE VEGETABLES,122.45,groceries,retail_simulated_bank
2024-07-09,FUEL BUS PASS 622051,131.32,transportation,retail_simulated_bank
2023-10-15,Online-Purchase-Mortgage 309422,1844.0,other,retail_simulated_bank
2024-08-17,Card Pmt Misc Expense,147.71,other,retail_simulated_bank
2024-03-31,transport pmt bus pass 563884,13.38,transportation,retail_simulated_bank
2023-07-27,card*pmt*fast*food 501077,49.15,other,retail_simulated_bank
2024-07-11,POS PURCHASE GYM MEMBERSHIP,33.65,other,retail_simulated_bank
2023-08-04,Pos Purchase Gym Membership,34.5,other,retail_simulated_bank
2024-08-20,pos purchase food delivery 937020,12.75,other,retail_simulated_bank
2023-03-01,Pos Purchase Eggs,75.63,groceries,retail_simulated_bank
2024-09-15,POS PURCHASE GYM MEMBERSHIP 867,22.85,other,retail_simulated_bank
2024-07-17,card payment misc expense,27.64,other,retail_simulated_bank
2023-07-30,ONLINE PURCHASE GAS BILL 355927,127.52,other,retail_simulated_bank
2024-12-02,Card Pmt Netflix,38.58,other,retail_simulated_bank
2023-09-01,pos purchase fast food,14.65,other,retail_simulated_bank
2024-10-08,ONLINE-PURCHASE-SPOTIFY,11.31,other,retail_simulated_bank
2023-12-08,CARD PMT ONLINE PURCHASE 749444,95.91,other,retail_simulated_bank
2023-04-13,Online/Purchase/Rent 940768,1730.19,other,retail_simulated_bank
2023-04-11,card pmt internet bill 662879,202.51,other,retail_simulated_bank
2024-05-15,Online*Purchase*Netflix 567212,5.93,other,retail_simulated_bank
2024-09-02,Card Payment Rice 208101,60.04,groceries,retail_simulated_bank
2024-08-23,Card Pmt Milk 731830,9.92,groceries,retail_simulated_bank
2024-07-22,Pos Purchase Water Bill,62.28,other,retail_simulated_bank
2023-08-18,card pmt internet bill 492184,226.56,other,retail_simulated_bank
2024-09-14,FUEL-FUEL 499557,100.22,transportation,retail_simulated_bank
2023-11-20,Online Purchase Restaurant,38.66,other,retail_simulated_bank
2024-04-16,CARD PMT RICE,75.15,groceries,retail_simulated_bank
2023-08-19,POS PURCHASE GYM MEMBERSHIP 245270,23.15,other,retail_simulated_bank
2024-05-13,POS PURCHASE GAS BILL 586606,128.14,other,retail_simulated_bank
2023-06-24,Card Pmt Restaurant,111.74,other,retail_simulated_bank
2023-12-04,Online Purchase Online Purchase,17.72,other,retail_simulated_bank
2023-11-22,transport payment uber ride 850545,103.16,transportation,retail_simulated_bank
2024-01-02,POS PURCHASE FOOD DELIVERY,136.05,other,retail_simulated_bank
2024-11-22,CARD PAYMENT ELECTRICITY BILL 410977,165.93,other,retail_simulated_bank
2023-10-14,Pos-Purchase-Rent,1595.27,other,retail_simulated_bank
2024-06-05,Fuel Uber Ride 728865,48.74,transportation,retail_simulated_bank
2023-03-07,Card Pmt Netflix,7.67,other,retail_simulated_bank
2024-10-29,Card*Pmt*Fuel 732614,142.79,transportation,retail_simulated_bank
2024-10-25,Pos Purchase Ren,1910.69,other,retail_simulated_bank
2023-07-23,Pos Purchase Misc Expense 842757,128.07,other,retail_simulated_bank
2023-04-27,Card Pmt Food Delivery,148.6,other,retail_simulated_bank
2024-06-30,Card Payment Fuel,123.41,transportation,retail_simulated_bank
2024-03-24,CARD PMT NETFLIX,25.4,other,retail_simulated_bank
2024-07-04,CARD*PAYMENT*MISC*EXPENSE,93.83,other,retail_simulated_bank
2023-11-06,card pmt bread 300376,37.12,groceries,retail_simulated_bank
2024-06-08,ONLINE PURCHASE MISC EXPENSE,55.5,other,retail_simulated_bank
2024-04-29,fuel-bus-pass 229000,63.57,transportation,retail_simulated_bank
2023-08-26,pos purchase spotify 596238,31.64,other,retail_simulated_bank
2024-03-13,Card/Payment/Misc/Expens,109.67,other,retail_simulated_bank
2023-08-12,Fuel Uber Ride 6,12.76,transportation,retail_simulated_bank
2024-06-02,pos purchase gas bill 901864,196.84,other,retail_simulated_bank
2024-05-25,ONLINE PURCHASE RE,1097.09,other,retail_simulated_bank
2023-06-14,fuel fuel 39503,106.84,transportation,retail_simulated_bank
2023-08-28,Pos Purchase Gym Membership 236353,28.19,other,retail_simulated_bank
2024-07-26,card/payment/chicken 446829,60.84,groceries,retail_simulated_bank
2023-05-20,Pos Purchase Online Purchase,107.47,other,retail_simulated_bank
2024-12-23,Online Purchase Netflix,17.89,other,retail_simulated_bank
2023-08-21,pos purchase mortgage 604197,1994.3,other,retail_simulated_bank
2024-01-17,online purchase water bill 226539,112.7,other,retail_simulated_bank
2023-09-18,CARD PMT CHICKEN 327364,54.0,groceries,retail_simulated_bank
2023-01-25,pos purchase netflix 937444,32.9,other,retail_simulated_bank
2024-01-29,ONLINE/PURCHASE/RESTAURANT,47.08,other,retail_simulated_bank
2024-02-03,POS PURCHASE MISC EXPENSE 886476,107.23,other,retail_simulated_bank
2024-01-01,card pmt electricity bill,169.08,other,retail_simulated_bank
2024-05-13,Online Purchase Spotify 72018,37.26,other,retail_simulated_bank
2024-03-28,TRANSPORT PMT UBER RIDE 450421,65.43,transportation,retail_simulated_bank
2023-06-15,pos purchase eggs 154563,4.93,groceries,retail_simulated_bank
2024-08-01,Online-Purchase-Electricity-Bill,50.69,other,retail_simulated_bank
2023-04-12,card-pmt-netflix 28952,38.0,other,retail_simulated_bank
2024-01-31,POS*PURCHASE*GAS*BILL 798889,176.88,other,retail_simulated_bank
2024-07-29,POS*PURCHASE*RENT,957.2,other,retail_simulated_bank
2023-05-12,Pos/Purchase/Internet/Bill,93.32,other,retail_simulated_bank
2023-10-23,ONLINE PURCHASE GYM MEMBERSHIP,23.76,other,retail_simulated_bank
2023-01-30,Online Purchase Rent,1678.91,other,retail_simulated_bank
2024-10-11,CARD PMT ONLINE PURCHASE,65.44,other,retail_simulated_bank
2024-10-23,TRANSPORT PMT UBER,87.55,transportation,retail_simulated_bank
2024-07-25,Online/Purchase/Spotify 172730,11.55,other,retail_simulated_bank
2024-09-06,Card*Pmt*Internet*Bill 318027,131.13,other,retail_simulated_bank
2023-03-21,card pmt mortgage,1179.41,other,retail_simulated_bank
2024-02-08,Pos Purchase Bread 326158,149.62,groceries,retail_simulated_bank
2023-02-02,Card Pmt Gas Bill,239.03,other,retail_simulated_bank
2023-08-14,online purchase water bill,183.77,other,retail_simulated_bank
2023-08-02,FUEL UBER RIDE 10741,13.64,transportation,retail_simulated_bank
2024-03-07,online purchase mortgage,1375.22,other,retail_simulated_bank
2023-01-17,Card Payment Fast Food,93.73,other,retail_simulated_bank
2024-09-21,CARD PMT RICE 668590,130.04,groceries,retail_simulated_bank
2023-11-08,CARD PMT EGGS,25.01,groceries,retail_simulated_bank
2023-10-28,FUEL FUEL,20.68,transportation,retail_simulated_bank
2023-09-09,Pos/Purchase/Chicken,27.14,groceries,retail_simulated_bank
2023-11-08,pos purchase misc expense 78850,12.21,other,retail_simulated_bank
2024-03-20,POS PURCHASE MISC EXPENSE,136.47,other,retail_simulated_bank
2024-01-21,card/pmt/train/ticket,130.68,transportation,retail_simulated_bank
2024-01-28,POS PURCHASE ONLINE PURCHASE 857456,19.18,other,retail_simulated_bank
2023-03-10,Pos Purchase Internet Bill 121736,113.51,other,retail_simulated_bank
2024-10-20,card payment gym membership 110215,17.48,other,retail_simulated_bank
2023-12-31,Pos Purchase Food Delivery 272650,96.15,other,retail_simulated_bank
2024-03-25,ONLINE PURCHASE NETFLIX 432840,22.01,other,retail_simulated_bank
2023-11-02,card pmt fast food,122.35,other,retail_simulated_bank
2024-07-14,Pos Purchase Netf,37.46,other,retail_simulated_bank
2023-12-09,Transport Pmt Uber Ride 621148,146.0,transportation,retail_simulated_bank
2023-08-02,Fuel Uber Ride,110.11,transportation,retail_simulated_bank
2024-11-30,card-pmt-misc-expense,117.58,other,retail_simulated_bank
2023-07-04,Fuel Fuel 322002,73.72,transportation,retail_simulated_bank
2024-04-25,POS PURCHASE GYM MEMBERSHIP 406566,5.03,other,retail_simulated_bank
2023-03-09,Online Purchase Online Purchase 902398,143.64,other,retail_simulated_bank
2024-12-13,Transport Payment Bus Pass 348050,43.57,transportation,retail_simulated_bank
2023-10-27,card pmt eggs,103.94,groceries,retail_simulated_bank
2023-09-24,Card Pmt Netflix 145516,8.25,other,retail_simulated_bank
2023-11-21,Online Purchase Mort,1253.18,other,retail_simulated_bank
2023-10-24,ONLINE*PURCHASE*ELECTRICITY*BILL 353138,181.4,other,retail_simulated_bank
2023-09-07,Card Payment Chicken 325,50.37,groceries,retail_simulated_bank
2024-03-11,Pos-Purchase-Fast-Food 129819,98.64,other,retail_simulated_bank
2024-12-16,Card Pmt Chicken 31103,31.56,groceries,retail_simulated_bank
2024-12-14,POS PURCHASE SPOTIFY,7.09,other,retail_simulated_bank
2023-07-31,Card Pmt Spotify,8.0,other,retail_simulated_bank
2023-09-14,POS PURCHASE NETFLIX,37.84,other,retail_simulated_bank
2024-10-08,Pos Purchase Internet Bill 162909,120.76,other,retail_simulated_bank
2024-07-15,Pos Purchase Milk 942360,74.43,groceries,retail_simulated_bank
2023-02-16,POS PURCHASE CHICKEN 212147,70.05,groceries,retail_simulated_bank
2024-03-09,online purchase gym membership 307625,23.36,other,retail_simulated_bank
2024-04-10,TRANSPORT PMT TRAIN TICKET,51.61,transportation,retail_simulated_bank
2024-07-15,Online Purchase Online Purchase,62.76,other,retail_simulated_bank
2024-08-15,POS PURCHASE RENT 688397,1198.94,other,retail_simulated_bank
2023-03-15,pos-purchase-rent 674652,1732.09,other,retail_simulated_bank
2023-07-20,Transport Pmt Bus Pass,29.34,transportation,retail_simulated_bank
2023-07-09,Pos Purchase Rice,7.89,groceries,retail_simulated_bank
2023-12-10,Online Purchase Electricity Bill,140.48,other,retail_simulated_bank
2023-12-01,POS/PURCHASE/MORTGAGE,626.41,other,retail_simulated_bank
2023-04-08,CARD PMT ONLINE PURCHASE,27.73,other,retail_simulated_bank
2023-01-28,Pos Purchase Eggs 756182,118.87,groceries,retail_simulated_bank
2023-04-16,CARD-PMT-FAST-FOOD 218,73.62,other,retail_simulated_bank
2024-08-25,Transport Pmt Uber Ride 283183,40.65,transportation,retail_simulated_bank
2024-02-16,ONLINE*PURCHASE*NETFLIX,39.41,other,retail_simulated_bank
2024-06-15,card payment restaurant 715472,33.25,other,retail_simulated_bank
2023-02-08,Card Pmt Water Bill 331449,60.06,other,retail_simulated_bank
2024-08-24,CARD PAYMENT EGGS,37.12,groceries,retail_simulated_bank
2024-01-22,Card Pmt Water Bill,40.38,other,retail_simulated_bank
2024-09-20,Online Purchase Electricity Bill,175.92,other,retail_simulated_bank
2023-04-27,CARD/PAYMENT/ONLINE/PURCHASE 891595,128.0,other,retail_simulated_bank
2023-11-11,POS*PURCHASE*ONLINE*PURCHASE 47,40.64,other,retail_simulated_bank
2024-10-19,card*pmt*water*bill,72.34,other,retail_simulated_bank
2023-04-30,Card Payment Gas Bill,113.34,other,retail_simulated_bank
2024-09-04,POS PURCHASE ONLINE PURCHASE 902100,26.27,other,retail_simulated_bank
2024-02-26,Transport Payment Bus Pass,125.36,transportation,retail_simulated_bank
2023-07-10,POS*PURCHASE*MORTGAGE,903.21,other,retail_simulated_bank
2024-09-16,Online-Purchase-Spotify 17782,33.15,other,retail_simulated_bank
2023-06-27,ONLINE PURCHASE FAST FOOD,119.58,other,retail_simulated_bank
2023-10-02,TRANSPORT PAYMENT FUEL 634435,66.12,transportation,retail_simulated_bank
2024-01-01,card pmt electricity bill,158.34,other,retail_simulated_bank
2024-04-29,Pos Purchase Internet Bill 314206,170.06,other,retail_simulated_bank
2024-10-14,CARD PMT RENT 143253,1401.99,other,retail_simulated_bank
2023-08-26,Online/Purchase/Mortgage 793067,1260.66,other,retail_simulated_bank
2023-04-05,FUEL FUEL,125.72,transportation,retail_simulated_bank
2024-02-18,FUEL*TRAIN*TICKET,149.6,transportation,retail_simulated_bank
2023-03-09,transport*pmt*bus*pass 653821,85.72,transportation,retail_simulated_bank
2024-02-04,Card*Payment*Fuel 598846,115.31,transportation,retail_simulated_bank
2024-06-07,Card Payment Gas Bill 760996,221.91,other,retail_simulated_bank
2024-03-02,Pos Purchase Chicken 567085,137.67,groceries,retail_simulated_bank
2024-01-14,Fuel Uber Ride 955853,42.19,transportation,retail_simulated_bank
2024-01-15,Pos Purchase Water Bill 291141,157.95,other,retail_simulated_bank
2023-10-05,CARD PMT GAS BILL 326333,201.04,other,retail_simulated_bank
2023-11-22,CARD PMT MISC EXPENSE,66.84,other,retail_simulated_bank
2024-12-16,Online Purchase Rent,1385.67,other,retail_simulated_bank
2024-08-13,Online-Purchase-Mortgage,1487.31,other,retail_simulated_bank
2023-07-27,Online/Purchase/Spotify 715567,10.39,other,retail_simulated_bank
2023-11-01,online*purchase*mortgage,1429.35,other,retail_simulated_bank
2023-06-10,Pos*Purchase*Eggs 359386,72.8,groceries,retail_simulated_bank
2024-03-04,Pos Purchase Mortgage 631090,1576.98,other,retail_simulated_bank
2024-11-06,Online Purchase Water Bill,76.75,other,retail_simulated_bank
2024-05-27,fuel fuel,83.63,transportation,retail_simulated_bank
2024-02-27,Online*Purchase*Mortgage 776459,1408.85,other,retail_simulated_bank
2024-07-05,Pos Purchase Online Purchase,60.81,other,retail_simulated_bank
2023-08-31,ONLINE PURCHASE GAS BILL,159.85,other,retail_simulated_bank
2024-11-04,Pos Purchase Gym Membership,31.56,other,retail_simulated_bank
2023-08-18,card/payment/rice 86934,17.14,groceries,retail_simulated_bank
2024-06-11,Card Payment Rent,1855.71,other,retail_simulated_bank
2023-09-08,pos purchase rent 418442,723.74,other,retail_simulated_bank
2024-04-30,card*pmt*rice,121.54,groceries,retail_simulated_bank
2023-01-05,Card*Pmt*Internet*Bill 452143,182.05,other,retail_simulated_bank
2024-03-09,Pos Purchase Eggs 402007,81.84,groceries,retail_simulated_bank
2024-12-29,Online/Purchase/Misc/Expense 781409,143.96,other,retail_simulated_bank
2024-01-31,Pos Purchase Chicken 29186,134.75,groceries,retail_simulated_bank
2023-05-06,Online Purchase Mortgage 632395,764.95,other,retail_simulated_bank
2024-08-29,CARD-PMT-FUEL,118.21,transportation,retail_simulated_bank
2024-03-28,CARD PMT MISC EXPENSE,118.1,other,retail_simulated_bank
2023-10-12,Card/Payment/Restaurant 439308,50.53,other,retail_simulated_bank
2024-10-10,online purchase online purchase 82998,113.05,other,retail_simulated_bank
2024-02-20,POS-PURCHASE-INTERNET-BILL 285647,95.24,other,retail_simulated_bank
2024-08-22,CARD PMT WATER BILL 796568,131.2,other,retail_simulated_bank
2024-02-09,Pos Purchase Misc Expense 280814,4.67,other,retail_simulated_bank
2024-11-11,POS PURCHASE MISC EXPENSE 274180,77.33,other,retail_simulated_bank
2024-10-19,POS*PURCHASE*VEGETABLES 720239,19.15,groceries,retail_simulated_bank
2023-10-27,CARD PMT FOOD DELIVERY 1871,136.92,other,retail_simulated_bank
2024-11-19,ONLINE PURCHASE SPOTIFY 752994,19.35,other,retail_simulated_bank
2024-07-17,pos/purchase/rice 10943,103.24,groceries,retail_simulated_bank
2023-02-03,Online Purchase Water Bill 812467,162.02,other,retail_simulated_bank
2023-12-25,card-pmt-rice,18.79,groceries,retail_simulated_bank
2023-09-10,ONLINE PURCHASE ONLINE PURCHASE 600767,19.7,other,retail_simulated_bank
2023-03-25,ONLINE PURCHASE GYM MEMBERSHIP 308264,25.48,other,retail_simulated_bank
2023-08-09,pos purchase water bill,243.85,other,retail_simulated_bank
2024-05-08,online purchase food delivery 577678,64.63,other,retail_simulated_bank
2023-04-13,card payment rent,983.08,other,retail_simulated_bank
2024-07-12,CARD PMT UBER RIDE,124.35,transportation,retail_simulated_bank
2023-03-05,Card Payment Misc Expense 264853,16.03,other,retail_simulated_bank
2023-08-10,Card Pmt Rice 367408,75.56,groceries,retail_simulated_bank
2024-07-11,card pmt milk,149.11,groceries,retail_simulated_bank
2023-10-17,POS PURCHASE MILK,61.87,groceries,retail_simulated_bank
2023-03-27,card payment gym membership 608968,28.2,other,retail_simulated_bank
2023-11-16,pos purchase online purchase 645687,9.99,other,retail_simulated_bank
2024-06-26,POS PURCHASE RENT 757767,654.11,other,retail_simulated_bank
2024-02-18,POS PURCHASE SPOTIFY 697605,37.4,other,retail_simulated_bank
2024-09-27,online purchase netflix,7.53,other,retail_simulated_bank
2023-07-25,CARD PMT NETFLIX 223415,10.05,other,retail_simulated_bank
2023-09-25,FUEL*BUS*PASS 14194,47.45,transportation,retail_simulated_bank
2024-03-11,card payment electricity bil,73.45,other,retail_simulated_bank
2024-11-18,Card Payment Vegetables 7,73.27,groceries,retail_simulated_bank
2024-08-28,Card Payment Rice,126.09,groceries,retail_simulated_bank
2024-01-27,Pos Purchase Bread 415690,138.35,groceries,retail_simulated_bank
2024-05-07,Pos Purchase Milk 124923,50.62,groceries,retail_simulated_bank
2024-05-22,POS*PURCHASE*VEGETABLES 222789,132.91,groceries,retail_simulated_bank
2024-12-23,Pos-Purchase-Bread,131.91,groceries,retail_simulated_bank
2023-01-17,card/payment/chicken 594342,103.23,groceries,retail_simulated_bank
2023-01-05,online purchase gas bill 397441,177.18,other,retail_simulated_bank
2024-06-30,CARD PMT ELECTRICITY BILL 5,56.23,other,retail_simulated_bank
2023-05-20,card pmt food delivery 565019,46.96,other,retail_simulated_bank
2024-09-14,Card Pmt Food Delivery,14.04,other,retail_simulated_bank
2024-05-17,Online Purchase Internet Bill 401462,142.22,other,retail_simulated_bank
2023-07-12,POS PURCHASE FAST FOOD 326218,129.45,other,retail_simulated_bank
2023-03-23,Online*Purchase*Netflix 989948,32.6,other,retail_simulated_bank
2024-09-21,POS PURCHASE VEGETABLES 961003,76.4,groceries,retail_simulated_bank
2023-05-06,Card Payment Vegetables 780447,147.92,groceries,retail_simulated_bank
2024-10-18,Card/Pmt/Misc/Expense 25987,27.89,other,retail_simulated_bank
2023-03-19,card-payment-electricity-bill,222.94,other,retail_simulated_bank
2023-12-06,card pmt rent 430318,1069.72,other,retail_simulated_bank
2024-03-19,card pmt rice,90.73,groceries,retail_simulated_bank
2023-09-17,Card/Payment/Rent 590596,1169.13,other,retail_simulated_bank
2023-11-27,pos purchase misc expen,52.56,other,retail_simulated_bank
2023-01-03,POS PURCHASE INTERNET BILL 285232,226.55,other,retail_simulated_bank
2023-03-08,POS PURCHASE GAS BILL 205314,188.55,other,retail_simulated_bank
2024-09-20,online-purchase-mortgage 913313,1436.09,other,retail_simulated_bank
2024-09-11,Transport Pmt Bus Pass 904606,65.61,transportation,retail_simulated_bank
2023-02-01,Card Payment Train Ticket 160919,147.23,transportation,retail_simulated_bank
2024-10-05,Transport Payment Uber Ride 245724,89.85,transportation,retail_simulated_bank
2024-11-10,Online Purchase Mortgage 728816,1087.02,other,retail_simulated_bank
2024-05-31,POS*PURCHASE*RESTAURANT 125205,56.75,other,retail_simulated_bank
2023-07-08,Fuel Train Ticket 781791,128.21,transportation,retail_simulated_bank
2024-04-11,Pos*Purchase*Food*Delivery 242924,109.49,other,retail_simulated_bank
2024-01-06,CARD PMT INTERNET BILL,197.29,other,retail_simulated_bank
2024-01-27,online/purchase/fast/f,6.81,other,retail_simulated_bank
2024-11-10,Online Purchase Online Purchase 314698,73.03,other,retail_simulated_bank
2024-10-31,Card Pmt Milk 1034,46.23,groceries,retail_simulated_bank
2023-01-06,Card Pmt Uber Ride,126.31,transportation,retail_simulated_bank
2024-03-07,Online Purchase Misc Expense 8954,77.86,other,retail_simulated_bank
2024-12-18,POS PURCHASE ONLINE PURCHASE 94555,41.32,other,retail_simulated_bank
2023-01-06,online purchase spotify 320287,8.59,other,retail_simulated_bank
2024-02-26,Pos Purchase Vegetables,147.13,groceries,retail_simulated_bank
2024-11-19,ONLINE PURCHASE FOOD DELIVERY 674528,91.13,other,retail_simulated_bank
2024-07-03,FUEL UBER RIDE,74.42,transportation,retail_simulated_bank
2024-05-28,card pmt electricity bill 557815,67.07,other,retail_simulated_bank
2024-11-06,online purchas,1818.25,other,retail_simulated_bank
2023-07-05,ONLINE*PURCHASE*WATER*BILL,151.49,other,retail_simulated_bank
2024-04-27,CARD PMT WATER BILL,147.93,other,retail_simulated_bank
2024-01-02,Card Pmt Train Ticket 21935,80.32,transportation,retail_simulated_bank
2023-10-07,pos purchase gym membership,6.12,other,retail_simulated_bank
2024-07-21,card pmt milk 9,109.76,groceries,retail_simulated_bank
2023-04-29,TRANSPORT PAYMENT FUEL,91.98,transportation,retail_simulated_bank
2023-04-29,POS PURCHASE GAS BILL 669329,52.39,other,retail_simulated_bank
2023-11-18,POS/PURCHASE/GAS/BILL,211.73,other,retail_simulated_bank
2023-05-30,CARD-PMT-GAS-BILL 563254,237.61,other,retail_simulated_bank
2024-03-23,online purchase water bill,31.68,other,retail_simulated_bank
2024-11-11,Card/Payment/Uber/Ride,97.01,transportation,retail_simulated_bank
2023-02-11,CARD*PAYMENT*FUEL 625884,84.81,transportation,retail_simulated_bank
2024-07-07,Pos Purchase Spotify 673137,6.02,other,retail_simulated_bank
2023-11-04,Card*Pmt*Milk,6.49,groceries,retail_simulated_bank
2024-12-30,Card Payment Chicken,45.29,groceries,retail_simulated_bank
2024-09-19,Fuel Train Ticket 614418,47.29,transportation,retail_simulated_bank
2024-06-06,CARD*PAYMENT*TRAIN*TICKET 588697,118.64,transportation,retail_simulated_bank
2023-09-26,POS PURCHASE ONLINE PURCHASE,139.69,other,retail_simulated_bank
2024-04-10,card/pmt/fuel 916899,84.68,transportation,retail_simulated_bank
2023-06-29,TRANSPORT PMT TRAIN TICKET,83.94,transportation,retail_simulated_bank
2024-07-22,Pos Purchase Vegetables 224441,77.96,groceries,retail_simulated_bank
2023-12-19,Card Pmt Netflix 823427,12.77,other,retail_simulated_bank
2023-01-26,Card Payment Food Delivery 270274,97.44,other,retail_simulated_bank
2023-04-29,card/payment/rent 816506,1419.26,other,retail_simulated_bank
2024-09-27,Pos Purchase Rent 43726,1753.47,other,retail_simulated_bank
2023-09-03,Online Purchase Mortgage,1884.8,other,retail_simulated_bank
2023-01-15,POS*PURCHASE*MISC*EXPENSE,90.65,other,retail_simulated_bank
2023-12-19,transport*pmt*bus*pass,84.22,transportation,retail_simulated_bank
2023-11-10,Card Payment Fast Food,90.08,other,retail_simulated_bank
2024-08-12,Card Pmt Rent,989.56,other,retail_simulated_bank
2024-03-16,Online/Purchase/Rent,1443.84,other,retail_simulated_bank
2023-06-06,CARD/PMT/GYM/MEMBERSHIP,15.43,other,retail_simulated_bank
2024-01-22,Online Purchase Gym Membership,20.02,other,retail_simulated_bank
2023-12-06,Pos Purchase Vegetables,10.13,groceries,retail_simulated_bank
2024-04-08,Online Purchase Fast Food,38.37,other,retail_simulated_bank
2023-02-14,pos purchase misc expense,57.57,other,retail_simulated_bank
2024-03-30,card pmt rice 657771,49.8,groceries,retail_simulated_bank
2024-03-04,Card Payment Re,139.19,other,retail_simulated_bank
2023-03-01,online-purchase,1858.49,other,retail_simulated_bank
2023-10-15,ONLINE PURCHASE GAS BILL,34.51,other,retail_simulated_bank
2023-06-14,Online Purchase Internet Bill,165.51,other,retail_simulated_bank
2024-05-25,Online Purchase Mortgage,1021.81,other,retail_simulated_bank
2023-01-10,Pos*Purchase*Online*Purchase,50.5,other,retail_simulated_bank
2023-05-25,pos*purchase*spotify 920495,13.41,other,retail_simulated_bank
2024-06-08,CARD PAYMENT TRAIN TICKET 635025,34.25,transportation,retail_simulated_bank
2024-04-10,Card*Payment*Milk 1,43.26,groceries,retail_simulated_bank
2023-12-17,online purchase rent 81,1608.2,other,retail_simulated_bank
2023-12-13,ONLINE PURCHASE INTERNET BILL,102.08,other,retail_simulated_bank
2024-08-21,FUEL FUEL,44.42,transportation,retail_simulated_bank
2024-05-25,Pos-Purchase-Rice,28.6,groceries,retail_simulated_bank
2024-01-13,Pos Purchase Spotify,14.71,other,retail_simulated_bank
2023-08-07,Card Pmt Restaurant 120650,38.16,other,retail_simulated_bank
2024-09-06,Card Pmt Water Bill 796031,104.35,other,retail_simulated_bank
2023-08-16,Transport Payment Bus Pass,29.65,transportation,retail_simulated_bank
2024-07-04,Pos-Purchase-Online-Purchase 998290,50.36,other,retail_simulated_bank
2023-08-20,Pos Purchase Online Purchase 345722,80.23,other,retail_simulated_bank
2023-05-24,Card Payment Eggs,5.98,groceries,retail_simulated_bank
2024-12-07,Pos Purchase Spotify,36.67,other,retail_simulated_bank
2024-05-12,Pos Purchase Gym Membership 880616,10.53,other,retail_simulated_bank
2023-05-15,card/payment/train/ticket 136585,91.24,transportation,retail_simulated_bank
2024-04-20,pos purchase eggs 225181,15.79,groceries,retail_simulated_bank
2023-09-04,card pmt netflix 595501,17.57,other,retail_simulated_bank
2023-08-03,ONLINE PURCHASE NETFLIX 948562,18.39,other,retail_simulated_bank
2023-05-10,pos purchase restau,61.24,other,retail_simulated_bank
2023-08-09,CARD PMT MISC EXPENSE,113.47,other,retail_simulated_bank
2024-05-27,POS PURCHASE BREAD,89.2,groceries,retail_simulated_bank
2024-01-02,CARD*PAYMENT*EGGS 151140,81.15,groceries,retail_simulated_bank
2024-03-04,Card Payment Bread,25.23,groceries,retail_simulated_bank
2023-04-19,CARD PAYMENT VEGETABLES 730316,89.0,groceries,retail_simulated_bank
2024-09-25,Online-Purchase-Netflix,12.41,other,retail_simulated_bank
2023-03-05,CARD PMT INTERNET BILL 288,48.65,other,retail_simulated_bank
2023-07-08,Card-Payment-Milk 813215,97.98,groceries,retail_simulated_bank
2023-07-08,card pmt mortgage,1127.5,other,retail_simulated_bank
2024-11-24,pos purchase misc expense 1921,58.36,other,retail_simulated_bank
2024-01-13,Transport Pmt Fuel,12.41,transportation,retail_simulated_bank
2024-04-05,Transport*Pmt*Bus*Pass,3.36,transportation,retail_simulated_bank
2023-01-01,online purchase gym membership 624906,9.99,other,retail_simulated_bank
2023-08-11,transport payment bus,109.86,transportation,retail_simulated_bank
2024-10-04,Card Pmt Water Bill 655250,114.72,other,retail_simulated_bank
2024-07-01,CARD PMT FAST FOOD 225507,137.66,other,retail_simulated_bank
2024-01-21,Online Purchase Online Purchase 827187,44.87,other,retail_simulated_bank
2023-09-08,Fuel/Fuel 538196,110.89,transportation,retail_simulated_bank
2023-05-02,Online Purchase Restaurant 912990,118.01,other,retail_simulated_bank
2024-11-24,pos purchase spotify 271324,17.35,other,retail_simulated_bank
2024-11-17,Online Purchase Gym Membership,37.2,other,retail_simulated_bank
2024-03-06,CARD PAYMENT FAST FOOD 900854,65.9,other,retail_simulated_bank
2024-11-05,Pos Purchase Mortgage 742650,1082.44,other,retail_simulated_bank
2024-03-04,pos*purchase*food*delivery,134.76,other,retail_simulated_bank
2024-08-12,Pos Purchase Bread 293046,6.9,groceries,retail_simulated_bank
2024-05-03,Card Pmt Electricity Bill 629581,172.56,other,retail_simulated_bank
2024-10-01,Pos/Purchase/Netflix 160339,7.6,other,retail_simulated_bank
2023-03-12,Pos Purchase Bread 505093,22.41,groceries,retail_simulated_bank
2024-11-27,ONLINE PURCHASE RENT,1476.49,other,retail_simulated_bank
2024-05-04,online purchase restaurant,59.8,other,retail_simulated_bank
2023-06-04,card/pmt/mortgage 634800,944.5,other,retail_simulated_bank
2023-06-09,Pos Purchase Internet Bill,108.26,other,retail_simulated_bank
2024-10-13,CARD PMT BREAD,58.65,groceries,retail_simulated_bank
2024-02-29,pos purchase gym membership 420160,22.94,other,retail_simulated_bank
2023-06-05,pos*purchase*internet*bill,92.93,other,retail_simulated_bank
2023-09-08,Card Pmt Spotify 409934,6.4,other,retail_simulated_bank
2023-09-09,Pos Purchase Fast Food 2,116.62,other,retail_simulated_bank
2023-09-07,Card Payment Gym Membership 791319,29.39,other,retail_simulated_bank
2023-12-19,CARD PMT RENT,963.51,other,retail_simulated_bank
2024-01-25,Online/Purchase/Gym/Membership,34.8,other,retail_simulated_bank
2024-07-02,CARD PMT NETFLIX,21.76,other,retail_simulated_bank
2023-07-26,ONLINE PURCHASE MORTGAGE,1522.76,other,retail_simulated_bank
2024-08-06,pos purchase misc expense 808702,63.67,other,retail_simulated_bank
2024-06-20,POS PURCHASE EGGS,134.64,groceries,retail_simulated_bank
2024-11-14,pos*purchase*electricity*bill 836407,201.37,other,retail_simulated_bank
2023-12-28,Pos-Purchase-Online-Purchase 711147,122.74,other,retail_simulated_bank
2024-03-31,card payment internet bill,70.48,other,retail_simulated_bank
2024-01-13,Pos-Purchase-Online-Purchase,131.11,other,retail_simulated_bank
2023-10-14,CARD PMT BREAD 331196,74.71,groceries,retail_simulated_bank
2023-09-12,Card Payment Bus Pass 3,35.43,transportation,retail_simulated_bank
2023-11-18,online purchase fast food,101.88,other,retail_simulated_bank
2024-02-25,CARD PMT MISC EXPENSE,93.2,other,retail_simulated_bank
2024-08-25,Card Payment Fuel,78.16,transportation,retail_simulated_bank
2024-08-14,card payment restaurant 9327,27.21,other,retail_simulated_bank
2023-01-23,CARD PAYMENT BUS PASS 128119,125.08,transportation,retail_simulated_bank
2023-11-19,transport pmt fuel,94.94,transportation,retail_simulated_bank
2024-08-04,pos purchase rice 986564,88.05,groceries,retail_simulated_bank
2023-12-08,ONLINE-PURCHASE-FAST-FOOD 811939,59.31,other,retail_simulated_bank
2024-11-19,card payment online purchase 245731,24.02,other,retail_simulated_bank
2024-04-03,pos purchase rice 110932,115.59,groceries,retail_simulated_bank
2024-09-03,CARD-PMT-FOOD-DELIVERY 113396,75.35,other,retail_simulated_bank
2024-08-21,ONLINE-PURCHASE-GAS-BILL 451867,165.06,other,retail_simulated_bank
2023-10-03,ONLINE-PURCHASE-ONLINE-PURCHASE,40.84,other,retail_simulated_bank
2024-08-12,ONLINE PURCHASE ONLINE,13.72,other,retail_simulated_bank
2024-11-03,card-payment-eggs,67.25,groceries,retail_simulated_bank
2023-07-20,Card Payment Uber Ride 506,30.35,transportation,retail_simulated_bank
2024-12-07,transport*pmt*fuel 6863,70.84,transportation,retail_simulated_bank
2023-12-20,Card Pmt Online Purchase 439454,45.17,other,retail_simulated_bank
2023-05-21,Card/Pmt/Food/Delivery 303387,86.38,other,retail_simulated_bank
2023-10-26,Transport/Payment/Uber/Ride,130.01,transportation,retail_simulated_bank
2024-10-27,Online/Purchase/Rent 140527,885.06,other,retail_simulated_bank
2024-07-22,Online-Purchase-Gym-Membership,15.24,other,retail_simulated_bank
2024-10-22,card*payment*rent,870.3,other,retail_simulated_bank
2024-12-16,POS PURCHASE RENT 998472,1897.05,other,retail_simulated_bank
2024-02-09,card payment mor,1604.87,other,retail_simulated_bank
2024-03-31,Card-Payment-Fast-Food,115.59,other,retail_simulated_bank
2024-10-07,card-payment-rice 316158,31.98,groceries,retail_simulated_bank
2024-06-16,CARD/PAYMENT/WATER/BILL 167475,202.44,other,retail_simulated_bank
2023-03-10,Card-Payment-Restaurant,3.64,other,retail_simulated_bank
2023-02-20,Card Payment Water Bill 955199,238.81,other,retail_simulated_bank
2024-02-02,Pos Purchase Mortgage 10394,975.79,other,retail_simulated_bank
2024-07-10,Online-Purchase-Misc-Expense 884351,116.67,other,retail_simulated_bank
2024-04-07,Online Purchase Water Bill 403026,76.75,other,retail_simulated_bank
2023-06-20,Online*Purchase*Mortgage 443845,1705.98,other,retail_simulated_bank
2023-03-29,Online Purchase Mortgage 425995,1636.09,other,retail_simulated_bank
2024-10-17,POS/PURCHASE/RENT 71577,1792.55,other,retail_simulated_bank
2024-03-21,Pos Purchase Mortgage,1000.46,other,retail_simulated_bank
2024-03-05,pos purchase netflix,39.49,other,retail_simulated_bank
2023-07-12,fuel/uber/ride,19.72,transportation,retail_simulated_bank
2023-04-06,card*pmt*gas*bill 88483,197.99,other,retail_simulated_bank
2023-01-01,Online Purchase Netflix 354332,33.87,other,retail_simulated_bank
2023-10-26,pos purchase milk 475913,135.14,groceries,retail_simulated_bank
2024-06-27,CARD PAYMENT RESTAURANT 64,72.85,other,retail_simulated_bank
2024-06-20,pos purchase rent 29705,668.3,other,retail_simulated_bank
2023-03-04,Online Purchase Rent 59164,1493.28,other,retail_simulated_bank
2023-03-07,Transport Pmt Uber Ride 724308,42.98,transportation,retail_simulated_bank
2024-06-05,Fuel Fuel,59.59,transportation,retail_simulated_bank
2023-12-05,Transport-Payment-Uber-Ride 866585,104.0,transportation,retail_simulated_bank
2024-05-03,POS PURCHASE ELECTRICITY BILL 997149,172.06,other,retail_simulated_bank
2024-06-01,Fuel Fuel 572047,50.0,transportation,retail_simulated_bank
2024-10-16,Card Pmt Bread 333864,9.18,groceries,retail_simulated_bank
2024-06-12,POS*PURCHASE*MILK 703917,138.56,groceries,retail_simulated_bank
2023-04-23,transport payment fuel,44.43,transportation,retail_simulated_bank
2023-02-06,POS*PURCHASE*FAST*FOOD 550932,83.69,other,retail_simulated_bank
2024-04-18,Pos/Purchase/Chicken,8.47,groceries,retail_simulated_bank
2024-09-12,ONLINE PURCHASE ONLINE PURCHASE 192205,62.51,other,retail_simulated_bank
2024-05-10,online purchase gym member,29.61,other,retail_simulated_bank
2024-06-12,Card Pmt Rent 444981,749.38,other,retail_simulated_bank
2024-06-13,Card Pmt Fast Food,147.2,other,retail_simulated_bank
2024-08-07,CARD PMT RESTAURANT 563546,15.52,other,retail_simulated_bank
2024-08-16,pos/purchase/fast/food,67.47,other,retail_simulated_bank
2023-03-09,card pmt rent,823.76,other,retail_simulated_bank
2023-01-29,POS PURCHASE RESTAURANT,108.75,other,retail_simulated_bank
2023-09-19,Card Payment Train T,58.11,transportation,retail_simulated_bank
2024-03-08,card pmt uber ride,89.45,transportation,retail_simulated_bank
2024-07-12,FUEL FUEL,106.72,transportation,retail_simulated_bank
2023-09-03,FUEL TRAIN TICKET,56.62,transportation,retail_simulated_bank
2024-11-06,POS*PURCHASE*WATER*BILL 372679,115.34,other,retail_simulated_bank
2024-05-08,POS*PURCHASE*ELECTRICITY*BILL,200.89,other,retail_simulated_bank
2023-12-05,Fuel Uber Ride,12.78,transportation,retail_simulated_bank
2024-05-11,CARD/PAYMENT/,19.97,other,retail_simulated_bank
2023-07-27,Pos*Purchase*Ne,35.62,other,retail_simulated_bank
2023-12-16,Pos/Purchase/Bread 898607,118.94,groceries,retail_simulated_bank
2024-05-05,Online Purchase Water Bill,131.65,other,retail_simulated_bank
2024-07-27,POS PURCHASE MISC EXPENSE,66.21,other,retail_simulated_bank
2023-03-13,pos purchase online purchase,40.49,other,retail_simulated_bank
2023-06-18,Pos Purchase Mortgage,1594.17,other,retail_simulated_bank
2024-01-15,fuel-train-ticket 286458,131.59,transportation,retail_simulated_bank
2023-09-02,FUEL FUEL 534263,18.65,transportation,retail_simulated_bank
2023-07-15,Pos-Purchase-Chicken 201266,71.67,groceries,retail_simulated_bank
2024-04-28,POS PURCHASE CHICK,137.67,groceries,retail_simulated_bank
2023-08-18,POS PURCHASE ELECTRICITY BILL 83150,198.42,other,retail_simulated_bank
2024-05-01,Pos Purchase Gym Membership,38.25,other,retail_simulated_bank
2023-04-29,online*purchase*fast*food,138.22,other,retail_simulated_bank
2023-11-23,card pmt chicken 933673,46.0,groceries,retail_simulated_bank
2023-07-23,pos purchase internet bill,232.74,other,retail_simulated_bank
2024-03-29,CARD PMT CHICKEN 919794,12.04,groceries,retail_simulated_bank
2023-05-25,pos purchase bread 191518,13.76,groceries,retail_simulated_bank
2023-10-25,card payment mortgage,1013.28,other,retail_simulated_bank
2023-02-23,card payment restaurant 851160,133.6,other,retail_simulated_bank
2024-12-09,Fuel Fuel 80149,127.77,transportation,retail_simulated_bank
2024-09-25,Online Purchase Mortgag,731.51,other,retail_simulated_bank
2024-11-25,Card Pmt Misc Expense 580877,140.4,other,retail_simulated_bank
2024-01-09,POS*PURCHASE*GYM*MEMBERSHIP 268253,8.79,other,retail_simulated_bank
2024-04-11,Pos-Purchase-Mortgage,1158.27,other,retail_simulated_bank
2024-09-16,pos purchase fast food 378267,8.98,other,retail_simulated_bank
2023-10-22,online purchase mortgage 489343,928.34,other,retail_simulated_bank
2024-09-21,POS PURCHASE MISC EXPENSE,5.36,other,retail_simulated_bank
2023-10-16,ONLINE/PURCHASE/MORTGAGE,1910.64,other,retail_simulated_bank
2024-04-14,Card Payment Internet Bill 977543,110.2,other,retail_simulated_bank
2023-04-01,card pmt netflix 369550,11.38,other,retail_simulated_bank
2024-09-30,Card Payment Netflix 610291,13.54,other,retail_simulated_bank
2023-10-19,Pos Purchase Rent 908707,1106.58,other,retail_simulated_bank
2023-02-21,online purchase food delivery 210711,38.76,other,retail_simulated_bank
2024-10-17,ONLINE PURCHASE ONLINE PURCHASE 55774,52.18,other,retail_simulated_bank
2023-02-08,online purchase netflix 378159,38.06,other,retail_simulated_bank
2023-06-05,Pos Purchase Rent 673524,1155.75,other,retail_simulated_bank
2023-02-03,Card Payment Restaurant,7.52,other,retail_simulated_bank
2023-08-02,Pos/Purchase/Internet/Bill,155.8,other,retail_simulated_bank
2024-09-04,ONLINE PURCHASE MORTGAGE 119011,1873.63,other,retail_simulated_bank
2023-07-28,POS PURCHASE FOOD DELIVERY,138.02,other,retail_simulated_bank
2023-07-31,CARD PMT GAS BILL,140.09,other,retail_simulated_bank
2024-09-06,CARD PMT FUEL 774315,134.48,transportation,retail_simulated_bank
2024-08-06,ONLINE PURCHASE ELECTRICITY BILL 761650,118.64,other,retail_simulated_bank
2024-12-28,POS PURCHASE EGGS,59.51,groceries,retail_simulated_bank
2023-10-18,pos purchase spotify 232188,18.56,other,retail_simulated_bank
2023-08-01,CARD/PAYMENT/RENT 694985,632.12,other,retail_simulated_bank
2024-11-04,Pos*Purchase*Rice,104.82,groceries,retail_simulated_bank
2024-06-14,Online Purchase Fast Food 111315,56.64,other,retail_simulated_bank
2024-08-29,Pos Purchase Gas Bill,103.28,other,retail_simulated_bank
2023-02-10,pos purchase internet bill 369628,93.82,other,retail_simulated_bank
2024-11-22,pos purchase online purchase 744298,104.31,other,retail_simulated_bank
2023-02-20,Pos Purchase Rent 955669,1147.57,other,retail_simulated_bank
2024-01-22,CARD/PMT/EGGS,100.98,groceries,retail_simulated_bank
2024-08-26,CARD*PMT*ONLINE*PURCHASE,49.99,other,retail_simulated_bank
2023-10-14,POS PURCHASE CHICKEN 274011,115.56,groceries,retail_simulated_bank
2024-10-29,ONLINE PURCHASE WATER BILL 210930,55.2,other,retail_simulated_bank
2023-07-22,ONLINE PURCHASE ELECTRICITY BILL 69588,183.14,other,retail_simulated_bank
2023-08-11,CARD/PAYMENT/GAS/BILL 410441,215.9,other,retail_simulated_bank
2023-07-25,ONLINE PURCHASE FOOD DELIVERY 301804,107.78,other,retail_simulated_bank
2023-03-01,ONLINE*PURCHASE*ONLINE*PURCHASE,16.14,other,retail_simulated_bank
2023-02-23,card pmt vegetables 950,8.54,groceries,retail_simulated_bank
2024-03-30,Card Payment Gym Membership,7.31,other,retail_simulated_bank
2023-11-14,Pos Purchase Netflix 669609,33.33,other,retail_simulated_bank
2024-10-21,pos purchase online purchase 93909,28.5,other,retail_simulated_bank
2023-12-10,online purchase gas bill,91.31,other,retail_simulated_bank
2023-02-21,Online Purchase Gym Membership,26.87,other,retail_simulated_bank
2024-12-24,online/purchase/gym/membership,37.32,other,retail_simulated_bank
2024-03-03,online purchase internet bill,49.47,other,retail_simulated_bank
2024-10-20,Online-Purchase-Restaurant 447232,81.47,other,retail_simulated_bank
2023-03-26,CARD-PAYMENT-CHICKEN,118.96,groceries,retail_simulated_bank
2023-03-10,pos purchase water bill 136714,124.4,other,retail_simulated_bank
2024-12-15,fuel bus pass 928580,117.63,transportation,retail_simulated_bank
2023-12-22,Card*Payment*Fuel,127.48,transportation,retail_simulated_bank
2023-04-01,Pos Purchase Rent 342872,1759.49,other,retail_simulated_bank
2023-08-06,Pos Purchase Eggs 943924,103.09,groceries,retail_simulated_bank
2024-05-24,pos purchase rent 490727,1458.02,other,retail_simulated_bank
2023-05-23,Pos Purchase Internet Bill 1,93.85,other,retail_simulated_bank
2023-05-08,card*pmt*chicken 582307,88.93,groceries,retail_simulated_bank
2023-08-27,card*payment*mortgage 336652,1191.07,other,retail_simulated_bank
2023-12-31,ONLINE PURCHASE FAST,110.82,other,retail_simulated_bank
2024-05-12,Card Pmt Rent,745.38,other,retail_simulated_bank
2023-04-11,card payment fast food,104.44,other,retail_simulated_bank
2023-05-09,Pos Purchase Spotify 911469,35.44,other,retail_simulated_bank
2024-07-11,ONLINE/PURCHASE/RENT 560287,930.66,other,retail_simulated_bank
2024-11-01,online purchase gym membership,5.86,other,retail_simulated_bank
2024-02-16,ONLINE/PURCHASE/FOOD/DELIVERY,26.74,other,retail_simulated_bank
2024-03-30,pos*purchase*wat,125.1,other,retail_simulated_bank
2024-12-05,card payment gym membership,24.95,other,retail_simulated_bank
2024-02-09,CARD PAYMENT INTERNET BILL 48,48.84,other,retail_simulated_bank
2024-07-17,ONLINE*PURCHASE*MISC*E,27.84,other,retail_simulated_bank
2023-09-05,card payment rent 889617,1413.09,other,retail_simulated_bank
2023-04-19,pos*purchase*misc*ex,86.14,other,retail_simulated_bank
2024-04-21,CARD*PAYMENT*GAS*BILL 759223,134.86,other,retail_simulated_bank
2024-05-22,ONLINE/PURCHASE/INTERNET/BILL,162.72,other,retail_simulated_bank
2023-07-12,Pos Purchase Fast Food 40207,6.67,other,retail_simulated_bank
2023-11-21,POS PURCHASE SPOTIFY 482935,23.63,other,retail_simulated_bank
2023-10-25,Card/Payment/Milk,138.01,groceries,retail_simulated_bank
2024-02-01,card payment rice,19.08,groceries,retail_simulated_bank
2023-07-12,fuel fuel,84.06,transportation,retail_simulated_bank
2023-12-27,pos purchase netflix,9.87,other,retail_simulated_bank
2023-04-06,online/purchase/misc/expense 18472,54.59,other,retail_simulated_bank
2023-11-12,Pos Purchase Gym Membership 504306,27.69,other,retail_simulated_bank
2024-01-05,POS PURCHASE SPOTIFY,35.56,other,retail_simulated_bank
2024-09-09,Pos Purchase Online Purchase,3.64,other,retail_simulated_bank
2023-07-05,Card Pmt Gas Bill,184.88,other,retail_simulated_bank
2023-12-24,Card Pmt Spotify 64209,36.11,other,retail_simulated_bank
2024-10-19,Card Pmt Mortgage,1477.04,other,retail_simulated_bank
2023-01-19,POS*PURCHASE*BREAD,89.68,groceries,retail_simulated_bank
2023-06-03,Card Payment Milk 230299,110.47,groceries,retail_simulated_bank
2024-06-03,TRANSPORT PMT UBER RIDE,12.38,transportation,retail_simulated_bank
2023-10-09,Pos/Purchase/Food/Delivery,8.31,other,retail_simulated_bank
2023-12-19,Card Pmt Electricity Bill,171.49,other,retail_simulated_bank
2024-02-22,Online Purchase Water Bill 592595,217.22,other,retail_simulated_bank
2023-01-17,Pos Purchase Netflix,27.19,other,retail_simulated_bank
2023-01-14,online purchase restaurant 913563,133.31,other,retail_simulated_bank
2023-01-21,online*purchase*misc*expense 8,96.92,other,retail_simulated_bank
2024-10-28,Online Purchase Gas Bill,229.03,other,retail_simulated_bank
2024-08-10,pos purchase mortgage 606462,1582.45,other,retail_simulated_bank
2024-10-12,Online Purchase Fast Food 520888,38.17,other,retail_simulated_bank
2023-12-01,TRANSPORT PMT UBER RIDE 476985,105.5,transportation,retail_simulated_bank
2024-10-19,Online Purchase Food Delivery 305293,16.53,other,retail_simulated_bank
2024-11-10,card/payment/misc/expen,47.85,other,retail_simulated_bank
2024-05-22,Online Purchase Spotify,28.74,other,retail_simulated_bank
2024-07-09,Card-Payment-Uber-Ride,108.89,transportation,retail_simulated_bank
2023-11-08,online purchase restaurant,56.2,other,retail_simulated_bank
2023-12-05,FUEL BUS PASS,35.17,transportation,retail_simulated_bank
2024-07-16,ONLINE*PURCHASE*RENT 253126,1517.44,other,retail_simulated_bank
2024-06-10,card payment gym membership 475749,17.39,other,retail_simulated_bank
2024-07-29,ONLINE PURCHASE GAS BILL,203.04,other,retail_simulated_bank
2024-11-01,pos purchase rent 59989,1897.56,other,retail_simulated_bank
2024-05-21,Pos Purchase Spotify 898489,34.91,other,retail_simulated_bank
2024-06-14,online*purchase*internet*bill 999604,212.57,other,retail_simulated_bank
2024-11-09,Card Payment Train Ticket 769047,25.68,transportation,retail_simulated_bank
2024-06-21,online/purchase/misc/expense,72.5,other,retail_simulated_bank
2024-09-15,card/pmt/restaurant 593534,138.87,other,retail_simulated_bank
2024-10-28,FUEL/TRAIN/TICKET 496086,26.38,transportation,retail_simulated_bank
2024-11-03,Online Purchase Food Delivery 557316,85.45,other,retail_simulated_bank
2024-03-16,pos purchase misc expense 153364,47.21,other,retail_simulated_bank
2023-12-31,Pos Purchase Gym Membership,23.75,other,retail_simulated_bank
2023-11-23,pos purchase vegetables,119.2,groceries,retail_simulated_bank
2023-02-02,CARD PMT ONLINE PURCHAS,56.09,other,retail_simulated_bank
2023-06-19,pos*purchase*netflix 323619,19.03,other,retail_simulated_bank
2023-06-26,CARD PMT RENT,875.9,other,retail_simulated_bank
2024-12-14,Card Payment Online Purchase 985359,86.37,other,retail_simulated_bank
2024-05-16,pos purchase fast food 192113,36.41,other,retail_simulated_bank
2023-12-20,Online*Purchase*Gas*Bill 160971,203.46,other,retail_simulated_bank
2023-03-06,Pos Purchase Rent 264617,1895.53,other,retail_simulated_bank
2023-12-26,card pmt restaurant 230064,52.26,other,retail_simulated_bank
2023-05-16,Card*Payment*Eggs 705029,8.65,groceries,retail_simulated_bank
2024-11-04,Pos-Purchase-Rent 766662,1080.9,other,retail_simulated_bank
2023-03-08,Pos/Purchase/Electricity/Bill 79154,105.55,other,retail_simulated_bank
2024-12-04,CARD/PAYMENT/INTERNET/BILL 661179,199.79,other,retail_simulated_bank
2024-09-27,Pos Purchase Rent 811909,1650.84,other,retail_simulated_bank
2023-04-13,Card Payment Misc Expense 822927,30.65,other,retail_simulated_bank
2023-12-28,card payment bread 856986,38.13,groceries,retail_simulated_bank
2024-02-15,CARD*PAYMENT*NETFLIX,35.41,other,retail_simulated_bank
2023-09-28,FUEL TRAIN TICKET 218405,133.08,transportation,retail_simulated_bank
2023-07-07,Pos Purchase Internet Bill 211380,113.67,other,retail_simulated_bank
2023-02-22,CARD/PAYMENT/MISC/EXPENSE 135306,19.32,other,retail_simulated_bank
2024-07-21,ONLINE*PURCHASE*SPOTIFY 9693,23.5,other,retail_simulated_bank
2023-03-24,card/payment/mortgage 625052,1079.11,other,retail_simulated_bank
2024-09-10,transport payment fuel 795570,146.59,transportation,retail_simulated_bank
2023-11-28,Pos Purchase Online Purchas,88.94,other,retail_simulated_bank
2023-11-08,card payment milk,73.07,groceries,retail_simulated_bank
2024-12-01,TRANSPORT PMT,48.96,transportation,retail_simulated_bank
2024-03-03,ONLINE PURCHASE INTERNET BILL 662987,233.24,other,retail_simulated_bank
2024-03-01,card pmt internet bill 263202,215.94,other,retail_simulated_bank
2023-09-14,pos purchase restaurant 818126,39.38,other,retail_simulated_bank
2023-05-24,pos purchase restaurant 922945,149.66,other,retail_simulated_bank
2024-05-02,card payment online purchase 973252,101.17,other,retail_simulated_bank
2023-06-20,Transport-Pmt-Fuel 855749,108.71,transportation,retail_simulated_bank
2023-04-14,Online Purchase Misc Expense 9,40.83,other,retail_simulated_bank
2023-05-02,card pmt internet bill 816008,86.66,other,retail_simulated_bank
2024-08-26,CARD PAYMENT GYM MEMBERSH,10.59,other,retail_simulated_bank
2024-09-09,Card Payment Netflix 2798,13.19,other,retail_simulated_bank
2023-08-29,Online Purchase Misc Expense 303833,38.35,other,retail_simulated_bank
2024-05-20,POS PURCHASE GYM MEMBERSHIP 803756,7.58,other,retail_simulated_bank
2024-12-30,card/payment/eggs,52.33,groceries,retail_simulated_bank
2023-05-09,card*payment*train*ticket,137.9,transportation,retail_simulated_bank
2023-04-13,Card Payment Mortgage 479370,1547.38,other,retail_simulated_bank
2024-06-27,card pmt water bill,80.41,other,retail_simulated_bank
2023-12-19,pos purchase gym membership,15.8,other,retail_simulated_bank
2024-10-27,Card*Payment*Online*Purchase,99.66,other,retail_simulated_bank
2023-09-06,ONLINE*PURCHASE*ELECTRICITY*BILL,163.72,other,retail_simulated_bank
2024-11-26,pos purchase fast food,56.84,other,retail_simulated_bank
2023-09-10,Card Pmt Water Bill 759642,82.26,other,retail_simulated_bank
2024-01-15,Fuel Train Ticket 642048,72.29,transportation,retail_simulated_bank
2024-09-12,POS PURCHASE FAST FOOD 881355,71.58,other,retail_simulated_bank
2024-08-27,Pos Purchase Netflix 375141,16.59,other,retail_simulated_bank
2023-09-22,POS PURCHASE VEGETABLE,44.93,groceries,retail_simulated_bank
2024-10-24,Pos Purchase Electricity Bill,185.59,other,retail_simulated_bank
2024-09-21,Card Payment Train Ticket,67.07,transportation,retail_simulated_bank
2023-03-28,fuel train ticket 205801,137.56,transportation,retail_simulated_bank
2023-06-10,Card-Payment-Vegetables,99.02,groceries,retail_simulated_bank
2023-04-20,card payment m,1549.49,other,retail_simulated_bank
2024-11-30,Card Payment Uber Ride,62.98,transportation,retail_simulated_bank
2024-09-11,POS PURCHASE NETFLIX,37.76,other,retail_simulated_bank
2023-03-07,CARD PAYMENT INTERNET BILL,241.19,other,retail_simulated_bank
2024-06-05,Card Payment Restaurant 177678,129.01,other,retail_simulated_bank
2024-09-21,CARD PMT RICE 923209,23.76,groceries,retail_simulated_bank
2024-05-30,Card-Pmt-Vegetables 656005,10.88,groceries,retail_simulated_bank
2023-06-09,ONLINE PURCHASE RESTAURANT,123.55,other,retail_simulated_bank
2024-08-03,POS PURCHASE ELECTRICITY BILL 422922,84.16,other,retail_simulated_bank
2024-11-26,pos-purchase-eggs 435431,68.07,groceries,retail_simulated_bank
2023-04-27,card pmt fast food 114263,117.37,other,retail_simulated_bank
2024-08-01,ONLINE PURCHASE ONLINE PURCHASE,55.77,other,retail_simulated_bank
2024-10-20,card payment gym membership 26860,5.03,other,retail_simulated_bank
2024-09-25,CARD PMT BUS PASS 15303,128.02,transportation,retail_simulated_bank
2023-07-21,card pmt online purchase,57.85,other,retail_simulated_bank
2023-02-22,Card Payment Eggs,43.3,groceries,retail_simulated_bank
2024-10-23,CARD PAYMENT BREAD 991106,3.86,groceries,retail_simulated_bank
2023-09-07,Card Payment Food Delivery,121.62,other,retail_simulated_bank
2023-08-07,Online Purchase Spotify,6.2,other,retail_simulated_bank
2023-06-24,Pos Purchase Mortg,1832.7,other,retail_simulated_bank
2024-02-11,Pos*Purchase*Spotify,20.84,other,retail_simulated_bank
2023-02-18,POS PURCHASE BREAD,98.34,groceries,retail_simulated_bank
2023-07-30,CARD PMT UBER RIDE,91.87,transportation,retail_simulated_bank
2024-04-15,Fuel Fuel,103.67,transportation,retail_simulated_bank
2024-12-29,CARD PMT MORTGAGE 910974,696.33,other,retail_simulated_bank
2024-06-01,online purchase rent 190705,1193.55,other,retail_simulated_bank
2023-09-07,CARD PMT MILK,14.1,groceries,retail_simulated_bank
2023-03-15,Card/Pmt/Online/P,68.62,other,retail_simulated_bank
2023-09-08,Pos Purchase Eggs,17.72,groceries,retail_simulated_bank
2024-07-12,Transport-Pmt-Fuel 839109,11.84,transportation,retail_simulated_bank
2023-04-11,Transport Payment Train Ticket 991311,24.89,transportation,retail_simulated_bank
2023-02-02,Pos Purchase Water Bill 401208,81.93,other,retail_simulated_bank
2023-03-20,Online-Purchase-Online-Purchase,103.72,other,retail_simulated_bank
2024-10-14,Card Pmt Misc Expense 614036,79.88,other,retail_simulated_bank
2023-01-10,Card Pmt Restaurant 435396,64.05,other,retail_simulated_bank
2023-09-09,ONLINE PURCHASE ELECTRICITY BILL,184.31,other,retail_simulated_bank
2024-06-06,CARD PMT MORTGAGE,1252.2,other,retail_simulated_bank
2024-05-08,Online*Purchase*Gym*Membership 150333,22.01,other,retail_simulated_bank
2023-03-24,Card Pmt Electricity Bill,107.79,other,retail_simulated_bank
2024-04-30,card pmt uber ride 317316,117.74,transportation,retail_simulated_bank
2023-09-05,Pos Purchase Rice 264969,19.78,groceries,retail_simulated_bank
2023-01-29,Card-Pmt-Bus-Pass 394139,131.09,transportation,retail_simulated_bank
2023-08-10,ONLINE PURCHASE MISC EXPENSE,18.32,other,retail_simulated_bank
2023-03-24,ONLINE PURCHASE RESTAURANT 671342,80.78,other,retail_simulated_bank
2024-08-21,ONLINE PURCHASE ONLINE PURCHASE,132.68,other,retail_simulated_bank
2024-10-20,ONLINE PURCHASE ONLINE PURCHASE 3727,94.47,other,retail_simulated_bank
2024-01-08,FUEL BUS PASS 549470,41.15,transportation,retail_simulated_bank
2024-09-23,Pos Purchase Food Delivery,72.47,other,retail_simulated_bank
2023-04-28,card payment fast food 116742,52.75,other,retail_simulated_bank
2023-08-30,Online Purchase Netflix 679214,22.45,other,retail_simulated_bank
2023-04-30,Card Pmt Fast Food,110.95,other,retail_simulated_bank
2023-09-04,ONLINE PURCHASE MORTGAGE,1785.04,other,retail_simulated_bank
2024-02-16,card pmt spotify 107863,9.71,other,retail_simulated_bank
2024-03-27,POS PURCHASE MISC EXPENSE 935291,138.78,other,retail_simulated_bank
2024-05-21,Card Payment Netflix,18.03,other,retail_simulated_bank
2024-06-21,Online*Purchase*Internet*Bill 946368,149.78,other,retail_simulated_bank
2023-02-17,card payment food delivery 869806,45.11,other,retail_simulated_bank
2023-10-23,POS/PURCHASE/WATER/BILL,174.16,other,retail_simulated_bank
2024-02-05,online purchase mortgage,1022.7,other,retail_simulated_bank
2023-07-29,CARD PAYMENT RESTAURANT 195387,75.65,other,retail_simulated_bank
2023-04-24,CARD PMT RENT,1932.0,other,retail_simulated_bank
2023-04-10,Pos/Purchase/Rice,64.17,groceries,retail_simulated_bank
2024-01-19,pos purchase mortgage,1539.32,other,retail_simulated_bank
2024-02-11,online purchase gas bill 729978,54.79,other,retail_simulated_bank
2024-03-01,Online/Purchase/Gym/Membership 413643,36.05,other,retail_simulated_bank
2023-09-14,FUEL/FUEL,7.0,transportation,retail_simulated_bank
2024-08-01,online purchase fast food 950823,58.43,other,retail_simulated_bank
2024-05-09,Card Pmt Food Delivery 381179,78.05,other,retail_simulated_bank
2024-07-26,Card Pmt Bread,58.48,groceries,retail_simulated_bank
2023-10-12,CARD PAYMENT ONLINE PURCHASE,3.44,other,retail_simulated_bank
2024-10-18,Pos*Purchase*Netflix 621806,26.12,other,retail_simulated_bank
2023-03-22,pos purchase internet bill,181.82,other,retail_simulated_bank
2023-07-05,online-purchase-misc-expense 270719,87.77,other,retail_simulated_bank
2024-08-31,Pos Purchase Rent 681468,1589.73,other,retail_simulated_bank
2024-05-09,Card-Payment-Vegetables,97.65,groceries,retail_simulated_bank
2023-08-17,Pos Purchase Rice 721,51.49,groceries,retail_simulated_bank
2023-09-28,FUEL UBER RIDE,9.42,transportation,retail_simulated_bank
2024-12-03,Card*Pmt*Rice,112.2,groceries,retail_simulated_bank
2023-05-12,card payment electricity bill 888572,129.37,other,retail_simulated_bank
2023-07-17,CARD*PMT*NETFLIX,9.34,other,retail_simulated_bank
2024-04-02,POS PURCHASE MILK,81.86,groceries,retail_simulated_bank
2024-05-06,pos purchase mortgage 571763,1787.18,other,retail_simulated_bank
2024-06-17,TRANSPORT PMT FUEL 96,80.3,transportation,retail_simulated_bank
2023-10-19,ONLINE PURCHASE MORTGAGE,1267.89,other,retail_simulated_bank
2023-11-20,pos/purchase/gym/membership 196627,26.01,other,retail_simulated_bank
2023-10-13,online purchase water bill 946882,57.33,other,retail_simulated_bank
2023-12-31,CARD PAYMENT SPOTIFY,39.57,other,retail_simulated_bank
2024-11-09,CARD PMT GYM MEMBERSHIP 412552,26.69,other,retail_simulated_bank
2024-05-19,Card Pmt Milk,66.6,groceries,retail_simulated_bank
2024-02-22,ONLINE PURCHASE GAS BILL,83.52,other,retail_simulated_bank
2024-01-11,Online Purchase Electricity Bill,131.42,other,retail_simulated_bank
2023-07-02,Online/Purchase/Misc/Expense 952341,68.95,other,retail_simulated_bank
2024-09-15,Pos Purchase Mortgage 4700,1435.36,other,retail_simulated_bank
2024-07-28,POS/PURCHASE/RESTAURANT 741344,74.74,other,retail_simulated_bank
2023-08-05,ONLINE*PURCHASE*NETFLIX,34.37,other,retail_simulated_bank
2024-08-22,Pos Purchase Gym Membership,27.69,other,retail_simulated_bank
2023-06-20,pos purchase rice,80.97,groceries,retail_simulated_bank
2023-01-14,ONLINE PURCHASE RENT 455229,890.05,other,retail_simulated_bank
2024-05-20,POS PURCHASE RESTAURANT 149251,65.62,other,retail_simulated_bank
2024-12-13,FUEL TRAIN TICKET,119.92,transportation,retail_simulated_bank
2024-12-08,ONLINE/PURCHASE/ELECTRICITY/BILL 354757,206.54,other,retail_simulated_bank
2023-09-05,ONLINE PURCHASE INTERNET BILL 726192,206.51,other,retail_simulated_bank
2024-06-23,Pos Purchase Rice 748962,93.25,groceries,retail_simulated_bank
2023-02-16,transport pmt bus pass 947130,88.02,transportation,retail_simulated_bank
2024-11-19,FUEL UBER RIDE 679879,38.67,transportation,retail_simulated_bank
2023-12-07,card payment gas bill 983996,111.75,other,retail_simulated_bank
2023-08-29,Card/Payment/Netflix 462761,19.74,other,retail_simulated_bank
2023-08-12,Pos Purchase Rent,1790.86,other,retail_simulated_bank
2023-12-17,POS PURCHASE GYM MEMBERSHIP 9,36.88,other,retail_simulated_bank
2023-03-13,Pos Purchase Rice 346430,121.88,groceries,retail_simulated_bank
2023-03-10,CARD/PAYMENT/ONLINE/PURCHASE,50.43,other,retail_simulated_bank
2023-07-03,ONLINE PURCHASE MORTGAGE 779868,1814.7,other,retail_simulated_bank
2024-12-24,Pos Purchase Vegetables,148.74,groceries,retail_simulated_bank
2024-07-09,Pos Purchase Internet Bill 911003,56.73,other,retail_simulated_bank
2023-09-25,Online-Purchase-Restaurant 1866,87.0,other,retail_simulated_bank
2023-08-01,Card Payment Bus Pass,17.36,transportation,retail_simulated_bank
2024-02-03,Pos/Purchase/Mortgage,731.34,other,retail_simulated_bank
2024-04-26,card payment electricity bill 509110,31.91,other,retail_simulated_bank
2024-09-28,POS*PURCHASE*SPOTIFY 450498,30.79,other,retail_simulated_bank
2024-12-13,pos purchase vegetables,89.31,groceries,retail_simulated_bank
2024-07-05,Online Purchase Mortgage 123600,1703.56,other,retail_simulated_bank
2023-02-02,online purchase restaurant,95.56,other,retail_simulated_bank
2024-12-20,CARD PMT GYM MEMBERSHIP 514362,35.32,other,retail_simulated_bank
2023-07-12,CARD PMT RICE,74.07,groceries,retail_simulated_bank
2024-06-04,card pmt uber ride 1,64.52,transportation,retail_simulated_bank
2023-08-09,Pos Purchase Milk,131.97,groceries,retail_simulated_bank
2023-01-30,POS*PURCHASE*SPOTIFY,20.01,other,retail_simulated_bank
2024-05-05,Card Pmt Food Delivery,23.0,other,retail_simulated_bank
2024-12-24,Card Pmt Rent 962546,1964.47,other,retail_simulated_bank
2023-06-24,ONLINE PURCHASE GAS BILL 835304,67.76,other,retail_simulated_bank
2023-08-24,pos purchase mortgage 769478,1463.42,other,retail_simulated_bank
2023-09-09,Online Purchase Online Purchase 737420,63.53,other,retail_simulated_bank
2023-01-15,CARD PMT WATER BILL,97.88,other,retail_simulated_bank
2023-11-14,card payment chicken 781624,17.68,groceries,retail_simulated_bank
2024-07-20,CARD PAYMENT BUS PASS 769441,27.72,transportation,retail_simulated_bank
2024-11-15,Card*Payment*Misc*Expense 448215,25.83,other,retail_simulated_bank
2023-09-08,card pmt bread,104.89,groceries,retail_simulated_bank
2024-09-07,POS PURCHASE MISC EXPENSE,4.08,other,retail_simulated_bank
2024-12-19,Fuel Fuel 154069,63.47,transportation,retail_simulated_bank
2024-06-11,pos-purchase-milk,101.24,groceries,retail_simulated_bank
2023-12-11,Online*Purchase*Food*Delivery 819543,12.57,other,retail_simulated_bank
2024-08-12,Online Purchase Fast Food 300498,4.19,other,retail_simulated_bank
2023-12-26,transport*payment*u,48.41,transportation,retail_simulated_bank
2023-11-24,ONLINE PURCHASE ELECTRICITY BILL,132.84,other,retail_simulated_bank
2023-11-29,Transport Pmt Train Ticket 686356,47.11,transportation,retail_simulated_bank
2023-02-27,POS PURCHASE VEGETABLES 875763,96.12,groceries,retail_simulated_bank
2023-03-14,Pos Purchase Netflix,7.66,other,retail_simulated_bank
2024-01-28,pos purchase vegetables 148367,32.35,groceries,retail_simulated_bank
2024-08-14,CARD PAYMENT BUS PASS 621751,29.64,transportation,retail_simulated_bank
2023-09-05,Card/Payment/Netflix 959522,38.49,other,retail_simulated_bank
2024-03-19,POS PURCHASE FAST FOOD 163635,107.54,other,retail_simulated_bank
2023-06-27,pos-purchase-gym-membership 521087,19.82,other,retail_simulated_bank
2023-08-28,Pos Purchase Online Purchase 88554,86.77,other,retail_simulated_bank
2023-03-08,Card Payment Internet Bill,85.01,other,retail_simulated_bank
2024-09-28,Card Payment Rent 194802,622.74,other,retail_simulated_bank
2023-11-09,Online Purchase Online Purchase,118.17,other,retail_simulated_bank
2023-10-29,Card Pmt Gas Bill 159287,218.91,other,retail_simulated_bank
2023-07-01,pos purchase rice 270978,65.42,groceries,retail_simulated_bank
2023-07-26,card-pmt-gym-membership 332697,19.35,other,retail_simulated_bank
2024-07-05,Card*Payment*Misc*Expense 1529,102.16,other,retail_simulated_bank
2024-04-28,POS PURCHASE NETFLIX,14.01,other,retail_simulated_bank
2024-06-23,TRANSPORT PAYMENT UBER RIDE 23929,141.04,transportation,retail_simulated_bank
2023-09-18,ONLINE/PURCHASE/FAST/FOOD,135.67,other,retail_simulated_bank
2024-01-06,Online Purchase Rent 985161,1686.46,other,retail_simulated_bank
2023-09-13,CARD PAYMENT MISC EXPENSE 629472,28.83,other,retail_simulated_bank
2023-05-17,card-payment-rent 81368,1468.31,other,retail_simulated_bank
2023-07-29,card-payment-spotify 2,20.74,other,retail_simulated_bank
2023-12-22,Card Payment Uber Ride,87.91,transportation,retail_simulated_bank
2024-05-06,Pos/Purchase/Gas/Bill 67536,223.41,other,retail_simulated_bank
2024-03-13,Pos Purchase Online Purchase,39.56,other,retail_simulated_bank
2023-08-03,pos purchase misc expense 915629,44.66,other,retail_simulated_bank
2024-04-26,fuel-uber-ride 834661,126.41,transportation,retail_simulated_bank
2024-04-13,POS/PURCHASE/FAST/FOOD 454852,9.59,other,retail_simulated_bank
2023-01-05,Card Payment Chicken,79.89,groceries,retail_simulated_bank
2023-12-15,pos purchase chick,120.33,groceries,retail_simulated_bank
2024-04-11,Fuel Train Ticket 947796,83.92,transportation,retail_simulated_bank
2024-09-17,Online/Purchase/Gas/Bill 403843,192.71,other,retail_simulated_bank
2024-03-20,Online Purchase Mortgage 518936,1322.88,other,retail_simulated_bank
2024-09-17,online purchase fast food 875813,89.59,other,retail_simulated_bank
2023-04-20,POS PURCHASE SPOTIFY,19.3,other,retail_simulated_bank
2024-10-19,pos purchase food delivery 563887,128.44,other,retail_simulated_bank
2023-03-29,CARD PMT RICE 2,88.88,groceries,retail_simulated_bank
2023-03-26,online purchase misc expense 378055,94.32,other,retail_simulated_bank
2023-08-09,Card Pmt Milk 633919,144.62,groceries,retail_simulated_bank
2024-04-03,Card/Payment/Misc/Expense,120.03,other,retail_simulated_bank
2024-01-03,Pos Purchase Eggs,60.65,groceries,retail_simulated_bank
2023-01-01,Pos*Purchase*Fast*Food 369521,110.0,other,retail_simulated_bank
2024-03-08,Card/Pmt/Mortgage 733869,1619.16,other,retail_simulated_bank
2024-05-18,Card Payment Vegetables,17.1,groceries,retail_simulated_bank
2024-11-30,ONLINE PURCHASE MORTGAGE,1841.55,other,retail_simulated_bank
2024-01-12,card*pmt*water*bill 779227,75.65,other,retail_simulated_bank
2023-12-02,pos purchase gym membership,25.14,other,retail_simulated_bank
2023-01-18,card payment eggs 3,50.66,groceries,retail_simulated_bank
2024-12-25,card payment mortgage 935454,1171.94,other,retail_simulated_bank
2023-05-19,Online-Purchase-Netflix 854745,15.88,other,retail_simulated_bank
2024-07-28,Online-Purchase-Misc-Expense,135.48,other,retail_simulated_bank
2024-12-20,ONLINE PURCHASE RESTAURANT 56041,72.33,other,retail_simulated_bank
2024-04-01,CARD-PAYMENT-GYM-MEMBERSHIP 864490,16.59,other,retail_simulated_bank
2023-05-14,Card Pmt Eggs,143.97,groceries,retail_simulated_bank
2024-11-29,FUEL UBER RIDE,147.11,transportation,retail_simulated_bank
2024-12-23,Pos Purchase Online Purchase 1,82.22,other,retail_simulated_bank
2024-01-21,pos/purchase/fast/food,112.45,other,retail_simulated_bank
2023-03-15,POS PURCHASE MISC EXPENSE 741013,78.58,other,retail_simulated_bank
2024-10-24,pos/purchase/mortg,949.12,other,retail_simulated_bank
2024-02-21,FUEL TRAIN TICKET,114.53,transportation,retail_simulated_bank
2023-07-20,online purchase online purchase,101.66,other,retail_simulated_bank
2023-03-28,fuel bus pass 3515,35.45,transportation,retail_simulated_bank
2023-05-25,Pos Purchase Milk 4,127.97,groceries,retail_simulated_bank
2024-09-07,online purchase food delivery 181776,87.98,other,retail_simulated_bank
2024-09-17,TRANSPORT PMT UBE,145.13,transportation,retail_simulated_bank
2024-05-30,Card Pmt Ren,1011.52,other,retail_simulated_bank
2024-12-26,ONLINE PURCHASE MISC EXPENSE,24.67,other,retail_simulated_bank
2024-01-21,Pos Purchase Fast Food,54.49,other,retail_simulated_bank
2023-08-10,CARD PMT MISC EXPENSE 524999,10.17,other,retail_simulated_bank
2023-02-22,ONLINE PURCHASE FAST FOOD,64.0,other,retail_simulated_bank
2023-10-16,online purchase internet bill 97939,96.89,other,retail_simulated_bank
2024-01-22,ONLINE PURCHASE GAS BILL,201.79,other,retail_simulated_bank
2024-11-21,online-purchase-rent 21766,1352.1,other,retail_simulated_bank
2024-03-07,CARD PMT WATER BILL 95067,126.74,other,retail_simulated_bank
2023-02-18,Card Pmt Rice 934207,107.97,groceries,retail_simulated_bank
2024-04-02,Online Purchase Restaurant 673490,126.22,other,retail_simulated_bank
2024-04-17,Card Pmt Bus Pass,130.36,transportation,retail_simulated_bank
2024-02-28,Card Payment Fast Food 497547,28.44,other,retail_simulated_bank
2024-07-05,Pos/Purchase/Internet/Bill,116.33,other,retail_simulated_bank
2024-07-21,TRANSPORT PAYMENT UBER RIDE 493929,77.89,transportation,retail_simulated_bank
2024-05-22,card-payment-spotify 788391,14.27,other,retail_simulated_bank
2024-12-01,Pos Purchase Misc Expense,93.15,other,retail_simulated_bank
2024-05-29,Card Pmt Train Ticket,141.32,transportation,retail_simulated_bank
2023-07-14,ONLINE PURCHASE MORTGA,1095.8,other,retail_simulated_bank
2023-09-17,Pos*Purchase*Food*Delivery,70.58,other,retail_simulated_bank
2023-09-03,Pos Purchase Online Purchase 376585,144.46,other,retail_simulated_bank
2024-07-24,card-payment-fast-food 111708,71.46,other,retail_simulated_bank
2023-06-03,card payment fast food 272554,6.68,other,retail_simulated_bank
2023-12-30,pos purchase rice 226367,64.92,groceries,retail_simulated_bank
2023-12-26,POS PURCHASE EGGS,90.73,groceries,retail_simulated_bank
2024-04-27,Card Payment Gas Bill 364189,99.76,other,retail_simulated_bank
2023-08-01,POS*PURCHASE*ONLINE*PURCHASE,98.81,other,retail_simulated_bank
2023-02-03,CARD PMT CHICKEN,89.49,groceries,retail_simulated_bank
2023-02-04,Card Payment Rent 275765,988.87,other,retail_simulated_bank
2024-01-01,CARD PAYMENT MISC EXPENSE,57.77,other,retail_simulated_bank
2023-09-27,pos purchase rent,1006.71,other,retail_simulated_bank
2023-12-08,TRANSPORT*PMT*TRAIN*TICKET 2006,80.22,transportation,retail_simulated_bank
2023-07-04,Online/Purchase/Mortgage 610116,1078.74,other,retail_simulated_bank
2023-02-02,card/pmt/water/bill 870574,124.56,other,retail_simulated_bank
2024-04-22,Online Purchase Rent,651.55,other,retail_simulated_bank
2023-03-13,Pos Purchase Chicken 613512,111.32,groceries,retail_simulated_bank
2023-11-12,pos purchase vegetables,39.09,groceries,retail_simulated_bank
2023-03-22,ONLINE PURCHASE GYM MEMBERSHIP,19.75,other,retail_simulated_bank
2024-08-28,ONLINE-PURCHASE-GYM-MEMBERSHIP 41416,22.57,other,retail_simulated_bank
2023-03-30,online purchase mortgage,1991.07,other,retail_simulated_bank
2023-08-09,Online-Purchase-Netflix 898166,16.14,other,retail_simulated_bank
2024-03-12,pos-purchase-mortgage 45701,987.35,other,retail_simulated_bank
2024-04-26,POS PURCHASE EGGS,110.33,groceries,retail_simulated_bank
2024-06-06,pos purchase fast food,138.73,other,retail_simulated_bank
2023-10-15,pos-purchase-mortgage 592570,1536.5,other,retail_simulated_bank
2024-11-18,POS PURCHASE MOR,1176.25,other,retail_simulated_bank
2024-09-20,Pos Purchase Mortgage 642487,806.17,other,retail_simulated_bank
2023-05-17,Pos Purchase Vegetables,57.81,groceries,retail_simulated_bank
2024-09-06,transport/pmt/fuel,53.43,transportation,retail_simulated_bank
2023-03-11,Card Pmt Spotify,27.47,other,retail_simulated_bank
2024-12-09,FUEL TRAIN TICKET 158311,106.1,transportation,retail_simulated_bank
2023-07-10,CARD PMT ELECTRICITY BILL 304849,156.34,other,retail_simulated_bank
2023-01-18,Online*Purchase*Fast*Food,136.52,other,retail_simulated_bank
2024-11-27,Card-Pmt-Bus-Pass 730465,126.21,transportation,retail_simulated_bank
2023-09-17,ONLINE PURCHASE INTERNET BILL,64.22,other,retail_simulated_bank
2023-04-01,Pos Purchase Eggs 608869,12.88,groceries,retail_simulated_bank
2023-11-11,Online Purchase Spotify 132692,15.79,other,retail_simulated_bank
2024-08-27,Online Purchase Restaurant 527150,34.34,other,retail_simulated_bank
2024-05-27,Online Purchase Online Purchase 411125,40.24,other,retail_simulated_bank
2023-11-03,fuel train ticket,41.39,transportation,retail_simulated_bank
2023-01-03,Pos Purchase Misc Expense,124.66,other,retail_simulated_bank
2023-01-18,Pos Purchase Gas Bill 660345,92.05,other,retail_simulated_bank
2024-05-31,Card-Pmt-Rent 879298,916.3,other,retail_simulated_bank
2024-01-01,ONLINE*PURCHASE*FOOD*DELIVERY,36.17,other,retail_simulated_bank
2024-11-29,CARD PMT CHICKEN 926303,137.62,groceries,retail_simulated_bank
2024-05-23,Pos Purchase Mortgage,1895.94,other,retail_simulated_bank
2023-04-03,card payment fast food,17.04,other,retail_simulated_bank
2023-01-09,card-payment-gas-bill,178.35,other,retail_simulated_bank
2024-03-04,card/payment/gas/bill 574,73.03,other,retail_simulated_bank
2023-03-22,Card Pmt Misc Expense,81.57,other,retail_simulated_bank
2024-06-23,CARD PAYMENT TRAIN TICKET 812832,142.78,transportation,retail_simulated_bank
2024-12-11,pos/purchase/misc/expense 614197,96.74,other,retail_simulated_bank
2023-12-02,Card Payment Rice,83.91,groceries,retail_simulated_bank
2024-06-19,transport pmt uber ride,121.9,transportation,retail_simulated_bank
2024-07-21,Fuel Uber Ride 759,137.75,transportation,retail_simulated_bank
2024-06-15,Card*Pmt*Fast*Food 322465,56.07,other,retail_simulated_bank
2023-12-20,Pos*Purchase*Online*Purchase,58.39,other,retail_simulated_bank
2023-07-30,Online Purchase Online Purchase 171334,34.62,other,retail_simulated_bank
2023-11-15,Card Pmt Online Purchase 105781,89.38,other,retail_simulated_bank
2023-02-12,Online Purchase Gym Membership 410228,36.2,other,retail_simulated_bank
2023-03-08,POS PURCHASE RENT,1944.72,other,retail_simulated_bank
2023-07-13,Card Pmt Misc Expense 943124,130.32,other,retail_simulated_bank
2023-06-27,Card Pmt Train Ticket 936862,106.43,transportation,retail_simulated_bank
2024-09-14,Card*Pmt*Train*T,18.11,transportation,retail_simulated_bank
2023-09-05,Fuel Fuel 859908,112.45,transportation,retail_simulated_bank
2023-04-15,Card Pmt Online Purchase,126.54,other,retail_simulated_bank
2023-07-17,online purchase electricity bill,64.04,other,retail_simulated_bank
2023-10-30,Transport Pmt Uber Ride 478355,148.55,transportation,retail_simulated_bank
2023-12-07,Card Payment Mortgage,949.24,other,retail_simulated_bank
2023-03-06,online-purchase-mortgage 364290,1788.56,other,retail_simulated_bank
2023-03-02,TRANSPORT PAYMENT TRAIN TICKET,8.73,transportation,retail_simulated_bank
2024-04-05,card pmt misc expense,46.63,other,retail_simulated_bank
2024-12-30,Card*Payment*Food*Delivery 631218,15.93,other,retail_simulated_bank
2024-02-22,POS PURCHASE MILK 565820,93.65,groceries,retail_simulated_bank
2023-11-17,FUEL BUS PASS 233799,100.56,transportation,retail_simulated_bank
2024-12-25,CARD PMT FUEL 598875,62.8,transportation,retail_simulated_bank
2023-11-09,online purchase restaurant,113.15,other,retail_simulated_bank
2024-07-25,Fuel Bus Pass,20.59,transportation,retail_simulated_bank
2024-02-21,Pos Purchase Rent,737.59,other,retail_simulated_bank
2024-03-02,online purchase gym membership,10.34,other,retail_simulated_bank
2023-04-16,CARD PMT UBER RIDE,140.44,transportation,retail_simulated_bank
2024-12-12,Pos Purchase Rice 269638,145.84,groceries,retail_simulated_bank
2024-09-22,online purchase mortgage,1132.75,other,retail_simulated_bank
2024-12-20,POS PURCHASE MILK,11.65,groceries,retail_simulated_bank
2023-05-07,online*purchase*rent,950.08,other,retail_simulated_bank
2024-05-30,Online Purchase Food Delivery,23.79,other,retail_simulated_bank
2024-05-26,Online Purchase Water Bill,169.22,other,retail_simulated_bank
2024-01-26,Card Payment Fuel 677496,28.06,transportation,retail_simulated_bank
2023-02-01,Pos Purchase Misc Expense 191437,143.33,other,retail_simulated_bank
2024-12-26,POS PURCHASE NE,22.38,other,retail_simulated_bank
2023-12-20,CARD PMT VEGETABLES,3.57,groceries,retail_simulated_bank
2024-10-10,CARD PMT NETFLIX 143756,32.99,other,retail_simulated_bank
2024-07-18,card pmt mortgage 321592,1664.09,other,retail_simulated_bank
2023-05-30,CARD PAYMENT MORTGAGE,881.73,other,retail_simulated_bank
2024-11-07,Pos Purchase Milk,144.14,groceries,retail_simulated_bank
2024-09-22,POS PURCHASE FAST FOOD,85.15,other,retail_simulated_bank
2023-07-15,Online-Purchase-Food-Deliver,21.94,other,retail_simulated_bank
2023-12-25,ONLINE PURCHASE SPOTIFY 726752,10.07,other,retail_simulated_bank
2023-02-15,pos purchase eggs 5,52.2,groceries,retail_simulated_bank
2023-05-31,Card Payment Uber Ride 532517,106.86,transportation,retail_simulated_bank
2023-10-22,Card Pmt Mortgage,1132.14,other,retail_simulated_bank
2023-07-06,POS*PURCHASE*NETFLIX 398463,37.74,other,retail_simulated_bank
2024-01-03,Transport Pmt Uber Ride 164840,64.52,transportation,retail_simulated_bank
2023-09-27,pos purchase misc expense 866700,133.3,other,retail_simulated_bank
2024-09-13,card pmt fast food 202122,104.81,other,retail_simulated_bank
2023-01-24,Fuel Uber Ride 298332,108.55,transportation,retail_simulated_bank
2024-08-21,fuel uber ride 958949,96.28,transportation,retail_simulated_bank
2023-09-23,Card/Pmt/Spotify,38.7,other,retail_simulated_bank
2024-10-04,online purchase electricity bill,115.56,other,retail_simulated_bank
2023-05-18,pos*purchase*misc*expense 417893,66.42,other,retail_simulated_bank
2024-03-29,Card Payment Internet Bill 29563,233.88,other,retail_simulated_bank
2024-09-20,POS PURCHASE MORTGAGE 416390,1576.16,other,retail_simulated_bank
2023-02-23,pos purchase netflix,18.63,other,retail_simulated_bank
2023-05-22,Pos Purchase Food Delivery 270810,21.81,other,retail_simulated_bank
2023-04-11,card payment online purch,133.05,other,retail_simulated_bank
2023-01-10,Pos-Purchase-Online-Purchase 586863,84.73,other,retail_simulated_bank
2023-10-11,card-pmt-fuel,125.11,transportation,retail_simulated_bank
2024-08-14,pos purchase mortgage,711.5,other,retail_simulated_bank
2023-12-04,Online Purchase Netflix 7274,5.58,other,retail_simulated_bank
2024-06-17,CARD PAYMENT VEGETABLES 805496,110.35,groceries,retail_simulated_bank
2024-08-06,card pmt spotify,24.6,other,retail_simulated_bank
2024-12-29,Fuel Bus Pass 105126,13.79,transportation,retail_simulated_bank
2024-07-30,ONLINE PURCHASE ONLINE PUR,41.16,other,retail_simulated_bank
2024-03-27,Card Payment Rent,926.7,other,retail_simulated_bank
2024-02-23,Card Pmt Water Bill 250466,224.2,other,retail_simulated_bank
2024-07-31,ONLINE PURCHASE RESTAURANT,97.02,other,retail_simulated_bank
2024-02-08,FUEL TRAIN TICKET 933240,21.54,transportation,retail_simulated_bank
2023-09-19,Online Purchase Restaurant 361386,121.75,other,retail_simulated_bank
2024-06-25,Card Payment Misc Expense 393776,122.76,other,retail_simulated_bank
2024-12-06,ONLINE PURCHASE MORTGAGE,1064.42,other,retail_simulated_bank
2024-11-10,online purchase rent 211352,833.52,other,retail_simulated_bank
2023-06-18,Online Purchase Rent,822.39,other,retail_simulated_bank
2023-08-12,Pos*Purchase*Rent,755.1,other,retail_simulated_bank
2024-06-06,card pmt water bill,39.18,other,retail_simulated_bank
2024-11-28,Card Payment Spotify,30.46,other,retail_simulated_bank
2024-02-24,pos purchase misc expense 855696,74.29,other,retail_simulated_bank
2024-02-13,online-purchase-mortgage,1455.14,other,retail_simulated_bank
2023-08-13,card payment bus pass 97129,120.85,transportation,retail_simulated_bank
2024-08-11,pos/purchase/fast/food,110.91,other,retail_simulated_bank
2023-03-23,Transport Pmt Fuel 986984,52.2,transportation,retail_simulated_bank
2024-05-04,CARD PAYMENT GAS BILL,47.86,other,retail_simulated_bank
2024-12-27,card payment bus pass 691137,103.5,transportation,retail_simulated_bank
2024-12-17,Transport Pmt Train Ticket,138.79,transportation,retail_simulated_bank
2023-10-11,Online*Purchase*Spotify 450069,29.8,other,retail_simulated_bank
2024-10-13,CARD PMT VEGETABLES,12.46,groceries,retail_simulated_bank
2023-06-10,Fuel Fuel 866697,103.53,transportation,retail_simulated_bank
2023-05-04,Pos Purchase Fast Food 519023,50.51,other,retail_simulated_bank
2024-09-25,Online Purchase Online Purchase,119.12,other,retail_simulated_bank
2023-08-18,Card Payment Fast Foo,40.8,other,retail_simulated_bank
2023-11-22,TRANSPORT PAYMENT FUEL 160850,55.27,transportation,retail_simulated_bank
2024-03-22,CARD/PMT/EGGS 959813,117.46,groceries,retail_simulated_bank
2024-03-27,TRANSPORT/PAYMENT/UBER/,92.87,transportation,retail_simulated_bank
2023-01-09,Pos Purchase Gym Membership,37.74,other,retail_simulated_bank
2023-07-31,Online-Purchase-Online-Purchase,86.16,other,retail_simulated_bank
2023-04-23,Fuel Train Ticket,11.97,transportation,retail_simulated_bank
2023-03-29,Online*Purchase*Restaurant 634537,126.06,other,retail_simulated_bank
2024-10-29,POS PURCHASE MISC EXPENSE 927122,87.61,other,retail_simulated_bank
2023-05-10,Pos Purchase Rent,993.09,other,retail_simulated_bank
2023-08-09,POS PURCHASE SPOTIFY 452593,32.72,other,retail_simulated_bank
2024-02-25,Fuel*Train*Ticket,73.5,transportation,retail_simulated_bank
2023-09-18,ONLINE PURCHASE NETFLIX 2,23.2,other,retail_simulated_bank
2023-03-26,card*pmt*food*delivery 383909,105.04,other,retail_simulated_bank
2023-07-28,card payment online purchase,43.37,other,retail_simulated_bank
2023-12-08,CARD/PMT/GAS/BILL 296900,45.84,other,retail_simulated_bank
2023-09-05,Online Purchase Online Purchase 913018,67.48,other,retail_simulated_bank
2024-05-12,fuel fuel 282903,61.84,transportation,retail_simulated_bank
2023-10-07,Pos/Purchase/Eggs 353905,50.97,groceries,retail_simulated_bank
2024-08-22,ONLINE-PURCHASE-RESTAURANT,53.72,other,retail_simulated_bank
2024-05-11,CARD-PAYMENT-INTERNET-BILL 777738,225.92,other,retail_simulated_bank
2024-02-17,ONLINE PURCHASE MISC EXPENSE,139.92,other,retail_simulated_bank
2023-12-07,pos purchase rent,667.31,other,retail_simulated_bank
2023-11-03,POS-PURCHASE-RENT 437726,1575.47,other,retail_simulated_bank
2023-06-06,Pos Purchase Gym Membership 241983,25.98,other,retail_simulated_bank
2024-11-30,card pmt mortgage 34506,1634.44,other,retail_simulated_bank
2023-03-29,card payment gas bill,67.56,other,retail_simulated_bank
2024-10-26,Fuel Bus Pass 66410,109.23,transportation,retail_simulated_bank
2023-01-21,Card Pmt Online Purchase 563537,84.89,other,retail_simulated_bank
2024-07-16,pos purchase mortgage 478090,1824.65,other,retail_simulated_bank
2024-03-02,ONLINE PURCHASE ELECTRICITY BILL 581669,114.98,other,retail_simulated_bank
2024-01-15,Fuel Train Ticket 168379,141.53,transportation,retail_simulated_bank
2023-10-01,CARD PAYMENT FAST FOOD 899,97.28,other,retail_simulated_bank
2024-07-28,Card-Payment-Fuel 908587,3.37,transportation,retail_simulated_bank
2023-03-26,Card Pmt Netflix 474369,34.05,other,retail_simulated_bank
2024-05-09,POS PURCHASE RENT 685989,690.54,other,retail_simulated_bank
2024-08-09,Card Pmt Bus Pass 629730,13.07,transportation,retail_simulated_bank
2024-09-10,Card/Payment/Mortgage,1710.85,other,retail_simulated_bank
2024-11-19,CARD PAYMENT ONLINE PURCHASE 200842,52.84,other,retail_simulated_bank
2024-09-26,Pos Purchase Rice,137.89,groceries,retail_simulated_bank
2023-09-08,pos-purchase-netflix 345129,28.55,other,retail_simulated_bank
2023-10-06,Pos*Purchase*Gym*Membership 764173,24.96,other,retail_simulated_bank
2024-01-24,Card Payment Fast Food 484121,66.85,other,retail_simulated_bank
2023-02-07,online purchase misc expense,88.61,other,retail_simulated_bank
2023-11-07,Pos*Purchase*Restaurant,56.16,other,retail_simulated_bank
2024-10-15,POS/PURCHASE/MORTGAGE 812128,1591.71,other,retail_simulated_bank
2024-03-18,Online/Purchase/Misc/Expense,35.73,other,retail_simulated_bank
2024-02-25,Card Pmt Spotify 743235,8.56,other,retail_simulated_bank
2023-01-03,POS PURCHASE ONLINE PURCHASE,142.76,other,retail_simulated_bank
2023-02-25,Card Pmt Misc Expense 396258,115.85,other,retail_simulated_bank
2024-12-11,ONLINE PURCHASE FAST FOOD 62508,142.15,other,retail_simulated_bank
2024-01-04,ONLINE*PURCHASE*GAS*BILL 168203,106.07,other,retail_simulated_bank
2024-11-10,Pos*Purchase*Spotify,39.79,other,retail_simulated_bank
2023-12-08,POS/PURCHASE/MILK,21.09,groceries,retail_simulated_bank
2023-10-22,Online-Purchase-Mortgage,1802.33,other,retail_simulated_bank
2024-11-06,card pmt spotify 4214,7.51,other,retail_simulated_bank
2023-12-27,transport payment fuel,22.62,transportation,retail_simulated_bank
2023-12-11,card pmt fuel 552595,144.4,transportation,retail_simulated_bank
2023-12-17,pos purchase fast food 706108,18.27,other,retail_simulated_bank
2024-02-07,Card-Payment-Fuel,48.43,transportation,retail_simulated_bank
2023-08-08,Card Pmt Spotify,18.09,other,retail_simulated_bank
2023-05-29,card pmt gym mem,13.32,other,retail_simulated_bank
2023-01-19,ONLINE-PURCHASE-SPOTIFY 359221,17.23,other,retail_simulated_bank
2024-09-04,Card Payment Misc Expense 882115,74.44,other,retail_simulated_bank
2024-05-28,Transport Pmt Fuel 619477,56.23,transportation,retail_simulated_bank
2023-02-15,Card Payment Veg,63.09,groceries,retail_simulated_bank
2023-07-18,Card Payment Gas Bill,55.86,other,retail_simulated_bank
2024-11-01,Card*Pmt*Restaurant 505446,38.04,other,retail_simulated_bank
2023-11-04,Card Pmt Misc Expense 564636,68.27,other,retail_simulated_bank
2024-02-15,card payment rice,17.96,groceries,retail_simulated_bank
2023-04-09,Online/Purchase/Misc/Expense,96.14,other,retail_simulated_bank
2024-05-15,Fuel-Fuel,101.41,transportation,retail_simulated_bank
2023-12-24,Card Payment Rent 888098,774.28,other,retail_simulated_bank
2024-06-14,Card-Payment-Mortgage,1992.57,other,retail_simulated_bank
2024-02-17,online purchase rent 901946,996.76,other,retail_simulated_bank
2023-07-15,CARD-PAYMENT-MILK,70.84,groceries,retail_simulated_bank
2023-12-23,Online-Purchase-Spotify,7.72,other,retail_simulated_bank
2023-04-18,Card Pmt Gym Membership 738325,34.62,other,retail_simulated_bank
2024-01-28,CARD PMT FOOD DELIVERY 248808,8.18,other,retail_simulated_bank
2023-10-04,POS PURCHASE FOOD DELI,119.21,other,retail_simulated_bank
2024-09-03,ONLINE PURCHASE NETFLIX 291913,20.14,other,retail_simulated_bank
2024-12-21,Online Purchase Gas Bill,51.53,other,retail_simulated_bank
2023-08-31,POS PURCHASE ELECTRICITY BILL 628883,110.34,other,retail_simulated_bank
2023-12-28,Pos Purchase Mortgage 185260,1547.6,other,retail_simulated_bank
2024-11-20,Online Purchase Internet Bill 977222,82.83,other,retail_simulated_bank
2024-08-31,ONLINE/PURCHASE/MISC/EXPENSE 678792,106.37,other,retail_simulated_bank
2024-04-10,Online Purchase Restaurant 410851,74.89,other,retail_simulated_bank
2023-03-29,Pos-Purchase-Water-Bill,77.17,other,retail_simulated_bank
2023-07-18,CARD PMT WATER B,210.46,other,retail_simulated_bank
2024-09-10,Card Payment Netflix 18717,11.63,other,retail_simulated_bank
2024-10-12,Card Payment Fast Food 130133,27.25,other,retail_simulated_bank
2024-11-19,fuel train ticket,66.54,transportation,retail_simulated_bank
2024-08-04,ONLINE PURCHASE GAS BILL,199.82,other,retail_simulated_bank
2023-03-06,Online Purchase Fast Food 27231,115.99,other,retail_simulated_bank
2024-12-21,online-purchase-mortgage 465719,631.29,other,retail_simulated_bank
2024-04-12,POS PURCHASE ONLINE PURCHASE,100.64,other,retail_simulated_bank
2024-03-23,Pos Purchase Rent,1683.85,other,retail_simulated_bank
2023-06-07,Online Purchase Misc Expense 153788,85.43,other,retail_simulated_bank
2023-12-17,online purchase restaurant 2,78.51,other,retail_simulated_bank
2024-08-28,Card-Pmt-Internet-Bill 148106,190.48,other,retail_simulated_bank
2024-06-02,transport payment uber ride,23.8,transportation,retail_simulated_bank
2024-08-20,Online Purchase Misc Expense 820274,66.09,other,retail_simulated_bank
2024-11-19,POS*PURCHASE*MILK 516113,122.11,groceries,retail_simulated_bank
2023-09-28,POS PURCHASE WATER BILL,66.57,other,retail_simulated_bank
2024-01-22,pos purchase rent,822.69,other,retail_simulated_bank
2024-10-19,card-pmt-milk,89.08,groceries,retail_simulated_bank
2023-12-08,Online Purchase Gym Membership,10.14,other,retail_simulated_bank
2023-11-23,Pos Purchase Misc Expense 288875,60.96,other,retail_simulated_bank
2023-10-07,Online Purchase Fast Food 7,95.49,other,retail_simulated_bank
2023-07-05,pos*purchase*fast*food,105.91,other,retail_simulated_bank
2023-03-20,FUEL BUS PAS,44.18,transportation,retail_simulated_bank
2024-12-05,Pos-Purchase-Chicken 617520,17.34,groceries,retail_simulated_bank
2023-12-17,card payment gym membership,36.68,other,retail_simulated_bank
2024-04-05,pos purchase bread 294526,59.16,groceries,retail_simulated_bank
2023-07-31,ONLINE PURCHASE ELECTRICITY BILL 605380,61.76,other,retail_simulated_bank
2024-08-30,CARD PAYMENT GYM MEMBERSHIP 787007,8.51,other,retail_simulated_bank
2024-06-09,online purchase inter,188.9,other,retail_simulated_bank
2023-10-14,fuel uber ride 2,81.95,transportation,retail_simulated_bank
2023-09-24,pos/purchase/misc/expense 566654,141.05,other,retail_simulated_bank
2023-01-29,Card*Payment*Food*Delivery 4,22.78,other,retail_simulated_bank
2023-09-07,card payment eggs 853371,100.3,groceries,retail_simulated_bank
2023-04-10,Online Purchase Water Bill,244.45,other,retail_simulated_bank
2024-07-08,Pos Purchase Bread 114942,68.11,groceries,retail_simulated_bank
2024-05-08,online purchase internet bill 871210,30.36,other,retail_simulated_bank
2024-04-24,ONLINE-PURCHASE-MISC-EXPENSE 170591,138.26,other,retail_simulated_bank
2023-01-11,online purchase restaurant 891816,110.65,other,retail_simulated_bank
2024-03-21,Online Purchase Food Delivery,100.76,other,retail_simulated_bank
2024-04-21,CARD/PAYMENT/CHICKEN 8411,37.87,groceries,retail_simulated_bank
2024-01-18,POS PURCHASE RESTAURANT,111.85,other,retail_simulated_bank
2024-05-09,Pos Purchase Rice 745478,64.9,groceries,retail_simulated_bank
2023-04-07,POS-PURCHASE-RENT 159371,859.76,other,retail_simulated_bank
2024-07-12,Online/Purchase/Restaurant 258271,9.14,other,retail_simulated_bank
2023-11-03,Pos Purchase Gym Membership,6.73,other,retail_simulated_bank
2024-08-11,card*pmt*chicken 995969,60.32,groceries,retail_simulated_bank
2023-06-15,card payment electricity bill 264235,211.96,other,retail_simulated_bank
2024-02-15,online purchase fast food 922206,99.19,other,retail_simulated_bank
2023-04-22,Fuel*Fuel,71.69,transportation,retail_simulated_bank
2024-12-02,POS PURCHASE GYM MEMBERSHIP 169881,6.3,other,retail_simulated_bank
2023-01-21,Card/Payment/Online/Purchase,92.56,other,retail_simulated_bank
2024-08-05,CARD PMT FAST FOOD 173033,120.02,other,retail_simulated_bank
2024-05-13,Pos Purchase Chicken 499075,108.74,groceries,retail_simulated_bank
2024-11-08,card payment rent 490450,782.96,other,retail_simulated_bank
2024-04-06,Pos-Purchase-Vegetables 527512,144.32,groceries,retail_simulated_bank
2024-01-18,CARD-PMT-RENT,696.81,other,retail_simulated_bank
2024-07-11,online purchase gym membership 801840,18.9,other,retail_simulated_bank
2023-10-11,POS PURCHASE INTERNET BILL 286141,32.37,other,retail_simulated_bank
2023-03-10,Card*Payment*Electricity*Bill,232.9,other,retail_simulated_bank
2023-05-22,Card Pmt Netflix,18.93,other,retail_simulated_bank
2024-02-16,pos purchase misc expense 64437,143.03,other,retail_simulated_bank
2023-04-26,Online*Purchase*Online*Purchase,23.67,other,retail_simulated_bank
2023-01-26,pos purchase food delivery 182908,111.04,other,retail_simulated_bank
2023-10-10,Pos Purchase Gym Membership 193978,17.84,other,retail_simulated_bank
2024-09-09,Pos Purchase Netflix 577605,34.51,other,retail_simulated_bank
2023-08-25,card pmt water bill 672690,110.97,other,retail_simulated_bank
2024-09-28,card*payment*misc*expense,31.24,other,retail_simulated_bank
2023-09-03,Card Payment Rent,1106.92,other,retail_simulated_bank
2024-05-06,ONLINE PURCHASE MISC EXPENSE,128.14,other,retail_simulated_bank
2024-01-22,transport/payment/bus/pass 175622,137.99,transportation,retail_simulated_bank
2023-05-06,Card Payment Netflix 675792,29.71,other,retail_simulated_bank
2023-11-08,CARD PAYMENT BREAD 155479,110.96,groceries,retail_simulated_bank
2024-07-10,Pos-Purchase-Milk,25.13,groceries,retail_simulated_bank
2024-06-09,POS PURCHASE WATER BILL 921472,102.69,other,retail_simulated_bank
2023-08-14,ONLINE PURCHASE MORTGAGE,616.71,other,retail_simulated_bank
2024-05-19,card payment fuel 22842,17.7,transportation,retail_simulated_bank
2023-07-16,POS PURCHASE RICE,105.79,groceries,retail_simulated_bank
2024-04-07,Card-Pmt-Eggs,63.39,groceries,retail_simulated_bank
2023-05-13,card pmt chicken 786029,47.61,groceries,retail_simulated_bank
2023-04-06,Transport Payment Fuel 106479,3.71,transportation,retail_simulated_bank
2023-08-26,card payment fast food 674341,82.51,other,retail_simulated_bank
2024-04-03,CARD PMT MISC EXPENS,33.7,other,retail_simulated_bank
2024-07-24,online-purchase-food-delivery,41.05,other,retail_simulated_bank
2024-11-14,Card Pmt Fast Food 189047,70.25,other,retail_simulated_bank
2023-10-14,card pmt restaurant 585039,4.38,other,retail_simulated_bank
2024-08-24,ONLINE PURCHASE GAS BILL 308090,239.92,other,retail_simulated_bank
2024-11-15,Online/Purchase/Misc/Expense 2,102.42,other,retail_simulated_bank
2024-10-16,Card Payment Online Purchase 366405,126.89,other,retail_simulated_bank
2023-02-15,Online Purchase Misc Expe,114.76,other,retail_simulated_bank
2024-03-06,Card Pmt Water Bill 429967,157.63,other,retail_simulated_bank
2024-05-26,Pos-Purchase-Mortgage 283558,1656.9,other,retail_simulated_bank
2023-01-01,card payment bus pass 662586,20.1,transportation,retail_simulated_bank
2023-02-14,TRANSPORT PMT,134.85,transportation,retail_simulated_bank
2023-08-11,Pos Purchase Spotify,39.41,other,retail_simulated_bank
2023-12-19,Pos Purchase Online Purchase 860715,82.59,other,retail_simulated_bank
2023-10-24,card pmt restaurant,128.9,other,retail_simulated_bank
2024-08-20,Card Payment Internet,160.76,other,retail_simulated_bank
2024-02-28,CARD-PMT-BUS-PASS,121.0,transportation,retail_simulated_bank
2023-02-22,Online Purchase Online Purchase,18.46,other,retail_simulated_bank
2023-11-11,Pos Purchase Food Delivery,72.48,other,retail_simulated_bank
2023-12-26,POS PURCHASE FAST FOOD 648911,45.62,other,retail_simulated_bank
2024-06-08,Pos Purchase Fast Food,70.82,other,retail_simulated_bank
2024-08-13,online purchase spotify 155131,18.56,other,retail_simulated_bank
2024-11-27,pos purchase gas bill 869069,89.04,other,retail_simulated_bank
2024-09-15,card payment brea,88.26,groceries,retail_simulated_bank
2023-12-24,ONLINE PURCHASE SPOTIFY 6,18.31,other,retail_simulated_bank
2024-08-27,Card Payment Mortgage,1207.42,other,retail_simulated_bank
2024-02-22,card pmt rent,1935.4,other,retail_simulated_bank
2024-02-24,POS PURCHASE BREAD 765489,79.35,groceries,retail_simulated_bank
2024-03-29,card pmt misc expense,7.96,other,retail_simulated_bank
2024-01-19,Online Purchase Fast,67.54,other,retail_simulated_bank
2023-07-30,Card Pmt Restaurant 811847,114.26,other,retail_simulated_bank
2024-01-21,card payment gym membership 225443,19.22,other,retail_simulated_bank
2024-03-30,pos purchase internet bill,70.42,other,retail_simulated_bank
2023-02-26,pos purchase vegetables,118.44,groceries,retail_simulated_bank
2023-05-07,pos purchase restaurant,148.29,other,retail_simulated_bank
2023-02-03,Card Pmt Internet Bill,175.35,other,retail_simulated_bank
2024-10-30,online purchase food deli,145.12,other,retail_simulated_bank
2024-12-01,card payment gas bill 824348,81.0,other,retail_simulated_bank
2023-05-27,POS PURCHASE ONLINE PURCHASE 954497,10.63,other,retail_simulated_bank
2024-02-15,CARD PAYMENT WATER BILL,113.4,other,retail_simulated_bank
2024-01-22,online purchase online purchase 905015,125.67,other,retail_simulated_bank
2023-01-03,CARD PMT SPOTIFY 692055,28.8,other,retail_simulated_bank
2023-05-14,POS PURCHASE FOOD DELIVERY,53.54,other,retail_simulated_bank
2023-11-27,Card Payment Gas Bill 90514,223.59,other,retail_simulated_bank
2023-04-03,CARD PAYMENT ONLINE PURCHASE,91.02,other,retail_simulated_bank
2023-02-19,CARD PMT GAS BILL 189576,187.39,other,retail_simulated_bank
2023-09-29,Card Pmt Rice 623311,129.64,groceries,retail_simulated_bank
2024-05-05,Card*Pmt*Bus*Pass 820886,45.23,transportation,retail_simulated_bank
2023-04-30,ONLINE PURCHASE MISC EXPENSE 498470,39.08,other,retail_simulated_bank
2023-01-11,pos purchase gym membership 626149,32.98,other,retail_simulated_bank
2023-11-15,transport-payment-train-ticket,56.23,transportation,retail_simulated_bank
2024-02-25,pos purchase electricity bill 234006,244.37,other,retail_simulated_bank
2024-01-09,POS PURCHASE MISC EXPENSE,145.68,other,retail_simulated_bank
2024-03-10,transport pmt uber ride,73.51,transportation,retail_simulated_bank
2024-02-11,POS-PURCHASE-GYM-MEMBERSHIP 497848,20.63,other,retail_simulated_bank
2023-08-23,pos purchase vegetables 134787,29.52,groceries,retail_simulated_bank
2023-03-18,pos*purchase*rent 206517,948.75,other,retail_simulated_bank
2023-04-06,POS PURCHASE RESTAURANT 311506,135.59,other,retail_simulated_bank
2024-02-29,card payment gym membership,24.61,other,retail_simulated_bank
2024-06-21,Card Pmt Wate,133.83,other,retail_simulated_bank
2024-06-15,ONLINE PURCHASE MISC EXPENSE,26.44,other,retail_simulated_bank
2024-12-17,CARD PMT RESTAURANT,124.48,other,retail_simulated_bank
2023-11-14,CARD PAYMENT EGGS,120.81,groceries,retail_simulated_bank
2023-04-26,ONLINE PURCHASE SPOTIFY 745722,11.08,other,retail_simulated_bank
2023-11-14,card payment food delivery,87.88,other,retail_simulated_bank
2023-08-29,TRANSPORT/PMT/UBER/RIDE,65.79,transportation,retail_simulated_bank
2024-04-27,POS PURCHASE WATER BILL,141.44,other,retail_simulated_bank
2024-12-19,pos*purchase*milk 229237,50.65,groceries,retail_simulated_bank
2023-11-16,Card Pmt Bread,80.48,groceries,retail_simulated_bank
2023-01-22,card/pmt/uber/ride,25.06,transportation,retail_simulated_bank
2023-01-04,Online Purchase Water Bill 964054,174.34,other,retail_simulated_bank
2024-01-05,Card Payment Vegetables 830199,133.45,groceries,retail_simulated_bank
2023-03-10,FUEL*BUS*PASS 213370,142.23,transportation,retail_simulated_bank
2024-09-26,Pos Purchase Fast Food 192774,80.88,other,retail_simulated_bank
2024-02-20,online purchase electricity bill,225.37,other,retail_simulated_bank
2023-11-24,Pos Purchase Restaurant 285779,131.54,other,retail_simulated_bank
2024-02-20,card payment rent,1097.72,other,retail_simulated_bank
2023-02-22,Online Purchase Mortgage,839.13,other,retail_simulated_bank
2023-12-16,card payment internet bill 498289,147.6,other,retail_simulated_bank
2024-08-09,transport pmt train ticket 721482,32.64,transportation,retail_simulated_bank
2023-09-01,transport pmt fuel,23.84,transportation,retail_simulated_bank
2023-01-11,Card Pmt Rent 618749,1590.1,other,retail_simulated_bank
2023-09-23,ONLINE-PURCHASE-RESTAU,119.96,other,retail_simulated_bank
2023-06-07,FUEL-FUEL,146.74,transportation,retail_simulated_bank
2024-11-10,ONLINE PURCHASE WATER BILL 715559,46.61,other,retail_simulated_bank
2024-10-11,ONLINE PURCHASE SPOTIFY 21621,8.49,other,retail_simulated_bank
2023-02-15,online/purchase/restaurant,17.06,other,retail_simulated_bank
2024-05-09,online purchase rent 455600,1294.89,other,retail_simulated_bank
2023-03-17,POS PURCHASE RENT 328813,780.78,other,retail_simulated_bank
2023-06-08,ONLINE PURCHASE NETFLIX 355522,34.69,other,retail_simulated_bank
2023-08-21,ONLINE/PURCHASE/GYM/MEMBERSHIP 245992,9.42,other,retail_simulated_bank
2023-01-04,ONLINE PURCHASE RENT 287256,1229.95,other,retail_simulated_bank
2023-07-22,POS PURCHASE MISC EXPENSE,87.58,other,retail_simulated_bank
2024-06-01,card pmt misc expe,89.07,other,retail_simulated_bank
2024-10-08,Online Purchase Electricity Bill,242.23,other,retail_simulated_bank
2023-03-21,card pmt bus pass,122.15,transportation,retail_simulated_bank
2024-10-23,ONLINE*PURCHASE*RESTAURANT 86393,120.9,other,retail_simulated_bank
2023-06-18,Pos Purchase Restaurant,44.52,other,retail_simulated_bank
2024-04-15,Card-Pmt-Rice 721753,52.13,groceries,retail_simulated_bank
2023-11-14,Fuel Uber Ride 509628,149.25,transportation,retail_simulated_bank
2023-09-01,card pmt gas bill 892729,132.9,other,retail_simulated_bank
2024-09-07,Pos Purchase Spotify 823438,9.56,other,retail_simulated_bank
2023-09-01,Card Payment Chicken 7927,139.07,groceries,retail_simulated_bank
2024-04-26,Card*Payment*Rent,1514.39,other,retail_simulated_bank
2024-03-20,card payment mortgage 881231,1893.61,other,retail_simulated_bank
2023-09-22,Online Purchase Mortgage 901299,1834.62,other,retail_simulated_bank
2023-07-22,TRANSPORT PMT TRAIN TICKET,96.4,transportation,retail_simulated_bank
2024-04-18,Card-Pmt-Mortgage 816743,1471.69,other,retail_simulated_bank
2024-01-21,online purchase spotify 719300,39.11,other,retail_simulated_bank
2024-02-20,FUEL FUEL,19.22,transportation,retail_simulated_bank
2024-06-14,Online/Purchase/Misc/Expense,35.75,other,retail_simulated_bank
2024-09-20,online purchase online purchase 170188,125.73,other,retail_simulated_bank
2024-06-30,Card Pmt Netflix 895046,12.92,other,retail_simulated_bank
2024-04-27,Online Purchase Rent 791706,775.51,other,retail_simulated_bank
2023-02-21,online purchase spotify,26.93,other,retail_simulated_bank
2024-12-16,Card Pmt Spotify 516502,7.3,other,retail_simulated_bank
2024-03-01,transport payment fuel 524757,36.52,transportation,retail_simulated_bank
2024-12-12,POS PURCHASE GAS BILL 45776,119.21,other,retail_simulated_bank
2023-09-25,Online/Purchase/Online/Purchase,21.51,other,retail_simulated_bank
2024-09-05,Card Pmt Netflix 530211,12.73,other,retail_simulated_bank
2023-10-02,Online/Purchase/Electricity/Bill 283146,48.6,other,retail_simulated_bank
2024-11-26,online purchase online purchase 862951,137.12,other,retail_simulated_bank
2023-04-22,Transport-Pmt-Train-Ticket 767730,71.61,transportation,retail_simulated_bank
2023-07-06,online purchase rent,858.09,other,retail_simulated_bank
2023-09-22,POS PURCHASE FAST FOOD 91997,136.98,other,retail_simulated_bank
2023-01-14,pos purchase fast food 618421,64.9,other,retail_simulated_bank
2023-09-30,CARD PAYMENT VEGETABLES 772908,12.67,groceries,retail_simulated_bank
2024-06-24,Pos Purchase Water Bill,102.59,other,retail_simulated_bank
2023-06-11,POS PURCHASE MORTGAGE 623762,1028.64,other,retail_simulated_bank
2024-10-24,Pos-Purchase-Gym-Membership,34.19,other,retail_simulated_bank
2024-12-01,pos/purchase/misc/expense 264082,93.62,other,retail_simulated_bank
2024-05-03,CARD-PAYMENT-FOOD-DELIVERY,73.75,other,retail_simulated_bank
2023-09-13,online purchase online purchase 274494,147.49,other,retail_simulated_bank
2023-06-20,Card Payment Online Purchase 454945,119.08,other,retail_simulated_bank
2024-04-21,online/purchase/restaurant 794168,112.04,other,retail_simulated_bank
2023-07-27,card payment rent,614.84,other,retail_simulated_bank
2024-10-13,pos/purchase/electricity/bill 435529,184.7,other,retail_simulated_bank
2024-04-09,CARD PMT RICE,47.19,groceries,retail_simulated_bank
2024-10-22,Card Pmt Restaurant,130.11,other,retail_simulated_bank
2024-05-30,fuel-bus-pass 524615,24.41,transportation,retail_simulated_bank
2024-12-23,Pos Purchase Restaurant 276493,126.78,other,retail_simulated_bank
2023-02-23,TRANSPORT PAYMENT BUS PASS 104628,41.19,transportation,retail_simulated_bank
2024-02-15,Online Purchase Mortgage,948.02,other,retail_simulated_bank
2023-03-04,pos*purchase*spotify,30.34,other,retail_simulated_bank
2023-10-02,ONLINE-PURCHASE-MORTGAGE 139455,1109.16,other,retail_simulated_bank
2023-08-25,POS-PURCHASE-NETFLIX 757165,15.7,other,retail_simulated_bank
2023-08-06,Pos Purchase Mortgage 329400,988.05,other,retail_simulated_bank
2023-06-28,ONLINE PURCHASE RENT,1564.45,other,retail_simulated_bank
2024-04-12,CARD PAYMENT SPOTIFY,12.79,other,retail_simulated_bank
2023-04-11,online purchase water bill 159027,211.72,other,retail_simulated_bank
2023-10-11,Online Purchase Water Bill 31489,135.91,other,retail_simulated_bank
2024-11-26,Transport Pmt Train Ticket 927399,95.47,transportation,retail_simulated_bank
2023-11-14,Pos Purchase Electricity Bill,80.6,other,retail_simulated_bank
2024-05-02,card payment bread,25.42,groceries,retail_simulated_bank
2024-07-05,Card Payment Uber Ride 834640,96.13,transportation,retail_simulated_bank
2024-04-14,Transport Pmt Train Ticket,108.04,transportation,retail_simulated_bank
2023-11-28,card payment electricity bill 483058,106.3,other,retail_simulated_bank
2023-09-12,card payment rice,10.09,groceries,retail_simulated_bank
2023-01-30,online purchase online purchase,51.02,other,retail_simulated_bank
2024-01-01,Card/Pmt/Food/Delivery,16.2,other,retail_simulated_bank
2024-08-24,card pmt fuel 30712,10.96,transportation,retail_simulated_bank
2023-06-05,CARD PAYMENT UBER,43.19,transportation,retail_simulated_bank
2023-03-14,POS*PURCHASE*MORTGAGE,1150.58,other,retail_simulated_bank
2024-01-16,Pos*Purchase*Chicken,94.24,groceries,retail_simulated_bank
2023-05-15,POS*PURCHASE*MISC*EXPENSE 445753,128.81,other,retail_simulated_bank
2023-02-06,Transport*Pmt*Train*Ticket 974586,78.07,transportation,retail_simulated_bank
2023-04-04,Pos/Purchase/Food/Delivery 925932,14.08,other,retail_simulated_bank
2023-12-20,Card Payment Online Purchase 444470,123.88,other,retail_simulated_bank
2023-08-17,card-pmt-eggs 71137,108.18,groceries,retail_simulated_bank
2023-03-12,card payment mortgage 695352,955.5,other,retail_simulated_bank
2024-12-09,POS-PURCHASE-GYM-MEMBERSHIP,8.85,other,retail_simulated_bank
2023-05-05,pos purchase fast food 434781,55.62,other,retail_simulated_bank
2023-06-27,Pos Purchase Fast Food 231287,120.24,other,retail_simulated_bank
2024-02-24,pos purchase gym membership 506300,39.32,other,retail_simulated_bank
2024-02-25,ONLINE PURCHASE ELECTRICITY BILL,124.73,other,retail_simulated_bank
2024-11-03,pos*purchase*electricity*bill 940652,221.97,other,retail_simulated_bank
2023-05-15,Fuel Fuel 365700,37.9,transportation,retail_simulated_bank
2023-03-16,Card Payment Milk,70.36,groceries,retail_simulated_bank
2023-02-26,Transport Pmt Uber Ride 88,45.51,transportation,retail_simulated_bank
2024-01-03,FUEL*FUEL,76.64,transportation,retail_simulated_bank
2023-03-21,online purchase mortgage,1244.81,other,retail_simulated_bank
2024-12-10,Fuel Train Ticket 52,103.82,transportation,retail_simulated_bank
2024-06-01,Online Purchase Restaurant 816243,137.2,other,retail_simulated_bank
2023-02-08,POS PURCHASE VEGETABLES,115.52,groceries,retail_simulated_bank
2023-10-19,CARD/PAYMENT/MILK 395938,14.56,groceries,retail_simulated_bank
2023-02-21,card payment misc expense,110.71,other,retail_simulated_bank
2024-06-09,Online/Purchase/Rent 247053,1279.83,other,retail_simulated_bank
2023-08-01,Pos Purchase Gym Membership 1158,23.83,other,retail_simulated_bank
2024-02-05,CARD PMT EGGS,120.49,groceries,retail_simulated_bank
2024-06-19,pos/purchase/rent,940.3,other,retail_simulated_bank
2024-04-29,CARD PAYMENT RICE 266460,145.13,groceries,retail_simulated_bank
2023-12-28,Online Purchase Mortgage,1744.22,other,retail_simulated_bank
2023-12-25,ONLINE PURCHASE FOOD DELIVERY,9.72,other,retail_simulated_bank
2024-02-14,CARD PMT RENT,1134.53,other,retail_simulated_bank
2023-06-30,POS PURCHASE ONLINE PURCHASE 441026,58.89,other,retail_simulated_bank
2024-05-14,pos purchase netflix 959418,38.22,other,retail_simulated_bank
2023-04-25,card pmt electricity bill 355315,246.37,other,retail_simulated_bank
2024-04-14,Online Purchase Mortgage 921778,1485.18,other,retail_simulated_bank
2024-06-12,Pos Purchase Gas Bill 473844,33.9,other,retail_simulated_bank
2024-02-14,ONLINE PURCHASE ELECTRICITY BILL 510982,78.83,other,retail_simulated_bank
2024-09-04,Card Pmt Spotify 682717,23.22,other,retail_simulated_bank
2024-10-18,Online Purchase Gym Membership 647888,17.99,other,retail_simulated_bank
2024-09-14,card pmt bus pass,146.61,transportation,retail_simulated_bank
2023-09-24,online-purchase-netflix 946830,36.21,other,retail_simulated_bank
2023-02-06,ONLINE PURCHASE FAST FOOD 184179,41.73,other,retail_simulated_bank
2024-03-03,online purchase fast food 77429,80.45,other,retail_simulated_bank
2024-07-28,ONLINE-PURCHASE-FAST-FOOD,13.05,other,retail_simulated_bank
2023-03-28,Transport Pmt Fuel,134.3,transportation,retail_simulated_bank
2023-02-16,Online-Purchase-Fast-Food,55.09,other,retail_simulated_bank
2023-08-01,fuel*bus*pass 984295,123.69,transportation,retail_simulated_bank
2023-04-02,TRANSPORT PAYMENT TRAIN TICKET 922386,139.14,transportation,retail_simulated_bank
2023-08-03,Online-Purchase-Netflix 302486,27.95,other,retail_simulated_bank
2023-12-24,CARD/PAYMENT/NETFLIX,6.13,other,retail_simulated_bank
2023-08-08,ONLINE PURCHASE SPOTIF,31.54,other,retail_simulated_bank
2023-09-05,ONLINE PURCHASE INTERNET BILL 206925,136.06,other,retail_simulated_bank
2024-01-23,Card Pmt Vegetables 815520,32.41,groceries,retail_simulated_bank
2023-04-21,Pos Purchase Food Delivery 5841,84.91,other,retail_simulated_bank
2023-10-17,Pos-Purchase-Netflix,8.77,other,retail_simulated_bank
2023-04-16,ONLINE PURCHASE SPOTIFY 175101,5.44,other,retail_simulated_bank
2024-01-19,pos purchase gas bill 79,60.47,other,retail_simulated_bank
2023-01-25,ONLINE PURCHASE MISC EXPENSE 49,52.54,other,retail_simulated_bank
2023-02-02,pos purchase rent 501243,1014.1,other,retail_simulated_bank
2024-08-23,CARD PAYMENT GYM MEMBERSHIP 626322,28.3,other,retail_simulated_bank
2024-10-08,ONLINE PURCHASE NETFLIX 8624,22.36,other,retail_simulated_bank
2024-05-04,online/purchase/re,79.5,other,retail_simulated_bank
2023-01-14,card pmt gas bill 721,116.18,other,retail_simulated_bank
2024-11-18,Pos Purchase Gas Bill 507946,78.35,other,retail_simulated_bank
2023-03-23,Card/Pmt/Milk,7.4,groceries,retail_simulated_bank
2024-09-21,Fuel Train Ticket 947996,48.99,transportation,retail_simulated_bank
2024-05-18,TRANSPORT PMT TRAIN TICKET,147.93,transportation,retail_simulated_bank
2024-08-02,Online Purchase Mortgage 551433,1988.23,other,retail_simulated_bank
2024-02-01,pos purchase mortgage 221585,980.06,other,retail_simulated_bank
2024-06-18,Card Payment Internet B,109.03,other,retail_simulated_bank
2024-04-08,Card Payment Spotify,16.79,other,retail_simulated_bank
2023-02-27,POS PURCHASE MISC EXPENSE 150677,95.88,other,retail_simulated_bank
2023-02-08,CARD PMT BREAD,21.73,groceries,retail_simulated_bank
2024-01-17,Card/Payment/Water/Bill,93.13,other,retail_simulated_bank
2023-04-15,card pmt food delivery 813,71.81,other,retail_simulated_bank
2024-07-31,card pmt gas bill 353236,111.17,other,retail_simulated_bank
2024-06-12,Card Pmt Rent 119901,743.2,other,retail_simulated_bank
2024-06-03,Pos Purchase Online Purchase 983,116.51,other,retail_simulated_bank
2024-02-17,card payment eggs 887918,13.21,groceries,retail_simulated_bank
2023-04-28,Card Pmt Restaurant,107.32,other,retail_simulated_bank
2023-05-11,online purchase online purchase,34.97,other,retail_simulated_bank
2023-10-10,Online*Purchase*Food*Delivery 405641,84.34,other,retail_simulated_bank
2024-08-20,CARD PAYMENT FOOD DE,93.29,other,retail_simulated_bank
2023-12-01,Online Purchase Spotify 850971,19.57,other,retail_simulated_bank
2024-07-18,Online Purchase Internet Bill,101.05,other,retail_simulated_bank
2023-06-09,card*payment*misc*expense,47.5,other,retail_simulated_bank
2023-09-23,CARD PAYMENT BREAD,26.53,groceries,retail_simulated_bank
2024-02-07,CARD*PMT*RENT 160579,1361.91,other,retail_simulated_bank
2024-04-18,ONLINE PURCHASE ELECTRICITY BILL 662939,131.53,other,retail_simulated_bank
2023-08-20,Card Payment Eggs 654371,56.95,groceries,retail_simulated_bank
2023-02-02,CARD PAYMENT MILK,137.27,groceries,retail_simulated_bank
2024-08-24,ONLINE PURCHASE RENT 157072,1132.91,other,retail_simulated_bank
2023-05-05,online purchase online purchase 761975,138.25,other,retail_simulated_bank
2024-01-28,Card Payment Netflix,19.31,other,retail_simulated_bank
2023-04-05,pos purchase milk 490266,41.76,groceries,retail_simulated_bank
2024-08-17,Online Purchase Online Purchase,125.13,other,retail_simulated_bank
2024-01-23,CARD PAYMENT ONLINE PURCHASE,110.84,other,retail_simulated_bank
2024-02-24,card pmt rent,1616.79,other,retail_simulated_bank
2023-03-06,Pos*Purchase*Gym*Membership 973441,12.4,other,retail_simulated_bank
2023-10-15,Card Pmt Bread 84311,41.49,groceries,retail_simulated_bank
2024-06-12,POS PURCHASE BREAD 677560,114.08,groceries,retail_simulated_bank
2024-07-29,Pos Purchase Milk 920764,141.75,groceries,retail_simulated_bank
2023-12-17,online purchase rent,1928.29,other,retail_simulated_bank
2023-06-10,pos*purchase*vegetables 491831,106.47,groceries,retail_simulated_bank
2024-08-24,FUEL UBER RI,68.41,transportation,retail_simulated_bank
2024-05-29,ONLINE PURCHASE RENT 506821,1230.61,other,retail_simulated_bank
2023-10-09,CARD PMT FUEL 507877,3.2,transportation,retail_simulated_bank
2024-01-31,online purchase online purchase 106,121.58,other,retail_simulated_bank
2024-05-30,Pos Purchase Restaurant,46.5,other,retail_simulated_bank
2023-01-23,card/pmt/food/delivery,34.26,other,retail_simulated_bank
2024-02-04,card payment electricity bill,207.59,other,retail_simulated_bank
2023-06-06,fuel bus pass 557199,72.65,transportation,retail_simulated_bank
2024-04-28,ONLINE PURCHASE FAST FOOD,100.22,other,retail_simulated_bank
2023-10-02,Online Purchase Spotify 120620,20.92,other,retail_simulated_bank
2024-04-05,Card Payment Bread 912848,34.57,groceries,retail_simulated_bank
2024-08-17,card pmt bus pass 802143,93.88,transportation,retail_simulated_bank
2023-08-24,Pos Purchase Gym Membership,26.15,other,retail_simulated_bank
2024-09-21,Pos Purchase Electricity Bill 9059,116.5,other,retail_simulated_bank
2024-10-07,FUEL UBER RIDE,30.32,transportation,retail_simulated_bank
2024-01-30,ONLINE PURCHASE FAST FOOD 560249,13.41,other,retail_simulated_bank
2024-04-06,Pos Purchase Bread,27.67,groceries,retail_simulated_bank
2024-12-20,card payment train ticket,141.22,transportation,retail_simulated_bank
2024-02-11,ONLINE*PURCHASE*RENT 360612,1895.64,other,retail_simulated_bank
2023-01-28,Pos/Purchase/Electricity/Bill 986723,37.97,other,retail_simulated_bank
2024-02-21,ONLINE*PURCHASE*GYM*MEMBERSHIP 2228,16.63,other,retail_simulated_bank
2023-08-20,Card Payment Online Purchase 407368,27.36,other,retail_simulated_bank
2023-10-23,CARD PAYMENT RESTAURANT,60.11,other,retail_simulated_bank
2023-10-25,pos purchase milk 44951,44.29,groceries,retail_simulated_bank
2024-07-28,Card Payment Spotify 494846,15.51,other,retail_simulated_bank
2024-06-15,Pos Purchase Food Delive,96.51,other,retail_simulated_bank
2024-04-23,Card Pmt Spotify 940723,23.09,other,retail_simulated_bank
2023-04-20,POS PURCHASE VEGETABLES 397037,39.23,groceries,retail_simulated_bank
2024-04-11,CARD PAYMENT MILK 5481,138.44,groceries,retail_simulated_bank
2023-03-15,CARD PAYMENT MISC EXPENSE,3.58,other,retail_simulated_bank
2023-08-16,Online/Purchase/Fast/Food 52815,142.6,other,retail_simulated_bank
2024-09-01,pos purchase mortgage,1870.43,other,retail_simulated_bank
2024-03-30,POS PURCHASE WATER BILL,235.53,other,retail_simulated_bank
2024-03-28,Card/Pmt/Netflix 6457,35.97,other,retail_simulated_bank
2024-03-09,card pmt chicken 701419,106.41,groceries,retail_simulated_bank
2023-10-12,CARD PAYMENT ONLINE PURCHASE,148.93,other,retail_simulated_bank
2023-10-21,CARD*PMT*NETFLIX 665940,8.25,other,retail_simulated_bank
2024-01-01,Card Payment Uber Ride 611915,141.89,transportation,retail_simulated_bank
2023-08-21,FUEL/FUEL 874535,68.82,transportation,retail_simulated_bank
2024-11-10,Pos/Purchase/Water/Bill 529652,144.18,other,retail_simulated_bank
2023-12-17,CARD PAYMENT GYM MEMBERSHIP 266910,29.55,other,retail_simulated_bank
2023-04-22,TRANSPORT PMT TRAIN TICKET 5094,36.64,transportation,retail_simulated_bank
2023-08-05,Pos*Purchase*Food*Delivery 248132,6.9,other,retail_simulated_bank
2023-02-26,Card-Payment-Rent,1869.62,other,retail_simulated_bank
2024-02-18,transport pmt train ticket,59.55,transportation,retail_simulated_bank
2023-04-25,Fuel Train Ticket 185715,108.74,transportation,retail_simulated_bank
2023-04-17,online purchase mortgage 679,1238.91,other,retail_simulated_bank
2023-11-07,ONLINE PURCHASE RESTAURANT 662350,144.34,other,retail_simulated_bank
2023-06-08,ONLINE PURCHASE MISC,105.09,other,retail_simulated_bank
2023-06-05,transport*payment*fuel 700495,108.5,transportation,retail_simulated_bank
2023-12-04,Online Purchase Gas Bil,112.75,other,retail_simulated_bank
2024-05-05,card payment rent 562335,814.81,other,retail_simulated_bank
2023-09-25,Pos-Purchase-Mortgage 296564,1529.29,other,retail_simulated_bank
2023-10-08,Card-Pmt-Rent,1942.54,other,retail_simulated_bank
2024-05-08,pos/purchase/netflix,36.31,other,retail_simulated_bank
2023-01-07,Online Purchase Spotify,6.17,other,retail_simulated_bank
2023-04-14,card payment bus pass 57623,85.2,transportation,retail_simulated_bank
2024-04-18,CARD PAYMENT RESTAURANT 195432,124.24,other,retail_simulated_bank
2024-02-02,pos/purchase/netflix,30.1,other,retail_simulated_bank
2024-08-24,Pos Purchase Gas Bill 90358,183.45,other,retail_simulated_bank
2023-09-27,online-purchase-gym-membership 742500,35.69,other,retail_simulated_bank
2024-08-29,card/pmt/fast/food 432201,61.89,other,retail_simulated_bank
2023-10-31,Online Purchase Gym Membership 317595,5.55,other,retail_simulated_bank
2023-08-25,online*purchase*mortgage 783934,606.86,other,retail_simulated_bank
2024-05-01,pos purchase gym membership 13960,28.15,other,retail_simulated_bank
2024-02-12,Pos Purchase Rent 4706,1979.79,other,retail_simulated_bank
2024-10-26,Online Purchase Rent,776.6,other,retail_simulated_bank
2023-06-27,Card Payment Eggs 101231,6.51,groceries,retail_simulated_bank
2024-11-13,ONLINE-PURCHASE-RESTAURANT 974951,4.04,other,retail_simulated_bank
2023-02-26,Card Pmt Milk 478147,101.08,groceries,retail_simulated_bank
2024-03-01,CARD-PAYMENT-EGGS 743539,65.35,groceries,retail_simulated_bank
2024-07-29,pos*purchase*chicken,70.57,groceries,retail_simulated_bank
2024-09-30,Fuel Bus Pass,145.29,transportation,retail_simulated_bank
2023-08-25,Pos*Purchase*Rent 311419,722.81,other,retail_simulated_bank
2024-07-23,pos purchase milk 844010,101.87,groceries,retail_simulated_bank
2023-11-07,pos purchase netflix 861307,11.76,other,retail_simulated_bank
2024-11-27,Card Payment Mortgage,1474.29,other,retail_simulated_bank
2023-08-12,pos purchase mortgage,875.3,other,retail_simulated_bank
2023-09-26,pos purchase milk 640765,41.76,groceries,retail_simulated_bank
2024-04-22,Online-Purchase-Netflix,36.11,other,retail_simulated_bank
2024-01-07,POS PURCHASE RENT 993112,1177.77,other,retail_simulated_bank
2023-05-22,CARD PAYMENT FUEL,13.32,transportation,retail_simulated_bank
2023-05-20,Card*Payment*Electricity*Bill 233446,146.67,other,retail_simulated_bank
2024-06-22,Card/Payment/Electricity/Bill 908078,195.14,other,retail_simulated_bank
2024-01-29,Card Payment Mortgage 995196,770.19,other,retail_simulated_bank
2023-08-17,Card Payment Vegetables 144261,95.56,groceries,retail_simulated_bank
2024-02-28,pos purchase online purchase,25.86,other,retail_simulated_bank
2024-03-22,TRANSPORT PAYMENT UBER RIDE 54106,104.47,transportation,retail_simulated_bank
2024-10-02,CARD PMT NETFLIX 954061,11.62,other,retail_simulated_bank
2024-03-20,online purchase gym membership 263564,34.67,other,retail_simulated_bank
2023-05-31,Fuel Uber Ride 845081,125.98,transportation,retail_simulated_bank
2024-11-05,pos purchase electricity bill 897704,191.52,other,retail_simulated_bank
2023-06-02,CARD PAYMENT GAS BILL 943185,227.93,other,retail_simulated_bank
2023-06-29,Pos-Purchase-Mortgage,1876.11,other,retail_simulated_bank
2024-08-20,online purchase food delivery,38.34,other,retail_simulated_bank
2023-06-19,Fuel Bus Pass,127.31,transportation,retail_simulated_bank
2023-09-21,Card Pmt Gas Bill 865024,165.28,other,retail_simulated_bank
2023-10-13,fuel bus pass 704127,103.52,transportation,retail_simulated_bank
2024-10-06,Pos/Purchase/Online/Purchase 781459,120.81,other,retail_simulated_bank
2024-03-21,online purchase food delivery 230114,110.26,other,retail_simulated_bank
2023-03-18,Pos Purchase Netflix 68743,35.93,other,retail_simulated_bank
2024-03-12,Transport Payment Train Ticket,35.46,transportation,retail_simulated_bank
2024-06-16,fuel uber ride,91.93,transportation,retail_simulated_bank
2024-05-05,POS/PURCHASE/EGGS 19967,85.6,groceries,retail_simulated_bank
2023-12-23,Card Pmt Eggs 535977,49.64,groceries,retail_simulated_bank
2024-10-17,Pos Purchase Gym Membership,29.3,other,retail_simulated_bank
2024-05-08,Card-Payment-Food-Delivery,133.65,other,retail_simulated_bank
2023-12-31,CARD PAYMENT SPOTIFY 71913,6.82,other,retail_simulated_bank
2023-09-30,Card-Pmt-Netflix,5.55,other,retail_simulated_bank
2023-04-30,online/purchase/restaurant 258761,71.79,other,retail_simulated_bank
2024-02-11,CARD PMT RESTAURANT,133.29,other,retail_simulated_bank
2023-05-30,card pmt food delivery,6.31,other,retail_simulated_bank
2023-01-07,online purchase gas bill 199,45.94,other,retail_simulated_bank
2024-08-04,POS PURCHASE GAS BILL 5219,166.23,other,retail_simulated_bank
2024-04-11,Pos Purchase Fast Food 36762,116.13,other,retail_simulated_bank
2024-01-03,ONLINE PURCHASE ONLINE PURCHASE 3,91.44,other,retail_simulated_bank
2023-12-21,card payment food de,49.43,other,retail_simulated_bank
2023-05-30,Card Payment Chicken,144.37,groceries,retail_simulated_bank
2023-03-29,fuel fuel 321915,42.61,transportation,retail_simulated_bank
2023-08-10,Pos Purchase Milk 527912,73.48,groceries,retail_simulated_bank
2024-12-28,Card Payment Fast Food,4.74,other,retail_simulated_bank
2024-10-30,card pmt spotify 812558,17.43,other,retail_simulated_bank
2023-06-14,ONLINE PURCHASE FAST FOOD 96,18.3,other,retail_simulated_bank
2023-06-14,FUEL BUS PASS,110.35,transportation,retail_simulated_bank
2023-02-13,pos purchase water bill 738346,33.17,other,retail_simulated_bank
2023-02-02,fuel fuel 634369,143.57,transportation,retail_simulated_bank
2023-09-16,CARD PAYMENT RENT,832.58,other,retail_simulated_bank
2023-06-25,CARD PMT RENT 151840,912.44,other,retail_simulated_bank
2024-04-28,CARD PAYMENT ONLINE PURCHASE 625282,8.78,other,retail_simulated_bank
2023-08-24,pos purchase rent 87712,1491.35,other,retail_simulated_bank
2023-10-25,online purchase mortgage,1667.5,other,retail_simulated_bank
2023-05-17,card/pmt/spotify 755325,5.09,other,retail_simulated_bank
2023-01-24,POS PURCHASE MILK,93.73,groceries,retail_simulated_bank
2024-11-20,ONLINE PURCHASE SPOTIFY,21.45,other,retail_simulated_bank
2023-06-14,Card*Payment*Rice 775436,103.24,groceries,retail_simulated_bank
2023-08-03,Online*Purchase*Food*Delivery,105.63,other,retail_simulated_bank
2023-12-02,Online*Purchase*Mortgage 1796,819.81,other,retail_simulated_bank
2024-12-27,Card Pmt Bus Pass,16.43,transportation,retail_simulated_bank
2023-03-24,card payment milk 948013,143.68,groceries,retail_simulated_bank
2023-11-07,card/payment/chicken 488246,19.88,groceries,retail_simulated_bank
2023-06-27,Card Payment Mortgage,780.35,other,retail_simulated_bank
2024-04-07,Online Purchase Electricity Bill 165808,122.04,other,retail_simulated_bank
2024-10-31,card pmt water bill 334298,38.42,other,retail_simulated_bank
2024-11-16,pos purchase netflix 900763,36.65,other,retail_simulated_bank
2024-10-17,CARD PMT TRAIN TICKET,131.94,transportation,retail_simulated_bank
2023-12-05,FUEL TRAIN TICKET 43056,149.38,transportation,retail_simulated_bank
2024-03-21,POS PURCHASE ONLINE PURCHASE,87.42,other,retail_simulated_bank
2024-07-27,online purchase online purchase,127.86,other,retail_simulated_bank
2024-03-01,Card Pmt Chicken 576480,19.44,groceries,retail_simulated_bank
2024-03-12,pos-purchase-mortgage 294684,1190.84,other,retail_simulated_bank
2024-11-23,Card Pmt Spotify,21.49,other,retail_simulated_bank
2023-01-02,TRANSPORT*PMT*UBER*RIDE 19556,39.56,transportation,retail_simulated_bank
2023-09-16,Card Payment Bus Pass 127398,43.93,transportation,retail_simulated_bank
2024-03-22,pos purchase milk,60.26,groceries,retail_simulated_bank
2023-01-05,Online-Purchase-Fast-Food 415543,88.3,other,retail_simulated_bank
2023-10-25,POS-PURCHASE-VEGETABLES,83.35,groceries,retail_simulated_bank
2023-04-13,Pos Purchase Misc Expense 986280,84.19,other,retail_simulated_bank
2023-11-03,Transport-Pmt-Uber-Ride,75.0,transportation,retail_simulated_bank
2023-01-04,ONLINE-PURCHASE-INTERNET-BILL,67.39,other,retail_simulated_bank
2023-01-07,online-purchase-netflix,9.17,other,retail_simulated_bank
2024-02-22,TRANSPORT PMT UBER RIDE,99.17,transportation,retail_simulated_bank
2023-07-19,Card*Payment*Gym*Membership,19.55,other,retail_simulated_bank
2024-12-26,pos purchase eggs,125.96,groceries,retail_simulated_bank
2023-09-08,Card/Pmt/Bus/Pass,26.49,transportation,retail_simulated_bank
2024-07-19,Pos Purchase Rent 562198,1710.46,other,retail_simulated_bank
2024-07-15,CARD PAYMENT EGGS,76.97,groceries,retail_simulated_bank
2023-08-29,ONLINE PURCHASE INTERNET BILL 105914,169.91,other,retail_simulated_bank
2024-12-17,FUEL-BUS-PASS,111.8,transportation,retail_simulated_bank
2024-02-19,pos purchase misc expense,76.05,other,retail_simulated_bank
2024-09-02,online-purchase-gas-bill 434355,178.8,other,retail_simulated_bank
2023-03-31,Card*Payment*Uber*Ride 410507,116.42,transportation,retail_simulated_bank
2023-11-29,card pmt eggs,117.12,groceries,retail_simulated_bank
2024-04-19,TRANSPORT PMT FUEL 482996,125.72,transportation,retail_simulated_bank
2024-07-05,ONLINE PURCHASE FOOD DELIVERY,82.86,other,retail_simulated_bank
2024-03-31,ONLINE PURCHASE INTERNET BILL 793995,48.14,other,retail_simulated_bank
2023-01-21,FUEL*UBER*RIDE,145.5,transportation,retail_simulated_bank
2024-06-30,Transport/Payment/Bus/Pass,120.94,transportation,retail_simulated_bank
2024-08-30,Pos Purchase Online Purchase 531540,106.88,other,retail_simulated_bank
2024-03-18,POS PURCHASE RESTAURANT 365723,126.01,other,retail_simulated_bank
2023-05-15,POS/PURCHASE/EGGS,124.54,groceries,retail_simulated_bank
2024-12-09,online purchase water bill 68826,184.55,other,retail_simulated_bank
2024-01-09,Card Pmt Misc Expense 226396,100.13,other,retail_simulated_bank
2023-12-28,pos/purchase/netflix 261443,30.78,other,retail_simulated_bank
2024-09-05,CARD PAYMENT SPOTIFY,20.57,other,retail_simulated_bank
2024-04-04,card/payment/netflix 344764,11.59,other,retail_simulated_bank
2023-12-06,pos purchase gym membership 964874,29.8,other,retail_simulated_bank
2024-03-28,POS PURCHASE FAST FOOD 382494,145.82,other,retail_simulated_bank
2024-11-30,card payment misc expense 725540,50.8,other,retail_simulated_bank
2023-01-01,Pos Purchase Milk,149.61,groceries,retail_simulated_bank
2024-06-27,online purchase gym membership,34.71,other,retail_simulated_bank
2023-04-22,Card-Pmt-Spotify 637163,6.36,other,retail_simulated_bank
2023-07-30,Transport Payment Train Tick,29.69,transportation,retail_simulated_bank
2024-01-20,Pos/Purchase/Internet/Bill 143642,160.92,other,retail_simulated_bank
2023-07-20,card*pmt*milk 108783,137.57,groceries,retail_simulated_bank
2023-03-14,TRANSPORT PMT FUEL 429088,66.6,transportation,retail_simulated_bank
2024-05-22,card payment water bill 91362,247.45,other,retail_simulated_bank
2023-04-30,Transport Pmt Fuel 911836,135.67,transportation,retail_simulated_bank
2024-10-16,Card Pmt Rent 496399,1401.14,other,retail_simulated_bank
2024-08-31,CARD PMT FOOD DELIVERY 218096,132.93,other,retail_simulated_bank
2023-12-03,pos*purchase*internet*bill 339585,229.4,other,retail_simulated_bank
2023-08-14,Card Pmt Mortgage,1877.31,other,retail_simulated_bank
2024-11-23,POS-PURCHASE-INTERNET-BILL,224.02,other,retail_simulated_bank
2024-10-20,card payment train ticket,78.46,transportation,retail_simulated_bank
2023-04-18,Online*Purchase*Gym*Membership,22.94,other,retail_simulated_bank
2024-04-23,Online*Purchase*Spotify 280130,38.92,other,retail_simulated_bank
2024-12-29,Online Purchase Food Delivery 452526,38.68,other,retail_simulated_bank
2024-05-23,pos purchase netflix,21.46,other,retail_simulated_bank
2024-10-31,Online Purchase Spo,39.31,other,retail_simulated_bank
2023-11-17,Online*Purchase*Misc*Expense,117.93,other,retail_simulated_bank
2024-11-06,Pos Purchase Food Delivery,135.4,other,retail_simulated_bank
2023-02-14,FUEL BUS PASS 73,43.73,transportation,retail_simulated_bank
2023-06-24,online purchase fast food 398545,88.48,other,retail_simulated_bank
2023-12-18,Pos Purchase Mortgage 124324,1496.35,other,retail_simulated_bank
2024-04-07,card pmt train ticket 257740,46.76,transportation,retail_simulated_bank
2023-04-22,ONLINE/PURCHASE/MISC/EXPENSE 379302,149.05,other,retail_simulated_bank
2023-09-23,Card/Pmt/Mortgage 712523,1720.47,other,retail_simulated_bank
2023-08-03,Online Purchase Gas Bill,232.31,other,retail_simulated_bank
2024-12-28,online-purchase-gym-membership 162622,26.93,other,retail_simulated_bank
2024-09-12,CARD PAYMENT ONLINE PURCHASE 339279,70.92,other,retail_simulated_bank
2024-04-06,CARD PMT MORTGAGE,1797.1,other,retail_simulated_bank
2024-03-02,Card Payment Netflix,22.39,other,retail_simulated_bank
2023-08-12,POS PURCHASE RENT 614172,1336.75,other,retail_simulated_bank
2024-12-11,FUEL UBER RIDE,74.85,transportation,retail_simulated_bank
2023-04-11,pos purchase electricity bill,173.47,other,retail_simulated_bank
2024-02-02,CARD PAYMENT MISC EXPENSE,71.46,other,retail_simulated_bank
2023-07-17,POS PURCHASE VEGETABLES,96.61,groceries,retail_simulated_bank
2023-01-03,Card*Pmt*Uber*Ride,97.36,transportation,retail_simulated_bank
2024-02-02,card pmt food delivery 289520,81.59,other,retail_simulated_bank
2024-12-29,Card Pmt Netflix,11.91,other,retail_simulated_bank
2023-07-13,Online Purchase Spotify 600853,13.27,other,retail_simulated_bank
2023-12-15,CARD-PAYMENT-FOOD-DELIVERY,89.42,other,retail_simulated_bank
2023-07-11,Pos Purchase Gas Bill 928801,39.51,other,retail_simulated_bank
2024-11-30,Online*Purchase*Electricity*Bill,241.64,other,retail_simulated_bank
2023-06-12,Card Pmt Misc Expense 644085,49.31,other,retail_simulated_bank
2024-11-18,POS-PURCHASE-RESTAURANT,49.09,other,retail_simulated_bank
2024-04-06,Online-Purchase-Mortgage 999486,998.64,other,retail_simulated_bank
2023-05-24,Pos Purchase Gas Bill 254075,41.8,other,retail_simulated_bank
2023-10-27,Pos Purchase Water Bill 819001,137.21,other,retail_simulated_bank
2023-02-04,Pos Purchase Food Delivery,51.47,other,retail_simulated_bank
2023-12-19,CARD-PAYMENT-NETFLIX 724633,15.99,other,retail_simulated_bank
2023-06-02,Pos/Purchase/Mortgage,658.66,other,retail_simulated_bank
2024-04-26,card payment milk,63.43,groceries,retail_simulated_bank
2023-11-13,TRANSPORT PMT UBER RIDE 666759,31.6,transportation,retail_simulated_bank
2024-04-26,card payment bus pass 62852,85.85,transportation,retail_simulated_bank
2023-06-13,Card Pmt Misc Expense 112534,19.34,other,retail_simulated_bank
2024-11-09,pos purchase chicken,85.87,groceries,retail_simulated_bank
2024-11-24,ONLINE PURCHASE NETFLIX 6,10.16,other,retail_simulated_bank
2024-03-24,Card Pmt Rent 1,1054.9,other,retail_simulated_bank
2023-06-03,card payment mortgage 442963,815.35,other,retail_simulated_bank
2023-01-28,card*pmt*gym*membership 947863,29.85,other,retail_simulated_bank
2024-03-05,fuel-fuel 956836,46.52,transportation,retail_simulated_bank
2023-09-20,pos purchase gym membership 8195,28.49,other,retail_simulated_bank
2023-12-15,Fuel Bus Pass,50.6,transportation,retail_simulated_bank
2023-08-06,POS PURCHASE SPOTIFY,38.93,other,retail_simulated_bank
2024-05-13,CARD PMT MORTGAGE,1299.61,other,retail_simulated_bank
2023-08-10,Online/Purchase/Misc/Expense 259426,138.67,other,retail_simulated_bank
2023-07-16,CARD PAYMENT WATER BILL 295043,218.72,other,retail_simulated_bank
2024-02-25,online purchase gym membership,14.2,other,retail_simulated_bank
2024-12-11,pos purchase milk 633602,79.37,groceries,retail_simulated_bank
2024-11-07,card pmt rent 635097,1127.84,other,retail_simulated_bank
2024-03-10,card pmt online purchase,142.36,other,retail_simulated_bank
2023-06-03,Online Purchase Netflix 358879,29.0,other,retail_simulated_bank
2023-12-12,Pos Purchase Chicken,68.29,groceries,retail_simulated_bank
2024-09-12,Pos Purchase Rent,1241.08,other,retail_simulated_bank
2024-04-18,CARD PMT RICE 326041,97.57,groceries,retail_simulated_bank
2023-12-15,Card Pmt Vegetables 298236,12.87,groceries,retail_simulated_bank
2024-08-21,pos/purchase/rent 369532,678.14,other,retail_simulated_bank
2024-09-18,Pos Purchase Online Purchase 531294,40.17,other,retail_simulated_bank
2024-05-02,Card Payment Rice 340999,67.15,groceries,retail_simulated_bank
2024-07-18,CARD PMT ELECTRICITY BILL 775477,190.19,other,retail_simulated_bank
2023-08-25,online purchase rent,1656.87,other,retail_simulated_bank
2024-09-02,POS-PURCHASE-GYM-MEMBERSHIP 223408,34.37,other,retail_simulated_bank
2023-04-26,online purchase internet bill,164.07,other,retail_simulated_bank
2024-05-06,Pos Purchase Eggs,35.98,groceries,retail_simulated_bank
2024-03-03,pos purchase bread,28.48,groceries,retail_simulated_bank
2023-05-09,card payment milk 1956,134.96,groceries,retail_simulated_bank
2023-10-14,CARD PAYMENT WATER BILL 467219,127.78,other,retail_simulated_bank
2024-09-27,pos purchase internet bill,99.42,other,retail_simulated_bank
2024-03-31,ONLINE PURCHASE SPOTIFY,23.95,other,retail_simulated_bank
2023-05-29,ONLINE PURCHASE ONLINE PURCH,133.93,other,retail_simulated_bank
2023-06-12,card payment rice 998951,31.45,groceries,retail_simulated_bank
2023-06-21,ONLINE PURCHASE RENT,1973.19,other,retail_simulated_bank
2023-10-26,ONLINE PURCHASE FOOD DELIVER,84.35,other,retail_simulated_bank
2024-01-10,CARD PMT FUEL 13485,106.44,transportation,retail_simulated_bank
2023-10-05,POS PURCHASE GYM MEMBERSHIP,30.92,other,retail_simulated_bank
2024-08-04,Pos Purchase Fast Food,4.93,other,retail_simulated_bank
2024-10-24,Pos Purchase Food Delivery 448071,123.82,other,retail_simulated_bank
2024-12-12,Online*Purchase*Fast*Food 712724,67.67,other,retail_simulated_bank
2023-07-01,Pos/Purchase/Mortgage 270355,1999.05,other,retail_simulated_bank
2024-07-17,fuel fuel 542853,34.98,transportation,retail_simulated_bank
2024-05-21,Pos Purchase Food Delivery 193641,39.84,other,retail_simulated_bank
2024-12-14,Card Pmt Gym Membership,20.45,other,retail_simulated_bank
2024-04-14,POS PURCHASE MORTGAGE 996039,1269.97,other,retail_simulated_bank
2023-03-30,CARD PAYMENT ONLINE PURCHASE 8,149.12,other,retail_simulated_bank
2023-11-10,pos purchase internet bill,63.69,other,retail_simulated_bank
2023-05-20,pos purchase internet,205.02,other,retail_simulated_bank
2023-03-14,online-purchase-netflix,29.05,other,retail_simulated_bank
2023-01-02,ONLINE*PURCHASE*MORTGAGE 475627,1212.57,other,retail_simulated_bank
2023-03-18,fuel train ticket 134381,130.26,transportation,retail_simulated_bank
2024-02-12,Online/Purchase/Mortgage 153844,1142.07,other,retail_simulated_bank
2024-12-07,pos purchase gym membership 202771,12.04,other,retail_simulated_bank
2024-04-28,Card Payment Misc Expense 760155,58.57,other,retail_simulated_bank
2023-05-28,Online Purchase Misc Expense 251051,96.49,other,retail_simulated_bank
2023-05-07,Card Payment Food Delivery,79.98,other,retail_simulated_bank
2023-09-01,Online Purchase Gas Bill 404771,180.64,other,retail_simulated_bank
2024-02-13,transport*pmt*bus*pass,15.23,transportation,retail_simulated_bank
2024-09-10,card/payment/online/p,15.46,other,retail_simulated_bank
2023-09-25,pos purchase chick,84.79,groceries,retail_simulated_bank
2024-12-20,pos purchase netflix 640924,5.1,other,retail_simulated_bank
2024-06-10,pos purchase rice 539207,3.17,groceries,retail_simulated_bank
2023-04-16,POS PURCHASE MISC EXPE,74.43,other,retail_simulated_bank
2024-04-23,transport payment train ticket 312045,8.79,transportation,retail_simulated_bank
2023-10-20,card pmt rent,676.74,other,retail_simulated_bank
2024-03-10,Card*Pmt*Eggs 540528,36.24,groceries,retail_simulated_bank
2024-01-24,Card*Payment*Gym*Membership,20.49,other,retail_simulated_bank
2023-10-28,online*purchase*food*delivery 255460,25.29,other,retail_simulated_bank
2023-12-02,online purchase restaurant 940484,101.44,other,retail_simulated_bank
2024-08-07,CARD/PAYMENT/MILK,8.14,groceries,retail_simulated_bank
2023-02-22,Card Payment Milk,102.41,groceries,retail_simulated_bank
2024-01-06,card pmt online,75.97,other,retail_simulated_bank
2024-01-17,POS PURCHASE VEGETABLES,28.96,groceries,retail_simulated_bank
2023-10-23,Card Payment Bread 314647,54.16,groceries,retail_simulated_bank
2024-10-03,online purchase spotify 480117,31.69,other,retail_simulated_bank
2024-11-21,pos-purchase-water-bill,32.63,other,retail_simulated_bank
2024-09-09,card payment internet bill,167.36,other,retail_simulated_bank
2024-11-21,card*payment*fast*food 70043,98.32,other,retail_simulated_bank
2024-03-08,card*pmt*mortgage 315458,1815.42,other,retail_simulated_bank
2023-09-18,Card Pmt Fuel 586483,112.98,transportation,retail_simulated_bank
2024-01-28,Pos Purchase Online Purchase 252427,53.94,other,retail_simulated_bank
2023-10-16,card/payment/mortgage,832.07,other,retail_simulated_bank
2023-12-24,Pos/Purchase/Rice 377766,44.78,groceries,retail_simulated_bank
2023-02-10,online purchase online purchase 371254,67.8,other,retail_simulated_bank
2023-07-12,Online Purchase Misc Expense,16.66,other,retail_simulated_bank
2023-08-24,POS PURCHASE INTERNET BILL,246.33,other,retail_simulated_bank
2024-02-09,CARD PMT MISC EXPENSE 763552,119.04,other,retail_simulated_bank
2024-11-23,pos-purchase-mortgage 197789,761.3,other,retail_simulated_bank
2023-11-24,pos purchase restaurant,126.11,other,retail_simulated_bank
2024-04-13,Card/Pmt/Fuel,115.72,transportation,retail_simulated_bank
2024-06-17,transport pmt uber ride,120.59,transportation,retail_simulated_bank
2023-03-22,card payment fuel 7,78.88,transportation,retail_simulated_bank
2023-02-05,TRANSPORT PMT BUS PASS 723,89.47,transportation,retail_simulated_bank
2023-12-12,Online Purchase Netflix 178514,33.68,other,retail_simulated_bank
2024-11-21,CARD PAYMENT SPOTIFY 958406,30.71,other,retail_simulated_bank
2023-12-05,fuel fuel,40.56,transportation,retail_simulated_bank
2024-07-25,CARD*PAYMENT*CHICKEN,93.73,groceries,retail_simulated_bank
2024-01-18,online purchase restaurant,29.85,other,retail_simulated_bank
2024-03-27,POS*PURCHASE*ONLINE*PURCHASE 998718,49.65,other,retail_simulated_bank
2024-12-09,Online Purchase Rent 102268,763.18,other,retail_simulated_bank
2024-12-10,Pos Purchase Vegetables,79.16,groceries,retail_simulated_bank
2023-09-14,POS PURCHASE ONLINE PURCHASE,144.44,other,retail_simulated_bank
2024-06-07,card-payment-food-delivery 703359,65.37,other,retail_simulated_bank
2024-09-02,Online Purchase Gym Membership 10319,30.44,other,retail_simulated_bank
2024-08-13,Pos Purchase Water Bill,108.53,other,retail_simulated_bank
2023-08-03,online purchase restaurant,76.51,other,retail_simulated_bank
2024-12-12,Pos Purchase Vegetables 179810,69.73,groceries,retail_simulated_bank
2023-01-09,Card/Payment/Gas/Bill,217.31,other,retail_simulated_bank
2023-06-01,CARD-PMT-ONLINE-PURCHAS,133.06,other,retail_simulated_bank
2024-05-22,Online*Purchase*Mortgage 920442,1084.63,other,retail_simulated_bank
2023-10-31,pos purchase ren,1792.19,other,retail_simulated_bank
2024-05-10,Online Purchase Netflix,23.1,other,retail_simulated_bank
2023-05-25,Online Purchase Online Purchase,108.58,other,retail_simulated_bank
2024-11-30,Card Pmt Eggs 956150,72.16,groceries,retail_simulated_bank
2024-01-31,fuel bus pass 5620,68.69,transportation,retail_simulated_bank
2023-09-11,POS PURCHASE EGGS,28.65,groceries,retail_simulated_bank
2024-07-14,Pos Purchase Restaurant 912671,73.82,other,retail_simulated_bank
2023-07-04,CARD PMT FUEL,148.04,transportation,retail_simulated_bank
2024-04-14,pos purchase eggs 537529,66.18,groceries,retail_simulated_bank
2023-10-05,POS PURCHASE INTERNET BILL 687935,40.43,other,retail_simulated_bank
2023-07-05,Card Pmt Train Ticket 574320,94.36,transportation,retail_simulated_bank
2024-03-14,pos*purchase*fast,130.05,other,retail_simulated_bank
2024-08-26,Online Purchase Gym Mem,26.65,other,retail_simulated_bank
2023-10-28,pos-purchase-gym-membership 522487,21.47,other,retail_simulated_bank
2024-04-07,Fuel Bus Pass,78.37,transportation,retail_simulated_bank
2023-08-30,Card/Payment/Misc/Expense,145.07,other,retail_simulated_bank
2024-09-17,CARD-PMT-UBER-RIDE 74323,19.99,transportation,retail_simulated_bank
2023-01-04,ONLINE PURCHASE WATER BILL 711757,225.91,other,retail_simulated_bank
2024-12-13,card*payment*mortgage 384297,1208.95,other,retail_simulated_bank
2023-03-07,CARD PMT FAST FOOD,100.53,other,retail_simulated_bank
2024-06-12,card payment rent,1854.14,other,retail_simulated_bank
2024-06-24,Online/Purchase/Netflix 788787,34.41,other,retail_simulated_bank
2023-09-06,Fuel Bus Pass 750174,73.34,transportation,retail_simulated_bank
2023-12-24,Card Pmt Food Delivery,118.88,other,retail_simulated_bank
2023-03-13,POS PURCHASE RESTAURANT 541031,138.4,other,retail_simulated_bank
2024-02-16,card payment fuel,84.49,transportation,retail_simulated_bank
2023-03-05,POS-PURCHASE-WATER-BILL 935325,82.8,other,retail_simulated_bank
2024-03-04,Pos*Purchase*Misc*Expense 971512,7.15,other,retail_simulated_bank
2023-11-20,Transport Payment Bus Pass,79.21,transportation,retail_simulated_bank
2023-05-14,Online Purchase Electricity Bill 77296,58.89,other,retail_simulated_bank
2023-09-05,ONLINE/PURCHASE/FOOD/DELIVERY,138.8,other,retail_simulated_bank
2024-11-22,pos purchase electricity bill 339490,126.8,other,retail_simulated_bank
2024-10-26,Online Purchase Internet Bill 535571,121.05,other,retail_simulated_bank
2023-12-27,card-pmt-gas-bill 834180,221.89,other,retail_simulated_bank
2023-04-18,card pmt restaurant 172029,129.65,other,retail_simulated_bank
2024-05-18,Pos*Purchase*Electricity*Bil,183.68,other,retail_simulated_bank
2023-02-18,CARD PAYMENT NETFLIX,22.09,other,retail_simulated_bank
2024-12-14,online purchase fast food 361518,14.4,other,retail_simulated_bank
2024-06-06,TRANSPORT PAYMENT BUS PASS,94.52,transportation,retail_simulated_bank
2023-12-29,Card Pmt Fuel 802626,58.38,transportation,retail_simulated_bank
2023-10-31,card pmt fast food 241146,107.17,other,retail_simulated_bank
2023-06-19,Card Payment Chicken,139.72,groceries,retail_simulated_bank
2023-06-25,Online Purchase Rent 306548,706.44,other,retail_simulated_bank
2023-11-20,POS PURCHASE MORTGAGE 656685,658.11,other,retail_simulated_bank
2024-09-12,Online Purchase Misc Expense,60.35,other,retail_simulated_bank
2023-06-10,Online-Purchase-Spotify 587708,22.55,other,retail_simulated_bank
2023-06-07,CARD PAYMENT MORTGAGE 917925,650.4,other,retail_simulated_bank
2023-08-14,POS PURCHASE BREAD 811126,14.65,groceries,retail_simulated_bank
2024-07-07,ONLINE PURCHASE ONLINE PURCHASE 971049,122.73,other,retail_simulated_bank
2023-06-21,CARD PAYMENT SPOTIFY,30.68,other,retail_simulated_bank
2024-03-18,Card Pmt Water Bill,75.76,other,retail_simulated_bank
2023-10-28,CARD PAYMENT FOOD DELIVERY 998238,67.16,other,retail_simulated_bank
2024-07-12,Online Purchase Internet Bill 484802,194.77,other,retail_simulated_bank
2024-07-08,Online Purchase Restaurant 810136,65.84,other,retail_simulated_bank
2024-04-18,Online Purchase Mortgage,801.64,other,retail_simulated_bank
2023-06-03,Card Payment Mortgage 145101,1611.33,other,retail_simulated_bank
2024-05-09,POS PURCHASE CHICKEN,149.11,groceries,retail_simulated_bank
2023-10-03,Online Purchase Food Delivery 898374,36.3,other,retail_simulated_bank
2023-01-08,Card Payment Restaurant 949667,143.62,other,retail_simulated_bank
2023-08-22,Card/Pmt/Re,100.88,other,retail_simulated_bank
2024-10-10,Pos-Purchase-Online-Purchase 888644,42.1,other,retail_simulated_bank
2023-12-17,TRANSPORT PMT BUS PASS,73.61,transportation,retail_simulated_bank
2024-10-27,Card Pmt Restaurant 612791,31.35,other,retail_simulated_bank
2023-02-07,online*purchase*internet*bill,187.04,other,retail_simulated_bank
2023-12-14,pos purchase eggs 137762,51.6,groceries,retail_simulated_bank
2023-03-04,Card Pmt Spotify,21.44,other,retail_simulated_bank
2023-05-10,pos purchase internet bill,169.93,other,retail_simulated_bank
2023-01-24,online purchase gas bill,208.22,other,retail_simulated_bank
2023-02-12,CARD*PMT*TRAIN*TICKET 184139,118.93,transportation,retail_simulated_bank
2023-12-12,Pos/Purchase/Online/Purchase,51.67,other,retail_simulated_bank
2024-12-18,Fuel-Fuel,79.62,transportation,retail_simulated_bank
2024-04-14,ONLINE PURCHASE RENT 200344,1714.07,other,retail_simulated_bank
2024-05-03,online purchase rent 252456,745.6,other,retail_simulated_bank
2024-08-20,Online Purchase Gym Membership,7.42,other,retail_simulated_bank
2023-10-20,Card Payment Food Delivery,118.3,other,retail_simulated_bank
2024-06-24,Pos/Purchase/Food/Delivery 279415,70.65,other,retail_simulated_bank
2023-01-11,pos purchase fast food,58.88,other,retail_simulated_bank
2023-09-28,Card-Payment-Bus-Pass,78.69,transportation,retail_simulated_bank
2023-07-11,CARD PMT MORTGAGE,919.57,other,retail_simulated_bank
2024-12-07,Online Purchase Rent,698.77,other,retail_simulated_bank
2024-07-01,pos purchase gas bill 770551,102.66,other,retail_simulated_bank
2023-01-11,ONLINE PURCHASE FOOD,67.34,other,retail_simulated_bank
2024-09-21,POS PURCHASE MORTGAGE 127314,934.81,other,retail_simulated_bank
2024-08-30,Fuel Bus Pass,88.65,transportation,retail_simulated_bank
2023-02-02,Online Purchase Mortgage,1190.44,other,retail_simulated_bank
2024-07-22,POS PURCHASE FAST FOOD 67960,6.53,other,retail_simulated_bank
2023-02-18,card*pmt*spotify 616560,7.98,other,retail_simulated_bank
2023-05-01,Pos Purchase Water Bill 468078,36.37,other,retail_simulated_bank
2023-05-28,CARD*PAYMENT*INTERNET*BILL 209462,197.03,other,retail_simulated_bank
2024-10-01,CARD PAYMENT NETFLIX,19.85,other,retail_simulated_bank
2024-07-15,CARD PAYMENT EGGS,133.99,groceries,retail_simulated_bank
2024-11-20,pos-purchase-online-purchase 30223,8.61,other,retail_simulated_bank
2023-08-12,CARD PMT MILK,56.8,groceries,retail_simulated_bank
2023-11-30,online purchase interne,207.79,other,retail_simulated_bank
2024-10-13,online purchase fast food 177087,6.11,other,retail_simulated_bank
2024-04-16,pos purchase mortgage,1316.09,other,retail_simulated_bank
2024-01-10,POS PURCHASE EGGS,139.12,groceries,retail_simulated_bank
2024-12-14,Online Purchase Spotify 80533,17.88,other,retail_simulated_bank
2024-05-21,card*payment*gym*membership,17.37,other,retail_simulated_bank
2024-01-15,Transport Payment Bus Pass 866355,92.91,transportation,retail_simulated_bank
2023-11-28,Card Pmt Uber Ride,133.98,transportation,retail_simulated_bank
2024-07-30,pos purchase rent 410837,1141.41,other,retail_simulated_bank
2024-01-09,POS-PURCHASE-RENT,1020.51,other,retail_simulated_bank
2024-07-26,Pos-Purchase-Misc-Expense 872304,134.94,other,retail_simulated_bank
2023-05-15,Card Payment Gas Bill 356202,181.73,other,retail_simulated_bank
2024-04-09,Online*Purchase*Mortgage 886616,1906.24,other,retail_simulated_bank
2024-10-27,card payment rent,704.03,other,retail_simulated_bank
2024-09-16,Fuel Uber Ride,131.43,transportation,retail_simulated_bank
2024-01-19,POS PURCHASE RENT 814061,1765.12,other,retail_simulated_bank
2023-11-24,card payment fast food 655739,107.45,other,retail_simulated_bank
2024-11-11,online/purchase/electricity/bill,38.88,other,retail_simulated_bank
2023-09-26,Online Purchase Internet Bill,198.31,other,retail_simulated_bank
2024-07-14,online*purchase*restaurant 892101,6.78,other,retail_simulated_bank
2024-01-07,CARD PAYMENT GAS BILL,71.48,other,retail_simulated_bank
2023-06-22,online purchase rent 16257,1912.07,other,retail_simulated_bank
2024-12-20,Pos Purchase Mortga,1000.02,other,retail_simulated_bank
2023-10-24,CARD PMT WATER BILL 385738,126.03,other,retail_simulated_bank
2023-04-01,Pos Purchase Rent 734122,726.36,other,retail_simulated_bank
2024-11-06,CARD PMT ONLINE PURCHASE,56.17,other,retail_simulated_bank
2024-08-04,card-pmt-gas-bill,99.74,other,retail_simulated_bank
2024-05-04,CARD PMT VEGETABLES 69674,6.96,groceries,retail_simulated_bank
2024-11-02,CARD PAYMENT SPOTIFY 857176,33.02,other,retail_simulated_bank
2023-03-30,online purchase water bill,119.46,other,retail_simulated_bank
2023-04-27,Pos Purchase Gym Me,38.83,other,retail_simulated_bank
2023-08-27,Card*Payment*Gas*Bill 30511,190.57,other,retail_simulated_bank
2023-07-26,Card*Payment*Bus*Pass,72.53,transportation,retail_simulated_bank
2024-03-13,Card Pmt Internet Bill,226.35,other,retail_simulated_bank
2023-10-25,ONLINE PURCHASE SPOTIFY,22.27,other,retail_simulated_bank
2023-04-30,Pos Purchase Online Purchase 508875,20.05,other,retail_simulated_bank
2024-12-13,Pos Purchase Electricity Bill 397990,166.23,other,retail_simulated_bank
2023-02-10,Card Payment Rent 691995,1991.5,other,retail_simulated_bank
2023-11-09,CARD-PAYMENT-EGGS,90.03,groceries,retail_simulated_bank
2024-09-08,CARD PAYMENT NETFLIX 874675,23.4,other,retail_simulated_bank
2024-06-24,card payment chicken,83.12,groceries,retail_simulated_bank
2023-11-06,ONLINE PURCHASE RENT 958150,1548.4,other,retail_simulated_bank
2023-04-30,Online/Purchase/Misc/Expense 215,26.19,other,retail_simulated_bank
2024-08-27,POS/PURCHASE/ONLINE/PURCHASE,102.39,other,retail_simulated_bank
2024-11-17,CARD PAYMENT CHICKEN,25.65,groceries,retail_simulated_bank
2024-12-13,online purchase water bill,242.13,other,retail_simulated_bank
2024-03-17,Online Purchase Electricity Bill 396136,63.35,other,retail_simulated_bank
2023-11-04,POS PURCHASE MISC EXPENSE 806954,74.89,other,retail_simulated_bank
2024-11-01,CARD PMT RENT,719.11,other,retail_simulated_bank
2024-05-05,pos purchase electricity,225.33,other,retail_simulated_bank
2023-01-31,card payment uber ride 61288,50.2,transportation,retail_simulated_bank
2023-06-12,POS PURCHASE BREAD,109.16,groceries,retail_simulated_bank
2023-09-27,pos/purchase/bread,43.05,groceries,retail_simulated_bank
2023-03-20,Pos Purchase Spotify 621552,38.54,other,retail_simulated_bank
2023-12-20,Transport Payment Fuel,116.18,transportation,retail_simulated_bank
2023-12-22,Card Payment Vegetables 205125,75.9,groceries,retail_simulated_bank
2024-10-30,Online Purchase Online Purchase 352648,55.64,other,retail_simulated_bank
2024-01-22,Online Purchase Restaurant,36.24,other,retail_simulated_bank
2023-01-27,CARD PAYMENT ONLINE PURCH,20.3,other,retail_simulated_bank
2024-10-19,Pos Purchase Online Purchase,100.33,other,retail_simulated_bank
2024-11-18,POS PURCHASE GYM MEMBERSHIP,27.83,other,retail_simulated_bank
2024-03-26,POS PURCHASE RENT,1844.34,other,retail_simulated_bank
2024-08-10,Pos Purchase Online Purchase 1917,143.25,other,retail_simulated_bank
2024-03-10,Online Purchase Spotify,12.2,other,retail_simulated_bank
2023-12-20,Online Purchase Fast Food 511769,6.34,other,retail_simulated_bank
2024-02-11,Card Payment Gym Membership 336353,36.99,other,retail_simulated_bank
2023-05-21,online purchase food delivery,91.88,other,retail_simulated_bank
2024-04-17,POS PURCHASE ONLINE PURCHASE 307758,35.08,other,retail_simulated_bank
2024-11-28,card pmt milk 191170,75.49,groceries,retail_simulated_bank
2024-08-16,Transport Payment Uber Ri,117.86,transportation,retail_simulated_bank
2023-02-19,online purchase restaurant 476030,43.33,other,retail_simulated_bank
2023-11-02,Pos Purchase Spotify,11.39,other,retail_simulated_bank
2024-07-01,ONLINE PURCHASE ELECTRICITY BILL 788758,119.37,other,retail_simulated_bank
2024-12-13,Online/Purchase/Misc/Expense 851195,46.09,other,retail_simulated_bank
2024-10-28,Pos Purchase Gym Membership,11.74,other,retail_simulated_bank
2023-01-06,card payment water bill,161.95,other,retail_simulated_bank
2024-06-21,Online Purchase Misc Expense 194487,30.42,other,retail_simulated_bank
2024-12-10,POS PURCHASE MISC EXPENSE 285275,137.26,other,retail_simulated_bank
2023-10-08,Card Payment Gas Bill 330995,104.29,other,retail_simulated_bank
2023-04-26,card pmt bus pass 207956,149.84,transportation,retail_simulated_bank
2023-01-25,Pos Purchase Electricity Bill,240.06,other,retail_simulated_bank
2023-08-29,Pos Purchase Gas Bill 988362,66.32,other,retail_simulated_bank
2023-07-31,ONLINE/PURCHASE/FAST/FOOD 46098,82.77,other,retail_simulated_bank
2024-07-30,Card Pmt Gym Membership 910249,18.87,other,retail_simulated_bank
2023-09-04,pos purchase online purchase 45,24.37,other,retail_simulated_bank
2024-02-26,ONLINE PURCHASE,29.32,other,retail_simulated_bank
2023-11-15,fuel*fuel 995162,56.52,transportation,retail_simulated_bank
2023-10-08,Online Purchase Fast Food 54494,135.09,other,retail_simulated_bank
2023-09-30,card*payment*spotify 261012,38.03,other,retail_simulated_bank
2023-04-01,card payment ric,36.94,groceries,retail_simulated_bank
2023-12-07,Card Pmt Electricity Bill,53.24,other,retail_simulated_bank
2024-05-07,Fuel Train Ticket 999582,87.54,transportation,retail_simulated_bank
2024-01-02,CARD PMT RESTAURANT,20.91,other,retail_simulated_bank
2023-10-03,Card Pmt Spotify,8.62,other,retail_simulated_bank
2023-07-02,Transport Pmt Uber Ride 747139,57.37,transportation,retail_simulated_bank
2024-12-20,pos purchase netflix,29.9,other,retail_simulated_bank
2024-07-05,CARD PMT RESTAURANT 118933,13.69,other,retail_simulated_bank
2024-01-31,pos purchase restaurant 274314,17.99,other,retail_simulated_bank
2023-03-19,Card Payment Bread 701195,131.99,groceries,retail_simulated_bank
2024-02-14,CARD PAYMENT CHICKEN,92.31,groceries,retail_simulated_bank
2024-12-27,online purchase rent,1078.37,other,retail_simulated_bank
2023-09-22,CARD PMT MORTGAGE,1090.89,other,retail_simulated_bank
2024-06-02,Card Pmt Internet Bill 367665,84.3,other,retail_simulated_bank
2023-08-26,ONLINE/PURCHASE/MISC/E,138.96,other,retail_simulated_bank
2023-10-01,card pmt fast food 474948,16.16,other,retail_simulated_bank
2024-11-23,ONLINE PURCHASE ONLINE PURCHASE,32.17,other,retail_simulated_bank
2023-12-13,Transport*Pmt*Bus*Pass 19849,44.28,transportation,retail_simulated_bank
2024-03-10,pos purchase misc expense 554866,102.16,other,retail_simulated_bank
2023-01-08,Card Pmt Milk 681033,36.94,groceries,retail_simulated_bank
2024-02-28,Online Purchase Online Purchase 860041,16.63,other,retail_simulated_bank
2023-08-14,Pos Purchase Rent 209916,1685.61,other,retail_simulated_bank
2023-10-01,Pos*Purchase*Spotify,21.51,other,retail_simulated_bank
2024-03-31,ONLINE PURCHASE RENT,1512.29,other,retail_simulated_bank
2024-07-01,POS PURCHASE RENT,1342.53,other,retail_simulated_bank
2023-11-29,Fuel Uber Ride,141.52,transportation,retail_simulated_bank
2024-08-22,POS-PURCHASE-MISC-EXPENSE 925177,6.16,other,retail_simulated_bank
2024-08-10,CARD/PAYMENT/GAS/BILL 662724,187.55,other,retail_simulated_bank
2024-01-05,Pos Purchase Rice 545407,103.4,groceries,retail_simulated_bank
2023-07-13,Pos/Purchase/Chicken 691050,19.68,groceries,retail_simulated_bank
2023-01-20,CARD PMT FOOD DE,119.24,other,retail_simulated_bank
2024-07-29,Pos-Purchase-Gas-Bill 853427,168.24,other,retail_simulated_bank
2024-04-30,fuel train ticket,131.13,transportation,retail_simulated_bank
2024-12-08,ONLINE-PURCHASE-MISC-EXPENSE 180441,7.99,other,retail_simulated_bank
2024-08-07,CARD-PMT-RESTAURANT,122.14,other,retail_simulated_bank
2023-05-08,Transport Pmt Bus Pass 411229,131.81,transportation,retail_simulated_bank
2023-12-30,card payment train ticket 822799,90.31,transportation,retail_simulated_bank
2024-02-01,Transport Pmt Bus Pass 208823,93.12,transportation,retail_simulated_bank
2023-05-22,online purchase food delivery,51.41,other,retail_simulated_bank
2024-12-14,Pos Purchase Online Purchas,147.2,other,retail_simulated_bank
2023-12-29,online*purchase*food*delivery 129769,105.63,other,retail_simulated_bank
2023-12-18,card pmt misc expense 640686,22.17,other,retail_simulated_bank
2023-03-10,Online Purchase Electricity Bill 141631,54.69,other,retail_simulated_bank
2024-08-16,card payment mortgage 825302,1028.45,other,retail_simulated_bank
2023-07-08,CARD PAYMENT MORTGAGE,1046.49,other,retail_simulated_bank
2024-12-29,online purchase gas bill,209.55,other,retail_simulated_bank
2024-06-10,CARD PMT WATER BILL 328450,122.96,other,retail_simulated_bank
2024-11-30,Card/Payment/Spotify 185895,29.04,other,retail_simulated_bank
2024-03-31,pos purchase online purchase,10.79,other,retail_simulated_bank
2023-04-16,pos purchase rice 773696,84.76,groceries,retail_simulated_bank
2024-02-19,POS PURCHASE GAS BILL,104.32,other,retail_simulated_bank
2023-02-11,Card-Payment-Vegetables 8,111.55,groceries,retail_simulated_bank
2024-08-02,ONLINE-PURCHASE-MISC-EXPENSE 486329,131.47,other,retail_simulated_bank
2023-10-23,TRANSPORT PAYMENT BUS PASS,16.21,transportation,retail_simulated_bank
2023-06-03,pos purchase water bill 619405,107.13,other,retail_simulated_bank
2024-05-09,Online-Purchase-Online-Purchase 711686,97.07,other,retail_simulated_bank
2024-11-05,ONLINE PURCHASE INTERNET BILL 675146,219.08,other,retail_simulated_bank
2023-05-08,Card Payment Food Delivery 40610,149.05,other,retail_simulated_bank
2023-11-30,CARD PMT RENT 151730,793.93,other,retail_simulated_bank
2024-12-29,pos-purchase-fast-food,96.67,other,retail_simulated_bank
2023-12-16,card pmt restaurant 559894,124.71,other,retail_simulated_bank
2023-03-08,Online/Purchase/Gym/Membership,30.51,other,retail_simulated_bank
2024-11-22,Online*Purchase*Misc*Expense 727491,144.09,other,retail_simulated_bank
2023-01-03,Card Payment Gym Membership,37.63,other,retail_simulated_bank
2023-04-29,Online/Purchase/Food/Delivery 247397,87.8,other,retail_simulated_bank
2024-02-15,ONLINE PURCHASE RESTAURANT 296611,14.18,other,retail_simulated_bank
2024-10-27,Card/Pmt/Bus/Pass 781707,59.13,transportation,retail_simulated_bank
2024-05-31,card payment milk,149.91,groceries,retail_simulated_bank
2023-11-07,Card Pmt Electricity Bill 562539,130.64,other,retail_simulated_bank
2024-11-17,online purchase g,137.68,other,retail_simulated_bank
2024-12-28,POS PURCHASE GYM MEMBERSHIP,31.79,other,retail_simulated_bank
2024-05-09,Online Purchase Water Bill 607859,188.75,other,retail_simulated_bank
2023-02-27,Transport-Payment-Fuel 395637,70.4,transportation,retail_simulated_bank
2023-05-04,Pos Purchase Food Delive,85.39,other,retail_simulated_bank
2023-04-08,Card-Pmt-Rent 766101,841.61,other,retail_simulated_bank
2024-07-22,Online Purchase Electricity Bill,189.96,other,retail_simulated_bank
2023-06-17,POS PURCHASE ONLINE PURCHASE,83.94,other,retail_simulated_bank
2024-08-08,CARD PAYMENT ONLINE PURCHASE 13696,62.71,other,retail_simulated_bank
2024-02-26,POS*PURCHASE*NETFLIX,28.3,other,retail_simulated_bank
2023-07-28,pos purchase rent,1202.53,other,retail_simulated_bank
2024-01-05,Online Purchase Netflix,27.63,other,retail_simulated_bank
2024-02-17,card*pmt*restaurant 721334,63.25,other,retail_simulated_bank
2023-01-02,pos*purchase*online*purchase 646728,146.34,other,retail_simulated_bank
2024-04-28,pos purchase online purchase 528746,30.77,other,retail_simulated_bank
2023-01-22,CARD PAYMENT VEGETABLES 562526,90.28,groceries,retail_simulated_bank
2024-05-14,Card*Pmt*Restaurant,122.18,other,retail_simulated_bank
2024-03-02,Pos Purchase Netflix,22.92,other,retail_simulated_bank
2023-08-19,POS PURCHASE MORTGAGE 258539,1914.91,other,retail_simulated_bank
2024-12-24,Online Purchase Electricity Bill 83296,214.94,other,retail_simulated_bank
2024-06-11,Card Payment Chicken,144.69,groceries,retail_simulated_bank
2024-11-19,POS PURCHASE GAS BILL 845673,160.65,other,retail_simulated_bank
2024-03-26,ONLINE*PURCHASE*MORTGAGE 89000,1026.26,other,retail_simulated_bank
2023-06-30,CARD PMT MISC EXPENSE 904198,140.28,other,retail_simulated_bank
2023-10-21,POS PURCHASE SPOTIFY 344694,34.83,other,retail_simulated_bank
2024-03-28,Online Purchase Mortgage 122270,1152.95,other,retail_simulated_bank
2023-10-10,POS/PURCHASE/INTERNET/BILL 771885,109.3,other,retail_simulated_bank
2024-05-29,Card Payment Chicken 426834,77.95,groceries,retail_simulated_bank
2023-10-05,CARD*PMT*RICE 499126,149.7,groceries,retail_simulated_bank
2023-01-04,ONLINE PURCHASE FAST FOOD 877549,87.88,other,retail_simulated_bank
2023-12-08,CARD/PMT/ONLINE/PURCHASE 982,31.49,other,retail_simulated_bank
2023-03-04,Pos Purchase Online Purchase,113.96,other,retail_simulated_bank
2023-08-20,POS PURCHASE INTERNET BILL,117.38,other,retail_simulated_bank
2024-02-03,Card Pmt Bread,21.38,groceries,retail_simulated_bank
2024-01-16,Online Purchase Mortgage 333993,1934.24,other,retail_simulated_bank
2024-09-18,Online Purchase Restaurant,38.5,other,retail_simulated_bank
2023-09-22,pos purchase rent 125315,1246.03,other,retail_simulated_bank
2023-08-21,online purchase online purchase 718903,110.67,other,retail_simulated_bank
2023-12-18,Fuel*Uber*Ride 538189,66.6,transportation,retail_simulated_bank
2024-05-05,CARD PAYMENT WATER BILL,117.94,other,retail_simulated_bank
2024-12-26,card*payment*uber*ride 224045,21.4,transportation,retail_simulated_bank
2024-08-30,card payment netflix 914022,27.15,other,retail_simulated_bank
2024-01-02,card payment milk 243830,108.86,groceries,retail_simulated_bank
2024-02-22,card pmt online purchase,61.72,other,retail_simulated_bank
2023-08-25,Card Pmt Netflix,22.24,other,retail_simulated_bank
2023-12-30,Pos Purchase Gas Bill 625075,147.21,other,retail_simulated_bank
2024-06-16,Card/Pmt/Mortgage 779666,1925.06,other,retail_simulated_bank
2023-08-13,card pmt intern,203.04,other,retail_simulated_bank
2023-12-12,Online-Purchase-Food-Delivery,28.98,other,retail_simulated_bank
2023-08-27,POS PURCHASE ONLINE PURCH,18.0,other,retail_simulated_bank
2024-12-16,pos purchase online purchase,108.47,other,retail_simulated_bank
2023-11-16,Card Pmt Rent 313247,1570.1,other,retail_simulated_bank
2023-07-29,Card/Pmt/Water/Bill 70398,227.15,other,retail_simulated_bank
2023-08-27,Pos Purchase Mortgage 681817,876.52,other,retail_simulated_bank
2024-10-09,Pos/Purchase/Online/Purchase,103.37,other,retail_simulated_bank
2024-10-11,Pos*Purchase*Rent 722213,1113.99,other,retail_simulated_bank
2024-10-23,Online Purchase Online Purchase,21.8,other,retail_simulated_bank
2023-01-13,pos purchase food delivery,95.01,other,retail_simulated_bank
2023-04-14,TRANSPORT PMT FUEL,35.21,transportation,retail_simulated_bank
2024-01-16,card*pmt*gym*membership,27.46,other,retail_simulated_bank
2024-03-07,Pos Purchase Online Purchase 225249,73.2,other,retail_simulated_bank
2024-10-30,ONLINE PURCHASE GYM MEMBERSHIP,5.58,other,retail_simulated_bank
2024-01-01,online purchase mortgage 7801,1781.81,other,retail_simulated_bank
2024-12-08,Card Payment Bus Pass 992216,110.0,transportation,retail_simulated_bank
2024-07-06,Card Pmt Electricity Bill 526497,176.45,other,retail_simulated_bank
2024-11-15,POS PURCHASE ONLINE PURCHASE,71.14,other,retail_simulated_bank
2024-12-31,Card Payment Internet Bill,101.11,other,retail_simulated_bank
2024-09-08,CARD/PMT/INTERNET/BILL 985268,243.34,other,retail_simulated_bank
2024-09-23,card-payment-food-delivery,80.81,other,retail_simulated_bank
2024-07-23,ONLINE PURCHASE GAS BILL 943077,59.21,other,retail_simulated_bank
2024-09-13,CARD PMT ELECTRICITY BILL 31669,130.5,other,retail_simulated_bank
2023-08-11,Card*Pmt*Food*Delivery,101.8,other,retail_simulated_bank
2023-09-01,Online Purchase Rent 536547,1121.21,other,retail_simulated_bank
2024-08-18,pos purchase electricity bill,112.31,other,retail_simulated_bank
2024-01-07,ONLINE PURCHASE MISC EXPENSE,144.7,other,retail_simulated_bank
2023-01-31,Card/Pmt/Online/Purchase,103.1,other,retail_simulated_bank
2024-10-26,Card*Payment*Gas*Bill,125.9,other,retail_simulated_bank
2024-02-17,ONLINE PURCHASE SPOTIFY,31.86,other,retail_simulated_bank
2024-03-03,card pmt mortgage,1016.73,other,retail_simulated_bank
2024-08-04,ONLINE PURCHASE RESTAURANT,131.01,other,retail_simulated_bank
2024-07-26,Card Pmt Gym Membership,13.63,other,retail_simulated_bank
2023-01-01,Card Pmt Spotify 42826,8.12,other,retail_simulated_bank
2024-04-25,ONLINE PURCHASE GAS BILL 668528,62.26,other,retail_simulated_bank
2023-11-30,Online*Purchase*Restaurant 837917,25.45,other,retail_simulated_bank
2024-11-24,fuel fuel 689955,38.58,transportation,retail_simulated_bank
2024-11-23,card payment fast food,33.27,other,retail_simulated_bank
2023-09-21,Online*Purchase*Restaurant 737351,90.7,other,retail_simulated_bank
2023-07-25,card payment spotify 610921,15.12,other,retail_simulated_bank
2023-10-20,pos*purchase*gym*membership,32.58,other,retail_simulated_bank
2024-11-09,Card Pmt Fast Food,67.02,other,retail_simulated_bank
2024-06-09,Online*Purchase*Mortgage 71487,1257.9,other,retail_simulated_bank
2023-06-03,POS PURCHASE RESTAURANT 303185,7.6,other,retail_simulated_bank
2024-04-23,online/purchase/rent 623683,805.06,other,retail_simulated_bank
2023-06-21,card pmt internet bill 6,78.72,other,retail_simulated_bank
2024-04-17,Fuel Fuel 510383,99.55,transportation,retail_simulated_bank
2023-10-19,Pos Purchase Water Bill,190.54,other,retail_simulated_bank
2023-03-08,ONLINE PURCHASE SPOTIFY 842900,12.48,other,retail_simulated_bank
2023-04-09,Card Payment Food Delivery 395395,60.54,other,retail_simulated_bank
2024-07-15,Card Payment Netflix 710166,5.36,other,retail_simulated_bank
2023-01-24,pos purchase spotify,38.96,other,retail_simulated_bank
2023-06-07,Online Purchase Mortgage,1802.4,other,retail_simulated_bank
2024-04-03,card pmt fast food,47.72,other,retail_simulated_bank
2024-06-10,card payment online purchase 1786,100.68,other,retail_simulated_bank
2023-10-14,Card-Pmt-Bus-Pass 11344,95.62,transportation,retail_simulated_bank
2023-03-01,POS*PURCHASE*RICE,148.78,groceries,retail_simulated_bank
2024-05-22,POS PURCHASE ONLINE PURCHASE 976341,91.12,other,retail_simulated_bank
2024-12-25,Pos Purchase Rice,46.02,groceries,retail_simulated_bank
2023-01-15,ONLINE PURCHASE MORTGAGE 249885,1382.92,other,retail_simulated_bank
2023-09-10,CARD PAYMENT BUS PASS 73479,113.43,transportation,retail_simulated_bank
2023-11-04,Online Purchase Mortgage,1945.91,other,retail_simulated_bank
2024-12-06,FUEL*FUEL 839429,119.54,transportation,retail_simulated_bank
2024-12-29,online purchase internet bill,224.08,other,retail_simulated_bank
2024-08-09,Transport Payment Train Ticket 825701,76.67,transportation,retail_simulated_bank
2024-03-23,card pmt vegetables 125298,51.77,groceries,retail_simulated_bank
2024-03-29,transport payment uber ride,84.31,transportation,retail_simulated_bank
2024-08-30,pos purchase spotify,20.49,other,retail_simulated_bank
2023-10-08,Card Pmt Gym Membership,39.18,other,retail_simulated_bank
2024-02-17,Card-Pmt-Gas-Bill,163.37,other,retail_simulated_bank
2024-02-09,pos purchase spotify 581488,22.62,other,retail_simulated_bank
2024-06-07,POS PURCHASE GAS BILL 896031,82.74,other,retail_simulated_bank
2024-09-14,pos purchase misc expense 559404,44.22,other,retail_simulated_bank
2023-08-26,Online-Purchase-Rent,911.21,other,retail_simulated_bank
2024-09-01,Transport Pmt Bus Pass 441698,80.67,transportation,retail_simulated_bank
2023-07-11,CARD PAYMENT TRAIN TICKET 439978,149.52,transportation,retail_simulated_bank
2024-02-03,online purchase online purchase,103.85,other,retail_simulated_bank
2023-03-07,card pmt bread 179336,77.15,groceries,retail_simulated_bank
2023-08-03,CARD PAYMENT CHICKEN,83.25,groceries,retail_simulated_bank
2023-10-25,fuel bus pass 653047,64.68,transportation,retail_simulated_bank
2023-11-03,Pos*Purchase*Fa,3.1,other,retail_simulated_bank
2024-03-27,Pos Purchase Netflix,19.08,other,retail_simulated_bank
2024-08-19,TRANSPORT/PAYMENT/FUEL,66.26,transportation,retail_simulated_bank
2023-03-25,pos purchase vegetables,112.03,groceries,retail_simulated_bank
2023-04-29,Online Purchase Restaurant 119279,30.38,other,retail_simulated_bank
2023-09-01,pos purchase misc expense,9.51,other,retail_simulated_bank
2024-07-18,pos/purchase/mortgage 906438,1970.65,other,retail_simulated_bank
2024-12-29,online purchase misc expense,107.39,other,retail_simulated_bank
2023-02-15,Card Payment Rent 458979,1864.12,other,retail_simulated_bank
2024-06-17,Pos Purchase Eggs 333230,21.03,groceries,retail_simulated_bank
2024-07-10,card payment netflix,18.05,other,retail_simulated_bank
2024-02-15,Online Purchase Food Delivery,108.12,other,retail_simulated_bank
2024-06-11,Pos Purchase Milk 255098,122.79,groceries,retail_simulated_bank
2023-01-27,CARD-PAYMENT-BUS-PASS 295060,113.13,transportation,retail_simulated_bank
2024-06-15,pos purchase gas bill,136.02,other,retail_simulated_bank
2023-02-01,pos*purchase*milk 700097,148.75,groceries,retail_simulated_bank
2023-12-29,Card*Payment*Bread 208264,128.77,groceries,retail_simulated_bank
2024-07-08,POS PURCHASE MISC EXPENSE,16.92,other,retail_simulated_bank
2024-01-30,POS PURCHASE EGGS,85.16,groceries,retail_simulated_bank
2024-08-15,pos-purchase-rent,1450.62,other,retail_simulated_bank
2024-10-02,Card Pmt Bread 4662,137.26,groceries,retail_simulated_bank
2023-12-31,Pos Purchase Misc Expense 338718,8.32,other,retail_simulated_bank
2024-11-18,Transport*Payment*Uber*Ride 148862,87.61,transportation,retail_simulated_bank
2024-08-13,CARD PMT ONLINE PURCHASE 652515,125.5,other,retail_simulated_bank
2024-05-28,CARD PAYMENT FOOD DELIVERY 546419,67.39,other,retail_simulated_bank
2024-05-09,POS PURCHASE FOOD DELIVERY,75.39,other,retail_simulated_bank
2023-11-15,Card Pmt Chicken,4.69,groceries,retail_simulated_bank
2023-06-16,CARD PMT NETFLIX 612168,12.14,other,retail_simulated_bank
2024-12-19,Pos Purchase Misc Expense 148044,5.54,other,retail_simulated_bank
2023-06-07,card pmt chicken 285952,65.12,groceries,retail_simulated_bank
2023-07-19,Online Purchase Netflix,9.92,other,retail_simulated_bank
2023-05-19,card pmt bus pass 240241,26.99,transportation,retail_simulated_bank
2023-09-29,Pos Purchase Chicke,131.12,groceries,retail_simulated_bank
2023-08-07,Pos Purchase Vegetables 308146,10.67,groceries,retail_simulated_bank
2024-04-27,Online*Purchase*Food*Delivery,13.74,other,retail_simulated_bank
2023-12-24,pos purchase fast food 742588,79.76,other,retail_simulated_bank
2023-09-19,Pos Purchase Restaurant,108.3,other,retail_simulated_bank
2024-12-08,ONLINE PURCHASE NETFLIX 47508,8.72,other,retail_simulated_bank
2023-02-03,online purchase internet bill 584643,192.94,other,retail_simulated_bank
2024-08-29,card pmt rent,1992.55,other,retail_simulated_bank
2024-03-15,Online Purchase Misc Expense 927982,141.65,other,retail_simulated_bank
2023-06-22,Card Pmt Fuel 712903,102.04,transportation,retail_simulated_bank
2023-02-19,pos purchase milk,84.49,groceries,retail_simulated_bank
2023-05-05,Card Pmt Online Purchase,82.68,other,retail_simulated_bank
2023-08-24,card pmt rent 628095,1594.64,other,retail_simulated_bank
2023-07-06,Online/Purchase/Online/Purchase,31.76,other,retail_simulated_bank
2024-06-04,Transport Pmt Bus Pass 12458,88.81,transportation,retail_simulated_bank
2023-05-19,card payment misc expense 709332,88.38,other,retail_simulated_bank
2023-08-15,POS PURCHASE RICE,118.84,groceries,retail_simulated_bank
2023-12-16,Pos Purchase Eggs,122.95,groceries,retail_simulated_bank
2024-12-18,card pmt spotify 916748,29.06,other,retail_simulated_bank
2024-12-21,card payment netflix 81800,35.85,other,retail_simulated_bank
2024-02-19,Online Purchase Food Delivery 498012,18.84,other,retail_simulated_bank
2024-01-03,CARD/PAYMENT/ONLINE/PURCHASE 601036,145.13,other,retail_simulated_bank
2023-03-08,CARD PMT EGGS 691835,27.0,groceries,retail_simulated_bank
2023-01-07,POS PURCHASE ELECTRICITY BILL 281141,204.37,other,retail_simulated_bank
2023-04-16,POS PURCHASE NETFLIX,14.59,other,retail_simulated_bank
2024-02-21,pos purchase rent 380392,1646.01,other,retail_simulated_bank
2024-12-19,card pmt online purchase 323981,131.84,other,retail_simulated_bank
2023-04-15,Card Pmt Vegetables 258298,92.84,groceries,retail_simulated_bank
2024-07-19,card pmt uber ride,121.25,transportation,retail_simulated_bank
2024-07-31,card/payment/online/purchase,43.16,other,retail_simulated_bank
2023-12-27,Fuel Bus Pass 17356,44.23,transportation,retail_simulated_bank
2024-11-27,Pos Purchase Rice,4.7,groceries,retail_simulated_bank
2024-05-28,Online Purchase Misc Expense 199891,124.81,other,retail_simulated_bank
2024-12-09,CARD*PMT*RICE 88159,124.67,groceries,retail_simulated_bank
2024-03-18,Card Pmt Fast Food 769566,53.05,other,retail_simulated_bank
2024-07-13,POS PURCHASE GYM MEMBERSHIP 345492,26.64,other,retail_simulated_bank
2023-02-11,Online*Purchase*Misc*Expense 652389,87.01,other,retail_simulated_bank
2023-10-08,POS*PURCHASE*FAST*FOOD,23.82,other,retail_simulated_bank
2024-09-25,pos purchase eggs,24.03,groceries,retail_simulated_bank
2024-10-28,ONLINE PURCHASE RENT,1102.72,other,retail_simulated_bank
2023-07-15,online*purchase*fast*food,29.33,other,retail_simulated_bank
2024-09-11,CARD PAYMENT MORTGAGE 870254,1653.85,other,retail_simulated_bank
2023-07-19,card pmt chicken,121.54,groceries,retail_simulated_bank
2023-10-20,POS PURCHASE MILK 834669,60.44,groceries,retail_simulated_bank
2024-10-07,POS PURCHASE RESTAURANT,80.09,other,retail_simulated_bank
2023-10-28,Online Purchase Restaurant 357572,72.0,other,retail_simulated_bank
2023-01-15,POS PURCHASE MORTGAGE 836528,1048.24,other,retail_simulated_bank
2024-02-02,pos purchase internet bill 841446,207.46,other,retail_simulated_bank
2024-02-01,pos-purchase-milk 676114,114.51,groceries,retail_simulated_bank
2023-11-12,POS PURCHASE INTERNET BILL,198.96,other,retail_simulated_bank
2024-02-14,Online Purchase Gym Membership 279124,33.28,other,retail_simulated_bank
2024-11-22,Online Purchase Gym Membership 868219,39.93,other,retail_simulated_bank
2023-05-08,CARD PMT FAST FOOD,98.62,other,retail_simulated_bank
2024-05-24,Pos Purchase Fast Food,58.64,other,retail_simulated_bank
2023-06-11,card pmt mortgage 206888,1013.49,other,retail_simulated_bank
2024-05-24,pos/purchase/eggs 568993,123.81,groceries,retail_simulated_bank
2023-11-27,online purchase water bill 298276,236.32,other,retail_simulated_bank
2023-06-05,Pos-Purchase-Gas-Bill,74.68,other,retail_simulated_bank
2023-01-01,Transport Payment Fuel 392340,125.18,transportation,retail_simulated_bank
2024-09-26,Card-Payment-Spotify 192206,23.29,other,retail_simulated_bank
2024-04-08,fuel fuel 75589,132.15,transportation,retail_simulated_bank
2023-12-14,Pos/Purchase/Electricity/Bill,216.83,other,retail_simulated_bank
2024-01-04,POS PURCHASE ONLINE PURCHASE 488416,4.21,other,retail_simulated_bank
2023-07-12,Card*Payment*Rent,1674.56,other,retail_simulated_bank
2024-02-28,Card Payment Rent 512039,1120.05,other,retail_simulated_bank
2024-09-30,CARD PAYMENT EGGS,93.06,groceries,retail_simulated_bank
2023-05-10,Card Payment Gas Bill 980261,83.28,other,retail_simulated_bank
2023-05-31,Card/Payment/Rent 975140,719.28,other,retail_simulated_bank
2023-08-20,Pos Purchase Spotif,36.12,other,retail_simulated_bank
2024-12-16,Card Pmt Rent 889316,988.03,other,retail_simulated_bank
2024-07-05,POS PURCHASE RENT 935237,643.36,other,retail_simulated_bank
2023-09-29,Pos Purchase Misc Expense 938362,78.26,other,retail_simulated_bank
2024-05-08,online/purchase/rent 25003,1489.25,other,retail_simulated_bank
2023-02-16,Pos Purchase Gym Membership,35.59,other,retail_simulated_bank
2023-04-28,online purchase online purchase,17.21,other,retail_simulated_bank
2023-04-05,pos purchase food delivery,24.65,other,retail_simulated_bank
2024-11-28,CARD/PAYMENT/INTERNET/BILL 651442,154.49,other,retail_simulated_bank
2023-02-13,Online Purchase Rent 729312,1514.4,other,retail_simulated_bank
2023-11-15,pos purchase misc expense 44987,25.14,other,retail_simulated_bank
2024-09-23,ONLINE PURCHASE INTERNET BILL,131.9,other,retail_simulated_bank
2024-11-26,ONLINE PURCHASE MISC EXPENSE 565608,122.18,other,retail_simulated_bank
2024-04-07,transport payment bus pass,77.08,transportation,retail_simulated_bank
2024-03-03,fuel bus pass 440791,130.43,transportation,retail_simulated_bank
2023-05-28,CARD-PAYMENT-GAS-BILL 406136,239.08,other,retail_simulated_bank
2023-11-15,Online Purchase Internet Bill,62.8,other,retail_simulated_bank
2023-11-26,TRANSPORT PMT TRAIN TICKE,21.85,transportation,retail_simulated_bank
2024-06-23,POS/PURCHASE/GAS/BILL 98284,227.79,other,retail_simulated_bank
2023-09-13,Online Purchase Rent 5,1063.57,other,retail_simulated_bank
2024-07-21,TRANSPORT/PAYMENT/BUS/PASS,56.73,transportation,retail_simulated_bank
2023-01-08,CARD PAYMENT RENT,1260.42,other,retail_simulated_bank
2024-03-21,FUEL FUEL 33168,61.32,transportation,retail_simulated_bank
2024-06-29,Pos Purchase Fast Food 641685,107.16,other,retail_simulated_bank
2024-05-27,POS PURCHASE INTERNET BILL 568468,185.49,other,retail_simulated_bank
2023-05-13,card*payment*restaurant 392908,109.27,other,retail_simulated_bank
2023-08-01,Card Pmt Vegetables 803331,72.48,groceries,retail_simulated_bank
2023-08-09,POS PURCHASE VEGETABLES 861936,126.77,groceries,retail_simulated_bank
2023-04-16,pos purchase mortgage 321665,1445.85,other,retail_simulated_bank
2023-04-08,CARD PMT TRAIN TICKET 137664,61.23,transportation,retail_simulated_bank
2023-03-26,CARD PAYMENT RENT 317539,1013.75,other,retail_simulated_bank
2024-10-12,Transport/Payment/Bus/Pa,35.32,transportation,retail_simulated_bank
2024-02-01,online purchase online purchase 761484,5.24,other,retail_simulated_bank
2023-12-31,Pos Purchase Eggs 407066,138.53,groceries,retail_simulated_bank
2024-04-17,ONLINE*PURCHASE*INTERNET*BILL,107.56,other,retail_simulated_bank
2023-08-07,Card-Payment-Bus-Pass,139.94,transportation,retail_simulated_bank
2024-05-05,pos/purchase/chicken 663620,119.97,groceries,retail_simulated_bank
2024-01-07,card payment milk 871822,103.48,groceries,retail_simulated_bank
2024-08-17,CARD PAYMENT WATER BILL 471614,225.18,other,retail_simulated_bank
2024-09-22,Online Purchase Restaurant,94.47,other,retail_simulated_bank
2023-02-16,Card*Payment*Restaurant,16.56,other,retail_simulated_bank
2023-10-29,online-purchase-rent,1023.56,other,retail_simulated_bank
2024-12-29,TRANSPORT PAYMENT FUEL 415350,56.55,transportation,retail_simulated_bank
2024-02-28,Online Purchase Gym Membership 853547,24.3,other,retail_simulated_bank
2023-04-05,Card Pmt Rent 681518,1332.89,other,retail_simulated_bank
2023-02-24,CARD PMT MISC EXPENSE 95037,78.23,other,retail_simulated_bank
2023-06-07,ONLINE PURCHASE RENT,1401.76,other,retail_simulated_bank
2024-04-12,online*purchase*food*delivery 458272,40.5,other,retail_simulated_bank
2024-05-17,Pos-Purchase-Restaurant 826689,78.7,other,retail_simulated_bank
2023-08-04,transport payment uber ride,143.03,transportation,retail_simulated_bank
2024-09-08,pos*purchase*electricity*bill 905508,70.97,other,retail_simulated_bank
2024-03-25,Fuel Bus Pass 669032,84.84,transportation,retail_simulated_bank
2024-12-03,POS*PURCHASE*EGGS 201278,69.22,groceries,retail_simulated_bank
2024-06-21,card*payment*eggs 356988,110.58,groceries,retail_simulated_bank
2024-04-27,pos purchase internet bill 12620,98.12,other,retail_simulated_bank
2023-08-15,card-payment-mortgage,1242.66,other,retail_simulated_bank
2023-12-28,Card Pmt Fast Food,63.44,other,retail_simulated_bank
2024-04-05,ONLINE/PURCHASE/RESTAURANT 117953,3.55,other,retail_simulated_bank
2024-07-16,Online*Purchase*Food*Delivery,23.47,other,retail_simulated_bank
2023-07-05,pos purchase online purchase 646922,20.66,other,retail_simulated_bank
2023-08-06,ONLINE PURCHASE ONLINE PURCHASE,20.78,other,retail_simulated_bank
2024-07-04,card-pmt-misc-expense,130.19,other,retail_simulated_bank
2024-03-26,card/pmt/internet/bill 733301,87.55,other,retail_simulated_bank
2024-09-05,Online/Purchase/Internet/Bill 522661,203.9,other,retail_simulated_bank
2024-01-04,Pos/Purchase/Water/Bill 983,229.39,other,retail_simulated_bank
2023-02-07,ONLINE PURCHASE MORTGAGE 165254,1527.16,other,retail_simulated_bank
2024-02-11,online purchase fast food,100.04,other,retail_simulated_bank
2023-08-26,pos-purchase-eggs 252221,82.83,groceries,retail_simulated_bank
2024-10-31,pos purchase bread,32.75,groceries,retail_simulated_bank
2024-06-17,Card Payment Train Ticket,149.78,transportation,retail_simulated_bank
2024-07-29,Card Payment Misc Expense,88.01,other,retail_simulated_bank
2024-11-04,Pos Purchase Milk 59586,145.09,groceries,retail_simulated_bank
2023-06-07,Transport Payment Fuel 744645,54.67,transportation,retail_simulated_bank
2024-02-03,Card/Pmt/Train/Ticket 2847,20.4,transportation,retail_simulated_bank
2024-04-30,pos purchase rent,1555.09,other,retail_simulated_bank
2024-12-28,Pos Purchase Online Purchase 797223,48.12,other,retail_simulated_bank
2024-06-25,POS*PURCHASE*RENT 32156,953.39,other,retail_simulated_bank
2023-12-13,CARD PAYMENT MILK,104.33,groceries,retail_simulated_bank
2024-07-19,Online*Purchase*Spotify,30.83,other,retail_simulated_bank
2023-09-22,ONLINE PURCHASE MISC EXPENSE,87.19,other,retail_simulated_bank
2023-07-22,online purchase electricity bill 95311,139.92,other,retail_simulated_bank
2024-02-24,POS*PURCHASE*BREAD 421910,115.17,groceries,retail_simulated_bank
2024-05-15,card pmt internet bill 756727,139.24,other,retail_simulated_bank
2024-05-19,pos purchase fast food 229055,65.87,other,retail_simulated_bank
2023-08-03,CARD PAYMENT FAST FOOD 979256,56.82,other,retail_simulated_bank
2023-11-13,Fuel*Fuel,13.57,transportation,retail_simulated_bank
2024-09-01,pos purchase rice 595064,40.76,groceries,retail_simulated_bank
2024-07-22,CARD PMT CHICKEN 399182,53.87,groceries,retail_simulated_bank
2023-11-01,Card Payment Chicken 356289,98.9,groceries,retail_simulated_bank
2023-07-16,Pos Purchase Internet,218.09,other,retail_simulated_bank
2024-02-20,card payment electricity bill 400482,137.8,other,retail_simulated_bank
2023-02-03,POS PURCHASE EGGS 61,130.29,groceries,retail_simulated_bank
2024-09-16,Pos Purchase Milk,15.05,groceries,retail_simulated_bank
2023-01-01,Pos Purchase Eggs 837516,48.27,groceries,retail_simulated_bank
2023-07-23,card-pmt-bus-pass,29.96,transportation,retail_simulated_bank
2023-06-10,Pos-Purchase-Fast-Food,76.41,other,retail_simulated_bank
2024-08-22,CARD PMT ONLINE PURCHASE,41.45,other,retail_simulated_bank
2024-06-21,POS/PURCHASE/NETFLIX 555736,35.24,other,retail_simulated_bank
2024-01-29,POS PURCHASE RESTAURANT,120.63,other,retail_simulated_bank
2024-12-21,pos purchase misc expense 608007,124.35,other,retail_simulated_bank
2024-11-05,card pmt netflix,27.01,other,retail_simulated_bank
2024-05-07,POS-PURCHASE-GYM-MEMBERSHIP 595202,16.99,other,retail_simulated_bank
2024-08-09,POS*PURCHASE*ELECTRICITY*BILL 625642,164.88,other,retail_simulated_bank
2024-02-01,Pos Purchase Fast Food 833525,100.95,other,retail_simulated_bank
2024-08-21,online purchase restaurant,146.74,other,retail_simulated_bank
2023-07-18,Online Purchase Mortgage 763879,1721.35,other,retail_simulated_bank
2023-08-18,card payment restaurant,66.56,other,retail_simulated_bank
2024-02-01,POS PURCHASE RENT 54736,1312.48,other,retail_simulated_bank
2023-10-01,Card Pmt Gym Membership,10.54,other,retail_simulated_bank
2024-10-23,transport payment fuel 595092,18.22,transportation,retail_simulated_bank
2024-03-30,FUEL BUS PASS 465396,137.51,transportation,retail_simulated_bank
2024-04-23,card payment netflix,35.68,other,retail_simulated_bank
2023-12-10,Card Payment Milk,20.0,groceries,retail_simulated_bank
2024-04-22,transport pmt uber ri,125.53,transportation,retail_simulated_bank
2024-02-28,Card/Payment/Mortgage 65385,1731.72,other,retail_simulated_bank
2023-12-15,Pos Purchase Chicken 20152,65.33,groceries,retail_simulated_bank
2024-07-02,Card Pmt Food Delivery 746467,84.12,other,retail_simulated_bank
2023-02-05,ONLINE PURCHASE MISC EXPENSE 187918,113.89,other,retail_simulated_bank
2024-04-30,ONLINE/PURCHASE/MISC/EXPENSE,102.01,other,retail_simulated_bank
2024-05-05,pos purchase gas bill 570151,246.99,other,retail_simulated_bank
2024-12-14,Card*Payment*Misc*Expense 660396,124.9,other,retail_simulated_bank
2023-02-22,pos purchase internet bill,224.42,other,retail_simulated_bank
2024-05-19,Card Pmt Internet Bill 977324,137.8,other,retail_simulated_bank
2023-12-26,Card*Payment*Mortgage 340076,1671.3,other,retail_simulated_bank
2023-12-09,Card Pmt Spotify,32.95,other,retail_simulated_bank
2024-09-25,CARD-PAYMENT-SPOTIFY,18.55,other,retail_simulated_bank
2023-03-22,Fuel-Bus-Pass,145.95,transportation,retail_simulated_bank
2023-09-02,card-pmt-bus-pass,126.77,transportation,retail_simulated_bank
2023-11-24,transport payment fuel 665666,136.35,transportation,retail_simulated_bank
2023-01-25,Pos Purchase Rent 979665,781.59,other,retail_simulated_bank
2024-05-22,POS PURCHASE MISC EXPENSE 97370,38.48,other,retail_simulated_bank
2024-06-20,Online/Purchase/Electricity/Bill,90.04,other,retail_simulated_bank
2024-09-30,Online Purchase Spotify,12.94,other,retail_simulated_bank
2023-08-31,Card Payment Bus Pass,132.0,transportation,retail_simulated_bank
2023-02-03,online-purchase-fast-food,44.11,other,retail_simulated_bank
2024-01-19,Pos Purchase Misc Expense 760188,80.17,other,retail_simulated_bank
2024-02-17,ONLINE PURCHASE WATER BILL 151440,147.41,other,retail_simulated_bank
2023-09-11,Card Payment Netflix 806212,26.25,other,retail_simulated_bank
2024-06-21,card payment food delivery,58.83,other,retail_simulated_bank
2023-01-30,card pmt vegetables 116487,138.06,groceries,retail_simulated_bank
2023-02-26,Card Pmt Restaurant,70.41,other,retail_simulated_bank
2023-01-02,Card Pmt Misc Expense,15.84,other,retail_simulated_bank
2024-12-24,Online Purchase Mortgage,1735.12,other,retail_simulated_bank
2023-02-16,Transport Pmt Uber Ride,49.19,transportation,retail_simulated_bank
2024-06-12,POS PURCHASE ONLINE PURCHASE 956431,62.92,other,retail_simulated_bank
2023-07-26,Card Payment Internet Bill,125.01,other,retail_simulated_bank
2024-10-25,Transport Payment Fuel 49555,71.69,transportation,retail_simulated_bank
2024-02-08,pos purchase fast food,104.67,other,retail_simulated_bank
2023-09-11,Card Pmt Misc Expense,112.6,other,retail_simulated_bank
2024-08-07,card pmt water bill 110180,73.24,other,retail_simulated_bank
2023-05-31,online/purchase/spotify,16.75,other,retail_simulated_bank
2024-08-12,CARD PAYMENT ONLINE PURCHASE 725408,107.18,other,retail_simulated_bank
2023-04-01,Fuel Uber Ride 926109,10.85,transportation,retail_simulated_bank
2024-03-22,POS*PURCHASE*BREAD,95.36,groceries,retail_simulated_bank
2023-04-23,Pos Purchase Rice,121.22,groceries,retail_simulated_bank
2024-06-14,card payment mortgage,1018.64,other,retail_simulated_bank
2024-10-11,fuel fuel,72.94,transportation,retail_simulated_bank
2023-08-30,card pmt restaurant 602916,79.2,other,retail_simulated_bank
2023-09-27,ONLINE PURCHASE ONLINE PURCHASE,65.79,other,retail_simulated_bank
2024-04-02,Transport Pmt Train Ticket 617342,133.75,transportation,retail_simulated_bank
2024-04-29,Pos*Purchase*Misc*Expense,42.63,other,retail_simulated_bank
2023-12-19,POS PURCHASE GYM MEMBERSHIP 114609,16.95,other,retail_simulated_bank
2024-04-23,CARD PAYMENT RENT,860.02,other,retail_simulated_bank
2024-06-24,card payment vegetables 618859,62.31,groceries,retail_simulated_bank
2024-04-26,POS PURCHASE FAST FOOD,66.61,other,retail_simulated_bank
2024-12-17,Card*Payment*Rice 1,15.52,groceries,retail_simulated_bank
2024-09-06,pos purchase gym membership 977409,37.95,other,retail_simulated_bank
2023-04-08,card pmt water bill 73367,117.81,other,retail_simulated_bank
2023-05-11,Online-Purchase-Online-Purcha,86.79,other,retail_simulated_bank
2024-10-22,pos-purchase-internet-bill 503272,110.06,other,retail_simulated_bank
2023-04-15,Online-Purchase-Gym-Membership,38.6,other,retail_simulated_bank
2024-02-26,POS PURCHASE RENT,947.84,other,retail_simulated_bank
2024-06-01,Pos Purchase Spotify,37.08,other,retail_simulated_bank
2023-03-09,Card Payment Online Purchase,74.92,other,retail_simulated_bank
2024-02-19,Online Purchase Online Purchase,95.31,other,retail_simulated_bank
2023-01-31,POS PURCHASE MISC EXPENSE 739709,20.51,other,retail_simulated_bank
2024-05-22,card payment misc expense,42.3,other,retail_simulated_bank
2024-07-04,POS PURCHASE RICE 172285,80.57,groceries,retail_simulated_bank
2024-06-08,card pmt mortgage,1623.05,other,retail_simulated_bank
2023-12-26,online purchase electricity bill 56756,143.86,other,retail_simulated_bank
2023-12-03,ONLINE PURCHASE RESTAURANT,66.63,other,retail_simulated_bank
2023-10-26,CARD PAYMENT MORTGAGE 470248,610.13,other,retail_simulated_bank
2024-06-10,Card Payment Train Ticket 672785,73.44,transportation,retail_simulated_bank
2023-05-01,CARD PAYMENT CHICKEN 731611,4.45,groceries,retail_simulated_bank
2024-06-02,Card/Payment/Misc/Expense 127059,84.45,other,retail_simulated_bank
2023-03-26,online purchase inter,86.39,other,retail_simulated_bank
2023-11-30,card*payment*fast*food,112.4,other,retail_simulated_bank
2023-02-12,Card Pmt Mortgage 967605,1991.39,other,retail_simulated_bank
2024-08-24,POS PURCHASE GYM MEMBERSHIP 712854,36.54,other,retail_simulated_bank
2024-10-02,CARD-PMT-ELECTRICITY-BILL 582729,70.96,other,retail_simulated_bank
2024-01-16,Card*Pmt*Rice,95.07,groceries,retail_simulated_bank
2023-12-17,Online Purchase Restaurant 389431,127.18,other,retail_simulated_bank
2023-05-08,pos/purchase/internet/bill 263531,201.87,other,retail_simulated_bank
2024-10-26,Card/Payment/Mortgage,1766.77,other,retail_simulated_bank
2024-09-04,Card*Payment*Bread 569668,92.24,groceries,retail_simulated_bank
2024-09-06,CARD PMT MORTGAGE,906.52,other,retail_simulated_bank
2024-01-02,pos purchase online purchase,136.81,other,retail_simulated_bank
2023-01-04,Card Payment Misc Expense,54.84,other,retail_simulated_bank
2023-05-01,online purchase electricity bi,171.39,other,retail_simulated_bank
2023-03-03,Online-Purchase-Misc,43.45,other,retail_simulated_bank
2023-08-02,Online-Purchase-Online-Purch,103.34,other,retail_simulated_bank
2024-10-05,Card Payment Electricity Bill 104634,220.6,other,retail_simulated_bank
2023-12-01,card payment spotify,24.54,other,retail_simulated_bank
2023-07-25,CARD PMT MILK,45.95,groceries,retail_simulated_bank
2023-05-24,Pos Purchase Vegetables 771,142.26,groceries,retail_simulated_bank
2024-01-29,Online Purchase Rent,1570.01,other,retail_simulated_bank
2024-06-25,Online*Purchase*Netflix,6.94,other,retail_simulated_bank
2023-02-03,Online Purchase Online Purchase 624689,117.92,other,retail_simulated_bank
2023-12-21,Online Purchase Netflix 882639,6.96,other,retail_simulated_bank
2023-08-11,Transport*Pmt*Bus*Pass 598084,107.2,transportation,retail_simulated_bank
2024-09-06,POS PURCHASE SPOTIFY,33.86,other,retail_simulated_bank
2024-06-22,online purchase restaurant,89.28,other,retail_simulated_bank
2024-10-15,Pos Purchase Rent,1603.37,other,retail_simulated_bank
2024-01-19,pos purchase mortgage 645693,1761.81,other,retail_simulated_bank
2024-05-12,Card Payment Online Purchase 95,81.76,other,retail_simulated_bank
2024-03-23,POS PURCHASE WATER BILL 211888,221.47,other,retail_simulated_bank
2023-04-11,card*payment*train*ticket 377795,89.27,transportation,retail_simulated_bank
2024-10-24,Online Purchase Spotify,17.68,other,retail_simulated_bank
2024-06-24,pos purchase food delivery 234628,64.56,other,retail_simulated_bank
2023-12-13,online purchase online purchase,52.47,other,retail_simulated_bank
2023-05-07,card/payment/netflix 557605,37.79,other,retail_simulated_bank
2024-09-27,pos/purchase/spotify 797630,34.83,other,retail_simulated_bank
2024-05-28,card payment bus pass 976751,41.48,transportation,retail_simulated_bank
2023-12-13,card*payment*fast*food 833515,18.19,other,retail_simulated_bank
2024-06-08,Pos Purchase Vegetables 476456,115.04,groceries,retail_simulated_bank
2024-12-31,CARD PAYMENT SPOTIFY 303217,9.03,other,retail_simulated_bank
2024-06-06,ONLINE-PURCHASE-MISC-EXPENSE 727260,111.35,other,retail_simulated_bank
2024-12-29,pos-purchase-netflix 474077,15.08,other,retail_simulated_bank
2023-12-07,card payment uber ride,37.89,transportation,retail_simulated_bank
2024-02-27,Card Pmt Rice 349170,140.12,groceries,retail_simulated_bank
2024-12-15,Card Payment Spotify 454501,17.33,other,retail_simulated_bank
2023-12-07,card pmt online purchase 272419,57.14,other,retail_simulated_bank
2024-12-29,POS*PURCHASE*GYM*MEMBERSHIP,7.17,other,retail_simulated_bank
2023-11-04,Card Payment Water Bill 40902,200.71,other,retail_simulated_bank
2024-05-19,online*purchase*fast*food 786018,95.26,other,retail_simulated_bank
2023-07-04,Fuel Bus Pass,87.44,transportation,retail_simulated_bank
2023-05-01,transport pmt bus pass,132.27,transportation,retail_simulated_bank
2023-10-23,Pos-Purchase-Water-Bill,62.64,other,retail_simulated_bank
2023-02-09,ONLINE PURCHASE RENT 40,1257.91,other,retail_simulated_bank
2023-10-19,pos purchase rice 3,12.13,groceries,retail_simulated_bank
2024-09-06,Online Purchase Misc Expense 159869,134.23,other,retail_simulated_bank
2024-03-02,TRANSPORT PAYMENT,86.67,transportation,retail_simulated_bank
2023-04-19,ONLINE PURCHASE FAST FOOD 592130,138.54,other,retail_simulated_bank
2024-11-25,card/payment/fast/food 557493,22.49,other,retail_simulated_bank
2024-05-15,pos/purchase/sp,28.06,other,retail_simulated_bank
2024-08-23,card payment bread,51.49,groceries,retail_simulated_bank
2024-04-06,pos purchase gas bill 383,234.63,other,retail_simulated_bank
2023-01-22,Card Pmt Fast Food 636868,41.74,other,retail_simulated_bank
2023-06-08,online*purchase*fast*food,21.22,other,retail_simulated_bank
2024-11-26,online purchase online purchase 622742,75.15,other,retail_simulated_bank
2023-03-06,Online Purchase Fast Food 154042,55.99,other,retail_simulated_bank
2024-12-11,Card Pmt Bus Pass,142.42,transportation,retail_simulated_bank
2024-10-14,CARD PAYMENT RENT,1295.01,other,retail_simulated_bank
2023-10-17,Card Pmt Online Purchase 144598,11.21,other,retail_simulated_bank
2023-10-24,fuel*bus*pass,84.69,transportation,retail_simulated_bank
2023-12-11,Card Payment Bus Pass 926007,94.51,transportation,retail_simulated_bank
2023-07-11,card payment misc expense,138.77,other,retail_simulated_bank
2024-11-10,POS PURCHASE RICE,148.84,groceries,retail_simulated_bank
2024-11-04,POS PURCHASE WATER BILL,243.42,other,retail_simulated_bank
2024-02-29,ONLINE PURCHASE FOOD DELIVERY 222375,145.67,other,retail_simulated_bank
2024-09-19,Online Purchase Food Delivery 851959,10.93,other,retail_simulated_bank
2024-08-17,card payment uber ride 258387,47.32,transportation,retail_simulated_bank
2023-02-22,Card*Payment*Milk 660817,76.9,groceries,retail_simulated_bank
2023-04-01,Card Payment Train Ticket 995485,14.68,transportation,retail_simulated_bank
2024-07-26,Card*Payment*Bus*Pass,103.03,transportation,retail_simulated_bank
2024-08-15,fuel-train-ticket 11285,16.74,transportation,retail_simulated_bank
2024-02-05,CARD PAYMENT FOOD DELIVERY 293108,37.03,other,retail_simulated_bank
2024-09-22,ONLINE PURCHASE SPOTIFY,32.25,other,retail_simulated_bank
2024-03-06,Online Purchase Rent 292912,1535.52,other,retail_simulated_bank
2024-06-14,card payment chicken 294,87.64,groceries,retail_simulated_bank
2023-04-01,card pmt gym membership 678043,28.77,other,retail_simulated_bank
2024-07-19,card pmt eggs,57.66,groceries,retail_simulated_bank
2023-07-29,Card Pmt Electricity Bill 732505,111.27,other,retail_simulated_bank
2023-02-03,POS PURCHASE ELECTRICITY BILL 295096,92.71,other,retail_simulated_bank
2023-09-01,card pmt gym membership 413917,28.73,other,retail_simulated_bank
2024-05-26,Card-Pmt-Rent 531534,1206.8,other,retail_simulated_bank
2024-11-16,pos purchase netflix,5.09,other,retail_simulated_bank
2023-03-06,POS PURCHASE INTERNET BILL,237.6,other,retail_simulated_bank
2023-10-18,pos purchase gym membership,23.49,other,retail_simulated_bank
2024-02-27,Online Purchase Food Delivery 401115,17.6,other,retail_simulated_bank
2023-09-12,Online Purchase Misc Expense 438396,66.54,other,retail_simulated_bank
2023-01-09,Online Purchase Mortgage 998432,1726.14,other,retail_simulated_bank
2023-07-10,Pos-Purchase-Netflix 4403,29.48,other,retail_simulated_bank
2024-02-19,CARD PAYMENT TRAIN T,112.2,transportation,retail_simulated_bank
2023-06-02,Card*Payment*Fast*Food 644772,73.67,other,retail_simulated_bank
2023-09-21,POS PURCHASE MORTGAG,1787.52,other,retail_simulated_bank
2024-12-01,ONLINE*PURCHASE*FOOD*DELIVERY,85.14,other,retail_simulated_bank
2024-09-05,card pmt online purchase 541441,114.96,other,retail_simulated_bank
2024-03-28,Online Purchase Misc Expense 278293,62.75,other,retail_simulated_bank
2024-12-10,Card/Pmt/Gym/Membership 604599,8.25,other,retail_simulated_bank
2023-10-07,Online Purchase Spotify,34.92,other,retail_simulated_bank
2024-04-01,Pos Purchase Gym Membership,18.59,other,retail_simulated_bank
2024-01-29,card payment rent 498131,1929.82,other,retail_simulated_bank
2024-08-05,CARD*PAYMENT*ONLINE*PURCHASE 7569,147.47,other,retail_simulated_bank
2023-12-01,ONLINE PURCHASE GYM MEMBERSHIP 663178,8.21,other,retail_simulated_bank
2024-10-31,FUEL*FUEL 107578,62.3,transportation,retail_simulated_bank
2023-06-06,Card Payment Water Bill 935428,32.25,other,retail_simulated_bank
2023-01-12,ONLINE PURCHASE MORTGAGE 372992,1416.67,other,retail_simulated_bank
2024-08-26,pos purchase misc expense,42.44,other,retail_simulated_bank
2024-06-15,Online/Purchase/Fast/Food 135605,64.49,other,retail_simulated_bank
2024-07-04,CARD*PAYMENT*MILK 570575,100.21,groceries,retail_simulated_bank
2023-09-06,POS/PURCHASE/WATER/BILL,203.95,other,retail_simulated_bank
2023-05-21,online purchase rent,1384.26,other,retail_simulated_bank
2024-05-12,card pmt electricity bill,75.71,other,retail_simulated_bank
2024-12-30,POS PURCHASE MORTGAGE 198076,1141.53,other,retail_simulated_bank
2024-05-18,CARD PAYMENT BREAD 974470,78.66,groceries,retail_simulated_bank
2023-09-08,Transport Pmt Bus Pass 40251,75.88,transportation,retail_simulated_bank
2023-12-02,CARD PAYMENT EGGS 698302,118.72,groceries,retail_simulated_bank
2023-11-30,POS PURCHASE SPOTIFY 556861,36.97,other,retail_simulated_bank
2024-11-13,online/purchase/mortgage 267647,1512.42,other,retail_simulated_bank
2024-04-16,card pmt misc expense 408783,124.37,other,retail_simulated_bank
2023-12-28,Pos Purchase Spotify 710363,5.07,other,retail_simulated_bank
2023-05-15,Fuel Uber Ride 2768,127.91,transportation,retail_simulated_bank
2024-10-29,CARD-PAYMENT-FOOD-DELIVERY,113.05,other,retail_simulated_bank
2024-09-08,online purchase fast food,96.95,other,retail_simulated_bank
2023-08-18,TRANSPORT PMT TRAIN TICKET 697833,145.31,transportation,retail_simulated_bank
2023-09-19,Online Purchase Internet Bill,120.44,other,retail_simulated_bank
2023-09-15,card pmt fast food 66294,31.35,other,retail_simulated_bank
2023-03-04,Card/Pmt/Misc/Expense,29.1,other,retail_simulated_bank
2024-12-02,card pmt train ticket 950629,15.9,transportation,retail_simulated_bank
2023-04-13,pos purchase spotify,20.96,other,retail_simulated_bank
2023-09-13,Pos Purchase Misc Expense 773742,23.18,other,retail_simulated_bank
2023-04-05,Transport Payment Uber Ride 371489,95.84,transportation,retail_simulated_bank
2023-01-23,Online Purchase Gym Membership 891420,38.04,other,retail_simulated_bank
2024-10-04,Card/Payment/Misc/Expense 792715,63.1,other,retail_simulated_bank
2024-07-14,Pos Purchase Bread 320879,35.9,groceries,retail_simulated_bank
2024-10-02,TRANSPORT/PAYMENT/UBER/RIDE,82.88,transportation,retail_simulated_bank
2023-07-10,fuel train ticket 395222,137.13,transportation,retail_simulated_bank
2023-07-29,CARD PMT MORTGAGE 949381,1175.06,other,retail_simulated_bank
2023-02-18,Pos Purchase Internet Bill,182.2,other,retail_simulated_bank
2023-07-29,card payment misc expense 40301,21.94,other,retail_simulated_bank
2024-06-01,card payment netflix,6.42,other,retail_simulated_bank
2023-02-09,Online Purchase Netflix,22.19,other,retail_simulated_bank
2023-03-25,Fuel Train Ticket 950957,21.66,transportation,retail_simulated_bank
2024-11-01,ONLINE PURCHASE SPOTIFY,36.51,other,retail_simulated_bank
2024-02-21,card payment misc expense 867537,88.32,other,retail_simulated_bank
2023-05-16,fuel uber ride,52.06,transportation,retail_simulated_bank
2023-12-26,pos/purchase/restaurant 155801,106.38,other,retail_simulated_bank
2023-10-24,card pmt gym membership 439311,38.51,other,retail_simulated_bank
2023-07-18,POS PURCHASE GAS BILL,140.84,other,retail_simulated_bank
2023-01-07,card pmt eggs,141.5,groceries,retail_simulated_bank
2024-01-11,CARD-PMT-MORTGAGE,1855.59,other,retail_simulated_bank
2023-03-20,pos purchase bread 894292,8.9,groceries,retail_simulated_bank
2023-05-24,Pos Purchase Chicken 360915,113.42,groceries,retail_simulated_bank
2024-04-11,CARD PAYMENT RICE,83.81,groceries,retail_simulated_bank
2023-07-25,Fuel Bus Pass,121.13,transportation,retail_simulated_bank
2024-04-02,POS PURCHASE MISC EXPENSE,19.2,other,retail_simulated_bank
2024-09-16,Card*Pmt*Water*Bill,84.08,other,retail_simulated_bank
2023-07-03,pos*purchase*internet*bill 142400,205.97,other,retail_simulated_bank
2024-02-12,card payment fast food,63.45,other,retail_simulated_bank
2023-07-26,online purchase online purchase,28.8,other,retail_simulated_bank
2023-12-31,Online Purchase Rest,135.94,other,retail_simulated_bank
2023-05-30,FUEL UBER RIDE 300620,64.52,transportation,retail_simulated_bank
2023-12-13,CARD-PAYMENT-FUEL 31258,50.9,transportation,retail_simulated_bank
2023-02-25,card payment internet bill 95611,60.55,other,retail_simulated_bank
2023-02-28,Online Purchase Rent,1848.31,other,retail_simulated_bank
2023-01-08,online purchase internet bill 393235,54.8,other,retail_simulated_bank
2023-02-12,Card Pmt Fuel 300792,83.83,transportation,retail_simulated_bank
2024-04-18,Card Pmt Food Delivery 842379,3.4,other,retail_simulated_bank
2023-03-27,POS PURCHASE MILK 35412,145.81,groceries,retail_simulated_bank
2024-12-05,Card Pmt Rent,1235.1,other,retail_simulated_bank
2024-01-09,CARD*PMT*NETFLIX 355825,39.01,other,retail_simulated_bank
2023-08-24,card pmt online purchase 331024,87.43,other,retail_simulated_bank
2024-01-15,Card Pmt Online Purchase,5.45,other,retail_simulated_bank
2024-12-18,Card Pmt Bus Pass,110.91,transportation,retail_simulated_bank
2024-03-04,Transport Pmt Uber Ride 11288,131.02,transportation,retail_simulated_bank
2024-03-28,fuel fuel,123.2,transportation,retail_simulated_bank
2024-12-24,online*purchase*spotify 65458,35.12,other,retail_simulated_bank
2024-02-10,Pos Purchase Netflix,14.5,other,retail_simulated_bank
2023-12-09,Online-Purchase-Mortgage 372098,1339.65,other,retail_simulated_bank
2023-05-27,Online Purchase Mortgage,1402.95,other,retail_simulated_bank
2024-10-30,ONLINE PURCHASE RENT 884725,1798.67,other,retail_simulated_bank
2024-07-11,Card/Payment/Eggs 813965,107.38,groceries,retail_simulated_bank
2024-09-13,Pos Purchase Netflix 493729,8.45,other,retail_simulated_bank
2023-09-11,online purchase water bill,200.43,other,retail_simulated_bank
2023-11-20,Online Purchase Internet Bill,82.39,other,retail_simulated_bank
2024-12-17,Pos Purchase Food Delivery 262461,116.52,other,retail_simulated_bank
2023-02-24,Fuel Train Ticket,71.42,transportation,retail_simulated_bank
2023-10-16,Pos Purchase Chicken 303299,123.49,groceries,retail_simulated_bank
2023-09-27,Pos Purchase Rice,116.35,groceries,retail_simulated_bank
2024-10-24,Online Purchase Internet Bill 249151,37.26,other,retail_simulated_bank
2023-10-04,ONLINE*PURCHASE*ELECTRICITY*BILL,32.36,other,retail_simulated_bank
2023-07-08,Online Purchase Restaurant 242481,19.36,other,retail_simulated_bank
2024-11-27,Transport Payment Train Ticket 206692,84.11,transportation,retail_simulated_bank
2024-10-04,POS-PURCHASE-ONLINE-PURCHASE,129.8,other,retail_simulated_bank
2024-10-19,pos purchase misc expense 128496,16.6,other,retail_simulated_bank
2023-04-22,Card Pmt Misc Expense 302930,58.96,other,retail_simulated_bank
2024-01-19,online purchase fast food,91.95,other,retail_simulated_bank
2024-05-20,POS PURCHASE EGGS 90962,91.83,groceries,retail_simulated_bank
2023-09-02,online purchase rent,1683.92,other,retail_simulated_bank
2023-02-28,Card Payment Vegetables 917352,13.17,groceries,retail_simulated_bank
2024-08-26,Pos Purchase Mortgage 606723,1849.47,other,retail_simulated_bank
2024-07-15,POS-PURCHASE-RICE 88766,92.17,groceries,retail_simulated_bank
2024-08-25,online purchase water bill 316890,46.2,other,retail_simulated_bank
2024-06-15,CARD*PMT*INTERNET*BILL,139.9,other,retail_simulated_bank
2023-02-14,Pos Purchase Gym Membership 5,30.29,other,retail_simulated_bank
2024-10-06,online purchase fast food,106.52,other,retail_simulated_bank
2023-12-09,fuel bus pass 5300,124.72,transportation,retail_simulated_bank
2023-01-22,Pos/Purchase/Netflix 728257,17.9,other,retail_simulated_bank
2024-01-13,online purchase mo,1986.66,other,retail_simulated_bank
2023-07-04,Pos/Purchase/Chicken 331759,41.36,groceries,retail_simulated_bank
2024-10-25,POS*PURCHASE*ONLINE*PURCHASE,71.94,other,retail_simulated_bank
2023-07-06,TRANSPORT PMT FUEL,24.64,transportation,retail_simulated_bank
2023-06-13,Online Purchase Restaurant 165756,88.4,other,retail_simulated_bank
2024-10-08,ONLINE/PURCHASE/RESTAURANT 901857,114.73,other,retail_simulated_bank
2023-03-08,Online Purchase Mortgage 832280,1746.72,other,retail_simulated_bank
2023-01-21,pos purchase chicken 865580,67.11,groceries,retail_simulated_bank
2023-08-14,Online*Purchase*Rent,1448.91,other,retail_simulated_bank
2023-03-11,online*purchase*restaurant 270241,89.38,other,retail_simulated_bank
2024-07-23,POS PURCHASE SP,5.12,other,retail_simulated_bank
2023-02-20,Card Payment Vegetables 43,71.7,groceries,retail_simulated_bank
2024-05-26,pos purchase online purchase 723531,149.22,other,retail_simulated_bank
2023-12-19,Card/Payment/Mortgage,1338.33,other,retail_simulated_bank
2024-05-17,Pos Purchase Misc Expense,71.35,other,retail_simulated_bank
2023-03-28,pos-purchase-misc-expense 978828,118.38,other,retail_simulated_bank
2024-01-30,Fuel Fuel 477080,22.72,transportation,retail_simulated_bank
2024-07-30,pos purchase netflix,8.52,other,retail_simulated_bank
2024-09-06,Fuel Fuel,98.18,transportation,retail_simulated_bank
2024-05-17,Online Purchase Fast Food,66.8,other,retail_simulated_bank
2024-08-31,Online*Purchase*Restaurant 241959,96.45,other,retail_simulated_bank
2024-07-30,Fuel Fuel,105.22,transportation,retail_simulated_bank
2023-06-02,pos purchase rent 499995,1744.41,other,retail_simulated_bank
2023-05-04,card pmt eggs 680260,130.2,groceries,retail_simulated_bank
2024-08-05,online purchase gas bill,218.21,other,retail_simulated_bank
2024-11-17,online purchase mortgage,1622.85,other,retail_simulated_bank
2024-01-01,pos purchase netflix,6.7,other,retail_simulated_bank
2023-09-30,CARD PAYMENT RICE 551444,71.65,groceries,retail_simulated_bank
2023-07-13,card pmt misc expense,96.93,other,retail_simulated_bank
2023-04-26,Transport Pmt Uber Ride,84.0,transportation,retail_simulated_bank
2024-06-05,Card/Payment/Food/Delivery,76.01,other,retail_simulated_bank
2024-09-13,pos purchase fast food,76.37,other,retail_simulated_bank
2024-09-29,Pos Purchase Gas Bill,165.13,other,retail_simulated_bank
2024-07-03,Card-Payment-Mortgage,1029.65,other,retail_simulated_bank
2024-04-25,card pmt gas bill,157.31,other,retail_simulated_bank
2023-05-29,CARD/PMT/ONLINE/PURCHASE 358528,29.08,other,retail_simulated_bank
2024-09-18,Card Payment Online Purchase 2666,126.83,other,retail_simulated_bank
2024-03-12,ONLINE-PURCHASE-ELECTRICITY-BILL,226.25,other,retail_simulated_bank
2023-04-25,card pmt rent 983694,1733.8,other,retail_simulated_bank
2024-08-12,Online Purchase Netflix 743925,38.68,other,retail_simulated_bank
2023-08-06,online purchase water bill,179.21,other,retail_simulated_bank
2024-07-24,pos purchase rent 36336,1377.16,other,retail_simulated_bank
2023-05-16,Pos Purchase Electricity Bill 13,116.53,other,retail_simulated_bank
2023-08-26,card payment gym membership 675254,21.71,other,retail_simulated_bank
2024-12-07,pos-purchase-gas-bill,69.15,other,retail_simulated_bank
2024-07-16,Pos/Purchase/Electricity/Bill,178.62,other,retail_simulated_bank
2023-05-07,CARD PMT FAST FOOD 282583,73.57,other,retail_simulated_bank
2024-02-17,POS-PURCHASE-BREAD,85.1,groceries,retail_simulated_bank
2024-01-13,pos*purchase*gym*membership,15.16,other,retail_simulated_bank
2023-06-19,Pos Purchase Rice,36.92,groceries,retail_simulated_bank
2023-08-15,card payment online purchase,23.2,other,retail_simulated_bank
2024-06-06,pos-purchase-rice 936200,97.78,groceries,retail_simulated_bank
2023-01-09,card pmt fast food 255417,136.13,other,retail_simulated_bank
2023-10-11,ONLINE PURCHASE ONLINE PUR,86.45,other,retail_simulated_bank
2024-10-25,Pos Purchase Mortgage 686296,1661.25,other,retail_simulated_bank
2024-05-08,Card Pmt Eggs,50.87,groceries,retail_simulated_bank
2024-07-30,online purchase mortgage 8,1693.36,other,retail_simulated_bank
2023-03-17,Pos Purchase Rice 246,47.2,groceries,retail_simulated_bank
2023-07-31,CARD PAYMENT GAS BILL 916184,170.96,other,retail_simulated_bank
2024-12-13,Transport Payment Train Ticket,76.93,transportation,retail_simulated_bank
2024-05-21,POS PURCHASE MILK 192697,104.42,groceries,retail_simulated_bank
2023-05-25,TRANSPORT/PAYMENT/UBER/RIDE,128.99,transportation,retail_simulated_bank
2023-10-06,Online/Purchase/Restaurant,10.37,other,retail_simulated_bank
2024-08-28,Pos Purchase Netflix,11.58,other,retail_simulated_bank
2024-03-03,Online-Purchase-Mortgage 663939,1093.27,other,retail_simulated_bank
2024-02-21,Online Purchase Gas Bill 471553,156.86,other,retail_simulated_bank
2023-01-05,Pos Purchase Spotify,32.68,other,retail_simulated_bank
2024-02-14,online purchase misc expense,50.7,other,retail_simulated_bank
2024-10-20,Pos*Purchase*Spotify 223552,37.3,other,retail_simulated_bank
2023-03-03,CARD PMT BUS PASS,120.87,transportation,retail_simulated_bank
2023-05-30,online purchase online purchase 8,5.3,other,retail_simulated_bank
2024-08-30,pos-purchase-misc-expense 229411,117.59,other,retail_simulated_bank
2023-12-24,ONLINE PURCHASE FAST FOOD 713492,94.47,other,retail_simulated_bank
2023-01-02,transport*payment*train*ticket 570077,19.87,transportation,retail_simulated_bank
2024-06-01,Pos-Purchase-Chicken 877550,120.56,groceries,retail_simulated_bank
2024-09-29,ONLINE-PURCHASE-GYM-MEMBERSHIP 510712,26.4,other,retail_simulated_bank
2024-10-04,POS PURCHASE RENT,817.87,other,retail_simulated_bank
2023-11-25,CARD*PMT*NETFLIX 104695,38.99,other,retail_simulated_bank
2023-03-21,POS PURCHASE GAS,225.3,other,retail_simulated_bank
2024-05-26,POS-PURCHASE-MILK,50.77,groceries,retail_simulated_bank
2024-01-14,pos purchase brea,47.04,groceries,retail_simulated_bank
2024-02-26,Card/Payment/Restaurant,97.52,other,retail_simulated_bank
2023-11-06,card pmt train ticket 150468,59.5,transportation,retail_simulated_bank
2023-10-18,ONLINE-PURCHASE-MISC-EXPENSE 827721,136.56,other,retail_simulated_bank
2023-07-02,pos purchase restaurant,3.48,other,retail_simulated_bank
2023-09-14,Card Payment Bread 280667,53.23,groceries,retail_simulated_bank
2024-12-13,card pmt misc expense 277312,94.58,other,retail_simulated_bank
2023-01-05,Pos Purchase Water Bill 263144,155.32,other,retail_simulated_bank
2023-09-10,POS/PURCHASE/RESTAURANT 602068,113.36,other,retail_simulated_bank
2023-03-05,Pos Purchase Mortgage,1138.89,other,retail_simulated_bank
2023-09-23,POS-PURCHASE-MISC-EXPENSE 350427,125.48,other,retail_simulated_bank
2024-11-08,Online Purchase Food Delivery 581294,10.29,other,retail_simulated_bank
2023-09-13,POS PURCHASE RICE 455496,10.46,groceries,retail_simulated_bank
2024-03-28,Pos Purchase Gym Membership 811505,7.69,other,retail_simulated_bank
2023-05-17,CARD PMT SPOTIFY 119736,11.65,other,retail_simulated_bank
2023-03-29,card pmt eggs 313351,95.96,groceries,retail_simulated_bank
2023-10-26,Card Payment Rent 229925,838.64,other,retail_simulated_bank
2024-01-28,Card Pmt Rent 81867,1159.1,other,retail_simulated_bank
2023-09-17,card*payment*netflix 900344,16.81,other,retail_simulated_bank
2023-12-10,pos purchase rent,1935.98,other,retail_simulated_bank
2024-11-21,FUEL UBER RIDE 837583,31.19,transportation,retail_simulated_bank
2023-01-13,pos purchase internet bill 370286,190.78,other,retail_simulated_bank
2023-03-10,online purchase gas bill 341850,161.4,other,retail_simulated_bank
2023-11-24,FUEL FUEL,105.41,transportation,retail_simulated_bank
2024-11-13,pos purchase netflix 301580,26.44,other,retail_simulated_bank
2024-08-02,CARD PMT FUEL,83.67,transportation,retail_simulated_bank
2023-11-08,Card*Payment*Vegetables 682635,51.39,groceries,retail_simulated_bank
2023-04-29,CARD-PAYMENT-NETFLIX 142200,33.51,other,retail_simulated_bank
2024-08-19,CARD PAYMENT RENT 697852,824.05,other,retail_simulated_bank
2023-10-19,Online Purchase Spotify 628898,15.16,other,retail_simulated_bank
2024-06-09,card payment milk 3,34.81,groceries,retail_simulated_bank
2024-08-18,FUEL FUEL,135.49,transportation,retail_simulated_bank
2023-11-26,CARD PAYMENT ELECTRICITY BILL 422217,67.05,other,retail_simulated_bank
2024-12-28,Online/Purchase/Electricity/Bill 53661,212.35,other,retail_simulated_bank
2023-02-13,card pmt milk 502249,69.18,groceries,retail_simulated_bank
2023-11-06,Pos/Purchase/Electricity/Bill,141.34,other,retail_simulated_bank
2024-06-09,Online Purchase Mortgage 393779,1971.57,other,retail_simulated_bank
2024-07-10,Pos Purchase Spotify 859171,26.85,other,retail_simulated_bank
2024-04-19,POS PURCHASE VEGETABLES,82.74,groceries,retail_simulated_bank
2024-11-15,POS PURCHASE ELECTRICITY BILL 662891,114.83,other,retail_simulated_bank
2023-11-16,fuel*uber*ride,137.23,transportation,retail_simulated_bank
2023-11-17,Card*Payment*Uber*Ride 763726,149.43,transportation,retail_simulated_bank
2023-01-27,Online Purchase Water Bill 252500,153.14,other,retail_simulated_bank
2024-06-13,card pmt milk 305797,31.03,groceries,retail_simulated_bank
2024-01-03,fuel train ticket,35.01,transportation,retail_simulated_bank
2023-08-30,Pos*Purchase*Food*Delivery,115.82,other,retail_simulated_bank
2023-01-13,CARD*PAYMENT*TRAIN*TICKET,82.84,transportation,retail_simulated_bank
2023-09-15,card/pmt/rent,1617.14,other,retail_simulated_bank
2024-05-03,Card/Payment/Restaurant 582737,141.57,other,retail_simulated_bank
2023-06-11,POS PURCHASE ONLINE PURCHASE 439,95.57,other,retail_simulated_bank
2023-09-17,CARD*PAYMENT*BREAD,49.03,groceries,retail_simulated_bank
2023-02-10,ONLINE PURCHASE WATER BILL,127.02,other,retail_simulated_bank
2023-01-31,Online Purchase Misc Ex,72.69,other,retail_simulated_bank
2023-07-22,Card*Pmt*Train*Ticket,94.0,transportation,retail_simulated_bank
2024-03-12,POS/PURCHASE/MORTGAGE 558348,1873.9,other,retail_simulated_bank
2024-07-06,Online Purchase Mortgage,1023.34,other,retail_simulated_bank
2023-02-10,Pos Purchase Mortgage,787.73,other,retail_simulated_bank
2023-10-27,online-purchase-food-delivery 641215,52.69,other,retail_simulated_bank
2023-08-12,CARD PMT ONLINE PURCHASE,6.01,other,retail_simulated_bank
2023-03-16,card payment rent 573434,1118.52,other,retail_simulated_bank
2024-09-04,POS PURCHASE VEGETABLES,101.96,groceries,retail_simulated_bank
2024-04-18,POS PURCHASE MORTGAGE 624871,802.5,other,retail_simulated_bank
2023-07-07,card pmt online purchase,53.67,other,retail_simulated_bank
2023-03-08,Pos-Purchase-Fast-Food 941603,45.53,other,retail_simulated_bank
2024-06-28,pos purchase food delivery 113059,122.19,other,retail_simulated_bank
2024-03-20,Pos Purchase Gym Membership 311,11.23,other,retail_simulated_bank
2023-11-23,online/purchase/online/purchase,88.4,other,retail_simulated_bank
2024-07-18,CARD PMT RENT 202111,1520.59,other,retail_simulated_bank
2024-11-17,CARD PAYMENT WATER BILL 616879,172.58,other,retail_simulated_bank
2024-10-28,Pos/Purchase/Rent 85485,1243.19,other,retail_simulated_bank
2023-02-10,online-purchase-food-delivery 230222,6.14,other,retail_simulated_bank
2023-08-26,fuel train ticket 166552,98.65,transportation,retail_simulated_bank
2023-08-25,FUEL/FUEL 869033,116.67,transportation,retail_simulated_bank
2024-01-12,card pmt chicken,93.29,groceries,retail_simulated_bank
2024-03-12,ONLINE PURCHASE NETFLIX,7.82,other,retail_simulated_bank
2023-11-23,Online Purchase Rent 32149,1511.12,other,retail_simulated_bank
2023-12-21,CARD PAYMENT GAS BILL 635591,188.38,other,retail_simulated_bank
2024-11-02,card pmt rice 612963,147.56,groceries,retail_simulated_bank
2023-01-07,Pos Purchase Rice,73.48,groceries,retail_simulated_bank
2024-09-16,ONLINE PURCHASE MORTGAGE 625263,1522.07,other,retail_simulated_bank
2024-01-22,Online Purchase Spotify,17.13,other,retail_simulated_bank
2023-03-14,Pos Purchase Spotify 239833,19.51,other,retail_simulated_bank
2024-01-03,online purchase electricity bill,230.63,other,retail_simulated_bank
2023-09-21,CARD-PAYMENT-CHICKEN 693042,117.83,groceries,retail_simulated_bank
2023-06-25,Card Payment Spotify,14.73,other,retail_simulated_bank
2023-07-20,pos purchase gas bill 46354,104.06,other,retail_simulated_bank
2023-12-02,POS PURCHASE ONLINE PURCHASE 395531,107.07,other,retail_simulated_bank
2024-02-28,CARD PAYMENT NETFLIX,8.37,other,retail_simulated_bank
2023-04-12,card payment gas bill 914377,194.48,other,retail_simulated_bank
2023-11-13,CARD PAYMENT CHICKEN,63.38,groceries,retail_simulated_bank
2024-03-15,Card Pmt Uber Ride 458225,101.86,transportation,retail_simulated_bank
2023-01-11,POS-PURCHASE-INTERNET-BILL 923484,191.51,other,retail_simulated_bank
2023-09-15,Pos Purchase Misc Expense 750737,110.89,other,retail_simulated_bank
2023-05-26,POS PURCHASE RIC,37.89,groceries,retail_simulated_bank
2024-12-19,Online Purchase Water Bill 2,122.36,other,retail_simulated_bank
2024-04-22,POS-PURCHASE-FOOD-DELIVERY 534615,118.67,other,retail_simulated_bank
2023-07-23,Card*Payment*Online*Purchase 906192,148.98,other,retail_simulated_bank
2024-07-12,ONLINE PURCHASE ONLINE PURCHASE,34.82,other,retail_simulated_bank
2024-03-27,POS PURCHASE BREAD,78.85,groceries,retail_simulated_bank
2024-10-31,POS PURCHASE CHICKEN 335586,122.95,groceries,retail_simulated_bank
2024-11-21,ONLINE*PURCHASE*RENT 252649,1805.01,other,retail_simulated_bank
2023-11-24,Online*Purchase*Food*Delivery 437644,103.25,other,retail_simulated_bank
2023-11-21,Card Pmt Electricity Bill 369008,65.47,other,retail_simulated_bank
2023-08-11,ONLINE PURCHASE SPOTIFY 129947,34.98,other,retail_simulated_bank
2023-07-30,Pos Purchase Milk 989713,47.95,groceries,retail_simulated_bank
2024-05-30,Online Purchase Electricity Bill,249.19,other,retail_simulated_bank
2023-02-25,card-pmt-restau,146.18,other,retail_simulated_bank
2023-12-09,online purchase misc expense 5093,110.6,other,retail_simulated_bank
2023-01-27,POS PURCHASE MISC EXPENSE,101.98,other,retail_simulated_bank
2024-06-29,Pos Purchase Bread 5292,122.66,groceries,retail_simulated_bank
2023-09-07,Card Pmt Chicken,120.77,groceries,retail_simulated_bank
2023-04-05,POS PURCHASE MORTGAGE 779550,1932.57,other,retail_simulated_bank
2024-05-27,Pos Purchase Rent 752572,780.58,other,retail_simulated_bank
2024-07-11,online purchase gas bill,85.62,other,retail_simulated_bank
2024-06-14,pos purchase rice,9.69,groceries,retail_simulated_bank
2024-10-11,card payment fuel,12.21,transportation,retail_simulated_bank
2024-10-09,card/payment/spotify,27.45,other,retail_simulated_bank
2024-09-13,Card Pmt Water Bill 3111,91.94,other,retail_simulated_bank
2023-08-03,card pmt spotify,34.89,other,retail_simulated_bank
2024-10-21,POS PURCHASE RENT 661685,992.15,other,retail_simulated_bank
2023-07-29,Fuel Fuel 760719,40.6,transportation,retail_simulated_bank
2023-02-14,Transport Pmt Bus Pass 352118,22.07,transportation,retail_simulated_bank
2023-02-16,pos purchase fast food,12.75,other,retail_simulated_bank
2024-02-09,Online Purchase Online Purchase,46.25,other,retail_simulated_bank
2023-10-27,POS/PURCHASE/MILK,4.76,groceries,retail_simulated_bank
2023-12-11,Pos Purchase Bread 252639,20.93,groceries,retail_simulated_bank
2024-04-11,CARD PAYMENT BUS,144.13,transportation,retail_simulated_bank
2023-05-31,online*purchase*spotify,30.23,other,retail_simulated_bank
2024-01-01,pos purchase rent 580195,1435.51,other,retail_simulated_bank
2024-11-03,CARD PAYMENT FOOD DELIVERY,71.25,other,retail_simulated_bank
2023-03-20,Card*Pmt*Rice 349591,58.53,groceries,retail_simulated_bank
2024-04-09,online purchase mortgage 142832,1868.71,other,retail_simulated_bank
2024-03-24,Pos Purchase Fast Food 799181,72.99,other,retail_simulated_bank
2024-05-06,FUEL UBER RIDE,35.01,transportation,retail_simulated_bank
2023-08-07,POS PURCHASE FOOD DELIVERY,14.24,other,retail_simulated_bank
2023-08-17,card pmt gym membership 553197,38.98,other,retail_simulated_bank
2023-02-12,Online/Purchase/Spotify 527568,33.0,other,retail_simulated_bank
2023-10-09,Transport*Payment*Fuel 639459,36.05,transportation,retail_simulated_bank
2023-11-23,Fuel*Uber*Ride 481084,89.28,transportation,retail_simulated_bank
2023-03-28,fuel fuel,139.62,transportation,retail_simulated_bank
2023-04-27,card-payment-mortgage,912.69,other,retail_simulated_bank
2024-08-15,Pos Purchase Gym Membership 862407,6.07,other,retail_simulated_bank
2023-02-11,pos-purchase-mort,1619.08,other,retail_simulated_bank
2023-11-23,pos purchase electricity bill 149327,136.58,other,retail_simulated_bank
2023-04-19,Online Purchase Spotify,36.75,other,retail_simulated_bank
2024-02-05,CARD*PMT*MISC*EXPENSE,38.05,other,retail_simulated_bank
2023-11-10,pos*purchase*rent 821759,1860.74,other,retail_simulated_bank
2024-04-03,POS PURCHASE NETFLIX 849092,25.42,other,retail_simulated_bank
2023-09-15,Pos Purchase Vegetables,85.84,groceries,retail_simulated_bank
2023-11-18,Pos Purchase Rice,36.5,groceries,retail_simulated_bank
2023-01-09,Online Purchase Misc Expense 604732,134.77,other,retail_simulated_bank
2023-03-18,Online Purchase Electricity Bil,241.98,other,retail_simulated_bank
2024-07-26,POS PURCHASE MISC EXPENSE 580481,31.99,other,retail_simulated_bank
2023-12-21,ONLINE PURCHASE MORTGAGE 863344,1561.5,other,retail_simulated_bank
2023-08-13,Transport Pmt Bus Pass,108.69,transportation,retail_simulated_bank
2023-02-06,POS PURCHASE MORTGAG,1911.76,other,retail_simulated_bank
2024-11-24,CARD/PAYMENT/FOOD/DELIVERY 191487,107.11,other,retail_simulated_bank
2024-05-30,POS PURCHASE FAST F,71.79,other,retail_simulated_bank
2023-05-19,card pmt online purchase,97.72,other,retail_simulated_bank
2023-02-02,Card Pmt Online Purchase 538600,115.06,other,retail_simulated_bank
2024-11-13,card payment rent,795.77,other,retail_simulated_bank
2024-09-25,CARD PAYMENT EGGS 210938,6.18,groceries,retail_simulated_bank
2023-03-11,Transport Payment Fuel 84,114.69,transportation,retail_simulated_bank
2023-04-19,Pos Purchase Bre,46.37,groceries,retail_simulated_bank
2024-12-10,POS-PURCHASE-MORTGAGE,1288.49,other,retail_simulated_bank
2023-01-24,POS PURCHASE EGGS 82506,16.93,groceries,retail_simulated_bank
2023-03-25,Card Payment Mortgage 212561,1172.4,other,retail_simulated_bank
2024-03-19,card-payment-spotify 390946,14.57,other,retail_simulated_bank
2024-05-24,CARD PMT GAS BILL 413915,238.39,other,retail_simulated_bank
2024-07-15,pos purchase vegetables 273662,41.04,groceries,retail_simulated_bank
2023-01-17,Card Payment Fast Food 199913,15.08,other,retail_simulated_bank
2023-01-15,Card Payment Chicken 757605,71.09,groceries,retail_simulated_bank
2023-02-18,online purchase water bill 249346,131.91,other,retail_simulated_bank
2023-01-30,Card Payment Mortgage 280448,913.78,other,retail_simulated_bank
2024-01-21,card payment re,22.79,other,retail_simulated_bank
2024-09-20,CARD PAYMENT MORTGAGE 614137,1392.81,other,retail_simulated_bank
2023-09-20,online/purchase/misc/expense,99.62,other,retail_simulated_bank
2023-02-28,Card Payment Gym Membership 673377,12.48,other,retail_simulated_bank
2023-04-14,Card Payment Train Ticket 878443,78.47,transportation,retail_simulated_bank
2024-09-01,Online Purchase Misc Expense 285171,68.02,other,retail_simulated_bank
2023-06-14,Pos-Purchase-Rent,1778.07,other,retail_simulated_bank
2024-06-24,TRANSPORT PAYMENT FUEL,6.28,transportation,retail_simulated_bank
2024-11-27,Pos-Purchase-Milk,139.58,groceries,retail_simulated_bank
2023-10-23,Online Purchase Electricity Bill 44813,123.72,other,retail_simulated_bank
2024-01-01,Pos-Purchase-Water-Bill,209.1,other,retail_simulated_bank
2023-05-08,pos purchase mortgage 665437,735.66,other,retail_simulated_bank
2024-05-01,CARD PMT INTERNET BILL,47.75,other,retail_simulated_bank
2023-09-05,Pos Purchase Milk 470617,39.12,groceries,retail_simulated_bank
2023-06-08,Card Payment Misc Expense 19497,42.81,other,retail_simulated_bank
2024-04-25,Fuel Fuel 423278,121.49,transportation,retail_simulated_bank
2024-12-06,FUEL UBER RIDE 188581,145.96,transportation,retail_simulated_bank
2023-11-19,transport payment train ticket 33979,58.85,transportation,retail_simulated_bank
2023-07-30,Pos Purchase Vegetables 395193,101.75,groceries,retail_simulated_bank
2023-09-22,Pos Purchase Milk,123.78,groceries,retail_simulated_bank
2024-08-29,POS*PURCHASE*VEGETABLES,12.77,groceries,retail_simulated_bank
2023-01-29,pos purchase online purchase,97.09,other,retail_simulated_bank
2023-09-11,POS PURCHASE RESTAURANT 973523,74.85,other,retail_simulated_bank
2023-02-03,CARD PAYMENT MORTGAGE 470220,885.46,other,retail_simulated_bank
2024-11-22,TRANSPORT PMT TRAIN TICKET,28.95,transportation,retail_simulated_bank
2024-03-10,card pmt bus pass 376243,27.1,transportation,retail_simulated_bank
2023-09-08,Pos Purchase Misc Expense 957459,99.14,other,retail_simulated_bank
2024-11-16,online purchase mortgage,1384.75,other,retail_simulated_bank
2024-02-24,pos-purchase-gas-bill,56.38,other,retail_simulated_bank
2024-09-28,Card*Pmt*Vege,48.96,groceries,retail_simulated_bank
2023-05-26,Card Pmt Gym Membership,14.45,other,retail_simulated_bank
2023-10-09,Pos Purchase Food Delivery 550124,15.53,other,retail_simulated_bank
2024-03-25,POS*PURCHASE*MISC*EXPENSE 469372,49.24,other,retail_simulated_bank
2023-06-07,Pos Purchase Misc Expense,81.69,other,retail_simulated_bank
2024-10-18,POS PURCHASE FOOD DELIVERY 523281,21.71,other,retail_simulated_bank
2024-09-18,Card Pmt Spotify,8.73,other,retail_simulated_bank
2023-07-16,card pmt gym membership,6.1,other,retail_simulated_bank
2023-08-24,CARD-PAYMENT-WATER-BILL 1,111.5,other,retail_simulated_bank
2024-12-11,POS PURCHASE MISC EXPENSE 696560,78.14,other,retail_simulated_bank
2024-06-14,CARD PMT GAS BILL 200704,67.71,other,retail_simulated_bank
2024-05-22,Pos Purchase Eggs,7.12,groceries,retail_simulated_bank
2024-11-12,Card Payment Uber Ride,131.31,transportation,retail_simulated_bank
2024-10-07,Card Payment Netfl,35.89,other,retail_simulated_bank
2024-01-05,CARD PMT MISC EXPENSE 7496,121.82,other,retail_simulated_bank
2024-01-02,Fuel Bus Pass 224288,137.07,transportation,retail_simulated_bank
2024-05-15,Online Purchase Gas Bill 13204,134.14,other,retail_simulated_bank
2023-10-08,online*purchase*fast*food 227622,44.94,other,retail_simulated_bank
2023-02-04,card pmt spotify 572114,25.56,other,retail_simulated_bank
2023-02-24,Card*Pmt*Fuel,44.5,transportation,retail_simulated_bank
2024-08-04,Card/Pmt/Rice,4.28,groceries,retail_simulated_bank
2024-07-13,card pmt gym membership,18.66,other,retail_simulated_bank
2024-11-18,ONLINE PURCHASE RESTAURANT 386607,144.16,other,retail_simulated_bank
2023-08-01,Card/Pmt/Fast/Food,121.52,other,retail_simulated_bank
2024-07-29,Pos/Purchase/Fast/Food 616589,90.27,other,retail_simulated_bank
2024-01-24,Transport/Pmt/Bus/Pass,99.02,transportation,retail_simulated_bank
2023-05-05,Card Payment Chicken,17.8,groceries,retail_simulated_bank
2023-06-10,POS*PURCHASE*EGGS,6.58,groceries,retail_simulated_bank
2023-12-29,POS-PURCHASE-MISC-EXPENSE 862979,40.23,other,retail_simulated_bank
2024-03-20,Pos Purchase Rent,660.93,other,retail_simulated_bank
2024-09-21,Card Pmt Chicken 185774,125.58,groceries,retail_simulated_bank
2024-10-09,Pos Purchase Online Purchase 772458,23.78,other,retail_simulated_bank
2023-05-27,Card Payment Mortgage,1216.5,other,retail_simulated_bank
2023-04-17,ONLINE PURCHASE RESTAURANT 303540,56.0,other,retail_simulated_bank
2024-02-08,pos purchase mortgage,774.13,other,retail_simulated_bank
2024-01-16,online purchase online purchase 396731,34.99,other,retail_simulated_bank
2024-11-27,Card-Pmt-Vegeta,124.31,groceries,retail_simulated_bank
2024-06-04,card payment mortgage 538974,1488.47,other,retail_simulated_bank
2024-04-15,pos purchase spotify 289396,37.82,other,retail_simulated_bank
2023-09-06,Pos Purchase Gym Membership,29.0,other,retail_simulated_bank
2024-05-26,Pos Purchase Restaurant 851495,118.59,other,retail_simulated_bank
2023-12-11,pos purchase,30.41,other,retail_simulated_bank
2023-12-29,online purchase misc expense 3,91.86,other,retail_simulated_bank
2023-04-29,Card Payment Mortgage 528423,1626.26,other,retail_simulated_bank
2024-05-19,Pos Purchase Internet Bill,189.64,other,retail_simulated_bank
2023-05-28,Card Payment Mortgage,1808.43,other,retail_simulated_bank
2023-08-23,CARD PMT FOOD DELIVERY,18.65,other,retail_simulated_bank
2023-01-25,ONLINE PURCHASE WATER BILL 2,91.57,other,retail_simulated_bank
2024-11-12,CARD PAYMENT WATER BILL 484431,75.91,other,retail_simulated_bank
2023-10-05,ONLINE PURCHASE INTERNET BILL,131.57,other,retail_simulated_bank
2023-02-11,ONLINE PURCHASE RENT 645644,987.48,other,retail_simulated_bank
2024-01-11,Card*Payment*Fuel 638114,52.44,transportation,retail_simulated_bank
2024-01-22,pos purchase milk 571085,27.02,groceries,retail_simulated_bank
2023-12-25,pos purchase electricity bill 626340,242.26,other,retail_simulated_bank
2023-05-15,Pos Purchase Bread,106.98,groceries,retail_simulated_bank
2024-10-27,ONLINE PURCHASE GYM MEMBERSHIP 836906,6.33,other,retail_simulated_bank
2023-06-23,TRANSPORT*PMT*BUS*PASS,89.39,transportation,retail_simulated_bank
2024-03-06,CARD-PMT-ONLINE-PURCHASE 323025,68.03,other,retail_simulated_bank
2023-07-06,POS PURCHASE FAST FOOD 945749,119.8,other,retail_simulated_bank
2023-08-23,pos purchase water bill 729000,88.3,other,retail_simulated_bank
2023-05-17,Online Purchase Misc Expense 175332,31.45,other,retail_simulated_bank
2024-03-04,Card Pmt Mortgage 591248,902.33,other,retail_simulated_bank
2023-12-19,POS PURCHASE ONLINE PURCHASE,14.73,other,retail_simulated_bank
2024-01-24,pos-purchase-milk 813598,4.75,groceries,retail_simulated_bank
2023-06-19,Card Pmt Rice,67.83,groceries,retail_simulated_bank
2024-10-05,Pos Purchase Eggs,31.48,groceries,retail_simulated_bank
2024-01-30,online purchase mortgage 219726,1575.67,other,retail_simulated_bank
2023-12-18,pos purchase gym membership 53,38.99,other,retail_simulated_bank
2024-05-02,ONLINE-PURCHASE-INTERNET-BILL 27459,228.57,other,retail_simulated_bank
2023-01-05,card payment electricity bill 38091,108.34,other,retail_simulated_bank
2024-04-09,card*payment*gym*membership 260942,7.29,other,retail_simulated_bank
2024-01-06,online/purchase/electricity/bill,155.04,other,retail_simulated_bank
2023-08-27,POS*PURCHASE*RICE,94.54,groceries,retail_simulated_bank
2023-08-22,POS PURCHASE FAST FOOD 378346,127.95,other,retail_simulated_bank
2023-07-17,POS PURCHASE BREAD 134758,93.01,groceries,retail_simulated_bank
2024-06-13,card payment uber ride,112.09,transportation,retail_simulated_bank
2023-06-13,Card*Pmt*Uber*Ride 556,134.38,transportation,retail_simulated_bank
2024-09-13,pos purchase mort,1996.76,other,retail_simulated_bank
2023-01-19,ONLINE PURCHASE RENT 259385,1176.76,other,retail_simulated_bank
2023-06-04,POS PURCHASE CHICKEN 352245,11.64,groceries,retail_simulated_bank
2023-03-29,Online/Purchase/Electricity/Bill,168.22,other,retail_simulated_bank
2023-05-05,Pos*Purchase*Online*Purchase,141.73,other,retail_simulated_bank
2023-12-22,Card Pmt Gym Membership 298368,39.14,other,retail_simulated_bank
2023-11-28,Pos*Purchase*Water*Bill,171.5,other,retail_simulated_bank
2023-08-03,ONLINE/PURCHASE/SPOTIFY,9.6,other,retail_simulated_bank
2024-09-30,card pmt eggs,122.17,groceries,retail_simulated_bank
2024-04-16,Pos*Purchase*Gym*Membership 119961,17.28,other,retail_simulated_bank
2023-01-31,Transport Pmt Fuel 121304,119.07,transportation,retail_simulated_bank
2024-07-18,online*purchase*water*bill 984964,210.19,other,retail_simulated_bank
2023-01-04,CARD PAYMENT GYM MEMBERSHIP 873849,20.19,other,retail_simulated_bank
2023-01-13,Online Purchase Spotify,21.27,other,retail_simulated_bank
2023-01-25,card payment gas bill,78.63,other,retail_simulated_bank
2024-07-13,POS*PURCHASE*RICE,78.45,groceries,retail_simulated_bank
2024-06-12,Pos/Purchase/Fast/Food,98.5,other,retail_simulated_bank
2023-12-13,Online*Purchase*Mortgage 197899,1555.88,other,retail_simulated_bank
2023-04-10,Pos/Purchase/Chicken 4,52.8,groceries,retail_simulated_bank
2024-09-25,Fuel Bus Pass,9.33,transportation,retail_simulated_bank
2023-09-12,Card Payment Misc Expense,28.87,other,retail_simulated_bank
2024-11-24,Pos*Purchase*Fast*Food 106262,94.44,other,retail_simulated_bank
2024-05-28,CARD PMT RESTAURANT,68.46,other,retail_simulated_bank
2023-05-08,Pos Purchase Fast Food 621155,18.34,other,retail_simulated_bank
2023-08-20,Transport Pmt Train,8.79,transportation,retail_simulated_bank
2023-02-17,Online Purchase Mortgage 165842,1053.53,other,retail_simulated_bank
2024-05-13,pos purchase mortgage,804.73,other,retail_simulated_bank
2023-10-30,POS PURCHASE FAST FOOD 255429,100.37,other,retail_simulated_bank
2023-04-20,Pos Purchase Netflix 660076,36.65,other,retail_simulated_bank
2024-01-22,POS/PURCHASE/FOOD/DELIVERY,113.57,other,retail_simulated_bank
2024-03-28,ONLINE PURCHASE FAST FOOD 477564,145.39,other,retail_simulated_bank
2024-03-05,pos purchase gym membership,35.7,other,retail_simulated_bank
2024-12-14,Card Payment Gym Membership 987874,35.27,other,retail_simulated_bank
2024-04-02,Online Purchase Misc Expense,81.34,other,retail_simulated_bank
2023-03-30,Card Payment Uber Ride 546944,143.79,transportation,retail_simulated_bank
2024-03-23,Pos Purchase Rice 765368,97.91,groceries,retail_simulated_bank
2024-03-15,Card Pmt Food Delive,25.23,other,retail_simulated_bank
2024-10-01,card pmt uber ride 34006,77.09,transportation,retail_simulated_bank
2023-08-10,online/purchase/internet/bill 662149,226.41,other,retail_simulated_bank
2023-06-13,CARD PMT FAST FOOD 144212,10.7,other,retail_simulated_bank
2023-04-23,CARD PAYMENT TRAIN TICKET,132.19,transportation,retail_simulated_bank
2024-11-23,online purchase food delivery 925160,42.1,other,retail_simulated_bank
2023-09-10,ONLINE PURCHASE RENT 834678,962.15,other,retail_simulated_bank
2024-03-26,Card Payment Food D,5.14,other,retail_simulated_bank
2024-10-05,card payment eggs 51671,8.77,groceries,retail_simulated_bank
2024-06-05,ONLINE PURCHASE NETFLIX 987804,7.39,other,retail_simulated_bank
2024-08-16,Pos Purchase Misc Expense,57.87,other,retail_simulated_bank
2023-05-23,ONLINE PURCHASE INTERNET BILL,228.61,other,retail_simulated_bank
2023-08-14,ONLINE PURCHASE ONLINE PURCHASE,125.55,other,retail_simulated_bank
2023-12-17,ONLINE PURCHASE RENT 6612,891.68,other,retail_simulated_bank
2024-01-08,CARD PAYMENT MISC EXPENSE,20.32,other,retail_simulated_bank
2023-03-16,Pos Purchase Fast Food,148.56,other,retail_simulated_bank
2023-12-16,Card Pmt Water Bill 227192,151.56,other,retail_simulated_bank
2024-08-12,POS-PURCHASE-FOOD-DELIVERY 788191,77.37,other,retail_simulated_bank
2023-05-26,transport pmt uber ride 820790,57.01,transportation,retail_simulated_bank
2024-01-25,online purchase mortgage,1685.83,other,retail_simulated_bank
2023-01-01,Card Payment Milk 924783,88.31,groceries,retail_simulated_bank
2024-07-04,online purchase misc expense 39,137.78,other,retail_simulated_bank
2023-07-30,Card Pmt Internet Bill 558598,40.16,other,retail_simulated_bank
2023-10-03,pos purchase bread 669915,135.58,groceries,retail_simulated_bank
2024-02-20,POS PURCHASE BREAD,123.81,groceries,retail_simulated_bank
2024-06-11,Card Pmt Train Ticket 114468,21.38,transportation,retail_simulated_bank
2024-07-02,Card Payment Fuel,110.64,transportation,retail_simulated_bank
2024-03-27,fuel-fuel,130.26,transportation,retail_simulated_bank
2023-02-14,POS PURCHASE ONLINE PURCHASE,111.25,other,retail_simulated_bank
2023-10-06,ONLINE PURCHASE RESTAURANT 768346,6.66,other,retail_simulated_bank
2023-09-03,CARD/PMT/RESTAURANT 777972,125.24,other,retail_simulated_bank
2023-10-12,Card Payment Internet Bill,41.19,other,retail_simulated_bank
2023-11-13,Card Pmt Rent,1524.67,other,retail_simulated_bank
2024-03-24,fuel train ticket 372792,59.97,transportation,retail_simulated_bank
2024-01-26,pos-purchase-veg,110.05,groceries,retail_simulated_bank
2024-01-02,Card*Pmt*Internet*,222.5,other,retail_simulated_bank
2023-11-05,Online Purchase Food Delivery,75.0,other,retail_simulated_bank
2023-09-19,pos purchase online purchase 540342,111.64,other,retail_simulated_bank
2024-06-20,card payment fuel,66.08,transportation,retail_simulated_bank
2023-11-11,ONLINE PURCHASE GAS BILL 565752,189.38,other,retail_simulated_bank
2024-06-02,Card Pmt Eggs,28.04,groceries,retail_simulated_bank
2023-09-14,card-payment-train-ticket 731382,95.28,transportation,retail_simulated_bank
2024-05-30,CARD PAYMENT VEGETABLES 721485,110.9,groceries,retail_simulated_bank
2023-09-22,pos purchase spotify 797772,12.25,other,retail_simulated_bank
2023-07-29,pos-purchase-rent,825.45,other,retail_simulated_bank
2024-06-20,ONLINE PURCHASE RENT 573045,1419.32,other,retail_simulated_bank
2024-07-30,Pos Purchase Online Purchase 466708,21.03,other,retail_simulated_bank
2024-12-16,pos purchase online purchase 464908,5.1,other,retail_simulated_bank
2023-05-22,Card Payment Online Purchase 3395,34.11,other,retail_simulated_bank
2024-06-07,ONLINE-PURCHASE-RENT,982.35,other,retail_simulated_bank
2024-05-09,Transport Pmt Bus Pass,64.73,transportation,retail_simulated_bank
2024-11-13,CARD PMT EGGS 112460,125.02,groceries,retail_simulated_bank
2024-04-20,Transport*Pmt*Uber*Ride 49796,110.91,transportation,retail_simulated_bank
2024-03-03,card payment mortgage,1015.38,other,retail_simulated_bank
2023-04-12,Online Purchase Gym Members,25.19,other,retail_simulated_bank
2023-11-14,pos purchase food delivery,123.36,other,retail_simulated_bank
2024-05-18,Card Payment Fuel 54363,98.98,transportation,retail_simulated_bank
2024-02-14,Pos-Purchase-Misc-Expense 876710,113.52,other,retail_simulated_bank
2024-01-30,card payment fuel 294270,108.78,transportation,retail_simulated_bank
2024-02-08,online*purchase*fast*food 593,73.66,other,retail_simulated_bank
2023-01-09,Pos Purchase Chicken 64785,54.86,groceries,retail_simulated_bank
2024-10-18,card payment gym membership 681,16.97,other,retail_simulated_bank
2023-07-09,POS PURCHASE INTERNET BILL 462525,223.7,other,retail_simulated_bank
2023-10-22,Card Pmt Rice,56.47,groceries,retail_simulated_bank
2023-05-18,Online-Purchase-Gym-Membership,22.33,other,retail_simulated_bank
2024-04-24,POS PURCHASE GYM MEMBERSHIP 108266,39.86,other,retail_simulated_bank
2023-05-26,card payment bus pass 179989,111.84,transportation,retail_simulated_bank
2024-07-21,CARD PMT ELECTRICITY BILL,181.13,other,retail_simulated_bank
2024-09-13,Card-Payment-Uber-Ride 675337,63.88,transportation,retail_simulated_bank
2024-06-22,CARD PMT INTERNET BILL 593521,81.08,other,retail_simulated_bank
2023-03-05,CARD PAYMENT FOOD DELIVERY 88440,43.52,other,retail_simulated_bank
2024-02-29,Card Pmt Fast Food,23.53,other,retail_simulated_bank
2023-02-08,online purchase misc expense 795630,32.72,other,retail_simulated_bank
2023-09-11,pos*purchase*wate,49.3,other,retail_simulated_bank
2024-12-14,Card Pmt Bread 643995,16.08,groceries,retail_simulated_bank
2023-03-22,Card*Payment*Water*Bill 808325,34.36,other,retail_simulated_bank
2024-06-04,pos purchase milk,120.74,groceries,retail_simulated_bank
2023-09-15,card/payment/uber/ride 589108,61.87,transportation,retail_simulated_bank
2023-11-24,Online Purchase Gym Membershi,23.31,other,retail_simulated_bank
2023-12-31,Transport Payment Train Ticket,105.39,transportation,retail_simulated_bank
2023-07-17,Pos Purchase Internet Bill 165936,46.46,other,retail_simulated_bank
2023-09-17,pos/purchase/food/delivery,70.25,other,retail_simulated_bank
2024-06-19,Fuel Fuel,107.0,transportation,retail_simulated_bank
2024-08-08,Card-Pmt-Gas-Bill,129.67,other,retail_simulated_bank
2023-04-02,Online Purchase Netflix 336416,20.97,other,retail_simulated_bank
2024-03-10,CARD PAYMENT RENT,1956.43,other,retail_simulated_bank
2023-07-28,Card Payment Spotify 229445,13.66,other,retail_simulated_bank
2024-07-04,CARD PMT MISC EXPENSE 112810,107.46,other,retail_simulated_bank
2024-04-20,POS*PURCHASE*FOOD*DELIVERY,39.8,other,retail_simulated_bank
2023-02-17,pos purchase rent,1555.52,other,retail_simulated_bank
2023-04-24,POS PURCHASE RENT,1649.96,other,retail_simulated_bank
2024-03-10,Pos Purchase Misc E,21.95,other,retail_simulated_bank
2023-06-22,POS PURCHASE SPOTIFY 749850,19.73,other,retail_simulated_bank
2024-07-03,ONLINE PURCHASE NETFLIX 378461,35.99,other,retail_simulated_bank
2024-01-06,CARD PAYMENT TRAIN TICKET 843462,66.45,transportation,retail_simulated_bank
2024-08-27,online purchase online purchase 310712,74.33,other,retail_simulated_bank
2024-08-01,CARD-PMT-RESTAURANT 784515,66.81,other,retail_simulated_bank
2023-05-15,Pos Purchase Rent,1828.82,other,retail_simulated_bank
2023-03-01,Pos Purchase Mortgage 8852,1449.4,other,retail_simulated_bank
2023-05-11,Card Payment Mortgage 930704,1637.69,other,retail_simulated_bank
2024-11-07,pos purchase online purchase 751238,30.62,other,retail_simulated_bank
2023-05-12,card payment restaurant,17.83,other,retail_simulated_bank
2024-08-08,card pmt eggs,96.63,groceries,retail_simulated_bank
2023-12-27,card pmt vegetables,43.28,groceries,retail_simulated_bank
2023-10-05,card pmt mortgage,1026.64,other,retail_simulated_bank
2023-02-06,ONLINE-PURCHASE-FOOD-DELIVERY 853294,29.88,other,retail_simulated_bank
2024-02-22,pos-purchase-rice 836581,52.48,groceries,retail_simulated_bank
2023-12-28,pos purchase water bill 738580,246.79,other,retail_simulated_bank
2023-07-13,Card Payment Chicken 27,25.88,groceries,retail_simulated_bank
2024-11-20,Online Purchase Rent 648067,1052.25,other,retail_simulated_bank
2023-02-24,CARD PMT NETFLIX 437521,5.51,other,retail_simulated_bank
2024-09-01,Card/Payment/Mortgage,1922.16,other,retail_simulated_bank
2023-10-08,CARD*PMT*MISC*EXPENSE 828246,12.64,other,retail_simulated_bank
2023-11-01,Card Pmt Electricity Bill 417190,92.28,other,retail_simulated_bank
2023-01-15,Card-Payment-Gas-Bill,91.6,other,retail_simulated_bank
2023-09-10,Online Purchase Online Purchase,111.41,other,retail_simulated_bank
2024-08-01,pos purchase electricity bill 63872,170.72,other,retail_simulated_bank
2023-01-05,Card Pmt Spotify,14.27,other,retail_simulated_bank
2024-09-26,Transport Pmt Train Ticket,15.65,transportation,retail_simulated_bank
2024-11-16,pos/purchase/rice,74.18,groceries,retail_simulated_bank
2024-12-07,online/purchase/netflix 742759,16.5,other,retail_simulated_bank
2024-10-06,Online-Purchase-Water-Bill 596972,137.57,other,retail_simulated_bank
2023-09-21,ONLINE PURCHASE RENT 149843,1096.44,other,retail_simulated_bank
2023-05-11,card payment fast food 662527,12.54,other,retail_simulated_bank
2023-08-19,pos purchase fast food 427263,72.94,other,retail_simulated_bank
2023-04-20,Card Payment Bus Pass 547081,48.57,transportation,retail_simulated_bank
2023-07-04,CARD-PMT-FUEL 464827,140.83,transportation,retail_simulated_bank
2023-12-14,Card Pmt Fast Food,65.91,other,retail_simulated_bank
2024-08-13,Card Pmt Rent 898467,1718.09,other,retail_simulated_bank
2024-12-25,Online Purchase Rent 258647,850.92,other,retail_simulated_bank
2023-12-21,Pos Purchase Bread 183907,144.37,groceries,retail_simulated_bank
2023-09-18,Card Payment Vegetables 195827,17.44,groceries,retail_simulated_bank
2024-08-06,Card Pmt Online Purchase 998846,96.58,other,retail_simulated_bank
2024-09-25,Card*Pmt*Rice 987399,26.17,groceries,retail_simulated_bank
2023-10-22,POS PURCHASE MISC EXPENSE 883047,77.12,other,retail_simulated_bank
2023-08-09,Online/Purchase/Misc/Expense 467416,72.55,other,retail_simulated_bank
2024-09-10,ONLINE PURCHASE RENT 591635,1444.23,other,retail_simulated_bank
2023-04-25,Online Purchase Online Purchase 309352,35.49,other,retail_simulated_bank
2024-09-05,CARD-PMT-RENT 772730,1218.25,other,retail_simulated_bank
2023-03-31,pos purchase gas bill 959063,176.95,other,retail_simulated_bank
2023-04-02,transport payment train ticket 716,15.39,transportation,retail_simulated_bank
2023-07-01,card payment food delivery,30.49,other,retail_simulated_bank
2024-10-31,Card Pmt Vegetables,60.56,groceries,retail_simulated_bank
2023-10-10,Pos Purchase Mortga,664.2,other,retail_simulated_bank
2023-09-15,ONLINE PURCHASE MISC EXPENSE,30.87,other,retail_simulated_bank
2023-06-14,ONLINE PURCHASE INTERNET BILL 858523,85.22,other,retail_simulated_bank
2023-06-10,Online Purchase Mortgage,954.04,other,retail_simulated_bank
2023-06-03,Online Purchase Rent 34097,1248.74,other,retail_simulated_bank
2023-11-23,ONLINE PURCHASE INTERNET BILL 598877,140.05,other,retail_simulated_bank
2024-06-03,Online-Purchase-Internet-Bill,216.38,other,retail_simulated_bank
2024-05-08,Card/Payment/Food/Delivery,49.98,other,retail_simulated_bank
2023-08-12,card pmt milk 529776,91.43,groceries,retail_simulated_bank
2024-08-25,Card Payment Gas Bill,33.14,other,retail_simulated_bank
2023-08-05,pos*purchase*milk,100.84,groceries,retail_simulated_bank
2024-03-10,Card Pmt Rent 189867,1623.24,other,retail_simulated_bank
2023-10-18,Online Purchase Mortgage 65885,1838.59,other,retail_simulated_bank
2023-05-04,Pos Purchase Fast Food 255063,84.07,other,retail_simulated_bank
2023-11-13,Online Purchase Restaurant,84.25,other,retail_simulated_bank
2023-10-24,pos/purchase/food/delivery,7.09,other,retail_simulated_bank
2023-08-14,Card/Payment/Fuel,96.75,transportation,retail_simulated_bank
2024-11-17,online purchase gas bill 468371,107.82,other,retail_simulated_bank
2023-03-08,card payment food deliver,44.9,other,retail_simulated_bank
2023-07-25,card pmt bus pass 190609,113.04,transportation,retail_simulated_bank
2024-05-21,fuel uber ride,71.43,transportation,retail_simulated_bank
2024-06-11,Card-Payment-Gas-Bill 879851,196.39,other,retail_simulated_bank
2024-05-26,Card Payment Uber Ride,118.78,transportation,retail_simulated_bank
2024-01-03,CARD PAYMENT FOOD DELIVERY,102.17,other,retail_simulated_bank
2024-02-26,Pos Purchase Mortgage,1171.74,other,retail_simulated_bank
2024-10-17,Card Payment Milk,118.49,groceries,retail_simulated_bank
2024-04-03,Pos Purchase Online Purchase,106.68,other,retail_simulated_bank
2024-02-09,card/payment/mortgage 265154,1397.12,other,retail_simulated_bank
2023-04-01,card pmt mortgage,1492.4,other,retail_simulated_bank
2023-05-11,card*pmt*chicken 946185,26.48,groceries,retail_simulated_bank
2023-12-13,transport payment uber ride 338353,110.66,transportation,retail_simulated_bank
2024-10-11,fuel fuel 289142,137.92,transportation,retail_simulated_bank
2023-05-14,card pmt train ticket 370204,69.61,transportation,retail_simulated_bank
2023-03-13,Card Pmt Internet Bill 75530,39.92,other,retail_simulated_bank
2023-11-11,TRANSPORT PMT TRAIN TICKET,140.55,transportation,retail_simulated_bank
2023-02-17,card pmt electricity b,216.18,other,retail_simulated_bank
2023-07-03,CARD/PAYMENT/NETFLIX,22.03,other,retail_simulated_bank
2023-07-25,POS-PURCHASE-GYM-MEMBERSHIP 352970,5.56,other,retail_simulated_bank
2024-11-18,card payment train ticket 585256,48.78,transportation,retail_simulated_bank
2023-02-03,Pos Purchase Water Bill 370052,170.35,other,retail_simulated_bank
2024-11-14,Card Payment Vegetables 295770,148.42,groceries,retail_simulated_bank
2024-07-24,CARD PMT FUEL,134.97,transportation,retail_simulated_bank
2024-03-18,Transport Pmt Uber Ride,70.75,transportation,retail_simulated_bank
2024-07-12,CARD PAYMENT MORTGAGE,676.21,other,retail_simulated_bank
2024-11-06,pos purchase food delivery,140.27,other,retail_simulated_bank
2024-12-04,online purchase mortgage 349941,1164.02,other,retail_simulated_bank
2024-06-01,card pmt netfli,39.19,other,retail_simulated_bank
2024-02-06,CARD/PMT/GAS/BILL 58760,124.81,other,retail_simulated_bank
2024-07-29,Online Purchase Food Delivery 188229,48.37,other,retail_simulated_bank
2024-11-27,Pos Purchase Internet Bill 344442,210.31,other,retail_simulated_bank
2024-06-01,CARD PMT GYM MEMBERSHIP,23.13,other,retail_simulated_bank
2023-12-01,card pmt gas bill 1,33.61,other,retail_simulated_bank
2024-10-10,card pmt train ticket 964044,52.13,transportation,retail_simulated_bank
2023-07-08,Online/Purchase/Restaurant,86.92,other,retail_simulated_bank
2023-05-30,pos purchase fast food 772431,86.14,other,retail_simulated_bank
2023-06-12,pos purchase water bill,191.57,other,retail_simulated_bank
2023-11-08,pos purchase restaurant 146617,95.91,other,retail_simulated_bank
2024-09-12,POS PURCHASE MORTGAGE 730251,1748.05,other,retail_simulated_bank
2024-11-29,ONLINE PURCHASE RENT 185635,676.79,other,retail_simulated_bank
2024-11-19,Fuel Fuel 256653,28.99,transportation,retail_simulated_bank
2024-03-16,Online Purchase Rent,951.97,other,retail_simulated_bank
2023-12-28,ONLINE PURCHASE FAST FOOD 223860,18.49,other,retail_simulated_bank
2024-01-31,card pmt eggs 891718,91.13,groceries,retail_simulated_bank
2024-01-23,CARD PAYMENT CHICKEN 57,10.08,groceries,retail_simulated_bank
2024-07-16,POS PURCHASE MISC EXPENSE 623562,27.81,other,retail_simulated_bank
2024-12-13,online purchase food delivery 89424,112.69,other,retail_simulated_bank
2023-06-23,ONLINE/PURCHASE/SPOTIFY,26.56,other,retail_simulated_bank
2023-09-18,Transport*Pmt*Bus*Pass 459319,91.8,transportation,retail_simulated_bank
2024-10-27,pos purchase bread,102.99,groceries,retail_simulated_bank
2024-09-28,Card-Pmt-Mortgage 139345,1939.91,other,retail_simulated_bank
2024-11-14,CARD PMT MORTGAGE 349844,721.35,other,retail_simulated_bank
2024-07-28,Card Payment Bus Pass,9.92,transportation,retail_simulated_bank
2023-04-14,online purchase netflix,13.24,other,retail_simulated_bank
2024-08-16,CARD PMT NETFLIX,9.25,other,retail_simulated_bank
2023-03-11,online*purchase*rent 176423,1189.16,other,retail_simulated_bank
2023-07-28,CARD PMT ONLINE PURCHASE 398680,97.87,other,retail_simulated_bank
2023-09-11,card pmt fast food,91.56,other,retail_simulated_bank
2023-06-11,card-pmt-rent 481795,1542.83,other,retail_simulated_bank
2024-05-28,online purchase electricity bill,77.31,other,retail_simulated_bank
2023-01-07,Card-Payment-Misc-Expense,29.52,other,retail_simulated_bank
2023-06-05,Pos Purchase Rent 247365,739.17,other,retail_simulated_bank
2024-02-09,Card Payment Electricity Bill,83.32,other,retail_simulated_bank
2023-01-05,Online Purchase Rent 239721,1007.52,other,retail_simulated_bank
2023-02-16,CARD PAYMENT GYM MEMBERSHIP 929058,10.88,other,retail_simulated_bank
2024-03-12,Card Payment Water Bill 577737,160.86,other,retail_simulated_bank
2023-04-26,card payment restaurant 788153,8.14,other,retail_simulated_bank
2023-09-08,Online*Purchase*Gas*Bill 180793,227.46,other,retail_simulated_bank
2024-05-12,pos purchase vegetables 123421,116.67,groceries,retail_simulated_bank
2024-12-06,ONLINE PURCHASE MORTGAGE,1405.41,other,retail_simulated_bank
2024-12-07,Card Pmt Milk 290210,105.78,groceries,retail_simulated_bank
2023-03-23,POS PURCHASE VEGETABLES,88.53,groceries,retail_simulated_bank
2023-08-06,Online/Purchase/Fast/Food 893479,130.72,other,retail_simulated_bank
2023-11-13,Pos Purchase Online Purchase 372995,141.03,other,retail_simulated_bank
2024-06-06,ONLINE*PURCHASE*NETFLIX,12.66,other,retail_simulated_bank
2023-03-16,pos purchase misc expense,19.72,other,retail_simulated_bank
2023-11-08,Card-Payment-Bus-Pass 100050,108.66,transportation,retail_simulated_bank
2024-04-21,Pos Purchase Food Delivery 334888,19.94,other,retail_simulated_bank
2024-04-08,CARD PMT RENT 68951,1565.93,other,retail_simulated_bank
2024-06-29,pos purchase bread 23536,73.95,groceries,retail_simulated_bank
2024-09-30,POS PURCHASE ELECTRICITY BILL 8358,41.71,other,retail_simulated_bank
2023-07-26,CARD/PAYMENT/ELECTRICITY/BILL,149.97,other,retail_simulated_bank
2023-07-29,TRANSPORT*PAYMENT*UBER*RIDE,29.27,transportation,retail_simulated_bank
2023-01-26,CARD PAYMENT ELECTRICITY BILL,179.88,other,retail_simulated_bank
2024-12-15,CARD-PAYMENT-TRAI,29.16,transportation,retail_simulated_bank
2024-11-30,Card Payment Chicken,37.32,groceries,retail_simulated_bank
2023-06-14,CARD-PMT-MORTGAGE 58824,1231.22,other,retail_simulated_bank
2023-02-13,Card Pmt Train Ticke,99.36,transportation,retail_simulated_bank
2024-04-23,online purchase electricity bill,51.72,other,retail_simulated_bank
2023-08-09,ONLINE/PURCHASE/SPOT,10.8,other,retail_simulated_bank
2023-03-27,pos purchase internet bill,35.85,other,retail_simulated_bank
2023-04-26,Pos-Purchase-Fast-Foo,77.31,other,retail_simulated_bank
2024-04-24,Card/Payment/Misc/Expense 490389,148.12,other,retail_simulated_bank
2024-09-04,online-purchase-misc-expense 119599,111.32,other,retail_simulated_bank
2023-12-08,POS PURCHASE BREAD 574923,50.02,groceries,retail_simulated_bank
2024-03-18,Pos*Purchase*Internet*Bill,195.88,other,retail_simulated_bank
2023-06-24,card pmt restaurant 441468,117.62,other,retail_simulated_bank
2024-05-09,CARD*PAYMENT*ELECTRICITY*BILL 340436,95.75,other,retail_simulated_bank
2023-10-17,pos*purchase*mortgage,1799.98,other,retail_simulated_bank
2024-09-14,CARD PAYMENT RENT 258673,876.34,other,retail_simulated_bank
2023-12-17,Online/Purchase/Spotify,7.12,other,retail_simulated_bank
2023-11-24,Card Pmt Rice,50.39,groceries,retail_simulated_bank
2023-11-24,Card Pmt Chicken 906697,41.14,groceries,retail_simulated_bank
2023-03-05,card pmt gas bill 340103,137.67,other,retail_simulated_bank
2024-09-16,Pos Purchase Internet Bill 85,125.96,other,retail_simulated_bank
2024-07-26,online purchase restaurant 541567,110.87,other,retail_simulated_bank
2024-02-07,online purchase rent,1510.58,other,retail_simulated_bank
2023-12-14,transport*payment*bus*pass 924711,125.12,transportation,retail_simulated_bank
2023-01-08,Online Purchase Netflix 70672,30.13,other,retail_simulated_bank
2024-03-28,Pos*Purchase*Rice 909346,135.71,groceries,retail_simulated_bank
2023-09-06,Card-Payment-Internet-Bill,246.02,other,retail_simulated_bank
2023-05-01,POS*PURCHASE*RENT 680443,1390.59,other,retail_simulated_bank
2024-01-05,CARD-PAYMENT-ONLINE-PURCHASE 703152,22.17,other,retail_simulated_bank
2023-03-06,CARD PMT MILK,113.46,groceries,retail_simulated_bank
2024-03-13,Online Purchase Online Purchase,40.58,other,retail_simulated_bank
2024-09-24,Online Purchase Internet Bill,46.06,other,retail_simulated_bank
2023-02-12,Card Pmt Netflix,11.26,other,retail_simulated_bank
2024-11-21,Card Payment Fast Food 349136,12.44,other,retail_simulated_bank
2023-10-07,Online*Purchase*Food*Delivery,107.85,other,retail_simulated_bank
2023-04-01,ONLINE-PURCHASE-MISC-EXPENSE 240314,120.89,other,retail_simulated_bank
2023-10-06,ONLINE PURCHASE RESTAURANT 9349,101.24,other,retail_simulated_bank
2024-08-03,POS PURCHASE SPOTIFY 187142,35.02,other,retail_simulated_bank
2023-07-19,Card Payment Food Delivery 561982,84.75,other,retail_simulated_bank
2023-09-18,Card Pmt Rent 733986,1937.46,other,retail_simulated_bank
2024-11-07,online purchase online purchase 978624,68.83,other,retail_simulated_bank
2024-12-02,online*purchase*netflix,15.42,other,retail_simulated_bank
2024-11-04,card pmt bread 979610,82.73,groceries,retail_simulated_bank
2023-04-13,pos purchase netflix 141208,36.99,other,retail_simulated_bank
2023-12-10,pos-purchase-misc-expense 374768,123.68,other,retail_simulated_bank
2024-04-20,online-purchase-mortgage,1573.28,other,retail_simulated_bank
2024-08-21,pos purchase fast food,135.61,other,retail_simulated_bank
2024-08-01,CARD-PAYMENT-MISC-EXPENSE 696812,22.0,other,retail_simulated_bank
2024-05-10,card payment food delivery 800095,7.26,other,retail_simulated_bank
2023-04-07,Pos Purchase Chicken,25.53,groceries,retail_simulated_bank
2023-03-18,pos purchase fast food,48.04,other,retail_simulated_bank
2023-02-11,Card Payment Fast Food,114.48,other,retail_simulated_bank
2023-09-15,pos purchase water bill 809731,152.13,other,retail_simulated_bank
2024-05-31,ONLINE PURCHASE MORTGAGE,1027.47,other,retail_simulated_bank
2024-11-03,CARD PAYMENT ONLINE PURCHASE 121069,67.74,other,retail_simulated_bank
2023-03-02,Pos-Purchase-Gas-Bill,190.28,other,retail_simulated_bank
2023-07-06,Card Payment Spotify 314706,27.55,other,retail_simulated_bank
2023-08-30,ONLINE/PURCHASE/SPOTIFY 452140,24.45,other,retail_simulated_bank
2024-04-14,Fuel-Fuel,28.67,transportation,retail_simulated_bank
2024-12-18,online purchase water bill 126493,189.45,other,retail_simulated_bank
2023-06-17,online purchase food delivery 620628,95.17,other,retail_simulated_bank
2023-09-06,pos purchase mortgage,1741.81,other,retail_simulated_bank
2024-09-12,Card*Payment*Gym*Membership,19.83,other,retail_simulated_bank
2023-10-21,card pmt misc expense,115.57,other,retail_simulated_bank
2023-09-12,Pos Purchase Spotify 630036,28.71,other,retail_simulated_bank
2024-02-07,Online-Purchase-Gym-Membership 233927,30.3,other,retail_simulated_bank
2023-09-03,card/payment/misc/expense 521654,22.24,other,retail_simulated_bank
2024-11-08,POS PURCHASE NETFLIX,24.35,other,retail_simulated_bank
2023-06-09,CARD PMT FAST FOOD 127460,27.41,other,retail_simulated_bank
2023-08-20,ONLINE PURCHASE RESTAURANT 654589,52.02,other,retail_simulated_bank
2023-01-04,Card Payment Online Purchase 397577,128.96,other,retail_simulated_bank
2023-04-17,Online Purchase Food Delivery,26.23,other,retail_simulated_bank
2023-10-04,Online/Purchase/Fast/Food 433353,31.58,other,retail_simulated_bank
2024-12-08,online purchase online purchase,20.15,other,retail_simulated_bank
2023-09-19,CARD-PAYMENT-ELECTRICITY-BILL 536348,181.74,other,retail_simulated_bank
2023-08-05,POS-PURCHASE-MORTGAGE 364299,1823.13,other,retail_simulated_bank
2024-06-24,Card/Payment/Restaurant 324338,120.56,other,retail_simulated_bank
2024-01-09,POS-PURCHASE-SPOTIFY,12.6,other,retail_simulated_bank
2023-09-30,Online Purchase Restaurant 96511,44.65,other,retail_simulated_bank
2023-05-01,TRANSPORT PMT BUS PASS 354372,120.48,transportation,retail_simulated_bank
2023-05-31,Pos Purchase Mortgage 717171,1819.77,other,retail_simulated_bank
2023-12-14,Pos-Purchase-Milk 12,18.47,groceries,retail_simulated_bank
2024-08-04,Transport-Pmt-Bus-Pass 436117,46.08,transportation,retail_simulated_bank
2023-06-20,TRANSPORT PAYMENT FUEL,97.31,transportation,retail_simulated_bank
2024-06-28,online purchase online purchase,95.87,other,retail_simulated_bank
2023-11-04,Online Purchase Mortgage 290892,1475.64,other,retail_simulated_bank
2024-01-11,pos purchase restaurant 378247,77.33,other,retail_simulated_bank
2023-05-06,Card Pmt Bread 462779,94.73,groceries,retail_simulated_bank
2024-10-19,Online Purchase Fast Food 235933,113.61,other,retail_simulated_bank
2023-10-23,CARD PAYMENT NETFLIX,28.12,other,retail_simulated_bank
2023-07-29,Online*Purchase*Internet*Bill,127.0,other,retail_simulated_bank
2024-09-28,FUEL-TRAIN-TICKET 933728,98.82,transportation,retail_simulated_bank
2024-10-22,POS PURCHASE GYM MEMBERSHIP 487699,18.11,other,retail_simulated_bank
2023-03-04,card pmt netflix,34.89,other,retail_simulated_bank
2023-09-25,POS PURCHASE FAST FOOD 775785,122.0,other,retail_simulated_bank
2023-08-14,fuel uber ride,120.15,transportation,retail_simulated_bank
2024-08-05,card payment misc expense,73.58,other,retail_simulated_bank
2024-07-25,POS PURCHASE WATER BILL,240.73,other,retail_simulated_bank
2023-03-20,CARD PMT GAS BILL 753293,73.25,other,retail_simulated_bank
2023-05-24,pos/purchase/vegetables 512707,76.97,groceries,retail_simulated_bank
2023-09-02,CARD PAYMENT FUEL 955413,147.01,transportation,retail_simulated_bank
2024-01-29,Online-Purchase-Mortgage 873334,1552.78,other,retail_simulated_bank
2024-10-12,Pos Purchase Gas Bill 697327,40.44,other,retail_simulated_bank
2023-01-14,card pmt eggs,95.89,groceries,retail_simulated_bank
2024-08-27,pos purchase fast food 358899,111.25,other,retail_simulated_bank
2024-01-22,pos/purchase/restaurant 544192,109.63,other,retail_simulated_bank
2024-04-01,CARD PMT MISC EXPENSE,38.62,other,retail_simulated_bank
2023-05-31,Fuel Uber Ride 426988,132.5,transportation,retail_simulated_bank
2024-05-17,card pmt online purchase 354919,79.27,other,retail_simulated_bank
2023-01-10,Pos-Purchase-Gym-Membership,18.5,other,retail_simulated_bank
2023-09-30,online/purchase/restaurant,127.88,other,retail_simulated_bank
2023-01-10,Card Pmt Restaurant 80829,54.45,other,retail_simulated_bank
2023-11-23,POS-PURCHASE-MILK,135.36,groceries,retail_simulated_bank
2023-07-15,POS PURCHASE BREAD 770299,109.89,groceries,retail_simulated_bank
2023-09-18,pos purchase rice,9.48,groceries,retail_simulated_bank
2024-05-07,CARD PAYMENT ONLINE PURCHASE,30.53,other,retail_simulated_bank
2024-06-07,POS PURCHASE INTERNET BILL,241.69,other,retail_simulated_bank
2024-07-21,online purchase water bill 694863,67.98,other,retail_simulated_bank
2024-12-19,Card Payment Restaurant 800886,41.85,other,retail_simulated_bank
2024-04-18,POS PURCHASE GYM MEMBERSHIP,18.02,other,retail_simulated_bank
2024-10-13,online purchase spotify 9,26.63,other,retail_simulated_bank
2023-09-25,card pmt misc expense,77.27,other,retail_simulated_bank
2023-10-20,Pos-Purchase-Electricity-Bill 216949,172.41,other,retail_simulated_bank
2023-05-20,Pos Purchase Eggs 142995,126.21,groceries,retail_simulated_bank
2024-05-02,Card*Pmt*Fuel 331269,5.03,transportation,retail_simulated_bank
2024-06-30,CARD/PMT/INTERNET/BILL 863576,185.22,other,retail_simulated_bank
2023-12-29,Pos Purchase Restaurant 396407,108.61,other,retail_simulated_bank
2023-11-26,Online Purchase Spotify,29.66,other,retail_simulated_bank
2024-04-26,pos purchase mortgage 807670,1053.14,other,retail_simulated_bank
2024-05-16,CARD PMT MORTGAG,1654.93,other,retail_simulated_bank
2023-11-18,CARD PMT RENT,640.2,other,retail_simulated_bank
2024-11-06,Pos Purchase Fast Food,87.49,other,retail_simulated_bank
2024-03-20,Online Purchase Online Purchase 786914,60.32,other,retail_simulated_bank
2024-10-02,card pmt rice,48.85,groceries,retail_simulated_bank
2023-08-12,pos purchase milk,57.24,groceries,retail_simulated_bank
2023-11-21,online purchase spotify 33883,23.74,other,retail_simulated_bank
2023-08-24,Pos Purchase Eggs 497825,123.14,groceries,retail_simulated_bank
2024-03-20,online purchase netflix,16.94,other,retail_simulated_bank
2024-07-18,card*payment*rent 208873,1343.03,other,retail_simulated_bank
2024-03-11,Pos Purchase Mortgage 981635,1949.36,other,retail_simulated_bank
2024-01-01,ONLINE-PURCHASE-RENT,1186.8,other,retail_simulated_bank
2024-02-07,transport/payment/fuel 464,136.36,transportation,retail_simulated_bank
2023-03-25,POS-PURCHASE-RICE,51.02,groceries,retail_simulated_bank
2023-04-01,Pos Purchase Online Purchase 962044,15.8,other,retail_simulated_bank
2023-05-21,CARD PMT SPOTIFY 528023,10.78,other,retail_simulated_bank
2023-10-20,ONLINE PURCHASE FAST FOOD,126.25,other,retail_simulated_bank
2023-05-14,CARD PAYMENT CHICKEN,6.43,groceries,retail_simulated_bank
2023-10-28,CARD PAYMENT MISC EXPENSE 399123,53.75,other,retail_simulated_bank
2024-09-13,POS PURCHASE CHICKEN 16043,54.31,groceries,retail_simulated_bank
2023-12-11,card payment rent 333166,1122.9,other,retail_simulated_bank
2024-04-09,POS/PURCHASE/GAS/BILL 873773,133.54,other,retail_simulated_bank
2024-04-02,CARD PMT MISC EXPENSE,8.6,other,retail_simulated_bank
2023-11-27,card payment mortgage,1897.15,other,retail_simulated_bank
2023-09-16,ONLINE PURCHASE RESTAURANT 59804,74.42,other,retail_simulated_bank
2023-06-08,Online Purchase Gym Membership 879219,17.34,other,retail_simulated_bank
2023-12-05,transport pmt uber ride 634460,28.06,transportation,retail_simulated_bank
2024-08-29,card payment misc expense,64.64,other,retail_simulated_bank
2024-05-18,card payment online purchase 361387,15.1,other,retail_simulated_bank
2023-06-11,Pos Purchase Misc Expense,116.61,other,retail_simulated_bank
2024-10-11,CARD PMT MISC EXPEN,89.58,other,retail_simulated_bank
2024-03-14,Card Payment Gas Bill 343316,197.37,other,retail_simulated_bank
2024-10-01,Fuel Train Ticket 893266,33.73,transportation,retail_simulated_bank
2024-08-21,POS PURCHASE FAST FOOD 854071,40.45,other,retail_simulated_bank
2023-08-18,Pos Purchase Gym Membership 91912,7.11,other,retail_simulated_bank
2023-03-02,ONLINE PURCHASE MORTGAGE,1212.72,other,retail_simulated_bank
2023-03-26,Pos Purchase Spotify,16.99,other,retail_simulated_bank
2023-11-24,online purchase gas bill,154.13,other,retail_simulated_bank
2024-12-12,ONLINE PURCHASE FAST FOOD,35.54,other,retail_simulated_bank
2024-11-22,card pmt spotify 240081,39.76,other,retail_simulated_bank
2023-06-14,Pos*Purchase*Spotify 760963,13.67,other,retail_simulated_bank
2024-03-20,pos/purchase/spotify 288250,15.93,other,retail_simulated_bank
2023-12-29,card payment rent 942141,683.37,other,retail_simulated_bank
2023-09-27,Pos Purchase Electricity Bill,84.13,other,retail_simulated_bank
2024-09-05,Pos-Purchase-Restaurant 415582,13.14,other,retail_simulated_bank
2024-04-04,ONLINE PURCHASE FOOD DELIVERY 978543,75.92,other,retail_simulated_bank
2024-09-09,pos purchase water bill 924476,228.43,other,retail_simulated_bank
2024-12-09,pos purchase online purchase 589051,99.87,other,retail_simulated_bank
2024-09-19,Pos Purchase Netflix,29.92,other,retail_simulated_bank
2024-01-29,Card Payment Rice 945550,15.5,groceries,retail_simulated_bank
2024-11-24,Pos Purchase Bread 739346,32.74,groceries,retail_simulated_bank
2023-10-16,Pos/Purchase/Electricity/Bill 264700,112.22,other,retail_simulated_bank
2023-09-13,Card-Payment-Chicken 814199,98.57,groceries,retail_simulated_bank
2024-03-16,pos/purchase/food/delivery,121.24,other,retail_simulated_bank
2023-01-17,Card Pmt Vegetables 535009,29.57,groceries,retail_simulated_bank
2024-07-20,card/pmt/rent 722581,1259.72,other,retail_simulated_bank
2023-03-10,Card Pmt Netflix,28.95,other,retail_simulated_bank
2024-03-01,pos purchase chicken,38.32,groceries,retail_simulated_bank
2024-02-28,POS PURCHASE FOOD DELIVE,146.54,other,retail_simulated_bank
2024-04-10,Online Purchase Fast Food 536639,118.12,other,retail_simulated_bank
2024-01-22,Pos Purchase Internet Bill,239.91,other,retail_simulated_bank
2023-12-05,CARD PMT BUS PASS 754161,54.24,transportation,retail_simulated_bank
2024-05-31,Card Pmt Netflix,36.48,other,retail_simulated_bank
2024-12-13,card payment chicken,51.63,groceries,retail_simulated_bank
2023-04-24,Card-Pmt-Train-Ticket 958882,55.66,transportation,retail_simulated_bank
2024-10-01,pos purchase milk 741049,23.54,groceries,retail_simulated_bank
2023-02-20,POS PURCHASE GAS BILL,81.71,other,retail_simulated_bank
2024-12-08,Card Pmt Gym Membership 385447,9.74,other,retail_simulated_bank
2023-07-30,card payment water bill 806526,223.33,other,retail_simulated_bank
2024-11-01,Card/Pmt/Uber/Ride 24144,48.76,transportation,retail_simulated_bank
2024-04-20,pos*purchase*spotify,32.49,other,retail_simulated_bank
2023-01-18,Card Payment Bread 38362,58.35,groceries,retail_simulated_bank
2024-03-08,ONLINE*PURCHASE*RESTAURANT 174938,120.64,other,retail_simulated_bank
2023-04-19,Card Pmt Rice,67.68,groceries,retail_simulated_bank
2023-11-01,card payment uber,112.71,transportation,retail_simulated_bank
2023-04-20,Card Payment Fuel 761293,67.24,transportation,retail_simulated_bank
2023-09-08,Card Pmt Fast Food,85.69,other,retail_simulated_bank
2024-08-15,ONLINE PURCHASE MORTGAGE 186923,1234.43,other,retail_simulated_bank
2024-08-20,card pmt restaurant,11.02,other,retail_simulated_bank
2023-12-02,Card Payment Uber R,67.21,transportation,retail_simulated_bank
2023-12-20,Online*Purchase*Misc*Expense,137.98,other,retail_simulated_bank
2024-01-05,pos purchase electricity bill 462831,192.92,other,retail_simulated_bank
2023-04-25,POS-PURCHASE-GYM-MEMBERSHIP 958708,21.17,other,retail_simulated_bank
2024-06-27,pos purchase gas bill,148.14,other,retail_simulated_bank
2024-08-26,online purchase online purchase 98214,89.99,other,retail_simulated_bank
2024-01-29,CARD PAYMENT BUS PASS 220299,142.9,transportation,retail_simulated_bank
2024-12-24,pos purchase mortgage,694.11,other,retail_simulated_bank
2024-11-03,CARD PMT MORTGAGE 976014,1743.1,other,retail_simulated_bank
2023-11-26,FUEL-BUS-PASS 665827,66.59,transportation,retail_simulated_bank
2023-09-22,online-purchase-water-bill 356965,31.3,other,retail_simulated_bank
2023-06-09,POS PURCHASE EGGS 274337,27.97,groceries,retail_simulated_bank
2024-01-10,pos purchase misc expense 960775,75.84,other,retail_simulated_bank
2023-01-10,Transport Payment Bus Pass 407666,75.58,transportation,retail_simulated_bank
2024-04-26,CARD PAYMENT ONLINE PURCHASE,76.81,other,retail_simulated_bank
2023-12-21,card/payment/misc/expense,91.07,other,retail_simulated_bank
2024-12-02,CARD PMT ONLINE PURCHASE,21.37,other,retail_simulated_bank
2023-02-14,fuel fuel 895669,69.36,transportation,retail_simulated_bank
2024-10-19,CARD PMT RENT 649139,800.55,other,retail_simulated_bank
2024-05-30,CARD PMT UBER RIDE,112.21,transportation,retail_simulated_bank
2024-11-13,Pos Purchase Rent 2294,1567.67,other,retail_simulated_bank
2024-12-29,Card Payment Rice,74.08,groceries,retail_simulated_bank
2023-10-04,Pos-Purchase-Vegetables,75.81,groceries,retail_simulated_bank
2024-02-28,pos purchase mortgage 621291,947.47,other,retail_simulated_bank
2023-01-13,Card*Payment*Bread 38,100.55,groceries,retail_simulated_bank
2024-12-02,Pos/Purchase/Mortgage 913000,778.5,other,retail_simulated_bank
2024-05-07,Online Purchase Rent,975.47,other,retail_simulated_bank
2023-10-23,FUEL TRAIN TICKET 518262,74.71,transportation,retail_simulated_bank
2024-11-13,pos purchase rent,1596.28,other,retail_simulated_bank
2024-07-29,Online Purchase Online Purchase,130.77,other,retail_simulated_bank
2024-05-29,POS PURCHASE MISC EXPENSE 840552,75.01,other,retail_simulated_bank
2024-11-27,CARD/PMT/UBER/RIDE 539274,144.04,transportation,retail_simulated_bank
2024-02-05,POS*PURCHASE*RICE,136.37,groceries,retail_simulated_bank
2024-04-24,POS PURCHASE GYM MEMBERSHIP 441535,17.55,other,retail_simulated_bank
2024-03-01,Card Payment Vegetables 915704,50.79,groceries,retail_simulated_bank
2024-07-27,pos purchase mortgage 784971,1189.92,other,retail_simulated_bank
2024-03-06,card pmt spotify,24.8,other,retail_simulated_bank
2023-01-15,Pos Purchase Rent,1170.27,other,retail_simulated_bank
2024-12-13,transport pmt bus pass,49.1,transportation,retail_simulated_bank
2023-03-15,Pos Purchase Restaurant,129.95,other,retail_simulated_bank
2023-07-12,online purchase water,121.37,other,retail_simulated_bank
2023-03-18,POS PURCHASE WATER BILL,111.72,other,retail_simulated_bank
2023-03-10,POS PURCHASE NETFLIX 860898,26.24,other,retail_simulated_bank
2024-12-27,card payment netflix 463002,10.09,other,retail_simulated_bank
2023-11-16,Pos*Purchase*Food*Delivery 491518,69.3,other,retail_simulated_bank
2024-07-20,card payment gym membership 150016,25.29,other,retail_simulated_bank
2024-06-03,Transport/Pmt/Fuel 543097,86.95,transportation,retail_simulated_bank
2024-03-11,online purchase mortgage 17701,719.38,other,retail_simulated_bank
2023-02-22,ONLINE PURCHASE ELECTRICITY BILL 611487,138.83,other,retail_simulated_bank
2023-07-07,CARD PMT TRAIN TICKET 339711,60.14,transportation,retail_simulated_bank
2024-03-08,Pos Purchase Gas Bill,190.99,other,retail_simulated_bank
2023-05-04,card payment train ticket,37.55,transportation,retail_simulated_bank
2023-01-11,pos purchase internet bill 269936,159.01,other,retail_simulated_bank
2023-04-21,CARD-PAYMENT-RICE,60.4,groceries,retail_simulated_bank
2024-05-29,ONLINE-PURCHASE-ONLINE-PURCHASE 958488,86.89,other,retail_simulated_bank
2024-11-29,ONLINE-PURCHASE-MISC-EXPENSE 327803,38.83,other,retail_simulated_bank
2023-12-21,CARD PAYMENT RENT,1107.95,other,retail_simulated_bank
2023-06-27,Pos Purchase Internet Bill 666775,203.39,other,retail_simulated_bank
2024-04-26,pos*purchase*electricity*bill 603560,106.63,other,retail_simulated_bank
2024-09-27,ONLINE PURCHASE GAS BILL 98145,112.22,other,retail_simulated_bank
2023-11-13,card pmt mortgage,1451.18,other,retail_simulated_bank
2023-11-02,Online Purchase Online Purchase,3.27,other,retail_simulated_bank
2023-06-13,POS PURCHASE VEGETABLES 117431,8.19,groceries,retail_simulated_bank
2023-05-11,Online Purchase Restaurant,5.71,other,retail_simulated_bank
2023-11-08,TRANSPORT PAYMENT TRAIN TICKET 420137,107.29,transportation,retail_simulated_bank
2023-11-29,card pmt misc expense,33.43,other,retail_simulated_bank
2023-03-24,ONLINE-PURCHASE-WATER-BILL,214.59,other,retail_simulated_bank
2023-06-04,CARD PMT CHICKEN,78.68,groceries,retail_simulated_bank
2024-07-07,Card Pmt Bread,125.72,groceries,retail_simulated_bank
2024-11-19,Card*Payment*Vegetables 586806,126.93,groceries,retail_simulated_bank
2023-05-23,POS*PURCHASE*MORTGAGE 558276,1978.96,other,retail_simulated_bank
2024-10-27,Card Payment Rent,879.82,other,retail_simulated_bank
2023-06-17,CARD PMT RENT,731.44,other,retail_simulated_bank
2023-01-31,CARD PAYMENT NETFLIX 484548,32.83,other,retail_simulated_bank
2024-03-10,Pos Purchase Online Purchase,96.72,other,retail_simulated_bank
2024-10-28,POS PURCHASE FAST FOOD 763947,36.59,other,retail_simulated_bank
2024-10-27,card payment mortgage 667777,1309.97,other,retail_simulated_bank
2024-08-18,Card Pmt Water Bill,216.79,other,retail_simulated_bank
2024-12-01,Online Purchase,11.74,other,retail_simulated_bank
2023-06-27,pos/purchase/food/delivery 448804,10.24,other,retail_simulated_bank
2023-08-19,POS PURCHASE MORTGAGE 598270,643.21,other,retail_simulated_bank
2024-10-10,card payment fast food 326072,35.15,other,retail_simulated_bank
2023-07-25,ONLINE PURCHASE RENT 482582,750.72,other,retail_simulated_bank
2024-12-06,pos purchase gas bill 232565,57.75,other,retail_simulated_bank
2024-04-07,Card-Payment-Food-Delivery,51.51,other,retail_simulated_bank
2023-12-17,POS PURCHASE ONLINE PURCHASE 64453,88.56,other,retail_simulated_bank
2024-01-14,CARD PMT VEGETABLES 186616,39.68,groceries,retail_simulated_bank
2023-03-05,Online Purchase Food Delivery,69.85,other,retail_simulated_bank
2024-02-12,online/purchase/restaurant,21.49,other,retail_simulated_bank
2024-09-29,fuel train ticket,44.75,transportation,retail_simulated_bank
2023-06-13,Fuel-Uber-Ride 95589,76.57,transportation,retail_simulated_bank
2023-06-23,Online Purchase Online Purchase 630322,77.63,other,retail_simulated_bank
2023-05-04,card pmt vegetables 600716,13.85,groceries,retail_simulated_bank
2024-02-28,transport payment fuel 683573,67.93,transportation,retail_simulated_bank
2023-03-28,Transport Pmt Uber Ride,39.18,transportation,retail_simulated_bank
2023-12-21,Pos Purchase Fast Food 527,67.75,other,retail_simulated_bank
2024-02-01,card pmt water bill,184.69,other,retail_simulated_bank
2024-11-03,POS PURCHASE CHICKEN,99.36,groceries,retail_simulated_bank
2023-05-15,fuel uber ride,133.74,transportation,retail_simulated_bank
2023-10-31,Pos/Purchase/Spotify,14.22,other,retail_simulated_bank
2024-05-06,Pos Purchase Gas Bill 772421,100.36,other,retail_simulated_bank
2023-03-20,online purchase misc expense,129.93,other,retail_simulated_bank
2024-03-23,Online*Purchase*Rent,1350.48,other,retail_simulated_bank
2023-02-04,TRANSPORT PMT BUS PASS,5.42,transportation,retail_simulated_bank
2024-02-14,POS*PURCHASE*RENT 171731,1432.07,other,retail_simulated_bank
2023-08-02,Pos Purchase Mortgage 694457,798.31,other,retail_simulated_bank
2024-01-09,Card Payment Gym Membership,30.94,other,retail_simulated_bank
2023-01-16,Pos Purchase Online Purchase 401420,59.39,other,retail_simulated_bank
2023-03-31,Card Payment Chicken,117.69,groceries,retail_simulated_bank
2024-07-29,Online Purchase Internet Bill 145719,114.23,other,retail_simulated_bank
2024-02-24,pos/purchase/misc/expense,101.69,other,retail_simulated_bank
2024-07-01,Pos Purchase Vegetables 447477,81.06,groceries,retail_simulated_bank
2024-11-15,Pos*Purchase*Rice,22.96,groceries,retail_simulated_bank
2024-10-11,pos purchase electricity bill 954966,228.7,other,retail_simulated_bank
2023-03-10,online/purchase/rent,1368.79,other,retail_simulated_bank
2024-03-13,Pos/Purchase/Electricity/Bill,157.12,other,retail_simulated_bank
2023-08-14,Pos Purchase Fast Food,66.01,other,retail_simulated_bank
2023-07-24,Online Purchase Restaurant 172502,141.81,other,retail_simulated_bank
2024-05-30,Online*Purchase*Mortgage,1684.08,other,retail_simulated_bank
2024-04-16,Card Payment Internet Bill,136.26,other,retail_simulated_bank
2023-12-22,Pos Purchase Rent 149406,1575.13,other,retail_simulated_bank
2024-05-17,Online Purchase Food Delivery,129.0,other,retail_simulated_bank
2023-07-18,pos/purchase/misc/expense 553248,126.33,other,retail_simulated_bank
2023-09-24,online purchase spotify 36163,6.19,other,retail_simulated_bank
2023-09-07,ONLINE/PURCHASE/FAST/FOOD 399488,32.58,other,retail_simulated_bank
2024-09-03,card-payment-rice 179383,39.93,groceries,retail_simulated_bank
2023-12-16,Pos Purchase Chicken,142.1,groceries,retail_simulated_bank
2024-10-31,CARD PAYMENT FUEL,134.46,transportation,retail_simulated_bank
2024-11-07,CARD*PMT*SPOTIFY 840250,13.44,other,retail_simulated_bank
2024-05-29,Card/Payment/Eggs 83019,79.07,groceries,retail_simulated_bank
2023-06-14,pos purchase food delivery 3,21.3,other,retail_simulated_bank
2023-05-20,CARD PMT TRAIN TICKET 826472,147.21,transportation,retail_simulated_bank
2023-05-11,ONLINE PURCHASE NETFLIX,35.88,other,retail_simulated_bank
2024-06-04,transport pmt bus pass,147.71,transportation,retail_simulated_bank
2023-12-02,pos purchase vegetables 38877,7.8,groceries,retail_simulated_bank
2023-10-28,CARD PAYMENT NETFLIX 102567,34.73,other,retail_simulated_bank
2024-09-14,Pos Purchase Restaurant 308691,125.3,other,retail_simulated_bank
2023-01-14,pos/purchase/misc/expense,115.98,other,retail_simulated_bank
2024-08-16,card-payment-milk 917048,13.34,groceries,retail_simulated_bank
2024-04-06,Card*Pmt*Rent 140363,1895.3,other,retail_simulated_bank
2024-12-27,Online Purchase Gas Bill,127.03,other,retail_simulated_bank
2024-02-16,Online Purchase Gas Bill,92.27,other,retail_simulated_bank
2024-10-13,Pos Purchase Online Purchase,123.58,other,retail_simulated_bank
2023-04-18,CARD-PMT-CHICKEN,91.84,groceries,retail_simulated_bank
2024-08-12,Online Purchase Electricity Bill 956,99.95,other,retail_simulated_bank
2023-08-13,card payment fast food,12.95,other,retail_simulated_bank
2023-10-28,CARD-PMT-ELECTRICITY-BILL,32.92,other,retail_simulated_bank
2024-01-03,pos purchase g,186.14,other,retail_simulated_bank
2024-08-19,Online Purchase Rent 418700,1953.07,other,retail_simulated_bank
2023-11-04,pos purchase rent,1094.72,other,retail_simulated_bank
2023-06-20,Online Purchase Online P,87.94,other,retail_simulated_bank
2024-08-01,Card Payment Mortgage 943545,854.02,other,retail_simulated_bank
2024-08-26,card pmt food delivery 668211,94.85,other,retail_simulated_bank
2023-05-23,card-payment-vegetables 394331,103.44,groceries,retail_simulated_bank
2024-02-03,Online*Purchase*Internet*Bill 259783,247.2,other,retail_simulated_bank
2024-10-09,ONLINE PURCHASE MISC EXPEN,8.33,other,retail_simulated_bank
2024-06-20,online purchase restaurant 475938,126.71,other,retail_simulated_bank
2023-07-26,online purchase spotify,34.31,other,retail_simulated_bank
2023-08-06,Online Purchase Misc Expense,5.45,other,retail_simulated_bank
2023-08-12,POS-PURCHASE-GYM-MEMBERSHIP,21.46,other,retail_simulated_bank
2024-10-30,Online-Purchase-Spotify,28.42,other,retail_simulated_bank
2024-02-22,POS PURCHASE ELECTRICITY BILL 704277,142.32,other,retail_simulated_bank
2023-07-29,pos purchase water bill 581957,155.06,other,retail_simulated_bank
2024-01-27,card-payment-mortgage 777134,852.5,other,retail_simulated_bank
2023-12-23,POS PURCHASE WATER BILL,133.82,other,retail_simulated_bank
2023-05-01,FUEL UBER RIDE,83.99,transportation,retail_simulated_bank
2024-04-26,pos purchase water bill 638114,53.2,other,retail_simulated_bank
2024-04-04,CARD PMT SPOTIFY,20.32,other,retail_simulated_bank
2024-08-30,POS/PURCHASE/FAST/FOOD 585275,75.51,other,retail_simulated_bank
2023-03-02,Card Payment Water Bill 809352,222.41,other,retail_simulated_bank
2023-02-04,Online Purchase Internet Bill 89376,126.33,other,retail_simulated_bank
2023-01-14,Transport/Pmt/Train/Ticket,38.02,transportation,retail_simulated_bank
2024-06-26,Pos Purchase Internet Bill 111957,126.34,other,retail_simulated_bank
2024-10-20,Pos-Purchase-Re,90.41,other,retail_simulated_bank
2023-06-29,Pos/Purchase/Gas/Bill 639206,133.87,other,retail_simulated_bank
2024-04-21,online purchase fast food,53.22,other,retail_simulated_bank
2023-10-16,Card Pmt Bread 482495,138.74,groceries,retail_simulated_bank
2024-01-08,POS PURCHASE SPOTIFY,14.06,other,retail_simulated_bank
2023-11-20,CARD*PMT*VEGETABLES,112.53,groceries,retail_simulated_bank
2024-03-30,CARD PAYMENT INTERNET BILL 187196,69.09,other,retail_simulated_bank
2024-06-14,ONLINE PURCHASE MORTGAGE 712539,1016.04,other,retail_simulated_bank
2024-03-05,pos-purchase-netflix 249371,16.31,other,retail_simulated_bank
2024-01-10,Pos*Purchase*Rent 366618,1742.92,other,retail_simulated_bank
2023-11-19,Pos Purchase Milk,123.38,groceries,retail_simulated_bank
2023-08-26,POS PURCHASE MOR,949.52,other,retail_simulated_bank
2023-10-21,CARD PAYMENT SPOTIFY 731534,21.1,other,retail_simulated_bank
2024-01-13,CARD/PAYMENT/M,651.91,other,retail_simulated_bank
2024-06-28,POS-PURCHASE-VEGETABLES 984977,63.82,groceries,retail_simulated_bank
2024-05-31,CARD PMT CHICKEN,83.06,groceries,retail_simulated_bank
2023-08-17,Card/Payment/Rent,1803.27,other,retail_simulated_bank
2023-03-03,fuel-fuel 169508,50.57,transportation,retail_simulated_bank
2023-02-22,Pos-Purchase-Internet-Bill 29599,239.68,other,retail_simulated_bank
2024-01-21,Card/Payment/Gas/Bill,227.99,other,retail_simulated_bank
2024-08-14,card payment water bill 877043,201.03,other,retail_simulated_bank
2024-01-04,pos purchase water bill,243.75,other,retail_simulated_bank
2023-12-14,Pos Purchase Gas Bill 647737,129.46,other,retail_simulated_bank
2023-12-12,Pos Purchase Eggs,129.95,groceries,retail_simulated_bank
2024-10-15,online purchase mortgage,1913.99,other,retail_simulated_bank
2024-10-17,card payment internet bill,149.66,other,retail_simulated_bank
2023-05-29,card pmt water bill 273477,248.98,other,retail_simulated_bank
2024-11-12,ONLINE PURCHASE RESTAURANT 215686,58.5,other,retail_simulated_bank
2024-12-05,pos/purchase/gym/membership,32.05,other,retail_simulated_bank
2023-09-14,CARD PAYMENT GYM MEMBERSHIP,37.74,other,retail_simulated_bank
2023-07-04,Card Payment Fast Food 166125,109.33,other,retail_simulated_bank
2023-12-19,CARD/PAYMENT/INTERNET/BILL,180.6,other,retail_simulated_bank
2024-12-12,Online*Purchase*Mortgage 714948,1660.39,other,retail_simulated_bank
2023-07-13,online purchase internet bill 491836,155.58,other,retail_simulated_bank
2024-08-08,pos*purchase*chicken,25.79,groceries,retail_simulated_bank
2024-12-30,Fuel Uber Ride 656729,116.47,transportation,retail_simulated_bank
2023-01-01,Pos/Purchase/Water/Bill,195.81,other,retail_simulated_bank
2023-09-04,online purchase misc expense 51104,30.26,other,retail_simulated_bank
2024-05-28,CARD/PMT/MORTGAGE 677086,732.71,other,retail_simulated_bank
2023-10-12,CARD-PMT-BUS-PASS 225680,53.23,transportation,retail_simulated_bank
2023-11-22,pos-purchase-chicken 648871,93.1,groceries,retail_simulated_bank
2023-03-29,ONLINE PURCHASE GYM MEMBERSHIP 132529,37.07,other,retail_simulated_bank
2023-08-26,TRANSPORT PMT UBER RIDE,10.52,transportation,retail_simulated_bank
2023-07-27,Fuel Fuel,36.02,transportation,retail_simulated_bank
2024-11-14,CARD PMT WATER BILL 807860,71.97,other,retail_simulated_bank
2024-04-02,fuel/uber/ride 731701,48.33,transportation,retail_simulated_bank
2023-04-13,POS PURCHASE GYM MEMBERSHIP 245012,17.61,other,retail_simulated_bank
2024-03-23,Pos Purchase Food Delivery 313680,88.88,other,retail_simulated_bank
2024-01-11,Online Purchase Rent 770329,806.86,other,retail_simulated_bank
2024-07-06,CARD*PMT*CHICKEN 936886,64.42,groceries,retail_simulated_bank
2023-10-27,Online Purchase Food Delivery 681388,49.12,other,retail_simulated_bank
2024-12-02,ONLINE PURCHASE RENT 959305,1141.24,other,retail_simulated_bank
2024-01-06,CARD PMT RENT,1407.27,other,retail_simulated_bank
2024-10-28,Card Pmt Spotify 816078,25.93,other,retail_simulated_bank
2024-11-11,Pos Purchase Mortgage,1906.07,other,retail_simulated_bank
2023-09-07,pos/purchase/internet/bill 876992,117.26,other,retail_simulated_bank
2023-02-12,Card Pmt Chicken 677423,46.15,groceries,retail_simulated_bank
2024-02-08,POS PURCHASE RICE,26.18,groceries,retail_simulated_bank
2024-02-19,Online Purchase Electricity Bill,75.65,other,retail_simulated_bank
2023-10-18,card pmt uber ride,78.79,transportation,retail_simulated_bank
2023-03-24,Online Purchase Misc Expense 128394,44.35,other,retail_simulated_bank
2023-09-18,pos purchase rent,1998.24,other,retail_simulated_bank
2024-11-27,online purchase online purchase 971894,129.19,other,retail_simulated_bank
2023-03-04,Card Pmt Bread 32400,141.59,groceries,retail_simulated_bank
2024-01-20,online purchase rent 454131,928.82,other,retail_simulated_bank
2023-05-28,Pos Purchase Restaurant,147.76,other,retail_simulated_bank
2023-03-16,POS PURCHASE SPOTIFY,16.14,other,retail_simulated_bank
2023-12-06,Card-Payment-Uber-Ride 851,81.41,transportation,retail_simulated_bank
2024-01-23,ONLINE PURCHASE FOOD DELIVERY,137.33,other,retail_simulated_bank
2023-04-17,card payment water bill,107.44,other,retail_simulated_bank
2023-03-23,ONLINE-PURCHASE-RENT 463075,1337.87,other,retail_simulated_bank
2024-02-29,CARD PMT RICE,110.47,groceries,retail_simulated_bank
2023-07-07,POS PURCHASE RENT,1706.53,other,retail_simulated_bank
2023-10-31,CARD/PMT/MISC/EXPENSE,133.98,other,retail_simulated_bank
2023-04-17,POS PURCHASE FOOD DELIVERY,5.59,other,retail_simulated_bank
2023-12-10,ONLINE PURCHASE FAST FOOD 405081,93.04,other,retail_simulated_bank
2023-05-18,Online Purchase Electricity Bill 554791,188.19,other,retail_simulated_bank
2023-01-25,card payment bus pass,13.67,transportation,retail_simulated_bank
2024-07-12,ONLINE*PURCHASE*FAST*FOOD 856810,95.09,other,retail_simulated_bank
2023-08-15,Pos Purchase Spotify,21.47,other,retail_simulated_bank
2024-03-16,Online*Purchase*Online*Purchase,136.65,other,retail_simulated_bank
2024-11-30,transport*payment*uber*ride 391255,131.6,transportation,retail_simulated_bank
2024-06-21,Fuel/Train/Ticket,134.85,transportation,retail_simulated_bank
2023-01-15,card payment netflix,30.99,other,retail_simulated_bank
2024-10-19,pos purchase restaurant,120.64,other,retail_simulated_bank
2023-06-25,pos*purchase*vegetables,71.22,groceries,retail_simulated_bank
2024-11-08,card/pmt/gym/membership,10.91,other,retail_simulated_bank
2023-02-01,POS PURCHASE RENT 708934,1494.17,other,retail_simulated_bank
2023-04-07,POS PURCHASE MISC EXPENSE 754495,66.76,other,retail_simulated_bank
2023-08-16,card pmt bus pass,37.4,transportation,retail_simulated_bank
2023-03-24,online purchase rent,1299.46,other,retail_simulated_bank
2023-11-21,Card Payment Fuel 934603,87.51,transportation,retail_simulated_bank
2023-03-09,CARD PMT BUS PASS,111.12,transportation,retail_simulated_bank
2023-07-02,POS/PURCHASE/WATER/BILL,196.86,other,retail_simulated_bank
2024-11-18,Pos Purchase Electricity Bill 816317,69.58,other,retail_simulated_bank
2023-02-18,POS PURCHASE NETFLIX 175215,27.88,other,retail_simulated_bank
2023-05-23,POS PURCHASE GYM MEMBERSHIP 163211,28.8,other,retail_simulated_bank
2024-07-14,CARD PMT RICE 277209,131.32,groceries,retail_simulated_bank
2023-06-11,POS-PURCHASE-MILK,145.91,groceries,retail_simulated_bank
2023-12-09,Pos Purchase Food Deliver,66.23,other,retail_simulated_bank
2024-05-03,CARD PAYMENT EGGS 595518,114.61,groceries,retail_simulated_bank
2024-09-06,Pos Purchase Rent,790.22,other,retail_simulated_bank
2023-10-30,Card Pmt Bread 617419,133.45,groceries,retail_simulated_bank
2023-06-22,Pos Purchase Electricity Bill 694429,242.13,other,retail_simulated_bank
2023-06-22,TRANSPORT PAYMENT UBER RIDE,112.05,transportation,retail_simulated_bank
2023-06-05,pos*purchase*fast*food 480945,91.25,other,retail_simulated_bank
2024-06-01,Pos Purchase Online Purchase 915004,85.49,other,retail_simulated_bank
2024-11-26,Transport Payment Bus Pass 748768,9.95,transportation,retail_simulated_bank
2024-02-07,CARD/PAYMENT/ONLINE/PURCHASE 58,73.83,other,retail_simulated_bank
2024-08-21,Transport Payment Bus Pass 492214,33.94,transportation,retail_simulated_bank
2023-12-31,POS PURCHASE SPOTIFY,30.6,other,retail_simulated_bank
2024-06-19,Pos Purchase Rent 511016,1979.48,other,retail_simulated_bank
2023-04-09,Online Purchase Food Delivery 928249,40.44,other,retail_simulated_bank
2023-05-12,Card*Payment*Fuel 397289,99.34,transportation,retail_simulated_bank
2023-01-21,POS PURCHASE GYM MEMBERSHIP 313186,16.18,other,retail_simulated_bank
2023-10-06,Transport-Pmt-Uber-Ride 329244,113.83,transportation,retail_simulated_bank
2023-01-29,online purchase mortgage 879079,1068.41,other,retail_simulated_bank
2023-05-09,ONLINE PURCHASE MISC EXPENSE 425702,20.33,other,retail_simulated_bank
2024-09-21,Pos Purchase Internet Bill,53.05,other,retail_simulated_bank
2023-09-21,Pos Purchase Rice 42,40.21,groceries,retail_simulated_bank
2024-08-04,pos-purchase-food-delivery,104.56,other,retail_simulated_bank
2023-05-08,Pos Purchase Vegetables 7406,13.54,groceries,retail_simulated_bank
2023-01-11,card payment fast food 817393,128.55,other,retail_simulated_bank
2024-01-01,POS-PURCHASE-BREAD 650628,107.37,groceries,retail_simulated_bank
2024-05-31,pos/purchase/food/delivery 109564,102.9,other,retail_simulated_bank
2023-12-04,CARD PMT MORTGAGE 736267,1341.94,other,retail_simulated_bank
2023-10-12,CARD PAYMENT MORTGAGE 596198,1270.41,other,retail_simulated_bank
2024-03-29,Pos Purchase Spotify,38.1,other,retail_simulated_bank
2023-10-27,Card Pmt Water Bill,190.51,other,retail_simulated_bank
2023-06-01,online purchase misc expense 797638,41.71,other,retail_simulated_bank
2023-01-02,CARD PMT CHICKEN 760316,18.53,groceries,retail_simulated_bank
2024-10-16,Online Purchase Internet Bill 336991,76.36,other,retail_simulated_bank
2024-06-30,card pmt gas bill 945722,59.21,other,retail_simulated_bank
2023-09-10,Online Purchase Mortgage,902.32,other,retail_simulated_bank
2023-01-19,Pos*Purchase*Misc*Expense 393767,20.19,other,retail_simulated_bank
2024-05-09,Pos Purchase Internet Bill,185.88,other,retail_simulated_bank
2024-03-16,Pos Purchase Fast Food 654726,22.46,other,retail_simulated_bank
2024-07-26,Online*Purchase*Food*Delivery 430499,45.58,other,retail_simulated_bank
2023-04-12,pos*purchase*bread,100.97,groceries,retail_simulated_bank
2024-06-19,POS PURCHASE RESTAURANT 618289,61.86,other,retail_simulated_bank
2023-09-25,Pos Purchase Rice,49.32,groceries,retail_simulated_bank
2023-09-07,pos purchase online purchase,39.53,other,retail_simulated_bank
2023-06-10,Card Pmt Fast Food 922333,133.3,other,retail_simulated_bank
2023-01-12,pos purchase gym membership 573142,26.46,other,retail_simulated_bank
2024-12-15,POS PURCHASE GAS BI,110.67,other,retail_simulated_bank
2024-10-31,POS PURCHASE MISC EXPENSE,9.14,other,retail_simulated_bank
2024-07-26,pos purchase spotify,26.0,other,retail_simulated_bank
2023-10-25,Pos*Purchase*Misc*Expense 293590,132.31,other,retail_simulated_bank
2024-09-08,card payment rent 187612,955.54,other,retail_simulated_bank
2023-12-03,card*pmt*food*delivery 587263,47.77,other,retail_simulated_bank
2024-10-31,TRANSPORT PAYMENT FUEL 440235,32.65,transportation,retail_simulated_bank
2024-08-25,Online Purchase Fast Food,8.43,other,retail_simulated_bank
2024-06-30,Card Pmt Netflix 395886,19.6,other,retail_simulated_bank
2024-02-03,card pmt chicken,48.57,groceries,retail_simulated_bank
2024-04-06,Online Purchase Misc Expense 865179,87.52,other,retail_simulated_bank
2024-11-10,card pmt internet bill 97538,234.48,other,retail_simulated_bank
2024-02-16,ONLINE/PURCHASE/GAS,133.43,other,retail_simulated_bank
2024-06-15,CARD*PMT*GYM*MEMBERSHIP 75187,37.29,other,retail_simulated_bank
2023-04-23,CARD PAYMENT ONLINE PURCHASE,46.12,other,retail_simulated_bank
2024-10-01,pos purchase mortgage,1039.28,other,retail_simulated_bank
2024-12-31,CARD PAYMENT MORTGAGE 780898,644.38,other,retail_simulated_bank
2024-06-02,card-pmt-electricity-bill 405393,140.63,other,retail_simulated_bank
2023-03-11,pos purchase food delivery,69.73,other,retail_simulated_bank
2023-04-14,Pos Purchase Mortgage,1406.64,other,retail_simulated_bank
2023-07-05,Card Pmt Fast Food 319821,77.43,other,retail_simulated_bank
