date,description,amount,label,source
2023-08-17,Card Rent Pmt Rent,985.04,housing,simulated_bank_transactions_uk
2023-03-31,pos/direct/debit/vodafone,226.28,utilities,simulated_bank_transactions_uk
2023-08-27,Subscription/Gym/Group 357778,8.28,subscriptions,simulated_bank_transactions_uk
2024-10-27,mastercard-direct-debit-amazon-prime,11.96,subscriptions,simulated_bank_transactions_uk
2023-01-07,Mortgage Payment Rent,1424.97,housing,simulated_bank_transactions_uk
2023-12-15,Card Payment Ebay Online Purchase,105.63,other,simulated_bank_transactions_uk
2023-12-11,DIRECT DEBIT FUEL ESSO TRAIN TICKET 180451,34.65,transportation,simulated_bank_transactions_uk
2024-01-03,Pos Lidl Milk 718870,58.85,groceries,simulated_bank_transactions_uk
2023-02-14,card-payment-amazon-misc-expense 524481,91.75,other,simulated_bank_transactions_uk
2024-01-23,so rent pmt mortgage 612878,1962.36,housing,simulated_bank_transactions_uk
2024-10-05,Visa/Pos/Lidl/Chicken,46.1,groceries,simulated_bank_transactions_uk
2023-02-16,direct debit spotify 121116,29.66,subscriptions,simulated_bank_transactions_uk
2023-08-27,BACS-BACS-LETTING-AGENT-RENT,1979.31,housing,simulated_bank_transactions_uk
2024-04-09,online-purchase-ebay-online-purchase,58.88,other,simulated_bank_transactions_uk
2024-11-17,BACS RENT RENT,1097.38,housing,simulated_bank_transactions_uk
2023-06-25,Transport*Uber*Uber*Ride,92.54,transportation,simulated_bank_transactions_uk
2023-10-04,SUBSCRIPTION DISNEY+ 223086,21.18,subscriptions,simulated_bank_transactions_uk
2023-02-27,Bacs Landlord Rent,1779.99,housing,simulated_bank_transactions_uk
2023-03-09,direct/debit/scottishpower 743225,118.26,utilities,simulated_bank_transactions_uk
2024-10-20,DIRECT*DEBIT*SCOTTISHPOWER 139739,139.83,utilities,simulated_bank_transactions_uk
2023-09-10,Fps Food Delivery Uber Eats Restaurant 372507,41.94,dining,simulated_bank_transactions_uk
2024-08-20,Bacs*Mortgage*Rent,1199.81,housing,simulated_bank_transactions_uk
2023-05-22,FPS*CARD*PAYMENT*NANDO'S*FAST*FOO,35.24,dining,simulated_bank_transactions_uk
2023-04-23,Subscription Spotify 510231,6.65,subscriptions,simulated_bank_transactions_uk
2023-03-07,Direct*Debit*Vodafone 731429,122.88,utilities,simulated_bank_transactions_uk
2024-04-24,CONTACTLESS FOOD DELIVERY JUST EAT FAS,90.6,dining,simulated_bank_transactions_uk
2023-01-12,SO CARD PAYMENT PUREGYM 247629,35.13,subscriptions,simulated_bank_transactions_uk
2023-10-01,bacs landlord rent 981110,1351.76,housing,simulated_bank_transactions_uk
2024-03-21,Card-Pmt-Superdrug-Misc-Expense,19.4,other,simulated_bank_transactions_uk
2023-09-27,pos-bill-payment-british-gas,188.86,utilities,simulated_bank_transactions_uk
2024-10-02,direct debit google *services 582542,8.72,subscriptions,simulated_bank_transactions_uk
2023-06-15,Mastercard-Transport-Trainline-Train-Ticket 753470,25.47,transportation,simulated_bank_transactions_uk
2024-05-15,Card*Pmt*Apple.com/,25.96,subscriptions,simulated_bank_transactions_uk
2023-11-11,fps contactless asda milk 79898,139.58,groceries,simulated_bank_transactions_uk
2023-03-22,utility/bill/e.on 383364,154.82,utilities,simulated_bank_transactions_uk
2023-03-12,Card Payment Tesco Vegetables 918202,74.44,groceries,simulated_bank_transactions_uk
2024-05-01,Card Payment Argos Online Purchase 773343,21.87,other,simulated_bank_transactions_uk
2024-03-09,Card Payment Gym Group,35.54,subscriptions,simulated_bank_transactions_uk
2024-11-18,Bill/Pmt/O2 293136,117.78,utilities,simulated_bank_transactions_uk
2023-05-04,Mortgage Pmt Letting Agent 274903,1324.61,housing,simulated_bank_transactions_uk
2024-07-21,direct debit thames water 537265,34.63,utilities,simulated_bank_transactions_uk
2023-03-02,BACS DIRECT DEBIT BT 755377,185.73,utilities,simulated_bank_transactions_uk
2023-03-14,Direct Debit Sky 696612,219.12,utilities,simulated_bank_transactions_uk
2024-07-06,card pmt apple.com/bill 202158,21.99,subscriptions,simulated_bank_transactions_uk
2024-02-21,utility bill vodafone 301850,134.05,utilities,simulated_bank_transactions_uk
2024-03-09,utility*bill*bt,124.83,utilities,simulated_bank_transactions_uk
2023-02-25,Food Delivery Mcdonalds Fast Food 999243,129.98,dining,simulated_bank_transactions_uk
2023-04-22,VISA RENT PAYMENT LETTING,1619.5,housing,simulated_bank_transactions_uk
2024-03-08,utility bill sk,128.69,utilities,simulated_bank_transactions_uk
2023-03-19,so bill payment octopus energy,222.39,utilities,simulated_bank_transactions_uk
2024-10-29,Restaurant Mcdonalds Food Delivery,17.39,dining,simulated_bank_transactions_uk
2023-08-31,Subscription Puregym 816451,37.42,subscriptions,simulated_bank_transactions_uk
2024-02-15,Direct-Debit-Sky 567390,77.02,utilities,simulated_bank_transactions_uk
2024-02-04,Pos*Asda*Bread 489557,58.71,groceries,simulated_bank_transactions_uk
2024-12-14,card pmt uber fuel,44.93,transportation,simulated_bank_transactions_uk
2023-03-01,MORTGAGE PAYMENT MORTGAGE,1015.39,housing,simulated_bank_transactions_uk
2023-02-28,direct debit amazon prime 837912,31.18,subscriptions,simulated_bank_transactions_uk
2024-06-27,card payment asda chicken,73.09,groceries,simulated_bank_transactions_uk
2023-07-10,contactless-direct-debit-vodafone 923369,47.62,utilities,simulated_bank_transactions_uk
2023-08-29,Card-Payment-Morrisons-Chicken 72951,12.99,groceries,simulated_bank_transactions_uk
2024-08-06,Visa*Card*Payment*Pret*Restaurant 592364,141.41,dining,simulated_bank_transactions_uk
2024-08-20,UTILITY BILL O2,122.23,utilities,simulated_bank_transactions_uk
2024-11-16,Direct Debit Disney+,14.13,subscriptions,simulated_bank_transactions_uk
2024-11-18,Contactless Rent Payment Landlord 594423,1154.1,housing,simulated_bank_transactions_uk
2023-03-16,BACS LETTING AGENT RENT 441463,1900.63,housing,simulated_bank_transactions_uk
2024-07-30,Card Pmt Sainsburys Rice 770440,94.31,groceries,simulated_bank_transactions_uk
2024-06-02,Contactless Aldi Milk 258420,82.03,groceries,simulated_bank_transactions_uk
2023-03-12,fps card pmt trainline train ticket 519317,140.19,transportation,simulated_bank_transactions_uk
2024-07-10,BILL-PAYMENT-E.ON 542722,126.4,utilities,simulated_bank_transactions_uk
2024-10-31,Rent Pmt Rent 515663,1982.13,housing,simulated_bank_transactions_uk
2024-11-10,pos subscription netflix 557711,24.41,subscriptions,simulated_bank_transactions_uk
2023-04-20,CARD/PMT/WAITROSE/BREAD 779967,41.88,groceries,simulated_bank_transactions_uk
2023-12-18,RENT PAYMENT LANDLORD,1446.76,housing,simulated_bank_transactions_uk
2023-02-22,card direct debit octopus energy 48726,85.25,utilities,simulated_bank_transactions_uk
2023-10-11,Contactless Aldi Vegetables 493198,65.27,groceries,simulated_bank_transactions_uk
2023-05-14,Pos Waitrose Milk 78680,52.03,groceries,simulated_bank_transactions_uk
2024-12-23,Rent/Payment/Rent 802577,1218.57,housing,simulated_bank_transactions_uk
2023-03-19,food delivery uber eats food delivery 618113,4.42,dining,simulated_bank_transactions_uk
2024-08-19,Bacs Letting Agent Rent 222275,1768.43,housing,simulated_bank_transactions_uk
2024-01-09,MASTERCARD SUBSCRIPTION SPOTIFY 493738,6.46,subscriptions,simulated_bank_transactions_uk
2023-08-04,pos purchase currys online purchase,135.14,other,simulated_bank_transactions_uk
2024-07-27,Mortgage Payment Landl,1095.15,housing,simulated_bank_transactions_uk
2023-06-08,online*purchase*boots*misc*expense,146.15,other,simulated_bank_transactions_uk
2024-02-27,Bill Payment O2 28121,208.37,utilities,simulated_bank_transactions_uk
2023-12-07,Contactless*Tesco*Bread,111.27,groceries,simulated_bank_transactions_uk
2023-09-12,online purchase hmrc misc expense 110680,120.93,other,simulated_bank_transactions_uk
2023-04-21,Card Pmt Shell Train Ticket 477919,118.74,transportation,simulated_bank_transactions_uk
2023-08-16,restaurant greggs restaurant,129.21,dining,simulated_bank_transactions_uk
2023-08-22,so bill pmt ee 79,210.52,utilities,simulated_bank_transactions_uk
2023-10-13,Direct/Debit/Ee,117.66,utilities,simulated_bank_transactions_uk
2023-10-13,mastercard/online/purchase/amazon/online/purchase 752413,145.13,other,simulated_bank_transactions_uk
2024-07-03,CARD PMT BOLT FUEL 967648,102.89,transportation,simulated_bank_transactions_uk
2023-09-25,Transport-National-Rail-Uber-Ride,19.96,transportation,simulated_bank_transactions_uk
2023-12-20,utility bill thames water 800929,161.25,utilities,simulated_bank_transactions_uk
2023-04-29,MORTGAGE PAYMENT MORTGAGE,1977.93,housing,simulated_bank_transactions_uk
2023-02-15,Food Delivery Costa Food Delivery 861616,30.94,dining,simulated_bank_transactions_uk
2024-07-05,sto*mortgage*payment*landlord 955667,1895.81,housing,simulated_bank_transactions_uk
2024-11-11,contactless mortgage payment landlord 894140,697.96,housing,simulated_bank_transactions_uk
2023-05-08,CARD-PMT-BP-BUS-PASS,100.52,transportation,simulated_bank_transactions_uk
2023-12-01,Rent Payment Mortgage 83,1533.65,housing,simulated_bank_transactions_uk
2023-05-11,bacs restaurant costa food delivery 83804,46.46,dining,simulated_bank_transactions_uk
2023-06-28,utility-bill-vodafon,113.41,utilities,simulated_bank_transactions_uk
2023-01-01,Direct*Debit*Direct*Debit*Puregym 480027,24.18,subscriptions,simulated_bank_transactions_uk
2024-08-16,bacs card pmt uber bus pass,33.9,transportation,simulated_bank_transactions_uk
2024-11-22,Direct Debit Gym Group 636863,20.46,subscriptions,simulated_bank_transactions_uk
2023-06-23,Pos Direct Debit Thames Water,241.16,utilities,simulated_bank_transactions_uk
2024-09-26,Bacs*Landlord*Rent 383584,1529.4,housing,simulated_bank_transactions_uk
2023-08-29,CARD-PMT-TRAINLINE-UBER-RIDE 958860,123.31,transportation,simulated_bank_transactions_uk
2023-01-26,MORTGAGE PMT LANDLORD,878.78,housing,simulated_bank_transactions_uk
2024-09-17,Pos Sainsburys Bread,147.64,groceries,simulated_bank_transactions_uk
2024-10-06,SO CARD PMT SUPERDRUG ONLINE PURCHASE,69.95,other,simulated_bank_transactions_uk
2024-02-14,pos card pmt gym group,18.44,subscriptions,simulated_bank_transactions_uk
2023-04-20,direct debit bt 123343,31.22,utilities,simulated_bank_transactions_uk
2024-12-13,Pos*Pos*Purchase*Amazon*Misc*Expense 996497,35.17,other,simulated_bank_transactions_uk
2023-05-05,Card Payment Gym Group 985668,13.72,subscriptions,simulated_bank_transactions_uk
2024-11-14,Fps Food Delivery Pret Restaurant 719987,120.81,dining,simulated_bank_transactions_uk
2024-03-29,Subscription Google *services,38.25,subscriptions,simulated_bank_transactions_uk
2024-07-15,DIRECT/DEBIT/CARD/PAYMENT/AMAZON/PRIME 803325,19.94,subscriptions,simulated_bank_transactions_uk
2024-05-01,CARD PAYMENT UBER EATS RESTAURANT 901104,112.32,dining,simulated_bank_transactions_uk
2024-10-14,FOOD DELIVERY MCDONALDS FAST FOOD 376644,113.51,dining,simulated_bank_transactions_uk
2023-10-09,CONTACTLESS FUEL UBER FUEL 7,95.13,transportation,simulated_bank_transactions_uk
2023-08-29,FOOD DELIVERY COSTA RESTAURANT,107.89,dining,simulated_bank_transactions_uk
2024-07-07,Fps Card Payment Bolt Bus Pass 748006,50.0,transportation,simulated_bank_transactions_uk
2024-01-28,POS-SAINSBURYS-BREAD 627410,25.17,groceries,simulated_bank_transactions_uk
2024-02-22,Mastercard Bacs Mortgage Rent,689.92,housing,simulated_bank_transactions_uk
2023-07-31,card pmt uber fuel 766054,64.12,transportation,simulated_bank_transactions_uk
2024-08-21,POS PURCHASE HMRC MISC EXPENSE 873176,60.25,other,simulated_bank_transactions_uk
2024-01-25,rent pmt mortgage 346658,1671.83,housing,simulated_bank_transactions_uk
2023-11-02,Restaurant Starbucks Restaurant 369727,141.58,dining,simulated_bank_transactions_uk
2024-03-05,mastercard card pmt currys misc expense 293099,128.46,other,simulated_bank_transactions_uk
2023-08-14,Card Payment Gym Group 287544,33.0,subscriptions,simulated_bank_transactions_uk
2024-05-12,card restaurant greggs restaurant 664928,43.12,dining,simulated_bank_transactions_uk
2024-11-26,contactless-sainsburys-rice,52.41,groceries,simulated_bank_transactions_uk
2024-04-23,STO*CARD*PAYMENT*EBAY*MISC*EXPENSE 510253,109.45,other,simulated_bank_transactions_uk
2024-11-09,BILL PAYMENT VODAFONE 712444,160.22,utilities,simulated_bank_transactions_uk
2023-05-19,pos-aldi-milk,97.48,groceries,simulated_bank_transactions_uk
2023-09-24,Fps*Pos*Purchase*Boots*Misc*Expense 242288,29.71,other,simulated_bank_transactions_uk
2023-12-01,CARD PMT COSTA FAST FOOD,34.11,dining,simulated_bank_transactions_uk
2024-03-07,fuel bp fuel 994645,43.9,transportation,simulated_bank_transactions_uk
2024-07-06,TRANSPORT SHELL UBER RIDE 415991,72.14,transportation,simulated_bank_transactions_uk
2023-03-12,POS WAITROSE EGGS 204322,35.96,groceries,simulated_bank_transactions_uk
2023-09-11,CARD/POS/PURCHASE/SUPERDRUG/ONLINE/PURCHASE,113.87,other,simulated_bank_transactions_uk
2024-04-29,utility bill e.on 925894,82.48,utilities,simulated_bank_transactions_uk
2024-12-17,mastercard bacs letting agent rent,905.15,housing,simulated_bank_transactions_uk
2024-09-13,fuel-shell-bus-pass 907231,27.67,transportation,simulated_bank_transactions_uk
2023-11-15,bacs rent rent,829.27,housing,simulated_bank_transactions_uk
2023-11-16,Card Pmt Lidl Chicken,6.77,groceries,simulated_bank_transactions_uk
2023-07-23,Fps Card Payment Spotify 382574,18.14,subscriptions,simulated_bank_transactions_uk
2024-10-04,Card-Pmt-Aldi-Chicken 100096,104.52,groceries,simulated_bank_transactions_uk
2024-12-01,Bill Pmt Vodafone,96.35,utilities,simulated_bank_transactions_uk
2023-02-12,Direct Debit Disney+ 984566,24.81,subscriptions,simulated_bank_transactions_uk
2023-03-12,Fuel Bp Fuel,100.24,transportation,simulated_bank_transactions_uk
2024-05-16,CARD/PMT/SPOTIFY 804373,34.74,subscriptions,simulated_bank_transactions_uk
2024-10-12,mastercard pos lidl rice,144.24,groceries,simulated_bank_transactions_uk
2024-03-21,ONLINE/PURCHASE/SUPERDRUG/MISC/EXP,106.97,other,simulated_bank_transactions_uk
2024-05-10,Utility Bill Sky,232.32,utilities,simulated_bank_transactions_uk
2024-08-29,RESTAURANT KFC FAST FOOD 462999,124.38,dining,simulated_bank_transactions_uk
2023-03-30,Card Pmt Bolt Bus Pass 2,128.2,transportation,simulated_bank_transactions_uk
2024-04-20,fuel shell fuel,38.85,transportation,simulated_bank_transactions_uk
2024-05-21,DIRECT DEBIT DISNEY+ 28965,16.77,subscriptions,simulated_bank_transactions_uk
2023-08-06,mastercard online purchase hmrc misc expense,29.73,other,simulated_bank_transactions_uk
2024-09-02,Transport National Rail Bus Pass 740808,53.03,transportation,simulated_bank_transactions_uk
2023-07-15,Rent Payment Rent,1323.28,housing,simulated_bank_transactions_uk
2024-05-15,CARD PAYMENT SAINSBURYS BREAD,108.85,groceries,simulated_bank_transactions_uk
2024-05-17,direct debit spotify 2640,27.61,subscriptions,simulated_bank_transactions_uk
2023-08-15,mastercard food delivery kfc restaurant,16.68,dining,simulated_bank_transactions_uk
2024-11-10,food delivery just eat food delivery,38.77,dining,simulated_bank_transactions_uk
2024-03-11,Direct Debit Netflix,23.58,subscriptions,simulated_bank_transactions_uk
2023-11-10,rent payment letting agent,1235.24,housing,simulated_bank_transactions_uk
2023-07-17,FUEL ESSO TRAIN TICKET 308696,20.74,transportation,simulated_bank_transactions_uk
2024-12-07,transport uber uber ride,112.2,transportation,simulated_bank_transactions_uk
2024-08-26,BILL PMT SCOTTISHPOWER 839171,136.52,utilities,simulated_bank_transactions_uk
2023-07-18,online purchase hmrc misc expense 522691,147.14,other,simulated_bank_transactions_uk
2023-11-06,Sto-Transport-Bolt-Train-Ticket 84958,56.05,transportation,simulated_bank_transactions_uk
2023-10-08,card pmt aldi vegetables 45412,81.52,groceries,simulated_bank_transactions_uk
2024-12-15,Contactless Waitrose Milk 669480,84.34,groceries,simulated_bank_transactions_uk
2023-10-19,UTILITY BILL EE,32.7,utilities,simulated_bank_transactions_uk
2023-07-08,Card/Pmt/Nando's/Fast/Food 995913,67.75,dining,simulated_bank_transactions_uk
2024-05-04,pos iceland eggs 119,141.34,groceries,simulated_bank_transactions_uk
2023-03-17,CONTACTLESS ICELAND MILK,61.9,groceries,simulated_bank_transactions_uk
2024-07-30,Card Card Pmt Apple.com/bill,10.31,subscriptions,simulated_bank_transactions_uk
2023-05-02,Fuel Trainline Uber Ride 315527,149.11,transportation,simulated_bank_transactions_uk
2023-08-20,Pos*Direct*Debit*Disney+ 581933,32.68,subscriptions,simulated_bank_transactions_uk
2024-03-29,ONLINE*PURCHASE*NHS*MISC*EXPENSE 807527,69.23,other,simulated_bank_transactions_uk
2024-09-27,transport trainline fuel 921607,47.89,transportation,simulated_bank_transactions_uk
2023-04-12,Pos Asda Chicken 319897,144.14,groceries,simulated_bank_transactions_uk
2023-09-28,Online Purchase Superdrug Online Purchase,94.95,other,simulated_bank_transactions_uk
2023-03-18,RENT PMT LETTING AGENT 609851,843.34,housing,simulated_bank_transactions_uk
2024-04-26,utility bill sky 48670,181.66,utilities,simulated_bank_transactions_uk
2024-12-24,fuel bolt uber ride 658629,37.03,transportation,simulated_bank_transactions_uk
2023-08-28,Card Payment Bolt Fuel 166759,13.46,transportation,simulated_bank_transactions_uk
2024-07-11,CARD PAYMENT ESSO TRAIN TICKET 903590,65.5,transportation,simulated_bank_transactions_uk
2023-03-15,DIRECT DEBIT VODAFONE 260961,211.86,utilities,simulated_bank_transactions_uk
2024-09-01,card pmt tesco bread,119.52,groceries,simulated_bank_transactions_uk
2023-11-08,rent payment letting agent 25302,1256.18,housing,simulated_bank_transactions_uk
2024-05-20,BACS MORTGAGE RENT 519934,1300.66,housing,simulated_bank_transactions_uk
2024-03-18,restaurant deliveroo restaurant,90.91,dining,simulated_bank_transactions_uk
2023-08-23,SO RENT PMT LETTING AGENT 529750,636.21,housing,simulated_bank_transactions_uk
2023-10-03,mastercard bacs letting agent rent 985558,1541.19,housing,simulated_bank_transactions_uk
2024-06-15,SUBSCRIPTION-DISNEY+,11.13,subscriptions,simulated_bank_transactions_uk
2024-08-22,Bacs-Landlord-Rent 532958,854.08,housing,simulated_bank_transactions_uk
2023-04-04,RESTAURANT JUST EAT FOOD DELIVERY,122.69,dining,simulated_bank_transactions_uk
2023-11-25,Food Delivery Pret Fast Food 239596,63.03,dining,simulated_bank_transactions_uk
2024-12-11,POS RENT PMT MORTGAGE 20857,1061.73,housing,simulated_bank_transactions_uk
2024-02-15,card pmt starbucks fast food,100.4,dining,simulated_bank_transactions_uk
2023-11-19,online purchase amazon online purchase 396129,69.86,other,simulated_bank_transactions_uk
2024-02-18,Card Pmt National Rail Bus Pass 843690,20.04,transportation,simulated_bank_transactions_uk
2024-07-09,CARD PAYMENT NHS ONLINE PURCHASE,99.68,other,simulated_bank_transactions_uk
2024-06-14,food delivery kfc fast food,10.97,dining,simulated_bank_transactions_uk
2023-02-22,fuel/trainline/fuel 302602,94.94,transportation,simulated_bank_transactions_uk
2024-03-24,Bill-Pmt-Octopus-Energy,234.09,utilities,simulated_bank_transactions_uk
2024-09-15,SO RENT PAYMENT LANDLORD 753204,1962.41,housing,simulated_bank_transactions_uk
2023-11-15,Card Payment Argos Online Purchase 210144,107.34,other,simulated_bank_transactions_uk
2023-04-27,Direct/Debit/Apple.com/bill 759243,8.26,subscriptions,simulated_bank_transactions_uk
2023-06-07,CARD PMT PRET RESTAURANT,98.21,dining,simulated_bank_transactions_uk
2024-12-23,CARD PMT DELIVEROO FOOD DELIVERY 352317,45.9,dining,simulated_bank_transactions_uk
2024-04-28,Transport*Esso*Fuel 754504,125.7,transportation,simulated_bank_transactions_uk
2024-09-05,Bacs Bill Payment Severn Trent 702765,114.39,utilities,simulated_bank_transactions_uk
2023-10-10,DIRECT DEBIT DISNEY+ 280963,35.24,subscriptions,simulated_bank_transactions_uk
2024-06-03,online purchase boots misc expense 168475,52.96,other,simulated_bank_transactions_uk
2023-11-02,Fuel Bolt Uber Ride 141057,44.58,transportation,simulated_bank_transactions_uk
2024-04-02,online purchase nhs misc expense 697353,130.19,other,simulated_bank_transactions_uk
2024-07-10,card payment amazon prime,24.32,subscriptions,simulated_bank_transactions_uk
2023-07-13,FOOD*DELIVERY*JUST*EAT*FAST*FOOD 216379,140.13,dining,simulated_bank_transactions_uk
2024-02-25,rent pmt mortgage 61541,926.99,housing,simulated_bank_transactions_uk
2024-12-23,Contactless Aldi Eggs 48489,112.47,groceries,simulated_bank_transactions_uk
2024-11-10,ONLINE PURCHASE EBAY MISC EXPENSE 429728,59.75,other,simulated_bank_transactions_uk
2023-02-07,Online Purchase Argos Online Purchase,75.81,other,simulated_bank_transactions_uk
2024-03-26,utility*bill*octopus*energy 764214,222.32,utilities,simulated_bank_transactions_uk
2023-01-16,Pos Tesco Chicken 241820,136.83,groceries,simulated_bank_transactions_uk
2023-06-08,MASTERCARD RENT PMT LETTING AGENT 982716,1516.69,housing,simulated_bank_transactions_uk
2023-09-29,STO POS TESCO RICE,117.88,groceries,simulated_bank_transactions_uk
2023-12-03,Pos Card Pmt Tfl Fuel 304314,98.53,transportation,simulated_bank_transactions_uk
2024-10-03,Card Online Purchase Superdrug Misc Expense,143.26,other,simulated_bank_transactions_uk
2023-03-12,BACS*LANDLORD*RENT,650.26,housing,simulated_bank_transactions_uk
2024-03-20,BILL PAYMENT VODAFONE 237290,194.29,utilities,simulated_bank_transactions_uk
2023-04-13,Card Payment Asda Vegetables 255655,106.47,groceries,simulated_bank_transactions_uk
2023-01-30,Food/Delivery/Costa/Restaurant 396489,105.02,dining,simulated_bank_transactions_uk
2023-10-28,pos tesco eggs 220036,120.03,groceries,simulated_bank_transactions_uk
2023-09-08,Pos*Card*Payment*Shell*Bus*Pass,66.31,transportation,simulated_bank_transactions_uk
2023-06-24,Direct Debit Amazon Prime 377710,32.74,subscriptions,simulated_bank_transactions_uk
2024-11-30,Utility Bill Severn Trent,114.16,utilities,simulated_bank_transactions_uk
2024-04-17,bill/pmt/scottishpower 581189,61.49,utilities,simulated_bank_transactions_uk
2024-04-21,pos mortgage payment mortgage 687406,1533.58,housing,simulated_bank_transactions_uk
2023-12-20,Card Pmt Shell Train Ticket 834592,13.86,transportation,simulated_bank_transactions_uk
2023-09-14,So Card Pmt Disney+ 880827,19.85,subscriptions,simulated_bank_transactions_uk
2024-01-29,POS/CARD/PMT/PRET/FAST/FOOD,32.28,dining,simulated_bank_transactions_uk
2024-01-26,so-online-purchase-nhs-misc-expens,18.68,other,simulated_bank_transactions_uk
2023-10-30,subscription-gym-group,39.74,subscriptions,simulated_bank_transactions_uk
2023-01-09,pos/morrisons/vegetables 869286,61.18,groceries,simulated_bank_transactions_uk
2024-09-12,subscription netflix,39.08,subscriptions,simulated_bank_transactions_uk
2023-08-24,Bacs Mortgage Rent 946053,1864.11,housing,simulated_bank_transactions_uk
2023-09-14,Direct Debit Puregym 892737,11.65,subscriptions,simulated_bank_transactions_uk
2024-10-23,Bacs Landlord Rent 171341,1864.77,housing,simulated_bank_transactions_uk
2023-02-04,Contactless Morrisons Eggs 83237,118.93,groceries,simulated_bank_transactions_uk
2023-10-30,Subscription*Google**services,8.15,subscriptions,simulated_bank_transactions_uk
2023-05-16,So Card Pmt Bolt Fuel 693764,28.82,transportation,simulated_bank_transactions_uk
2023-10-07,card card payment boots misc expense 409548,81.04,other,simulated_bank_transactions_uk
2024-05-08,card payment ebay online purchase 92537,40.77,other,simulated_bank_transactions_uk
2023-12-13,mastercard-online-purchase-nhs-misc-ex,112.74,other,simulated_bank_transactions_uk
2023-03-19,CARD PAYMENT HMRC ONLINE PURCHASE 316759,71.84,other,simulated_bank_transactions_uk
2024-02-11,direct debit e.on 264926,189.33,utilities,simulated_bank_transactions_uk
2024-02-09,ONLINE*PURCHASE*NHS*MISC*EXPENSE 651318,16.27,other,simulated_bank_transactions_uk
2024-04-10,Card Pmt Waitrose Eggs 316029,81.88,groceries,simulated_bank_transactions_uk
2024-10-15,Bacs*Card*Pmt*Uber*Bus*Pass,88.93,transportation,simulated_bank_transactions_uk
2024-04-27,card/pmt/shell/uber/ride 573133,102.2,transportation,simulated_bank_transactions_uk
2024-07-28,CONTACTLESS TESCO,132.98,groceries,simulated_bank_transactions_uk
2024-10-12,CONTACTLESS FUEL BP TRAIN TICKET,98.2,transportation,simulated_bank_transactions_uk
2023-11-06,pos purchase ebay misc expense,136.68,other,simulated_bank_transactions_uk
2023-02-08,Pos Mortgage Payment Rent 47448,663.49,housing,simulated_bank_transactions_uk
2023-08-29,MASTERCARD CARD PMT BP FUEL 609717,20.07,transportation,simulated_bank_transactions_uk
2024-12-14,Direct Debit Amazon Prime 362724,17.99,subscriptions,simulated_bank_transactions_uk
2024-02-29,Subscription/Puregym 360731,30.43,subscriptions,simulated_bank_transactions_uk
2023-10-14,BACS LANDLORD RENT 71437,1461.91,housing,simulated_bank_transactions_uk
2024-03-30,Pos/Sainsburys/Vegetables 579719,57.47,groceries,simulated_bank_transactions_uk
2023-04-12,Bacs*Restaurant*Just*Eat*Restaurant 774207,128.75,dining,simulated_bank_transactions_uk
2024-01-03,Mortgage Pmt Landlord 839338,1968.98,housing,simulated_bank_transactions_uk
2023-05-06,MASTERCARD CARD PMT ASDA RICE 671153,43.55,groceries,simulated_bank_transactions_uk
2023-08-06,online purchase hmrc misc expense 854266,16.48,other,simulated_bank_transactions_uk
2023-05-09,bacs letting agent rent 728120,1066.91,housing,simulated_bank_transactions_uk
2024-07-21,pos purchase hmrc online purchase 964810,13.09,other,simulated_bank_transactions_uk
2023-06-01,UTILITY*BILL*E.ON 908565,81.26,utilities,simulated_bank_transactions_uk
2023-05-29,Bacs Pos Purchase Amazon Online Purchase 718956,43.76,other,simulated_bank_transactions_uk
2023-01-27,Visa Bill Payment O2 564723,54.18,utilities,simulated_bank_transactions_uk
2024-08-25,UTILITY-BILL-O2,203.45,utilities,simulated_bank_transactions_uk
2023-02-23,FUEL ESSO UBER RIDE,28.61,transportation,simulated_bank_transactions_uk
2024-05-02,Bill Pmt British Gas,194.05,utilities,simulated_bank_transactions_uk
2023-04-22,Card Pmt Kfc Fast Food 823974,78.45,dining,simulated_bank_transactions_uk
2024-09-21,card-pmt-kfc-food-delivery 281329,35.57,dining,simulated_bank_transactions_uk
2024-11-05,Pos Sainsburys Vegetables 909149,118.13,groceries,simulated_bank_transactions_uk
2023-03-04,Card Pmt Disney+ 606474,38.74,subscriptions,simulated_bank_transactions_uk
2023-04-21,mastercard restaurant starbucks fast food 920933,65.66,dining,simulated_bank_transactions_uk
2023-03-17,Restaurant*Deliveroo*Food*Delivery 732160,136.73,dining,simulated_bank_transactions_uk
2023-03-09,Bacs Contactless Sainsburys Eggs 298368,92.42,groceries,simulated_bank_transactions_uk
2024-12-30,Direct Debit Bt 657596,158.78,utilities,simulated_bank_transactions_uk
2024-06-27,TRANSPORT ESSO FUEL,149.21,transportation,simulated_bank_transactions_uk
2024-03-16,CONTACTLESS FUEL NATIONAL RAIL FUEL 697787,77.32,transportation,simulated_bank_transactions_uk
2024-11-01,Pos Asda Vegetables 96629,19.82,groceries,simulated_bank_transactions_uk
2024-02-28,STO RENT PMT RENT 730386,1843.33,housing,simulated_bank_transactions_uk
2023-04-08,CARD PAYMENT TRAINLINE FUEL 386416,61.61,transportation,simulated_bank_transactions_uk
2023-09-19,Card Payment National Rail Fuel 173088,48.94,transportation,simulated_bank_transactions_uk
2024-04-30,Fuel Uber Train Ticket 941145,103.96,transportation,simulated_bank_transactions_uk
2023-04-06,contactless sainsburys milk 676933,125.27,groceries,simulated_bank_transactions_uk
2024-01-17,Food Delivery Just Eat Restaurant 317302,112.45,dining,simulated_bank_transactions_uk
2024-08-23,ONLINE PURCHASE CURRYS ONLINE PURCHASE,84.79,other,simulated_bank_transactions_uk
2023-12-29,SUBSCRIPTION SPOTIFY 379638,9.28,subscriptions,simulated_bank_transactions_uk
2023-02-22,Pos Purchase Argos Misc Expense,130.61,other,simulated_bank_transactions_uk
2024-08-14,POS*FUEL*TFL*BUS*PASS 660104,54.69,transportation,simulated_bank_transactions_uk
2023-04-21,so direct debit gym group 537141,21.88,subscriptions,simulated_bank_transactions_uk
2023-10-13,Fuel National Rail Bus Pass 70326,19.89,transportation,simulated_bank_transactions_uk
2024-09-28,Mastercard Card Payment Gym Group 778722,34.58,subscriptions,simulated_bank_transactions_uk
2024-11-04,Subscription-Disney+ 822021,5.92,subscriptions,simulated_bank_transactions_uk
2023-10-07,Contactless Card Pmt Boots Misc Expense 451179,7.26,other,simulated_bank_transactions_uk
2023-07-05,mortgage/payment/rent 268508,1091.43,housing,simulated_bank_transactions_uk
2024-02-15,VISA CARD PAYMENT EBAY ONLINE PURCHASE 158375,86.25,other,simulated_bank_transactions_uk
2023-02-01,pos contactless tesco bread 82670,111.92,groceries,simulated_bank_transactions_uk
2024-01-21,So Contactless Sainsburys Vegetables 488686,80.98,groceries,simulated_bank_transactions_uk
2024-01-14,RESTAURANT-GREGGS-FAST-FOOD,53.11,dining,simulated_bank_transactions_uk
2024-08-04,Fuel Shell Bus Pass 835638,117.19,transportation,simulated_bank_transactions_uk
2024-09-24,Direct Debit Direct Debit Netflix,10.45,subscriptions,simulated_bank_transactions_uk
2024-03-29,So Contactless Morrisons Vegetables,14.99,groceries,simulated_bank_transactions_uk
2023-10-07,Pos Bacs Landlord Rent,1218.86,housing,simulated_bank_transactions_uk
2024-11-25,Utility Bill Octopus Energy 66308,54.4,utilities,simulated_bank_transactions_uk
2023-08-14,rent pmt landlord,1031.79,housing,simulated_bank_transactions_uk
2023-07-29,POS RESTAURANT COSTA FOOD DELIVERY 111790,11.05,dining,simulated_bank_transactions_uk
2023-09-19,Direct-Debit-Card-Pmt-Esso-Train-Ticket 894892,115.8,transportation,simulated_bank_transactions_uk
2024-05-24,Fuel-National-Rail-Bus-Pass 746702,20.64,transportation,simulated_bank_transactions_uk
2024-12-21,MORTGAGE PAYMENT LETTING AGENT 425035,1132.29,housing,simulated_bank_transactions_uk
2023-02-13,Mastercard Utility Bill Ee 819895,219.59,utilities,simulated_bank_transactions_uk
2023-03-21,Card Pmt Mcdonalds Restaurant 272393,70.58,dining,simulated_bank_transactions_uk
2024-08-10,Fps-Card-Payment-Ebay-Misc-Expense 989052,87.64,other,simulated_bank_transactions_uk
2023-10-24,food*delivery*mcdonalds*food*delivery 226146,97.1,dining,simulated_bank_transactions_uk
2023-11-29,CARD PMT ALDI RICE 310440,6.07,groceries,simulated_bank_transactions_uk
2023-04-01,BACS/BILL/PAYMENT/EE 842134,232.35,utilities,simulated_bank_transactions_uk
2024-08-26,Restaurant-Pret-Restaurant,38.77,dining,simulated_bank_transactions_uk
2023-11-14,fps card pmt kfc food delivery,14.56,dining,simulated_bank_transactions_uk
2023-03-20,Rent Payment Rent 994842,1690.77,housing,simulated_bank_transactions_uk
2023-12-24,sto direct debit gym group,22.85,subscriptions,simulated_bank_transactions_uk
2023-05-30,FUEL SHELL TRAIN TICKET,37.73,transportation,simulated_bank_transactions_uk
2023-06-06,VISA*TRANSPORT*BOLT*TRAIN*TICKET 963483,28.5,transportation,simulated_bank_transactions_uk
2024-10-05,Pos Purchase Argos Online Purchase 739927,29.04,other,simulated_bank_transactions_uk
2024-08-16,food delivery nando's fast food 106939,113.9,dining,simulated_bank_transactions_uk
2024-08-01,card payment costa food delivery 333695,138.85,dining,simulated_bank_transactions_uk
2023-06-04,Rent/Payment/Letting/Agent,1478.1,housing,simulated_bank_transactions_uk
2024-10-08,Direct Debit Restaurant Uber Eats Restaurant 594022,71.93,dining,simulated_bank_transactions_uk
2023-12-27,TRANSPORT ESSO BUS PASS 929325,89.94,transportation,simulated_bank_transactions_uk
2023-02-28,DIRECT-DEBIT-GOOGLE-*SERVICES,20.82,subscriptions,simulated_bank_transactions_uk
2023-04-03,Card Pmt Tfl Bus Pass 398108,14.28,transportation,simulated_bank_transactions_uk
2024-07-21,subscription gym grou,21.19,subscriptions,simulated_bank_transactions_uk
2024-08-08,Pos/Purchase/Amazon/Online/Purchase,69.11,other,simulated_bank_transactions_uk
2023-06-04,Bacs Rent Rent,1265.88,housing,simulated_bank_transactions_uk
2023-12-18,mastercard contactless asda rice 582028,18.21,groceries,simulated_bank_transactions_uk
2023-09-11,BACS LETTING AGENT RENT 515796,841.58,housing,simulated_bank_transactions_uk
2024-09-16,sto/rent/pmt/letting/agent 306986,1333.7,housing,simulated_bank_transactions_uk
2024-02-23,direct debit o2 674045,92.24,utilities,simulated_bank_transactions_uk
2023-02-23,pos*purchase*argos*misc*expense 878740,102.8,other,simulated_bank_transactions_uk
2023-04-07,Direct Debit Card Payment Amazon Misc Expense,12.69,other,simulated_bank_transactions_uk
2024-11-03,Direct Debit Netflix 248088,13.82,subscriptions,simulated_bank_transactions_uk
2023-05-25,Direct Debit Spotify 651403,25.4,subscriptions,simulated_bank_transactions_uk
2024-12-16,Transport*Esso*Bus*Pass 717308,145.25,transportation,simulated_bank_transactions_uk
2023-03-28,Bacs Landlord Rent 584390,1592.37,housing,simulated_bank_transactions_uk
2023-12-03,CARD PMT SHELL FUEL 820656,97.59,transportation,simulated_bank_transactions_uk
2024-12-02,card payment hmrc online purchase 111766,101.51,other,simulated_bank_transactions_uk
2024-01-06,DIRECT DEBIT SPOTIFY 49,19.82,subscriptions,simulated_bank_transactions_uk
2023-08-08,Direct*Debit*Pos*Morrisons*Eggs,48.4,groceries,simulated_bank_transactions_uk
2023-05-21,Card Pmt Tfl Fuel 912107,31.22,transportation,simulated_bank_transactions_uk
2024-06-03,utility bill thames water 94624,203.39,utilities,simulated_bank_transactions_uk
2024-09-24,Pos Purchase Currys Online Purchase,100.3,other,simulated_bank_transactions_uk
2024-12-10,bill payment ee 918693,69.79,utilities,simulated_bank_transactions_uk
2023-02-14,Card Payment Amazon Online Purchase 864508,109.01,other,simulated_bank_transactions_uk
2023-09-01,FOOD DELIVERY STARBUCKS FAST FOOD 913765,102.43,dining,simulated_bank_transactions_uk
2024-04-04,Contactless Restaurant Just Eat Food Deliver,44.88,dining,simulated_bank_transactions_uk
2024-04-25,Direct*Debit*Bt 907630,207.9,utilities,simulated_bank_transactions_uk
2024-08-07,Pos-Purchase-Amazon-Online-Purchase 989812,57.07,other,simulated_bank_transactions_uk
2024-01-27,restaurant-greggs-fast-food 865352,116.11,dining,simulated_bank_transactions_uk
2023-07-24,subscription spotify 353618,10.67,subscriptions,simulated_bank_transactions_uk
2023-02-23,Pos Purchase Superdrug Online Purchase 543421,131.33,other,simulated_bank_transactions_uk
2023-04-16,Bacs Rent Rent 310963,1376.36,housing,simulated_bank_transactions_uk
2023-10-07,mortgage pmt mortgage,1668.36,housing,simulated_bank_transactions_uk
2024-03-23,Food Delivery Kfc Food Delivery,24.66,dining,simulated_bank_transactions_uk
2023-12-24,Card Payment Asda Bread 957956,123.06,groceries,simulated_bank_transactions_uk
2024-05-29,Pos-Contactless-Waitrose-Rice 615015,10.83,groceries,simulated_bank_transactions_uk
2023-03-25,card payment trainline train ticket 933630,59.77,transportation,simulated_bank_transactions_uk
2023-04-12,fuel trainline train ticket 211026,7.14,transportation,simulated_bank_transactions_uk
2023-05-21,CARD-PMT-NHS-MISC-EXPENSE 186413,119.33,other,simulated_bank_transactions_uk
2024-04-28,Pos/Tesco/Eggs 801660,137.86,groceries,simulated_bank_transactions_uk
2024-09-22,bacs landlord rent 40557,1256.75,housing,simulated_bank_transactions_uk
2023-08-09,pos waitrose milk 261909,5.79,groceries,simulated_bank_transactions_uk
2024-09-15,so pos purchase superdrug online purchase 305955,83.67,other,simulated_bank_transactions_uk
2023-11-05,Direct Debit Google *services 995138,15.08,subscriptions,simulated_bank_transactions_uk
2024-10-16,CARD/POS/MORRISONS/MILK 746652,38.05,groceries,simulated_bank_transactions_uk
2024-05-26,Pos Purchase Amazon Misc Expense 114365,12.23,other,simulated_bank_transactions_uk
2023-09-05,subscription netflix 161565,23.04,subscriptions,simulated_bank_transactions_uk
2023-12-28,Mortgage/Pmt/Rent 943273,602.19,housing,simulated_bank_transactions_uk
2024-06-20,mastercard direct debit bt,177.01,utilities,simulated_bank_transactions_uk
2024-07-11,CARD PMT UBER UBER RIDE 979451,143.15,transportation,simulated_bank_transactions_uk
2024-04-26,Subscription Amazon Prime 157389,18.67,subscriptions,simulated_bank_transactions_uk
2024-01-18,Contactless Sainsburys Vegetables,59.87,groceries,simulated_bank_transactions_uk
2023-03-11,Transport Tfl Uber Ride 447688,55.49,transportation,simulated_bank_transactions_uk
2024-10-05,Transport-Trainline-Train-Ticket,110.74,transportation,simulated_bank_transactions_uk
2023-12-07,contactless*aldi*chicken,111.07,groceries,simulated_bank_transactions_uk
2024-10-20,Utility Bill Vodafone 730987,104.48,utilities,simulated_bank_transactions_uk
2023-07-06,direct debit e.on 642018,135.28,utilities,simulated_bank_transactions_uk
2024-04-13,Online Purchase Superdrug Online Purchase,12.28,other,simulated_bank_transactions_uk
2023-07-24,POS ICELAND EGGS 911512,32.63,groceries,simulated_bank_transactions_uk
2024-06-11,Contactless Lidl Eggs 762949,140.21,groceries,simulated_bank_transactions_uk
2023-02-07,So Food Delivery Costa Food Delivery 980759,72.59,dining,simulated_bank_transactions_uk
2023-02-18,fps-pos-purchase-nhs-online-purchase 234524,45.06,other,simulated_bank_transactions_uk
2024-01-12,Fps Pos Purchase Hmrc Misc Expense,43.16,other,simulated_bank_transactions_uk
2024-01-31,BACS RESTAURANT NANDO'S FAST FOOD,112.27,dining,simulated_bank_transactions_uk
2024-05-24,fuel bolt train ticket,75.94,transportation,simulated_bank_transactions_uk
2024-03-10,fuel shell bus pass 691917,120.77,transportation,simulated_bank_transactions_uk
2023-07-04,card/pmt/waitrose/rice 862760,91.56,groceries,simulated_bank_transactions_uk
2024-11-07,SUBSCRIPTION GYM GROUP 480247,7.8,subscriptions,simulated_bank_transactions_uk
2024-03-12,BACS FUEL UBER BUS PASS 130204,68.55,transportation,simulated_bank_transactions_uk
2023-12-28,BILL PAYMENT O2 454834,39.32,utilities,simulated_bank_transactions_uk
2023-02-28,CARD PAYMENT PUREGYM 690461,39.3,subscriptions,simulated_bank_transactions_uk
2024-01-08,Contactless Waitrose Vegetables 418196,96.71,groceries,simulated_bank_transactions_uk
2023-05-27,Sto Direct Debit Apple.com/bill 736570,38.35,subscriptions,simulated_bank_transactions_uk
2023-03-10,Sto Online Purchase Superdrug Misc Expense,8.12,other,simulated_bank_transactions_uk
2023-02-03,Direct Debit Sky 989464,238.88,utilities,simulated_bank_transactions_uk
2024-01-16,card pmt gym group 1533,38.21,subscriptions,simulated_bank_transactions_uk
2024-06-26,Restaurant Kfc Restaurant 310477,87.37,dining,simulated_bank_transactions_uk
2023-10-13,So Card Pmt Tfl Fuel 250136,49.21,transportation,simulated_bank_transactions_uk
2024-06-14,utility bill thames water,70.93,utilities,simulated_bank_transactions_uk
2023-09-24,CARD PAYMENT JUST EAT FOOD DELIVERY,20.31,dining,simulated_bank_transactions_uk
2024-12-11,bacs landlord rent,1456.63,housing,simulated_bank_transactions_uk
2023-03-17,RESTAURANT GREGGS RESTAURANT,21.03,dining,simulated_bank_transactions_uk
2024-03-31,RESTAURANT PRET RESTAURANT 347620,135.11,dining,simulated_bank_transactions_uk
2023-11-24,pos asda vegetables 885096,145.23,groceries,simulated_bank_transactions_uk
2023-10-25,direct debit bacs mortgage rent 825451,1370.0,housing,simulated_bank_transactions_uk
2024-12-18,Pos Fuel Bp Train Ticket 308835,107.64,transportation,simulated_bank_transactions_uk
2023-05-05,direct debit bacs mortgage rent 652303,1312.26,housing,simulated_bank_transactions_uk
2024-01-05,Utility-Bill-British-Gas,138.68,utilities,simulated_bank_transactions_uk
2024-07-18,CARD PMT GOOGLE *SERVICES 87345,33.13,subscriptions,simulated_bank_transactions_uk
2024-05-05,UTILITY BILL E.ON 719699,117.6,utilities,simulated_bank_transactions_uk
2023-03-17,Subscription Spotify 482532,33.82,subscriptions,simulated_bank_transactions_uk
2024-11-27,contactless direct debit british gas 272212,128.99,utilities,simulated_bank_transactions_uk
2024-07-18,CARD PMT PUREGYM 673580,34.02,subscriptions,simulated_bank_transactions_uk
2024-05-29,BACS RENT RENT 826115,780.65,housing,simulated_bank_transactions_uk
2024-06-14,Pos/Purchase/Ebay/Online/Purchase 144006,125.21,other,simulated_bank_transactions_uk
2024-12-27,Bill Payment Ee,100.99,utilities,simulated_bank_transactions_uk
2023-10-18,visa utility bill british gas 90261,144.16,utilities,simulated_bank_transactions_uk
2024-10-12,Card/Pmt/Superdrug/Online/Purchase 876297,39.84,other,simulated_bank_transactions_uk
2024-06-30,Subscription Spotify,15.6,subscriptions,simulated_bank_transactions_uk
2024-08-29,sto/card/payment/sainsburys/chicken 246925,97.23,groceries,simulated_bank_transactions_uk
2024-09-11,subscription spotify 160797,26.86,subscriptions,simulated_bank_transactions_uk
2023-01-30,DIRECT*DEBIT*CARD*PMT*SHELL*UBER*RIDE 377948,124.31,transportation,simulated_bank_transactions_uk
2024-08-13,Card Pmt Waitrose Milk 677909,142.44,groceries,simulated_bank_transactions_uk
2024-03-02,Transport Bolt Train Ticket,115.74,transportation,simulated_bank_transactions_uk
2024-07-12,CARD-PMT-NETFLIX 566892,36.11,subscriptions,simulated_bank_transactions_uk
2024-12-02,Sto*Card*Pmt*National*Rail*Bus*Pass 95952,73.99,transportation,simulated_bank_transactions_uk
2024-12-06,Card Payment Just Eat Fast Food 540111,69.67,dining,simulated_bank_transactions_uk
2024-05-10,pos asda bread 512329,67.62,groceries,simulated_bank_transactions_uk
2023-05-28,pos restaurant greggs restaurant 963489,53.01,dining,simulated_bank_transactions_uk
2023-12-20,So-Transport-Tfl-Bus-Pass 598856,110.93,transportation,simulated_bank_transactions_uk
2024-06-11,restaurant starbucks restaurant 371040,114.82,dining,simulated_bank_transactions_uk
2023-10-01,DIRECT DEBIT GOOGLE *SERVICES,21.33,subscriptions,simulated_bank_transactions_uk
2023-02-21,Direct Debit Card Payment Greggs Restaurant 435753,23.71,dining,simulated_bank_transactions_uk
2024-03-04,card pmt trainline fuel,130.03,transportation,simulated_bank_transactions_uk
2023-11-17,DIRECT DEBIT BT 271804,235.43,utilities,simulated_bank_transactions_uk
2024-05-25,Bill Payment Ee,143.24,utilities,simulated_bank_transactions_uk
2024-02-07,Bacs Card Payment Esso Fuel,6.41,transportation,simulated_bank_transactions_uk
2023-12-28,subscription*apple.com/bill,12.53,subscriptions,simulated_bank_transactions_uk
2024-09-03,sto pos morrisons milk 789930,44.36,groceries,simulated_bank_transactions_uk
2023-01-09,online*purchase*nhs*misc*expense 389368,45.01,other,simulated_bank_transactions_uk
2023-09-28,card pmt hmrc online purchase,66.35,other,simulated_bank_transactions_uk
2024-02-15,Mortgage Payment Rent 628354,1112.31,housing,simulated_bank_transactions_uk
2024-01-07,visa card payment morrisons chicken 216397,85.59,groceries,simulated_bank_transactions_uk
2024-07-17,Bacs*Direct*Debit*Google**services 642603,22.65,subscriptions,simulated_bank_transactions_uk
2023-04-10,transport*bp*uber*ride 322549,21.91,transportation,simulated_bank_transactions_uk
2023-12-14,Food Delivery Starbucks Fast Food 734281,119.85,dining,simulated_bank_transactions_uk
2024-06-05,Subscription Spotify 55581,11.97,subscriptions,simulated_bank_transactions_uk
2023-02-09,Card-Payment-Pret-Food-Delivery 84927,8.92,dining,simulated_bank_transactions_uk
2023-06-02,bill pmt vodafone,144.25,utilities,simulated_bank_transactions_uk
2023-11-23,Subscription Puregym 823041,37.6,subscriptions,simulated_bank_transactions_uk
2023-11-03,Utility Bill Ee 166092,192.65,utilities,simulated_bank_transactions_uk
2024-05-16,direct debit apple.com/bi,22.84,subscriptions,simulated_bank_transactions_uk
2023-12-06,Bacs/Letting/Agent/Rent 424579,623.29,housing,simulated_bank_transactions_uk
2024-12-05,rent pmt letting agent 123692,1417.18,housing,simulated_bank_transactions_uk
2024-11-02,Bacs Letting Agent Rent,971.74,housing,simulated_bank_transactions_uk
2024-08-20,Online Purchase Nhs Online Purchase 402261,109.05,other,simulated_bank_transactions_uk
2024-09-26,food delivery kfc restaurant 735861,80.06,dining,simulated_bank_transactions_uk
2024-11-28,Pos/Purchase/Currys/Misc/Expense 371711,24.72,other,simulated_bank_transactions_uk
2023-07-15,Bill Payment Bt 210365,184.11,utilities,simulated_bank_transactions_uk
2023-06-05,Pos Card Payment Lidl Rice,49.11,groceries,simulated_bank_transactions_uk
2024-05-28,Food Delivery Nando's Food Delivery 506719,32.97,dining,simulated_bank_transactions_uk
2023-03-05,Pos Purchase Superdrug Misc Expense 233881,131.3,other,simulated_bank_transactions_uk
2024-11-09,rent pmt landlord 720678,1385.24,housing,simulated_bank_transactions_uk
2023-06-27,CARD PMT DELIVEROO FOOD DELIVERY 106641,58.39,dining,simulated_bank_transactions_uk
2023-12-29,RESTAURANT UBER EATS FOOD DELIVERY 384699,53.32,dining,simulated_bank_transactions_uk
2023-09-10,rent pmt mortgage 189627,869.17,housing,simulated_bank_transactions_uk
2023-11-01,transport uber bus pass 839900,36.06,transportation,simulated_bank_transactions_uk
2024-12-07,FPS POS PURCHASE ARGOS MISC EXPENSE 560921,106.62,other,simulated_bank_transactions_uk
2023-10-08,mortgage pmt mortgage 63952,1088.32,housing,simulated_bank_transactions_uk
2024-07-10,card payment bolt uber ride 978109,87.3,transportation,simulated_bank_transactions_uk
2023-05-30,STO CARD PMT COSTA FAST FOOD 184017,123.3,dining,simulated_bank_transactions_uk
2023-03-22,card pmt bolt uber ride,45.28,transportation,simulated_bank_transactions_uk
2024-05-05,Card Payment Bolt Fuel 643053,99.43,transportation,simulated_bank_transactions_uk
2024-07-29,direct debit octopus energy,89.65,utilities,simulated_bank_transactions_uk
2024-08-23,Mortgage Pmt Mortgage 473161,1461.95,housing,simulated_bank_transactions_uk
2023-08-20,Direct Debit E.on,229.14,utilities,simulated_bank_transactions_uk
2024-04-28,fps*mortgage*payment*landlord 88295,1178.62,housing,simulated_bank_transactions_uk
2023-01-06,POS/ASDA/VEGETABLES 880249,116.3,groceries,simulated_bank_transactions_uk
2024-05-02,card pmt netflix,37.73,subscriptions,simulated_bank_transactions_uk
2023-10-22,SO FOOD DELIVERY GREGGS FOOD DELIVERY 667738,32.32,dining,simulated_bank_transactions_uk
2023-04-02,fuel bp bus pass 384551,97.95,transportation,simulated_bank_transactions_uk
2023-02-08,card mortgage payment landlord 967879,1612.36,housing,simulated_bank_transactions_uk
2023-02-07,Bill Payment O2,68.67,utilities,simulated_bank_transactions_uk
2023-07-10,POS PURCHASE CURRYS MISC EXPENSE 397737,118.83,other,simulated_bank_transactions_uk
2024-08-04,Mortgage Payment Rent 286071,612.97,housing,simulated_bank_transactions_uk
2024-04-10,DIRECT*DEBIT*APPLE.COM/BILL 286353,16.73,subscriptions,simulated_bank_transactions_uk
2024-05-31,Visa Rent Pmt Mortgage 132113,787.88,housing,simulated_bank_transactions_uk
2023-04-26,FPS CARD PAYMENT PRET FAST FOOD,31.34,dining,simulated_bank_transactions_uk
2024-10-25,Card Payment Shell Train Ticket 814331,110.47,transportation,simulated_bank_transactions_uk
2023-12-12,TRANSPORT ESSO TRAIN TICKET 806459,5.07,transportation,simulated_bank_transactions_uk
2023-07-17,POS PURCHASE HMRC MISC EXPENSE,86.46,other,simulated_bank_transactions_uk
2023-03-30,bill pmt scottishpower,143.36,utilities,simulated_bank_transactions_uk
2023-05-24,RESTAURANT NANDO'S FOOD DELIVERY,17.02,dining,simulated_bank_transactions_uk
2023-01-07,CARD PMT NANDO'S FAST FOOD 2558,140.57,dining,simulated_bank_transactions_uk
2023-10-01,FUEL ESSO FUEL 355861,37.62,transportation,simulated_bank_transactions_uk
2024-08-09,Transport Tfl Bus Pass 244977,88.62,transportation,simulated_bank_transactions_uk
2024-12-10,bacs card payment waitrose eggs 459752,99.09,groceries,simulated_bank_transactions_uk
2023-06-13,card*utility*bill*ee 872733,132.39,utilities,simulated_bank_transactions_uk
2024-12-21,card payment just eat food delivery,76.87,dining,simulated_bank_transactions_uk
2024-10-16,Online Purchase Hmrc Misc Expense 337272,104.47,other,simulated_bank_transactions_uk
2023-08-13,TRANSPORT*BP*BUS*PASS 116830,93.35,transportation,simulated_bank_transactions_uk
2024-09-12,DIRECT DEBIT SKY 509947,194.5,utilities,simulated_bank_transactions_uk
2024-04-27,fuel tfl fuel 385150,106.19,transportation,simulated_bank_transactions_uk
2024-11-27,Card Payment Ebay Online Purchase,114.99,other,simulated_bank_transactions_uk
2024-06-24,POS PURCHASE HMRC ONLINE PURCH,80.25,other,simulated_bank_transactions_uk
2023-03-05,RENT PAYMENT RENT 656700,1389.84,housing,simulated_bank_transactions_uk
2023-06-03,online purchase hmrc online purchase,87.19,other,simulated_bank_transactions_uk
2024-11-27,direct debit octopus energy 630057,127.2,utilities,simulated_bank_transactions_uk
2023-02-26,bill pmt severn trent,142.28,utilities,simulated_bank_transactions_uk
2024-04-12,food delivery kfc restaurant 475379,78.45,dining,simulated_bank_transactions_uk
2023-11-12,subscription gym group,28.55,subscriptions,simulated_bank_transactions_uk
2023-08-12,RENT PAYMENT LETTING AGENT 290362,1743.03,housing,simulated_bank_transactions_uk
2023-03-07,SUBSCRIPTION/DISNEY+ 851472,17.06,subscriptions,simulated_bank_transactions_uk
2024-04-28,Card Payment Gym Group 866814,7.42,subscriptions,simulated_bank_transactions_uk
2023-05-19,sto contactless sainsburys eggs,63.1,groceries,simulated_bank_transactions_uk
2024-01-27,POS PURCHASE HMRC MISC EXPENSE 12989,58.05,other,simulated_bank_transactions_uk
2024-11-30,card pmt starbucks fast food 732663,58.22,dining,simulated_bank_transactions_uk
2023-07-02,Bacs Rent Rent 453917,1086.88,housing,simulated_bank_transactions_uk
2023-08-17,subscription gym group 276311,30.48,subscriptions,simulated_bank_transactions_uk
2023-11-02,online*purchase*hmrc*online*purchase 206625,114.16,other,simulated_bank_transactions_uk
2024-03-10,bacs card payment just eat food delivery 705378,108.71,dining,simulated_bank_transactions_uk
2023-12-21,direct-debit-google-*services 367704,13.66,subscriptions,simulated_bank_transactions_uk
2023-04-26,Utility-Bill-O2 764873,222.55,utilities,simulated_bank_transactions_uk
2023-01-17,Sto Contactless Sainsburys Veg,64.63,groceries,simulated_bank_transactions_uk
2024-04-02,bill pmt octopus energy 573967,160.67,utilities,simulated_bank_transactions_uk
2023-02-15,Card Pmt Apple.com/bill 395900,6.7,subscriptions,simulated_bank_transactions_uk
2023-08-11,CONTACTLESS CARD PMT JUST EAT FAST FOOD 488546,37.45,dining,simulated_bank_transactions_uk
2023-10-24,Card Pmt Amazon Online Purchas,23.6,other,simulated_bank_transactions_uk
2023-11-25,bill payment sky,199.96,utilities,simulated_bank_transactions_uk
2024-06-17,So Utility Bill Bt,246.85,utilities,simulated_bank_transactions_uk
2024-08-28,Bill-Pmt-Ee 318012,43.41,utilities,simulated_bank_transactions_uk
2024-05-22,Rent Pmt Letting Agent 582896,1198.08,housing,simulated_bank_transactions_uk
2024-11-18,Pos*Lidl*Eggs 711929,141.41,groceries,simulated_bank_transactions_uk
2024-03-02,restaurant-kfc-food-delivery 139173,49.85,dining,simulated_bank_transactions_uk
2023-07-08,food delivery mcdonalds restaurant 142822,47.08,dining,simulated_bank_transactions_uk
2023-08-19,online purchase argos misc expense 334025,38.42,other,simulated_bank_transactions_uk
2023-03-01,Fuel National Rail Train Ticket 465523,121.45,transportation,simulated_bank_transactions_uk
2023-05-18,CARD SUBSCRIPTION APPLE.COM/BILL 636022,24.51,subscriptions,simulated_bank_transactions_uk
2023-12-05,visa food delivery kfc restaurant 527725,40.48,dining,simulated_bank_transactions_uk
2023-04-05,bacs/bacs/mortgage/rent 429436,1785.99,housing,simulated_bank_transactions_uk
2024-01-22,Pos*Direct*Debit*Netflix,6.8,subscriptions,simulated_bank_transactions_uk
2024-08-24,Mortgage Payment Letting Agent,863.43,housing,simulated_bank_transactions_uk
2023-12-07,bacs mortgage rent 258657,1817.26,housing,simulated_bank_transactions_uk
2023-07-14,fuel bp uber ride 306323,34.14,transportation,simulated_bank_transactions_uk
2023-09-06,Contactless/Mortgage/Pmt/Letting/Agent 678486,1656.06,housing,simulated_bank_transactions_uk
2023-11-26,rent*payment*rent 748251,935.06,housing,simulated_bank_transactions_uk
2024-06-30,Card Pmt Nhs Misc Expense 769881,58.96,other,simulated_bank_transactions_uk
2024-05-24,BACS RENT RENT,1103.5,housing,simulated_bank_transactions_uk
2024-04-25,CARD-PMT-UBER-EATS-RESTAURANT 692567,121.01,dining,simulated_bank_transactions_uk
2024-01-15,CARD*PAYMENT*ARGOS*MISC*EXPENSE 190473,137.41,other,simulated_bank_transactions_uk
2023-08-15,TRANSPORT NATIONAL RAIL FUEL,9.72,transportation,simulated_bank_transactions_uk
2024-08-21,Sto Bacs Rent Rent 631421,1374.64,housing,simulated_bank_transactions_uk
2023-12-04,card pmt amazon prime 15,10.33,subscriptions,simulated_bank_transactions_uk
2024-07-17,Direct Debit British Gas 438211,84.06,utilities,simulated_bank_transactions_uk
2024-10-19,Bacs Landlord Rent,1750.23,housing,simulated_bank_transactions_uk
2023-12-27,BACS-MORTGAGE-RENT,1625.88,housing,simulated_bank_transactions_uk
2024-07-09,UTILITY BILL VODAFONE 553654,137.43,utilities,simulated_bank_transactions_uk
2023-03-18,BACS LANDLORD RENT 92928,1774.7,housing,simulated_bank_transactions_uk
2024-02-27,pos purchase boots online purchase,115.36,other,simulated_bank_transactions_uk
2023-08-12,UTILITY BILL O2,63.23,utilities,simulated_bank_transactions_uk
2024-11-13,Subscription Netflix 646197,26.62,subscriptions,simulated_bank_transactions_uk
2024-06-28,Subscription/Gym/Group 267776,5.55,subscriptions,simulated_bank_transactions_uk
2023-10-09,DIRECT*DEBIT*APPLE.COM/BILL,23.53,subscriptions,simulated_bank_transactions_uk
2024-11-21,subscription netflix,33.46,subscriptions,simulated_bank_transactions_uk
2023-04-09,Restaurant Mcdonalds Restaurant 823072,18.73,dining,simulated_bank_transactions_uk
2023-09-16,Card Pmt Netflix 606445,26.69,subscriptions,simulated_bank_transactions_uk
2024-02-11,CARD PAYMENT SUPERDRUG MISC EXPENSE 884326,42.3,other,simulated_bank_transactions_uk
2024-04-15,Pos Morrisons Eggs 34164,144.02,groceries,simulated_bank_transactions_uk
2024-12-01,Direct-Debit-Spotify 393393,12.91,subscriptions,simulated_bank_transactions_uk
2024-10-27,Card Pmt Currys Online Purchase 357637,99.1,other,simulated_bank_transactions_uk
2024-01-24,POS PURCHASE BOOTS ONLINE PURCHASE 140164,16.74,other,simulated_bank_transactions_uk
2024-10-14,restaurant pret food delivery 624155,72.97,dining,simulated_bank_transactions_uk
2024-05-26,CONTACTLESS CARD PAYMENT WAITROSE VEGETABLES 221039,28.19,groceries,simulated_bank_transactions_uk
2023-12-06,Pos Purchase Currys Misc Expense 166146,97.8,other,simulated_bank_transactions_uk
2023-08-24,direct-debit-card-payment-netflix,37.17,subscriptions,simulated_bank_transactions_uk
2024-12-01,visa utility bill severn trent 57413,233.32,utilities,simulated_bank_transactions_uk
2023-11-19,transport bp uber ride,29.37,transportation,simulated_bank_transactions_uk
2024-12-30,FPS*CARD*PAYMENT*SAINSBURYS*BREAD 994471,89.29,groceries,simulated_bank_transactions_uk
2023-11-03,Direct Debit Pos Purchase Boots Misc Expense 327,139.54,other,simulated_bank_transactions_uk
2024-11-24,BILL/PMT/SEVERN/TRENT 426392,216.88,utilities,simulated_bank_transactions_uk
2024-12-06,direct debit spotify 652034,30.89,subscriptions,simulated_bank_transactions_uk
2023-02-24,Pos Mortgage Pmt Landlord,1964.05,housing,simulated_bank_transactions_uk
2023-03-19,Mastercard Contactless Waitrose Rice,37.13,groceries,simulated_bank_transactions_uk
2023-12-01,CARD PAYMENT ESSO FUEL 115027,145.43,transportation,simulated_bank_transactions_uk
2024-04-06,CARD/PMT/MORRISONS/VEGETABLES,43.18,groceries,simulated_bank_transactions_uk
2024-01-20,CARD PAYMENT PRET RESTAURANT 216651,55.3,dining,simulated_bank_transactions_uk
2024-11-07,Restaurant Costa Restaurant,102.92,dining,simulated_bank_transactions_uk
2023-10-30,Card Pmt Uber Eats Restaurant 588234,116.51,dining,simulated_bank_transactions_uk
2023-03-26,CARD PMT SUPERDRUG ONLINE PURCHASE 334580,107.83,other,simulated_bank_transactions_uk
2024-10-11,Card Pmt Bp Train Ticket 404277,58.86,transportation,simulated_bank_transactions_uk
2023-01-06,Bill Payment Severn Trent 17470,53.44,utilities,simulated_bank_transactions_uk
2023-10-04,FUEL*ESSO*FUEL,55.91,transportation,simulated_bank_transactions_uk
2024-03-17,contactless morrisons bread 237706,15.83,groceries,simulated_bank_transactions_uk
2024-02-22,CARD PMT UBER EATS FOOD DELIVERY 573696,84.55,dining,simulated_bank_transactions_uk
2024-07-21,POS TESCO MILK 149989,16.17,groceries,simulated_bank_transactions_uk
2023-11-29,Card Payment Aldi Chicken 566389,90.91,groceries,simulated_bank_transactions_uk
2024-02-28,online*purchase*boots*misc*expense 493025,4.81,other,simulated_bank_transactions_uk
2024-07-26,Restaurant Costa Restaurant 627667,109.55,dining,simulated_bank_transactions_uk
2023-10-03,bill payment bt 306925,67.29,utilities,simulated_bank_transactions_uk
2023-03-06,SO CARD PMT TFL BUS PASS 646710,75.49,transportation,simulated_bank_transactions_uk
2023-03-20,Direct Debit Thames Water 388728,95.95,utilities,simulated_bank_transactions_uk
2024-10-02,Fuel Bolt Bus Pass 89501,141.8,transportation,simulated_bank_transactions_uk
2024-04-13,card pmt uber eats food delivery 762265,93.65,dining,simulated_bank_transactions_uk
2024-02-10,Contactless/Contactless/Lidl/Bread 500365,47.78,groceries,simulated_bank_transactions_uk
2023-12-04,CARD PMT UBER FUEL 973263,121.2,transportation,simulated_bank_transactions_uk
2024-10-28,Food-Delivery-Starbucks-Fast-Food,66.3,dining,simulated_bank_transactions_uk
2024-12-12,DIRECT DEBIT APPLE.COM/BILL 811707,26.11,subscriptions,simulated_bank_transactions_uk
2023-11-23,Utility Bill Scottishpower 12091,242.21,utilities,simulated_bank_transactions_uk
2023-09-06,Mastercard Transport Trainline Fuel,145.26,transportation,simulated_bank_transactions_uk
2024-02-07,Sto Transport Tfl Fuel,44.2,transportation,simulated_bank_transactions_uk
2023-07-24,Transport Trainline Uber Ride,140.01,transportation,simulated_bank_transactions_uk
2023-01-28,card payment spotify 968516,31.87,subscriptions,simulated_bank_transactions_uk
2023-10-26,Bacs Mortgage Rent 349813,893.51,housing,simulated_bank_transactions_uk
2024-02-23,pos purchase boots online purchase 188110,123.39,other,simulated_bank_transactions_uk
2023-09-16,Mastercard Rent Pmt Ren,1023.97,housing,simulated_bank_transactions_uk
2023-03-17,MORTGAGE PAYMENT LETTING AGENT,1704.71,housing,simulated_bank_transactions_uk
2024-02-15,card pmt greggs food delivery,73.45,dining,simulated_bank_transactions_uk
2024-03-04,DIRECT DEBIT GYM GROUP,35.44,subscriptions,simulated_bank_transactions_uk
2024-07-03,Direct Debit Google *services 561596,17.58,subscriptions,simulated_bank_transactions_uk
2023-09-12,SUBSCRIPTION GOOGLE *SERVICES,8.83,subscriptions,simulated_bank_transactions_uk
2024-07-30,Bacs Letting Agent Rent 664529,1457.75,housing,simulated_bank_transactions_uk
2024-03-16,STO RENT PAYMENT LANDLORD,1064.24,housing,simulated_bank_transactions_uk
2023-08-16,CONTACTLESS-ICELAND-MI,17.5,groceries,simulated_bank_transactions_uk
2024-08-12,Card Pmt Amazon Prime,25.32,subscriptions,simulated_bank_transactions_uk
2024-11-26,DIRECT DEBIT OCTOPUS ENERGY 255471,131.87,utilities,simulated_bank_transactions_uk
2023-01-26,Subscription Disney+ 641916,17.07,subscriptions,simulated_bank_transactions_uk
2023-03-29,Sto/Card/Payment/Uber/Eats/Restaurant 851941,46.43,dining,simulated_bank_transactions_uk
2023-11-16,card/payment/morrisons/vegetables,23.83,groceries,simulated_bank_transactions_uk
2024-06-17,Transport-Shell-Fuel 460969,118.29,transportation,simulated_bank_transactions_uk
2024-03-24,sto*card*payment*uber*eats*fast*food 8574,73.0,dining,simulated_bank_transactions_uk
2024-12-28,Bacs Rent Rent 217174,1020.37,housing,simulated_bank_transactions_uk
2024-10-25,Contactless Aldi Milk 189744,127.83,groceries,simulated_bank_transactions_uk
2023-09-07,CONTACTLESS SAINSBURYS VEGETABLES,120.61,groceries,simulated_bank_transactions_uk
2024-03-12,Card Payment Google *services 836309,16.58,subscriptions,simulated_bank_transactions_uk
2024-10-06,VISA RESTAURANT DELIVEROO RESTAURANT 264592,120.27,dining,simulated_bank_transactions_uk
2023-01-30,Direct Debit O2 122,125.07,utilities,simulated_bank_transactions_uk
2023-01-05,Bacs Mortgage Rent 116482,1201.37,housing,simulated_bank_transactions_uk
2023-03-06,rent*pmt*rent 57978,1653.26,housing,simulated_bank_transactions_uk
2024-01-10,DIRECT DEBIT SUBSCRIPTION DISNEY+ 283795,23.79,subscriptions,simulated_bank_transactions_uk
2023-09-26,TRANSPORT NATIONAL RAIL TRAIN TICKET 798273,70.26,transportation,simulated_bank_transactions_uk
2024-09-03,Bacs Letting Agent Rent 580606,1494.75,housing,simulated_bank_transactions_uk
2023-04-27,RESTAURANT NANDO'S FOOD DELIVERY 16208,60.7,dining,simulated_bank_transactions_uk
2024-09-24,TRANSPORT UBER BUS PASS,127.29,transportation,simulated_bank_transactions_uk
2024-11-19,Fps Bill Payment British Gas 414474,159.84,utilities,simulated_bank_transactions_uk
2023-07-07,So Bill Pmt Octopus Energy 229596,97.18,utilities,simulated_bank_transactions_uk
2024-03-04,CONTACTLESS TRANSPORT BOLT TRAIN TICKET 6,78.09,transportation,simulated_bank_transactions_uk
2024-05-13,Direct Debit Subscription Puregym,19.81,subscriptions,simulated_bank_transactions_uk
2023-05-24,Bacs Letting Agent Rent 604171,1285.5,housing,simulated_bank_transactions_uk
2024-01-03,DIRECT DEBIT SKY 9,166.27,utilities,simulated_bank_transactions_uk
2024-01-29,CARD PAYMENT WAITROSE RICE 744793,23.07,groceries,simulated_bank_transactions_uk
2024-05-18,Direct Debit Disney+,19.32,subscriptions,simulated_bank_transactions_uk
2024-05-15,Food Delivery Kfc Food Delivery 5,126.46,dining,simulated_bank_transactions_uk
2023-08-14,bill payment o2,205.09,utilities,simulated_bank_transactions_uk
2024-07-04,FPS FUEL SHELL UBER RIDE 81685,43.4,transportation,simulated_bank_transactions_uk
2024-08-02,Transport Bolt Train Ticket 308410,117.77,transportation,simulated_bank_transactions_uk
2023-04-27,Mortgage/Pmt/Landlord 915141,758.5,housing,simulated_bank_transactions_uk
2023-02-12,Card Pmt Shell Bus Pass 556919,82.68,transportation,simulated_bank_transactions_uk
2024-03-11,Pos-Purchase-Nhs-Misc-Expense 390967,83.31,other,simulated_bank_transactions_uk
2023-09-11,Pos Tesco Vegetables 562320,125.02,groceries,simulated_bank_transactions_uk
2023-12-23,MASTERCARD/FUEL/NATIONAL/RAIL/UBER/RIDE 388629,69.11,transportation,simulated_bank_transactions_uk
2023-05-01,ONLINE PURCHASE AMAZON ONLINE PURCHASE,67.54,other,simulated_bank_transactions_uk
2024-08-25,Card Pmt Ebay Online Purchase,33.85,other,simulated_bank_transactions_uk
2024-03-14,BACS LETTING AGENT RENT,1454.37,housing,simulated_bank_transactions_uk
2023-03-02,UTILITY BILL E.ON 711943,208.98,utilities,simulated_bank_transactions_uk
2023-06-22,SUBSCRIPTION APPLE.COM/BILL 638692,25.89,subscriptions,simulated_bank_transactions_uk
2023-10-01,So Card Payment Uber Bus Pass,45.53,transportation,simulated_bank_transactions_uk
2024-02-26,Card Pmt Hmrc Online Purchase,22.93,other,simulated_bank_transactions_uk
2023-05-10,contactless-asda-eggs 468220,130.46,groceries,simulated_bank_transactions_uk
2023-09-11,rent pmt rent 764364,1595.95,housing,simulated_bank_transactions_uk
2024-08-14,sto-online-purchase-hmrc-misc-expense 910666,74.95,other,simulated_bank_transactions_uk
2023-03-19,Bacs/Rent/Pmt/Letting/Agent 745747,1125.24,housing,simulated_bank_transactions_uk
2024-12-12,RENT PAYMENT LANDLORD,1649.72,housing,simulated_bank_transactions_uk
2023-12-02,VISA*CARD*PMT*BOLT*FUEL 699260,142.69,transportation,simulated_bank_transactions_uk
2023-04-06,Subscription-Gym-Group 70966,34.65,subscriptions,simulated_bank_transactions_uk
2023-03-06,Bacs Letting Agent Rent 728968,1576.2,housing,simulated_bank_transactions_uk
2024-03-15,ONLINE-PURCHASE-SUPERDRUG-MISC-EXPENSE 727959,35.02,other,simulated_bank_transactions_uk
2023-11-27,Card Pmt Argos Online Purchase 306831,75.72,other,simulated_bank_transactions_uk
2024-08-14,ONLINE/PURCHASE/EBAY/MISC/EXPENSE 915822,52.65,other,simulated_bank_transactions_uk
2023-02-19,Bill-Pmt-Sky,226.71,utilities,simulated_bank_transactions_uk
2024-04-15,Card/Pmt/Aldi/Milk 232854,95.05,groceries,simulated_bank_transactions_uk
2023-06-11,CARD PMT SAINSBURYS MILK 327708,139.63,groceries,simulated_bank_transactions_uk
2024-03-14,CONTACTLESS RESTAURANT MCDONALDS FAST FOOD 899435,3.1,dining,simulated_bank_transactions_uk
2023-10-08,mastercard bill payment scottishpower 20719,96.41,utilities,simulated_bank_transactions_uk
2023-03-26,so pos morrisons vegeta,55.98,groceries,simulated_bank_transactions_uk
2024-10-02,TRANSPORT TFL TRAIN TICKET 369,10.61,transportation,simulated_bank_transactions_uk
2023-04-04,Fuel Bolt Train Ticket 530435,66.1,transportation,simulated_bank_transactions_uk
2023-05-16,Bacs Rent Rent 791645,1267.53,housing,simulated_bank_transactions_uk
2023-01-09,subscription spotify,20.58,subscriptions,simulated_bank_transactions_uk
2024-03-08,pos mortgage pmt letting agent 489533,1983.42,housing,simulated_bank_transactions_uk
2023-04-02,mortgage-pmt-landlord 404472,920.53,housing,simulated_bank_transactions_uk
2023-11-03,BACS BACS LETTING AGENT RENT 73990,1114.59,housing,simulated_bank_transactions_uk
2023-05-17,Fps Utility Bill O2 710381,195.69,utilities,simulated_bank_transactions_uk
2024-09-16,Mortgage Pmt Landlord,1388.61,housing,simulated_bank_transactions_uk
2024-10-05,BACS RENT PMT LETTING AGENT,1611.4,housing,simulated_bank_transactions_uk
2024-03-29,Bacs Letting Agent Rent,1462.51,housing,simulated_bank_transactions_uk
2023-04-13,fps pos purchase argos online purchase 105441,15.74,other,simulated_bank_transactions_uk
2024-03-15,bill payment octopus energy 653179,114.49,utilities,simulated_bank_transactions_uk
2024-10-22,FUEL TRAINLINE TRAIN TICKET 275375,39.42,transportation,simulated_bank_transactions_uk
2024-09-06,POS TESCO BREAD,84.35,groceries,simulated_bank_transactions_uk
2024-11-05,Rent/Payment/Rent 142021,1566.67,housing,simulated_bank_transactions_uk
2024-06-05,card payment bp train ticket 493640,79.11,transportation,simulated_bank_transactions_uk
2023-09-03,utility bill e.on 370899,42.01,utilities,simulated_bank_transactions_uk
2024-05-26,VISA RESTAURANT GREGGS FAST FOOD,19.57,dining,simulated_bank_transactions_uk
2024-01-05,Mortgage Payment Letting Agent 257092,1968.78,housing,simulated_bank_transactions_uk
2024-08-05,FUEL-BOLT-TRAIN-TICKET 565570,59.87,transportation,simulated_bank_transactions_uk
2023-06-26,Food*Delivery*Deliveroo*Fast*Food 332889,83.31,dining,simulated_bank_transactions_uk
2023-03-16,POS PURCHASE HMRC MISC EXPENSE 528191,143.3,other,simulated_bank_transactions_uk
2023-09-26,pos waitrose chicken,12.93,groceries,simulated_bank_transactions_uk
2024-02-12,DIRECT DEBIT EE,238.71,utilities,simulated_bank_transactions_uk
2024-03-01,CARD PAYMENT SPOTIFY 448852,22.54,subscriptions,simulated_bank_transactions_uk
2024-10-17,FOOD DELIVERY NANDO'S FOOD DELIVERY 435439,62.13,dining,simulated_bank_transactions_uk
2023-11-14,Card Payment Puregym 524452,14.71,subscriptions,simulated_bank_transactions_uk
2023-06-09,Card/Pmt/Iceland/Chicken 155920,138.38,groceries,simulated_bank_transactions_uk
2024-10-27,Direct/Debit/Apple.com/bill,27.2,subscriptions,simulated_bank_transactions_uk
2023-09-02,Bacs Letting Agent Ren,1212.48,housing,simulated_bank_transactions_uk
2024-03-20,card pmt aldi bread 168099,15.67,groceries,simulated_bank_transactions_uk
2023-02-26,CARD PMT TESCO RICE,93.01,groceries,simulated_bank_transactions_uk
2024-12-25,TRANSPORT*TFL*TRAIN*TICKET,20.56,transportation,simulated_bank_transactions_uk
2024-06-19,Sto Bill Payment Octopus Energy 870250,239.66,utilities,simulated_bank_transactions_uk
2023-10-03,Mastercard*Direct*Debit*Apple.com/bill,18.02,subscriptions,simulated_bank_transactions_uk
2024-03-15,Pos Rent Payment Mortgage,641.1,housing,simulated_bank_transactions_uk
2024-08-13,fuel shell uber ride,41.65,transportation,simulated_bank_transactions_uk
2023-02-26,Mortgage Pmt Landlord,1315.09,housing,simulated_bank_transactions_uk
2023-06-11,food delivery pret food delivery,27.53,dining,simulated_bank_transactions_uk
2024-11-21,fuel trainline uber ride 963515,134.46,transportation,simulated_bank_transactions_uk
2023-02-15,Card Rent Pmt Rent,1312.35,housing,simulated_bank_transactions_uk
2024-04-28,Card Pmt Hmrc Online Purchase 434021,38.95,other,simulated_bank_transactions_uk
2023-07-03,Fuel Shell Fuel 5,138.27,transportation,simulated_bank_transactions_uk
2024-11-02,Pos*Purchase*Superdrug*Online*Purchase,84.27,other,simulated_bank_transactions_uk
2024-03-02,CARD/PMT/STARBUCKS/RESTAURANT,50.3,dining,simulated_bank_transactions_uk
2024-01-17,MORTGAGE-PMT-LETTING-AGENT,709.04,housing,simulated_bank_transactions_uk
2023-02-23,card payment morrisons chicken 22741,101.98,groceries,simulated_bank_transactions_uk
2024-02-15,Utility/Bill/Ee 649024,245.91,utilities,simulated_bank_transactions_uk
2023-11-15,POS ALDI RICE 552380,130.31,groceries,simulated_bank_transactions_uk
2023-01-09,POS FUEL ESSO UBER RIDE,84.3,transportation,simulated_bank_transactions_uk
2023-11-08,CARD-PAYMENT-ESSO-TRAIN-TICKET,45.86,transportation,simulated_bank_transactions_uk
2024-05-20,CONTACTLESS MORTGAGE PAYMENT LANDLORD 612218,1428.37,housing,simulated_bank_transactions_uk
2024-07-13,Card Payment Nhs Online Purchase 223526,110.67,other,simulated_bank_transactions_uk
2024-02-24,SO/ONLINE/PURCHASE/HMRC/ONLINE/PURCHASE 372512,25.13,other,simulated_bank_transactions_uk
2024-10-13,pos tesco bread 139661,82.61,groceries,simulated_bank_transactions_uk
2023-01-02,online purchase amazon online purchase,142.8,other,simulated_bank_transactions_uk
2023-11-11,mastercard online purchase superdrug misc expense 876355,127.8,other,simulated_bank_transactions_uk
2023-09-01,CARD PMT WAITROSE BREAD,80.88,groceries,simulated_bank_transactions_uk
2023-05-26,card pmt starbucks fast food 968681,144.29,dining,simulated_bank_transactions_uk
2024-06-16,POS RENT PAYMENT MORTGAGE 490824,1889.78,housing,simulated_bank_transactions_uk
2024-04-14,Card Pmt Deliveroo Food Delivery 887925,134.65,dining,simulated_bank_transactions_uk
2024-10-14,CONTACTLESS-RENT-PMT-LANDLORD 696350,1307.6,housing,simulated_bank_transactions_uk
2024-08-04,ONLINE PURCHASE AMAZON MISC EXPENSE 931472,14.0,other,simulated_bank_transactions_uk
2023-05-14,contactless aldi rice,100.38,groceries,simulated_bank_transactions_uk
2024-02-07,Bill Pmt Octopus Energy 46976,99.3,utilities,simulated_bank_transactions_uk
2023-03-18,Visa Mortgage Payment Mortgage,980.74,housing,simulated_bank_transactions_uk
2023-06-09,BILL PAYMENT BT,158.64,utilities,simulated_bank_transactions_uk
2023-11-18,POS LIDL BREAD 127460,69.09,groceries,simulated_bank_transactions_uk
2023-08-01,Food Delivery Starbucks Restaurant 386306,81.78,dining,simulated_bank_transactions_uk
2023-05-03,restaurant deliveroo fast food,71.11,dining,simulated_bank_transactions_uk
2023-11-08,so card pmt asda bread 720571,121.72,groceries,simulated_bank_transactions_uk
2023-12-02,online purchase nhs online purchase 156825,34.61,other,simulated_bank_transactions_uk
2024-02-10,BILL PAYMENT SKY,243.05,utilities,simulated_bank_transactions_uk
2023-06-28,Direct Debit Gym Group 615012,14.11,subscriptions,simulated_bank_transactions_uk
2024-07-23,Card*Pos*Tesco*Rice,128.63,groceries,simulated_bank_transactions_uk
2023-05-24,BACS MORTGAGE RENT,742.67,housing,simulated_bank_transactions_uk
2023-08-16,POS ASDA MILK 123346,12.07,groceries,simulated_bank_transactions_uk
2024-10-07,Bill Pmt Sky 511365,111.89,utilities,simulated_bank_transactions_uk
2023-03-18,BACS/LETTING/AGENT/RENT 17656,962.35,housing,simulated_bank_transactions_uk
2024-10-23,POS/LIDL/MILK 808111,32.07,groceries,simulated_bank_transactions_uk
2023-12-06,Card Restaurant Deliveroo Restaurant 21581,16.52,dining,simulated_bank_transactions_uk
2023-02-21,Pos Lidl Milk 889803,141.52,groceries,simulated_bank_transactions_uk
2023-01-31,bacs bill pmt vodafone 712634,116.9,utilities,simulated_bank_transactions_uk
2023-12-29,card payment deliveroo food delivery 680792,65.72,dining,simulated_bank_transactions_uk
2023-06-02,Direct Debit O2 170170,128.12,utilities,simulated_bank_transactions_uk
2023-09-09,card pmt lidl chicken 967509,94.02,groceries,simulated_bank_transactions_uk
2024-05-05,rent pmt mortgage,1835.89,housing,simulated_bank_transactions_uk
2023-05-21,CARD PAYMENT WAITROSE MILK 136367,44.13,groceries,simulated_bank_transactions_uk
2024-06-22,Bacs Food Delivery Mcdonalds Restaurant 5848,97.47,dining,simulated_bank_transactions_uk
2024-01-03,BILL PMT SEVERN TRENT 8,202.02,utilities,simulated_bank_transactions_uk
2023-12-19,pos food delivery nando's food delivery,117.87,dining,simulated_bank_transactions_uk
2023-01-27,Subscription Apple.com/bill 883478,14.47,subscriptions,simulated_bank_transactions_uk
2023-10-15,FUEL TRAINLINE TRAIN TICKET,7.31,transportation,simulated_bank_transactions_uk
2024-08-21,Contactless Asda Rice,80.83,groceries,simulated_bank_transactions_uk
2023-09-30,pos bill payment severn trent,174.51,utilities,simulated_bank_transactions_uk
2023-08-13,DIRECT DEBIT PUREGYM,39.87,subscriptions,simulated_bank_transactions_uk
2023-06-27,SUBSCRIPTION AMAZON PRIME,34.37,subscriptions,simulated_bank_transactions_uk
2024-12-15,utility bill ee,207.37,utilities,simulated_bank_transactions_uk
2023-12-27,Transport Trainline Uber Ride 39895,106.41,transportation,simulated_bank_transactions_uk
2024-05-19,Card Payment Disney+,38.19,subscriptions,simulated_bank_transactions_uk
2023-02-27,direct-debit-gym-group,6.33,subscriptions,simulated_bank_transactions_uk
2023-12-06,UTILITY BILL E.ON,135.16,utilities,simulated_bank_transactions_uk
2023-07-01,Card-Pmt-Google-*services 754800,16.93,subscriptions,simulated_bank_transactions_uk
2023-06-01,so online purchase argos misc expense,11.75,other,simulated_bank_transactions_uk
2024-06-22,Contactless Card Pmt Netflix 63857,32.1,subscriptions,simulated_bank_transactions_uk
2024-01-18,mastercard online purchase boots misc expense 356446,144.2,other,simulated_bank_transactions_uk
2023-11-27,Mortgage Pmt Landlord 750051,1071.19,housing,simulated_bank_transactions_uk
2024-10-16,DIRECT DEBIT SCOTTISHPOWER 154672,126.11,utilities,simulated_bank_transactions_uk
2024-12-25,card card payment starbucks food delivery 552818,49.64,dining,simulated_bank_transactions_uk
2024-01-01,Direct Debit Gym Group,26.48,subscriptions,simulated_bank_transactions_uk
2023-10-29,direct debit vodafone,191.48,utilities,simulated_bank_transactions_uk
2024-08-09,DIRECT-DEBIT-EE,238.73,utilities,simulated_bank_transactions_uk
2024-09-08,CARD PAYMENT STARBUCKS FOOD DELIVERY 320736,7.76,dining,simulated_bank_transactions_uk
2023-04-17,CARD CARD PMT BOLT TRAIN TICKET 938692,97.03,transportation,simulated_bank_transactions_uk
2023-03-21,card-payment-greggs-restaurant 47852,51.68,dining,simulated_bank_transactions_uk
2023-04-01,Bill Pmt Bt,66.94,utilities,simulated_bank_transactions_uk
2023-09-29,Online-Purchase-Argos-Misc-Expense 656119,68.65,other,simulated_bank_transactions_uk
2023-04-21,bill*payment*vodafone,107.11,utilities,simulated_bank_transactions_uk
2024-03-05,Bacs Landlord Rent 130794,1213.51,housing,simulated_bank_transactions_uk
2024-07-13,direct debit octopus energy 20570,113.32,utilities,simulated_bank_transactions_uk
2024-08-14,CARD PAYMENT JUST EAT RESTAURANT,124.83,dining,simulated_bank_transactions_uk
2023-02-04,BACS RENT RENT 459245,703.19,housing,simulated_bank_transactions_uk
2023-04-18,FUEL TFL UBER RIDE 300212,49.85,transportation,simulated_bank_transactions_uk
2024-01-20,pos-aldi-eggs 748949,28.01,groceries,simulated_bank_transactions_uk
2023-04-06,DIRECT DEBIT DIRECT DEBIT VODAF,227.59,utilities,simulated_bank_transactions_uk
2024-03-17,CARD*PMT*UBER*FUEL 31310,106.56,transportation,simulated_bank_transactions_uk
2023-02-24,rent/pmt/landlord 427504,1207.88,housing,simulated_bank_transactions_uk
2023-07-14,POS*LIDL*EGGS,33.22,groceries,simulated_bank_transactions_uk
2024-07-07,Card Pmt Pret Food Delivery 64098,84.45,dining,simulated_bank_transactions_uk
2023-04-09,card pmt esso bus pass 614583,46.72,transportation,simulated_bank_transactions_uk
2024-05-17,pos*aldi*rice 871840,87.05,groceries,simulated_bank_transactions_uk
2023-10-29,So-Bill-Pmt-Ee 790256,124.07,utilities,simulated_bank_transactions_uk
2023-01-27,card pmt boots misc expense 726452,32.35,other,simulated_bank_transactions_uk
2024-04-29,Visa Utility Bill British Gas,244.95,utilities,simulated_bank_transactions_uk
2024-02-12,Online Purchase Hmrc Online Purchase,48.33,other,simulated_bank_transactions_uk
2023-09-29,Food Delivery Deliveroo Fast Food 186793,134.55,dining,simulated_bank_transactions_uk
2023-07-09,POS TESCO VEGETABLES,82.99,groceries,simulated_bank_transactions_uk
2024-04-01,Transport Shell Fuel 518795,57.3,transportation,simulated_bank_transactions_uk
2023-09-27,Card/Pmt/Tesco/Eggs,67.64,groceries,simulated_bank_transactions_uk
2024-12-14,Pos Bill Pmt Octopus Energy 593592,63.25,utilities,simulated_bank_transactions_uk
2024-07-08,Sto Bacs Landlord Rent,1081.31,housing,simulated_bank_transactions_uk
2023-03-04,Food*Delivery*Pret*Food*Delivery 989884,36.44,dining,simulated_bank_transactions_uk
2024-03-04,Pos Purchase Superdrug Misc Expense,123.31,other,simulated_bank_transactions_uk
2023-08-30,subscription*amazon*prime 86782,21.62,subscriptions,simulated_bank_transactions_uk
2023-02-05,food/delivery/pret/fast/food 346217,14.61,dining,simulated_bank_transactions_uk
2024-11-24,SUBSCRIPTION SPOTIFY,33.02,subscriptions,simulated_bank_transactions_uk
2023-06-27,Direct Debit Subscription Amazon Prime 249243,31.5,subscriptions,simulated_bank_transactions_uk
2024-03-09,Utility Bill Bt 64634,57.76,utilities,simulated_bank_transactions_uk
2024-10-04,CARD PAYMENT MORRISONS VEGETABLES 641405,67.0,groceries,simulated_bank_transactions_uk
2023-03-10,DIRECT DEBIT OCTOPUS ENERGY 789490,189.96,utilities,simulated_bank_transactions_uk
2024-07-19,card pmt tesco rice 683540,84.79,groceries,simulated_bank_transactions_uk
2023-01-13,CARD PMT TFL BUS PASS 882621,79.39,transportation,simulated_bank_transactions_uk
2023-06-03,online purchase argos misc expense 145360,19.54,other,simulated_bank_transactions_uk
2023-04-14,direct debit british gas 613018,153.79,utilities,simulated_bank_transactions_uk
2023-12-19,card pmt argos misc expense 615926,130.52,other,simulated_bank_transactions_uk
2024-05-12,Card Payment Mcdonalds Fast Food 205899,59.31,dining,simulated_bank_transactions_uk
2024-02-17,Fps Subscription Amazon Prime 348231,11.03,subscriptions,simulated_bank_transactions_uk
2023-12-06,BILL PMT BT,225.71,utilities,simulated_bank_transactions_uk
2023-10-03,rent*payment*landlord,1265.31,housing,simulated_bank_transactions_uk
2023-11-07,Card Fuel Shell Uber Ride 32475,52.67,transportation,simulated_bank_transactions_uk
2024-12-13,Sto Card Pmt National Rail Bus Pass,126.9,transportation,simulated_bank_transactions_uk
2023-11-04,Rent/Payment/Letting/Agent 23536,919.14,housing,simulated_bank_transactions_uk
2024-03-02,RENT PAYMENT LETTING AGENT,1049.22,housing,simulated_bank_transactions_uk
2024-02-21,Direct Debit Direct Debit Amazon Prime,20.46,subscriptions,simulated_bank_transactions_uk
2023-02-27,Card*Bacs*Mortgage*Rent 334396,1814.06,housing,simulated_bank_transactions_uk
2024-02-18,SUBSCRIPTION/AMAZON/PRIME 835259,29.83,subscriptions,simulated_bank_transactions_uk
2023-07-25,Mastercard Utility Bill E.on 176566,222.54,utilities,simulated_bank_transactions_uk
2024-04-12,direct debit pos purchase superdrug online purchase,39.68,other,simulated_bank_transactions_uk
2023-10-08,pos/contactless/morrisons/eggs 932878,106.58,groceries,simulated_bank_transactions_uk
2024-10-12,CARD*PMT*NATIONAL*RAIL*FUEL 242358,77.25,transportation,simulated_bank_transactions_uk
2024-01-17,contactless iceland vegetables,7.49,groceries,simulated_bank_transactions_uk
2024-04-30,CARD PAYMENT STARBUCKS FOOD DELIVERY 527138,68.58,dining,simulated_bank_transactions_uk
2023-09-22,mastercard direct debit spotify 708901,10.72,subscriptions,simulated_bank_transactions_uk
2023-06-16,Sto Bacs Letting Agent Rent,1141.19,housing,simulated_bank_transactions_uk
2024-10-24,card pmt boots online purchase,129.0,other,simulated_bank_transactions_uk
2023-01-21,Direct Debit Sky,120.09,utilities,simulated_bank_transactions_uk
2023-05-16,Pos Purchase Currys Online Purchase,72.69,other,simulated_bank_transactions_uk
2023-09-16,Mortgage Payment Rent 895376,611.85,housing,simulated_bank_transactions_uk
2023-10-09,Subscription Google *services 372890,29.83,subscriptions,simulated_bank_transactions_uk
2024-04-15,Restaurant Starbucks Fast Food 34773,128.18,dining,simulated_bank_transactions_uk
2024-11-24,CARD PMT NATIONAL RAIL TRAIN TICKET 198487,71.6,transportation,simulated_bank_transactions_uk
2024-06-07,card/pmt/google/*services 723494,8.58,subscriptions,simulated_bank_transactions_uk
2023-10-17,BACS RENT PAYMENT RENT 387559,1431.28,housing,simulated_bank_transactions_uk
2023-12-11,Card*Pmt*National*Rail*Uber*Ride 73103,73.82,transportation,simulated_bank_transactions_uk
2023-09-25,Transport Uber Bus Pass 604027,129.64,transportation,simulated_bank_transactions_uk
2023-09-04,BACS LANDLORD RENT,1324.21,housing,simulated_bank_transactions_uk
2023-11-24,Contactless Lidl Chicken 774105,62.4,groceries,simulated_bank_transactions_uk
2023-10-30,Mortgage Pmt Mortgage 189301,1517.56,housing,simulated_bank_transactions_uk
2023-02-06,CARD PMT BP FUE,62.48,transportation,simulated_bank_transactions_uk
2023-12-18,DIRECT DEBIT DISNEY+,33.56,subscriptions,simulated_bank_transactions_uk
2024-05-02,BACS-MORTGAGE-RENT 173846,1493.64,housing,simulated_bank_transactions_uk
2024-11-04,fps mortgage payment rent,1783.59,housing,simulated_bank_transactions_uk
2023-09-22,DIRECT DEBIT NETFLIX,21.48,subscriptions,simulated_bank_transactions_uk
2024-11-01,Contactless Bacs Landlord Rent 186846,1859.43,housing,simulated_bank_transactions_uk
2023-11-11,POS*MORRISONS*BREAD 228197,55.23,groceries,simulated_bank_transactions_uk
2024-08-22,Card Pmt Just Eat Fast Food 752210,57.64,dining,simulated_bank_transactions_uk
2024-04-26,card*pmt*trainline*fuel,128.13,transportation,simulated_bank_transactions_uk
2024-09-27,BACS/POS/WAITROSE/VEGETABLES 67240,88.79,groceries,simulated_bank_transactions_uk
2024-05-27,CONTACTLESS SAINSBURYS RICE,133.75,groceries,simulated_bank_transactions_uk
2023-11-02,contactless lidl vegetables 112028,59.11,groceries,simulated_bank_transactions_uk
2023-06-04,CARD/PMT/MCDONALDS/RESTAURANT 855678,131.01,dining,simulated_bank_transactions_uk
2024-04-13,pos bill payment bt 107759,247.18,utilities,simulated_bank_transactions_uk
2023-03-24,direct debit bt 711830,69.68,utilities,simulated_bank_transactions_uk
2023-07-01,Restaurant*Mcdonalds*Fast*Food 19506,95.76,dining,simulated_bank_transactions_uk
2023-10-08,Card Payment Esso Uber Ride 941341,3.69,transportation,simulated_bank_transactions_uk
2023-04-01,Utility-Bill-Scottishpower 212824,64.86,utilities,simulated_bank_transactions_uk
2024-05-03,Sto Utility Bill Scottishpower,118.75,utilities,simulated_bank_transactions_uk
2023-07-24,Food Delivery Costa Restaurant 25844,8.55,dining,simulated_bank_transactions_uk
2024-06-27,Visa Mortgage Payment Letting Agent 721738,1848.81,housing,simulated_bank_transactions_uk
2023-09-12,UTILITY BILL SCOTTISHPOWER 516,167.87,utilities,simulated_bank_transactions_uk
2024-05-30,UTILITY/BILL/BRITISH/GAS 82961,52.6,utilities,simulated_bank_transactions_uk
2023-11-02,DIRECT/DEBIT/PUREGYM 605422,33.83,subscriptions,simulated_bank_transactions_uk
2024-09-02,direct*debit*card*pmt*uber*fuel 639996,109.99,transportation,simulated_bank_transactions_uk
2023-05-18,direct-debit-disney+ 161221,29.04,subscriptions,simulated_bank_transactions_uk
2023-07-12,card pmt national rail fuel 76434,55.81,transportation,simulated_bank_transactions_uk
2023-05-15,DIRECT DEBIT O2,79.35,utilities,simulated_bank_transactions_uk
2024-01-11,bill pmt vodafone 6178,67.18,utilities,simulated_bank_transactions_uk
2024-07-01,Bacs Mortgage Payment Rent,1496.45,housing,simulated_bank_transactions_uk
2023-04-21,Card Pmt Puregym,6.68,subscriptions,simulated_bank_transactions_uk
2024-03-30,Mortgage*Payment*Rent,762.11,housing,simulated_bank_transactions_uk
2024-04-30,Mastercard Food Delivery Kfc Restaurant 615633,83.45,dining,simulated_bank_transactions_uk
2023-01-10,BACS RENT RENT 525966,1560.04,housing,simulated_bank_transactions_uk
2024-11-09,Fuel Bp Fuel,100.26,transportation,simulated_bank_transactions_uk
2024-03-04,Subscription Google *services 177578,29.53,subscriptions,simulated_bank_transactions_uk
2024-09-24,card payment amazon online purchase 452883,78.2,other,simulated_bank_transactions_uk
2023-04-19,card/pos/waitrose/eggs 62847,19.76,groceries,simulated_bank_transactions_uk
2023-09-27,Restaurant/Kfc/Restaurant 90870,92.52,dining,simulated_bank_transactions_uk
2024-02-24,pos card pmt boots online purchase 65022,55.61,other,simulated_bank_transactions_uk
2024-05-23,So Fuel Tfl Train Ticket 799347,8.79,transportation,simulated_bank_transactions_uk
2024-11-18,bill pmt o2 331536,30.6,utilities,simulated_bank_transactions_uk
2024-11-16,CONTACTLESS WAITROSE MIL,125.78,groceries,simulated_bank_transactions_uk
2024-06-07,Mastercard/Food/Delivery/Starbucks/Restaurant 649388,142.57,dining,simulated_bank_transactions_uk
2023-09-20,CONTACTLESS ICELAND VEGETABLES,109.37,groceries,simulated_bank_transactions_uk
2023-09-28,RENT PMT LETTING AGENT,1968.21,housing,simulated_bank_transactions_uk
2023-06-28,Restaurant Costa Restaurant,17.67,dining,simulated_bank_transactions_uk
2024-01-04,Online Purchase Currys Online Pur,128.28,other,simulated_bank_transactions_uk
2023-04-29,Fps Pos Purchase Ebay Misc Expense 256177,65.62,other,simulated_bank_transactions_uk
2023-05-22,POS SAINSBURYS MILK 403118,4.42,groceries,simulated_bank_transactions_uk
2024-09-28,Bacs Landlord Rent 968559,1852.34,housing,simulated_bank_transactions_uk
2023-12-17,Transport Esso Uber Ride 676268,57.78,transportation,simulated_bank_transactions_uk
2023-10-06,UTILITY BILL VODAFONE 357765,241.71,utilities,simulated_bank_transactions_uk
2024-05-04,ONLINE*PURCHASE*CURRYS*MISC*EXPENSE 2760,104.42,other,simulated_bank_transactions_uk
2023-06-20,pos purchase currys misc expense,98.38,other,simulated_bank_transactions_uk
2023-03-02,fps pos lidl bread 230537,105.34,groceries,simulated_bank_transactions_uk
2024-08-27,visa card pmt nhs online purchase 889845,18.25,other,simulated_bank_transactions_uk
2023-07-05,Food Delivery Deliveroo Food Delivery,102.72,dining,simulated_bank_transactions_uk
2024-12-01,CARD PAYMENT AMAZON PRIME 512185,26.4,subscriptions,simulated_bank_transactions_uk
2024-05-14,online*purchase*boots*online*purchase,74.01,other,simulated_bank_transactions_uk
2023-03-06,Pos Morrisons Rice 103046,67.78,groceries,simulated_bank_transactions_uk
2024-11-25,FUEL*TFL*BUS*PASS 152857,4.82,transportation,simulated_bank_transactions_uk
2024-11-16,Card/Payment/Amazon/Prime 448858,24.78,subscriptions,simulated_bank_transactions_uk
2024-12-05,card payment argos misc expense 541472,79.31,other,simulated_bank_transactions_uk
2024-05-08,MASTERCARD RENT PMT MORTGAGE 181865,1617.31,housing,simulated_bank_transactions_uk
2024-07-25,Fuel Bp Fuel 685925,24.85,transportation,simulated_bank_transactions_uk
2024-06-01,Fps Subscription Netflix 616357,37.7,subscriptions,simulated_bank_transactions_uk
2023-06-19,POS PURCHASE NHS MISC EXPENSE 455721,128.23,other,simulated_bank_transactions_uk
2023-12-05,SO POS ASDA RICE 584071,50.13,groceries,simulated_bank_transactions_uk
2024-07-17,TRANSPORT ESSO UBER RIDE 904876,77.52,transportation,simulated_bank_transactions_uk
2024-04-15,RENT/PMT/LANDLORD 93086,929.0,housing,simulated_bank_transactions_uk
2024-05-25,card payment pret food delivery 992143,68.87,dining,simulated_bank_transactions_uk
2024-05-24,restaurant kfc fast food 467532,20.45,dining,simulated_bank_transactions_uk
2024-07-24,Bacs Mortgage Rent 221032,1177.27,housing,simulated_bank_transactions_uk
2024-09-25,Contactless/Subscription/Netflix 227534,32.71,subscriptions,simulated_bank_transactions_uk
2024-11-01,CONTACTLESS RENT PMT LETTING AGENT 479221,1387.27,housing,simulated_bank_transactions_uk
2023-02-25,BACS-LETTING-AGENT-RENT,1108.68,housing,simulated_bank_transactions_uk
2023-12-06,Online Purchase Currys Online Purchase 862476,127.11,other,simulated_bank_transactions_uk
2024-01-08,DIRECT DEBIT GYM GROUP,30.08,subscriptions,simulated_bank_transactions_uk
2023-08-16,MORTGAGE PMT RENT 103704,1663.05,housing,simulated_bank_transactions_uk
2024-10-10,CARD PAYMENT LIDL EGGS,55.21,groceries,simulated_bank_transactions_uk
2024-01-18,Card Pmt Nhs Misc Expense 94,83.51,other,simulated_bank_transactions_uk
2023-05-24,Rent Pmt Mortgage 925866,829.82,housing,simulated_bank_transactions_uk
2024-09-17,Online Purchase Nhs Misc Expense 150600,18.72,other,simulated_bank_transactions_uk
2023-08-09,DIRECT DEBIT THAMES WATER,217.48,utilities,simulated_bank_transactions_uk
2023-04-21,restaurant costa restaurant,108.37,dining,simulated_bank_transactions_uk
2024-10-10,online purchase boots misc expense 81418,9.84,other,simulated_bank_transactions_uk
2024-04-06,contactless card payment ebay online purchase,116.51,other,simulated_bank_transactions_uk
2024-05-31,food delivery starbucks food delivery,89.63,dining,simulated_bank_transactions_uk
2024-07-20,Direct Debit Vodafone,191.97,utilities,simulated_bank_transactions_uk
2024-06-04,Food Delivery Kfc Food Delivery,73.99,dining,simulated_bank_transactions_uk
2023-06-27,CARD PAYMENT CURRYS ONLINE PURCHASE 520577,104.7,other,simulated_bank_transactions_uk
2024-09-12,RENT PMT LETTING AGENT,1520.53,housing,simulated_bank_transactions_uk
2024-09-15,CARD PMT BOLT FUEL 968894,64.54,transportation,simulated_bank_transactions_uk
2023-10-29,Visa-Mortgage-Pmt-Rent 367709,1949.03,housing,simulated_bank_transactions_uk
2024-09-08,bacs/restaurant/mcdonalds/restaurant 958464,23.31,dining,simulated_bank_transactions_uk
2023-11-18,bacs bacs landlord rent,1366.93,housing,simulated_bank_transactions_uk
2023-10-25,rent*pmt*letting*agent 927496,1473.83,housing,simulated_bank_transactions_uk
2024-12-28,RENT PAYMENT LANDLORD 34141,785.74,housing,simulated_bank_transactions_uk
2023-11-27,fps mortgage pmt landlord,1572.04,housing,simulated_bank_transactions_uk
2024-08-19,Mastercard-Bacs-Mortgage-Rent 805661,1387.19,housing,simulated_bank_transactions_uk
2024-06-30,card*pmt*netflix 510533,28.6,subscriptions,simulated_bank_transactions_uk
2024-06-19,TRANSPORT BP FUEL,121.82,transportation,simulated_bank_transactions_uk
2023-02-24,Mastercard Contactless Lidl Milk 897398,58.99,groceries,simulated_bank_transactions_uk
2023-06-14,VISA/RENT/PAYMENT/LANDLORD 647412,1650.26,housing,simulated_bank_transactions_uk
2023-03-05,Card Pmt Tfl Bus Pass 447772,24.52,transportation,simulated_bank_transactions_uk
2024-01-03,BACS-MORTGAGE-RENT,1357.64,housing,simulated_bank_transactions_uk
2024-11-22,DIRECT DEBIT CARD PAYMENT AMAZON MISC EXPENSE,18.06,other,simulated_bank_transactions_uk
2023-09-01,mortgage pmt landlord 808889,1385.78,housing,simulated_bank_transactions_uk
2024-01-26,direct debit google *services 290351,28.26,subscriptions,simulated_bank_transactions_uk
2024-12-02,STO CARD PAYMENT STARBUCKS FAST FOOD,143.64,dining,simulated_bank_transactions_uk
2023-09-15,TRANSPORT UBER UBER RIDE 761585,4.91,transportation,simulated_bank_transactions_uk
2024-12-22,pos utility bill scottishpower,230.53,utilities,simulated_bank_transactions_uk
2024-09-09,MORTGAGE PMT LETTING AGENT 550205,1365.26,housing,simulated_bank_transactions_uk
2024-11-30,Direct Debit Ee,69.03,utilities,simulated_bank_transactions_uk
2024-06-10,contactless lidl bread 460008,144.48,groceries,simulated_bank_transactions_uk
2023-10-13,CONTACTLESS/MORRISONS/RICE 621875,8.97,groceries,simulated_bank_transactions_uk
2023-09-19,CARD PMT PUREGYM 180420,25.44,subscriptions,simulated_bank_transactions_uk
2023-06-08,Card/Payment/Lidl/Eggs 830,71.55,groceries,simulated_bank_transactions_uk
2024-09-03,Direct Debit Contactless Lidl Bread 993401,139.51,groceries,simulated_bank_transactions_uk
2024-11-08,Contactless Aldi Vegetables 11913,93.49,groceries,simulated_bank_transactions_uk
2024-07-17,visa fuel uber fuel,119.12,transportation,simulated_bank_transactions_uk
2023-11-22,FUEL TRAINLINE UBER RIDE 217173,118.25,transportation,simulated_bank_transactions_uk
2024-06-01,BACS*DIRECT*DEBIT*AMAZON*PRIME 946991,23.22,subscriptions,simulated_bank_transactions_uk
2023-12-24,CARD DIRECT DEBIT O2,118.75,utilities,simulated_bank_transactions_uk
2023-10-28,Bill Payment British Gas 151,102.83,utilities,simulated_bank_transactions_uk
2024-10-26,SO UTILITY BILL O2 105574,211.21,utilities,simulated_bank_transactions_uk
2024-04-01,Pos/Tesco/Milk,101.33,groceries,simulated_bank_transactions_uk
2023-11-25,UTILITY BILL SKY 859002,180.16,utilities,simulated_bank_transactions_uk
2024-07-07,card payment nando's restaurant 348871,59.72,dining,simulated_bank_transactions_uk
2024-01-19,RENT PMT LANDLORD 312152,1323.61,housing,simulated_bank_transactions_uk
2024-10-29,SUBSCRIPTION GYM GROUP 688199,6.53,subscriptions,simulated_bank_transactions_uk
2023-06-21,Bill-Payment-Sky 646604,238.61,utilities,simulated_bank_transactions_uk
2023-08-04,CARD PAYMENT SUPERDRUG ONLINE PURCHASE 713437,95.16,other,simulated_bank_transactions_uk
2023-04-17,BACS LETTING AGENT RENT 979197,1193.89,housing,simulated_bank_transactions_uk
2024-12-03,DIRECT*DEBIT*OCTOPUS*ENERGY,236.75,utilities,simulated_bank_transactions_uk
2023-03-31,Direct Debit O2 134730,102.98,utilities,simulated_bank_transactions_uk
2023-09-15,card pmt morrisons milk 668527,29.16,groceries,simulated_bank_transactions_uk
2023-09-22,direct debit amazon prime 242292,12.97,subscriptions,simulated_bank_transactions_uk
2024-02-19,Food Delivery Uber Eats Fast Food 92488,69.32,dining,simulated_bank_transactions_uk
2024-11-20,card payment pret fast food 367317,5.48,dining,simulated_bank_transactions_uk
2024-09-25,So Card Pmt Asda Chicken 869034,3.87,groceries,simulated_bank_transactions_uk
2024-12-18,POS ASDA VEGETABLES 736473,89.08,groceries,simulated_bank_transactions_uk
2024-05-29,DIRECT DEBIT POS PURCHASE EBAY ONLINE PURCHASE 854238,55.58,other,simulated_bank_transactions_uk
2023-11-05,Card*Payment*Asda*Eggs,118.67,groceries,simulated_bank_transactions_uk
2024-01-26,Visa/Direct/Debit/Netflix 874128,37.43,subscriptions,simulated_bank_transactions_uk
2023-06-10,food delivery deliveroo food delivery 165417,7.53,dining,simulated_bank_transactions_uk
2024-07-12,CARD PMT SPOTIFY 193616,18.68,subscriptions,simulated_bank_transactions_uk
2024-10-25,Fuel Trainline Train Ticket 58327,46.81,transportation,simulated_bank_transactions_uk
2024-07-22,mastercard transport bp uber ride 252165,84.37,transportation,simulated_bank_transactions_uk
2024-02-08,Visa/Direct/Debit/Ee 34939,156.0,utilities,simulated_bank_transactions_uk
2023-12-19,Card-Payment-Spotify 32,15.66,subscriptions,simulated_bank_transactions_uk
2023-05-26,bill payment thames water 708459,217.32,utilities,simulated_bank_transactions_uk
2023-07-18,Utility*Bill*Vodafone 912015,213.64,utilities,simulated_bank_transactions_uk
2024-08-03,POS ALDI BREAD,101.63,groceries,simulated_bank_transactions_uk
2024-07-16,ONLINE PURCHASE CURRYS ONLINE PURCHASE 765118,128.15,other,simulated_bank_transactions_uk
2023-10-25,restaurant just eat food delivery,83.8,dining,simulated_bank_transactions_uk
2024-08-17,Rent Payment Mortgage 522690,876.38,housing,simulated_bank_transactions_uk
2024-11-18,Card Pmt Pret Fast Food 99685,55.5,dining,simulated_bank_transactions_uk
2023-07-18,sto/mortgage/payment/landlord,1467.32,housing,simulated_bank_transactions_uk
2024-09-23,CARD*PMT*ESSO*FUEL 901730,69.24,transportation,simulated_bank_transactions_uk
2024-08-03,bacs mortgage rent 88546,813.35,housing,simulated_bank_transactions_uk
2023-06-22,Card Payment Esso Bus Pass 862127,143.92,transportation,simulated_bank_transactions_uk
2023-08-15,pos asda eggs 917622,39.19,groceries,simulated_bank_transactions_uk
2024-11-26,mortgage pmt rent 190030,1103.28,housing,simulated_bank_transactions_uk
2024-01-03,MORTGAGE*PAYMENT*MORTGAGE 778293,1247.99,housing,simulated_bank_transactions_uk
2023-04-22,Pos/Purchase/Boots/Misc/Expense 33844,74.58,other,simulated_bank_transactions_uk
2023-05-24,Direct/Debit/Vodafone,218.92,utilities,simulated_bank_transactions_uk
2023-03-20,DIRECT*DEBIT*GYM*GROUP 917220,36.02,subscriptions,simulated_bank_transactions_uk
2024-10-08,BACS MORTGAGE RENT 946439,1789.42,housing,simulated_bank_transactions_uk
2024-08-27,pos aldi chicken 169494,88.1,groceries,simulated_bank_transactions_uk
2024-07-06,bill pmt vodafone 758830,149.56,utilities,simulated_bank_transactions_uk
2024-01-10,Card Pmt Uber Eats Food Delivery,116.95,dining,simulated_bank_transactions_uk
2024-08-26,card*pmt*pret*restaurant 7,134.04,dining,simulated_bank_transactions_uk
2023-04-03,bacs/landlord/rent 573612,1301.57,housing,simulated_bank_transactions_uk
2024-11-09,Restaurant Uber Eats Fast Food 16069,76.82,dining,simulated_bank_transactions_uk
2023-06-13,direct debit severn trent 681433,60.88,utilities,simulated_bank_transactions_uk
2024-01-03,bill pmt vodafone,136.37,utilities,simulated_bank_transactions_uk
2023-08-26,card*pmt*asda*bread 887142,114.94,groceries,simulated_bank_transactions_uk
2023-02-13,Contactless Morrisons Eggs 92876,57.31,groceries,simulated_bank_transactions_uk
2024-02-02,rent payment rent,1708.04,housing,simulated_bank_transactions_uk
2023-02-10,Food Delivery Nando's Fast Food,132.59,dining,simulated_bank_transactions_uk
2024-10-10,Fps Bacs Mortgage Rent,1955.82,housing,simulated_bank_transactions_uk
2023-09-27,card-pmt-hmrc-misc-expense 947521,125.73,other,simulated_bank_transactions_uk
2024-01-23,BACS-CARD-PAYMENT-GYM-GROUP,18.18,subscriptions,simulated_bank_transactions_uk
2024-01-21,Card*Payment*Shell*Uber*Ride 676738,78.95,transportation,simulated_bank_transactions_uk
2024-05-13,Bacs-Utility-Bill-British-Gas 459648,220.9,utilities,simulated_bank_transactions_uk
2023-01-07,Online Purchase Argos Misc Expense 273871,133.41,other,simulated_bank_transactions_uk
2024-06-10,visa direct debit disney+ 30169,13.05,subscriptions,simulated_bank_transactions_uk
2024-01-06,Card Bacs Rent Rent,861.67,housing,simulated_bank_transactions_uk
2024-02-29,DIRECT DEBIT AMAZON PRIME,28.14,subscriptions,simulated_bank_transactions_uk
2024-05-08,Pos Purchase Amazon Misc Expense 109442,108.88,other,simulated_bank_transactions_uk
2024-10-24,Rent*Payment*Rent,1427.11,housing,simulated_bank_transactions_uk
2023-02-14,POS PURCHASE CURRYS MISC EXPENSE 441304,6.3,other,simulated_bank_transactions_uk
2024-08-09,UTILITY/BILL/SEVERN/TRENT 662875,142.78,utilities,simulated_bank_transactions_uk
2024-06-13,direct debit british gas 167082,232.94,utilities,simulated_bank_transactions_uk
2024-10-14,card payment greggs food delivery,145.48,dining,simulated_bank_transactions_uk
2023-10-18,CARD POS WAITROSE VEGETABLES,110.01,groceries,simulated_bank_transactions_uk
2024-04-27,pos*iceland*bread 993315,69.03,groceries,simulated_bank_transactions_uk
2024-02-25,Contactless-Pos-Purchase-Currys-Misc-Expense 216830,28.07,other,simulated_bank_transactions_uk
2023-07-06,Direct Debit Puregym 637795,33.72,subscriptions,simulated_bank_transactions_uk
2024-12-03,Card/Pmt/Amazon/Prime,10.87,subscriptions,simulated_bank_transactions_uk
2023-03-12,Fuel Bolt Fuel,90.69,transportation,simulated_bank_transactions_uk
2023-07-27,direct/debit/british/gas 689866,53.89,utilities,simulated_bank_transactions_uk
2024-09-12,Visa-Direct-Debit-Disney+,33.93,subscriptions,simulated_bank_transactions_uk
2024-09-21,CARD PAYMENT MORRISONS BREAD 678663,72.95,groceries,simulated_bank_transactions_uk
2023-05-01,Visa Direct Debit Gym Group,23.6,subscriptions,simulated_bank_transactions_uk
2024-09-09,card payment sainsburys rice 675933,99.93,groceries,simulated_bank_transactions_uk
2024-10-26,BACS DIRECT DEBIT NETFLIX 354778,32.12,subscriptions,simulated_bank_transactions_uk
2023-02-14,restaurant-nando's-food-delivery,64.84,dining,simulated_bank_transactions_uk
2024-01-26,Mortgage Payment Letting Agent,1723.22,housing,simulated_bank_transactions_uk
2023-09-18,Visa-Card-Payment-Trainline-Uber-Ride,65.55,transportation,simulated_bank_transactions_uk
2023-03-27,Direct Debit Card Payment Kfc Restaurant 722673,136.78,dining,simulated_bank_transactions_uk
2023-01-06,CONTACTLESS*TRANSPORT*BOLT*FUEL 179612,40.9,transportation,simulated_bank_transactions_uk
2023-01-08,RENT PAYMENT MORTGAGE,764.96,housing,simulated_bank_transactions_uk
2023-11-20,FOOD DELIVERY DELIVEROO FOOD DELIVERY 295169,33.2,dining,simulated_bank_transactions_uk
2024-03-12,CARD/PAYMENT/DELIVEROO/FAST/FOOD 771984,18.67,dining,simulated_bank_transactions_uk
2024-08-01,Visa Rent Pmt Rent 512333,1350.55,housing,simulated_bank_transactions_uk
2024-02-11,fuel uber bus pass 530018,148.79,transportation,simulated_bank_transactions_uk
2024-07-24,card pmt argos online purchase 420645,63.74,other,simulated_bank_transactions_uk
2024-07-22,Restaurant Greggs Restaurant 484345,57.42,dining,simulated_bank_transactions_uk
2024-08-14,CARD*PAYMENT*NANDO'S*FAST*FOOD 125074,148.31,dining,simulated_bank_transactions_uk
2024-11-06,bacs card pmt trainline fuel 286830,111.16,transportation,simulated_bank_transactions_uk
2024-12-17,contactless*tesco*vegetables 290329,36.78,groceries,simulated_bank_transactions_uk
2023-12-13,Visa Utility Bill O2 56718,118.12,utilities,simulated_bank_transactions_uk
2024-10-13,CARD PAYMENT BOOTS ONLINE PURCHASE 425211,26.63,other,simulated_bank_transactions_uk
2024-04-27,POS-SAINSBURYS-MILK,124.02,groceries,simulated_bank_transactions_uk
2024-01-15,Subscription Netflix 951710,14.21,subscriptions,simulated_bank_transactions_uk
2024-01-29,Direct Debit Card Payment Asda Chicken 449709,8.55,groceries,simulated_bank_transactions_uk
2023-10-21,visa restaurant mcdonalds food delivery 513027,99.46,dining,simulated_bank_transactions_uk
2024-10-17,rent payment mortgage,1748.32,housing,simulated_bank_transactions_uk
2024-11-03,direct debit card payment mcdonalds fast food,4.57,dining,simulated_bank_transactions_uk
2024-09-05,Pos-Purchase-Nhs-Misc-Expense,31.63,other,simulated_bank_transactions_uk
2024-11-21,Subscription*Puregym,26.53,subscriptions,simulated_bank_transactions_uk
2023-01-01,Sto Card Pmt Asda Eggs 781523,38.17,groceries,simulated_bank_transactions_uk
2023-12-28,Utility Bill Vodafone,201.53,utilities,simulated_bank_transactions_uk
2023-01-16,mortgage pmt landlord,880.43,housing,simulated_bank_transactions_uk
2024-07-26,BACS RENT RENT 832023,1369.43,housing,simulated_bank_transactions_uk
2023-08-20,Subscription Apple.com/bill 304858,33.54,subscriptions,simulated_bank_transactions_uk
2023-01-05,Direct Debit Disney+ 866568,19.14,subscriptions,simulated_bank_transactions_uk
2023-04-20,Direct-Debit-Card-Pmt-Tfl-Train-Ticket 922406,62.85,transportation,simulated_bank_transactions_uk
2023-04-30,pos subscription disney+ 34697,16.9,subscriptions,simulated_bank_transactions_uk
2024-08-11,Card-Pmt-Superdrug-Misc-Expense,131.79,other,simulated_bank_transactions_uk
2024-07-30,fuel national rail fuel 210197,145.01,transportation,simulated_bank_transactions_uk
2024-04-14,FOOD DELIVERY STARBUCKS RESTAURANT 573344,114.35,dining,simulated_bank_transactions_uk
2024-05-08,Rent Payment Mortgage 375927,1806.83,housing,simulated_bank_transactions_uk
2024-10-10,card pmt morrisons eggs 805016,12.93,groceries,simulated_bank_transactions_uk
2023-08-24,online purchase argos online purchase 944626,102.51,other,simulated_bank_transactions_uk
2023-12-28,visa card pmt boots misc expense 8809,63.63,other,simulated_bank_transactions_uk
2023-09-12,CARD*PAYMENT*APPLE.COM/BILL,34.13,subscriptions,simulated_bank_transactions_uk
2023-12-17,fuel tfl uber ride 939530,61.64,transportation,simulated_bank_transactions_uk
2024-05-02,Card Pmt Asda Chicken 211449,139.92,groceries,simulated_bank_transactions_uk
2024-08-10,TRANSPORT TFL BUS PASS,35.13,transportation,simulated_bank_transactions_uk
2024-11-30,Transport Tfl Train Ticket,142.23,transportation,simulated_bank_transactions_uk
2023-09-05,Utility Bill Bt 194785,81.67,utilities,simulated_bank_transactions_uk
2023-07-27,CARD PAYMENT CURRYS MISC EXPENSE,33.4,other,simulated_bank_transactions_uk
2023-12-31,POS PURCHASE BOOTS ONLINE PURCHASE 30329,125.94,other,simulated_bank_transactions_uk
2024-11-10,CONTACTLESS UTILITY BILL OCTOPUS ENERGY 46,47.27,utilities,simulated_bank_transactions_uk
2024-07-08,Restaurant Mcdonalds Food Delivery,3.97,dining,simulated_bank_transactions_uk
2023-11-19,CONTACTLESS-WAITROSE-RICE 901374,57.57,groceries,simulated_bank_transactions_uk
2024-05-17,FOOD DELIVERY GREGGS FOOD DELIVERY 495668,130.71,dining,simulated_bank_transactions_uk
2023-05-12,direct debit utility bill e.on 871198,195.04,utilities,simulated_bank_transactions_uk
2024-05-04,mastercard pos tesco chicken 243781,120.49,groceries,simulated_bank_transactions_uk
2024-12-03,subscription amazon p,18.78,subscriptions,simulated_bank_transactions_uk
2023-05-04,card payment ebay online purchase 183522,70.21,other,simulated_bank_transactions_uk
2024-11-21,mortgage-payment-mortgage 712824,611.79,housing,simulated_bank_transactions_uk
2024-09-19,utility bill scottishpower 26420,101.6,utilities,simulated_bank_transactions_uk
2023-09-27,Card Payment Ebay Misc Expense 574131,30.51,other,simulated_bank_transactions_uk
2024-01-10,pos direct debit severn trent 649522,164.88,utilities,simulated_bank_transactions_uk
2024-01-17,direct debit e.on 543372,122.2,utilities,simulated_bank_transactions_uk
2023-07-04,so-card-payment-trainline-fuel,44.11,transportation,simulated_bank_transactions_uk
2023-04-13,SUBSCRIPTION GOOGLE *SERVICES,29.01,subscriptions,simulated_bank_transactions_uk
2024-01-26,Mortgage Payment Letting Agent,1377.48,housing,simulated_bank_transactions_uk
2024-04-29,DIRECT DEBIT SKY 574662,192.48,utilities,simulated_bank_transactions_uk
2024-05-26,Mastercard Online Purchase Superdrug Online Purchase 876564,28.96,other,simulated_bank_transactions_uk
2024-07-29,bill payment british gas 579211,96.01,utilities,simulated_bank_transactions_uk
2024-12-08,fps pos purchase argos online purchase 319157,61.57,other,simulated_bank_transactions_uk
2024-10-06,pos direct debit scottishpower 7,85.94,utilities,simulated_bank_transactions_uk
2023-09-24,card pmt tesco rice 460226,112.46,groceries,simulated_bank_transactions_uk
2023-09-21,Card Payment Shell Bus Pass 239158,85.37,transportation,simulated_bank_transactions_uk
2023-12-26,TRANSPORT/TFL/UBER/RIDE 330384,63.53,transportation,simulated_bank_transactions_uk
2024-10-27,pos purchase currys online purchase 984952,87.8,other,simulated_bank_transactions_uk
2023-11-29,Bacs Mortgage Rent 385757,998.45,housing,simulated_bank_transactions_uk
2023-03-22,BACS LETTING AGENT RENT 57620,1225.7,housing,simulated_bank_transactions_uk
2024-10-08,FOOD/DELIVERY/STARBUCKS/FOOD/DELIVERY 580826,45.12,dining,simulated_bank_transactions_uk
2024-03-07,Pos Utility Bill Severn Tren,234.28,utilities,simulated_bank_transactions_uk
2023-06-15,mortgage pmt rent 897086,699.88,housing,simulated_bank_transactions_uk
2024-10-30,TRANSPORT/ESSO/TRAIN/TICKET 55,49.08,transportation,simulated_bank_transactions_uk
2024-02-09,Fuel Tfl Bus Pass 869386,91.99,transportation,simulated_bank_transactions_uk
2024-01-07,Transport Uber Fuel,117.8,transportation,simulated_bank_transactions_uk
2023-01-24,Rent*Pmt*Rent 755157,857.44,housing,simulated_bank_transactions_uk
2024-12-18,bill payment e,236.9,utilities,simulated_bank_transactions_uk
2023-04-08,RENT PAYMENT LETTING AGENT 288592,1155.86,housing,simulated_bank_transactions_uk
2023-01-27,Sto Contactless Aldi Rice,83.62,groceries,simulated_bank_transactions_uk
2023-03-27,Pos Purchase Amazon Misc Expense,80.03,other,simulated_bank_transactions_uk
2023-03-28,Contactless Tesco Eggs 271539,93.86,groceries,simulated_bank_transactions_uk
2023-10-18,CARD MORTGAGE PMT LETTING AGENT 121005,946.36,housing,simulated_bank_transactions_uk
2024-06-23,FOOD DELIVERY MCDONALDS FOOD DELIVERY 750259,21.58,dining,simulated_bank_transactions_uk
2024-11-10,CARD PMT BOOTS ONLINE PURCHASE 466371,7.2,other,simulated_bank_transactions_uk
2024-04-23,transport trainline bus pass 674067,130.04,transportation,simulated_bank_transactions_uk
2023-05-19,Card*Payment*Boots*Misc*Expense,83.64,other,simulated_bank_transactions_uk
2024-10-13,VISA BACS LETTING AGENT RENT 222752,1239.16,housing,simulated_bank_transactions_uk
2023-11-14,SUBSCRIPTION GOOGLE *SERVICES 6817,27.38,subscriptions,simulated_bank_transactions_uk
2023-04-02,FUEL UBER FUEL,82.33,transportation,simulated_bank_transactions_uk
2023-09-24,FOOD DELIVERY JUST EAT FAST FOOD,56.77,dining,simulated_bank_transactions_uk
2023-05-20,Direct Debit Severn Trent 923984,145.13,utilities,simulated_bank_transactions_uk
2023-01-09,Card Payment Trainline Bus Pass 440196,71.97,transportation,simulated_bank_transactions_uk
2023-01-10,bacs landlord rent 273922,1267.89,housing,simulated_bank_transactions_uk
2024-09-03,bacs*pos*purchase*superdrug*misc*expense 811176,120.3,other,simulated_bank_transactions_uk
2024-07-28,BACS BILL PAYMENT E.ON,71.49,utilities,simulated_bank_transactions_uk
2024-10-23,Card*Card*Pmt*Mcdonalds*Fast*Food,39.73,dining,simulated_bank_transactions_uk
2023-03-23,FOOD DELIVERY STARBUCKS FAST FOOD,35.43,dining,simulated_bank_transactions_uk
2024-09-19,Direct Debit Card Payment Uber Eats Food Delivery 777677,38.22,dining,simulated_bank_transactions_uk
2024-06-28,Pos Purchase Boots Misc Expense,44.85,other,simulated_bank_transactions_uk
2023-03-12,card/pmt/argos/misc/expense 617647,63.7,other,simulated_bank_transactions_uk
2024-09-24,DIRECT DEBIT OCTOPUS ENERGY 533915,170.12,utilities,simulated_bank_transactions_uk
2024-05-18,Restaurant Starbucks Fast Food 991959,105.97,dining,simulated_bank_transactions_uk
2024-07-01,Bill-Pmt-Scottishpower 302825,40.92,utilities,simulated_bank_transactions_uk
2023-10-16,Pos Iceland Bread,145.93,groceries,simulated_bank_transactions_uk
2023-01-09,So Transport Bolt Train Ticket,108.13,transportation,simulated_bank_transactions_uk
2023-12-17,DIRECT*DEBIT*SCOTTISHPOWER,138.59,utilities,simulated_bank_transactions_uk
2024-05-25,Restaurant*Deliveroo*Fast*Food 92083,118.5,dining,simulated_bank_transactions_uk
2023-02-02,Fuel Bolt Fuel 78961,105.45,transportation,simulated_bank_transactions_uk
2023-05-30,card pmt shell uber ride,127.0,transportation,simulated_bank_transactions_uk
2023-03-15,Card Payment Tesco Eggs,117.02,groceries,simulated_bank_transactions_uk
2023-09-14,SUBSCRIPTION*AMAZON*PRIME 854403,36.35,subscriptions,simulated_bank_transactions_uk
2023-05-05,Mastercard Pos Purchase Nhs Misc Expen,124.75,other,simulated_bank_transactions_uk
2024-03-29,ONLINE PURCHASE NHS ONLINE PURCHASE 662679,59.57,other,simulated_bank_transactions_uk
2023-04-07,Bill Pmt Sky,191.77,utilities,simulated_bank_transactions_uk
2024-11-28,direct/debit/puregym 924685,21.55,subscriptions,simulated_bank_transactions_uk
2023-02-13,Card*Pmt*Bolt*Bus*Pass,26.32,transportation,simulated_bank_transactions_uk
2023-07-23,Bacs Letting Agent Rent,1493.93,housing,simulated_bank_transactions_uk
2023-08-12,contactless fuel bp u,129.96,transportation,simulated_bank_transactions_uk
2023-11-29,Card Pmt Waitrose Bread 58287,96.04,groceries,simulated_bank_transactions_uk
2024-08-21,card payment lidl bread 217217,119.78,groceries,simulated_bank_transactions_uk
2023-01-10,SO CONTACTLESS SAINSBURYS RICE,119.0,groceries,simulated_bank_transactions_uk
2024-05-01,card payment waitrose chicken 165618,118.17,groceries,simulated_bank_transactions_uk
2023-06-11,BACS MORTGAGE RENT 580811,725.27,housing,simulated_bank_transactions_uk
2023-12-13,card payment pret restau,103.83,dining,simulated_bank_transactions_uk
2024-10-22,Card Payment Boots Online Purchase,11.79,other,simulated_bank_transactions_uk
2024-07-25,DIRECT DEBIT VODAFONE,81.19,utilities,simulated_bank_transactions_uk
2024-03-25,Sto-Card-Payment-Amazon-Misc-Expense,121.41,other,simulated_bank_transactions_uk
2023-05-18,MORTGAGE PMT RENT 395873,1128.88,housing,simulated_bank_transactions_uk
2024-03-24,transport trainline uber ride 257496,74.34,transportation,simulated_bank_transactions_uk
2024-08-03,Card Pmt Puregym 606950,22.15,subscriptions,simulated_bank_transactions_uk
2024-09-05,direct debit vodafone 850011,133.05,utilities,simulated_bank_transactions_uk
2023-06-08,fps*card*payment*ebay*online*purchase 497516,13.12,other,simulated_bank_transactions_uk
2024-07-08,CARD-PAYMENT-UBER-EATS-FA,123.45,dining,simulated_bank_transactions_uk
2024-10-15,Transport Bp Fuel 329221,3.11,transportation,simulated_bank_transactions_uk
2024-09-26,direct debit amazon prime,35.9,subscriptions,simulated_bank_transactions_uk
2023-09-02,Pos Purchase Ebay Misc Expense 459858,117.07,other,simulated_bank_transactions_uk
2024-07-05,Transport Trainline Uber Ride 917680,99.77,transportation,simulated_bank_transactions_uk
2024-11-30,Contactless Card Pmt Hmrc Misc Expense 339046,30.91,other,simulated_bank_transactions_uk
2023-10-17,So Food Delivery Costa Food Delivery,25.66,dining,simulated_bank_transactions_uk
2023-04-24,Direct Debit Card Pmt Bolt Fuel,97.21,transportation,simulated_bank_transactions_uk
2023-02-14,POS ICELAND CHICKEN 197790,99.86,groceries,simulated_bank_transactions_uk
2023-02-02,ONLINE PURCHASE EBAY ONLINE PURCHASE 368476,29.26,other,simulated_bank_transactions_uk
2024-08-07,BILL PAYMENT SCOTTISHPOWER,51.73,utilities,simulated_bank_transactions_uk
2024-12-19,mortgage pmt letting agent 622427,1336.15,housing,simulated_bank_transactions_uk
2023-03-14,DIRECT DEBIT AMAZON PRIME 804266,12.73,subscriptions,simulated_bank_transactions_uk
2023-03-23,Visa Contactless Aldi Bread 843377,99.4,groceries,simulated_bank_transactions_uk
2024-07-25,card pmt mcdonalds food delivery 537561,11.92,dining,simulated_bank_transactions_uk
2023-03-01,bacs*mortgage*rent 405257,1711.95,housing,simulated_bank_transactions_uk
2023-03-14,Pos Purchase Superdrug Misc Expense,80.77,other,simulated_bank_transactions_uk
2023-08-10,online purchase boots misc expense,14.46,other,simulated_bank_transactions_uk
2024-01-30,Direct Debit Card Pmt Gym Group 445677,13.09,subscriptions,simulated_bank_transactions_uk
2024-10-02,Direct Debit Ee 379526,84.73,utilities,simulated_bank_transactions_uk
2024-08-13,Utility Bill British Gas 14625,198.58,utilities,simulated_bank_transactions_uk
2024-03-13,fuel tfl fuel,106.27,transportation,simulated_bank_transactions_uk
2024-07-17,Contactless Tesco Bread 515117,119.49,groceries,simulated_bank_transactions_uk
2023-06-11,Card Payment Just Eat Food Delivery,52.61,dining,simulated_bank_transactions_uk
2023-11-19,SUBSCRIPTION DISNEY+,17.33,subscriptions,simulated_bank_transactions_uk
2024-10-10,Subscription Apple.com/bill,19.43,subscriptions,simulated_bank_transactions_uk
2023-09-04,Food Delivery Uber Eats Food Delivery,50.55,dining,simulated_bank_transactions_uk
2023-09-18,SUBSCRIPTION SPOTIFY 209334,31.8,subscriptions,simulated_bank_transactions_uk
2024-02-11,transport*bp*fuel 731115,68.78,transportation,simulated_bank_transactions_uk
2023-10-19,POS-ICELAND-VEGETABLES 22084,8.1,groceries,simulated_bank_transactions_uk
2023-11-06,Subscription Netflix 714965,39.77,subscriptions,simulated_bank_transactions_uk
2023-08-08,contactless-lidl-eggs 331868,147.71,groceries,simulated_bank_transactions_uk
2024-12-07,CONTACTLESS POS PURCHASE CURRYS MISC EXPENSE 373405,6.19,other,simulated_bank_transactions_uk
2024-06-07,Online*Purchase*Superdrug*Misc*Expense 597337,138.11,other,simulated_bank_transactions_uk
2023-02-08,so direct debit gym group 539205,10.42,subscriptions,simulated_bank_transactions_uk
2023-09-29,Card Pmt Greggs Fast Food 499293,25.95,dining,simulated_bank_transactions_uk
2023-11-04,Card Pmt Shell Train Ticket 912557,37.25,transportation,simulated_bank_transactions_uk
2023-08-11,Card-Pmt-Asda-Chicken 490518,61.77,groceries,simulated_bank_transactions_uk
2023-06-27,Mortgage Pmt Rent 256421,1710.07,housing,simulated_bank_transactions_uk
2023-04-08,food/delivery/costa/food/delivery,106.32,dining,simulated_bank_transactions_uk
2024-08-13,Direct Debit Spotify 538085,30.58,subscriptions,simulated_bank_transactions_uk
2023-12-09,food-delivery-greggs-restaura,117.68,dining,simulated_bank_transactions_uk
2023-05-04,TRANSPORT/BOLT/FUEL 181426,64.23,transportation,simulated_bank_transactions_uk
2024-09-08,card payment ebay online purchase 583324,112.91,other,simulated_bank_transactions_uk
2024-01-27,mastercard pos waitrose vegetables 958174,117.28,groceries,simulated_bank_transactions_uk
2023-11-23,CARD/PAYMENT/MORRISONS/EGGS 344001,80.08,groceries,simulated_bank_transactions_uk
2023-08-15,card pmt gym group,22.58,subscriptions,simulated_bank_transactions_uk
2024-04-01,direct debit bt 789198,249.42,utilities,simulated_bank_transactions_uk
2023-10-24,POS ONLINE PURCHASE EBAY ONLINE PURCHASE 686815,35.65,other,simulated_bank_transactions_uk
2023-12-11,Pos*Purchase*Argos*Misc*Expense 418559,24.76,other,simulated_bank_transactions_uk
2023-02-20,Card Payment Sainsburys Rice 84,87.0,groceries,simulated_bank_transactions_uk
2024-03-20,CARD PMT DISNEY+ 443978,18.95,subscriptions,simulated_bank_transactions_uk
2024-05-07,POS PURCHASE BOOTS ONLINE PURCHASE,115.02,other,simulated_bank_transactions_uk
2023-07-20,Card/Pmt/Puregym,27.83,subscriptions,simulated_bank_transactions_uk
2023-09-06,Direct Debit Card Payment Gym Group 540907,23.35,subscriptions,simulated_bank_transactions_uk
2023-11-28,CARD PAYMENT ICELAND EGGS 53505,117.19,groceries,simulated_bank_transactions_uk
2024-01-10,MORTGAGE PMT LETTING AGENT 188410,1179.01,housing,simulated_bank_transactions_uk
2024-08-31,Transport Bp Train Ticket 39390,50.15,transportation,simulated_bank_transactions_uk
2023-12-25,MASTERCARD*RENT*PAYMENT*MORTGAGE 289039,836.96,housing,simulated_bank_transactions_uk
2023-08-28,Card Payment Puregym,20.42,subscriptions,simulated_bank_transactions_uk
2023-03-29,DIRECT DEBIT BRITISH GAS 925882,190.27,utilities,simulated_bank_transactions_uk
2024-09-27,CARD PMT SAINSBURYS VEGETABLES 685610,11.02,groceries,simulated_bank_transactions_uk
2023-04-24,bill payment octopus energy 566347,182.63,utilities,simulated_bank_transactions_uk
2023-12-06,fuel uber fuel 784149,72.26,transportation,simulated_bank_transactions_uk
2023-09-22,Bill Payment E.on 427962,145.12,utilities,simulated_bank_transactions_uk
2024-12-12,card payment gym group 102866,39.73,subscriptions,simulated_bank_transactions_uk
2024-06-23,STO BACS RENT RENT,1868.46,housing,simulated_bank_transactions_uk
2023-10-18,contactless-waitrose-eggs 466969,28.04,groceries,simulated_bank_transactions_uk
2023-01-09,DIRECT DEBIT O2 589592,174.05,utilities,simulated_bank_transactions_uk
2024-11-09,Pos Sainsburys Rice 164473,100.07,groceries,simulated_bank_transactions_uk
2023-01-20,online purchase argos misc expense,130.05,other,simulated_bank_transactions_uk
2024-01-25,TRANSPORT ESSO FUEL,36.98,transportation,simulated_bank_transactions_uk
2024-09-03,SUBSCRIPTION*AMAZON*PRIME 370124,16.04,subscriptions,simulated_bank_transactions_uk
2024-04-13,card-pmt-gym-group 559375,22.52,subscriptions,simulated_bank_transactions_uk
2024-06-26,Direct/Debit/Gym/Group 4499,13.66,subscriptions,simulated_bank_transactions_uk
2023-06-10,CARD PAYMENT SHELL BUS PASS 439587,75.02,transportation,simulated_bank_transactions_uk
2023-12-30,sto*contactless*tesco*eggs,103.59,groceries,simulated_bank_transactions_uk
2024-05-28,Rent*Pmt*Landlord 906380,1969.54,housing,simulated_bank_transactions_uk
2024-02-01,CARD PMT NATIONAL RAIL UBER RIDE,94.99,transportation,simulated_bank_transactions_uk
2023-10-14,POS PURCHASE ARGOS ONLINE PURCHASE 633552,141.79,other,simulated_bank_transactions_uk
2023-05-21,DIRECT DEBIT SCOTTISHPOWER 965853,116.43,utilities,simulated_bank_transactions_uk
2024-11-25,Visa Card Payment Lidl Vegetables 494050,59.18,groceries,simulated_bank_transactions_uk
2024-08-09,direct debit spotify 561118,19.61,subscriptions,simulated_bank_transactions_uk
2023-12-04,bill payment o2,230.14,utilities,simulated_bank_transactions_uk
2024-10-30,FOOD-DELIVERY-JUST-EAT-FOOD-DELIVERY,22.37,dining,simulated_bank_transactions_uk
2024-12-23,Utility/Bill/Octopus/Energy,97.98,utilities,simulated_bank_transactions_uk
2023-05-29,Direct Debit Spotify,36.82,subscriptions,simulated_bank_transactions_uk
2023-05-02,mortgage pmt mortgage,1380.28,housing,simulated_bank_transactions_uk
2023-01-31,direct debit thames water 751609,62.02,utilities,simulated_bank_transactions_uk
2024-02-28,POS PURCHASE BOOTS MISC EXPENSE 637956,132.38,other,simulated_bank_transactions_uk
2024-10-14,pos restaurant starbucks fast food 757169,68.12,dining,simulated_bank_transactions_uk
2023-05-15,Mortgage Payment Mortgage 549759,863.11,housing,simulated_bank_transactions_uk
2023-10-01,utility bill o2 702229,164.64,utilities,simulated_bank_transactions_uk
2023-08-25,CARD SUBSCRIPTION GOOGLE *SERVICES,25.87,subscriptions,simulated_bank_transactions_uk
2024-05-03,Mortgage/Pmt/Letting/Agent,1563.4,housing,simulated_bank_transactions_uk
2024-02-01,bill payment briti,112.27,utilities,simulated_bank_transactions_uk
2023-07-17,Card Payment Just Eat Fast Food 257992,23.21,dining,simulated_bank_transactions_uk
2023-10-04,DIRECT/DEBIT/O2,243.14,utilities,simulated_bank_transactions_uk
2023-07-27,POS FOOD DELIVERY MCDONALDS RESTAURANT 104043,112.13,dining,simulated_bank_transactions_uk
2024-03-25,mastercard pos purchase amazon online purchase 619005,12.72,other,simulated_bank_transactions_uk
2024-04-13,Pos*Purchase*Nhs*Misc*Expense,104.12,other,simulated_bank_transactions_uk
2024-01-25,UTILITY BILL SKY 662785,39.2,utilities,simulated_bank_transactions_uk
2024-08-08,BACS MORTGAGE RENT 289660,1914.79,housing,simulated_bank_transactions_uk
2023-02-09,card*card*pmt*apple.com/bill 1,35.65,subscriptions,simulated_bank_transactions_uk
2023-02-13,Subscription Apple.com/bill 114992,33.95,subscriptions,simulated_bank_transactions_uk
2024-02-01,bill-pmt-scottishpower,38.64,utilities,simulated_bank_transactions_uk
2024-03-26,Bacs Direct Debit Disney+ 165765,11.64,subscriptions,simulated_bank_transactions_uk
2023-10-20,RESTAURANT JUST EAT FAST FOOD 898830,116.73,dining,simulated_bank_transactions_uk
2024-09-19,card pmt costa restaurant 446957,65.1,dining,simulated_bank_transactions_uk
2023-05-26,bacs pos morrisons vegetables,78.99,groceries,simulated_bank_transactions_uk
2024-05-27,CONTACTLESS FOOD DELIVERY PRET FOOD DELIVERY 830339,69.4,dining,simulated_bank_transactions_uk
2024-12-13,POS-LIDL-BREAD,117.47,groceries,simulated_bank_transactions_uk
2023-01-26,Subscription Puregym 637176,16.32,subscriptions,simulated_bank_transactions_uk
2023-07-26,DIRECT DEBIT BRITISH GAS,186.78,utilities,simulated_bank_transactions_uk
2024-12-09,Food Delivery Mcdonalds Restaurant 158726,39.76,dining,simulated_bank_transactions_uk
2023-04-27,bacs landlord rent 584715,772.96,housing,simulated_bank_transactions_uk
2024-12-25,Mastercard Bacs Letting Agent Rent,719.43,housing,simulated_bank_transactions_uk
2024-06-07,FPS RESTAURANT COSTA FOOD DELIVERY 739260,119.29,dining,simulated_bank_transactions_uk
2023-06-24,subscription netflix,18.32,subscriptions,simulated_bank_transactions_uk
2023-05-29,Bacs Fuel Tfl Train Ticket,26.83,transportation,simulated_bank_transactions_uk
2024-04-01,Bill Pmt Ee 586410,98.09,utilities,simulated_bank_transactions_uk
2023-05-15,fuel national rail train ticket 77633,20.28,transportation,simulated_bank_transactions_uk
2024-04-14,Bill Pmt Vodafone 77573,85.68,utilities,simulated_bank_transactions_uk
2023-01-06,Restaurant Uber Eats Fast Food 23527,82.89,dining,simulated_bank_transactions_uk
2024-05-02,pos/subscription/apple.com/bill 806074,25.61,subscriptions,simulated_bank_transactions_uk
2024-09-07,food delivery deliveroo fast food,67.96,dining,simulated_bank_transactions_uk
2024-09-26,CARD SUBSCRIPTION DISN,24.16,subscriptions,simulated_bank_transactions_uk
2024-10-30,Rent Pmt Letting Agent 172220,807.56,housing,simulated_bank_transactions_uk
2023-02-03,TRANSPORT BOLT UBER RIDE,24.37,transportation,simulated_bank_transactions_uk
2023-04-22,Rent Pmt Mortgage 419568,722.78,housing,simulated_bank_transactions_uk
2023-10-19,card food delivery starbucks restaurant 171795,26.72,dining,simulated_bank_transactions_uk
2024-07-29,direct debit spotify,25.82,subscriptions,simulated_bank_transactions_uk
2023-02-06,UTILITY BILL THAMES WATER 900146,109.24,utilities,simulated_bank_transactions_uk
2024-01-24,Card Payment Waitrose Eggs 850524,50.45,groceries,simulated_bank_transactions_uk
2024-07-17,Card/Pmt/Nhs/Online/Purchase 10724,114.49,other,simulated_bank_transactions_uk
2023-05-05,POS ASDA EGGS,72.21,groceries,simulated_bank_transactions_uk
2023-08-03,bacs/letting/agent/rent,1179.26,housing,simulated_bank_transactions_uk
2024-10-06,MORTGAGE*PAYMENT*LANDLORD 954135,753.02,housing,simulated_bank_transactions_uk
2024-12-24,Subscription/Google/*ser,29.1,subscriptions,simulated_bank_transactions_uk
2023-11-21,POS TRANSPORT NATIONAL RAIL FUEL 499796,92.5,transportation,simulated_bank_transactions_uk
2024-09-21,Sto*Fuel*Bp*Bus*Pass 947741,139.28,transportation,simulated_bank_transactions_uk
2024-05-19,Card*Pmt*Google**services,27.12,subscriptions,simulated_bank_transactions_uk
2023-08-27,Card Payment Currys Online Purchase,132.9,other,simulated_bank_transactions_uk
2023-01-25,CONTACTLESS BACS LETTING AGENT RENT 485598,602.21,housing,simulated_bank_transactions_uk
2023-08-01,FOOD DELIVERY JUST EAT FOOD DELIVERY 608511,120.12,dining,simulated_bank_transactions_uk
2023-12-08,Online Purchase Amazon Misc Expens,63.86,other,simulated_bank_transactions_uk
2023-07-26,transport uber train ticket 660253,4.66,transportation,simulated_bank_transactions_uk
2023-11-04,MORTGAGE PAYMENT MORTGAGE,694.97,housing,simulated_bank_transactions_uk
2024-12-03,Direct Debit Google *services 696466,5.21,subscriptions,simulated_bank_transactions_uk
2024-08-05,direct/debit/fuel/shell/bus/pass 480653,61.22,transportation,simulated_bank_transactions_uk
2023-12-13,direct debit card pmt spotify,11.79,subscriptions,simulated_bank_transactions_uk
2024-10-23,Pos-Mortgage-Payment-Landlord 818823,1716.16,housing,simulated_bank_transactions_uk
2024-07-03,utility/bill/ee 106002,131.34,utilities,simulated_bank_transactions_uk
2024-02-28,Fuel Uber Fuel 52288,118.25,transportation,simulated_bank_transactions_uk
2024-11-25,Mortgage Pmt Mortgage 143732,1019.08,housing,simulated_bank_transactions_uk
2024-12-02,transport bolt uber ride 431309,33.61,transportation,simulated_bank_transactions_uk
2023-06-02,TRANSPORT ESSO BUS PASS 261647,12.73,transportation,simulated_bank_transactions_uk
2024-01-20,BACS TRANSPORT TRAINLINE UBER RIDE,52.86,transportation,simulated_bank_transactions_uk
2024-09-01,RENT-PMT-MORTGAGE 810142,1145.39,housing,simulated_bank_transactions_uk
2023-11-19,POS ICELAND EGGS 74822,106.67,groceries,simulated_bank_transactions_uk
2023-09-01,Mortgage*Payment*Letting*Agent 177638,721.52,housing,simulated_bank_transactions_uk
2023-11-06,CARD PAYMENT ESSO FUEL,124.93,transportation,simulated_bank_transactions_uk
2023-02-08,Utility Bill Scottishpower 908193,112.33,utilities,simulated_bank_transactions_uk
2024-03-30,Pos Purchase Boots Online Purchase 107043,137.26,other,simulated_bank_transactions_uk
2023-06-07,Bacs*Subscription*Puregym 879090,36.67,subscriptions,simulated_bank_transactions_uk
2024-06-20,mastercard utility bill bt,191.14,utilities,simulated_bank_transactions_uk
2023-04-11,Transport Trainline Bus Pass,24.06,transportation,simulated_bank_transactions_uk
2023-02-07,pos purchase amazon online purchase,33.16,other,simulated_bank_transactions_uk
2024-06-18,CARD FOOD DELIVERY STARBUCKS FAST FOOD 966392,107.91,dining,simulated_bank_transactions_uk
2023-02-15,CONTACTLESS TESCO MILK 261781,48.71,groceries,simulated_bank_transactions_uk
2023-04-16,Mortgage Pmt Rent 586606,1844.86,housing,simulated_bank_transactions_uk
2023-11-16,Card*Pmt*Google**services,5.79,subscriptions,simulated_bank_transactions_uk
2023-10-11,Mastercard*Mortgage*Pmt*Landlord 794315,869.56,housing,simulated_bank_transactions_uk
2023-10-07,Card Pmt Apple.com/bill,28.49,subscriptions,simulated_bank_transactions_uk
2024-09-29,Contactless Direct Debit Severn Trent 794531,33.36,utilities,simulated_bank_transactions_uk
2024-07-16,Mastercard Direct Debit Disney+ 894605,23.99,subscriptions,simulated_bank_transactions_uk
2024-12-22,Fuel-Shell-Bus-Pass 87205,23.81,transportation,simulated_bank_transactions_uk
2023-06-25,Card*Pos*Purchase*Currys*Misc*Expense 729843,87.39,other,simulated_bank_transactions_uk
2023-12-13,POS/LIDL/EGGS,93.15,groceries,simulated_bank_transactions_uk
2024-11-22,Direct/Debit/Puregym,6.01,subscriptions,simulated_bank_transactions_uk
2023-03-30,Contactless Morrisons Milk 389212,59.39,groceries,simulated_bank_transactions_uk
2024-09-02,card restaurant kfc fast food,29.31,dining,simulated_bank_transactions_uk
2024-09-23,SUBSCRIPTION DISNEY+ 366263,29.48,subscriptions,simulated_bank_transactions_uk
2023-07-22,CARD PMT UBER BUS PASS 458,51.85,transportation,simulated_bank_transactions_uk
2024-04-21,BACS/RENT/RENT,1658.04,housing,simulated_bank_transactions_uk
2024-12-16,Card Pmt Apple.com/bill 739425,33.08,subscriptions,simulated_bank_transactions_uk
2024-12-01,restaurant mcdonalds restaurant 244861,69.97,dining,simulated_bank_transactions_uk
2023-05-28,Rent-Pmt-Mortgage 813248,1926.43,housing,simulated_bank_transactions_uk
2024-02-06,Online/Purchase/Ebay/Misc/Ex,137.19,other,simulated_bank_transactions_uk
2024-04-09,bacs bill payment octopus energy 428372,224.13,utilities,simulated_bank_transactions_uk
2023-04-26,contactless card pmt deliveroo restaurant,12.61,dining,simulated_bank_transactions_uk
2023-06-24,Direct Debit Card Pmt National Rail Fuel 789335,70.8,transportation,simulated_bank_transactions_uk
2023-05-11,TRANSPORT BOLT BUS PASS 55,91.85,transportation,simulated_bank_transactions_uk
2023-04-20,direct debit gym group 181767,30.0,subscriptions,simulated_bank_transactions_uk
2024-06-29,TRANSPORT ESSO UBER RIDE 393343,119.49,transportation,simulated_bank_transactions_uk
2023-09-02,Food Delivery Deliveroo Fast Food 981725,89.81,dining,simulated_bank_transactions_uk
2024-01-29,card direct debit spotify 633819,39.09,subscriptions,simulated_bank_transactions_uk
2024-12-11,Card Pmt Waitrose Eggs 259182,33.61,groceries,simulated_bank_transactions_uk
2023-12-17,DIRECT*DEBIT*AMAZON*PRIME,20.24,subscriptions,simulated_bank_transactions_uk
2023-03-21,card payment spotify 558764,28.19,subscriptions,simulated_bank_transactions_uk
2023-11-30,POS MORTGAGE PMT LANDLORD 396383,1434.51,housing,simulated_bank_transactions_uk
2024-02-20,direct debit netflix 825558,11.17,subscriptions,simulated_bank_transactions_uk
2024-09-02,mastercard contactless tesco chicken,18.99,groceries,simulated_bank_transactions_uk
2024-10-22,ONLINE/PURCHASE/SUPERDRUG/MISC/EXPENS,51.13,other,simulated_bank_transactions_uk
2024-08-17,Bacs/Mortgage/Rent 997109,1743.85,housing,simulated_bank_transactions_uk
2024-11-07,pos online purchase currys online purchase 48431,114.29,other,simulated_bank_transactions_uk
2024-08-14,UTILITY-BILL-SCOTTISHPOWER,115.8,utilities,simulated_bank_transactions_uk
2023-11-21,card restaurant kfc restaurant 967973,33.23,dining,simulated_bank_transactions_uk
2024-03-21,TRANSPORT BOLT BUS PASS 884566,138.02,transportation,simulated_bank_transactions_uk
2024-09-18,mortgage payment mortgage 696167,1415.82,housing,simulated_bank_transactions_uk
2023-03-05,FPS CARD PAYMENT SPOTIFY 777043,34.84,subscriptions,simulated_bank_transactions_uk
2024-07-27,card pmt bp uber ride 929618,3.12,transportation,simulated_bank_transactions_uk
2023-10-16,So Online Purchase Ebay Misc Expense 2,19.13,other,simulated_bank_transactions_uk
2024-12-20,sto card payment argos online purchase,37.58,other,simulated_bank_transactions_uk
2024-02-20,Visa-Subscription-Amazon-Prime,29.91,subscriptions,simulated_bank_transactions_uk
2024-11-09,FOOD DELIVERY KFC FAST FOOD 658681,83.13,dining,simulated_bank_transactions_uk
2024-01-04,FPS-UTILITY-BILL-SKY 151327,152.19,utilities,simulated_bank_transactions_uk
2024-11-17,card payment superdrug misc expense 179169,25.68,other,simulated_bank_transactions_uk
2023-05-28,Mastercard Bill Payment Severn Trent 854232,172.65,utilities,simulated_bank_transactions_uk
2023-05-20,RENT PAYMENT RENT,1964.97,housing,simulated_bank_transactions_uk
2024-03-01,Card Pmt Morrisons Bread 362912,97.41,groceries,simulated_bank_transactions_uk
2024-12-13,Pos-Purchase-Nhs-Misc-Expense 183822,134.36,other,simulated_bank_transactions_uk
2024-03-10,DIRECT DEBIT GYM GROUP 483273,20.9,subscriptions,simulated_bank_transactions_uk
2024-03-10,direct debit amazon prime 439017,12.9,subscriptions,simulated_bank_transactions_uk
2023-08-31,direct debit puregym 556678,34.64,subscriptions,simulated_bank_transactions_uk
2024-01-11,Bacs Landlord Rent,1364.63,housing,simulated_bank_transactions_uk
2024-12-22,contactless iceland milk 570197,86.52,groceries,simulated_bank_transactions_uk
2024-12-08,pos fuel bolt uber ride 983643,88.3,transportation,simulated_bank_transactions_uk
2024-06-23,card payment asda bread 783208,110.34,groceries,simulated_bank_transactions_uk
2023-03-22,Online-Purchase-Argos-Misc-Expense 911195,71.35,other,simulated_bank_transactions_uk
2024-11-10,Direct Debit Puregym,21.54,subscriptions,simulated_bank_transactions_uk
2024-08-16,rent pmt letting agent,1354.88,housing,simulated_bank_transactions_uk
2024-07-01,Card Pmt Trainline Uber Ride,135.83,transportation,simulated_bank_transactions_uk
2024-06-08,ONLINE PURCHASE EBAY ONLINE PURCHASE 649322,71.92,other,simulated_bank_transactions_uk
2024-03-07,FOOD DELIVERY JUST EAT FOOD DELIVERY 119867,110.87,dining,simulated_bank_transactions_uk
2023-02-06,CARD PAYMENT NATIONAL RAIL BUS PASS 179738,45.51,transportation,simulated_bank_transactions_uk
2023-03-04,MORTGAGE PAYMENT LETTING AGENT 361530,1389.19,housing,simulated_bank_transactions_uk
2024-11-03,sto mortgage payment rent 981448,1402.0,housing,simulated_bank_transactions_uk
2023-03-26,Fuel Uber Uber Ride 839145,45.16,transportation,simulated_bank_transactions_uk
2023-05-16,utility-bill-bt,91.13,utilities,simulated_bank_transactions_uk
2023-04-25,DIRECT-DEBIT-NETFLIX 454980,13.99,subscriptions,simulated_bank_transactions_uk
2024-11-05,card pmt apple.com,30.86,subscriptions,simulated_bank_transactions_uk
2023-09-25,Restaurant*Kfc*Fast*Food 843159,121.75,dining,simulated_bank_transactions_uk
2024-06-24,Direct Debit Pos Purchase Hmrc Online Purchase 280626,74.28,other,simulated_bank_transactions_uk
2023-03-28,Online Purchase Nhs Online Purch,53.4,other,simulated_bank_transactions_uk
2024-02-27,MASTERCARD DIRECT DEBIT OCTOPUS ENERGY,195.61,utilities,simulated_bank_transactions_uk
2024-03-26,online purchase amazon misc expense 612062,37.98,other,simulated_bank_transactions_uk
2023-12-20,BACS/MORTGAGE/RENT 783304,1628.11,housing,simulated_bank_transactions_uk
2023-04-29,POS POS ASDA VEGETABLES 656833,41.87,groceries,simulated_bank_transactions_uk
2024-05-02,POS ICELAND BREAD 533,71.21,groceries,simulated_bank_transactions_uk
2024-06-29,card payment uber f,112.68,transportation,simulated_bank_transactions_uk
2023-09-26,Direct*Debit*Severn*Trent 300266,115.82,utilities,simulated_bank_transactions_uk
2024-04-04,Bill Payment Thames Water 791937,233.99,utilities,simulated_bank_transactions_uk
2024-06-26,Card Pmt Pret Food,49.41,dining,simulated_bank_transactions_uk
2023-12-29,Rent Payment Mortgage 635919,1343.81,housing,simulated_bank_transactions_uk
2024-10-29,online purchase ebay misc expense,92.74,other,simulated_bank_transactions_uk
2023-10-01,Pos/Purchase/Boots/Misc/Expense 371037,52.24,other,simulated_bank_transactions_uk
2024-08-21,Pos Purchase Nhs Online Purchase 788010,40.54,other,simulated_bank_transactions_uk
2023-09-05,Card-Pmt-Pret-Fast-Food 830816,116.65,dining,simulated_bank_transactions_uk
2023-07-04,visa-rent-payment-landlord 522480,1548.81,housing,simulated_bank_transactions_uk
2023-03-11,Fps Fuel Bolt Uber Ride 893964,101.9,transportation,simulated_bank_transactions_uk
2023-04-17,Direct Debit Card Payment Tesco Rice 544962,17.36,groceries,simulated_bank_transactions_uk
2023-09-15,Contactless-Mortgage-Pmt-Landlord 450836,1615.35,housing,simulated_bank_transactions_uk
2024-08-31,direct debit bt 593789,50.23,utilities,simulated_bank_transactions_uk
2024-12-26,RENT PMT RENT 955357,1493.32,housing,simulated_bank_transactions_uk
2023-05-14,contactless waitrose milk 204819,128.9,groceries,simulated_bank_transactions_uk
2024-10-25,Food Delivery Costa Food Delivery 591660,115.29,dining,simulated_bank_transactions_uk
2023-09-17,DIRECT*DEBIT*NETFLIX 945169,29.35,subscriptions,simulated_bank_transactions_uk
2023-03-19,TRANSPORT BOLT FUEL,100.09,transportation,simulated_bank_transactions_uk
2024-03-13,visa mortgage payment rent 154218,986.94,housing,simulated_bank_transactions_uk
2023-10-11,mortgage pmt letting agent 969579,1693.02,housing,simulated_bank_transactions_uk
2023-12-07,POS PURCHASE EBAY ONLINE PURCHASE 830118,59.27,other,simulated_bank_transactions_uk
2023-09-29,CONTACTLESS CARD PMT TESCO,143.47,groceries,simulated_bank_transactions_uk
2023-07-25,bill pmt e.on 287840,245.47,utilities,simulated_bank_transactions_uk
2023-05-28,card pmt amazon prime 910888,22.22,subscriptions,simulated_bank_transactions_uk
2024-03-28,Direct Debit Puregym 678724,27.52,subscriptions,simulated_bank_transactions_uk
2024-08-08,mortgage payment landlord,702.09,housing,simulated_bank_transactions_uk
2024-05-24,MORTGAGE/PAYMENT/LANDLORD,626.27,housing,simulated_bank_transactions_uk
2023-09-30,Direct Debit Bill Pmt Severn Trent 551166,176.21,utilities,simulated_bank_transactions_uk
2024-06-11,UTILITY/BILL/VODAFONE 956697,156.42,utilities,simulated_bank_transactions_uk
2023-03-13,rent/payment/landlord 45224,1165.48,housing,simulated_bank_transactions_uk
2024-05-08,subscription amazon prime 21191,38.4,subscriptions,simulated_bank_transactions_uk
2024-01-03,Card Payment Aldi Chicken 619,81.69,groceries,simulated_bank_transactions_uk
2024-10-09,transport esso bus pass,61.89,transportation,simulated_bank_transactions_uk
2023-12-15,Rent-Payment-Landlord 168628,1794.68,housing,simulated_bank_transactions_uk
2023-10-24,CARD-PAYMENT-ALDI-RICE 468186,114.79,groceries,simulated_bank_transactions_uk
2024-01-29,Bacs Rent Payment Mortgage,655.06,housing,simulated_bank_transactions_uk
2023-04-20,Bacs Letting Agent Rent 657531,1146.15,housing,simulated_bank_transactions_uk
2024-03-24,RENT-PAYMENT-LETTING-AGENT 993786,1839.3,housing,simulated_bank_transactions_uk
2024-08-30,MORTGAGE PMT LETTING AGENT 300203,870.33,housing,simulated_bank_transactions_uk
2024-10-20,Direct Debit Sky 89,204.4,utilities,simulated_bank_transactions_uk
2024-04-05,card pmt tfl fuel 678141,81.49,transportation,simulated_bank_transactions_uk
2023-12-12,Bacs Contactless Morrisons Milk,52.87,groceries,simulated_bank_transactions_uk
2023-08-05,Visa Pos Purchase Boots Online Purchase 119055,62.61,other,simulated_bank_transactions_uk
2024-07-03,Pos Purchase Currys Misc Expense,141.19,other,simulated_bank_transactions_uk
2023-05-25,fps bill pmt octopus energy 14913,38.11,utilities,simulated_bank_transactions_uk
2024-09-25,Food Delivery Pret Food Delivery,5.8,dining,simulated_bank_transactions_uk
2023-05-14,POS ALDI BREAD,106.09,groceries,simulated_bank_transactions_uk
2023-11-11,Contactless Tesco Bread,96.0,groceries,simulated_bank_transactions_uk
2023-06-24,pos purchase boots online purchase 691593,70.06,other,simulated_bank_transactions_uk
2023-04-19,pos purchase argos online purchase,123.22,other,simulated_bank_transactions_uk
2024-09-22,contactless asda rice 266499,90.46,groceries,simulated_bank_transactions_uk
2024-11-25,bill pmt severn trent,123.77,utilities,simulated_bank_transactions_uk
2024-12-01,Food/Delivery/Mcdonalds/Fast/Food,20.76,dining,simulated_bank_transactions_uk
2023-08-07,Subscription Gym Group,34.27,subscriptions,simulated_bank_transactions_uk
2023-12-10,Online Purchase Argos Online Purchase 878101,90.18,other,simulated_bank_transactions_uk
2024-03-01,Direct Debit Contactless Morrisons Milk,43.26,groceries,simulated_bank_transactions_uk
2024-08-18,Bill Payment Sky,126.51,utilities,simulated_bank_transactions_uk
2024-10-09,Card*Payment*Sainsburys*Bread 220408,17.7,groceries,simulated_bank_transactions_uk
2024-05-13,CONTACTLESS SUBSCRIPTION SPOTIFY 475584,5.55,subscriptions,simulated_bank_transactions_uk
2023-04-02,sto card pmt morrisons milk 450339,4.06,groceries,simulated_bank_transactions_uk
2024-05-02,Bacs Mortgage Rent 269207,1730.38,housing,simulated_bank_transactions_uk
2024-06-19,bacs mortgage rent,1495.76,housing,simulated_bank_transactions_uk
2023-06-28,Restaurant-Pret-Fast-Food 87994,38.17,dining,simulated_bank_transactions_uk
2024-05-26,DIRECT DEBIT SPOTIFY 325863,11.3,subscriptions,simulated_bank_transactions_uk
2023-12-23,card subscription puregym 531888,32.39,subscriptions,simulated_bank_transactions_uk
2023-07-16,card pmt just eat restaurant,84.98,dining,simulated_bank_transactions_uk
2024-09-25,FPS-CONTACTLESS-SAINSBURYS-CHICKEN 448460,146.59,groceries,simulated_bank_transactions_uk
2024-10-03,TRANSPORT NATIONAL RAIL TRAIN TICKET,71.24,transportation,simulated_bank_transactions_uk
2023-06-02,MORTGAGE PAYMENT LANDLORD 518316,871.21,housing,simulated_bank_transactions_uk
2023-02-14,CARD BACS MORTGAGE RENT 25828,823.66,housing,simulated_bank_transactions_uk
2023-08-03,So Contactless Waitrose Vegetables 439959,56.54,groceries,simulated_bank_transactions_uk
2024-04-09,MASTERCARD RESTAURANT GREGGS FAST FOOD 421821,52.14,dining,simulated_bank_transactions_uk
2024-07-04,mastercard pos lidl milk 573437,111.84,groceries,simulated_bank_transactions_uk
2023-04-29,Bill Payment Thames Water 42686,136.71,utilities,simulated_bank_transactions_uk
2024-08-29,card payment asda bread 13756,109.05,groceries,simulated_bank_transactions_uk
2023-11-30,Card/Payment/Apple.com/bill,31.15,subscriptions,simulated_bank_transactions_uk
2024-02-27,UTILITY BILL SCOTTISHPOWER 134122,51.57,utilities,simulated_bank_transactions_uk
2023-08-14,Card Pmt Argos Online Purchase 791011,58.2,other,simulated_bank_transactions_uk
2023-02-25,Pos-Waitrose-Rice,89.01,groceries,simulated_bank_transactions_uk
2024-09-16,Restaurant Costa Restaurant 645764,34.78,dining,simulated_bank_transactions_uk
2023-05-20,SO RESTAURANT JUST EAT RESTAURANT 33415,59.94,dining,simulated_bank_transactions_uk
2024-01-03,CARD-PAYMENT-JUST-EAT-FOOD-DELIVERY 847003,31.54,dining,simulated_bank_transactions_uk
2023-02-02,Card Pmt Shell Train Ticket 795210,52.38,transportation,simulated_bank_transactions_uk
2024-04-21,Fps Mortgage Pmt Landlord 66991,755.55,housing,simulated_bank_transactions_uk
2023-12-18,RESTAURANT GREGGS FAST FOOD 252044,28.17,dining,simulated_bank_transactions_uk
2024-10-15,bill payment severn trent 445436,203.7,utilities,simulated_bank_transactions_uk
2023-08-24,Card-Payment-Amazon-Prime,24.35,subscriptions,simulated_bank_transactions_uk
2024-05-15,Contactless-Card-Payment-Lidl-Rice 679929,128.98,groceries,simulated_bank_transactions_uk
2024-04-18,CARD PMT SUPERDRUG ONLINE PURCHASE 154448,89.96,other,simulated_bank_transactions_uk
2023-09-10,Card Payment Trainline Uber Ride 199105,110.31,transportation,simulated_bank_transactions_uk
2024-08-28,bill pmt thames water 441919,78.93,utilities,simulated_bank_transactions_uk
2024-04-26,bill pmt british gas 190902,39.73,utilities,simulated_bank_transactions_uk
2024-12-14,rent payment rent,1152.05,housing,simulated_bank_transactions_uk
2023-09-04,Direct Debit Card Payment Currys Online Purchase 253371,69.51,other,simulated_bank_transactions_uk
2024-12-10,CONTACTLESS ALDI CHICKEN 231552,113.7,groceries,simulated_bank_transactions_uk
2023-10-30,RENT PAYMENT MORTGAGE,785.8,housing,simulated_bank_transactions_uk
2023-06-15,BACS DIRECT DEBIT O2 182973,177.19,utilities,simulated_bank_transactions_uk
2023-01-25,contactless rent payment letting agent,1646.2,housing,simulated_bank_transactions_uk
2024-12-21,card*payment*kfc*fast*food,116.46,dining,simulated_bank_transactions_uk
2024-01-15,fps food delivery pret restaurant 22722,119.11,dining,simulated_bank_transactions_uk
2024-10-04,Mortgage Payment Mortgage 397009,601.91,housing,simulated_bank_transactions_uk
2023-12-07,pos-morrisons-rice,134.33,groceries,simulated_bank_transactions_uk
2024-12-15,SUBSCRIPTION PUREGYM 600425,31.35,subscriptions,simulated_bank_transactions_uk
2024-12-02,subscription gym group 366145,12.25,subscriptions,simulated_bank_transactions_uk
2023-02-26,Pos Card Pmt Waitrose Chicken 850495,132.48,groceries,simulated_bank_transactions_uk
2024-01-28,POS DIRECT DEBIT NETFLIX 730088,6.8,subscriptions,simulated_bank_transactions_uk
2024-01-10,TRANSPORT BOLT FUEL 961456,94.01,transportation,simulated_bank_transactions_uk
2024-12-22,CARD PAYMENT BP TRAIN TICKET 822140,98.28,transportation,simulated_bank_transactions_uk
2023-07-29,Card/Pmt/Asda/Chicken 817,107.27,groceries,simulated_bank_transactions_uk
2024-05-04,direct debit thames water 560580,54.98,utilities,simulated_bank_transactions_uk
2023-11-25,Rent Pmt Landlord 530016,1665.24,housing,simulated_bank_transactions_uk
2024-03-09,Card-Transport-Bp-Bus-Pass 293843,77.02,transportation,simulated_bank_transactions_uk
2023-12-20,TRANSPORT ESSO UBER RIDE 396758,12.32,transportation,simulated_bank_transactions_uk
2023-05-06,restaurant greggs fast food 551555,76.71,dining,simulated_bank_transactions_uk
2024-06-29,restaurant just eat food delivery 525001,81.19,dining,simulated_bank_transactions_uk
2024-11-20,transport*tfl*fuel 315067,94.28,transportation,simulated_bank_transactions_uk
2023-03-31,MORTGAGE PAYMENT LETTING AGENT,1837.57,housing,simulated_bank_transactions_uk
2023-10-23,CONTACTLESS ASDA RICE,135.0,groceries,simulated_bank_transactions_uk
2023-04-25,CARD PMT MORRISONS MILK 153607,27.22,groceries,simulated_bank_transactions_uk
2024-06-17,Fps Mortgage Pmt,1824.99,housing,simulated_bank_transactions_uk
2024-07-08,FPS-BACS-LETTING-AGENT-RENT,1957.4,housing,simulated_bank_transactions_uk
2024-10-22,SO DIRECT DEBIT OCTOPUS ENERGY 424008,127.65,utilities,simulated_bank_transactions_uk
2023-01-23,CARD PMT ICELAND EGGS 460693,30.79,groceries,simulated_bank_transactions_uk
2024-06-16,online purchase hmrc online purchase 161778,125.74,other,simulated_bank_transactions_uk
2024-10-23,Mortgage/Pmt/Mortgage 403537,1079.91,housing,simulated_bank_transactions_uk
2024-11-12,Card/Payment/Currys/Misc/Expense 867042,74.46,other,simulated_bank_transactions_uk
2023-11-10,BACS MORTGAGE RENT 40280,1394.15,housing,simulated_bank_transactions_uk
2023-10-23,Direct Debit O2 84854,111.82,utilities,simulated_bank_transactions_uk
2023-10-19,Online-Purchase-Superdrug-Online-Purchase 343394,24.81,other,simulated_bank_transactions_uk
2023-06-14,Food Delivery Uber Eats Restaurant 286410,93.94,dining,simulated_bank_transactions_uk
2024-12-26,sto mortgage pmt letting agent 156159,845.5,housing,simulated_bank_transactions_uk
2023-11-21,Rent Pmt Landlord 433689,763.68,housing,simulated_bank_transactions_uk
2023-07-30,CARD PMT GYM GROUP,17.94,subscriptions,simulated_bank_transactions_uk
2023-12-19,subscription google *services,16.09,subscriptions,simulated_bank_transactions_uk
2024-06-30,Fps Direct Debit Severn Trent 451998,244.6,utilities,simulated_bank_transactions_uk
2024-02-19,transport bolt uber ride,138.3,transportation,simulated_bank_transactions_uk
2023-11-24,bacs/food/delivery/nando's/restaur,142.32,dining,simulated_bank_transactions_uk
2024-06-03,direct debit british gas,150.15,utilities,simulated_bank_transactions_uk
2023-10-24,transport trainline bus pass,72.66,transportation,simulated_bank_transactions_uk
2024-03-28,card-pmt-currys-online-purchase,120.54,other,simulated_bank_transactions_uk
2023-02-11,Transport Bolt Uber Ride 235662,110.55,transportation,simulated_bank_transactions_uk
2023-08-14,Bill Pmt British Gas 534595,118.36,utilities,simulated_bank_transactions_uk
2023-02-26,Restaurant Starbucks Fast Food 484694,16.59,dining,simulated_bank_transactions_uk
2023-10-12,MASTERCARD SUBSCRIPTION DISNEY,23.43,subscriptions,simulated_bank_transactions_uk
2024-11-24,Utility Bill Severn Trent 676609,216.88,utilities,simulated_bank_transactions_uk
2024-05-17,Bacs Letting Agent Rent 3628,1152.19,housing,simulated_bank_transactions_uk
2024-01-05,card payment bolt uber ride,136.54,transportation,simulated_bank_transactions_uk
2024-03-13,Card Pmt Deliveroo Restaurant,108.25,dining,simulated_bank_transactions_uk
2023-10-19,transport national rail fuel,57.81,transportation,simulated_bank_transactions_uk
2024-04-01,Transport National Rail Bus Pass 80,48.29,transportation,simulated_bank_transactions_uk
2024-03-30,ONLINE PURCHASE SUPERDRUG ONLINE PURCHASE,34.71,other,simulated_bank_transactions_uk
2024-03-10,Mortgage Pmt Landlord 642963,1004.09,housing,simulated_bank_transactions_uk
2023-03-30,Mortgage-Pmt-Rent 618947,1422.05,housing,simulated_bank_transactions_uk
2024-06-21,Bill Pmt Octopus Energy 331489,247.44,utilities,simulated_bank_transactions_uk
2024-08-27,Card/Pmt/Uber/Uber/Ride 608716,140.17,transportation,simulated_bank_transactions_uk
2024-02-24,FPS CARD PAYMENT BOOTS MISC EXPENSE,16.0,other,simulated_bank_transactions_uk
2024-12-28,Contactless Bacs Letting Agent Rent 609358,1378.14,housing,simulated_bank_transactions_uk
2023-10-24,subscription apple.com/bill 688973,34.13,subscriptions,simulated_bank_transactions_uk
2024-08-22,Subscription/Gym/Group,33.92,subscriptions,simulated_bank_transactions_uk
2024-04-19,fuel national rail fuel 172869,85.21,transportation,simulated_bank_transactions_uk
2023-11-04,Card Bill Payment Thames Wate,63.89,utilities,simulated_bank_transactions_uk
2023-10-22,rent payment letting agent,1532.28,housing,simulated_bank_transactions_uk
2024-12-05,CARD PMT JUST EAT RESTAURANT 407722,75.31,dining,simulated_bank_transactions_uk
2024-05-19,Bacs Letting Agent Rent,1670.61,housing,simulated_bank_transactions_uk
2024-08-18,SO POS ASDA CHICKEN,112.6,groceries,simulated_bank_transactions_uk
2023-09-22,So Restaurant Costa Food Delivery 652244,67.1,dining,simulated_bank_transactions_uk
2024-01-18,Bacs Rent Rent 481093,1745.59,housing,simulated_bank_transactions_uk
2023-06-16,POS SUBSCRIPTION GOOGLE *SERVICES,34.58,subscriptions,simulated_bank_transactions_uk
2024-12-10,Direct Debit Google *services 589683,21.14,subscriptions,simulated_bank_transactions_uk
2024-03-05,Direct Debit Bt 656303,89.99,utilities,simulated_bank_transactions_uk
2024-10-16,rent pmt letting agent 315787,1008.33,housing,simulated_bank_transactions_uk
2024-10-05,Contactless*Asda*Chicken,31.49,groceries,simulated_bank_transactions_uk
2023-11-27,DIRECT-DEBIT-SEVERN-TRENT 747376,66.77,utilities,simulated_bank_transactions_uk
2024-12-02,ONLINE-PURCHASE-ARGOS-MISC-EXPENSE 130737,124.54,other,simulated_bank_transactions_uk
2024-12-15,contactless online purchase currys misc expense,42.9,other,simulated_bank_transactions_uk
2023-05-28,Bacs*Rent*Rent,1412.07,housing,simulated_bank_transactions_uk
2024-01-17,POS MORRISONS BREA,79.17,groceries,simulated_bank_transactions_uk
2023-06-16,pos purchase superdrug misc expense,63.56,other,simulated_bank_transactions_uk
2023-08-15,POS/ASDA/BREAD 863113,25.72,groceries,simulated_bank_transactions_uk
2024-07-26,Pos Purchase Currys Online Purchase,119.88,other,simulated_bank_transactions_uk
2024-06-28,Pos Card Payment Puregym,23.4,subscriptions,simulated_bank_transactions_uk
2023-04-30,MORTGAGE PMT LANDLORD,1882.44,housing,simulated_bank_transactions_uk
2024-05-06,CARD/PAYMENT/NHS/ONLINE/PURCHASE 855008,138.74,other,simulated_bank_transactions_uk
2023-05-23,VISA FUEL TRAINLINE BUS PASS,104.58,transportation,simulated_bank_transactions_uk
2024-09-03,card pmt argos misc expense,133.79,other,simulated_bank_transactions_uk
2023-05-02,direct debit netflix,15.66,subscriptions,simulated_bank_transactions_uk
2023-08-21,BILL PMT VODAFONE 371334,61.32,utilities,simulated_bank_transactions_uk
2023-03-22,card*pmt*uber*train*ticket 65387,33.85,transportation,simulated_bank_transactions_uk
2023-04-25,FOOD-DELIVERY-PRET-FOOD-DELIVERY 293896,115.16,dining,simulated_bank_transactions_uk
2024-03-17,card payment tesco milk 722872,116.88,groceries,simulated_bank_transactions_uk
2024-11-06,pos/card/pmt/iceland/bread 404263,18.85,groceries,simulated_bank_transactions_uk
2023-09-17,subscription disney+ 691271,9.16,subscriptions,simulated_bank_transactions_uk
2023-01-11,Sto-Contactless-Aldi-Milk 257161,47.34,groceries,simulated_bank_transactions_uk
2024-09-08,ONLINE PURCHASE ARGOS ONLINE PURCHASE 724137,118.01,other,simulated_bank_transactions_uk
2023-04-03,POS UTILITY BILL VODAFONE,107.34,utilities,simulated_bank_transactions_uk
2023-06-14,Utility Bill Thames Water 375223,106.52,utilities,simulated_bank_transactions_uk
2023-03-11,online purchase nhs online purchase 796792,77.22,other,simulated_bank_transactions_uk
2024-06-25,card payment waitrose chicken 940445,115.2,groceries,simulated_bank_transactions_uk
2024-07-04,direct debit vodafone 576215,67.79,utilities,simulated_bank_transactions_uk
2023-08-08,MASTERCARD*POS*ASDA*VEGETABLES 295032,17.51,groceries,simulated_bank_transactions_uk
2023-07-09,SUBSCRIPTION-PUREGYM,29.43,subscriptions,simulated_bank_transactions_uk
2023-07-05,card pmt kfc food delivery 7665,143.79,dining,simulated_bank_transactions_uk
2024-03-10,CARD PMT NHS MISC EXPENSE 604638,147.25,other,simulated_bank_transactions_uk
2023-11-18,Utility Bill Vodafone 775793,197.51,utilities,simulated_bank_transactions_uk
2023-05-20,CARD/CONTACTLESS/TESCO/RICE 220226,19.22,groceries,simulated_bank_transactions_uk
2024-07-24,RESTAURANT GREGGS FAST FOOD,106.6,dining,simulated_bank_transactions_uk
2024-01-30,bacs letting agent rent,1291.2,housing,simulated_bank_transactions_uk
2023-11-16,transport bp fuel,91.26,transportation,simulated_bank_transactions_uk
2024-03-14,mastercard rent payment landlord 749365,1170.2,housing,simulated_bank_transactions_uk
2024-11-26,UTILITY BILL EE 595850,206.54,utilities,simulated_bank_transactions_uk
2024-11-21,Card-Payment-Esso-Train-Ticket 972204,4.88,transportation,simulated_bank_transactions_uk
2024-03-24,Card Pmt Pret Food Delivery 610644,18.46,dining,simulated_bank_transactions_uk
2024-02-09,subscription disney+ 414775,9.17,subscriptions,simulated_bank_transactions_uk
2023-04-15,card/food/delivery/uber/eats/food/delivery 54223,89.81,dining,simulated_bank_transactions_uk
2023-12-13,rent-payment-rent 869336,1965.29,housing,simulated_bank_transactions_uk
2024-05-26,Pos/Bill/Payment/Vodafone 75905,214.38,utilities,simulated_bank_transactions_uk
2024-10-21,Fuel Trainline Bus Pass 35714,114.18,transportation,simulated_bank_transactions_uk
2024-09-09,Food/Delivery/Pret/Fast/Food,72.95,dining,simulated_bank_transactions_uk
2023-05-31,card payment uber eats fast food 938735,78.18,dining,simulated_bank_transactions_uk
2023-09-14,Card Payment Superdrug Misc Expense,18.88,other,simulated_bank_transactions_uk
2023-05-18,So Restaurant Greggs Fast Food 500938,36.93,dining,simulated_bank_transactions_uk
2023-03-11,POS SAINSBURYS MILK 398877,111.46,groceries,simulated_bank_transactions_uk
2023-07-03,STO RESTAURANT JUST EAT FOOD DELIVERY,6.93,dining,simulated_bank_transactions_uk
2023-06-06,CARD*PMT*COSTA*FOOD*DELIVERY 248256,102.84,dining,simulated_bank_transactions_uk
2024-11-07,fuel-bolt-uber-ride,114.75,transportation,simulated_bank_transactions_uk
2023-07-26,ONLINE PURCHASE HMRC MISC EXPENSE 253067,119.53,other,simulated_bank_transactions_uk
2023-09-25,FUEL ESSO FUEL 985190,75.07,transportation,simulated_bank_transactions_uk
2023-01-19,Visa Subscription Disney+ 555251,23.92,subscriptions,simulated_bank_transactions_uk
2023-05-02,Pos Purchase Amazon Online Purchase 924222,148.63,other,simulated_bank_transactions_uk
2024-01-21,CARD PMT JUST EAT FAST FOOD 254993,49.24,dining,simulated_bank_transactions_uk
2023-07-01,CARD-PMT-NANDO'S-FAST-FOOD 1,8.29,dining,simulated_bank_transactions_uk
2024-12-24,Contactless*Direct*Debit*Disney+,15.61,subscriptions,simulated_bank_transactions_uk
2024-02-03,Direct Debit Utility Bill Thames Water 423868,98.74,utilities,simulated_bank_transactions_uk
2024-05-17,Restaurant Costa Restaurant 89716,86.62,dining,simulated_bank_transactions_uk
2024-06-02,mortgage pmt letting agent 961783,1796.09,housing,simulated_bank_transactions_uk
2024-08-28,contactless lidl rice 289812,41.72,groceries,simulated_bank_transactions_uk
2023-10-19,restaurant mcdonalds food delivery,102.44,dining,simulated_bank_transactions_uk
2023-02-16,Transport-Uber-Uber-Ride 927396,7.14,transportation,simulated_bank_transactions_uk
2023-01-28,Utility*Bill*Vodafone 757287,193.25,utilities,simulated_bank_transactions_uk
2024-03-14,ONLINE PURCHASE EBAY MISC EXPENSE 208607,58.94,other,simulated_bank_transactions_uk
2023-02-27,CARD PMT NATIONAL RAIL BUS PASS 81573,63.55,transportation,simulated_bank_transactions_uk
2024-08-29,So Mortgage Pmt Mortgage,1507.32,housing,simulated_bank_transactions_uk
2023-11-09,Visa Pos Tesco Vegetables 436182,12.63,groceries,simulated_bank_transactions_uk
2024-07-05,bacs contactless asda eggs 765685,27.96,groceries,simulated_bank_transactions_uk
2024-03-08,Fuel Trainline Uber Ride 640361,70.75,transportation,simulated_bank_transactions_uk
2024-12-13,SUBSCRIPTION-DISNEY+ 307439,14.33,subscriptions,simulated_bank_transactions_uk
2023-11-21,FOOD*DELIVERY*STARBUCKS*FOOD*DELIVERY 855533,6.27,dining,simulated_bank_transactions_uk
2024-08-09,FPS FOOD DELIVERY KFC FOOD DELIVERY,60.37,dining,simulated_bank_transactions_uk
2024-11-22,POS ALDI RICE 831505,17.71,groceries,simulated_bank_transactions_uk
2024-11-14,Bill Pmt O2 136042,208.52,utilities,simulated_bank_transactions_uk
2024-01-08,TRANSPORT TFL TRAIN TICKET 418155,93.38,transportation,simulated_bank_transactions_uk
2023-03-19,FPS CARD PMT NANDO'S RESTAURANT 185033,76.05,dining,simulated_bank_transactions_uk
2023-02-18,bacs pos purchase boots online purchase 889596,45.24,other,simulated_bank_transactions_uk
2024-10-01,Fuel National Rail Fuel 319773,121.28,transportation,simulated_bank_transactions_uk
2024-08-29,bacs/rent/rent 223256,1409.47,housing,simulated_bank_transactions_uk
2024-06-27,direct debit fuel shell bus pass 50798,12.89,transportation,simulated_bank_transactions_uk
2023-03-20,FOOD DELIVERY UBER EATS FAST FOOD,33.83,dining,simulated_bank_transactions_uk
2024-11-10,bacs letting agent rent,1019.87,housing,simulated_bank_transactions_uk
2024-10-01,Card Pmt Gym Group,19.08,subscriptions,simulated_bank_transactions_uk
2023-01-20,direct debit subscription puregym 155069,24.16,subscriptions,simulated_bank_transactions_uk
2024-04-23,Mortgage Payment Rent,898.13,housing,simulated_bank_transactions_uk
2024-10-03,POS*TRANSPORT*NATIONAL*RAIL*FUEL 588043,140.39,transportation,simulated_bank_transactions_uk
2024-04-18,card payment tesco chicken 801893,32.5,groceries,simulated_bank_transactions_uk
2023-11-04,pos utility bill british gas,180.77,utilities,simulated_bank_transactions_uk
2023-03-07,Pos Purchase Currys Misc Expense 589411,63.31,other,simulated_bank_transactions_uk
2023-10-21,Rent/Pmt/Letting/Agent,973.71,housing,simulated_bank_transactions_uk
2024-02-20,Mortgage-Payment-Mortgage 154734,1441.73,housing,simulated_bank_transactions_uk
2023-11-14,direct debit thames water,36.09,utilities,simulated_bank_transactions_uk
2024-03-22,Card Restaurant Just Eat Fast Food 354215,85.29,dining,simulated_bank_transactions_uk
2023-07-26,restaurant-nando's-food-delivery,136.13,dining,simulated_bank_transactions_uk
2023-10-12,DIRECT*DEBIT*BRITISH*GAS 952413,86.85,utilities,simulated_bank_transactions_uk
2024-05-12,Rent Payment Rent 701779,659.13,housing,simulated_bank_transactions_uk
2023-03-27,card-payment-superdrug-online-purchase 661458,11.13,other,simulated_bank_transactions_uk
2024-02-21,TRANSPORT SHELL BUS PASS 611756,130.47,transportation,simulated_bank_transactions_uk
2023-05-24,DIRECT DEBIT FUEL BP UBER RIDE,61.34,transportation,simulated_bank_transactions_uk
2023-05-04,Fps Bill Pmt Bt,140.05,utilities,simulated_bank_transactions_uk
2024-06-21,card*payment*disney+,38.24,subscriptions,simulated_bank_transactions_uk
2023-09-01,Transport-Bp-Fuel 983069,133.03,transportation,simulated_bank_transactions_uk
2024-08-21,FPS SUBSCRIPTION APPLE.COM/BILL,15.97,subscriptions,simulated_bank_transactions_uk
2024-03-09,rent pmt landlord,1641.54,housing,simulated_bank_transactions_uk
2023-10-09,CARD*DIRECT*DEBIT*SCOTTISHPOWER 539228,77.1,utilities,simulated_bank_transactions_uk
2024-08-26,card pmt costa fast food,40.38,dining,simulated_bank_transactions_uk
2024-12-17,Card-Pmt-Aldi-Rice 907098,81.42,groceries,simulated_bank_transactions_uk
2024-05-01,Pos/Tesco/Eggs 873415,83.22,groceries,simulated_bank_transactions_uk
2023-05-29,Bacs Mortgage Rent 539329,1831.21,housing,simulated_bank_transactions_uk
2023-11-12,Transport National Rail Fuel,108.2,transportation,simulated_bank_transactions_uk
2024-09-12,Pos Asda Vegetables 357660,145.12,groceries,simulated_bank_transactions_uk
2023-02-25,Bacs/Contactless/Iceland/Vegetables,100.35,groceries,simulated_bank_transactions_uk
2024-10-16,bacs landlord ren,1138.57,housing,simulated_bank_transactions_uk
2024-07-01,Mortgage Payment Mortgage,1559.35,housing,simulated_bank_transactions_uk
2024-02-02,ONLINE PURCHASE HMRC ONLINE PURCHASE 151606,129.07,other,simulated_bank_transactions_uk
2023-09-19,pos*asda*rice 692593,139.34,groceries,simulated_bank_transactions_uk
2023-08-30,Fuel Shell Uber Ride 77401,140.64,transportation,simulated_bank_transactions_uk
2023-06-14,transport national rail train ticket 42350,129.33,transportation,simulated_bank_transactions_uk
2024-10-21,Sto Food Delivery Just Eat Food Delivery,49.63,dining,simulated_bank_transactions_uk
2023-03-24,Restaurant*Pret*Restaurant,43.28,dining,simulated_bank_transactions_uk
2024-02-27,ONLINE PURCHASE BOOTS MISC EXPENSE,72.25,other,simulated_bank_transactions_uk
2023-04-13,online purchase ebay misc expense 850618,108.46,other,simulated_bank_transactions_uk
2024-06-02,CARD ONLINE PURCHASE AMAZON ONLINE PURCHASE 501801,105.68,other,simulated_bank_transactions_uk
2024-07-14,Pos Asda Eggs 659315,64.87,groceries,simulated_bank_transactions_uk
2023-02-23,MORTGAGE PMT MORTGAGE,638.29,housing,simulated_bank_transactions_uk
2023-05-20,RENT PMT LANDLORD 675554,1707.43,housing,simulated_bank_transactions_uk
2023-11-09,Card Payment Tesco Ric,32.41,groceries,simulated_bank_transactions_uk
2023-09-13,card pmt shell uber ride 706703,19.29,transportation,simulated_bank_transactions_uk
2023-05-14,card payment apple.com/bill 980612,34.07,subscriptions,simulated_bank_transactions_uk
2023-11-24,Direct Debit Online Purchase Nhs Misc Expense 259604,119.52,other,simulated_bank_transactions_uk
2023-05-17,Food/Delivery/Mcdonalds/Fast/Food 946310,131.41,dining,simulated_bank_transactions_uk
2023-12-02,Mastercard Card Pmt Trainline Train Ticket 799488,104.06,transportation,simulated_bank_transactions_uk
2024-02-29,Card/Pmt/Nhs/Misc/Expense,32.2,other,simulated_bank_transactions_uk
2024-01-22,Transport*Shell*Train*Ticket 27905,60.84,transportation,simulated_bank_transactions_uk
2023-01-24,Online Purchase Nhs Online Purchase 337007,6.05,other,simulated_bank_transactions_uk
2023-04-02,Contactless Direct Debit Apple.com/bill,13.0,subscriptions,simulated_bank_transactions_uk
2023-06-22,pos food delivery deliveroo restaurant 283207,41.48,dining,simulated_bank_transactions_uk
2024-09-06,CARD PAYMENT SAINSBURYS RICE 344687,93.85,groceries,simulated_bank_transactions_uk
2024-01-12,Fuel Uber Train Ticket 887964,16.09,transportation,simulated_bank_transactions_uk
2024-04-09,direct-debit-octopus-energy,145.68,utilities,simulated_bank_transactions_uk
2024-12-31,DIRECT DEBIT POS PURCHASE EBAY MISC EXPENSE 128940,20.42,other,simulated_bank_transactions_uk
2023-09-30,Bill Payment Ee 379521,208.95,utilities,simulated_bank_transactions_uk
2024-03-17,Card Payment Shell Fuel,59.16,transportation,simulated_bank_transactions_uk
2023-10-17,card pmt hmrc online purchase,91.21,other,simulated_bank_transactions_uk
2023-05-30,direct debit mortgage payment letting agent,1171.93,housing,simulated_bank_transactions_uk
2023-08-30,Contactless-Waitrose-Eggs 136158,146.49,groceries,simulated_bank_transactions_uk
2024-12-01,SUBSCRIPTION SPOTI,17.94,subscriptions,simulated_bank_transactions_uk
2023-11-28,Mortgage/Payment/Letting/Agent 920990,1256.43,housing,simulated_bank_transactions_uk
2024-12-26,visa mortgage pmt rent 665186,1598.67,housing,simulated_bank_transactions_uk
2023-03-16,FOOD*DELIVERY*JUST*EAT*FOOD*DELIVERY 651077,90.79,dining,simulated_bank_transactions_uk
2023-12-07,Pos Iceland Chicken 943532,11.64,groceries,simulated_bank_transactions_uk
2024-11-17,UTILITY-BILL-O2,249.28,utilities,simulated_bank_transactions_uk
2024-05-31,mastercard pos purchase argos online purchase 570759,3.79,other,simulated_bank_transactions_uk
2024-01-15,MASTERCARD CARD PAYMENT SPOTIFY,18.81,subscriptions,simulated_bank_transactions_uk
2024-05-30,Visa Bill Payment Sky 514317,87.26,utilities,simulated_bank_transactions_uk
2023-05-16,Card Restaurant Just Eat Fast Food,132.05,dining,simulated_bank_transactions_uk
2024-03-19,pos asda eggs 659227,107.41,groceries,simulated_bank_transactions_uk
2023-05-11,Bill Payment E.on 814189,39.72,utilities,simulated_bank_transactions_uk
2024-03-16,restaurant deliveroo fast food 461887,112.93,dining,simulated_bank_transactions_uk
2023-09-28,TRANSPORT ESSO BUS PASS,93.1,transportation,simulated_bank_transactions_uk
2024-05-18,card subscription disney+ 777989,10.77,subscriptions,simulated_bank_transactions_uk
2024-11-04,Card Pmt Argos Online Purchase 248749,84.68,other,simulated_bank_transactions_uk
2023-08-24,rent payment landlord,808.07,housing,simulated_bank_transactions_uk
2024-04-23,direct debit ee 676918,65.98,utilities,simulated_bank_transactions_uk
2024-05-21,CARD PAYMENT DELIVEROO RESTAURANT 274718,149.29,dining,simulated_bank_transactions_uk
2024-12-27,Fps Contactless Iceland Rice 3818,55.41,groceries,simulated_bank_transactions_uk
2023-06-01,DIRECT DEBIT DIRECT DEBIT DISNEY+ 553599,8.94,subscriptions,simulated_bank_transactions_uk
2023-10-18,Pos/Sainsburys/Eggs 30442,16.76,groceries,simulated_bank_transactions_uk
2024-07-30,Direct Debit Octopus Energy 1826,210.97,utilities,simulated_bank_transactions_uk
2024-06-22,Bacs Letting Agent Rent 531490,1960.28,housing,simulated_bank_transactions_uk
2023-03-20,Pos Purchase Nhs Online Purchase 375723,64.21,other,simulated_bank_transactions_uk
2023-01-27,Utility Bill Sky,225.22,utilities,simulated_bank_transactions_uk
2024-08-27,transport tfl uber ride 855246,60.94,transportation,simulated_bank_transactions_uk
2023-03-25,Card Pos Waitrose Eggs 974641,25.6,groceries,simulated_bank_transactions_uk
2024-04-09,Card Payment Pret Food Delivery 26197,99.95,dining,simulated_bank_transactions_uk
2023-02-14,Mortgage/Pmt/Landlord,608.13,housing,simulated_bank_transactions_uk
2024-08-05,rent payment mortgage 418,1624.16,housing,simulated_bank_transactions_uk
2023-10-17,fps direct debit e.on 121760,206.34,utilities,simulated_bank_transactions_uk
2024-07-14,TRANSPORT TRAINLINE UBER RIDE 648504,112.34,transportation,simulated_bank_transactions_uk
2023-09-03,Subscription Puregym,13.93,subscriptions,simulated_bank_transactions_uk
2023-08-02,card pmt currys misc expense 478462,16.11,other,simulated_bank_transactions_uk
2024-10-31,CONTACTLESS BILL PAYMENT SKY,92.69,utilities,simulated_bank_transactions_uk
2023-11-14,Utility Bill Sky 142174,206.24,utilities,simulated_bank_transactions_uk
2024-01-12,STO MORTGAGE PAYMENT LETTING AGENT,734.56,housing,simulated_bank_transactions_uk
2024-05-02,SUBSCRIPTION GYM GROUP 135430,35.99,subscriptions,simulated_bank_transactions_uk
2024-03-08,FPS*TRANSPORT*ESSO*FUEL,16.26,transportation,simulated_bank_transactions_uk
2024-03-20,POS PURCHASE SUPERDRUG MISC EXPENSE 79589,93.24,other,simulated_bank_transactions_uk
2024-04-19,Rent Payment Landlord 170820,1318.68,housing,simulated_bank_transactions_uk
2024-05-22,STO MORTGAGE PAYMENT MORTGAGE,1599.09,housing,simulated_bank_transactions_uk
2024-04-24,contactless direct debit netflix 335952,7.94,subscriptions,simulated_bank_transactions_uk
2024-05-04,CONTACTLESS FOOD DELIVERY MCDONALDS RESTAURANT 953086,136.36,dining,simulated_bank_transactions_uk
2024-12-01,Fuel Esso Train Ticket 619788,147.68,transportation,simulated_bank_transactions_uk
2023-10-30,CARD*PMT*SHELL*TRAIN*TICKET,79.89,transportation,simulated_bank_transactions_uk
2024-06-09,visa direct debit apple.com/bill,37.11,subscriptions,simulated_bank_transactions_uk
2023-04-07,Pos Tesco Chicken 472152,65.46,groceries,simulated_bank_transactions_uk
2023-09-17,RESTAURANT NANDO'S FOOD DELIVERY,108.89,dining,simulated_bank_transactions_uk
2024-05-30,Transport-Esso-Bus-Pass,89.08,transportation,simulated_bank_transactions_uk
2024-04-18,CONTACTLESS/LIDL/MILK 51120,111.86,groceries,simulated_bank_transactions_uk
2024-03-02,BILL PMT THAMES WATER,39.96,utilities,simulated_bank_transactions_uk
2024-11-17,rent pmt mortgage 451347,1613.73,housing,simulated_bank_transactions_uk
2023-12-16,visa card payment deliveroo food delivery,121.75,dining,simulated_bank_transactions_uk
2023-03-22,Card Pmt Hmrc Online Purchase,34.03,other,simulated_bank_transactions_uk
2024-07-01,Bacs Rent Rent 279925,748.86,housing,simulated_bank_transactions_uk
2023-01-14,Pos Morrisons Milk,61.06,groceries,simulated_bank_transactions_uk
2024-11-04,CONTACTLESS BILL PMT BT 248413,119.12,utilities,simulated_bank_transactions_uk
2024-09-23,bacs rent rent,1738.39,housing,simulated_bank_transactions_uk
2023-03-31,transport national rail fuel 871455,121.28,transportation,simulated_bank_transactions_uk
2023-01-17,Bill*Pmt*O2 854189,54.62,utilities,simulated_bank_transactions_uk
2024-10-26,Rent*Pmt*Letting*Agent 52489,892.92,housing,simulated_bank_transactions_uk
2024-07-05,Card Bill Payment Bt 723347,167.73,utilities,simulated_bank_transactions_uk
2024-04-30,Utility Bill S,131.95,utilities,simulated_bank_transactions_uk
2023-06-06,Card/Pmt/Greggs/Restaurant 541615,20.12,dining,simulated_bank_transactions_uk
2024-04-05,Rent Payment Landlord 662467,1260.08,housing,simulated_bank_transactions_uk
2024-02-06,sto subscription apple.com/bill,24.93,subscriptions,simulated_bank_transactions_uk
2024-10-07,Fps Pos Iceland Eggs 657367,4.16,groceries,simulated_bank_transactions_uk
2024-05-22,Online Purchase Boots Misc Expense,146.98,other,simulated_bank_transactions_uk
2024-06-09,mastercard bacs letting agent rent 539071,1159.55,housing,simulated_bank_transactions_uk
2024-05-14,card pmt amazon prime 65712,28.75,subscriptions,simulated_bank_transactions_uk
2023-11-20,utility bill thames water,122.84,utilities,simulated_bank_transactions_uk
2024-04-29,direct debit amazon prime 980525,27.69,subscriptions,simulated_bank_transactions_uk
2024-10-23,contactless iceland rice,94.54,groceries,simulated_bank_transactions_uk
2023-01-22,FUEL-BP-FUEL 124641,105.53,transportation,simulated_bank_transactions_uk
2024-03-24,BACS UTILITY BILL OCTOPUS ENERGY 186628,133.23,utilities,simulated_bank_transactions_uk
2024-09-08,utility*bill*sky 901719,180.69,utilities,simulated_bank_transactions_uk
2023-10-28,Card Pmt Hmrc Misc Expense,22.28,other,simulated_bank_transactions_uk
2024-11-20,Mortgage Payment Mortgage 537556,1766.31,housing,simulated_bank_transactions_uk
2023-06-15,DIRECT-DEBIT-MORTGAGE-PAYMENT-RENT 255969,1719.66,housing,simulated_bank_transactions_uk
2024-11-14,Sto Direct Debit Gym Group 420567,31.22,subscriptions,simulated_bank_transactions_uk
2023-06-10,CARD*PAYMENT*JUST*EAT*RESTAURANT 790467,28.47,dining,simulated_bank_transactions_uk
2024-05-20,DIRECT/DEBIT/SPOTIFY,19.56,subscriptions,simulated_bank_transactions_uk
2023-02-18,Card Payment Uber Train Ticket 224707,33.79,transportation,simulated_bank_transactions_uk
2024-01-01,POS POS MORRISONS EGGS 818636,132.49,groceries,simulated_bank_transactions_uk
2024-05-30,RENT/PMT/RENT 647216,1803.25,housing,simulated_bank_transactions_uk
2023-04-27,Contactless*Waitrose*Milk 67248,52.65,groceries,simulated_bank_transactions_uk
2023-09-22,CARD PAYMENT PUREGYM 952638,12.84,subscriptions,simulated_bank_transactions_uk
2024-07-24,mastercard card payment bp bus pass,116.1,transportation,simulated_bank_transactions_uk
2024-06-11,Card Payment Uber Train Ticket 647413,128.45,transportation,simulated_bank_transactions_uk
2024-03-24,card*pmt*amazon*prime 723142,6.76,subscriptions,simulated_bank_transactions_uk
2023-04-24,Pos Purchase Ebay Misc Expense 131145,144.51,other,simulated_bank_transactions_uk
2023-04-15,POS ASDA CHICKEN,92.62,groceries,simulated_bank_transactions_uk
2023-06-21,VISA CARD PMT EBAY ONLINE PURCHASE,77.57,other,simulated_bank_transactions_uk
2023-06-10,rent pmt mortgage 540668,1875.38,housing,simulated_bank_transactions_uk
2024-05-25,MORTGAGE-PAYMENT-LETTING-AGENT,1666.75,housing,simulated_bank_transactions_uk
2023-05-22,rent payment letting agent,1109.23,housing,simulated_bank_transactions_uk
2024-03-01,card pmt morrisons bread 861032,67.55,groceries,simulated_bank_transactions_uk
2024-04-30,pos purchase boots online purchase 31601,39.06,other,simulated_bank_transactions_uk
2023-03-29,So/Card/Payment/Bolt/Bus/Pass 821228,77.24,transportation,simulated_bank_transactions_uk
2024-02-29,CARD PAYMENT BP BUS,108.13,transportation,simulated_bank_transactions_uk
2024-06-26,VISA FUEL SHELL TRAIN TICKET 898135,25.29,transportation,simulated_bank_transactions_uk
2024-03-15,fps card pmt mcdonalds restaurant 497970,23.29,dining,simulated_bank_transactions_uk
2024-06-12,RESTAURANT MCDONALDS FAST FOOD 955958,135.02,dining,simulated_bank_transactions_uk
2024-03-29,ONLINE PURCHASE BOOTS MISC EXPENSE 114610,141.73,other,simulated_bank_transactions_uk
2023-03-13,Bill Pmt Ee 625452,143.82,utilities,simulated_bank_transactions_uk
2023-06-18,CARD*PAYMENT*WAITROSE*EGGS,49.28,groceries,simulated_bank_transactions_uk
2023-02-07,Card-Payment-Starbucks-Restaurant 797626,60.81,dining,simulated_bank_transactions_uk
2024-10-08,rent pmt letting,680.93,housing,simulated_bank_transactions_uk
2024-12-18,BACS LETTING AGENT RENT 130400,1840.1,housing,simulated_bank_transactions_uk
2023-12-19,card pmt amazo,15.98,subscriptions,simulated_bank_transactions_uk
2024-09-17,CARD PMT MORRISONS EGGS,135.33,groceries,simulated_bank_transactions_uk
2024-07-11,DIRECT DEBIT OCTOPUS ENERGY 808142,75.13,utilities,simulated_bank_transactions_uk
2024-10-26,Card Payment Puregym 697776,29.41,subscriptions,simulated_bank_transactions_uk
2023-03-28,so restaurant mcdonalds restaurant,132.5,dining,simulated_bank_transactions_uk
2023-05-10,CONTACTLESS WAITROSE CHICKEN 406824,52.17,groceries,simulated_bank_transactions_uk
2024-07-19,DIRECT DEBIT NETFLIX,8.25,subscriptions,simulated_bank_transactions_uk
2023-06-13,Fuel/Shell/Bus/Pass,114.29,transportation,simulated_bank_transactions_uk
2024-07-06,contactless sainsburys milk 9,133.88,groceries,simulated_bank_transactions_uk
2024-03-08,Subscription Google *services,32.1,subscriptions,simulated_bank_transactions_uk
2023-09-23,card pmt amazon prime 823375,34.46,subscriptions,simulated_bank_transactions_uk
2023-05-08,STO BACS RENT RENT,1659.18,housing,simulated_bank_transactions_uk
2023-01-06,food delivery greggs fast food 540484,87.15,dining,simulated_bank_transactions_uk
2024-08-18,card pmt uber eats fast food 503625,147.49,dining,simulated_bank_transactions_uk
2024-06-30,CARD PAYMENT PUREGYM,26.97,subscriptions,simulated_bank_transactions_uk
2023-10-19,Card Online Purchase Hmrc Online Purchase 622168,54.5,other,simulated_bank_transactions_uk
2023-09-11,Mastercard Rent Payment Landlord 411933,1327.53,housing,simulated_bank_transactions_uk
2023-07-17,contactless asda eggs 607154,78.92,groceries,simulated_bank_transactions_uk
2023-05-31,MASTERCARD CARD PAYMENT CURRYS MISC EXPENSE 726263,69.78,other,simulated_bank_transactions_uk
2023-03-05,visa mortgage pmt mortgage 586219,714.73,housing,simulated_bank_transactions_uk
2024-04-01,SO-FOOD-DELIVERY-DELIVEROO-RESTAURANT 98455,73.01,dining,simulated_bank_transactions_uk
2024-02-17,Contactless Lidl Eggs 536124,102.49,groceries,simulated_bank_transactions_uk
2023-09-28,Direct Debit Puregym 331156,18.82,subscriptions,simulated_bank_transactions_uk
2024-12-06,Pos Card Payment Google *services 789106,39.88,subscriptions,simulated_bank_transactions_uk
2023-06-16,CARD*PMT*MCDONALDS*FOOD*DELIVERY 79153,146.07,dining,simulated_bank_transactions_uk
2024-12-22,Bill Pmt British Gas 14675,130.7,utilities,simulated_bank_transactions_uk
2024-04-29,Direct Debit Gym Group,12.44,subscriptions,simulated_bank_transactions_uk
2024-07-26,POS ALDI VEGETABLES,26.06,groceries,simulated_bank_transactions_uk
2024-02-23,transport*esso*uber*ride 309492,91.44,transportation,simulated_bank_transactions_uk
2023-10-24,sto/contactless/morrisons/milk 586136,57.33,groceries,simulated_bank_transactions_uk
2024-01-16,CARD*PMT*SAINSBURYS*CHICKEN 476565,25.54,groceries,simulated_bank_transactions_uk
2024-05-12,CARD PAYMENT ESSO BUS PASS 924983,47.58,transportation,simulated_bank_transactions_uk
2024-08-26,card payment waitrose bread,23.89,groceries,simulated_bank_transactions_uk
2023-11-09,Restaurant Uber Eats Restaurant 124499,140.71,dining,simulated_bank_transactions_uk
2024-05-15,CARD/PAYMENT/ESSO/TRAIN/TICKET,29.91,transportation,simulated_bank_transactions_uk
2023-03-11,card payment asda milk 186625,83.49,groceries,simulated_bank_transactions_uk
2024-08-09,Pos Purchase Nhs Online Purchase,64.38,other,simulated_bank_transactions_uk
2024-01-22,so*card*payment*shell,135.34,transportation,simulated_bank_transactions_uk
2023-05-16,CARD PAYMENT JUST EAT FOOD DELIVERY,125.55,dining,simulated_bank_transactions_uk
2024-04-16,BACS ONLINE PURCHASE AMAZON ONLINE PURCHASE 289472,77.2,other,simulated_bank_transactions_uk
2023-06-02,CARD PAYMENT NHS MISC EXPENSE,101.08,other,simulated_bank_transactions_uk
2024-10-01,mastercard online purchase superdrug misc expense,16.13,other,simulated_bank_transactions_uk
2023-12-14,BACS*LANDLORD*RENT 988336,1860.34,housing,simulated_bank_transactions_uk
2023-10-12,Direct Debit Subscription Google *servic,36.15,subscriptions,simulated_bank_transactions_uk
2024-08-08,Rent Payment Letting Agent 449165,1590.09,housing,simulated_bank_transactions_uk
2024-07-26,FPS BACS RENT RENT 35422,773.29,housing,simulated_bank_transactions_uk
2024-07-08,CONTACTLESS MORRISONS BREAD,143.41,groceries,simulated_bank_transactions_uk
2024-05-02,card/pmt/spotify,23.26,subscriptions,simulated_bank_transactions_uk
2023-07-04,card-payment-gym-group 496155,37.77,subscriptions,simulated_bank_transactions_uk
2023-09-09,Contactless Morrisons Eggs 498166,118.65,groceries,simulated_bank_transactions_uk
2024-06-30,MASTERCARD/ONLINE/PURCHASE/BOOTS/MISC/EXPENSE 589754,15.44,other,simulated_bank_transactions_uk
2023-01-24,CONTACTLESS SUBSCRIPTION GYM GROUP,6.57,subscriptions,simulated_bank_transactions_uk
2023-01-25,Fuel Bolt Fuel 904918,29.53,transportation,simulated_bank_transactions_uk
2023-04-04,card-pmt-hmrc-misc-expense,59.16,other,simulated_bank_transactions_uk
2023-10-20,contactless-lidl-milk 145598,82.64,groceries,simulated_bank_transactions_uk
2023-11-11,bill payment severn trent 471795,49.72,utilities,simulated_bank_transactions_uk
2024-09-21,CARD PMT COSTA FOOD DELIVE,27.87,dining,simulated_bank_transactions_uk
2023-03-01,Contactless Card Payment Shell Train Ticket 933690,6.99,transportation,simulated_bank_transactions_uk
2023-05-26,Transport Trainline Fuel 845566,17.52,transportation,simulated_bank_transactions_uk
2023-05-04,CARD-FOOD-DELIVERY-DELIVEROO-FAST-FOOD,40.92,dining,simulated_bank_transactions_uk
2024-09-03,Contactless Aldi Bread 192093,38.22,groceries,simulated_bank_transactions_uk
2024-01-30,CARD*PMT*GOOGLE**SERVICES,31.33,subscriptions,simulated_bank_transactions_uk
2024-04-20,Pos Pos Tesco Eggs,11.91,groceries,simulated_bank_transactions_uk
2024-10-10,CONTACTLESS DIRECT DEBIT APPLE.COM/BILL 465458,6.01,subscriptions,simulated_bank_transactions_uk
2024-11-22,Bill Payment E.on 30412,241.96,utilities,simulated_bank_transactions_uk
2024-10-29,POS SAINSBURYS BREAD 319832,115.16,groceries,simulated_bank_transactions_uk
2024-02-21,DIRECT/DEBIT/CARD/PAYMENT/AMAZON/ONLINE/PURCHASE 532085,47.78,other,simulated_bank_transactions_uk
2024-05-27,Card Payment Greggs Restaurant,127.4,dining,simulated_bank_transactions_uk
2023-09-09,utility bill severn trent 392957,246.77,utilities,simulated_bank_transactions_uk
2023-02-12,SUBSCRIPTION*GOOGLE**SERVICES 6066,24.43,subscriptions,simulated_bank_transactions_uk
2024-09-27,Contactless Morrisons Rice 406649,144.28,groceries,simulated_bank_transactions_uk
2024-05-08,Card Payment Esso Train Ticket 729118,3.08,transportation,simulated_bank_transactions_uk
2024-01-25,FUEL UBER BUS PASS,126.4,transportation,simulated_bank_transactions_uk
2024-06-06,transport uber train ticket,89.02,transportation,simulated_bank_transactions_uk
2024-06-30,Transport/Tfl/Uber/Ride,26.73,transportation,simulated_bank_transactions_uk
2023-05-06,direct debit disney+ 694624,18.84,subscriptions,simulated_bank_transactions_uk
2023-10-14,Card Payment Argos Online Purchase 675392,109.59,other,simulated_bank_transactions_uk
2023-11-22,FOOD DELIVERY STARBUCKS RESTAURANT 958899,92.74,dining,simulated_bank_transactions_uk
2024-12-25,MASTERCARD RENT PAYMENT LETTING AGENT 143691,1971.5,housing,simulated_bank_transactions_uk
2023-11-26,Restaurant Pret Fast Food,39.15,dining,simulated_bank_transactions_uk
2024-09-05,Sto Card Payment Esso Train Ticke,70.59,transportation,simulated_bank_transactions_uk
2023-05-17,Card-Payment-Uber-Uber-Ride 1,137.36,transportation,simulated_bank_transactions_uk
2023-01-10,FPS RENT PAYMENT MORTGAGE,605.99,housing,simulated_bank_transactions_uk
2024-12-21,Rent/Payment/Rent 951958,1853.38,housing,simulated_bank_transactions_uk
2024-10-26,Food Delivery Nando's Fast Food 811342,82.11,dining,simulated_bank_transactions_uk
2024-11-18,rent pmt mortgage,1849.6,housing,simulated_bank_transactions_uk
2024-01-21,mastercard food delivery deliveroo food delivery,21.14,dining,simulated_bank_transactions_uk
2024-12-14,Card Pmt Superdrug Misc Expense 575083,59.85,other,simulated_bank_transactions_uk
2023-07-17,Contactless-Asda-Milk,71.02,groceries,simulated_bank_transactions_uk
2023-01-21,card/payment/just/eat/restaurant 645918,35.56,dining,simulated_bank_transactions_uk
2024-12-27,CARD-ONLINE-PURCHASE-ARGOS-MISC-EXPENSE 293302,103.04,other,simulated_bank_transactions_uk
2024-09-20,direct debit fuel national rail train ticket,16.23,transportation,simulated_bank_transactions_uk
2024-05-20,Rent/Payment/Rent 138573,909.61,housing,simulated_bank_transactions_uk
2024-12-21,CARD PMT ESSO UBER RIDE 753722,44.27,transportation,simulated_bank_transactions_uk
2024-10-15,Bacs Landlord Rent 4026,1977.97,housing,simulated_bank_transactions_uk
2024-08-05,restaurant pret restaurant 613957,130.88,dining,simulated_bank_transactions_uk
2024-08-02,Subscription Amazon Prime 716795,11.78,subscriptions,simulated_bank_transactions_uk
2023-03-08,Mortgage Pmt Rent 786461,779.54,housing,simulated_bank_transactions_uk
2024-06-19,Direct Debit Scottish,218.21,utilities,simulated_bank_transactions_uk
2024-12-10,Rent Payment Mortgage 15671,1549.17,housing,simulated_bank_transactions_uk
2023-01-03,mortgage pmt letting agent 790727,1836.34,housing,simulated_bank_transactions_uk
2024-10-27,Restaurant*Pret*Food*Delivery 64380,101.95,dining,simulated_bank_transactions_uk
2024-02-21,card pmt aldi eggs,66.58,groceries,simulated_bank_transactions_uk
2024-04-22,fuel*uber*uber*ride 199991,102.99,transportation,simulated_bank_transactions_uk
2023-02-14,Restaurant/Mcdonalds/Fast/Food 825002,79.04,dining,simulated_bank_transactions_uk
2024-06-29,bacs/landlord/rent 540688,1885.75,housing,simulated_bank_transactions_uk
2023-07-19,food delivery pret fast food 654026,3.76,dining,simulated_bank_transactions_uk
2023-01-26,Fuel National Rail Uber Ride 599625,132.37,transportation,simulated_bank_transactions_uk
2023-03-18,Rent Payment Letting Agent,1193.35,housing,simulated_bank_transactions_uk
2024-10-03,Bill Payment Thames Water 258449,98.38,utilities,simulated_bank_transactions_uk
2023-01-25,Direct Debit Rent Payment Landlord 393022,1204.73,housing,simulated_bank_transactions_uk
2023-09-11,direct debit apple.com/bill 524637,34.42,subscriptions,simulated_bank_transactions_uk
2023-12-15,Card Pmt Iceland Rice 210052,38.04,groceries,simulated_bank_transactions_uk
2024-06-16,Pos*Purchase*Currys*Online*Purchase,123.78,other,simulated_bank_transactions_uk
2024-09-06,CONTACTLESS-CARD-PMT-HMRC-ONLINE-PURCHASE 562498,141.7,other,simulated_bank_transactions_uk
2024-08-15,Card Pmt Netflix 92790,26.89,subscriptions,simulated_bank_transactions_uk
2023-02-04,Card Payment Asda Milk 886249,146.26,groceries,simulated_bank_transactions_uk
2024-12-11,Card-Payment-Nando's-Fast-Food,133.84,dining,simulated_bank_transactions_uk
2024-03-28,Card-Payment-Sainsburys-Bread 612866,12.11,groceries,simulated_bank_transactions_uk
2024-03-18,card payment asda eggs 433694,92.78,groceries,simulated_bank_transactions_uk
2024-07-26,Pos Iceland Milk 557615,102.6,groceries,simulated_bank_transactions_uk
2024-02-16,so pos asda eggs 334799,127.94,groceries,simulated_bank_transactions_uk
2023-08-27,CONTACTLESS WAITROSE CHICKEN 484031,113.54,groceries,simulated_bank_transactions_uk
2024-04-20,Card Payment Nhs Online Purchase 431883,69.65,other,simulated_bank_transactions_uk
2024-09-26,CARD PMT ARGOS MISC EXPENSE 427495,132.35,other,simulated_bank_transactions_uk
2024-11-22,POS ICELAND EGGS,98.69,groceries,simulated_bank_transactions_uk
2023-12-03,CARD PMT SUPERDRUG ONLINE PURCHASE 681606,69.75,other,simulated_bank_transactions_uk
2024-12-31,subscription netflix,5.43,subscriptions,simulated_bank_transactions_uk
2023-07-18,Card Pmt Asda Chicken 238721,119.04,groceries,simulated_bank_transactions_uk
2024-03-07,Subscription/Spotify,13.97,subscriptions,simulated_bank_transactions_uk
2023-07-10,RESTAURANT KFC FOOD DELIVERY,94.27,dining,simulated_bank_transactions_uk
2023-11-16,utility bill e.on,43.31,utilities,simulated_bank_transactions_uk
2024-01-02,FPS SUBSCRIPTION AMAZON PRIME,27.81,subscriptions,simulated_bank_transactions_uk
2023-11-13,transport national rail train ticket,24.67,transportation,simulated_bank_transactions_uk
2024-06-14,BACS SUBSCRIPTION GOOGLE *SERVICES 417385,38.96,subscriptions,simulated_bank_transactions_uk
2024-06-03,card card pmt netflix,7.01,subscriptions,simulated_bank_transactions_uk
2023-07-20,visa card pmt argos online purchase 887384,65.04,other,simulated_bank_transactions_uk
2024-11-14,Direct Debit Ee,105.14,utilities,simulated_bank_transactions_uk
2024-04-23,food-delivery-greggs-food-delivery 221012,104.7,dining,simulated_bank_transactions_uk
2023-12-10,Card Card Payment Amazon Prime 792026,25.24,subscriptions,simulated_bank_transactions_uk
2024-04-10,Subscription Apple.com/bill 856309,10.68,subscriptions,simulated_bank_transactions_uk
2023-01-04,card pmt argos online purchase 354929,75.9,other,simulated_bank_transactions_uk
2023-08-07,Mortgage Payment Rent,1253.15,housing,simulated_bank_transactions_uk
2023-12-06,Direct Debit Sky,239.57,utilities,simulated_bank_transactions_uk
2023-07-08,Card Pmt Superdrug Misc,33.18,other,simulated_bank_transactions_uk
2023-03-17,card*pmt*hmrc*online*purchase 869401,56.33,other,simulated_bank_transactions_uk
2023-05-26,CARD PAYMENT SHELL UBER RIDE 264640,84.54,transportation,simulated_bank_transactions_uk
2024-08-22,fuel national rail fuel 594731,31.58,transportation,simulated_bank_transactions_uk
2023-01-31,pos purchase superdrug misc expense 395238,9.45,other,simulated_bank_transactions_uk
2023-09-26,utility bill scottishpower 843,78.17,utilities,simulated_bank_transactions_uk
2023-07-02,MORTGAGE*PAYMENT*RENT 765374,1376.31,housing,simulated_bank_transactions_uk
2023-04-14,bill payment e.on 993618,87.59,utilities,simulated_bank_transactions_uk
2024-11-01,contactless iceland vegetables 173987,23.17,groceries,simulated_bank_transactions_uk
2023-08-04,Card*Payment*Nhs*Online*Purchase 708736,52.74,other,simulated_bank_transactions_uk
2024-01-17,card/pmt/esso/fuel,38.3,transportation,simulated_bank_transactions_uk
2024-09-30,Rent Payment Letting Agent 33377,1967.94,housing,simulated_bank_transactions_uk
2023-05-28,MASTERCARD FOOD DELIVERY UBER EATS FOOD DELIVERY 25661,12.61,dining,simulated_bank_transactions_uk
2024-01-19,bill pmt o2,113.2,utilities,simulated_bank_transactions_uk
2023-09-08,transport tfl fuel 698702,146.62,transportation,simulated_bank_transactions_uk
2024-07-02,card pmt iceland chicken,89.34,groceries,simulated_bank_transactions_uk
2023-02-24,Card-Pmt-Uber-Train-Ticket 427462,51.17,transportation,simulated_bank_transactions_uk
2024-08-21,BACS LETTING AGENT RENT,1792.1,housing,simulated_bank_transactions_uk
2024-04-26,CARD PMT UBER EATS RESTAURANT 145025,109.91,dining,simulated_bank_transactions_uk
2024-02-02,direct debit card pmt hmrc online purchase 367754,27.61,other,simulated_bank_transactions_uk
2024-04-20,pos purchase argos misc expense,76.29,other,simulated_bank_transactions_uk
2024-05-09,utility*bill*ee 347457,145.6,utilities,simulated_bank_transactions_uk
2024-10-15,BACS-LETTING-AGENT-RENT 415734,1413.66,housing,simulated_bank_transactions_uk
2023-07-27,Online*Purchase*Currys*Online*Purchase 603847,33.46,other,simulated_bank_transactions_uk
2023-11-10,Restaurant Starbucks Restaurant 154201,61.2,dining,simulated_bank_transactions_uk
2024-01-19,Fps-Restaurant-Uber-Eats-Fast-Food 166353,86.99,dining,simulated_bank_transactions_uk
2023-03-28,CARD FUEL TFL UBER RIDE 343699,22.75,transportation,simulated_bank_transactions_uk
2023-08-24,Transport Shell Fuel 615051,79.27,transportation,simulated_bank_transactions_uk
2024-03-12,CONTACTLESS SUBSCRIPTION DISNEY+,26.74,subscriptions,simulated_bank_transactions_uk
2024-01-12,CARD PAYMENT UBER EATS FAST FOOD 143984,66.58,dining,simulated_bank_transactions_uk
2024-01-27,online purchase currys misc expense,49.6,other,simulated_bank_transactions_uk
2023-09-29,Contactless Waitrose Bread 452143,67.93,groceries,simulated_bank_transactions_uk
2024-05-28,BACS RENT RENT 272974,715.39,housing,simulated_bank_transactions_uk
2023-08-22,Pos Direct Debit Gym Group 215647,32.51,subscriptions,simulated_bank_transactions_uk
2023-02-09,CARD-POS-ASDA-MILK 193006,13.49,groceries,simulated_bank_transactions_uk
2023-09-14,Pos Card Payment Amazon Prime 778468,28.63,subscriptions,simulated_bank_transactions_uk
2024-09-10,Direct Debit Fuel Bp Bus Pass 295209,31.02,transportation,simulated_bank_transactions_uk
2023-12-21,Direct Debit Bt,95.88,utilities,simulated_bank_transactions_uk
2024-08-16,Card-Pmt-Boots-Misc-Expense 240474,142.03,other,simulated_bank_transactions_uk
2024-06-08,So*Card*Payment*Superdrug*Online*Purchase 471239,72.38,other,simulated_bank_transactions_uk
2023-08-22,Card/Card/Payment/Argos/Online/Purchase 347228,130.22,other,simulated_bank_transactions_uk
2024-07-19,DIRECT-DEBIT-OCTOPUS-ENERGY,143.48,utilities,simulated_bank_transactions_uk
2024-04-17,online purchase ebay misc expense 448603,109.21,other,simulated_bank_transactions_uk
2023-07-12,fuel esso uber ride 292497,49.02,transportation,simulated_bank_transactions_uk
2024-03-25,CARD-PAYMENT-KFC-FOOD-DELIVERY,64.4,dining,simulated_bank_transactions_uk
2023-05-23,Card/Pmt/Pret/Food/Deliver,7.43,dining,simulated_bank_transactions_uk
2024-05-26,Subscription Netflix 55650,30.82,subscriptions,simulated_bank_transactions_uk
2024-03-05,POS PURCHASE AMAZON MISC EXPENSE 814892,52.95,other,simulated_bank_transactions_uk
2024-12-08,FOOD/DELIVERY/DELIVEROO/FOOD/DELI,113.64,dining,simulated_bank_transactions_uk
2023-02-02,Fps Card Pmt Amazon Prime 333039,5.81,subscriptions,simulated_bank_transactions_uk
2024-08-04,Utility-Bill-Bt,248.74,utilities,simulated_bank_transactions_uk
2024-02-05,pos rent pmt landlord 196356,885.89,housing,simulated_bank_transactions_uk
2024-05-01,Fps-Pos-Sainsburys-Chicken,59.81,groceries,simulated_bank_transactions_uk
2024-04-07,CONTACTLESS TESCO EGGS 38805,86.72,groceries,simulated_bank_transactions_uk
2024-07-20,bacs landlord rent 373202,746.04,housing,simulated_bank_transactions_uk
2023-01-28,UTILITY*BILL*SEVERN*TRENT,162.74,utilities,simulated_bank_transactions_uk
2023-10-18,visa/direct/debit/scottishpower 185704,241.86,utilities,simulated_bank_transactions_uk
2024-04-10,Utility Bill Severn Trent 205785,145.37,utilities,simulated_bank_transactions_uk
2023-06-25,CONTACTLESS CONTACTLESS TESC,79.22,groceries,simulated_bank_transactions_uk
2023-04-24,FPS-FUEL-ESSO-FUEL 396861,60.49,transportation,simulated_bank_transactions_uk
2023-07-31,Bill*Payment*Sky 655221,45.13,utilities,simulated_bank_transactions_uk
2024-11-11,BILL PMT E.ON 332908,209.94,utilities,simulated_bank_transactions_uk
2023-11-14,card pmt greggs restaurant 377116,91.75,dining,simulated_bank_transactions_uk
2023-10-10,direct/debit/netflix 387804,28.97,subscriptions,simulated_bank_transactions_uk
2024-02-13,Direct Debit Direct Debit E.on,128.06,utilities,simulated_bank_transactions_uk
2024-05-17,Card Pmt Disney+ 257233,36.86,subscriptions,simulated_bank_transactions_uk
2023-04-04,Sto Food Delivery Mcdonalds Fast,87.69,dining,simulated_bank_transactions_uk
2024-12-29,CARD PMT TRAINLINE FUEL 204981,53.98,transportation,simulated_bank_transactions_uk
2023-06-29,sto card payment ebay misc expense,60.49,other,simulated_bank_transactions_uk
2024-09-24,Card Card Payment Nando's Restaurant 695939,29.4,dining,simulated_bank_transactions_uk
2023-07-07,Bacs Rent Rent 421964,1875.17,housing,simulated_bank_transactions_uk
2023-09-03,RENT PAYMENT RENT 321439,1923.96,housing,simulated_bank_transactions_uk
2024-10-05,So Card Pmt Amazon Online Purchase 504779,43.25,other,simulated_bank_transactions_uk
2023-08-11,Card Pmt Google *services 913487,7.34,subscriptions,simulated_bank_transactions_uk
2024-07-20,Food/Delivery/Greggs/Fast/Food 148754,148.88,dining,simulated_bank_transactions_uk
2023-04-18,CARD POS MORRISONS EGGS 172017,14.25,groceries,simulated_bank_transactions_uk
2023-08-01,Subscription Amazon Prime 904738,10.77,subscriptions,simulated_bank_transactions_uk
2024-12-12,subscription spotify 640013,7.56,subscriptions,simulated_bank_transactions_uk
2023-07-19,bacs letting agent rent 918696,1644.34,housing,simulated_bank_transactions_uk
2023-04-28,CARD/PAYMENT/STARBUCKS/RESTAURANT,4.58,dining,simulated_bank_transactions_uk
2024-05-11,MASTERCARD BACS LANDLORD RENT 189177,1648.15,housing,simulated_bank_transactions_uk
2024-11-03,card*payment*just*eat*restaurant,15.13,dining,simulated_bank_transactions_uk
2023-06-15,bacs utility bill sky,210.49,utilities,simulated_bank_transactions_uk
2023-05-08,Direct*Debit*Scottishpower 926645,68.99,utilities,simulated_bank_transactions_uk
2023-01-12,DIRECT DEBIT AMAZON PRIME,7.72,subscriptions,simulated_bank_transactions_uk
2023-08-10,RENT PMT MORTGAGE,1101.32,housing,simulated_bank_transactions_uk
2024-03-28,Rent/Payment/Rent,1345.22,housing,simulated_bank_transactions_uk
2024-10-18,Mortgage Payment Landlord 342171,1736.12,housing,simulated_bank_transactions_uk
2023-02-23,MORTGAGE-PMT-RENT,1031.65,housing,simulated_bank_transactions_uk
2023-07-26,Mastercard Card Pmt Spotify 430655,18.21,subscriptions,simulated_bank_transactions_uk
2023-01-17,utility bill ee 259945,74.0,utilities,simulated_bank_transactions_uk
2023-12-12,Visa Restaurant Greggs Restaurant 410772,148.43,dining,simulated_bank_transactions_uk
2023-03-06,Online Purchase Hmrc Online Purchase,102.95,other,simulated_bank_transactions_uk
2023-06-21,direct debit o2 342993,212.7,utilities,simulated_bank_transactions_uk
2023-12-01,BACS LETTING AGENT RENT 144134,1317.5,housing,simulated_bank_transactions_uk
2024-07-08,CARD PMT TFL TRAIN TICKET 3,94.83,transportation,simulated_bank_transactions_uk
2023-08-07,food delivery uber eats fast food 322906,20.76,dining,simulated_bank_transactions_uk
2023-01-16,Card-Pmt-Iceland-Eggs 534786,50.54,groceries,simulated_bank_transactions_uk
2024-02-03,FPS FOOD DELIVERY UBER EATS FOOD DELIVERY 661512,49.49,dining,simulated_bank_transactions_uk
2023-10-13,UTILITY BILL VODAFONE 305103,174.75,utilities,simulated_bank_transactions_uk
2024-02-25,bacs landlord rent 147319,1839.64,housing,simulated_bank_transactions_uk
2023-04-15,Card/Pmt/Tfl/Fuel 875055,147.52,transportation,simulated_bank_transactions_uk
2023-11-29,rent payment rent,732.64,housing,simulated_bank_transactions_uk
2024-12-11,mortgage*pmt*letting*agent 897123,1961.31,housing,simulated_bank_transactions_uk
2024-12-05,Utility*Bill*Octopus*Energy,197.58,utilities,simulated_bank_transactions_uk
2023-01-19,Direct Debit Transport Tfl Fuel 621939,12.92,transportation,simulated_bank_transactions_uk
2023-08-27,direct-debit-card-payment-google-*services,22.89,subscriptions,simulated_bank_transactions_uk
2023-01-22,card pmt puregym 757037,5.47,subscriptions,simulated_bank_transactions_uk
2023-09-07,VISA CARD PMT SPOTIFY 391449,30.83,subscriptions,simulated_bank_transactions_uk
2023-10-31,SUBSCRIPTION SPOTIFY 631669,18.11,subscriptions,simulated_bank_transactions_uk
2023-09-01,bill pmt british gas,171.25,utilities,simulated_bank_transactions_uk
2023-10-12,rent pmt letting agent 340326,1060.17,housing,simulated_bank_transactions_uk
2024-02-29,card/payment/bp/uber/ride 9298,79.57,transportation,simulated_bank_transactions_uk
2023-12-06,BACS LANDLORD RENT 408683,920.61,housing,simulated_bank_transactions_uk
2023-02-25,FUEL BOLT TRAIN TICKET 890300,33.26,transportation,simulated_bank_transactions_uk
2023-08-16,bacs/landlord/rent 765049,1574.79,housing,simulated_bank_transactions_uk
2024-10-06,pos subscription spotify,11.42,subscriptions,simulated_bank_transactions_uk
2023-03-13,Card Contactless Sainsburys Milk 810921,130.87,groceries,simulated_bank_transactions_uk
2023-07-29,utility bill sky 341497,61.14,utilities,simulated_bank_transactions_uk
2023-07-29,DIRECT DEBIT UTILITY BILL BT 122274,150.75,utilities,simulated_bank_transactions_uk
2023-06-18,bill pmt severn trent 66,132.76,utilities,simulated_bank_transactions_uk
2023-09-12,MORTGAGE-PMT-RENT 374945,847.01,housing,simulated_bank_transactions_uk
2024-10-12,FPS CARD PMT BOLT BUS PASS,87.73,transportation,simulated_bank_transactions_uk
2024-01-04,Direct-Debit-O2 536345,135.86,utilities,simulated_bank_transactions_uk
2024-03-27,card payment kfc fast food 211804,27.66,dining,simulated_bank_transactions_uk
2024-03-19,FOOD DELIVERY JUST EAT FOOD DELIVERY 184587,92.58,dining,simulated_bank_transactions_uk
2024-05-08,pos*purchase*ebay*online*purchase 718,123.48,other,simulated_bank_transactions_uk
2023-03-27,Card-Pmt-Sainsburys-Rice,65.83,groceries,simulated_bank_transactions_uk
2023-06-06,Card-Payment-Amazon-Misc-Expense,90.49,other,simulated_bank_transactions_uk
2023-11-10,direct debit puregym,18.32,subscriptions,simulated_bank_transactions_uk
2024-09-12,sto card pmt kfc fast food 451899,58.15,dining,simulated_bank_transactions_uk
2024-04-25,CARD PAYMENT COSTA RESTAURANT 503992,51.99,dining,simulated_bank_transactions_uk
2024-05-27,Utility Bill British Gas,30.92,utilities,simulated_bank_transactions_uk
2024-02-09,BACS-MORTGAGE-RENT,1895.97,housing,simulated_bank_transactions_uk
2024-08-25,bacs letting agent rent,1030.94,housing,simulated_bank_transactions_uk
2023-05-08,CARD PMT ICELAND RICE 622,133.09,groceries,simulated_bank_transactions_uk
2024-03-22,Restaurant Nando's Food Delivery,26.87,dining,simulated_bank_transactions_uk
2024-05-15,Card Payment National Rail Bus Pass 16087,77.91,transportation,simulated_bank_transactions_uk
2024-03-10,Mortgage Pmt Letting Agent 521449,1511.27,housing,simulated_bank_transactions_uk
2024-01-06,BACS/LANDLORD/RENT 221117,648.31,housing,simulated_bank_transactions_uk
2023-09-25,mortgage payment letting agent,1503.47,housing,simulated_bank_transactions_uk
2023-09-11,Direct/Debit/Spotify,10.16,subscriptions,simulated_bank_transactions_uk
2023-01-13,Bacs Direct Debit Netflix 828660,34.45,subscriptions,simulated_bank_transactions_uk
2024-01-29,contactless waitrose milk,97.73,groceries,simulated_bank_transactions_uk
2023-03-24,MASTERCARD CARD PMT KFC FOOD DELIVERY 900310,89.17,dining,simulated_bank_transactions_uk
2024-03-13,direct*debit*puregym 62940,10.8,subscriptions,simulated_bank_transactions_uk
2024-06-29,Fuel-Shell-Bus-Pass 143217,76.6,transportation,simulated_bank_transactions_uk
2023-04-02,Direct Debit Rent Pmt Mortgage 216630,1627.51,housing,simulated_bank_transactions_uk
2023-12-19,direct debit pos morrisons vegetables 220137,87.17,groceries,simulated_bank_transactions_uk
2023-08-03,online purchase amazon online purchase,42.55,other,simulated_bank_transactions_uk
2023-06-22,RENT PMT MORTGAGE 351551,608.99,housing,simulated_bank_transactions_uk
2023-03-13,card pmt hmrc misc expense 399281,3.23,other,simulated_bank_transactions_uk
2024-11-01,Online Purchase Hmrc Misc Expense 191537,80.17,other,simulated_bank_transactions_uk
2024-01-19,Fuel National Rail Fuel 262487,28.08,transportation,simulated_bank_transactions_uk
2023-04-23,DIRECT DEBIT EE 812,70.04,utilities,simulated_bank_transactions_uk
2023-07-10,food delivery uber eats food delivery 915560,122.71,dining,simulated_bank_transactions_uk
2023-07-16,Direct Debit Bill Pmt Thames Water 225,208.02,utilities,simulated_bank_transactions_uk
2024-10-01,Card Payment Esso Fuel 665545,67.79,transportation,simulated_bank_transactions_uk
2023-10-28,card payment aldi vegetables,27.42,groceries,simulated_bank_transactions_uk
2023-03-07,contactless morrisons rice,21.33,groceries,simulated_bank_transactions_uk
2024-05-04,So*Fuel*Tfl*Uber*Ride,89.09,transportation,simulated_bank_transactions_uk
2023-01-10,Card Payment Costa Food Delivery,114.8,dining,simulated_bank_transactions_uk
2023-01-08,POS ICELAND EGGS 580648,113.51,groceries,simulated_bank_transactions_uk
2023-01-08,Rent Pmt Rent,1331.27,housing,simulated_bank_transactions_uk
2023-09-30,CARD PAYMENT GREGGS FOOD DELIVERY 377590,79.45,dining,simulated_bank_transactions_uk
2024-09-10,Contactless Food Delivery Kfc Fast Food,114.27,dining,simulated_bank_transactions_uk
2023-12-18,FOOD DELIVERY PRET FAST FOOD 867023,57.51,dining,simulated_bank_transactions_uk
2024-11-12,transport/bp/train/ticket,141.33,transportation,simulated_bank_transactions_uk
2023-12-31,FOOD DELIVERY NANDO'S FAST FOOD,92.79,dining,simulated_bank_transactions_uk
2023-01-04,CARD*PAYMENT*NHS*MISC*EXPENSE 880614,121.52,other,simulated_bank_transactions_uk
2023-05-23,Direct Debit Food Delivery Nando's Food Delivery 507169,62.07,dining,simulated_bank_transactions_uk
2024-06-27,contactless pos aldi chicken 772100,21.07,groceries,simulated_bank_transactions_uk
2024-09-25,Fuel National Rail Train Ticket 187076,57.16,transportation,simulated_bank_transactions_uk
2023-01-04,VISA MORTGAGE PAYMENT MORTGAGE 225379,1524.32,housing,simulated_bank_transactions_uk
2023-02-16,contactless rent payment rent 2265,1104.29,housing,simulated_bank_transactions_uk
2023-08-28,Online/Purchase/Argos/Misc/Exp,102.66,other,simulated_bank_transactions_uk
2023-03-25,DIRECT DEBIT AMAZON PRIME 571112,26.44,subscriptions,simulated_bank_transactions_uk
2024-05-02,card*pmt*tfl*fuel 350740,141.05,transportation,simulated_bank_transactions_uk
2023-07-19,FPS RENT PMT RENT 474401,1011.41,housing,simulated_bank_transactions_uk
2024-05-31,rent*payment*rent,1826.73,housing,simulated_bank_transactions_uk
2023-03-31,contactless pos iceland bread,76.19,groceries,simulated_bank_transactions_uk
2024-04-01,card payment trainline fuel 87,27.7,transportation,simulated_bank_transactions_uk
2023-09-04,Card Pos Aldi Rice 825724,100.41,groceries,simulated_bank_transactions_uk
2024-12-17,BACS/DIRECT/DEBIT/E.ON,237.73,utilities,simulated_bank_transactions_uk
2023-01-30,pos sainsburys milk,66.93,groceries,simulated_bank_transactions_uk
2023-08-14,card bill payment e.on 236561,198.59,utilities,simulated_bank_transactions_uk
2024-11-17,Mortgage Payment Mortgage,1932.11,housing,simulated_bank_transactions_uk
2024-07-01,card pmt aldi vegetables 112464,22.96,groceries,simulated_bank_transactions_uk
2023-08-18,bacs mortgage payment rent,1568.5,housing,simulated_bank_transactions_uk
2024-01-26,Direct Debit Gym Group 442766,17.01,subscriptions,simulated_bank_transactions_uk
2023-04-29,mortgage*payment*mortgage 537002,912.97,housing,simulated_bank_transactions_uk
2023-12-15,FUEL-ESSO-UBER-RIDE 595808,19.37,transportation,simulated_bank_transactions_uk
2024-01-12,Sto Mortgage Payment Mortgage,762.55,housing,simulated_bank_transactions_uk
2023-01-02,Bill Payment Scottishpower 283083,156.92,utilities,simulated_bank_transactions_uk
2023-07-14,CARD PAYMENT BOLT UBER RIDE 335035,89.74,transportation,simulated_bank_transactions_uk
2023-11-24,CARD CARD PAYMENT ARGOS MISC EXPENSE 779613,147.04,other,simulated_bank_transactions_uk
2023-05-10,Pos Pos Purchase Amazon Misc Expense 545207,120.24,other,simulated_bank_transactions_uk
2024-02-09,card pmt apple.com/bill 547404,12.77,subscriptions,simulated_bank_transactions_uk
2023-11-20,VISA POS SAINSBURYS CHICKEN,128.3,groceries,simulated_bank_transactions_uk
2024-04-11,FPS DIRECT DEBIT SKY,139.96,utilities,simulated_bank_transactions_uk
2024-12-20,Utility Bill Bt 769664,176.38,utilities,simulated_bank_transactions_uk
2024-05-29,CONTACTLESS SAINSBURYS CHICKEN 626711,50.06,groceries,simulated_bank_transactions_uk
2024-08-10,Mastercard Bacs Letting Agent Rent 468318,1786.74,housing,simulated_bank_transactions_uk
2024-05-21,Food Delivery Nando's Food Delivery 272725,124.82,dining,simulated_bank_transactions_uk
2023-12-08,VISA FUEL NATIONAL RAIL FUEL 214336,11.65,transportation,simulated_bank_transactions_uk
2023-08-19,bill pmt scottishpower 627241,235.58,utilities,simulated_bank_transactions_uk
2024-05-14,Mortgage/Pmt/Letting/Agent 676243,1686.45,housing,simulated_bank_transactions_uk
2023-06-13,BACS/LANDLORD/RENT 626437,1741.02,housing,simulated_bank_transactions_uk
2024-03-08,pos-aldi-chicken 74429,60.67,groceries,simulated_bank_transactions_uk
2024-02-05,Direct-Debit-Rent-Pmt-Letting-Agent 976754,1660.8,housing,simulated_bank_transactions_uk
2023-10-17,POS/ICELAND/CHICKEN 349143,109.83,groceries,simulated_bank_transactions_uk
2023-04-10,Bacs Rent Rent,1367.21,housing,simulated_bank_transactions_uk
2023-02-25,VISA BILL PMT BRITISH GAS 278350,157.68,utilities,simulated_bank_transactions_uk
2023-06-17,pos card payment amazon misc expense 759546,70.26,other,simulated_bank_transactions_uk
2023-05-29,Subscription Disney+ 94922,21.89,subscriptions,simulated_bank_transactions_uk
2024-10-28,bacs-bill-pmt-sky 76,73.04,utilities,simulated_bank_transactions_uk
2024-08-12,POS ASDA EGGS 27375,109.72,groceries,simulated_bank_transactions_uk
2023-06-01,Fps Card Payment Sainsburys Vegetables,118.47,groceries,simulated_bank_transactions_uk
2023-06-22,restaurant greggs fast food 430740,102.88,dining,simulated_bank_transactions_uk
2024-04-30,CARD PAYMENT ASDA MILK,55.27,groceries,simulated_bank_transactions_uk
2023-12-13,Utility Bill British Gas 733734,143.4,utilities,simulated_bank_transactions_uk
2024-02-18,Subscription Disney+ 429626,26.94,subscriptions,simulated_bank_transactions_uk
2023-11-06,UTILITY BILL O2 168398,117.26,utilities,simulated_bank_transactions_uk
2024-12-09,Mastercard*Mortgage*Payment*Landlord,1125.52,housing,simulated_bank_transactions_uk
2024-10-27,Card-Pmt-Argos-Online-Purchase,117.33,other,simulated_bank_transactions_uk
2024-03-31,FOOD*DELIVERY*STARBUCKS*FAST*FOOD,95.95,dining,simulated_bank_transactions_uk
2023-03-26,Transport*Shell*Uber*Ride 290839,20.64,transportation,simulated_bank_transactions_uk
2024-06-05,Pos Sainsburys Rice 85208,97.29,groceries,simulated_bank_transactions_uk
2024-05-06,direct-debit-o2 828279,247.22,utilities,simulated_bank_transactions_uk
2023-07-05,FUEL NATIONAL RAIL UBER RIDE 425832,119.77,transportation,simulated_bank_transactions_uk
2024-12-20,Restaurant/Pret/Fast/Food,149.99,dining,simulated_bank_transactions_uk
2023-04-12,CARD*FOOD*DELIVERY*KFC*FAST*FOOD 641995,87.0,dining,simulated_bank_transactions_uk
2024-07-04,TRANSPORT BP UBER RIDE,107.92,transportation,simulated_bank_transactions_uk
2024-07-23,POS DIRECT DEBIT BRITISH GAS,34.34,utilities,simulated_bank_transactions_uk
2024-08-21,CARD-PAYMENT-AMAZON-MISC-EXPENSE,12.4,other,simulated_bank_transactions_uk
2023-08-01,subscription*spotify,27.81,subscriptions,simulated_bank_transactions_uk
2023-07-04,Bacs Rent Rent 986563,1438.74,housing,simulated_bank_transactions_uk
2023-11-18,Contactless Contactless Tesco Chicken,68.74,groceries,simulated_bank_transactions_uk
2023-07-31,fps/pos/waitrose/m,21.94,groceries,simulated_bank_transactions_uk
2023-02-05,Bacs Mortgage Rent 238709,959.46,housing,simulated_bank_transactions_uk
2024-01-08,SO POS MORRISONS MILK,77.4,groceries,simulated_bank_transactions_uk
2023-01-01,card/pmt/amazon/prime 879183,38.08,subscriptions,simulated_bank_transactions_uk
2023-10-28,BILL PAYMENT O2 707463,238.07,utilities,simulated_bank_transactions_uk
2023-11-17,mortgage-pmt-letting-agent 308400,1286.62,housing,simulated_bank_transactions_uk
2024-12-05,SUBSCRIPTION DISNEY+ 40899,22.87,subscriptions,simulated_bank_transactions_uk
2023-08-31,Contactless*Morrisons*Vegetables 840748,123.51,groceries,simulated_bank_transactions_uk
2023-08-09,POS WAITROSE BREAD,23.83,groceries,simulated_bank_transactions_uk
2024-09-29,Mastercard Direct Debit E.on,91.03,utilities,simulated_bank_transactions_uk
2023-09-24,DIRECT DEBIT RESTAURANT PRET RESTAURANT,83.83,dining,simulated_bank_transactions_uk
2024-02-14,Card Pmt Greggs Food Delivery 908754,135.84,dining,simulated_bank_transactions_uk
2024-11-23,RESTAURANT MCDONALDS RESTAURANT,141.88,dining,simulated_bank_transactions_uk
2023-07-28,CARD PMT NANDO'S FOOD DELIVERY 755655,24.06,dining,simulated_bank_transactions_uk
2024-10-10,Contactless-Morrisons-Vegetables 577665,110.7,groceries,simulated_bank_transactions_uk
2024-10-25,Mortgage*Payment*Rent 807048,1389.1,housing,simulated_bank_transactions_uk
2023-06-07,ONLINE PURCHASE NHS ONLINE PURCHASE 337542,64.69,other,simulated_bank_transactions_uk
2024-09-10,Transport Trainline Fuel 622045,58.7,transportation,simulated_bank_transactions_uk
2024-12-01,BILL PAYMENT BT,146.92,utilities,simulated_bank_transactions_uk
2024-01-07,SUBSCRIPTION-PUREGYM 775001,27.41,subscriptions,simulated_bank_transactions_uk
2023-08-20,card pmt shell bus pass 29643,24.51,transportation,simulated_bank_transactions_uk
2023-08-16,Bacs Fuel Tfl Uber Ride 673365,17.4,transportation,simulated_bank_transactions_uk
2023-05-07,fps food delivery deliveroo restaurant 815027,118.06,dining,simulated_bank_transactions_uk
2023-04-08,bill*payment*o2,207.5,utilities,simulated_bank_transactions_uk
2024-07-18,direct debit disney+,35.29,subscriptions,simulated_bank_transactions_uk
2023-06-24,fuel national rail uber ride 467951,134.8,transportation,simulated_bank_transactions_uk
2024-11-25,Mastercard Fuel Bp Fuel,29.56,transportation,simulated_bank_transactions_uk
2023-05-11,pos*purchase*hmrc*misc*expense,73.1,other,simulated_bank_transactions_uk
2024-12-31,card payment tfl uber ride,103.94,transportation,simulated_bank_transactions_uk
2023-10-01,Direct Debit Scottishpower 364701,154.86,utilities,simulated_bank_transactions_uk
2024-01-15,Card Payment Asda Vegetables 896226,96.96,groceries,simulated_bank_transactions_uk
2024-04-13,direct*debit*rent*pmt*letting*agent 925671,1185.54,housing,simulated_bank_transactions_uk
2024-05-29,mastercard bill pmt severn trent 820206,205.66,utilities,simulated_bank_transactions_uk
2024-06-17,Bacs/Transport/National/Rail/Bus/Pass 741469,143.03,transportation,simulated_bank_transactions_uk
2023-11-09,Mastercard Mortgage Payment Landlord 514902,1801.09,housing,simulated_bank_transactions_uk
2024-10-11,RESTAURANT-NANDO'S-FAST-FOOD 282233,127.25,dining,simulated_bank_transactions_uk
2023-04-06,Card Contactless Morrison,110.3,groceries,simulated_bank_transactions_uk
2024-05-19,Direct Debit E.on,92.89,utilities,simulated_bank_transactions_uk
2024-03-10,BACS CARD PMT AMAZON ONLINE PURCHASE 5739,144.44,other,simulated_bank_transactions_uk
2024-11-24,Mortgage/Payment/Mortgage 81,1321.02,housing,simulated_bank_transactions_uk
2023-07-14,SUBSCRIPTION NETFLIX 267134,5.49,subscriptions,simulated_bank_transactions_uk
2024-12-20,Online Purchase Hmrc Online Purchase 821531,107.98,other,simulated_bank_transactions_uk
2024-11-08,Card*Payment*Amazon*Prime,39.8,subscriptions,simulated_bank_transactions_uk
2023-06-22,Card Pmt Amazon Online Purchase 733829,92.28,other,simulated_bank_transactions_uk
2023-05-17,Rent Pmt Landlord 92233,1113.87,housing,simulated_bank_transactions_uk
2024-01-24,DIRECT DEBIT SPOTIF,19.8,subscriptions,simulated_bank_transactions_uk
2024-11-26,Utility Bill Vodafone 175277,104.35,utilities,simulated_bank_transactions_uk
2023-09-29,BILL PAYMENT THAMES WATER 25531,136.29,utilities,simulated_bank_transactions_uk
2023-08-11,UTILITY BILL BRITISH GAS,155.15,utilities,simulated_bank_transactions_uk
2024-09-24,Transport Tfl Uber Ride 884325,140.51,transportation,simulated_bank_transactions_uk
2023-01-07,Card Payment Amazon Misc Expense,11.45,other,simulated_bank_transactions_uk
2023-01-06,card payment amazon prime 182773,17.39,subscriptions,simulated_bank_transactions_uk
2023-01-10,Visa Transport Shell Train Ticket 849914,62.1,transportation,simulated_bank_transactions_uk
2023-03-28,Pos Card Payment Waitrose Rice 425484,75.33,groceries,simulated_bank_transactions_uk
2024-05-14,Card/Payment/Apple.com/bill 259253,19.38,subscriptions,simulated_bank_transactions_uk
2023-09-14,SO CONTACTLESS ASDA BREAD,116.11,groceries,simulated_bank_transactions_uk
2024-03-14,Direct Debit Scottishpower 923436,95.84,utilities,simulated_bank_transactions_uk
2024-03-25,Bill Pmt O2 60183,126.49,utilities,simulated_bank_transactions_uk
2024-01-03,fps bill pmt scottishpower 69751,125.47,utilities,simulated_bank_transactions_uk
2023-10-19,card pmt hmrc online purchase 836536,19.27,other,simulated_bank_transactions_uk
2023-12-06,Pos-Asda-Bread 421250,61.0,groceries,simulated_bank_transactions_uk
2024-05-05,Card Pmt Morrisons Bread,100.93,groceries,simulated_bank_transactions_uk
2024-05-22,rent payment rent,1284.69,housing,simulated_bank_transactions_uk
2024-02-14,ONLINE/PURCHASE/ARGOS/ONLINE/P,50.76,other,simulated_bank_transactions_uk
2024-02-03,MASTERCARD DIRECT DEBIT AMAZON PRIME 611152,34.51,subscriptions,simulated_bank_transactions_uk
2023-05-10,direct debit thames water 147441,204.4,utilities,simulated_bank_transactions_uk
2023-08-31,DIRECT DEBIT BT 248743,198.82,utilities,simulated_bank_transactions_uk
2024-03-15,contactless/aldi/vegetables,124.99,groceries,simulated_bank_transactions_uk
2023-10-16,card pmt apple.com/bill,21.81,subscriptions,simulated_bank_transactions_uk
2023-09-11,Card Payment Kfc Restaurant 915994,114.85,dining,simulated_bank_transactions_uk
2023-10-15,subscription*netflix 927333,11.54,subscriptions,simulated_bank_transactions_uk
2024-12-18,online purchase superdrug online purchase 459482,130.03,other,simulated_bank_transactions_uk
2023-04-16,DIRECT DEBIT O2 132417,185.42,utilities,simulated_bank_transactions_uk
2024-10-06,Mortgage Pmt Landlord 392362,1796.82,housing,simulated_bank_transactions_uk
2023-02-09,DIRECT/DEBIT/RENT/PAYMENT/MORTGAGE 835471,785.21,housing,simulated_bank_transactions_uk
2024-03-12,transport-bp-train-ticket,139.58,transportation,simulated_bank_transactions_uk
2023-02-22,CONTACTLESS POS SAINSBURYS CHICKEN 13000,32.35,groceries,simulated_bank_transactions_uk
2024-12-17,Food Delivery Uber Eats Fast Foo,80.17,dining,simulated_bank_transactions_uk
2023-03-04,RENT PMT LETTING AGENT 42,1196.51,housing,simulated_bank_transactions_uk
2023-10-03,SUBSCRIPTION SPOTIFY 187265,15.65,subscriptions,simulated_bank_transactions_uk
2024-12-29,STO CARD PAYMENT BOLT BUS PASS 441267,141.62,transportation,simulated_bank_transactions_uk
2023-02-18,CARD PMT JUST EAT RESTAURANT 969327,50.02,dining,simulated_bank_transactions_uk
2023-11-26,Direct Debit Vodafone 552259,175.29,utilities,simulated_bank_transactions_uk
2023-04-14,DIRECT-DEBIT-SEVERN-TRENT 467294,229.87,utilities,simulated_bank_transactions_uk
2024-05-18,Pos-Card-Payment-Mcdonalds-Restaurant 98678,40.08,dining,simulated_bank_transactions_uk
2023-04-10,transport-bolt-bus-pass 786242,47.74,transportation,simulated_bank_transactions_uk
2023-05-14,mortgage pmt landlord,1678.65,housing,simulated_bank_transactions_uk
2024-01-06,Card Payment Tfl Bus Pass,111.97,transportation,simulated_bank_transactions_uk
2024-08-21,MORTGAGE PMT RENT 91746,986.33,housing,simulated_bank_transactions_uk
2023-05-14,CARD/FOOD/DELIVERY/DELIVEROO/RESTAURANT 280559,133.42,dining,simulated_bank_transactions_uk
2024-11-01,direct/debit/mortgage/payment/rent 408603,1955.66,housing,simulated_bank_transactions_uk
2024-04-01,Contactless Online Purchase Nhs Online Purchase 883970,31.36,other,simulated_bank_transactions_uk
2024-09-25,contactless*morrisons*milk,141.45,groceries,simulated_bank_transactions_uk
2023-07-26,Direct-Debit-Transport-Tfl-Bus-Pass 410799,109.63,transportation,simulated_bank_transactions_uk
2024-03-04,DIRECT DEBIT AMAZON PRIME 82424,9.47,subscriptions,simulated_bank_transactions_uk
2024-07-27,Subscription Gym Group 233919,35.7,subscriptions,simulated_bank_transactions_uk
2023-05-01,card payment bolt bus pass 474298,68.93,transportation,simulated_bank_transactions_uk
2024-06-20,Restaurant*Costa*Restaurant,73.97,dining,simulated_bank_transactions_uk
2023-05-13,DIRECT DEBIT SPOTIFY 639508,14.6,subscriptions,simulated_bank_transactions_uk
2023-03-04,Transport Tfl Uber Ride 815817,143.5,transportation,simulated_bank_transactions_uk
2024-02-12,Card Pmt Superdrug Online Purchase 248660,111.89,other,simulated_bank_transactions_uk
2024-06-09,CARD-PMT-STARBUCKS-FOOD-DELIVERY,81.27,dining,simulated_bank_transactions_uk
2024-06-05,Pos Lidl Bread 425203,67.35,groceries,simulated_bank_transactions_uk
2024-02-15,card food delivery nando's food delivery 603549,117.57,dining,simulated_bank_transactions_uk
2024-08-08,card payment spotify 229621,5.13,subscriptions,simulated_bank_transactions_uk
2024-04-11,Utility Bill Severn Trent 713756,203.94,utilities,simulated_bank_transactions_uk
2023-08-14,direct debit puregym 23971,14.06,subscriptions,simulated_bank_transactions_uk
2023-06-25,Mastercard*Fuel*Bolt*Bus*Pass,84.17,transportation,simulated_bank_transactions_uk
2024-10-16,BACS BILL PMT EE,94.21,utilities,simulated_bank_transactions_uk
2023-02-22,Utility Bill E.on 878634,89.5,utilities,simulated_bank_transactions_uk
2023-04-29,bacs rent rent 927489,893.96,housing,simulated_bank_transactions_uk
2024-09-11,Card*Payment*Lidl*Vegetables,54.08,groceries,simulated_bank_transactions_uk
2024-12-23,TRANSPORT/BOLT/BUS/PASS,15.24,transportation,simulated_bank_transactions_uk
2024-09-18,Direct Debit Amazon Prime 377221,19.29,subscriptions,simulated_bank_transactions_uk
2024-10-02,card-payment-bp-bus-pass,147.83,transportation,simulated_bank_transactions_uk
2023-08-13,pos purchase amazon online purchase 589682,124.12,other,simulated_bank_transactions_uk
2024-07-04,Bacs Letting Agent Rent 862956,1960.25,housing,simulated_bank_transactions_uk
2024-10-31,bacs mortgage rent 396213,1563.36,housing,simulated_bank_transactions_uk
2023-08-14,fuel bolt train ticket 793309,123.08,transportation,simulated_bank_transactions_uk
2024-10-06,TRANSPORT TFL BUS PASS,32.98,transportation,simulated_bank_transactions_uk
2023-08-26,Fps Pos Purchase Ebay Misc Expense,25.88,other,simulated_bank_transactions_uk
2023-04-06,VISA BACS MORTGAGE RENT 543723,1863.04,housing,simulated_bank_transactions_uk
2023-06-30,restaurant nando's restaurant 183298,70.53,dining,simulated_bank_transactions_uk
2023-10-16,BILL PMT THAMES WATER 542421,69.69,utilities,simulated_bank_transactions_uk
2023-07-01,contactless waitrose eggs 3288,26.95,groceries,simulated_bank_transactions_uk
2023-07-12,ONLINE PURCHASE EBAY MISC EXPENSE 17311,104.04,other,simulated_bank_transactions_uk
2023-09-09,pos asda bread,13.59,groceries,simulated_bank_transactions_uk
2023-04-13,CARD PMT STARBUCKS FOOD DELIVERY 683581,145.65,dining,simulated_bank_transactions_uk
2024-09-09,MORTGAGE-PMT-LETTING-AGENT,1731.19,housing,simulated_bank_transactions_uk
2023-04-23,card payment asda rice 95397,59.45,groceries,simulated_bank_transactions_uk
2024-10-21,CARD PMT ARGOS ONLINE PURCHASE 474273,115.23,other,simulated_bank_transactions_uk
2023-03-27,pos-tesco-bread 334704,39.51,groceries,simulated_bank_transactions_uk
2024-09-06,Transport Bolt Train Ticket 84004,140.97,transportation,simulated_bank_transactions_uk
2023-04-19,Card Pmt Iceland Milk,143.77,groceries,simulated_bank_transactions_uk
2023-03-29,subscription disney+ 388384,34.85,subscriptions,simulated_bank_transactions_uk
2024-03-30,Bill Payment Vodafone 846988,153.83,utilities,simulated_bank_transactions_uk
2024-05-05,sto pos purchase hmrc online purchase,48.19,other,simulated_bank_transactions_uk
2024-10-04,Direct*Debit*Sky 431680,182.25,utilities,simulated_bank_transactions_uk
2024-07-11,SUBSCRIPTION DISNEY+,6.56,subscriptions,simulated_bank_transactions_uk
2024-03-01,Transport National Rail Uber Ride,78.2,transportation,simulated_bank_transactions_uk
2024-03-13,So Utility Bill E.on 540773,35.28,utilities,simulated_bank_transactions_uk
2023-10-21,Restaurant Deliveroo Restaurant 551703,54.94,dining,simulated_bank_transactions_uk
2023-04-26,Pos Bill Payment Ee,187.27,utilities,simulated_bank_transactions_uk
2023-08-18,Visa Card Pmt Mcdonalds Restaurant 691198,148.64,dining,simulated_bank_transactions_uk
2024-09-22,pos morrisons eggs 36395,55.52,groceries,simulated_bank_transactions_uk
2023-03-28,pos transport trainline uber ride 945906,55.99,transportation,simulated_bank_transactions_uk
2024-03-14,pos iceland chicken,25.21,groceries,simulated_bank_transactions_uk
2023-06-03,CARD PAYMENT DISNEY+,28.78,subscriptions,simulated_bank_transactions_uk
2023-04-17,RENT PMT LANDLORD,1001.81,housing,simulated_bank_transactions_uk
2023-09-29,Fuel Trainline Fuel 899951,100.27,transportation,simulated_bank_transactions_uk
2023-06-02,card payment argos online purchase 646594,118.96,other,simulated_bank_transactions_uk
2024-02-04,Online-Purchase-Ebay-Online-Purch,50.08,other,simulated_bank_transactions_uk
2024-05-04,card restaurant greggs food delivery 506583,120.14,dining,simulated_bank_transactions_uk
2024-03-13,fps/pos/purchase/superdrug/online/purchase 3,19.64,other,simulated_bank_transactions_uk
2023-05-11,BACS RENT RENT 541683,1052.27,housing,simulated_bank_transactions_uk
2024-05-07,Card Bill Payment Scottishpower 888754,138.73,utilities,simulated_bank_transactions_uk
2023-05-22,mortgage pmt rent 135921,1491.25,housing,simulated_bank_transactions_uk
2024-07-16,card payment superdrug online purchase,59.33,other,simulated_bank_transactions_uk
2024-06-29,RESTAURANT JUST EAT FOOD DELIVERY,81.46,dining,simulated_bank_transactions_uk
2024-03-07,Direct Debit Spotify 372214,25.33,subscriptions,simulated_bank_transactions_uk
2023-08-13,Direct*Debit*Google**services 754206,33.4,subscriptions,simulated_bank_transactions_uk
2023-01-18,Mastercard*Bacs*Mortgage*,604.01,housing,simulated_bank_transactions_uk
2023-04-23,Fuel Tfl Fuel 327902,143.77,transportation,simulated_bank_transactions_uk
2023-05-23,Pos Aldi Eggs 844340,56.05,groceries,simulated_bank_transactions_uk
2024-07-18,FUEL UBER FUEL,24.19,transportation,simulated_bank_transactions_uk
2023-08-18,FOOD DELIVERY COSTA RESTAURANT,33.98,dining,simulated_bank_transactions_uk
2024-12-13,Pos*Tesco*Vegetables 459573,23.26,groceries,simulated_bank_transactions_uk
2024-03-10,rent/payment/landlord 492176,636.89,housing,simulated_bank_transactions_uk
2024-11-09,Fuel Tfl Uber Ride 635513,106.11,transportation,simulated_bank_transactions_uk
2023-06-11,mastercard card payment netflix 759000,25.79,subscriptions,simulated_bank_transactions_uk
2023-03-22,Card Pos Aldi Bread 564204,56.69,groceries,simulated_bank_transactions_uk
2024-03-02,Utility Bill Severn Trent 689073,212.83,utilities,simulated_bank_transactions_uk
2024-06-24,DIRECT DEBIT BILL PAYMENT THAMES WATER 500173,60.82,utilities,simulated_bank_transactions_uk
2024-03-30,Mortgage Pmt Letting Agent 558656,1611.58,housing,simulated_bank_transactions_uk
2023-06-09,MASTERCARD ONLINE PURCHASE ARGOS ONLINE PURCHASE,45.16,other,simulated_bank_transactions_uk
2023-06-27,Contactless Lidl Vegetables,7.72,groceries,simulated_bank_transactions_uk
2024-11-27,Subscription Gym Group 244363,34.14,subscriptions,simulated_bank_transactions_uk
2023-09-22,so*food*delivery*mcdonalds*food*delivery,107.58,dining,simulated_bank_transactions_uk
2023-06-10,SUBSCRIPTION NETFLIX 2,12.96,subscriptions,simulated_bank_transactions_uk
2023-05-09,CARD PAYMENT UBER UBER RIDE 679407,79.66,transportation,simulated_bank_transactions_uk
2024-02-06,pos rent payment lettin,678.4,housing,simulated_bank_transactions_uk
2023-11-17,CARD/UTILITY/BILL/SCOTTISHPOWER 805669,133.06,utilities,simulated_bank_transactions_uk
2024-01-16,bacs letting agent rent 865424,830.75,housing,simulated_bank_transactions_uk
2023-03-21,rent*payment*mortgage 855303,751.76,housing,simulated_bank_transactions_uk
2023-10-16,FUEL BOLT BUS PASS,7.12,transportation,simulated_bank_transactions_uk
2023-11-13,Utility Bill Thames Water 18081,161.36,utilities,simulated_bank_transactions_uk
2023-10-03,utility-bill-octopus-energy,37.12,utilities,simulated_bank_transactions_uk
2024-07-31,Pos*Morrisons*Chicken 55875,86.03,groceries,simulated_bank_transactions_uk
2023-11-19,BACS POS PURCHASE HMRC MISC EXPENSE 569077,9.72,other,simulated_bank_transactions_uk
2024-01-01,Pos Iceland Eggs,4.25,groceries,simulated_bank_transactions_uk
2024-05-27,CARD PMT ARGOS MISC EXPENSE 393648,143.93,other,simulated_bank_transactions_uk
2023-05-13,Direct Debit Sky 522195,189.65,utilities,simulated_bank_transactions_uk
2024-05-30,mortgage/payment/letting/agent 317,1855.12,housing,simulated_bank_transactions_uk
2023-06-03,CARD PMT WAITROSE CHICKEN 782543,121.7,groceries,simulated_bank_transactions_uk
2024-05-03,Contactless Sainsburys Chicken 758786,120.02,groceries,simulated_bank_transactions_uk
2024-04-19,Card*Pmt*Spotify 451557,10.3,subscriptions,simulated_bank_transactions_uk
2023-08-26,Direct Debit Contactless Sainsburys Vegetables 587747,16.71,groceries,simulated_bank_transactions_uk
2024-05-28,DIRECT/DEBIT/EE,65.43,utilities,simulated_bank_transactions_uk
2023-12-16,CARD PAYMENT PUREGYM 17,23.32,subscriptions,simulated_bank_transactions_uk
2024-01-04,Card Restaurant Starbucks Restaurant 825321,52.84,dining,simulated_bank_transactions_uk
2024-11-30,CARD PMT AMAZON PRIME,29.95,subscriptions,simulated_bank_transactions_uk
2024-09-17,Restaurant Mcdonalds Restaurant 461635,33.7,dining,simulated_bank_transactions_uk
2024-05-24,So Card Payment Amazon Prime 250874,24.84,subscriptions,simulated_bank_transactions_uk
2023-11-13,Contactless/Tesco/Milk 838158,23.97,groceries,simulated_bank_transactions_uk
2023-06-23,contactless/direct/debit/apple.c,20.92,subscriptions,simulated_bank_transactions_uk
2024-08-13,card-pmt-esso-train-ticket 4,13.02,transportation,simulated_bank_transactions_uk
2023-07-03,POS*CARD*PAYMENT*SHELL*BUS*PASS,16.12,transportation,simulated_bank_transactions_uk
2023-09-20,Bacs Bacs Landlord Rent 135512,1262.57,housing,simulated_bank_transactions_uk
2023-05-24,mastercard pos purchase nhs misc expense 36410,98.59,other,simulated_bank_transactions_uk
2024-01-08,FPS CARD PMT MORRISONS CHICKEN 397835,74.77,groceries,simulated_bank_transactions_uk
2024-09-26,So-Online-Purchase-Superdrug-Misc-Expense 8,61.94,other,simulated_bank_transactions_uk
2024-10-01,FPS BACS LETTING AGENT RENT,1317.47,housing,simulated_bank_transactions_uk
2024-02-28,fuel shell bus pass,15.27,transportation,simulated_bank_transactions_uk
2024-11-29,SUBSCRIPTION GYM GROUP,35.64,subscriptions,simulated_bank_transactions_uk
2023-02-28,Contactless Waitrose Chicken,146.68,groceries,simulated_bank_transactions_uk
2023-06-08,Mortgage/Pmt/Mortgage,1385.12,housing,simulated_bank_transactions_uk
2023-06-12,online*purchase*nhs*online*purchase 777043,45.73,other,simulated_bank_transactions_uk
2024-04-18,direct debit google *services 864550,12.81,subscriptions,simulated_bank_transactions_uk
2024-07-01,Pos*Mortgage*Payment*Mortgage 106742,1255.88,housing,simulated_bank_transactions_uk
2023-07-04,ONLINE PURCHASE EBAY MISC EXPENSE 180,19.04,other,simulated_bank_transactions_uk
2024-03-19,Bacs Landlord Rent 954804,1891.49,housing,simulated_bank_transactions_uk
2024-09-10,utility bill bt,99.8,utilities,simulated_bank_transactions_uk
2024-05-02,Food/Delivery/Starbucks/Restaurant,106.24,dining,simulated_bank_transactions_uk
2024-07-12,So*Contactless*Iceland*Eggs 404093,69.82,groceries,simulated_bank_transactions_uk
2024-08-04,utility-bill-scottishpower 790617,76.96,utilities,simulated_bank_transactions_uk
2023-03-05,contactless morrisons chicken 712218,116.81,groceries,simulated_bank_transactions_uk
2024-04-29,Bacs Online Purchase Amazon Misc Expense 148543,119.07,other,simulated_bank_transactions_uk
2024-12-01,bacs bill payment vodafone,35.05,utilities,simulated_bank_transactions_uk
2023-06-30,Restaurant Starbucks Fast Food 789117,40.05,dining,simulated_bank_transactions_uk
2024-02-19,CARD PAYMENT ICELAND BREA,13.18,groceries,simulated_bank_transactions_uk
2024-04-07,Card Pmt Iceland Eggs 435868,131.45,groceries,simulated_bank_transactions_uk
2024-11-16,Contactless*Pos*Purchase*Boots*Misc,80.14,other,simulated_bank_transactions_uk
2023-04-05,Transport/Uber/Train/Ticket,125.09,transportation,simulated_bank_transactions_uk
2023-11-01,Food Delivery Pret Fast Food 653435,144.61,dining,simulated_bank_transactions_uk
2024-05-01,direct-debit-thames-water,122.2,utilities,simulated_bank_transactions_uk
2024-03-23,SUBSCRIPTION AMAZON PRIME 808569,38.8,subscriptions,simulated_bank_transactions_uk
2024-07-28,Fuel Trainline Fuel,123.98,transportation,simulated_bank_transactions_uk
2024-11-14,pos-purchase-argos-online-purchase 284431,14.44,other,simulated_bank_transactions_uk
2023-11-21,direct debit apple.com/bill,28.24,subscriptions,simulated_bank_transactions_uk
2023-06-01,Contactless-Tesco-Bread 932419,134.79,groceries,simulated_bank_transactions_uk
2024-11-21,card-payment-just-eat-fast-food 683280,19.7,dining,simulated_bank_transactions_uk
2023-01-04,card payment pret fast food 546872,79.54,dining,simulated_bank_transactions_uk
2024-10-16,RESTAURANT*PRET*RESTAURANT 495052,96.24,dining,simulated_bank_transactions_uk
2023-07-12,Direct-Debit-Gym-Group 944041,31.1,subscriptions,simulated_bank_transactions_uk
2023-06-20,so food delivery greggs food delivery,83.27,dining,simulated_bank_transactions_uk
2023-07-15,BACS CARD PMT GYM GROUP 935805,12.34,subscriptions,simulated_bank_transactions_uk
2023-11-06,Bacs*Letting*Agent*Rent,1109.31,housing,simulated_bank_transactions_uk
2024-10-26,visa/transport/uber/uber/ride 674439,105.8,transportation,simulated_bank_transactions_uk
2023-12-27,restaurant nando's fast food,63.33,dining,simulated_bank_transactions_uk
2023-12-10,Pos Purchase Argos Misc Expense 435445,79.91,other,simulated_bank_transactions_uk
2024-01-18,Fps*Card*Payment*Tesco*Bread 656017,70.45,groceries,simulated_bank_transactions_uk
2024-11-06,DIRECT DEBIT BT 38656,113.94,utilities,simulated_bank_transactions_uk
2023-04-12,Mortgage Pmt Mortgage 704698,1582.93,housing,simulated_bank_transactions_uk
2023-01-17,Card*Pmt*Aldi*Milk 330211,16.18,groceries,simulated_bank_transactions_uk
2024-09-30,Card Payment Spotify 6,31.25,subscriptions,simulated_bank_transactions_uk
2023-02-03,Card Pmt Netflix 176791,22.62,subscriptions,simulated_bank_transactions_uk
2024-04-10,bacs landlord rent,896.62,housing,simulated_bank_transactions_uk
2023-05-08,sto direct debit puregym,34.97,subscriptions,simulated_bank_transactions_uk
2024-10-22,fuel tfl fuel 974496,63.7,transportation,simulated_bank_transactions_uk
2023-08-18,BACS MORTGAGE RENT 5,1124.5,housing,simulated_bank_transactions_uk
2023-11-11,CARD PAYMENT GYM GROUP 818192,28.05,subscriptions,simulated_bank_transactions_uk
2023-01-05,So Pos Purchase Argos Misc Expense 637980,101.98,other,simulated_bank_transactions_uk
2023-06-07,fps card pmt pret restaurant 544754,5.28,dining,simulated_bank_transactions_uk
2024-06-15,card pmt currys misc expense 776668,126.59,other,simulated_bank_transactions_uk
2024-08-08,direct-debit-online-purchase-argos-misc-expense 950,52.26,other,simulated_bank_transactions_uk
2024-02-05,Food Delivery Nando's Restaurant 746441,84.69,dining,simulated_bank_transactions_uk
2024-08-14,direct debit thames water 324557,206.29,utilities,simulated_bank_transactions_uk
2024-02-04,Food Delivery Pret Restaurant,141.09,dining,simulated_bank_transactions_uk
2023-06-12,Bacs Mortgage Pmt Landlord,1045.37,housing,simulated_bank_transactions_uk
2023-05-10,Restaurant-Deliveroo-Restaurant,17.64,dining,simulated_bank_transactions_uk
2024-10-04,Direct Debit Google *services 960425,32.45,subscriptions,simulated_bank_transactions_uk
2023-07-28,Card/Pmt/Uber/Train/Ticket,142.46,transportation,simulated_bank_transactions_uk
2023-01-12,POS*ICELAND*MILK 741733,6.77,groceries,simulated_bank_transactions_uk
2023-03-22,so bacs landlord rent,1590.61,housing,simulated_bank_transactions_uk
2024-04-09,card payment disney+ 172628,30.7,subscriptions,simulated_bank_transactions_uk
2023-08-16,rent payment landlord 577706,1513.53,housing,simulated_bank_transactions_uk
2023-09-09,Fuel*Bolt*Train*Ticket,81.71,transportation,simulated_bank_transactions_uk
2023-10-09,Mortgage-Pmt-Mortgage 682890,1522.96,housing,simulated_bank_transactions_uk
2024-10-15,card/payment/icelan,95.23,groceries,simulated_bank_transactions_uk
2023-05-06,Direct Debit Spotify 827000,37.45,subscriptions,simulated_bank_transactions_uk
2023-07-04,Contactless Aldi Bread 590774,44.52,groceries,simulated_bank_transactions_uk
2024-01-06,card card pmt iceland milk 425744,75.65,groceries,simulated_bank_transactions_uk
2024-05-17,card payment currys online purchase 979136,60.45,other,simulated_bank_transactions_uk
2024-05-13,pos online purchase hmrc online purchase 783504,63.82,other,simulated_bank_transactions_uk
2023-11-18,MORTGAGE PMT MORTGAGE,1187.87,housing,simulated_bank_transactions_uk
2023-01-11,CARD RENT PAYMENT LETTING AGENT 644530,851.73,housing,simulated_bank_transactions_uk
2023-12-22,Direct Debit British Gas,105.42,utilities,simulated_bank_transactions_uk
2023-01-06,Fps-Food-Delivery-Uber-Eats-Food-Delivery 424210,91.2,dining,simulated_bank_transactions_uk
2023-01-31,DIRECT*DEBIT*DIRECT*DEBIT*THAMES*WATER,72.43,utilities,simulated_bank_transactions_uk
2023-08-10,SUBSCRIPTION APPLE.COM/BILL 135470,31.63,subscriptions,simulated_bank_transactions_uk
2023-08-11,Online Purchase Ebay Misc Expense 374308,19.87,other,simulated_bank_transactions_uk
2023-03-27,contactless asda eggs 98183,23.37,groceries,simulated_bank_transactions_uk
2023-04-05,Rent Payment Rent 3600,1274.2,housing,simulated_bank_transactions_uk
2024-05-22,Card Payment Shell Bus Pass,71.66,transportation,simulated_bank_transactions_uk
2023-07-17,food/delivery/greggs/food/delivery 316296,142.11,dining,simulated_bank_transactions_uk
2023-10-15,transport uber train ticket,32.09,transportation,simulated_bank_transactions_uk
2024-08-24,MASTERCARD RESTAURANT DELIVEROO RESTAURANT 552533,88.8,dining,simulated_bank_transactions_uk
2024-05-14,VISA TRANSPORT SHELL TRAIN TICKET 463225,119.73,transportation,simulated_bank_transactions_uk
2023-10-06,RESTAURANT STARBUCKS FAST FOO,65.29,dining,simulated_bank_transactions_uk
2024-09-13,card payment nhs misc expense 455174,94.57,other,simulated_bank_transactions_uk
2023-12-28,CARD PAYMENT STARBUCKS FAST FOOD 479263,32.36,dining,simulated_bank_transactions_uk
2023-02-04,FUEL BP UBER RIDE,69.06,transportation,simulated_bank_transactions_uk
2024-10-22,Subscription Netflix 277066,15.27,subscriptions,simulated_bank_transactions_uk
2023-11-27,CARD*SUBSCRIPTION*AMAZON*PRIME,9.01,subscriptions,simulated_bank_transactions_uk
2023-03-16,Food-Delivery-Costa-Restaurant,55.59,dining,simulated_bank_transactions_uk
2023-05-06,DIRECT-DEBIT-E.ON 618426,201.49,utilities,simulated_bank_transactions_uk
2023-12-03,POS TESCO EGGS 135977,104.18,groceries,simulated_bank_transactions_uk
2023-08-27,DIRECT DEBIT BILL PAYMENT E.ON 698134,100.74,utilities,simulated_bank_transactions_uk
2024-06-23,DIRECT DEBIT GOOGLE *SERVICES 49608,26.06,subscriptions,simulated_bank_transactions_uk
2024-11-18,DIRECT DEBIT OCTOPUS ENERGY 673915,187.58,utilities,simulated_bank_transactions_uk
2024-03-07,CONTACTLESS/ASDA/CHICKEN,134.22,groceries,simulated_bank_transactions_uk
2023-07-21,BACS*MORTGAGE*RENT 844219,1048.17,housing,simulated_bank_transactions_uk
2023-10-09,sto card payment iceland ric,76.3,groceries,simulated_bank_transactions_uk
2023-06-25,restaurant uber eats restaurant 910083,21.24,dining,simulated_bank_transactions_uk
2023-01-22,Fps Card Pmt Apple.com/bill,13.27,subscriptions,simulated_bank_transactions_uk
2024-08-12,card pmt national rail uber ride 802144,97.62,transportation,simulated_bank_transactions_uk
2024-02-17,card payment asda rice 315726,44.8,groceries,simulated_bank_transactions_uk
2023-02-10,Sto*Card*Payment*Iceland*Chicken,137.95,groceries,simulated_bank_transactions_uk
2023-04-08,card pmt bp uber ride 734698,13.21,transportation,simulated_bank_transactions_uk
2023-10-09,ONLINE*PURCHASE*ARGOS*MISC*EXPENSE 622166,109.32,other,simulated_bank_transactions_uk
2024-07-23,Fps Card Pmt Trainline Bus Pass 207061,61.85,transportation,simulated_bank_transactions_uk
2023-02-18,contactless*pos*purchase*currys*misc*expens,75.59,other,simulated_bank_transactions_uk
2024-04-10,restaurant nando's fast food 789582,105.38,dining,simulated_bank_transactions_uk
2023-05-05,food delivery just eat food delivery 941506,145.17,dining,simulated_bank_transactions_uk
2023-04-16,POS ONLINE PURCHASE CURRYS MISC EXPENSE,140.84,other,simulated_bank_transactions_uk
2023-01-11,Pos Asda Bread,10.03,groceries,simulated_bank_transactions_uk
2024-03-22,UTILITY/BILL/BRITISH/GAS,219.51,utilities,simulated_bank_transactions_uk
2024-01-13,direct-debit-vodafone,189.3,utilities,simulated_bank_transactions_uk
2023-02-23,pos purchase argos online purchase 115173,140.31,other,simulated_bank_transactions_uk
2023-11-08,transport bolt uber ride 701207,19.29,transportation,simulated_bank_transactions_uk
2024-09-19,contactless*morrisons*eggs,51.41,groceries,simulated_bank_transactions_uk
2023-06-24,MASTERCARD CARD PMT CURRYS MISC EXPENSE 367901,42.68,other,simulated_bank_transactions_uk
2023-06-01,Direct Debit B,100.25,utilities,simulated_bank_transactions_uk
2024-11-15,CONTACTLESS CARD PAYMENT EBAY MISC EXPENSE 506446,96.62,other,simulated_bank_transactions_uk
2024-08-14,CONTACTLESS-LIDL-CHICKEN 66091,80.56,groceries,simulated_bank_transactions_uk
2023-10-15,Contactless*Restaurant*Starbucks*Food*Delivery 297669,75.05,dining,simulated_bank_transactions_uk
2023-09-28,Transport Trainlin,36.2,transportation,simulated_bank_transactions_uk
2023-12-28,pos purchase hmrc misc expense,107.57,other,simulated_bank_transactions_uk
2023-07-30,POS DIRECT DEBIT AMAZON PRIME,30.73,subscriptions,simulated_bank_transactions_uk
2023-08-06,POS*RENT*PAYMENT*LETTING*AGENT 704908,1292.45,housing,simulated_bank_transactions_uk
2024-01-30,Direct Debit Pos Sainsburys Vegetables,34.77,groceries,simulated_bank_transactions_uk
2024-08-27,utility bill e.on 142933,75.91,utilities,simulated_bank_transactions_uk
2023-11-16,so online purchase nhs misc expense 126022,114.79,other,simulated_bank_transactions_uk
2023-04-19,Bacs Mortgage Rent 975584,1786.93,housing,simulated_bank_transactions_uk
2024-04-08,BILL PMT VODAFONE 251444,114.83,utilities,simulated_bank_transactions_uk
2023-07-12,Card Pmt Ebay Online Purchase 821466,117.66,other,simulated_bank_transactions_uk
2024-12-03,POS ALDI EGGS 250003,65.19,groceries,simulated_bank_transactions_uk
2023-04-20,Sto Transport Shell Uber Ride 70656,24.65,transportation,simulated_bank_transactions_uk
2023-07-11,DIRECT DEBIT MORTGAGE PMT LETTING AGENT,1851.74,housing,simulated_bank_transactions_uk
2024-06-27,Transport*Tfl*Uber*Ride 627220,73.01,transportation,simulated_bank_transactions_uk
2024-07-17,Food Delivery Greggs Fast Food,42.04,dining,simulated_bank_transactions_uk
2023-06-04,direct*debit*pos*tesco*eggs 382746,66.43,groceries,simulated_bank_transactions_uk
2023-12-08,Card Payment Greggs Food Delivery 140742,66.33,dining,simulated_bank_transactions_uk
2023-04-11,Bacs Card Pmt Waitrose Rice 88035,43.07,groceries,simulated_bank_transactions_uk
2024-03-08,bacs pos aldi vegetables 189777,59.23,groceries,simulated_bank_transactions_uk
2023-10-10,BILL PAYMENT EE,68.86,utilities,simulated_bank_transactions_uk
2024-11-28,Card/Pmt/Netflix 9082,20.17,subscriptions,simulated_bank_transactions_uk
2023-04-24,CARD/POS/ASDA/VEGETABLES 584077,39.59,groceries,simulated_bank_transactions_uk
2023-09-30,Utility Bill British Gas 636432,37.85,utilities,simulated_bank_transactions_uk
2024-09-27,DIRECT DEBIT THAMES WATER 635744,90.6,utilities,simulated_bank_transactions_uk
2024-12-09,Mortgage Payment Landlord,741.83,housing,simulated_bank_transactions_uk
2023-07-28,Transport Shell Fuel 675369,33.24,transportation,simulated_bank_transactions_uk
2023-10-22,Transport National Rail Bus Pass 514146,106.76,transportation,simulated_bank_transactions_uk
2024-12-18,BACS RENT RENT 77323,1304.54,housing,simulated_bank_transactions_uk
2024-12-05,Subscription-Apple.com/bill 350088,34.84,subscriptions,simulated_bank_transactions_uk
2023-07-11,UTILITY BILL E.ON 477192,45.28,utilities,simulated_bank_transactions_uk
2023-01-14,So Fuel National Rail Fuel 405253,23.85,transportation,simulated_bank_transactions_uk
2023-09-28,MORTGAGE PAYMENT LETTING AGENT,629.16,housing,simulated_bank_transactions_uk
2023-01-10,Pos*Sainsburys*Bread 15408,102.84,groceries,simulated_bank_transactions_uk
2024-05-15,Card Pmt Google *services 321928,25.41,subscriptions,simulated_bank_transactions_uk
2023-02-16,Visa Online Purchase Amazon Online Purchase 66,72.47,other,simulated_bank_transactions_uk
2023-10-25,Mastercard Card Pmt Superdrug Online Purchase 253279,86.39,other,simulated_bank_transactions_uk
2023-06-21,POS*PURCHASE*BOOTS*ONLINE*PURCHASE 972446,80.21,other,simulated_bank_transactions_uk
2023-04-13,Pos Pos Purchase Ebay Online Purchase 759000,116.96,other,simulated_bank_transactions_uk
2023-12-26,fuel national rail bus pass 954572,69.53,transportation,simulated_bank_transactions_uk
2024-04-14,CARD-PMT-NETFLIX 317126,13.87,subscriptions,simulated_bank_transactions_uk
2023-12-08,CARD-PAYMENT-TESCO-EGGS 989069,47.27,groceries,simulated_bank_transactions_uk
2024-09-02,DIRECT DEBIT SPOTIFY,36.58,subscriptions,simulated_bank_transactions_uk
2024-06-15,CONTACTLESS FOOD DELIVERY DELIVEROO RESTAURANT 800946,42.68,dining,simulated_bank_transactions_uk
2023-08-14,BACS/LANDLORD/RENT,1174.45,housing,simulated_bank_transactions_uk
2024-08-14,CONTACTLESS BACS LANDLORD RENT 412366,643.27,housing,simulated_bank_transactions_uk
2023-07-18,Contactless Mortgage Payment Re,1642.11,housing,simulated_bank_transactions_uk
2023-10-08,restaurant/starbucks/food/delivery,18.87,dining,simulated_bank_transactions_uk
2023-06-29,Mortgage Payment Landlord,1826.53,housing,simulated_bank_transactions_uk
2024-02-05,transport trainline bus p,133.54,transportation,simulated_bank_transactions_uk
2023-07-15,DIRECT DEBIT NETFLIX 222927,14.67,subscriptions,simulated_bank_transactions_uk
2023-12-18,VISA CARD PMT LIDL CHICKEN 611027,79.45,groceries,simulated_bank_transactions_uk
2024-04-10,direct debit card pmt hmrc online purchase,66.72,other,simulated_bank_transactions_uk
2024-05-25,fps direct debit google *services,38.93,subscriptions,simulated_bank_transactions_uk
2023-10-24,POS MORTGAGE PAYMENT LETTING AGENT 489084,810.32,housing,simulated_bank_transactions_uk
2023-10-23,direct/debit/spotify 821375,15.63,subscriptions,simulated_bank_transactions_uk
2023-02-11,Card Payment Aldi Eggs 524190,5.29,groceries,simulated_bank_transactions_uk
2024-05-15,utility bill vodafone 797567,57.16,utilities,simulated_bank_transactions_uk
2024-11-07,Transport National Rail Uber Ride 58613,66.26,transportation,simulated_bank_transactions_uk
2023-05-22,POS*ONLINE*PURCHASE*EBAY*ONLINE*PURCHASE 713772,10.34,other,simulated_bank_transactions_uk
2024-05-29,CARD/PMT/TFL/BUS/PASS 510916,118.43,transportation,simulated_bank_transactions_uk
2023-05-27,card bacs letting agent rent,1598.48,housing,simulated_bank_transactions_uk
2023-10-25,MORTGAGE/PAYMENT/LETTING/AGENT 2029,1885.56,housing,simulated_bank_transactions_uk
2024-11-25,BILL PMT SCOTTISHPOWER 731742,108.02,utilities,simulated_bank_transactions_uk
2023-04-11,contactless bacs landlord rent 893817,1953.67,housing,simulated_bank_transactions_uk
2023-06-27,transport*uber*bus*pass 212503,90.76,transportation,simulated_bank_transactions_uk
2024-08-15,Direct/Debit/Puregym,16.29,subscriptions,simulated_bank_transactions_uk
2023-07-24,DIRECT DEBIT OCTOPUS ENERGY 735348,121.59,utilities,simulated_bank_transactions_uk
2024-08-03,Transport-Bolt-Bus-Pass 152519,15.58,transportation,simulated_bank_transactions_uk
2024-03-23,pos mortgage pmt letting agent 330268,1126.35,housing,simulated_bank_transactions_uk
2024-12-11,CONTACTLESS MORRISONS BREAD 447547,80.41,groceries,simulated_bank_transactions_uk
2024-03-13,Fuel*Bolt*Bus*Pass 3,71.85,transportation,simulated_bank_transactions_uk
2024-04-17,card pmt uber eats fast food 7,144.33,dining,simulated_bank_transactions_uk
2024-03-07,CARD PMT ASDA CHICKEN,6.88,groceries,simulated_bank_transactions_uk
2023-11-06,Contactless Iceland Bread 604484,93.44,groceries,simulated_bank_transactions_uk
2024-01-18,ONLINE PURCHASE HMRC ONLINE PURCHASE 518396,88.31,other,simulated_bank_transactions_uk
2023-05-09,utility bill sky 900646,215.92,utilities,simulated_bank_transactions_uk
2024-06-14,CARD/PMT/COSTA/FOOD/DELIVERY 556430,3.88,dining,simulated_bank_transactions_uk
2023-10-04,RESTAURANT GREGGS RESTAURANT,15.44,dining,simulated_bank_transactions_uk
2023-04-10,pos purchase boots online purch,52.02,other,simulated_bank_transactions_uk
2024-12-08,Online Purchase Hmrc Misc Expense,86.12,other,simulated_bank_transactions_uk
2024-08-21,Transport Tfl Uber Ride 996254,20.85,transportation,simulated_bank_transactions_uk
2024-07-29,Contactless Bacs Letting Agent Rent 790303,1322.77,housing,simulated_bank_transactions_uk
2024-10-17,SO BACS MORTGAGE RENT 426167,1853.07,housing,simulated_bank_transactions_uk
2023-11-15,Online Purchase Ebay Online Purchase 962915,47.23,other,simulated_bank_transactions_uk
2023-07-25,Direct Debit Bacs Mortgage Rent 197919,1473.13,housing,simulated_bank_transactions_uk
2024-09-10,Pos Waitrose Milk,3.01,groceries,simulated_bank_transactions_uk
2023-07-29,Direct Debit Card Pmt Waitrose Chicken 743896,17.24,groceries,simulated_bank_transactions_uk
2024-06-01,Pos Tesco Rice 67977,6.62,groceries,simulated_bank_transactions_uk
2023-05-05,Pos Food Delivery Starbucks Fast Food 678093,11.18,dining,simulated_bank_transactions_uk
2023-07-08,CARD PMT BOLT FUEL 423907,74.11,transportation,simulated_bank_transactions_uk
2024-07-13,pos purchase superdrug online purchase 38844,126.73,other,simulated_bank_transactions_uk
2024-09-23,Transport Tfl Fuel 728622,129.32,transportation,simulated_bank_transactions_uk
2023-01-23,CARD PAYMENT LIDL RICE 838637,24.5,groceries,simulated_bank_transactions_uk
2023-06-24,direct debit vodafone 608274,174.64,utilities,simulated_bank_transactions_uk
2024-05-06,mastercard-card-payment-amazon-prime,12.01,subscriptions,simulated_bank_transactions_uk
2024-08-25,Card-Payment-Uber-Bus-Pass 462092,101.13,transportation,simulated_bank_transactions_uk
2024-02-05,RESTAURANT/JUST/EAT/FAST/FOOD 407738,101.15,dining,simulated_bank_transactions_uk
2024-04-20,Card Pmt Mcdonalds Food Delivery 347293,120.58,dining,simulated_bank_transactions_uk
2023-10-18,Restaurant/Greggs/Fast/Food 828004,24.78,dining,simulated_bank_transactions_uk
2023-01-12,bacs card pmt kfc restaurant 268435,85.94,dining,simulated_bank_transactions_uk
2024-11-03,Card Card Payment Google *services 112668,27.76,subscriptions,simulated_bank_transactions_uk
2023-05-23,Card*Pmt*Netflix 758135,36.75,subscriptions,simulated_bank_transactions_uk
2023-01-10,Card Payment Deliveroo Food Delivery,70.38,dining,simulated_bank_transactions_uk
2023-08-04,Card Direct Debit Octopus Energy 409877,219.42,utilities,simulated_bank_transactions_uk
2023-06-28,TRANSPORT/TFL/FUEL,78.42,transportation,simulated_bank_transactions_uk
2023-12-14,Mortgage Pmt Landlord 691641,1606.89,housing,simulated_bank_transactions_uk
2023-05-24,Restaurant Deliveroo Food Delivery,129.22,dining,simulated_bank_transactions_uk
2023-03-11,Transport*Esso*Bus*Pass 478373,138.75,transportation,simulated_bank_transactions_uk
2024-04-28,ONLINE-PURCHASE-AMAZON-MISC-EXPENSE 645867,58.35,other,simulated_bank_transactions_uk
2024-06-03,Subscription Disney+,29.8,subscriptions,simulated_bank_transactions_uk
2023-11-28,ONLINE PURCHASE NHS MISC EXPENSE 798168,22.03,other,simulated_bank_transactions_uk
2024-02-18,DIRECT DEBIT NETFLIX 800290,26.61,subscriptions,simulated_bank_transactions_uk
2023-06-12,DIRECT DEBIT CONTACTLESS ICELAND MILK 417248,7.34,groceries,simulated_bank_transactions_uk
2024-11-26,VISA/BILL/PAYMENT/E.ON 886727,139.88,utilities,simulated_bank_transactions_uk
2023-08-31,Food-Delivery-Costa-Fast-Food 525700,114.71,dining,simulated_bank_transactions_uk
2024-01-29,CARD PAYMENT WAITROSE BREAD 96724,110.04,groceries,simulated_bank_transactions_uk
2023-03-05,card/pmt/hmrc/misc/expe,138.59,other,simulated_bank_transactions_uk
2023-03-16,direct debit spotify,34.64,subscriptions,simulated_bank_transactions_uk
2023-01-31,Food Delivery Starbucks Fast Food,92.16,dining,simulated_bank_transactions_uk
2023-05-17,Visa Bill Payment E.on 22801,128.89,utilities,simulated_bank_transactions_uk
2024-11-26,rent pmt rent 587655,1287.54,housing,simulated_bank_transactions_uk
2023-06-15,TRANSPORT BOLT TRAIN TICKET 60789,32.58,transportation,simulated_bank_transactions_uk
2023-07-16,Card Pmt Kfc Food Delivery 748391,121.87,dining,simulated_bank_transactions_uk
2024-11-15,POS LIDL CHICKEN 625100,6.56,groceries,simulated_bank_transactions_uk
2023-05-24,Contactless Sainsburys Bread 864973,7.89,groceries,simulated_bank_transactions_uk
2024-08-04,Pos/Tesco/Eggs 54028,116.83,groceries,simulated_bank_transactions_uk
2024-10-19,Subscription Amazon Prime 808733,28.88,subscriptions,simulated_bank_transactions_uk
2024-04-30,Card/Payment/Disney+ 450932,12.26,subscriptions,simulated_bank_transactions_uk
2023-05-22,Card Pmt Google *services,36.49,subscriptions,simulated_bank_transactions_uk
2024-10-02,MASTERCARD/ONLINE/PURCHASE/SUPERDRUG/ONLINE/PURCHASE 778709,67.52,other,simulated_bank_transactions_uk
2023-05-11,Restaurant Uber Eats Restaurant 147284,86.67,dining,simulated_bank_transactions_uk
2024-05-25,Bacs Online Purchase Ebay Misc Expense 906460,17.83,other,simulated_bank_transactions_uk
2023-08-18,utility bill british gas,102.8,utilities,simulated_bank_transactions_uk
2023-09-15,pos purchase nhs misc expense 248660,138.57,other,simulated_bank_transactions_uk
2023-06-11,Bacs Food Delivery Just Eat Food Delivery 970218,55.61,dining,simulated_bank_transactions_uk
2023-09-05,transport national rail uber ride 598558,81.56,transportation,simulated_bank_transactions_uk
2023-02-28,Bacs/Pos/Purchase/Currys/Misc/Expense 672952,61.69,other,simulated_bank_transactions_uk
2023-09-27,DIRECT DEBIT NETFLIX 358982,25.4,subscriptions,simulated_bank_transactions_uk
2023-07-25,Mortgage Payment Mortgage 27148,1189.97,housing,simulated_bank_transactions_uk
2024-07-14,fuel uber uber ride,23.48,transportation,simulated_bank_transactions_uk
2024-11-10,bacs card pmt boots misc expense 74369,138.85,other,simulated_bank_transactions_uk
2024-07-31,contactless*asda*bread 120695,75.55,groceries,simulated_bank_transactions_uk
2023-12-21,Direct/Debit/Card/Pmt/Apple.com/bill 624237,33.26,subscriptions,simulated_bank_transactions_uk
2024-09-19,Contactless*Asda*Rice,90.93,groceries,simulated_bank_transactions_uk
2023-05-13,Mastercard Pos Tesco Chicken 532812,73.38,groceries,simulated_bank_transactions_uk
2024-05-23,visa card pmt tfl uber ride 190958,18.3,transportation,simulated_bank_transactions_uk
2023-11-07,Direct/Debit/Amazon/,20.1,subscriptions,simulated_bank_transactions_uk
2023-02-26,Card Payment Currys Online Purchase 445045,6.15,other,simulated_bank_transactions_uk
2024-01-24,Card Payment Iceland Bread,81.53,groceries,simulated_bank_transactions_uk
2024-01-22,Mortgage-Payment-Letting-Agent,673.0,housing,simulated_bank_transactions_uk
2023-05-22,mortgage payment mortgage 678318,1197.57,housing,simulated_bank_transactions_uk
2024-09-22,POS WAITROSE RICE 576639,20.34,groceries,simulated_bank_transactions_uk
2024-03-23,Card Payment Bp Bus Pass,31.47,transportation,simulated_bank_transactions_uk
2024-08-25,Contactless Lidl Bread,37.11,groceries,simulated_bank_transactions_uk
2024-07-03,card pmt lidl bread,63.72,groceries,simulated_bank_transactions_uk
2023-09-13,So/Direct/Debit/Puregym,5.52,subscriptions,simulated_bank_transactions_uk
2023-05-10,Online Purchase Currys Online Purchase,14.26,other,simulated_bank_transactions_uk
2023-11-18,contactless card pmt just eat restaurant 558854,44.54,dining,simulated_bank_transactions_uk
2023-05-13,POS TRANSPORT ESSO TRAIN TICKET,149.72,transportation,simulated_bank_transactions_uk
2023-03-20,Card Pmt Netflix 619964,9.28,subscriptions,simulated_bank_transactions_uk
2023-07-30,VISA-CONTACTLESS-WAITROSE-EGGS 41319,140.94,groceries,simulated_bank_transactions_uk
2024-01-01,Card/Restaurant/Pret/Food/Delivery 9,111.08,dining,simulated_bank_transactions_uk
2023-11-06,Online Purchase Boots Online Purchase,68.2,other,simulated_bank_transactions_uk
2023-09-08,Pos Fuel Trainline Bus Pass 912146,130.74,transportation,simulated_bank_transactions_uk
2023-04-17,SUBSCRIPTION GOOGLE *SERVICES 951125,23.95,subscriptions,simulated_bank_transactions_uk
2024-12-23,pos waitrose eggs 710778,135.36,groceries,simulated_bank_transactions_uk
2023-05-21,Direct Debit Apple.com/bill,12.12,subscriptions,simulated_bank_transactions_uk
2024-07-20,ONLINE PURCHASE EBAY ONLINE PURCHASE,47.83,other,simulated_bank_transactions_uk
2023-05-26,Bill Payment Severn Trent 497926,209.6,utilities,simulated_bank_transactions_uk
2024-10-27,FPS/CARD/PMT/SAINSBURYS/BREAD,105.66,groceries,simulated_bank_transactions_uk
2023-01-22,Pos Purchase Nhs Misc Expense,143.1,other,simulated_bank_transactions_uk
2024-08-25,contactless card pmt nando's restaurant,42.73,dining,simulated_bank_transactions_uk
2023-03-28,CARD PAYMENT MCDONALDS FAST FOOD 22157,124.6,dining,simulated_bank_transactions_uk
2024-01-29,contactless lidl eggs 35,128.62,groceries,simulated_bank_transactions_uk
2024-01-29,FOOD DELIVERY UBER EATS RESTAURANT,129.83,dining,simulated_bank_transactions_uk
2024-01-24,CARD PAYMENT NANDO'S RESTAURANT,35.99,dining,simulated_bank_transactions_uk
2023-02-02,BILL/PMT/BRITISH/GAS 388236,175.29,utilities,simulated_bank_transactions_uk
2023-12-11,Direct/Debit/Amazon/Prime,36.85,subscriptions,simulated_bank_transactions_uk
2024-08-28,Pos Purchase Currys Misc Expense 636833,122.11,other,simulated_bank_transactions_uk
2024-03-20,UTILITY-BILL-OCTOPUS-ENERGY 90213,212.43,utilities,simulated_bank_transactions_uk
2023-02-28,sto online purchase currys misc expense 40987,118.04,other,simulated_bank_transactions_uk
2024-11-25,Online Purchase Argos Online Purchase 717512,84.33,other,simulated_bank_transactions_uk
2024-08-04,Fuel Esso Fuel,65.3,transportation,simulated_bank_transactions_uk
2024-01-26,ONLINE PURCHASE ARGOS MISC EXPENSE,26.89,other,simulated_bank_transactions_uk
2023-09-01,sto card payment deliveroo food delivery,148.91,dining,simulated_bank_transactions_uk
2023-10-08,direct debit o2 593319,180.17,utilities,simulated_bank_transactions_uk
2023-10-30,CARD PAYMENT ICELAND BREAD,116.39,groceries,simulated_bank_transactions_uk
2023-10-08,contactless/card/payment/trainline/fuel 814814,8.68,transportation,simulated_bank_transactions_uk
2024-10-30,FUEL-UBER-BUS-PASS,99.91,transportation,simulated_bank_transactions_uk
2024-08-05,online purchase superdrug online purchase 634955,21.27,other,simulated_bank_transactions_uk
2024-03-30,mortgage pmt landlord 759751,1786.63,housing,simulated_bank_transactions_uk
2024-04-22,Pos Food Delivery Starbucks Restaura,67.67,dining,simulated_bank_transactions_uk
2024-07-23,BACS POS WAITROSE EGGS 4063,73.59,groceries,simulated_bank_transactions_uk
2023-10-11,UTILITY/BILL/EE 81527,236.54,utilities,simulated_bank_transactions_uk
2023-07-04,Card Payment Gym Group 593802,7.24,subscriptions,simulated_bank_transactions_uk
2024-05-21,Fuel Trainline Bus Pass 536068,41.15,transportation,simulated_bank_transactions_uk
2024-09-24,UTILITY-BILL-THAMES-WATER 270462,62.32,utilities,simulated_bank_transactions_uk
2023-07-08,rent pmt rent 383923,1516.44,housing,simulated_bank_transactions_uk
2023-08-22,pos bacs rent rent 116478,658.74,housing,simulated_bank_transactions_uk
2023-09-21,contactless-sainsburys-vegetables 496568,148.82,groceries,simulated_bank_transactions_uk
2023-12-28,CARD*PMT*MORRISONS*VEGETABLES 248807,127.2,groceries,simulated_bank_transactions_uk
2023-04-22,Card-Pmt-Spotify 142004,13.21,subscriptions,simulated_bank_transactions_uk
2024-06-07,card payment morrisons chicken 206098,68.24,groceries,simulated_bank_transactions_uk
2024-08-07,CONTACTLESS ICELAND BREAD 688107,32.99,groceries,simulated_bank_transactions_uk
2024-03-12,fuel bolt fuel,13.49,transportation,simulated_bank_transactions_uk
2024-09-13,MASTERCARD TRANSPORT BP TRAIN TICKET,6.63,transportation,simulated_bank_transactions_uk
2024-02-22,ONLINE*PURCHASE*ARGOS*MISC*EXPENSE,52.24,other,simulated_bank_transactions_uk
2024-09-28,Mortgage Pmt Landlord 593840,1962.9,housing,simulated_bank_transactions_uk
2023-10-25,pos iceland bread 292822,57.14,groceries,simulated_bank_transactions_uk
2023-11-17,UTILITY BILL O2,76.53,utilities,simulated_bank_transactions_uk
2024-08-18,Card Payment Disney+ 676124,22.79,subscriptions,simulated_bank_transactions_uk
2024-08-19,MORTGAGE-PMT-RENT 779910,1130.38,housing,simulated_bank_transactions_uk
2024-01-26,FPS CONTACTLESS ASDA VEGETABLES 131104,109.76,groceries,simulated_bank_transactions_uk
2023-08-18,card payment amazon online purchase 57023,143.41,other,simulated_bank_transactions_uk
2024-03-04,Direct Debit Puregym 265287,27.06,subscriptions,simulated_bank_transactions_uk
2023-02-22,DIRECT/DEBIT/PUREGYM 131273,35.75,subscriptions,simulated_bank_transactions_uk
2023-11-21,Direct Debit Gym Group 107960,23.21,subscriptions,simulated_bank_transactions_uk
2023-10-28,Card Payment Tfl Train Ticket,125.89,transportation,simulated_bank_transactions_uk
2024-01-06,DIRECT*DEBIT*VODAFONE,198.88,utilities,simulated_bank_transactions_uk
2024-12-10,Bill-Payment-Severn-Trent 229504,243.93,utilities,simulated_bank_transactions_uk
2024-01-06,pos utility bill ee 609973,223.65,utilities,simulated_bank_transactions_uk
2023-03-20,CARD PAYMENT TESCO EGGS 447712,85.39,groceries,simulated_bank_transactions_uk
2024-04-04,Pos Transport Shell Fuel 127389,91.97,transportation,simulated_bank_transactions_uk
2023-05-09,card pmt currys misc,36.78,other,simulated_bank_transactions_uk
2024-08-21,Subscription Netflix 815245,19.27,subscriptions,simulated_bank_transactions_uk
2023-12-16,Mortgage Pmt Landlord 892930,1714.2,housing,simulated_bank_transactions_uk
2024-03-07,Direct Debit Fuel Uber Uber Ride 849006,14.98,transportation,simulated_bank_transactions_uk
2023-07-22,Direct Debit Disney+,27.14,subscriptions,simulated_bank_transactions_uk
2023-09-27,Direct Debit Vodafone 40135,56.57,utilities,simulated_bank_transactions_uk
2023-05-10,CARD-PMT-HMRC-MISC-EXPENSE 99373,112.2,other,simulated_bank_transactions_uk
2023-01-25,fps card payment currys online purchase,125.58,other,simulated_bank_transactions_uk
2024-06-26,bacs rent rent 488392,785.33,housing,simulated_bank_transactions_uk
2024-02-16,Food Delivery Greggs Fast Food 113838,55.09,dining,simulated_bank_transactions_uk
2023-12-11,mortgage/payment/landlord 652899,766.64,housing,simulated_bank_transactions_uk
2023-02-16,DIRECT DEBIT GYM GROUP 309002,39.79,subscriptions,simulated_bank_transactions_uk
2024-04-04,Card Payment Asda Vegetables,138.35,groceries,simulated_bank_transactions_uk
2024-03-22,FOOD DELIVERY UBER EATS FOOD DELIVERY 770151,69.11,dining,simulated_bank_transactions_uk
2023-07-07,SO CARD PAYMENT SHELL FUEL 177366,105.92,transportation,simulated_bank_transactions_uk
2024-08-30,CONTACTLESS RENT PAYMENT LETTING AGENT 732598,610.9,housing,simulated_bank_transactions_uk
2024-03-25,Card*Pmt*Esso*Fuel 353702,58.77,transportation,simulated_bank_transactions_uk
2023-11-01,fps direct debit thames water 69108,51.32,utilities,simulated_bank_transactions_uk
2024-06-14,Card-Pmt-Deliveroo-Fast-Food,10.1,dining,simulated_bank_transactions_uk
2023-10-20,CARD PAYMENT NETFLIX,37.48,subscriptions,simulated_bank_transactions_uk
2023-07-02,CARD PMT UBER FUEL 184,49.83,transportation,simulated_bank_transactions_uk
2023-08-04,bill pmt scottishpower,191.62,utilities,simulated_bank_transactions_uk
2024-09-22,so food delivery mcdonalds food delivery 69603,43.9,dining,simulated_bank_transactions_uk
2023-06-19,Fuel Uber Uber Ride 295065,54.06,transportation,simulated_bank_transactions_uk
2024-03-25,Card Payment Asda Eggs 431033,43.26,groceries,simulated_bank_transactions_uk
2024-09-12,UTILITY BILL THAMES WATER 774406,231.89,utilities,simulated_bank_transactions_uk
2024-11-13,online purchase hmrc online purchase 302958,138.9,other,simulated_bank_transactions_uk
2024-07-19,Fuel-Uber-Train-Ticket 472614,17.11,transportation,simulated_bank_transactions_uk
2023-02-10,So Card Pmt Superdrug Online Purchase,7.02,other,simulated_bank_transactions_uk
2023-01-27,Bacs Direct Debit Apple.com/bill,5.23,subscriptions,simulated_bank_transactions_uk
2024-08-07,card-payment-uber-train-ticket 842553,44.43,transportation,simulated_bank_transactions_uk
2023-05-10,Card/Payment/Kfc/Food/Delivery 996664,68.39,dining,simulated_bank_transactions_uk
2023-04-23,pos purchase boots misc expense 566071,46.36,other,simulated_bank_transactions_uk
2023-09-27,MORTGAGE PAYMENT LETTI,1205.17,housing,simulated_bank_transactions_uk
2024-11-15,Contactless Contactless Morrisons Bread 796572,148.98,groceries,simulated_bank_transactions_uk
2023-08-16,bacs contactless aldi eggs 34,121.14,groceries,simulated_bank_transactions_uk
2023-10-10,Bacs Rent Rent 274426,1309.88,housing,simulated_bank_transactions_uk
2024-11-19,Card Pmt Mcdonalds Food Delivery,111.12,dining,simulated_bank_transactions_uk
2023-11-19,Card Pmt Superdrug Online Purchase,106.9,other,simulated_bank_transactions_uk
2024-12-23,CARD PMT LIDL RICE,17.76,groceries,simulated_bank_transactions_uk
2024-07-25,card-pmt-hmrc-misc-expense,30.99,other,simulated_bank_transactions_uk
2023-09-09,pos rent pmt rent,1478.2,housing,simulated_bank_transactions_uk
2023-07-20,Bill Pmt E.on,78.45,utilities,simulated_bank_transactions_uk
2023-07-11,fuel bolt fuel 405081,25.26,transportation,simulated_bank_transactions_uk
2023-04-01,RENT PAYMENT LETTING AGENT,878.0,housing,simulated_bank_transactions_uk
2023-03-10,Sto-Card-Pmt-Gym-Group 529183,5.11,subscriptions,simulated_bank_transactions_uk
2024-12-28,food delivery mcdonalds food delivery 227738,92.85,dining,simulated_bank_transactions_uk
2024-01-25,Direct-Debit-Vodafone 222548,87.88,utilities,simulated_bank_transactions_uk
2024-11-03,Mortgage Pmt Letting Agent 158851,1277.93,housing,simulated_bank_transactions_uk
2024-11-15,visa bill pmt severn trent,222.51,utilities,simulated_bank_transactions_uk
2024-02-06,RESTAURANT COSTA FAST FOOD 257904,120.12,dining,simulated_bank_transactions_uk
2023-08-13,card pmt puregym 930536,15.34,subscriptions,simulated_bank_transactions_uk
2024-04-02,Card Pmt Iceland Eggs 682640,64.68,groceries,simulated_bank_transactions_uk
2023-04-29,Direct Debit Fuel Bolt Train Ticket 267076,100.38,transportation,simulated_bank_transactions_uk
2023-12-22,direct debit british gas 915483,175.33,utilities,simulated_bank_transactions_uk
2024-05-10,mortgage pmt mortga,1683.15,housing,simulated_bank_transactions_uk
2024-12-04,STO CARD PAYMENT NHS MISC EXPENSE 292255,91.36,other,simulated_bank_transactions_uk
2024-02-23,bill-pmt-vodafone,141.65,utilities,simulated_bank_transactions_uk
2023-09-25,contactless/waitrose/chicken,116.45,groceries,simulated_bank_transactions_uk
2024-03-11,Mortgage Payment Mortgage 39607,1732.64,housing,simulated_bank_transactions_uk
2023-10-02,Pos Food Delivery Pret Fast Food,137.12,dining,simulated_bank_transactions_uk
2024-10-13,Card Payment Starbucks Food Delivery 419489,35.19,dining,simulated_bank_transactions_uk
2024-02-24,card*payment*ebay*online*purchase,48.35,other,simulated_bank_transactions_uk
2023-04-23,direct debit vodafone 675062,201.5,utilities,simulated_bank_transactions_uk
2023-01-21,CARD PMT GYM GROUP 420320,26.17,subscriptions,simulated_bank_transactions_uk
2024-12-22,BACS MORTGAGE RENT 424746,726.35,housing,simulated_bank_transactions_uk
2024-07-20,TRANSPORT/SHELL/BUS/PASS 190247,115.73,transportation,simulated_bank_transactions_uk
2023-08-04,Card*Pmt*Asda*Vegetables 654411,10.23,groceries,simulated_bank_transactions_uk
2024-07-02,transport national rail train ticket 3,147.83,transportation,simulated_bank_transactions_uk
2023-06-15,Sto-Restaurant-Greggs-Food-Delivery 478319,36.71,dining,simulated_bank_transactions_uk
2024-07-20,STO/TRANSPORT/BOLT/BUS/PASS,63.77,transportation,simulated_bank_transactions_uk
2023-01-21,Bacs Mortgage Rent,650.5,housing,simulated_bank_transactions_uk
2024-05-11,Pos Purchase Hmrc Online Purchase 95552,76.72,other,simulated_bank_transactions_uk
2023-01-25,direct*debit*pos*waitrose*bread,44.61,groceries,simulated_bank_transactions_uk
2024-01-22,Bill Payment Octopus Energy 176937,194.98,utilities,simulated_bank_transactions_uk
2023-10-04,Bacs Mortgage Rent,1636.74,housing,simulated_bank_transactions_uk
2024-05-31,Card Pmt Ebay Online Purchase,14.25,other,simulated_bank_transactions_uk
2024-07-08,Pos/Mortgage/Payment/Mortgage 800229,1639.71,housing,simulated_bank_transactions_uk
2024-02-05,Card Payment Spotify 271743,25.59,subscriptions,simulated_bank_transactions_uk
2023-01-24,Bill/Payment/Scottishpower 638813,123.53,utilities,simulated_bank_transactions_uk
2023-04-13,Fuel Esso Bus Pass,70.46,transportation,simulated_bank_transactions_uk
2024-03-15,POS FUEL TRAINLINE FUEL 422084,58.36,transportation,simulated_bank_transactions_uk
2024-07-28,pos lidl bread,145.13,groceries,simulated_bank_transactions_uk
2024-12-20,TRANSPORT TFL FUEL 705348,44.81,transportation,simulated_bank_transactions_uk
2024-05-23,card pmt netflix 479799,5.6,subscriptions,simulated_bank_transactions_uk
2023-04-21,Rent/Pmt/Mortgage 104054,1667.78,housing,simulated_bank_transactions_uk
2023-01-26,FOOD DELIVERY UBER EATS RESTAURANT,87.95,dining,simulated_bank_transactions_uk
2024-05-03,Card Pmt Nando's Restaurant,68.72,dining,simulated_bank_transactions_uk
2024-10-07,Subscription Spotify,16.64,subscriptions,simulated_bank_transactions_uk
2023-08-01,mastercard/contactless/asda/milk 88785,85.45,groceries,simulated_bank_transactions_uk
2023-03-27,Bacs Pos Purchase Nhs Misc Expense 154,90.23,other,simulated_bank_transactions_uk
2024-08-03,Bill Pmt Sky 597328,134.17,utilities,simulated_bank_transactions_uk
2024-05-20,pos purchase superdrug online purchase,11.66,other,simulated_bank_transactions_uk
2023-12-12,TRANSPORT*TFL*FUEL,48.78,transportation,simulated_bank_transactions_uk
2024-12-06,ONLINE-PURCHASE-CURRYS-ONLINE-PURCHASE 945732,8.37,other,simulated_bank_transactions_uk
2024-12-07,DIRECT DEBIT NETFLIX 17709,5.2,subscriptions,simulated_bank_transactions_uk
2024-10-29,CARD BILL PAYMENT BRITISH GAS 316029,98.86,utilities,simulated_bank_transactions_uk
2024-07-22,Bill Pmt Thames Water 88484,136.26,utilities,simulated_bank_transactions_uk
2024-03-11,POS*PURCHASE*SUPERDRUG*ONLINE*PURCHASE 882849,138.42,other,simulated_bank_transactions_uk
2023-06-15,Rent Pmt Landlord,1659.64,housing,simulated_bank_transactions_uk
2023-04-27,Subscription Amazon Prime 973531,11.91,subscriptions,simulated_bank_transactions_uk
2024-10-03,Pos Tesco Rice 294016,75.79,groceries,simulated_bank_transactions_uk
2024-07-14,ONLINE PURCHASE BOOTS MISC EXPENSE 53,23.56,other,simulated_bank_transactions_uk
2023-05-01,food delivery nando's fast food,4.36,dining,simulated_bank_transactions_uk
2024-11-23,card pmt just eat fast food 849171,108.83,dining,simulated_bank_transactions_uk
2024-01-16,CARD-PAYMENT-TFL-BUS-PASS,93.42,transportation,simulated_bank_transactions_uk
2024-12-02,Direct/Debit/Gym/Group 766621,15.16,subscriptions,simulated_bank_transactions_uk
2024-04-18,Utility Bill British Gas 785559,85.27,utilities,simulated_bank_transactions_uk
2023-05-19,BILL PAYMENT SEVERN TRENT,188.43,utilities,simulated_bank_transactions_uk
2023-06-03,Direct Debit E.on 229939,121.59,utilities,simulated_bank_transactions_uk
2023-01-06,card-payment-costa-restaurant 873208,149.02,dining,simulated_bank_transactions_uk
2023-04-07,Fuel Bp Train Ticket 579461,32.29,transportation,simulated_bank_transactions_uk
2024-04-24,Card Pmt Apple.com/bill 243274,7.14,subscriptions,simulated_bank_transactions_uk
2023-08-20,subscription amazon prime 660038,27.27,subscriptions,simulated_bank_transactions_uk
2023-10-09,CARD PMT ESSO UBER RIDE,139.4,transportation,simulated_bank_transactions_uk
2023-11-10,fuel bp fuel,88.92,transportation,simulated_bank_transactions_uk
2024-07-28,sto card pmt bp fuel 376589,140.34,transportation,simulated_bank_transactions_uk
2023-06-06,direct debit gym grou,7.71,subscriptions,simulated_bank_transactions_uk
2023-07-02,contactless tesco vegetables 201981,34.82,groceries,simulated_bank_transactions_uk
2024-06-18,Fuel-Trainline-Uber-Ride 550795,21.63,transportation,simulated_bank_transactions_uk
2024-08-29,direct-debit-amazon-prime 7288,16.56,subscriptions,simulated_bank_transactions_uk
2024-09-22,DIRECT DEBIT NETFLIX 896832,30.8,subscriptions,simulated_bank_transactions_uk
2023-08-26,Mortgage Payment Landlord,603.74,housing,simulated_bank_transactions_uk
2023-05-27,Bill/Pmt/Severn/,165.28,utilities,simulated_bank_transactions_uk
2023-02-23,BILL-PMT-O2,101.13,utilities,simulated_bank_transactions_uk
2023-11-06,Card Utility Bill Thames Water 467036,133.77,utilities,simulated_bank_transactions_uk
2024-01-30,CARD-PMT-DISNEY+,18.76,subscriptions,simulated_bank_transactions_uk
2023-11-21,Bacs Landlord Rent,1774.11,housing,simulated_bank_transactions_uk
2023-06-20,CONTACTLESS SUBSCRIPTION SPOTIFY 673501,34.48,subscriptions,simulated_bank_transactions_uk
2024-07-27,So Bacs Letting Agent Rent,1775.83,housing,simulated_bank_transactions_uk
2023-09-14,FOOD DELIVERY NANDO'S FAST FOOD 161617,105.18,dining,simulated_bank_transactions_uk
2023-12-23,Mortgage/Payment/Letting/Agent 451304,1209.58,housing,simulated_bank_transactions_uk
2024-11-17,Utility-Bill-Bt 499984,218.18,utilities,simulated_bank_transactions_uk
2024-07-27,card pmt esso fuel 380212,34.43,transportation,simulated_bank_transactions_uk
2023-01-11,bill payment bt 494617,235.3,utilities,simulated_bank_transactions_uk
2024-08-23,BILL PMT OCTOPUS ENERGY,72.88,utilities,simulated_bank_transactions_uk
2024-01-13,Card Pmt Tfl Bus Pass 378426,16.83,transportation,simulated_bank_transactions_uk
2023-02-04,TRANSPORT ESSO UBER RIDE 485802,92.2,transportation,simulated_bank_transactions_uk
2024-12-13,Mastercard Mortgage Pmt Landlord 508255,1157.61,housing,simulated_bank_transactions_uk
2024-08-08,mortgage/pmt/letting/agent 680642,680.12,housing,simulated_bank_transactions_uk
2024-04-27,pos purchase nhs online purchase 650670,129.89,other,simulated_bank_transactions_uk
2024-10-25,Subscription Disney+,11.08,subscriptions,simulated_bank_transactions_uk
2023-01-30,pos purchase superdrug online purchas,8.61,other,simulated_bank_transactions_uk
2023-05-15,card-payment-apple.com/bill 3161,30.77,subscriptions,simulated_bank_transactions_uk
2023-05-03,CARD PMT ALDI RICE 619520,125.61,groceries,simulated_bank_transactions_uk
2023-03-05,Card Payment Lidl Rice,96.71,groceries,simulated_bank_transactions_uk
2023-10-12,Card*Pmt*Uber*Uber*Ride 639040,129.11,transportation,simulated_bank_transactions_uk
2023-01-18,Card Payment Ebay Online Purchase,99.3,other,simulated_bank_transactions_uk
2023-06-23,Card Pmt Tfl Bus Pass 454484,134.97,transportation,simulated_bank_transactions_uk
2024-11-11,CARD PMT DISNEY+ 786657,23.07,subscriptions,simulated_bank_transactions_uk
2024-11-16,Card Pmt Uber Eats Fast Food 450248,126.14,dining,simulated_bank_transactions_uk
2024-05-28,card pmt lidl milk 140292,31.36,groceries,simulated_bank_transactions_uk
2023-10-10,BILL PAYMENT SCOTTISHPOWER,127.55,utilities,simulated_bank_transactions_uk
2024-10-12,Fps*Direct*Debit*Spotify 645335,19.32,subscriptions,simulated_bank_transactions_uk
2023-05-01,Bacs Mortgage Rent 806962,1384.78,housing,simulated_bank_transactions_uk
2024-12-14,FUEL TRAINLINE FUEL,86.52,transportation,simulated_bank_transactions_uk
2023-04-01,Contactless-Tesco-Chicken,139.75,groceries,simulated_bank_transactions_uk
2023-03-30,CONTACTLESS-WAITROSE-MILK 702904,29.83,groceries,simulated_bank_transactions_uk
2023-06-23,Utility*Bill*O2 612607,242.47,utilities,simulated_bank_transactions_uk
2024-01-19,Online-Purchase-Argos-Online-Purchase 175473,34.98,other,simulated_bank_transactions_uk
2023-09-10,restaurant mcdonalds restaurant 846182,131.95,dining,simulated_bank_transactions_uk
2023-05-16,Fuel-Shell-Train-Ticket 287102,112.87,transportation,simulated_bank_transactions_uk
2023-10-21,DIRECT DEBIT FUEL SHELL UBER RIDE 103294,58.76,transportation,simulated_bank_transactions_uk
2023-08-20,Bacs Utility Bill Ee,99.42,utilities,simulated_bank_transactions_uk
2023-07-24,Online Purchase Ebay Online Purchase 105560,43.1,other,simulated_bank_transactions_uk
2023-04-05,Bill Payment Thames Water 548595,126.71,utilities,simulated_bank_transactions_uk
2023-12-24,Restaurant*Kfc*Fast*Food 218116,88.07,dining,simulated_bank_transactions_uk
2024-12-04,Card Payment Amazon Misc Expense 953041,124.94,other,simulated_bank_transactions_uk
2024-08-22,Pos*Purchase*Amazon*Online*Purchase 777431,8.4,other,simulated_bank_transactions_uk
2023-08-04,Restaurant*Pret*Restaurant 99366,82.08,dining,simulated_bank_transactions_uk
2023-10-23,Mortgage*Pmt*Rent,1735.27,housing,simulated_bank_transactions_uk
2023-10-03,UTILITY*BILL*SCOTTISHPOWER 451258,140.83,utilities,simulated_bank_transactions_uk
2023-09-22,contactless sainsburys chicken,116.69,groceries,simulated_bank_transactions_uk
2024-06-13,bill pmt british gas,232.82,utilities,simulated_bank_transactions_uk
2023-11-27,Mastercard Rent Pmt Rent 130376,1254.15,housing,simulated_bank_transactions_uk
2023-02-04,SO FUEL SHELL FUEL,99.77,transportation,simulated_bank_transactions_uk
2023-01-09,TRANSPORT*NATIONAL*RAIL*UBER*RIDE,95.53,transportation,simulated_bank_transactions_uk
2023-04-13,DIRECT DEBIT SEVERN TRENT 535819,104.07,utilities,simulated_bank_transactions_uk
2023-07-10,STO UTILITY BILL THAMES WATER 243001,132.71,utilities,simulated_bank_transactions_uk
2024-09-23,direct debit card payment boots online purchase 89563,67.53,other,simulated_bank_transactions_uk
2024-03-21,Restaurant Costa Food Delivery 919638,87.67,dining,simulated_bank_transactions_uk
2024-01-18,Mortgage/Payment/Rent 600111,941.02,housing,simulated_bank_transactions_uk
2023-02-11,card payment puregym 105822,19.04,subscriptions,simulated_bank_transactions_uk
2024-08-14,DIRECT*DEBIT*O2,200.3,utilities,simulated_bank_transactions_uk
2024-06-08,Card Payment Greggs Food Delivery 412209,7.2,dining,simulated_bank_transactions_uk
2024-06-20,fps*utility*bill*scottishpower,242.35,utilities,simulated_bank_transactions_uk
2023-02-25,UTILITY-BILL-O2 688923,103.29,utilities,simulated_bank_transactions_uk
2023-05-25,Contactless Iceland Eggs 239704,119.55,groceries,simulated_bank_transactions_uk
2023-06-19,Online Purchase Boots Misc Expense,70.43,other,simulated_bank_transactions_uk
2023-07-25,restaurant greggs restaurant 735956,99.82,dining,simulated_bank_transactions_uk
2023-07-28,utility bill o2 899048,70.61,utilities,simulated_bank_transactions_uk
2023-06-07,Sto Card Pmt Greggs Restaurant,109.45,dining,simulated_bank_transactions_uk
2023-04-13,MORTGAGE*PMT*LETTING*AGENT 924913,823.06,housing,simulated_bank_transactions_uk
2024-12-16,food delivery greggs food delivery,103.96,dining,simulated_bank_transactions_uk
2024-12-24,utility bill vodafone 796042,212.9,utilities,simulated_bank_transactions_uk
2023-05-17,utility bill britis,100.04,utilities,simulated_bank_transactions_uk
2024-11-21,Food Delivery Starbucks Fast Food 230096,135.01,dining,simulated_bank_transactions_uk
2023-12-22,Fps Bacs Mortgage Rent 393781,1347.76,housing,simulated_bank_transactions_uk
2024-08-23,pos food delivery kfc food delivery,111.84,dining,simulated_bank_transactions_uk
2023-07-02,Fps Pos Iceland Bread 581804,133.18,groceries,simulated_bank_transactions_uk
2023-12-15,Card Payment Argos Online Purchase 212514,57.26,other,simulated_bank_transactions_uk
2023-03-21,CARD CARD PAYMENT AMAZON PRIME 294520,31.31,subscriptions,simulated_bank_transactions_uk
2023-08-05,Bacs Mortgage Rent,863.16,housing,simulated_bank_transactions_uk
2024-01-29,fuel-uber-fuel 923699,16.65,transportation,simulated_bank_transactions_uk
2024-02-01,so bacs landlord,998.95,housing,simulated_bank_transactions_uk
2024-03-07,mortgage pmt letting agent 123104,1941.92,housing,simulated_bank_transactions_uk
2023-04-19,utility bill sky,143.82,utilities,simulated_bank_transactions_uk
2023-04-14,restaurant pret restaurant,53.9,dining,simulated_bank_transactions_uk
2023-11-23,Mortgage Pmt Rent 712705,617.11,housing,simulated_bank_transactions_uk
2024-10-31,Pos Utility Bill Scottishpower 944019,32.55,utilities,simulated_bank_transactions_uk
2024-03-11,Bacs Letting Agent Rent,676.32,housing,simulated_bank_transactions_uk
2024-04-06,so fuel esso uber ride 264819,91.73,transportation,simulated_bank_transactions_uk
2024-07-01,CARD PMT APPLE.COM/BILL 699910,29.92,subscriptions,simulated_bank_transactions_uk
2024-03-10,CARD PAYMENT BOLT UBER RIDE 5321,118.47,transportation,simulated_bank_transactions_uk
2023-01-08,DIRECT DEBIT NETFLIX 84139,7.8,subscriptions,simulated_bank_transactions_uk
2024-09-21,Transport*Tfl*Bus*Pass 385380,32.05,transportation,simulated_bank_transactions_uk
2023-02-10,Mortgage Pmt Rent 59252,1250.67,housing,simulated_bank_transactions_uk
2023-02-21,fps card pmt aldi rice,70.66,groceries,simulated_bank_transactions_uk
2024-11-22,CARD*PMT*GYM*GROUP 561520,19.9,subscriptions,simulated_bank_transactions_uk
2023-07-03,Sto Card Payment Shell Uber Ride 946906,82.78,transportation,simulated_bank_transactions_uk
2024-04-02,Card Payment Uber Bus Pass 624293,64.31,transportation,simulated_bank_transactions_uk
2024-09-02,so card pmt national rail bus pass 48,96.49,transportation,simulated_bank_transactions_uk
2024-06-28,contactless tesco eggs,110.59,groceries,simulated_bank_transactions_uk
2023-04-07,bacs/rent/rent 756887,717.67,housing,simulated_bank_transactions_uk
2023-10-09,direct-debit-scottishpower 893334,124.84,utilities,simulated_bank_transactions_uk
2023-09-07,fuel-esso-fuel,104.28,transportation,simulated_bank_transactions_uk
2023-12-01,Pos/Purchase/Ebay/Misc/Expense,8.97,other,simulated_bank_transactions_uk
2024-10-15,Card Pmt Esso Uber Ride,24.57,transportation,simulated_bank_transactions_uk
2023-03-22,online/purchase/boots/online/purchase 84601,59.14,other,simulated_bank_transactions_uk
2023-01-23,Sto Fuel Uber Bus Pass,65.11,transportation,simulated_bank_transactions_uk
2023-03-23,utility-bill-scottishpower 667219,193.39,utilities,simulated_bank_transactions_uk
2023-07-16,POS PURCHASE SUPERDRUG MISC EXPENSE 500701,144.88,other,simulated_bank_transactions_uk
2024-07-06,So Card Pmt Gym Group,26.55,subscriptions,simulated_bank_transactions_uk
2023-02-20,Card Pmt Amazon Online Purchase 494774,105.06,other,simulated_bank_transactions_uk
2024-03-23,transport bp fuel 372548,34.64,transportation,simulated_bank_transactions_uk
2024-11-18,CARD PAYMENT ESSO TRAIN TICKET,43.7,transportation,simulated_bank_transactions_uk
2023-07-05,POS*ASDA*CHICKEN,61.6,groceries,simulated_bank_transactions_uk
2023-01-20,Bacs Rent Rent 156512,1170.06,housing,simulated_bank_transactions_uk
2023-10-09,ONLINE-PURCHASE-EBAY-MISC-EXPENSE,99.61,other,simulated_bank_transactions_uk
2024-10-12,Card Payment Shell Fuel 641026,91.06,transportation,simulated_bank_transactions_uk
2023-01-19,card/pmt/uber/uber/ride,35.53,transportation,simulated_bank_transactions_uk
2024-12-30,Bacs Letting Agent Rent 980620,1455.94,housing,simulated_bank_transactions_uk
2023-12-03,SUBSCRIPTION GOOGLE *SERVICES 316825,27.22,subscriptions,simulated_bank_transactions_uk
2023-12-18,POS DIRECT DEBIT AMAZON PRIME 738328,24.52,subscriptions,simulated_bank_transactions_uk
2024-03-31,card pmt tfl bus pass 316732,53.92,transportation,simulated_bank_transactions_uk
2024-06-29,Bill Payment Ee,139.77,utilities,simulated_bank_transactions_uk
2023-02-03,rent pmt landlord,957.97,housing,simulated_bank_transactions_uk
2023-12-20,MORTGAGE/PMT/MORTGAGE 420687,1385.86,housing,simulated_bank_transactions_uk
2024-06-26,Card Payment Aldi Bread,112.96,groceries,simulated_bank_transactions_uk
2023-11-19,FUEL NATIONAL RAIL BUS PASS 837914,45.9,transportation,simulated_bank_transactions_uk
2023-06-09,FPS/CARD/PAYMENT/NANDO'S/FOOD/DELIVERY 242175,71.7,dining,simulated_bank_transactions_uk
2024-03-17,subscription-spotify 859712,17.31,subscriptions,simulated_bank_transactions_uk
2023-10-18,card payment pret restaurant 862404,113.45,dining,simulated_bank_transactions_uk
2024-07-04,subscription spotify,13.22,subscriptions,simulated_bank_transactions_uk
2023-04-10,UTILITY BILL THAMES WATER 314685,216.93,utilities,simulated_bank_transactions_uk
2023-04-24,STO RESTAURANT STARBUCKS RESTAURANT,34.06,dining,simulated_bank_transactions_uk
2024-02-15,Card Payment Amazon Prime,10.57,subscriptions,simulated_bank_transactions_uk
2024-09-05,SUBSCRIPTION GOOGLE *SERVICES 267263,12.62,subscriptions,simulated_bank_transactions_uk
2024-10-07,Fps*Fuel*Trainline*Bus*Pass,116.26,transportation,simulated_bank_transactions_uk
2024-10-10,So-Card-Payment-Morrisons-Vegetables 19297,133.06,groceries,simulated_bank_transactions_uk
2024-06-29,Mastercard Card Pmt Hmrc Misc Expense 936096,76.84,other,simulated_bank_transactions_uk
2024-05-21,visa card pmt starbucks restaurant 304208,129.28,dining,simulated_bank_transactions_uk
2024-04-05,online purchase superdrug misc expense 483952,45.08,other,simulated_bank_transactions_uk
2023-12-09,direct debit thames water 782359,30.73,utilities,simulated_bank_transactions_uk
2024-11-30,Contactless Card Payment Amazon Misc Expense 53486,99.46,other,simulated_bank_transactions_uk
2024-03-04,CARD*PAYMENT*ASDA*RICE 405617,88.28,groceries,simulated_bank_transactions_uk
2023-01-30,food delivery just eat fast food,30.76,dining,simulated_bank_transactions_uk
2023-03-24,Direct Debit Google *services 420702,26.7,subscriptions,simulated_bank_transactions_uk
2023-11-29,VISA DIRECT DEBIT DISNEY+,38.09,subscriptions,simulated_bank_transactions_uk
2024-12-01,Card/Payment/Netflix 481354,26.89,subscriptions,simulated_bank_transactions_uk
2024-09-07,CARD PAYMENT MORRISONS EGGS,6.34,groceries,simulated_bank_transactions_uk
2023-07-17,Card Pmt Currys Misc Expense 660355,84.15,other,simulated_bank_transactions_uk
2023-09-03,CARD PMT SUPERDRUG ONLINE PURCHASE 9,70.29,other,simulated_bank_transactions_uk
2023-11-27,bill payment o2,232.7,utilities,simulated_bank_transactions_uk
2024-08-14,contactless-bill-payment-severn-trent,36.8,utilities,simulated_bank_transactions_uk
2024-09-09,Card Payment Greggs Fast Food 978270,39.02,dining,simulated_bank_transactions_uk
2024-04-17,Card Pmt Pret Restaurant,120.12,dining,simulated_bank_transactions_uk
2023-12-06,CARD PMT PUREGYM 520180,26.14,subscriptions,simulated_bank_transactions_uk
2023-03-13,CARD*PAYMENT*NHS*ONLINE*PURCHASE 14228,38.99,other,simulated_bank_transactions_uk
2024-11-24,Direct-Debit-Card-Payment-Asda-Vegetables 61611,7.75,groceries,simulated_bank_transactions_uk
2024-01-30,Food/Delivery/Greggs/Food/Delivery 521067,149.34,dining,simulated_bank_transactions_uk
2024-07-04,BACS/POS/ICELAND/RICE,143.76,groceries,simulated_bank_transactions_uk
2024-10-24,CONTACTLESS LIDL VEGETABLES 329069,117.16,groceries,simulated_bank_transactions_uk
2023-03-03,card payment apple.com/bill 459943,21.83,subscriptions,simulated_bank_transactions_uk
2023-02-10,card pmt bp fuel 205106,124.76,transportation,simulated_bank_transactions_uk
2024-06-07,transport*bp*fuel 174993,108.34,transportation,simulated_bank_transactions_uk
2023-05-30,RENT PAYMENT RENT,773.68,housing,simulated_bank_transactions_uk
2024-08-16,direct debit card pmt ebay misc expense,114.42,other,simulated_bank_transactions_uk
2024-01-11,online purchase argos online purchase,109.13,other,simulated_bank_transactions_uk
2023-09-06,card payment mcdonalds food delivery,52.96,dining,simulated_bank_transactions_uk
2023-04-10,card card pmt hmrc misc expense,33.88,other,simulated_bank_transactions_uk
2024-12-27,CARD CARD PMT BOLT UBER RIDE 157421,70.36,transportation,simulated_bank_transactions_uk
2023-12-17,RESTAURANT JUST EAT RESTAURANT 315786,114.28,dining,simulated_bank_transactions_uk
2024-04-06,TRANSPORT*UBER*FUEL 852625,51.61,transportation,simulated_bank_transactions_uk
2023-05-24,rent payment letting agent 477263,1432.2,housing,simulated_bank_transactions_uk
2024-07-31,Utility Bill Octopus Energy 770274,223.64,utilities,simulated_bank_transactions_uk
2023-06-12,Fuel Bp Bus Pass 815809,48.08,transportation,simulated_bank_transactions_uk
2024-11-20,SUBSCRIPTION SPOTIFY 117249,29.96,subscriptions,simulated_bank_transactions_uk
2024-12-12,card/payment/trainline/train/ticket 668084,112.33,transportation,simulated_bank_transactions_uk
2023-09-21,utility bill bt 601335,219.01,utilities,simulated_bank_transactions_uk
2023-11-07,so mortgage pmt rent 276435,896.33,housing,simulated_bank_transactions_uk
2024-06-13,BILL PMT SEVERN TRENT 694520,188.65,utilities,simulated_bank_transactions_uk
2023-06-24,RESTAURANT*UBER*EATS*FAST*FOOD 649268,93.91,dining,simulated_bank_transactions_uk
2024-05-28,Mastercard Transport Esso Train Ticket,89.31,transportation,simulated_bank_transactions_uk
2024-05-11,TRANSPORT TRAINLINE BUS PASS 176982,58.56,transportation,simulated_bank_transactions_uk
2024-05-10,Mortgage Payment Mortgage 971414,1274.87,housing,simulated_bank_transactions_uk
2023-03-08,So Card Payment Kfc Restaurant 826025,101.31,dining,simulated_bank_transactions_uk
2023-08-18,CONTACTLESS-TRANSPORT-SHELL-TRAIN-TICKET,48.47,transportation,simulated_bank_transactions_uk
2023-05-03,Bill Pmt Bt 534479,190.33,utilities,simulated_bank_transactions_uk
2024-10-15,MORTGAGE PAYMENT RENT 57158,1243.05,housing,simulated_bank_transactions_uk
2024-06-20,card payment iceland vegetables,127.32,groceries,simulated_bank_transactions_uk
2024-10-03,Bill Pmt O2,37.22,utilities,simulated_bank_transactions_uk
2023-10-05,pos sainsburys eggs,77.59,groceries,simulated_bank_transactions_uk
2023-03-23,MASTERCARD-CARD-PAYMENT-APPLE.COM/BILL 621671,23.82,subscriptions,simulated_bank_transactions_uk
2024-06-19,so card payment boots online purchase 736397,68.66,other,simulated_bank_transactions_uk
2024-12-07,DIRECT DEBIT SEVERN TRENT 222371,192.68,utilities,simulated_bank_transactions_uk
2023-07-01,Rent/Payment/Letting/Agent 424853,1604.33,housing,simulated_bank_transactions_uk
2023-10-12,Contactless Lidl Chicken 479530,42.07,groceries,simulated_bank_transactions_uk
2023-03-07,Pos*Iceland*Vegetables,30.93,groceries,simulated_bank_transactions_uk
2024-08-22,utility/bill/scottishpower,80.07,utilities,simulated_bank_transactions_uk
2024-07-03,Online Purchase Nhs Misc Expense,71.25,other,simulated_bank_transactions_uk
2024-10-11,Online Purchase Boots Online Purchase 462707,49.87,other,simulated_bank_transactions_uk
2024-03-28,Pos Morrisons Bread 335946,73.31,groceries,simulated_bank_transactions_uk
2024-07-09,pos asda rice,32.02,groceries,simulated_bank_transactions_uk
2023-01-10,direct debit amazon prime 625919,15.5,subscriptions,simulated_bank_transactions_uk
2024-03-29,DIRECT DEBIT SPOTIFY 249865,8.9,subscriptions,simulated_bank_transactions_uk
2024-10-12,Pos Purchase Argos Online Purchase,89.57,other,simulated_bank_transactions_uk
2024-02-21,Direct Debit Google *services 183069,13.81,subscriptions,simulated_bank_transactions_uk
2024-06-03,Subscription Netflix 809156,11.18,subscriptions,simulated_bank_transactions_uk
2024-10-22,Mastercard Restaurant Nando's Food Delivery 827048,44.71,dining,simulated_bank_transactions_uk
2023-09-12,TRANSPORT TRAINLINE BUS PASS 147728,130.49,transportation,simulated_bank_transactions_uk
2024-05-30,fuel uber bus pass 714450,102.64,transportation,simulated_bank_transactions_uk
2023-07-06,POS-CARD-PAYMENT-BP-FUEL 518776,19.39,transportation,simulated_bank_transactions_uk
2024-06-05,food delivery deliveroo restaurant 333409,49.92,dining,simulated_bank_transactions_uk
2023-03-09,Mastercard Food Delivery Nando's Fast Food 147,26.98,dining,simulated_bank_transactions_uk
2023-04-07,ONLINE PURCHASE EBAY MISC EXPENSE 658853,101.93,other,simulated_bank_transactions_uk
2024-12-04,Contactless Card Payment Currys Misc Expense 251332,53.34,other,simulated_bank_transactions_uk
2023-08-26,direct/debit/amazon/prime 820517,8.8,subscriptions,simulated_bank_transactions_uk
2024-06-27,Utility/Bill/Octopus/Energy,100.4,utilities,simulated_bank_transactions_uk
2024-09-16,STO RESTAURANT STARBUCKS RESTAURANT 655959,103.66,dining,simulated_bank_transactions_uk
2024-02-10,sto-direct-debit-e.on 292945,72.22,utilities,simulated_bank_transactions_uk
2024-09-16,Online Purchase Currys Online Purchase 927724,128.3,other,simulated_bank_transactions_uk
2024-04-30,CONTACTLESS RENT PAYMENT LETTING AGENT 590224,1323.05,housing,simulated_bank_transactions_uk
2023-09-27,mortgage pmt rent 809371,977.14,housing,simulated_bank_transactions_uk
2023-11-10,food delivery starbucks fast food 968095,57.51,dining,simulated_bank_transactions_uk
2023-11-19,Contactless Fuel Trainline Bus Pass 122875,124.9,transportation,simulated_bank_transactions_uk
2024-02-07,pos restaurant starbucks fast food 335993,65.52,dining,simulated_bank_transactions_uk
2024-02-18,Pos Purchase Nhs Misc Expense 871924,3.83,other,simulated_bank_transactions_uk
2023-05-24,CONTACTLESS ICELAND RICE,54.98,groceries,simulated_bank_transactions_uk
2024-12-22,Fps Restaurant Deliveroo Fast Food,5.86,dining,simulated_bank_transactions_uk
2024-01-18,direct debit utility bill scottishpower,86.3,utilities,simulated_bank_transactions_uk
2024-01-27,CARD PMT ASDA EGGS 380053,65.84,groceries,simulated_bank_transactions_uk
2024-09-24,TRANSPORT/UBER/TRAIN/TICKET 235012,120.23,transportation,simulated_bank_transactions_uk
2023-09-06,Subscription Disney+ 181108,8.74,subscriptions,simulated_bank_transactions_uk
2024-08-30,Utility-Bill-Scottishpower 3799,237.13,utilities,simulated_bank_transactions_uk
2024-02-04,card*pmt*pret*restaurant,117.84,dining,simulated_bank_transactions_uk
2024-08-23,MORTGAGE PMT LANDLORD 656051,1981.7,housing,simulated_bank_transactions_uk
2024-10-16,VISA RESTAURANT COSTA RESTAURANT 539200,17.91,dining,simulated_bank_transactions_uk
2024-03-24,FUEL BOLT BUS PASS,82.07,transportation,simulated_bank_transactions_uk
2023-03-17,DIRECT DEBIT CARD PAYMENT TFL UBER RIDE 3957,72.36,transportation,simulated_bank_transactions_uk
2023-06-04,Fuel Uber Fuel 480090,124.17,transportation,simulated_bank_transactions_uk
2024-03-24,Card Payment Amazon Prime,24.66,subscriptions,simulated_bank_transactions_uk
2023-09-24,Bacs Utility Bill Vodafone 877765,197.81,utilities,simulated_bank_transactions_uk
2023-05-24,VISA-SUBSCRIPTION-APPLE.COM/BILL 20776,29.13,subscriptions,simulated_bank_transactions_uk
2024-12-17,POS PURCHASE HMRC ONLINE PURCHASE 828094,131.0,other,simulated_bank_transactions_uk
2024-04-01,RENT PMT RENT 992293,1105.72,housing,simulated_bank_transactions_uk
2024-04-16,BACS LANDLORD RENT 20040,1255.66,housing,simulated_bank_transactions_uk
2024-12-21,POS FUEL BP BUS PASS,32.25,transportation,simulated_bank_transactions_uk
2023-01-24,So/Fuel/Uber/Bus/Pass,91.73,transportation,simulated_bank_transactions_uk
2024-05-13,BILL-PAYMENT-SKY 425245,124.01,utilities,simulated_bank_transactions_uk
2023-03-03,ONLINE PURCHASE SUPERDRUG ONLINE PURCHASE,125.26,other,simulated_bank_transactions_uk
2023-02-02,direct debit google *services 186774,20.3,subscriptions,simulated_bank_transactions_uk
2024-08-11,subscription amazon prime 953606,22.22,subscriptions,simulated_bank_transactions_uk
2024-08-01,so fuel tfl uber ride,110.96,transportation,simulated_bank_transactions_uk
2024-06-28,Pos Asda Chicken,117.75,groceries,simulated_bank_transactions_uk
2024-10-27,direct debit utility bill severn trent 629709,133.06,utilities,simulated_bank_transactions_uk
2023-10-11,Direct Debit Octopus Energy 744064,124.81,utilities,simulated_bank_transactions_uk
2023-06-05,restaurant costa fast food,133.74,dining,simulated_bank_transactions_uk
2023-12-14,BACS LETTING AGENT RENT,1506.98,housing,simulated_bank_transactions_uk
2024-03-18,CARD PAYMENT MCDONALDS FOOD DELIVERY,117.82,dining,simulated_bank_transactions_uk
2023-01-07,Card/Pmt/Lidl/Rice 966404,87.49,groceries,simulated_bank_transactions_uk
2024-03-13,Subscription Gym Group,12.88,subscriptions,simulated_bank_transactions_uk
2023-12-01,Direct Debit Direct Debit Bt,158.56,utilities,simulated_bank_transactions_uk
2024-08-11,Subscription Amazon Prime,12.01,subscriptions,simulated_bank_transactions_uk
2023-06-01,FUEL SHELL TRAIN TICKET 247260,30.76,transportation,simulated_bank_transactions_uk
2024-09-08,STO/BILL/PAYMENT/O2 299390,35.77,utilities,simulated_bank_transactions_uk
2024-07-07,Pos Purchase Boots Online Purchase,117.58,other,simulated_bank_transactions_uk
2023-11-19,Transport*Trainline*Uber*Ride 672350,51.14,transportation,simulated_bank_transactions_uk
2023-10-05,bill payment severn trent 723856,65.92,utilities,simulated_bank_transactions_uk
2024-03-26,Direct-Debit-Thames-Water,36.01,utilities,simulated_bank_transactions_uk
2023-08-02,Card Pmt Tesco Rice,6.74,groceries,simulated_bank_transactions_uk
2024-02-13,Restaurant*Deliveroo*Restaurant 864828,68.68,dining,simulated_bank_transactions_uk
2023-05-08,Utility*Bill*Thames*Water 103615,159.85,utilities,simulated_bank_transactions_uk
2024-08-15,pos card pmt iceland bread 561570,77.49,groceries,simulated_bank_transactions_uk
2024-05-15,so/rent/payment/landlord 617424,893.49,housing,simulated_bank_transactions_uk
2023-07-15,BACS LANDLORD RENT,1043.63,housing,simulated_bank_transactions_uk
2023-09-19,FPS BILL PMT SKY,109.17,utilities,simulated_bank_transactions_uk
2024-01-25,Sto/Card/Pmt/Apple.com/bill 506488,5.57,subscriptions,simulated_bank_transactions_uk
2023-04-13,pos purchase boots misc expense 362419,61.85,other,simulated_bank_transactions_uk
2023-03-08,mastercard*transport*tfl*bus*pass,142.02,transportation,simulated_bank_transactions_uk
2024-12-19,Food/Delivery/Costa/Food/Delivery 592101,47.2,dining,simulated_bank_transactions_uk
2024-02-04,Contactless Sainsburys Vegetables,97.61,groceries,simulated_bank_transactions_uk
2023-10-09,CARD/FOOD/DELIVERY/DELIVEROO/RESTAURANT 6,142.84,dining,simulated_bank_transactions_uk
2023-07-01,mortgage pmt letting agent,1786.38,housing,simulated_bank_transactions_uk
2024-12-12,BACS DIRECT DEBIT GOOGLE *SERVICES 511959,10.45,subscriptions,simulated_bank_transactions_uk
2023-08-03,FOOD DELIVERY UBER EATS RESTAURANT 900495,11.99,dining,simulated_bank_transactions_uk
2024-02-29,SO POS PURCHASE AMAZON MISC EXPENSE 594038,57.64,other,simulated_bank_transactions_uk
2023-06-28,CARD POS PURCHASE ARGOS ONLINE PURCHASE 354536,64.63,other,simulated_bank_transactions_uk
2023-07-05,SUBSCRIPTION GY,33.36,subscriptions,simulated_bank_transactions_uk
2023-01-31,VISA CARD PAYMENT TRAINLINE UBER RIDE 6,118.62,transportation,simulated_bank_transactions_uk
2024-10-02,restaurant uber eats restaurant 204043,47.99,dining,simulated_bank_transactions_uk
2023-01-30,FUEL UBER BUS PASS,94.42,transportation,simulated_bank_transactions_uk
2024-04-26,FPS*CARD*PMT*EBAY*ONLINE*PURCHASE 59356,51.74,other,simulated_bank_transactions_uk
2024-02-22,pos*asda*vegetables,131.19,groceries,simulated_bank_transactions_uk
2024-09-04,Card Pmt Waitrose Chicken 203915,58.42,groceries,simulated_bank_transactions_uk
2023-08-17,rent-payment-rent 738870,620.91,housing,simulated_bank_transactions_uk
2023-04-26,POS WAITROSE RICE,148.26,groceries,simulated_bank_transactions_uk
2024-07-03,Contactless Restaurant Starbucks Fast Food 484427,147.56,dining,simulated_bank_transactions_uk
2024-10-14,restaurant just eat restaurant 4778,128.97,dining,simulated_bank_transactions_uk
2023-09-21,card pmt aldi eggs,73.01,groceries,simulated_bank_transactions_uk
2024-09-20,UTILITY*BILL*BT 835210,110.43,utilities,simulated_bank_transactions_uk
2024-08-07,Mortgage*Payment*Landlord 359193,1648.21,housing,simulated_bank_transactions_uk
2023-05-27,Bacs Direct Debit O2 834511,58.56,utilities,simulated_bank_transactions_uk
2023-10-17,bill pmt sky,187.8,utilities,simulated_bank_transactions_uk
2024-11-06,Direct Debit Disney+,13.77,subscriptions,simulated_bank_transactions_uk
2024-04-18,TRANSPORT SHELL BUS PASS,107.44,transportation,simulated_bank_transactions_uk
2024-03-08,bacs rent rent 726760,784.39,housing,simulated_bank_transactions_uk
2023-02-05,CARD PAYMENT BP TRAIN TICKE,88.17,transportation,simulated_bank_transactions_uk
2023-07-06,Bacs Rent Pmt Letting Agent,1711.87,housing,simulated_bank_transactions_uk
2023-09-01,CONTACTLESS ICELAND BREAD 71646,96.29,groceries,simulated_bank_transactions_uk
2024-05-10,DIRECT-DEBIT-BT 1861,155.86,utilities,simulated_bank_transactions_uk
2024-08-14,POS PURCHASE ARGOS MISC EXPENSE 738494,30.6,other,simulated_bank_transactions_uk
2024-04-09,Card Card Payment Mcdonalds Fast Food 655699,148.93,dining,simulated_bank_transactions_uk
2023-10-14,Direct Debit Puregym 242243,9.12,subscriptions,simulated_bank_transactions_uk
2023-09-19,MORTGAGE PMT MORTGAGE 403210,1849.54,housing,simulated_bank_transactions_uk
2024-04-12,mastercard/fuel/bolt/fuel 42260,116.49,transportation,simulated_bank_transactions_uk
2024-06-15,Sto Rent Payment Letting Agent,1079.33,housing,simulated_bank_transactions_uk
2024-03-12,FUEL BP UBER RIDE,117.95,transportation,simulated_bank_transactions_uk
2023-08-21,Mortgage Pmt Letting Agent 49681,776.72,housing,simulated_bank_transactions_uk
2024-12-30,RESTAURANT JUST EAT RESTAURANT 222709,20.68,dining,simulated_bank_transactions_uk
2023-11-11,Visa Fuel Shell Train Ticket 29111,131.38,transportation,simulated_bank_transactions_uk
2023-03-26,contactless/food/delivery/uber/eats/fast/food,84.33,dining,simulated_bank_transactions_uk
2024-06-07,Visa Card Payment Ebay Online Purchase,61.44,other,simulated_bank_transactions_uk
2023-01-18,Bill Pmt Ee 763205,78.81,utilities,simulated_bank_transactions_uk
2024-07-30,sto direct debit scottishpower 859505,201.59,utilities,simulated_bank_transactions_uk
2024-01-07,Online Purchase Currys Online Purchase,120.64,other,simulated_bank_transactions_uk
2023-06-20,Direct Debit G,39.9,subscriptions,simulated_bank_transactions_uk
2023-06-19,card payment shell train ticket 831141,17.72,transportation,simulated_bank_transactions_uk
2023-06-05,Bacs Rent Rent 717270,1651.55,housing,simulated_bank_transactions_uk
2023-02-20,DIRECT DEBIT APPLE.COM/BILL,12.08,subscriptions,simulated_bank_transactions_uk
2024-06-18,Food Delivery Deliveroo Fast Food 451,60.3,dining,simulated_bank_transactions_uk
2023-05-20,restaurant/deliveroo/fast/food 907255,71.8,dining,simulated_bank_transactions_uk
2024-07-23,bacs mortgage rent 308436,951.86,housing,simulated_bank_transactions_uk
2024-08-31,MORTGAGE/PMT/LETTING/AGENT,1626.84,housing,simulated_bank_transactions_uk
2023-05-24,Card Payment Lidl Milk 350040,114.01,groceries,simulated_bank_transactions_uk
2023-09-06,Utility Bill Octopus Energy 161632,198.21,utilities,simulated_bank_transactions_uk
2024-02-05,RESTAURANT JUST EAT RESTAURANT 427899,97.97,dining,simulated_bank_transactions_uk
2023-08-20,direct debit spotify,17.26,subscriptions,simulated_bank_transactions_uk
2023-05-07,card payment tfl train ticket,134.22,transportation,simulated_bank_transactions_uk
2023-10-10,card mortgage payment rent 56425,799.37,housing,simulated_bank_transactions_uk
2023-05-01,Online Purchase Nhs Misc Ex,4.58,other,simulated_bank_transactions_uk
2024-09-04,Direct Debit Disney+,32.01,subscriptions,simulated_bank_transactions_uk
2023-11-02,visa card payment nando's restaurant 512988,100.08,dining,simulated_bank_transactions_uk
2024-09-16,contactless pos purchase amazon online purchase 421835,82.57,other,simulated_bank_transactions_uk
2023-12-16,RESTAURANT COSTA RESTAURANT 660007,13.35,dining,simulated_bank_transactions_uk
2023-09-19,Card Card Payment National Rail Uber Ride 454814,59.08,transportation,simulated_bank_transactions_uk
2024-08-22,Contactless Waitrose Vegetables,71.58,groceries,simulated_bank_transactions_uk
2023-04-16,DIRECT/DEBIT/EE 231916,79.42,utilities,simulated_bank_transactions_uk
2024-09-05,CARD CONTACTLESS ASDA VEGETABLES 454604,91.69,groceries,simulated_bank_transactions_uk
2024-11-11,Pos Purchase Hmrc Misc Expense 143799,38.47,other,simulated_bank_transactions_uk
2024-03-07,card food delivery just eat food delivery,144.6,dining,simulated_bank_transactions_uk
2023-10-14,POS ASDA VEGETABLES,18.46,groceries,simulated_bank_transactions_uk
2024-10-17,ONLINE PURCHASE ARGOS MISC EXPENSE,136.0,other,simulated_bank_transactions_uk
2024-01-01,direct/debit/google/*services,34.27,subscriptions,simulated_bank_transactions_uk
2024-05-12,DIRECT DEBIT CARD PAYMENT ICELAND MILK,17.87,groceries,simulated_bank_transactions_uk
2023-09-30,CARD*DIRECT*DEBIT*BRIT,125.43,utilities,simulated_bank_transactions_uk
2024-09-13,Card-Payment-Asda-Vegetables 431487,74.72,groceries,simulated_bank_transactions_uk
2024-11-14,Online Purchase Currys Misc Expense 110050,92.17,other,simulated_bank_transactions_uk
2024-08-27,food delivery just eat restaurant,91.44,dining,simulated_bank_transactions_uk
2023-05-01,Card Pmt Nhs Online Purchase 293067,87.62,other,simulated_bank_transactions_uk
2024-11-19,ONLINE/PURCHASE/BOOTS/ONLINE/PURCHASE 74980,56.02,other,simulated_bank_transactions_uk
2023-02-10,mortgage pmt landlord 692258,1605.6,housing,simulated_bank_transactions_uk
2024-08-10,transport national rail fuel,128.28,transportation,simulated_bank_transactions_uk
2024-10-05,POS PURCHASE HMRC ONLINE PURCHASE 63030,141.21,other,simulated_bank_transactions_uk
2024-08-03,RENT*PAYMENT*RENT 797086,635.9,housing,simulated_bank_transactions_uk
2023-10-27,direct debit ee 7073,102.37,utilities,simulated_bank_transactions_uk
2023-09-17,Card*Payment*Costa*Restaurant 136581,110.17,dining,simulated_bank_transactions_uk
2023-09-12,card payment esso bus pass,54.8,transportation,simulated_bank_transactions_uk
2023-11-29,Fuel Bp Fuel 519664,118.21,transportation,simulated_bank_transactions_uk
2023-09-27,FOOD/DELIVERY/COSTA/FOOD/DELIVERY 406508,148.67,dining,simulated_bank_transactions_uk
2024-07-14,pos purchase ebay online purchase,33.78,other,simulated_bank_transactions_uk
2023-06-26,Bacs-Landlord-Rent 9,1654.65,housing,simulated_bank_transactions_uk
2023-12-08,CARD/PMT/ARGOS/MISC/EXPENSE 873657,128.93,other,simulated_bank_transactions_uk
2023-11-10,CARD/PMT/ESSO/TRAIN/TICKET 405453,49.53,transportation,simulated_bank_transactions_uk
2024-02-20,SO CARD PAYMENT ALDI VEGETABLES 765183,16.29,groceries,simulated_bank_transactions_uk
2024-01-27,Transport-Uber-Fuel 737342,97.0,transportation,simulated_bank_transactions_uk
2023-12-12,Bill Payment Scottishpower 95638,136.8,utilities,simulated_bank_transactions_uk
2023-06-13,Online*Purchase*Ebay*Misc*Expense 612314,134.68,other,simulated_bank_transactions_uk
2023-11-14,BILL/PMT/BRITISH/GAS,71.75,utilities,simulated_bank_transactions_uk
2024-07-27,subscription gym group,15.37,subscriptions,simulated_bank_transactions_uk
2023-07-23,card payment apple.com/bill 225750,29.35,subscriptions,simulated_bank_transactions_uk
2024-11-10,contactless morrisons milk 251836,107.61,groceries,simulated_bank_transactions_uk
2023-12-15,Card Card Payment Mcdonalds Fast Food,24.43,dining,simulated_bank_transactions_uk
2023-04-17,Subscription Amazon Prime 552176,37.24,subscriptions,simulated_bank_transactions_uk
2023-03-26,Online-Purchase-Amazon-Misc-Expense 123701,93.17,other,simulated_bank_transactions_uk
2023-02-11,FUEL-TRAINLINE-TRAIN-TICKET 589867,68.05,transportation,simulated_bank_transactions_uk
2024-05-21,DIRECT DEBIT SCOTTISHPOWER,90.23,utilities,simulated_bank_transactions_uk
2024-10-25,BILL PAYMENT BRITISH GAS 575468,79.68,utilities,simulated_bank_transactions_uk
2023-10-31,Online Purchase Ebay Online Purchase 853639,24.37,other,simulated_bank_transactions_uk
2024-03-25,DIRECT DEBIT OCTOPUS ENERGY 999963,136.32,utilities,simulated_bank_transactions_uk
2024-08-04,FPS RESTAURANT UBER EATS FOOD DELIVERY 410826,84.03,dining,simulated_bank_transactions_uk
2024-02-14,BILL PMT O2 160408,144.09,utilities,simulated_bank_transactions_uk
2024-01-08,Visa Bacs Mortgage Rent,1589.44,housing,simulated_bank_transactions_uk
2024-01-09,Card Payment Ebay Misc Expense,66.4,other,simulated_bank_transactions_uk
2024-12-10,UTILITY BILL SCOTTISHP,46.95,utilities,simulated_bank_transactions_uk
2023-09-10,utility bill bt 720762,246.98,utilities,simulated_bank_transactions_uk
2024-06-03,CARD PAYMENT ARGOS ONLINE PURCHASE,17.2,other,simulated_bank_transactions_uk
2024-09-10,RENT PMT RENT 208513,746.73,housing,simulated_bank_transactions_uk
2024-07-21,Bill Payment Scottishpower,171.89,utilities,simulated_bank_transactions_uk
2024-08-11,Pos-Purchase-Boots-Online-Purchase 6456,71.4,other,simulated_bank_transactions_uk
2024-03-24,Card Payment Nhs Online Purchase,70.66,other,simulated_bank_transactions_uk
2023-06-25,food delivery costa food delivery 651333,67.12,dining,simulated_bank_transactions_uk
2024-10-27,pos/morrisons/chicken 570021,68.92,groceries,simulated_bank_transactions_uk
2024-12-24,Sto/Contactless/Lidl/Eggs 35122,73.06,groceries,simulated_bank_transactions_uk
2023-10-10,bill pmt scottishpower,44.39,utilities,simulated_bank_transactions_uk
2024-12-31,CARD PMT GYM GROUP 93627,30.47,subscriptions,simulated_bank_transactions_uk
2023-05-17,subscription*gym*group 40129,31.75,subscriptions,simulated_bank_transactions_uk
2023-11-14,MASTERCARD FOOD DELIVERY COSTA RESTAURANT 84331,100.28,dining,simulated_bank_transactions_uk
2024-08-06,Card Payment Disney+,16.57,subscriptions,simulated_bank_transactions_uk
2024-07-06,Card Payment Hmrc Misc E,24.2,other,simulated_bank_transactions_uk
2023-02-24,mortgage payment landlord 368666,1959.24,housing,simulated_bank_transactions_uk
2023-03-14,BACS LANDLORD RENT 891548,1684.47,housing,simulated_bank_transactions_uk
2023-07-19,Contactless-Direct-Debit-Amazon-Prime 331050,30.56,subscriptions,simulated_bank_transactions_uk
2024-05-21,Utility/Bill/Severn/Trent,36.49,utilities,simulated_bank_transactions_uk
2024-02-18,BACS RENT RENT 232259,731.83,housing,simulated_bank_transactions_uk
2024-02-22,Card Pmt Gym Group 763082,18.56,subscriptions,simulated_bank_transactions_uk
2023-12-18,food delivery deliveroo food delivery,72.74,dining,simulated_bank_transactions_uk
2024-03-16,STO UTILITY BILL SEVERN TRENT 964349,69.03,utilities,simulated_bank_transactions_uk
2023-09-24,Bacs Fuel Tfl Fuel,16.34,transportation,simulated_bank_transactions_uk
2024-10-24,Card Pmt Pret Restaurant 782718,36.32,dining,simulated_bank_transactions_uk
2024-06-20,RENT PAYMENT MORTGAGE 748139,1652.54,housing,simulated_bank_transactions_uk
2023-03-04,FUEL SHELL UBER RIDE 643836,132.26,transportation,simulated_bank_transactions_uk
2023-01-02,Card Pmt Gym Group,8.34,subscriptions,simulated_bank_transactions_uk
2023-01-29,DIRECT DEBIT GOOGLE *SERVICES 976404,18.47,subscriptions,simulated_bank_transactions_uk
2023-06-26,contactless online purchase ebay misc expense 788754,129.33,other,simulated_bank_transactions_uk
2023-12-20,Direct Debit E.on 864305,78.04,utilities,simulated_bank_transactions_uk
2024-09-06,Contactless Aldi Vegetables 95893,137.15,groceries,simulated_bank_transactions_uk
2024-12-24,STO FUEL ESSO TRAIN TICKET,134.04,transportation,simulated_bank_transactions_uk
2024-03-31,Card Pmt Currys Online Purchase 296532,77.58,other,simulated_bank_transactions_uk
2024-07-04,pos/aldi/chicken 507874,8.7,groceries,simulated_bank_transactions_uk
2023-11-16,Online Purchase Nhs Online Purchase 692582,121.66,other,simulated_bank_transactions_uk
2023-07-04,Card Pmt National Rail Uber Ride 869156,54.31,transportation,simulated_bank_transactions_uk
2023-07-17,Card Payment Disney+,8.49,subscriptions,simulated_bank_transactions_uk
2024-04-10,subscription*apple.com/bill 316303,37.2,subscriptions,simulated_bank_transactions_uk
2024-11-15,MORTGAGE/PMT/LETTING/AGENT 605569,1921.62,housing,simulated_bank_transactions_uk
2023-09-03,subscription apple.com/bill,17.8,subscriptions,simulated_bank_transactions_uk
2024-02-18,Fps Online Purchase Superdrug Misc Expense,30.69,other,simulated_bank_transactions_uk
2024-05-06,pos/iceland/eggs 181965,11.62,groceries,simulated_bank_transactions_uk
2023-04-04,Card Payment Ebay Online Purchase 172363,127.62,other,simulated_bank_transactions_uk
2024-12-20,Mortgage Payment Mortgage 568429,1388.2,housing,simulated_bank_transactions_uk
2023-07-25,Card Payment Amazon Prime 323373,24.12,subscriptions,simulated_bank_transactions_uk
2023-07-22,TRANSPORT NATIONAL RAIL BUS PASS 873380,22.91,transportation,simulated_bank_transactions_uk
2024-01-22,card payment tfl fuel 537992,62.42,transportation,simulated_bank_transactions_uk
2023-04-17,Contactless Morrisons Rice 882488,6.5,groceries,simulated_bank_transactions_uk
2023-11-10,FUEL*TFL*FUEL 320258,92.62,transportation,simulated_bank_transactions_uk
2024-12-16,food delivery starbucks fast food,116.31,dining,simulated_bank_transactions_uk
2023-07-12,CARD PMT ALDI CHICKEN 290592,125.19,groceries,simulated_bank_transactions_uk
2024-08-07,contactless asda eggs 4662,134.14,groceries,simulated_bank_transactions_uk
2024-07-01,SUBSCRIPTION/NETFLIX 189273,30.87,subscriptions,simulated_bank_transactions_uk
2024-01-30,Bacs Pos Lidl Milk 972406,145.11,groceries,simulated_bank_transactions_uk
2024-12-01,Visa Direct Debit O2,41.54,utilities,simulated_bank_transactions_uk
2024-06-20,mastercard/online/purchase/amazon/misc/expense 420128,111.57,other,simulated_bank_transactions_uk
2024-11-28,card payment superdrug online purchase 623387,77.79,other,simulated_bank_transactions_uk
2023-07-10,Bacs Rent Rent,738.11,housing,simulated_bank_transactions_uk
2023-07-31,DIRECT DEBIT SCOTTISHPOWER 559671,74.79,utilities,simulated_bank_transactions_uk
2024-01-26,Subscription Gym Group,6.58,subscriptions,simulated_bank_transactions_uk
2023-09-04,DIRECT/DEBIT/E.ON,31.04,utilities,simulated_bank_transactions_uk
2023-08-22,POS RENT PMT RENT 468,1981.92,housing,simulated_bank_transactions_uk
2023-05-26,Transport Uber Fuel,9.58,transportation,simulated_bank_transactions_uk
2024-03-08,Direct*Debit*Apple.com/bill,14.04,subscriptions,simulated_bank_transactions_uk
2023-10-07,mastercard mortgage pmt rent 390739,1830.15,housing,simulated_bank_transactions_uk
2024-02-28,restaurant*nando's*food*delivery 886156,4.5,dining,simulated_bank_transactions_uk
2023-07-14,Fps Restaurant Greggs Fast Food 651876,126.87,dining,simulated_bank_transactions_uk
2023-01-11,Pos Purchase Hmrc Misc Expense 680155,40.25,other,simulated_bank_transactions_uk
2023-05-12,BACS MORTGAGE RENT 584105,1673.98,housing,simulated_bank_transactions_uk
2023-06-12,Rent Pmt Rent 544038,760.13,housing,simulated_bank_transactions_uk
2024-07-03,CARD CARD PMT CURRYS MISC EXPENSE,12.78,other,simulated_bank_transactions_uk
2023-09-20,Card Pmt Bp Train Ticket 13250,141.69,transportation,simulated_bank_transactions_uk
2024-08-06,Bacs Mortgage Rent 313123,1001.01,housing,simulated_bank_transactions_uk
2024-02-09,transport esso uber ride 587692,114.87,transportation,simulated_bank_transactions_uk
2024-07-22,DIRECT*DEBIT*ONLINE*PURCHASE*EBAY*ONLINE*PURCHASE 161121,142.68,other,simulated_bank_transactions_uk
2024-06-14,FPS ONLINE PURCHASE SUPERDRUG MISC EXPENSE,32.52,other,simulated_bank_transactions_uk
2023-04-25,CONTACTLESS-ALDI-RICE 781244,73.39,groceries,simulated_bank_transactions_uk
2024-12-11,FPS BILL PMT SEVERN TRENT 157884,70.59,utilities,simulated_bank_transactions_uk
2024-09-22,Card Payment Ebay Online Purchase 395309,38.54,other,simulated_bank_transactions_uk
2024-03-28,card pmt national rail fuel,111.54,transportation,simulated_bank_transactions_uk
2023-07-13,DIRECT DEBIT AMAZON PRIME 4114,22.63,subscriptions,simulated_bank_transactions_uk
2023-02-14,card payment ebay online pur,109.56,other,simulated_bank_transactions_uk
2023-09-14,card payment amazon prime,16.95,subscriptions,simulated_bank_transactions_uk
2023-02-27,utility bill bt 293964,228.34,utilities,simulated_bank_transactions_uk
2023-10-26,card payment starbucks fast food 984260,25.51,dining,simulated_bank_transactions_uk
2023-12-10,Direct Debit Card Payment Google *services,26.95,subscriptions,simulated_bank_transactions_uk
2023-09-09,Mortgage Pmt Letting Agent 806425,1216.74,housing,simulated_bank_transactions_uk
2024-07-14,STO*CARD*PMT*NETFLIX 93144,10.64,subscriptions,simulated_bank_transactions_uk
2023-03-08,fuel esso uber ride,19.37,transportation,simulated_bank_transactions_uk
2024-09-25,contactless restaurant kfc food delivery 335402,81.54,dining,simulated_bank_transactions_uk
2023-02-09,MORTGAGE*PAYMENT*RENT 842183,1050.32,housing,simulated_bank_transactions_uk
2023-01-04,DIRECT DEBIT SKY 555056,31.3,utilities,simulated_bank_transactions_uk
2023-05-03,Mastercard Subscription Google *services,31.9,subscriptions,simulated_bank_transactions_uk
2023-02-06,contactless*card*payment*ebay*online*purchase 315210,115.04,other,simulated_bank_transactions_uk
2024-05-02,subscription netflix,27.71,subscriptions,simulated_bank_transactions_uk
2024-02-01,Mastercard/Direct/Debit/Spotify,29.0,subscriptions,simulated_bank_transactions_uk
2024-05-17,food delivery starbucks food delivery 972184,37.94,dining,simulated_bank_transactions_uk
2024-04-10,So-Subscription-Netflix 571224,39.58,subscriptions,simulated_bank_transactions_uk
2024-01-04,card payment starbucks rest,69.77,dining,simulated_bank_transactions_uk
2024-02-02,BILL PAYMENT SEVE,190.82,utilities,simulated_bank_transactions_uk
2023-01-22,SO CARD PMT BOLT TRAIN TICKET 784992,57.11,transportation,simulated_bank_transactions_uk
2024-04-15,Food*Delivery*Nando's*Fast*Food 760193,24.17,dining,simulated_bank_transactions_uk
2023-08-21,Restaurant Costa Food Delivery 874793,132.33,dining,simulated_bank_transactions_uk
2023-12-28,Bacs Food Delivery Starbucks Restaurant 56,126.5,dining,simulated_bank_transactions_uk
2024-04-08,Direct Debit Bt,121.9,utilities,simulated_bank_transactions_uk
2023-12-12,Card Pmt Costa Fast Food 620699,71.14,dining,simulated_bank_transactions_uk
2024-06-26,transport national rail fuel 914869,22.57,transportation,simulated_bank_transactions_uk
2023-07-19,Direct Debit Thames Water 982083,72.01,utilities,simulated_bank_transactions_uk
2024-07-15,Pos Purchase Nhs Misc Expense 112,135.35,other,simulated_bank_transactions_uk
2023-11-11,Online Purchase Hmrc Misc Expense,58.1,other,simulated_bank_transactions_uk
2024-10-29,Direct Debit Severn Trent 51401,53.9,utilities,simulated_bank_transactions_uk
2024-09-30,Food/Delivery/Nando's/Fast/Food,135.99,dining,simulated_bank_transactions_uk
2023-12-12,direct debit card payment uber eats restaurant 520382,32.31,dining,simulated_bank_transactions_uk
2024-03-18,SUBSCRIPTION DISNEY+,37.8,subscriptions,simulated_bank_transactions_uk
2024-08-04,Utility Bill Vodafone 599443,75.42,utilities,simulated_bank_transactions_uk
2024-07-30,CARD MORTGAGE PMT RENT,1644.36,housing,simulated_bank_transactions_uk
2024-08-11,ONLINE PURCHASE AMAZON ONLINE PURCHASE 784444,97.26,other,simulated_bank_transactions_uk
2023-11-21,card payment hmrc online purchase,25.15,other,simulated_bank_transactions_uk
2023-05-14,RESTAURANT KFC RESTAURANT 861070,130.6,dining,simulated_bank_transactions_uk
2024-09-19,ONLINE PURCHASE SUPERDRUG MISC EXPENSE 418726,49.48,other,simulated_bank_transactions_uk
2023-04-10,CARD-PMT-AMAZON-PRIME 151025,6.24,subscriptions,simulated_bank_transactions_uk
2023-01-09,Pos Purchase Amazon Online Purchase,15.61,other,simulated_bank_transactions_uk
2023-04-03,Online Purchase Currys Online Purchase,51.73,other,simulated_bank_transactions_uk
2023-06-04,Transport/Uber/Bus/Pass 661618,32.84,transportation,simulated_bank_transactions_uk
2023-11-20,bill pmt o2 821319,109.85,utilities,simulated_bank_transactions_uk
2023-10-24,SUBSCRIPTION GYM GROUP 807069,29.63,subscriptions,simulated_bank_transactions_uk
2023-06-13,card payment bp uber ride 987950,120.94,transportation,simulated_bank_transactions_uk
2024-09-25,UTILITY BILL EE 880951,147.11,utilities,simulated_bank_transactions_uk
2024-10-05,Mastercard Food Delivery Deliveroo Restaurant 139555,85.56,dining,simulated_bank_transactions_uk
2024-12-07,Restaurant-Mcdonalds-Food-Delivery,147.55,dining,simulated_bank_transactions_uk
2024-11-10,card pmt amazon online purchase 922,146.49,other,simulated_bank_transactions_uk
2024-01-26,BILL PAYMENT OCTOPUS ENERGY,38.66,utilities,simulated_bank_transactions_uk
2023-01-21,mastercard card payment costa fast food 346387,73.1,dining,simulated_bank_transactions_uk
2024-03-27,Card Direct Debit Amazon Prime 90335,17.68,subscriptions,simulated_bank_transactions_uk
2024-05-18,Direct Debit Apple.com/bill 33473,36.29,subscriptions,simulated_bank_transactions_uk
2024-01-14,Bacs Mortgage Rent 667029,1982.94,housing,simulated_bank_transactions_uk
2023-11-04,contactless iceland bread 121331,22.84,groceries,simulated_bank_transactions_uk
2024-11-15,Sto Rent Payment Landlord,755.36,housing,simulated_bank_transactions_uk
2023-03-27,Direct Debit Ee 326826,204.41,utilities,simulated_bank_transactions_uk
2024-08-27,Card Pmt Bp Fuel,5.35,transportation,simulated_bank_transactions_uk
2023-09-16,FOOD DELIVERY COSTA RESTAURANT 134689,56.69,dining,simulated_bank_transactions_uk
2023-01-25,Fps-Utility-Bill-Thames-Water 195698,228.94,utilities,simulated_bank_transactions_uk
2023-02-23,Fps Card Pmt Costa Fast Food,136.16,dining,simulated_bank_transactions_uk
2024-03-19,rent payment letting agent 536596,968.36,housing,simulated_bank_transactions_uk
2024-11-03,transport national rail uber ride 47410,43.11,transportation,simulated_bank_transactions_uk
2024-07-18,Food Delivery Just Eat Food Delivery 759077,14.8,dining,simulated_bank_transactions_uk
2024-10-01,CONTACTLESS TESCO BREAD 956573,131.19,groceries,simulated_bank_transactions_uk
2023-11-06,card contactless waitrose vegetables 310890,87.33,groceries,simulated_bank_transactions_uk
2024-01-25,MASTERCARD RESTAURANT NANDO'S RESTAURANT 301056,135.97,dining,simulated_bank_transactions_uk
2023-10-04,food delivery uber eats restaurant 215687,105.21,dining,simulated_bank_transactions_uk
2024-03-10,rent/payment/mortgage,1724.4,housing,simulated_bank_transactions_uk
2023-12-21,card pmt deliveroo food delivery,53.29,dining,simulated_bank_transactions_uk
2023-10-01,rent pmt letting agent,1284.36,housing,simulated_bank_transactions_uk
2023-03-28,contactless*morrisons*rice 57295,138.06,groceries,simulated_bank_transactions_uk
2023-04-27,CARD PMT ARGOS MISC EXPENSE 459337,129.64,other,simulated_bank_transactions_uk
2023-04-20,CONTACTLESS LIDL BREAD,121.52,groceries,simulated_bank_transactions_uk
2024-08-08,sto direct debit octopus energy,44.29,utilities,simulated_bank_transactions_uk
2023-03-19,Pos Purchase Boots Online Purchase,117.49,other,simulated_bank_transactions_uk
2023-12-16,card pmt lidl vegetables 4,4.98,groceries,simulated_bank_transactions_uk
2024-10-03,POS PURCHASE HMRC ONLINE PURCHASE 752879,25.97,other,simulated_bank_transactions_uk
2023-12-05,Card/Payment/Argos/Misc/Expense,95.76,other,simulated_bank_transactions_uk
2023-02-27,POS/PURCHASE/ARGOS/ONLINE/PURCHASE 208158,93.05,other,simulated_bank_transactions_uk
2023-03-25,Bacs Letting Agent Rent 7,1644.49,housing,simulated_bank_transactions_uk
2024-03-19,contactless utility bill vodafone 213215,50.15,utilities,simulated_bank_transactions_uk
2023-03-23,Card Pmt Boots Online Purchase,33.9,other,simulated_bank_transactions_uk
2023-07-17,Food Delivery Just Eat Fast Food 275085,94.94,dining,simulated_bank_transactions_uk
2024-05-22,Restaurant Pret Restaurant,107.11,dining,simulated_bank_transactions_uk
2024-11-23,direct*debit*amazon*prime,15.08,subscriptions,simulated_bank_transactions_uk
2023-03-23,CARD/PMT/GOOGLE/*SERVICES 792366,22.77,subscriptions,simulated_bank_transactions_uk
2024-08-12,bacs direct debit octopus energy 484620,223.2,utilities,simulated_bank_transactions_uk
2023-07-11,BILL PMT O2 219752,46.67,utilities,simulated_bank_transactions_uk
2023-08-22,card pmt boots misc expense 854567,114.17,other,simulated_bank_transactions_uk
2024-09-07,Fps Utility Bill British Gas 514811,160.31,utilities,simulated_bank_transactions_uk
2023-08-12,MASTERCARD RESTAURANT NANDO'S FOOD DELIVERY 552225,97.17,dining,simulated_bank_transactions_uk
2023-09-04,restaurant/greggs/fast/food,124.2,dining,simulated_bank_transactions_uk
2023-09-15,subscription netflix,38.88,subscriptions,simulated_bank_transactions_uk
2023-03-06,Card Payment Bolt Train Ticket 94913,12.5,transportation,simulated_bank_transactions_uk
2023-03-03,Card Payment Deliveroo Fast Food 243395,135.7,dining,simulated_bank_transactions_uk
2024-04-01,Card Subscription Disney+ 235588,31.76,subscriptions,simulated_bank_transactions_uk
2023-11-23,card-pmt-tesco-vegetables,102.15,groceries,simulated_bank_transactions_uk
2023-03-09,Subscription Puregym 920017,26.19,subscriptions,simulated_bank_transactions_uk
2024-01-02,subscription netflix,16.17,subscriptions,simulated_bank_transactions_uk
2024-05-15,Rent*Payment*Mortgage 427037,1020.35,housing,simulated_bank_transactions_uk
2023-06-24,transport bp train ticket 988511,36.53,transportation,simulated_bank_transactions_uk
2024-04-21,Card Pmt Morrisons Vegetables,54.88,groceries,simulated_bank_transactions_uk
2024-02-17,POS RESTAURANT GREGGS FAST FOOD 445907,138.75,dining,simulated_bank_transactions_uk
2023-05-26,Food Delivery Costa Fast Food 688679,69.47,dining,simulated_bank_transactions_uk
2023-05-23,Bacs Mortgage Rent,634.27,housing,simulated_bank_transactions_uk
2024-10-09,Pos Purchase Currys Misc Expense,59.07,other,simulated_bank_transactions_uk
2024-11-08,BILL PAYMENT BRITISH GAS 287149,125.56,utilities,simulated_bank_transactions_uk
2023-04-08,UTILITY BILL EE 29296,70.46,utilities,simulated_bank_transactions_uk
2023-10-05,card/payment/waitrose/rice 209374,72.43,groceries,simulated_bank_transactions_uk
2024-02-06,STO CARD PAYMENT SHELL TRAIN TICKET 777295,6.19,transportation,simulated_bank_transactions_uk
2023-10-12,POS DIRECT DEBIT THAMES WATER 3,217.84,utilities,simulated_bank_transactions_uk
2024-03-19,direct/debit/scottishpower 542616,189.22,utilities,simulated_bank_transactions_uk
2024-11-12,Contactless Restaurant Just Eat Restaurant 280422,74.64,dining,simulated_bank_transactions_uk
2023-03-10,Card*Card*Payment*Morrisons*Eggs 352980,144.33,groceries,simulated_bank_transactions_uk
2023-05-25,FUEL TFL FUEL 659804,92.35,transportation,simulated_bank_transactions_uk
2023-01-14,bill-payment-british-gas,121.6,utilities,simulated_bank_transactions_uk
2023-11-15,Pos Card Pmt Esso Train Ticket 92430,52.77,transportation,simulated_bank_transactions_uk
2024-06-26,mortgage pmt landlord 619703,1438.76,housing,simulated_bank_transactions_uk
2024-12-06,Transport Shell Bus Pass 195751,109.54,transportation,simulated_bank_transactions_uk
2024-04-29,online purchase amazon online purchase 505244,57.33,other,simulated_bank_transactions_uk
2024-03-03,Bacs Pos Sainsburys Milk 134563,68.72,groceries,simulated_bank_transactions_uk
2023-11-17,bill pmt o2,181.42,utilities,simulated_bank_transactions_uk
2024-08-14,rent pmt landlord 70350,1376.99,housing,simulated_bank_transactions_uk
2023-05-11,Visa*Online*Purchase*Hmrc*Misc*Expense 478174,105.65,other,simulated_bank_transactions_uk
2024-09-16,CARD-PMT-BOLT-TRAIN-TICKET 807113,107.09,transportation,simulated_bank_transactions_uk
2023-01-20,Bill-Pmt-Scottishpower,133.35,utilities,simulated_bank_transactions_uk
2023-06-01,TRANSPORT ESSO UBER RIDE 859959,59.47,transportation,simulated_bank_transactions_uk
2024-09-09,DIRECT DEBIT GYM GROUP 783355,22.18,subscriptions,simulated_bank_transactions_uk
2023-07-17,mortgage pmt letting agent,1145.41,housing,simulated_bank_transactions_uk
2024-01-08,Card-Payment-Currys-Misc-Expense 886775,107.65,other,simulated_bank_transactions_uk
2023-08-17,Card-Pmt-Superdrug-Online-Purchase 874888,72.64,other,simulated_bank_transactions_uk
2024-05-09,RENT PMT RENT,1754.77,housing,simulated_bank_transactions_uk
2024-05-11,Direct Debit Amazon Prime 627253,38.48,subscriptions,simulated_bank_transactions_uk
2024-10-23,Card Pmt Trainline Train Ticket 219607,124.15,transportation,simulated_bank_transactions_uk
2023-07-19,Direct Debit British Gas 967142,43.32,utilities,simulated_bank_transactions_uk
2024-03-09,SO*DIRECT*DEBIT*NETFLIX,32.67,subscriptions,simulated_bank_transactions_uk
2023-10-31,MORTGAGE PAYMENT RENT,885.94,housing,simulated_bank_transactions_uk
2024-03-07,so contactless aldi milk 469787,98.79,groceries,simulated_bank_transactions_uk
2023-06-01,card pmt asda eggs 900700,71.35,groceries,simulated_bank_transactions_uk
2023-06-10,RESTAURANT MCDONALDS FOOD DELIVERY 978060,59.16,dining,simulated_bank_transactions_uk
2023-10-08,CARD-PMT-DISNEY+ 490724,8.77,subscriptions,simulated_bank_transactions_uk
2024-09-13,food delivery just eat fast food,32.07,dining,simulated_bank_transactions_uk
2023-05-12,FOOD DELIVERY STARBUCKS FAST FOOD 709005,26.95,dining,simulated_bank_transactions_uk
2023-12-01,FUEL TFL UBER RIDE,21.22,transportation,simulated_bank_transactions_uk
2024-01-20,CARD PAYMENT NETFLIX 963016,16.03,subscriptions,simulated_bank_transactions_uk
2024-02-10,direct debit puregym,27.62,subscriptions,simulated_bank_transactions_uk
2024-10-21,utility bill severn trent 469332,197.32,utilities,simulated_bank_transactions_uk
2024-08-05,card pmt shell bus pass 391179,86.15,transportation,simulated_bank_transactions_uk
2024-12-31,CARD*PMT*ASDA*CHICKEN 303470,11.21,groceries,simulated_bank_transactions_uk
2023-06-05,BILL-PMT-SCOTTISHPOWER,44.94,utilities,simulated_bank_transactions_uk
2024-12-31,Contactless Aldi Chicken 755584,27.02,groceries,simulated_bank_transactions_uk
2023-12-13,sto bill pmt octopus energy,243.91,utilities,simulated_bank_transactions_uk
2023-03-13,CARD*PAYMENT*WAITROSE*RICE 277307,53.51,groceries,simulated_bank_transactions_uk
2024-06-21,Card Restaurant Pret Fast Food 713549,83.13,dining,simulated_bank_transactions_uk
2024-12-12,Card Payment Costa Food Delivery 212768,119.09,dining,simulated_bank_transactions_uk
2023-04-29,Contactless/Utility/Bill/O2,128.67,utilities,simulated_bank_transactions_uk
2023-02-27,Pos Purchase Superdrug Misc Expense 696795,36.43,other,simulated_bank_transactions_uk
2023-08-19,Bacs Letting Agent Rent 588717,1780.05,housing,simulated_bank_transactions_uk
2023-08-27,Restaurant Uber Eats Restaurant 438649,9.2,dining,simulated_bank_transactions_uk
2024-10-11,mastercard*bill*payment*british*gas 804165,101.05,utilities,simulated_bank_transactions_uk
2024-05-19,so/bacs/mortgage/rent,1671.75,housing,simulated_bank_transactions_uk
2024-02-29,POS-MORRISONS-VEGETABLES 800509,108.07,groceries,simulated_bank_transactions_uk
2023-08-02,SUBSCRIPTION*SPOTIFY 35580,25.64,subscriptions,simulated_bank_transactions_uk
2024-08-18,Utility Bill Scottishpower 45632,184.4,utilities,simulated_bank_transactions_uk
2023-06-05,Fuel Tfl Train Ticket,61.39,transportation,simulated_bank_transactions_uk
2023-10-16,CARD PAYMENT SPOTIFY 790253,31.05,subscriptions,simulated_bank_transactions_uk
2023-06-13,Contactless Card Pmt Esso Bus Pass,78.1,transportation,simulated_bank_transactions_uk
2023-09-20,Card Online Purchase Boots Online Purchase 292602,113.86,other,simulated_bank_transactions_uk
2023-09-24,CARD PMT BP TRAIN TICKET 718460,51.08,transportation,simulated_bank_transactions_uk
2024-04-07,food delivery deliveroo restaurant 98438,98.62,dining,simulated_bank_transactions_uk
2024-10-29,card*pmt*iceland*rice 321817,91.7,groceries,simulated_bank_transactions_uk
2024-02-01,mortgage payment letting agent 850738,757.77,housing,simulated_bank_transactions_uk
2023-07-30,POS/PURCHASE/HMRC/ONLINE/PURCHASE 831722,112.19,other,simulated_bank_transactions_uk
2024-08-30,Utility Bill British Gas 848061,178.33,utilities,simulated_bank_transactions_uk
2023-02-25,online purchase ebay misc expense 810617,56.06,other,simulated_bank_transactions_uk
2023-09-16,MORTGAGE PMT LANDLORD 218882,1838.13,housing,simulated_bank_transactions_uk
2023-07-05,Bill*Payment*Ee 316413,77.61,utilities,simulated_bank_transactions_uk
2024-02-02,Contactless*Pos*Purchase*Superdrug*Misc*Expense 958731,33.33,other,simulated_bank_transactions_uk
2023-06-19,Bacs Mortgage Rent 841058,1147.06,housing,simulated_bank_transactions_uk
2023-10-20,direct debit food delivery starbucks fast food 415815,85.44,dining,simulated_bank_transactions_uk
2023-04-20,ONLINE PURCHASE NHS ONLINE PURCHASE 435352,14.42,other,simulated_bank_transactions_uk
2023-01-12,CARD PAYMENT ASDA MILK 926693,94.03,groceries,simulated_bank_transactions_uk
2024-01-26,CARD TRANSPORT BOLT UBER RIDE 263206,47.61,transportation,simulated_bank_transactions_uk
2024-10-23,DIRECT DEBIT MORTGAGE PAYMENT RENT 554313,1115.27,housing,simulated_bank_transactions_uk
2023-10-14,Direct-Debit-Sky,112.02,utilities,simulated_bank_transactions_uk
2023-02-05,Food Delivery Pret Food Delivery,6.29,dining,simulated_bank_transactions_uk
2024-04-12,CARD PMT ICELAND EGGS 726445,23.85,groceries,simulated_bank_transactions_uk
2024-10-13,MASTERCARD CARD PAYMENT BOOTS ONLINE PURCHASE,20.69,other,simulated_bank_transactions_uk
2023-06-28,mastercard-mortgage-payment-rent 804861,1904.86,housing,simulated_bank_transactions_uk
2023-08-29,Card Payment Tesco Milk 101330,15.66,groceries,simulated_bank_transactions_uk
2023-10-07,card-pmt-greggs-food-del,105.15,dining,simulated_bank_transactions_uk
2024-05-06,visa/fuel/esso/uber/ride,106.32,transportation,simulated_bank_transactions_uk
2023-08-09,Card*Pmt*Sainsburys*Vegetables 469725,104.69,groceries,simulated_bank_transactions_uk
2023-01-31,STO POS ASDA RICE 446629,102.67,groceries,simulated_bank_transactions_uk
2024-04-21,BACS POS MORRISONS RIC,66.58,groceries,simulated_bank_transactions_uk
2024-08-13,restaurant mcdonalds restaurant,146.02,dining,simulated_bank_transactions_uk
2023-10-15,CARD PMT LIDL VEGETABLES 9077,12.26,groceries,simulated_bank_transactions_uk
2023-10-01,BACS LETTING AGENT RENT 80707,883.78,housing,simulated_bank_transactions_uk
2023-07-12,pos asda vegetables 189983,42.98,groceries,simulated_bank_transactions_uk
2023-02-15,Direct-Debit-Severn-Trent 296568,249.08,utilities,simulated_bank_transactions_uk
2024-12-20,Card Pmt Superdrug Misc Expense 198494,85.16,other,simulated_bank_transactions_uk
2023-02-18,CONTACTLESS FOOD DELIVERY NANDO'S RESTAURANT 554984,108.19,dining,simulated_bank_transactions_uk
2024-01-12,FUEL SHELL BUS PASS,16.0,transportation,simulated_bank_transactions_uk
2024-01-18,RESTAURANT NANDO'S FAST FOOD 200608,83.05,dining,simulated_bank_transactions_uk
2023-11-25,BACS-BACS-LETTING-AGENT-RENT 810758,1357.07,housing,simulated_bank_transactions_uk
2024-01-17,RENT PMT LETTING AGENT 296497,1412.3,housing,simulated_bank_transactions_uk
2023-06-01,CARD PMT GREGGS FAST FOOD,115.8,dining,simulated_bank_transactions_uk
2024-02-22,card pos purchase boots misc expense 579603,102.33,other,simulated_bank_transactions_uk
2023-09-17,so transport uber fuel 635524,15.71,transportation,simulated_bank_transactions_uk
2024-04-06,Bill Payment British Gas,172.0,utilities,simulated_bank_transactions_uk
2023-12-18,Card Pmt Ebay Online Purchase,133.79,other,simulated_bank_transactions_uk
2024-10-09,SUBSCRIPTION AMAZON PRIME,16.96,subscriptions,simulated_bank_transactions_uk
2024-08-10,Direct Debit Online Purchase Boots Online Purchase 913380,128.11,other,simulated_bank_transactions_uk
2024-03-05,Utility Bill E.on 522627,117.2,utilities,simulated_bank_transactions_uk
2024-06-16,card payment morrisons chicken 924518,82.97,groceries,simulated_bank_transactions_uk
2024-07-17,pos morrisons chicken 798008,3.59,groceries,simulated_bank_transactions_uk
2023-12-09,bacs bacs mortgag,1557.61,housing,simulated_bank_transactions_uk
2024-01-18,RESTAURANT KFC RESTA,50.85,dining,simulated_bank_transactions_uk
2023-08-13,subscription netflix 26295,33.68,subscriptions,simulated_bank_transactions_uk
2023-04-19,Direct*Debit*Puregym 405432,29.07,subscriptions,simulated_bank_transactions_uk
2023-07-12,Direct Debit Octopus Energy,182.67,utilities,simulated_bank_transactions_uk
2023-04-21,Direct Debit Mortgage Pmt Rent 591275,1956.99,housing,simulated_bank_transactions_uk
2024-12-12,Mastercard Card Payment Uber Eats Restaurant 973508,137.63,dining,simulated_bank_transactions_uk
2023-11-07,CARD PAYMENT ESSO TRAIN TICKET 784294,114.1,transportation,simulated_bank_transactions_uk
2023-04-09,SO ONLINE PURCHASE HMRC ONLINE PURCHASE 521762,82.67,other,simulated_bank_transactions_uk
2023-02-01,POS PURCHASE NHS ONLINE PURCHASE 654211,6.46,other,simulated_bank_transactions_uk
2024-11-27,pos fuel shell uber ride 789241,33.44,transportation,simulated_bank_transactions_uk
2023-05-02,Pos*Waitrose*Milk,40.25,groceries,simulated_bank_transactions_uk
2023-01-11,card payment uber eats fast food 614698,100.25,dining,simulated_bank_transactions_uk
2023-11-08,MORTGAGE*PAYMENT*LANDLORD 42529,1124.88,housing,simulated_bank_transactions_uk
2024-05-04,Food Delivery Starbucks Food Delivery 247857,89.68,dining,simulated_bank_transactions_uk
2024-05-26,RENT PMT LETTING AGENT 576522,1967.82,housing,simulated_bank_transactions_uk
2024-12-18,SO CARD PAYMENT BOLT BUS PASS 207535,7.56,transportation,simulated_bank_transactions_uk
2023-04-11,Card/Card/Pmt/Costa/Fast/Food 677110,113.68,dining,simulated_bank_transactions_uk
2023-12-26,restaurant*starbucks*food*delivery 795857,89.31,dining,simulated_bank_transactions_uk
2024-05-14,Mortgage Pmt Rent 887079,1131.95,housing,simulated_bank_transactions_uk
2024-07-10,Card-Pos-Purchase-Nhs-Online-Purchase 260664,72.81,other,simulated_bank_transactions_uk
2024-10-08,POS SAINSBURYS MILK,39.07,groceries,simulated_bank_transactions_uk
2023-12-12,Contactless-Tesco-Rice 370453,58.84,groceries,simulated_bank_transactions_uk
2024-12-21,STO UTILITY BILL E.ON,98.16,utilities,simulated_bank_transactions_uk
2024-02-25,online purchase amazon misc expense 968561,34.83,other,simulated_bank_transactions_uk
2024-08-30,MASTERCARD*CARD*PAYMENT*ALDI*MILK,103.52,groceries,simulated_bank_transactions_uk
2024-03-31,Online Purchase Boots Online Purchase 551053,140.52,other,simulated_bank_transactions_uk
2023-10-09,Card Contactless Morrisons Chicken 388670,29.64,groceries,simulated_bank_transactions_uk
2023-02-19,Rent Pmt Letting Agent 524,1349.93,housing,simulated_bank_transactions_uk
2024-05-17,Card Pmt Bolt Uber Ride,105.64,transportation,simulated_bank_transactions_uk
2023-10-25,Direct/Debit/Direct/Debit/Sky 187508,65.8,utilities,simulated_bank_transactions_uk
2023-03-20,Direct Debit Amazon Prime 263100,29.04,subscriptions,simulated_bank_transactions_uk
2024-10-31,BILL-PAYMENT-BRITISH-GA,31.25,utilities,simulated_bank_transactions_uk
2023-12-15,BILL PMT BT 835777,70.19,utilities,simulated_bank_transactions_uk
2024-03-31,Card/Pmt/Ebay/Misc/Expense 79180,36.62,other,simulated_bank_transactions_uk
2023-05-23,CARD ONLINE PURCHASE EBAY ONLINE PURCHASE,17.93,other,simulated_bank_transactions_uk
2024-12-16,Utility-Bill-British-Gas 202059,110.67,utilities,simulated_bank_transactions_uk
2024-12-11,Restaurant-Kfc-Restaurant,107.14,dining,simulated_bank_transactions_uk
2023-02-04,Card Pmt Trainline Uber Ride 643383,64.54,transportation,simulated_bank_transactions_uk
2024-03-08,fuel shell fuel 843000,84.92,transportation,simulated_bank_transactions_uk
2024-11-11,Pos Asda Milk 297894,15.82,groceries,simulated_bank_transactions_uk
2023-09-07,FUEL BOLT FUEL 539160,62.0,transportation,simulated_bank_transactions_uk
2023-07-11,UTILITY-BILL-VODAFONE 950763,49.0,utilities,simulated_bank_transactions_uk
2024-01-18,Contactless-Bacs-Landlord-Rent,1995.13,housing,simulated_bank_transactions_uk
2024-11-03,direct debit gym group 196682,38.98,subscriptions,simulated_bank_transactions_uk
2023-07-27,direct debit bt,38.75,utilities,simulated_bank_transactions_uk
2023-01-12,bill pmt vodafone,184.32,utilities,simulated_bank_transactions_uk
2023-01-13,FUEL/NATIONAL/RAIL/UBER/RIDE 330929,78.0,transportation,simulated_bank_transactions_uk
2024-08-22,Pos Lidl Chicken,100.89,groceries,simulated_bank_transactions_uk
2023-11-24,Card Pmt Disney+ 762819,33.4,subscriptions,simulated_bank_transactions_uk
2024-05-01,bill/payment/thames/water,71.51,utilities,simulated_bank_transactions_uk
2023-06-26,Restaurant Mcdonalds Fast Food 563976,34.48,dining,simulated_bank_transactions_uk
2024-07-08,restaurant/pret/food/delivery 666301,96.11,dining,simulated_bank_transactions_uk
2023-05-11,Online*Purchase*Nhs*Online*Purchase 1,24.48,other,simulated_bank_transactions_uk
2023-03-11,CARD/PMT/SUPERDRUG/ONLINE/PURCHASE 926336,129.59,other,simulated_bank_transactions_uk
2023-03-16,CARD PMT NANDO'S FOOD DELIVERY,148.51,dining,simulated_bank_transactions_uk
2024-10-02,Subscription Apple.com/bill,31.37,subscriptions,simulated_bank_transactions_uk
2024-02-21,Fuel Uber Train Ticket,124.71,transportation,simulated_bank_transactions_uk
2023-11-25,CONTACTLESS LIDL RICE,9.31,groceries,simulated_bank_transactions_uk
2024-11-18,Pos Purchase Currys Misc Expense 683528,7.07,other,simulated_bank_transactions_uk
2023-08-19,Mortgage*Payment*Rent,1449.01,housing,simulated_bank_transactions_uk
2024-06-05,Mastercard Bacs Letting Agent Rent 708224,1929.14,housing,simulated_bank_transactions_uk
2024-10-12,restaurant kfc food delivery,131.17,dining,simulated_bank_transactions_uk
2023-03-18,DIRECT DEBIT SKY,93.28,utilities,simulated_bank_transactions_uk
2023-03-09,direct debit restaurant uber eats food delivery,7.54,dining,simulated_bank_transactions_uk
2024-10-18,Subscription Spotify 864194,32.2,subscriptions,simulated_bank_transactions_uk
2023-10-15,CONTACTLESS ALDI EGGS 353999,43.78,groceries,simulated_bank_transactions_uk
2023-12-16,Food Delivery Kfc Food Delivery 434555,121.6,dining,simulated_bank_transactions_uk
2024-04-26,bacs/transport/shell/bus/pass,138.14,transportation,simulated_bank_transactions_uk
2024-12-05,Subscription-Gym-Group,35.49,subscriptions,simulated_bank_transactions_uk
2024-09-05,Subscription-Puregym 909247,28.88,subscriptions,simulated_bank_transactions_uk
2024-05-16,Rent Payment Mortgage 85073,727.38,housing,simulated_bank_transactions_uk
2023-10-02,Card Pmt Uber Uber Ride 146781,39.98,transportation,simulated_bank_transactions_uk
2023-08-22,transport trainline bus pass 899240,90.38,transportation,simulated_bank_transactions_uk
2024-08-02,Transport Uber Bus Pass,136.36,transportation,simulated_bank_transactions_uk
2023-12-10,BILL PAYMENT EE,72.21,utilities,simulated_bank_transactions_uk
2024-03-10,SO CARD PAYMENT APPLE.COM/BILL 438761,14.24,subscriptions,simulated_bank_transactions_uk
2023-05-23,Bacs/Letting/Agent/Rent 741737,1846.77,housing,simulated_bank_transactions_uk
2024-12-03,Contactless*Pos*Purchase*Ebay*Misc*Expense 673692,30.93,other,simulated_bank_transactions_uk
2024-04-18,Transport Uber B,33.06,transportation,simulated_bank_transactions_uk
2023-10-26,Contactless/Subscription/Disney+ 137010,30.36,subscriptions,simulated_bank_transactions_uk
2023-12-12,Mortgage*Payment*Mortgage 13569,1705.92,housing,simulated_bank_transactions_uk
2023-10-05,direct debit direct debit octopus energy 1,116.16,utilities,simulated_bank_transactions_uk
2024-09-12,card payment disney+,10.12,subscriptions,simulated_bank_transactions_uk
2024-01-21,Pos*Iceland*Eggs,21.29,groceries,simulated_bank_transactions_uk
2023-07-13,pos purchase nhs misc expense 525393,3.48,other,simulated_bank_transactions_uk
2024-04-10,CARD PAYMENT EBAY MISC EXPENSE 479645,139.39,other,simulated_bank_transactions_uk
2024-03-06,SUBSCRIPTION DISNEY+ 335585,22.89,subscriptions,simulated_bank_transactions_uk
2024-05-16,Bill Payment Ee 119981,124.1,utilities,simulated_bank_transactions_uk
2023-05-03,Direct Debit Netflix 508993,18.54,subscriptions,simulated_bank_transactions_uk
2023-02-25,BILL PAYMENT EE 251007,197.23,utilities,simulated_bank_transactions_uk
2024-07-15,Pos Asda Milk,43.77,groceries,simulated_bank_transactions_uk
2024-12-04,Subscription-Puregym,8.36,subscriptions,simulated_bank_transactions_uk
2024-11-07,Card-Payment-Pret-Restaurant 587072,8.87,dining,simulated_bank_transactions_uk
2024-10-01,Subscription Disney+,16.82,subscriptions,simulated_bank_transactions_uk
2023-08-14,Mortgage Payment Letting Agent 434250,936.95,housing,simulated_bank_transactions_uk
2024-07-19,Card Payment Disney+ 41579,14.34,subscriptions,simulated_bank_transactions_uk
2024-07-20,FUEL NATIONAL RAIL TRAIN TICKET 797723,25.3,transportation,simulated_bank_transactions_uk
2024-01-28,Subscription Spotify 72,11.01,subscriptions,simulated_bank_transactions_uk
2024-09-20,direct*debit*octopus*energy 287703,50.06,utilities,simulated_bank_transactions_uk
2023-09-10,Transport Bp Fuel 591296,21.31,transportation,simulated_bank_transactions_uk
2024-04-15,Card Payment Nhs Misc Expense 15449,35.48,other,simulated_bank_transactions_uk
2023-10-14,Direct Debit Disney+ 792,37.12,subscriptions,simulated_bank_transactions_uk
2023-11-12,Card Pmt Asda Milk 507341,38.1,groceries,simulated_bank_transactions_uk
2024-01-31,Food/Delivery/Greggs/Food/Delivery 107011,129.55,dining,simulated_bank_transactions_uk
2023-03-25,Food*Delivery*Deliveroo*Restaurant 897609,37.13,dining,simulated_bank_transactions_uk
2023-06-03,so food delivery nando's food delivery 260481,68.29,dining,simulated_bank_transactions_uk
2023-01-24,MORTGAGE PMT LETTING AGENT 386041,1650.97,housing,simulated_bank_transactions_uk
2024-03-23,Pos Subscription Puregym 884819,28.57,subscriptions,simulated_bank_transactions_uk
2024-05-26,Online Purchase Hmrc Misc Expense,50.35,other,simulated_bank_transactions_uk
2023-07-30,CARD-SUBSCRIPTION-GYM-GROUP,20.48,subscriptions,simulated_bank_transactions_uk
2024-09-07,visa*fuel*tfl*train*ticket 2148,106.41,transportation,simulated_bank_transactions_uk
2024-02-18,CONTACTLESS CARD PAYMENT SUPERDRUG MISC EXPENSE 973506,27.75,other,simulated_bank_transactions_uk
2023-09-12,utility bill scottishpower 446036,119.12,utilities,simulated_bank_transactions_uk
2024-04-25,Rent Pmt Mortgage 771240,1131.22,housing,simulated_bank_transactions_uk
2023-09-07,contactless-sainsburys-vegetables 162715,140.48,groceries,simulated_bank_transactions_uk
2024-02-03,MASTERCARD BACS LANDLORD RENT,1720.14,housing,simulated_bank_transactions_uk
2024-03-22,direct debit subscription netflix,5.72,subscriptions,simulated_bank_transactions_uk
2023-09-19,BACS LANDLORD RENT 972041,725.25,housing,simulated_bank_transactions_uk
2023-09-24,transport shell train ticket,42.56,transportation,simulated_bank_transactions_uk
2024-08-22,Card/Pmt/Deliveroo/Restaurant 295124,27.78,dining,simulated_bank_transactions_uk
2024-01-09,MORTGAGE PMT MORTGAGE 278393,1970.83,housing,simulated_bank_transactions_uk
2023-06-12,Pos Lidl Bread 558918,16.23,groceries,simulated_bank_transactions_uk
2023-02-21,CARD PMT ASDA CHICKEN 846390,105.21,groceries,simulated_bank_transactions_uk
2023-09-19,Card Pmt Uber Uber Ride 948086,80.21,transportation,simulated_bank_transactions_uk
2024-03-22,MASTERCARD-FOOD-DELIVERY-GREGGS-RESTAURANT 165794,46.09,dining,simulated_bank_transactions_uk
2023-11-16,CARD PAYMENT BOLT TRAIN TICKET 875367,36.68,transportation,simulated_bank_transactions_uk
2023-02-23,direct/debit/scottishpower 984643,50.3,utilities,simulated_bank_transactions_uk
2023-06-30,CARD PMT SPOTIFY 139093,35.51,subscriptions,simulated_bank_transactions_uk
2023-06-21,sto fuel uber fuel,141.48,transportation,simulated_bank_transactions_uk
2024-12-30,pos utility bill o2 955547,72.98,utilities,simulated_bank_transactions_uk
2023-10-03,Contactless Morrisons Milk,116.61,groceries,simulated_bank_transactions_uk
2024-04-18,Pos Pos Purchase Superdrug Online Purchase,81.49,other,simulated_bank_transactions_uk
2023-07-11,DIRECT-DEBIT-DISNEY+,10.35,subscriptions,simulated_bank_transactions_uk
2023-10-06,Direct Debit Bt 429505,67.79,utilities,simulated_bank_transactions_uk
2024-02-08,CARD*PAYMENT*APPLE.COM/BILL 385390,36.32,subscriptions,simulated_bank_transactions_uk
2023-05-16,Mastercard Utility Bill E.on 984274,64.3,utilities,simulated_bank_transactions_uk
2023-09-09,Contactless-Utility-Bill-E.on 993279,91.44,utilities,simulated_bank_transactions_uk
2024-12-31,Restaurant/Mcdonalds/Restaurant 278867,107.4,dining,simulated_bank_transactions_uk
2023-03-10,Card Utility Bill Scottishpower 439546,195.99,utilities,simulated_bank_transactions_uk
2024-04-16,card/payment/uber/eats/restaurant 514505,3.08,dining,simulated_bank_transactions_uk
2024-07-08,Contactless Subscription Disney+ 920819,18.83,subscriptions,simulated_bank_transactions_uk
2024-10-24,MORTGAGE PAYMENT MORTGAGE 117810,1253.27,housing,simulated_bank_transactions_uk
2024-02-19,subscription*google**services 698581,25.21,subscriptions,simulated_bank_transactions_uk
2024-02-22,Card Pmt Superdrug Misc Expense,79.95,other,simulated_bank_transactions_uk
2023-03-17,Direct Debit Octopus Energy,38.01,utilities,simulated_bank_transactions_uk
2024-02-27,Subscription Netflix,9.04,subscriptions,simulated_bank_transactions_uk
2023-01-25,CARD PMT JUST EAT FAST FOOD,47.03,dining,simulated_bank_transactions_uk
2023-01-17,TRANSPORT ESSO FUEL,32.21,transportation,simulated_bank_transactions_uk
2024-04-05,Direct/Debit/E.on 344778,195.08,utilities,simulated_bank_transactions_uk
2023-11-06,pos purchase nhs online purchase,98.41,other,simulated_bank_transactions_uk
2023-08-21,Food Delivery Just Eat Restaurant 71294,23.92,dining,simulated_bank_transactions_uk
2024-04-22,Pos*Card*Pmt*Pret*Fast*Food 367528,74.56,dining,simulated_bank_transactions_uk
2023-05-14,mortgage pmt mortgage 603973,886.57,housing,simulated_bank_transactions_uk
2023-05-30,Restaurant Greggs Restaurant,39.07,dining,simulated_bank_transactions_uk
2024-04-21,card bacs letting agent rent 956537,674.37,housing,simulated_bank_transactions_uk
2023-03-21,Card Pmt Mcdonalds Food Delivery 695293,131.2,dining,simulated_bank_transactions_uk
2024-05-03,CARD PMT NETFLIX 695575,22.94,subscriptions,simulated_bank_transactions_uk
2023-12-06,Contactless*Aldi*Rice 36140,12.96,groceries,simulated_bank_transactions_uk
2023-04-14,Utility Bill Sky 877535,66.51,utilities,simulated_bank_transactions_uk
2024-10-07,BILL PMT EE 677991,142.09,utilities,simulated_bank_transactions_uk
2024-09-19,DIRECT*DEBIT*GYM*GROUP 685844,19.12,subscriptions,simulated_bank_transactions_uk
2023-10-19,FPS FOOD DELIVERY JUST EAT FAST FOOD 224096,94.4,dining,simulated_bank_transactions_uk
2024-08-22,Card Pmt Trainline Uber Ride 938272,120.78,transportation,simulated_bank_transactions_uk
2024-03-19,CARD/PAYMENT/LIDL/RICE 72588,114.5,groceries,simulated_bank_transactions_uk
2024-07-15,POS PURCHASE NHS ONLINE PURCHASE 619123,100.95,other,simulated_bank_transactions_uk
2024-01-22,RENT*PAYMENT*RENT 382897,814.66,housing,simulated_bank_transactions_uk
2024-10-12,POS TRANSPORT ESSO FUEL 692778,110.52,transportation,simulated_bank_transactions_uk
2023-07-21,FUEL-SHELL-TRAIN-TICKET,23.91,transportation,simulated_bank_transactions_uk
2024-02-08,contactless tesco chicken 428047,59.43,groceries,simulated_bank_transactions_uk
2023-05-17,CONTACTLESS UTILITY BILL BRITISH GAS 668809,32.67,utilities,simulated_bank_transactions_uk
2023-06-05,direct debit sky 647481,121.87,utilities,simulated_bank_transactions_uk
2023-08-04,RESTAURANT UBER EATS FOOD DELIVERY 4,86.52,dining,simulated_bank_transactions_uk
2023-02-08,POS MORRISONS MILK,27.02,groceries,simulated_bank_transactions_uk
2023-08-13,Fuel*Trainline*Fuel 87453,118.69,transportation,simulated_bank_transactions_uk
2024-05-20,Card Pmt Starbucks Restaurant,138.95,dining,simulated_bank_transactions_uk
2023-12-17,pos aldi milk 549953,101.4,groceries,simulated_bank_transactions_uk
2023-09-22,direct debit puregym 67605,34.77,subscriptions,simulated_bank_transactions_uk
2023-12-05,Contactless/Subscription/Puregym 749428,36.55,subscriptions,simulated_bank_transactions_uk
2024-08-26,RENT PMT LANDLORD,1534.85,housing,simulated_bank_transactions_uk
2023-09-09,CARD PAYMENT DISNEY+,25.78,subscriptions,simulated_bank_transactions_uk
2024-06-05,Bill*Payment*O2 399323,89.88,utilities,simulated_bank_transactions_uk
2024-02-19,Card Pmt Bolt Fuel,146.0,transportation,simulated_bank_transactions_uk
2023-09-21,card pmt aldi chicken 472984,47.15,groceries,simulated_bank_transactions_uk
2023-08-13,card pmt morrisons bread 41,84.59,groceries,simulated_bank_transactions_uk
2024-12-15,DIRECT DEBIT E.ON 337231,233.73,utilities,simulated_bank_transactions_uk
2024-03-05,Sto Direct Debit Spotify 623104,30.99,subscriptions,simulated_bank_transactions_uk
2024-09-30,Subscription Puregym 721307,13.49,subscriptions,simulated_bank_transactions_uk
2023-11-18,Food Delivery Costa Food Delivery 822702,12.75,dining,simulated_bank_transactions_uk
2024-03-18,Bacs*Contactless*Morrisons*Rice,62.67,groceries,simulated_bank_transactions_uk
2024-01-15,MASTERCARD DIRECT DEBIT BT 200143,36.73,utilities,simulated_bank_transactions_uk
2024-05-18,POS-LIDL-EGGS 420937,37.65,groceries,simulated_bank_transactions_uk
2024-03-16,food delivery just eat food delivery 373746,34.46,dining,simulated_bank_transactions_uk
2024-09-17,pos card pmt hmrc online purchase 477916,45.11,other,simulated_bank_transactions_uk
2024-09-04,Pos Purchase Currys Online Purchase 527040,52.41,other,simulated_bank_transactions_uk
2023-04-14,Fuel Trainline Fuel,128.42,transportation,simulated_bank_transactions_uk
2023-01-09,contactless lidl milk 929226,120.04,groceries,simulated_bank_transactions_uk
2024-12-15,So*Utility*Bill*Vodafone,50.31,utilities,simulated_bank_transactions_uk
2023-07-01,Bacs*Bacs*Rent*Rent 996075,602.92,housing,simulated_bank_transactions_uk
2024-01-11,So Card Pmt Lidl Bread 619507,45.84,groceries,simulated_bank_transactions_uk
2023-06-19,VISA MORTGAGE PAYMENT MORTGAGE,722.53,housing,simulated_bank_transactions_uk
2024-08-19,Fuel/Trainline/Bus/Pass,17.7,transportation,simulated_bank_transactions_uk
2023-07-16,POS ICELAND MILK 79885,93.31,groceries,simulated_bank_transactions_uk
2024-05-17,Contactless Pos Purchase Boots Online Purchase 192755,134.87,other,simulated_bank_transactions_uk
2024-09-22,CARD PMT SAINSBURYS EGGS 712053,90.23,groceries,simulated_bank_transactions_uk
2023-10-19,pos purchase argos online purcha,125.27,other,simulated_bank_transactions_uk
2023-06-11,Bill Pmt Sky,217.53,utilities,simulated_bank_transactions_uk
2023-10-18,contactless-rent-payment-letting-agent 294622,913.31,housing,simulated_bank_transactions_uk
2024-11-11,contactless lidl rice 925813,128.27,groceries,simulated_bank_transactions_uk
2024-06-05,DIRECT DEBIT O2 26216,108.93,utilities,simulated_bank_transactions_uk
2024-02-15,SO CARD PMT TFL BUS PASS,99.06,transportation,simulated_bank_transactions_uk
2023-11-13,RESTAURANT MCDONALDS RESTAURANT 463250,119.76,dining,simulated_bank_transactions_uk
2024-12-21,Rent-Pmt-Mortgage 112924,1245.8,housing,simulated_bank_transactions_uk
2023-05-01,DIRECT DEBIT OCTOPUS ENERGY 228704,159.29,utilities,simulated_bank_transactions_uk
2023-03-17,UTILITY BILL BT,57.74,utilities,simulated_bank_transactions_uk
2024-08-16,Contactless/Transport/Shell/Bus/Pass 458875,104.1,transportation,simulated_bank_transactions_uk
2024-10-21,Utility Bill Bt 226672,56.98,utilities,simulated_bank_transactions_uk
2024-04-29,Mastercard*Rent*Payment*Rent 255196,893.68,housing,simulated_bank_transactions_uk
2023-12-20,MORTGAGE/PMT/LETTING/AGENT 776312,1147.11,housing,simulated_bank_transactions_uk
2023-09-16,Pos Asda Milk,7.61,groceries,simulated_bank_transactions_uk
2024-04-19,Card-Payment-Nando's-Restaurant,122.44,dining,simulated_bank_transactions_uk
2024-04-05,Mortgage Payment Letting Agent,1807.6,housing,simulated_bank_transactions_uk
2024-11-05,Direct Debit Thames Water 486898,185.62,utilities,simulated_bank_transactions_uk
2023-06-18,CARD PMT NATIONAL RAIL TRAIN TICKET,4.09,transportation,simulated_bank_transactions_uk
2023-12-09,FUEL ESSO FUEL 567657,16.7,transportation,simulated_bank_transactions_uk
2024-09-10,Visa Direct Debit Scottishpower 148336,82.81,utilities,simulated_bank_transactions_uk
2023-07-04,Food-Delivery-Starbucks-Fast-Food 127453,136.37,dining,simulated_bank_transactions_uk
2024-10-08,Food-Delivery-Just-Eat-Restaurant,116.32,dining,simulated_bank_transactions_uk
2024-01-17,transport uber bus pass,120.63,transportation,simulated_bank_transactions_uk
2024-05-28,transport bolt uber ride 520129,18.38,transportation,simulated_bank_transactions_uk
2024-06-01,fps utility bill octopus energy 857700,179.68,utilities,simulated_bank_transactions_uk
2024-08-27,Pos Card Pmt Bp Fuel 192195,133.77,transportation,simulated_bank_transactions_uk
2023-02-10,Card/Pmt/Gym/Group 931403,31.94,subscriptions,simulated_bank_transactions_uk
2023-10-25,food delivery nando's food delivery 756333,89.87,dining,simulated_bank_transactions_uk
2024-02-22,SUBSCRIPTION/DISNEY+,16.64,subscriptions,simulated_bank_transactions_uk
2024-03-03,MASTERCARD SUBSCRIPTION NETFLIX 587746,7.2,subscriptions,simulated_bank_transactions_uk
2023-11-19,Food/Delivery/Pret/Food/Delivery 175268,87.07,dining,simulated_bank_transactions_uk
2023-11-04,Card Payment Superdrug Online Purchase 414267,69.04,other,simulated_bank_transactions_uk
2024-08-16,Rent Pmt Letting Agent,1535.81,housing,simulated_bank_transactions_uk
2024-06-27,FUEL TFL FUEL 524058,42.01,transportation,simulated_bank_transactions_uk
2023-09-02,fps*utility*bill*sky 412180,210.73,utilities,simulated_bank_transactions_uk
2023-03-19,Food-Delivery-Greggs-Restaurant 429316,66.21,dining,simulated_bank_transactions_uk
2024-07-13,online*purchase*superdrug*misc*expense 500881,81.68,other,simulated_bank_transactions_uk
2024-10-17,card restaurant starbucks restaurant 257951,76.76,dining,simulated_bank_transactions_uk
2024-11-10,Online Purchase Boots Misc Expense 58516,116.03,other,simulated_bank_transactions_uk
2023-08-07,POS*CARD*PAYMENT*ALDI*RICE 1114,148.36,groceries,simulated_bank_transactions_uk
2023-08-29,Visa Card Pmt Apple.com/bill 527546,32.29,subscriptions,simulated_bank_transactions_uk
2023-07-01,Food-Delivery-Starbucks-Food-Delivery 268199,109.68,dining,simulated_bank_transactions_uk
2023-03-23,Bacs Card Pmt Amazon Prime 315253,28.98,subscriptions,simulated_bank_transactions_uk
2023-01-22,fuel uber train ticket 608442,142.15,transportation,simulated_bank_transactions_uk
2023-09-22,Card Pmt Aldi Bread,139.87,groceries,simulated_bank_transactions_uk
2024-03-12,Utility Bill O2 707162,121.43,utilities,simulated_bank_transactions_uk
2023-10-23,DIRECT DEBIT E.ON 7190,198.32,utilities,simulated_bank_transactions_uk
2023-06-09,FUEL UBER UBER RIDE 867092,14.21,transportation,simulated_bank_transactions_uk
2023-01-04,ONLINE PURCHASE CURRYS ONLINE PURCHASE 509,128.4,other,simulated_bank_transactions_uk
2023-10-04,UTILITY-BILL-OCTOPUS-ENERGY 942165,204.77,utilities,simulated_bank_transactions_uk
2024-05-27,direct debit scottishpower 154,104.26,utilities,simulated_bank_transactions_uk
2024-05-07,online/purchase/ebay/misc/expense,78.08,other,simulated_bank_transactions_uk
2023-04-05,MORTGAGE PAYMENT LETTING AGENT,1098.76,housing,simulated_bank_transactions_uk
2023-07-13,transport shell train ticket 488793,60.02,transportation,simulated_bank_transactions_uk
2024-09-27,FPS CARD PMT NETFLIX,36.88,subscriptions,simulated_bank_transactions_uk
2023-06-16,Card Payment Amazon Online Purchase,148.84,other,simulated_bank_transactions_uk
2024-07-01,POS BILL PAYMENT SCOTTISHPOWER 27221,209.35,utilities,simulated_bank_transactions_uk
2023-12-26,mastercard-utility-bill-bt 473769,196.61,utilities,simulated_bank_transactions_uk
2024-03-18,POS*WAITROSE*EGGS 364145,128.47,groceries,simulated_bank_transactions_uk
2024-02-17,bacs contactless asda chicken 531093,117.05,groceries,simulated_bank_transactions_uk
2024-08-23,Bill-Pmt-Vodafone 198973,170.25,utilities,simulated_bank_transactions_uk
2024-11-03,Rent Pmt Letting Agent 314384,1642.51,housing,simulated_bank_transactions_uk
2024-04-13,Card Payment Superdrug Misc Expense 638884,84.95,other,simulated_bank_transactions_uk
2023-07-23,Direct-Debit-Card-Pmt-Nando's-Fast-Food 172774,97.45,dining,simulated_bank_transactions_uk
2023-01-04,fps card pmt morrisons milk 52916,69.58,groceries,simulated_bank_transactions_uk
2024-01-17,Subscription Amazon Prime 535707,28.26,subscriptions,simulated_bank_transactions_uk
2023-11-19,card bacs letting agent rent 465195,1772.53,housing,simulated_bank_transactions_uk
2023-04-09,ONLINE PURCHASE ARGOS MISC EXPENSE,15.53,other,simulated_bank_transactions_uk
2023-05-20,SUBSCRIPTION GOOGLE *SERVICES 205940,9.08,subscriptions,simulated_bank_transactions_uk
2024-07-18,card payment just eat fast food 44471,84.38,dining,simulated_bank_transactions_uk
2024-10-15,Rent Pmt Rent 82411,1735.16,housing,simulated_bank_transactions_uk
2024-03-11,transport esso train ticket 457791,48.87,transportation,simulated_bank_transactions_uk
2023-02-26,Contactless Transport Bp Uber Ride 27465,129.22,transportation,simulated_bank_transactions_uk
2024-01-24,fuel bolt train ticket 66473,105.3,transportation,simulated_bank_transactions_uk
2023-03-18,bill pmt octopus energy 437305,120.65,utilities,simulated_bank_transactions_uk
2023-11-04,Subscription Google *services 829530,15.79,subscriptions,simulated_bank_transactions_uk
2023-10-19,Fps Restaurant Starbucks Restaurant,6.84,dining,simulated_bank_transactions_uk
2023-05-21,FUEL NATIONAL RAIL TRAIN TICKET,107.63,transportation,simulated_bank_transactions_uk
2023-04-27,direct/debit/disney+ 962970,8.5,subscriptions,simulated_bank_transactions_uk
2023-11-22,contactless asda eggs 527417,115.9,groceries,simulated_bank_transactions_uk
2024-08-19,Direct Debit Pos Iceland Bread 172346,87.73,groceries,simulated_bank_transactions_uk
2023-10-11,card payment boots online purchase,37.03,other,simulated_bank_transactions_uk
2024-07-16,CARD PMT BOLT UBER RIDE 585305,122.3,transportation,simulated_bank_transactions_uk
2024-11-04,Pos Card Pmt Gym Group 694647,36.72,subscriptions,simulated_bank_transactions_uk
2023-02-11,Pos Transport National Rail Uber Ride,134.61,transportation,simulated_bank_transactions_uk
2023-12-08,TRANSPORT NATIONAL RAIL FUEL 725730,16.67,transportation,simulated_bank_transactions_uk
2023-04-07,CARD PMT TRAINLINE UBER RIDE 917105,23.12,transportation,simulated_bank_transactions_uk
2024-04-25,POS SUBSCRIPTION GYM GROUP 280282,21.69,subscriptions,simulated_bank_transactions_uk
2023-04-20,Contactless Online Purchase Ebay Misc Expense 279017,62.68,other,simulated_bank_transactions_uk
2024-07-28,CARD PMT BOLT TRAIN TICKET 582135,89.86,transportation,simulated_bank_transactions_uk
2023-06-22,card pmt boots online purchase 655353,15.06,other,simulated_bank_transactions_uk
2023-08-12,BILL*PMT*VODAFONE 616132,33.71,utilities,simulated_bank_transactions_uk
2024-11-29,RENT*PMT*MORTGAGE 677485,1940.21,housing,simulated_bank_transactions_uk
2024-06-19,DIRECT DEBIT SPOTIFY 990719,5.19,subscriptions,simulated_bank_transactions_uk
2023-09-01,CARD PMT UBER TRAIN TICKET 357100,75.42,transportation,simulated_bank_transactions_uk
2024-11-13,Card Pmt Asda Rice 425151,34.02,groceries,simulated_bank_transactions_uk
2023-10-27,Food Delivery Kfc Restaurant,124.28,dining,simulated_bank_transactions_uk
2024-08-27,Fuel*Tfl*Train*Ticket,62.46,transportation,simulated_bank_transactions_uk
2023-09-13,Food Delivery Nando's Food Delivery 468532,45.29,dining,simulated_bank_transactions_uk
2024-09-11,subscription spotify 405496,13.92,subscriptions,simulated_bank_transactions_uk
2024-02-20,card pmt starbucks restaurant,146.74,dining,simulated_bank_transactions_uk
2024-08-13,VISA CARD PAYMENT DISNEY+ 504943,29.2,subscriptions,simulated_bank_transactions_uk
2024-12-29,Utility Bill Bt 141157,84.73,utilities,simulated_bank_transactions_uk
2023-02-17,POS ASDA BREAD 148859,149.73,groceries,simulated_bank_transactions_uk
2023-08-12,Bacs Mortgage Rent,786.15,housing,simulated_bank_transactions_uk
2024-10-29,Transport-Bolt-Uber-Ride,87.46,transportation,simulated_bank_transactions_uk
2023-04-20,FPS DIRECT DEBIT VODAFONE 44,33.03,utilities,simulated_bank_transactions_uk
2023-05-31,Transport Shell Train Ticket 340391,68.72,transportation,simulated_bank_transactions_uk
2024-02-25,Rent/Pmt/Mortgage 330663,1055.16,housing,simulated_bank_transactions_uk
2023-10-09,restaurant uber eats food delivery,79.27,dining,simulated_bank_transactions_uk
2024-10-12,Food Delivery Costa Food Delivery 810375,32.63,dining,simulated_bank_transactions_uk
2024-11-12,utility bill scottishpower,71.36,utilities,simulated_bank_transactions_uk
2023-10-08,Online Purchase Superdrug Online Purchase 648392,75.02,other,simulated_bank_transactions_uk
2024-03-19,restaurant costa restaurant 86865,40.06,dining,simulated_bank_transactions_uk
2023-03-03,CARD/PAYMENT/NANDO'S/RESTAURANT 880189,12.03,dining,simulated_bank_transactions_uk
2023-04-24,BACS-RENT-RENT 366994,885.38,housing,simulated_bank_transactions_uk
2023-07-01,card pmt uber train ticket 494490,44.67,transportation,simulated_bank_transactions_uk
2024-06-26,Restaurant Uber Eats Restaurant 381131,72.57,dining,simulated_bank_transactions_uk
2023-11-07,Card Payment Waitrose Chicken,69.8,groceries,simulated_bank_transactions_uk
2023-10-10,Direct Debit Mortgage Payment Landlord,1563.8,housing,simulated_bank_transactions_uk
2023-10-04,Card Pmt Amazon Misc Expense,144.64,other,simulated_bank_transactions_uk
2023-01-18,Direct Debit Sky 170983,229.06,utilities,simulated_bank_transactions_uk
2024-01-29,pos purchase hmrc online purchase 150,97.85,other,simulated_bank_transactions_uk
2024-06-18,utility-bill-sky,188.67,utilities,simulated_bank_transactions_uk
2024-11-05,Sto Transport Trainline Uber Ride 878822,42.96,transportation,simulated_bank_transactions_uk
2024-08-03,Subscription Google *services,5.71,subscriptions,simulated_bank_transactions_uk
2023-09-16,Card Payment Aldi Bread 63443,135.12,groceries,simulated_bank_transactions_uk
2024-11-15,CARD PMT ARGOS ONLINE PURCHASE 553819,114.39,other,simulated_bank_transactions_uk
2023-07-07,Card Subscription Puregym,37.36,subscriptions,simulated_bank_transactions_uk
2023-01-21,BACS LANDLORD RENT 844525,604.72,housing,simulated_bank_transactions_uk
2023-01-02,POS TRANSPORT BP FUEL 92055,86.49,transportation,simulated_bank_transactions_uk
2023-11-10,Card/Pmt/Greggs/Restaurant 662086,30.54,dining,simulated_bank_transactions_uk
2024-08-23,rent/payment/landlord 71,1726.43,housing,simulated_bank_transactions_uk
2024-08-01,bill pmt vodafone 437247,241.34,utilities,simulated_bank_transactions_uk
2023-07-20,DIRECT DEBIT PUREGYM 263347,21.51,subscriptions,simulated_bank_transactions_uk
2024-04-27,Direct Debit Ee 53976,103.95,utilities,simulated_bank_transactions_uk
2024-05-19,ONLINE/PURCHASE/CURRYS/ONLINE/PURCHASE 262608,81.28,other,simulated_bank_transactions_uk
2023-03-20,Direct-Debit-Octopus-Energy 8246,33.61,utilities,simulated_bank_transactions_uk
2023-08-25,Card Card Pmt Asda Chicken 296112,134.7,groceries,simulated_bank_transactions_uk
2024-02-27,FOOD DELIVERY COSTA RESTAURANT 165822,33.13,dining,simulated_bank_transactions_uk
2024-07-15,DIRECT*DEBIT*GYM*GROUP 183729,28.83,subscriptions,simulated_bank_transactions_uk
2023-08-08,Restaurant Pret Food Delivery 777498,22.95,dining,simulated_bank_transactions_uk
2024-08-24,Utility/Bill/Severn/Trent 557502,86.42,utilities,simulated_bank_transactions_uk
2024-10-20,Food Delivery Just Eat Restaurant,148.72,dining,simulated_bank_transactions_uk
2023-08-31,subscription google *services,8.27,subscriptions,simulated_bank_transactions_uk
2024-09-04,DIRECT-DEBIT-APPLE.COM/BILL,13.76,subscriptions,simulated_bank_transactions_uk
2023-02-15,DIRECT DEBIT SUBSCRIPTION NETFLIX,31.63,subscriptions,simulated_bank_transactions_uk
2023-06-21,restaurant just eat food delivery 73484,43.73,dining,simulated_bank_transactions_uk
2023-08-10,MORTGAGE PMT MORTGAGE,1285.37,housing,simulated_bank_transactions_uk
2023-04-13,Direct Debit Pos Purchase Currys Misc Expense,133.46,other,simulated_bank_transactions_uk
2024-08-12,contactless tesco chicken 667103,88.68,groceries,simulated_bank_transactions_uk
2023-12-24,POS-FUEL-BOLT-UBER-RIDE 511999,65.78,transportation,simulated_bank_transactions_uk
2023-06-18,FUEL NATIONAL RAIL FUEL,84.77,transportation,simulated_bank_transactions_uk
2024-10-04,Contactless Aldi Vegetables 132598,17.33,groceries,simulated_bank_transactions_uk
2023-06-10,Direct Debit Gym Group 928478,11.74,subscriptions,simulated_bank_transactions_uk
2023-08-03,direct debit ee 437081,73.09,utilities,simulated_bank_transactions_uk
2024-04-05,bill pmt octopus energy 442007,43.48,utilities,simulated_bank_transactions_uk
2023-07-29,BILL PMT SCOTTISHPOWER 126219,189.66,utilities,simulated_bank_transactions_uk
2024-03-18,direct/debit/transport/trainline/bus/pass 390493,125.71,transportation,simulated_bank_transactions_uk
2024-01-23,direct debit ee 153383,65.0,utilities,simulated_bank_transactions_uk
2024-06-29,Contactless Morrisons Bread,58.06,groceries,simulated_bank_transactions_uk
2023-08-05,bill pmt bt 429188,198.17,utilities,simulated_bank_transactions_uk
2024-03-21,CONTACTLESS SAINSBURYS BREAD 215817,64.01,groceries,simulated_bank_transactions_uk
2024-07-22,Direct Debit E.on 5534,144.46,utilities,simulated_bank_transactions_uk
2024-08-31,Mortgage Pmt Landlord 410419,820.36,housing,simulated_bank_transactions_uk
2024-03-11,card payment spotify 716311,38.38,subscriptions,simulated_bank_transactions_uk
2023-08-08,BACS BILL PMT EE 13657,87.25,utilities,simulated_bank_transactions_uk
2024-07-02,direct debit mortgage pmt letting agent 304385,1013.75,housing,simulated_bank_transactions_uk
2023-04-29,FOOD DELIVERY UBER EATS RESTAURANT,131.58,dining,simulated_bank_transactions_uk
2023-08-24,ONLINE PURCHASE CURRYS ONLINE PURCHASE 550203,135.42,other,simulated_bank_transactions_uk
2024-10-27,DIRECT DEBIT MORTGAGE PMT MORTGAGE,1152.45,housing,simulated_bank_transactions_uk
2024-06-14,Pos Subscription Spotify 451119,9.73,subscriptions,simulated_bank_transactions_uk
2023-02-21,Utility Bill Sky 590490,82.91,utilities,simulated_bank_transactions_uk
2024-07-05,card*card*payment*spot,7.6,subscriptions,simulated_bank_transactions_uk
2023-09-23,direct debit gym group 504485,23.81,subscriptions,simulated_bank_transactions_uk
2023-07-02,direct debit fuel trainline bus pass 718088,83.69,transportation,simulated_bank_transactions_uk
2023-07-30,Contactless Tesco Rice 236840,75.1,groceries,simulated_bank_transactions_uk
2023-06-01,BILL-PAYMENT-SCOTTISHPOWER,49.66,utilities,simulated_bank_transactions_uk
2024-07-13,Card Pmt Puregym 853798,30.23,subscriptions,simulated_bank_transactions_uk
2024-04-16,pos lidl vegetables 900807,114.74,groceries,simulated_bank_transactions_uk
2023-02-03,Direct Debit Severn Trent 525809,104.29,utilities,simulated_bank_transactions_uk
2024-11-11,Online Purchase Currys Online Purchase 490480,117.67,other,simulated_bank_transactions_uk
2023-03-27,mastercard mortgage payment mortgage 364204,1612.33,housing,simulated_bank_transactions_uk
2024-10-14,Sto Transport National Rail Train Ticket,114.36,transportation,simulated_bank_transactions_uk
2023-04-11,SUBSCRIPTION NETFLIX 894866,11.66,subscriptions,simulated_bank_transactions_uk
2023-02-28,Food Delivery Greggs Food Deliv,98.19,dining,simulated_bank_transactions_uk
2023-12-28,Visa Pos Purchase Hmrc Online Purchase 386355,108.73,other,simulated_bank_transactions_uk
2024-05-31,FUEL-BP-FUEL,101.81,transportation,simulated_bank_transactions_uk
2023-03-29,mortgage/payment/landlord 33181,965.13,housing,simulated_bank_transactions_uk
2024-05-03,card pmt spotify 44608,25.17,subscriptions,simulated_bank_transactions_uk
2023-03-20,TRANSPORT ESSO FUEL 665678,79.77,transportation,simulated_bank_transactions_uk
2024-09-28,UTILITY BILL EE 448661,93.57,utilities,simulated_bank_transactions_uk
2024-04-25,Pos*Purchase*Nhs*Online*Purchase 812959,49.17,other,simulated_bank_transactions_uk
2023-01-27,CARD PMT LIDL CHICKEN 7,66.9,groceries,simulated_bank_transactions_uk
2024-11-08,Card Pmt Waitrose Chicken 36617,10.18,groceries,simulated_bank_transactions_uk
2024-10-13,CARD PAYMENT BP TRAIN TICKET 779772,58.55,transportation,simulated_bank_transactions_uk
2024-06-12,CARD PMT BOLT UBER RIDE,56.14,transportation,simulated_bank_transactions_uk
2024-07-30,card fuel bp train ticket 619446,62.56,transportation,simulated_bank_transactions_uk
2023-10-03,Card Payment Morrisons Bread,63.71,groceries,simulated_bank_transactions_uk
2023-02-20,Card Payment Google *services 873397,17.93,subscriptions,simulated_bank_transactions_uk
2024-08-13,Mastercard Fuel Esso Bus Pass,123.77,transportation,simulated_bank_transactions_uk
2023-02-10,card pmt deliveroo food delivery 325041,9.16,dining,simulated_bank_transactions_uk
2024-02-25,RENT PMT LETTING AGENT,891.08,housing,simulated_bank_transactions_uk
2023-01-18,so subscription apple.com/bill 550113,26.63,subscriptions,simulated_bank_transactions_uk
2023-03-04,CARD PAYMENT EBAY ONLINE PURCHASE 687550,21.49,other,simulated_bank_transactions_uk
2024-02-06,Sto-Card-Payment-National-Rail-Uber-Ride 902585,139.44,transportation,simulated_bank_transactions_uk
2024-06-25,card transport bolt uber ride 861288,133.86,transportation,simulated_bank_transactions_uk
2024-10-21,Rent Payment Landlord,1626.6,housing,simulated_bank_transactions_uk
2024-06-12,Direct Debit Vodafone,234.8,utilities,simulated_bank_transactions_uk
2024-10-25,pos direct debit octopus energy 229450,71.29,utilities,simulated_bank_transactions_uk
2023-06-08,mastercard card payment aldi rice 793961,42.37,groceries,simulated_bank_transactions_uk
2024-11-25,BACS LANDLORD RENT 175948,1160.12,housing,simulated_bank_transactions_uk
2024-10-22,transport esso train ticket 235108,79.69,transportation,simulated_bank_transactions_uk
2023-09-06,RENT PMT RENT 884127,822.03,housing,simulated_bank_transactions_uk
2024-06-25,Food Delivery Nando's Food Delivery 637249,22.19,dining,simulated_bank_transactions_uk
2023-09-15,card payment pret restaurant 843873,18.3,dining,simulated_bank_transactions_uk
2024-02-04,VISA*CARD*PAYMENT*TESCO*RICE 506596,131.4,groceries,simulated_bank_transactions_uk
2024-01-18,CARD*PMT*NATIONAL*RAIL*FUEL 969285,26.03,transportation,simulated_bank_transactions_uk
2023-02-13,POS PURCHASE HMRC MISC EXPENSE 475593,130.34,other,simulated_bank_transactions_uk
2024-01-13,Bill/Pmt/E.on,188.65,utilities,simulated_bank_transactions_uk
2023-01-24,Fuel Bp Train Ticket 971448,46.19,transportation,simulated_bank_transactions_uk
2023-10-14,MORTGAGE-PMT-RENT 483289,1030.82,housing,simulated_bank_transactions_uk
2024-06-27,POS PURCHASE HMRC MISC EXPENSE,78.41,other,simulated_bank_transactions_uk
2024-01-13,CARD/PAYMENT/NETFLIX 340330,30.58,subscriptions,simulated_bank_transactions_uk
2023-05-18,bill-pmt-e.on,90.6,utilities,simulated_bank_transactions_uk
2023-03-05,Card Payment Starbucks Food Delivery 654963,125.27,dining,simulated_bank_transactions_uk
2023-02-28,rent-pmt-letting-agent,1561.56,housing,simulated_bank_transactions_uk
2023-08-10,online/purchase/nhs/misc/expense,38.11,other,simulated_bank_transactions_uk
2024-08-24,utility bill sky,145.77,utilities,simulated_bank_transactions_uk
2023-08-16,fuel national rail uber ride 759475,61.02,transportation,simulated_bank_transactions_uk
2023-04-03,so online purchase currys online purchase 795217,121.47,other,simulated_bank_transactions_uk
2024-06-22,Card Payment Asda Vegetables,91.18,groceries,simulated_bank_transactions_uk
2023-05-07,Restaurant/Uber/Eats/Food/Delivery 791278,132.15,dining,simulated_bank_transactions_uk
2024-08-30,STO SUBSCRIPTION GYM GROUP,11.95,subscriptions,simulated_bank_transactions_uk
2024-05-19,So/Card/Pmt/Waitrose/Vegetables 804,102.78,groceries,simulated_bank_transactions_uk
2023-08-20,card bill payment severn trent 701173,101.06,utilities,simulated_bank_transactions_uk
2023-03-20,Card Pmt Tesco Rice 106132,128.66,groceries,simulated_bank_transactions_uk
2024-05-23,Card Contactless Morrisons Chicken 439122,114.92,groceries,simulated_bank_transactions_uk
2023-04-08,Online*Purchase*Hmrc*Misc*Expense 719507,148.74,other,simulated_bank_transactions_uk
2024-07-19,Card Card Payment Just Eat Food Delivery 628032,129.18,dining,simulated_bank_transactions_uk
2023-01-28,Mortgage Pmt Letting Agent 213187,858.76,housing,simulated_bank_transactions_uk
2023-12-09,Card Pos Purchase Boots Online Purchase 807,89.16,other,simulated_bank_transactions_uk
2023-05-11,Pos Purchase Hmrc Misc Expense 295951,19.47,other,simulated_bank_transactions_uk
2024-01-22,Pos Purchase Ebay Online Purchase,38.92,other,simulated_bank_transactions_uk
2024-05-24,bacs card pmt trainline fuel,96.61,transportation,simulated_bank_transactions_uk
2024-09-02,visa*card*pmt*shell*bus*pass 939543,123.99,transportation,simulated_bank_transactions_uk
2023-01-04,pos*sainsburys*vegetables,136.47,groceries,simulated_bank_transactions_uk
2023-12-21,Bacs Card Payment Netflix 464677,17.88,subscriptions,simulated_bank_transactions_uk
2023-05-07,Bill*Payment*Sky,162.81,utilities,simulated_bank_transactions_uk
2023-10-27,pos purchase boots misc expense 302874,19.0,other,simulated_bank_transactions_uk
2023-01-28,direct/debit/o2,135.02,utilities,simulated_bank_transactions_uk
2023-06-24,Card Payment Amazon Prime 80969,19.25,subscriptions,simulated_bank_transactions_uk
2024-09-13,Online Purchase Amazon Online Purchase 694342,141.42,other,simulated_bank_transactions_uk
2023-10-09,card-payment-google-*services 234177,13.4,subscriptions,simulated_bank_transactions_uk
2023-04-05,card-payment-trainline-bu,64.49,transportation,simulated_bank_transactions_uk
2023-10-29,card card payment national rail uber ride 374857,105.23,transportation,simulated_bank_transactions_uk
2024-01-11,Fps Direct Debit E.on 855952,39.43,utilities,simulated_bank_transactions_uk
2024-05-19,Rent Pmt Mortgage 240047,1072.49,housing,simulated_bank_transactions_uk
2023-02-17,STO/RESTAURANT/MCDONALDS/FAST/FOOD 778906,67.0,dining,simulated_bank_transactions_uk
2024-03-12,Direct/Debit/Puregym 296399,31.12,subscriptions,simulated_bank_transactions_uk
2023-07-17,POS PURCHASE CURRYS ONLINE PURCHASE 884925,141.01,other,simulated_bank_transactions_uk
2023-07-28,visa online purchase superdrug online purchase,79.48,other,simulated_bank_transactions_uk
2024-09-14,fuel-bp-fuel,61.48,transportation,simulated_bank_transactions_uk
2024-12-02,card-pmt-tesco-milk 132341,59.78,groceries,simulated_bank_transactions_uk
2023-08-06,STO-RESTAURANT-DELIVEROO-RESTAURANT 725432,50.1,dining,simulated_bank_transactions_uk
2023-09-18,contactless sainsburys bread 745515,115.84,groceries,simulated_bank_transactions_uk
2024-03-16,fuel*bp*bus*pass,10.65,transportation,simulated_bank_transactions_uk
2024-05-12,Card Pmt Apple.com/bill 397828,25.02,subscriptions,simulated_bank_transactions_uk
2023-05-27,visa mortgage pmt letting agent 542860,1385.92,housing,simulated_bank_transactions_uk
2023-10-25,Direct Debit Disney+ 322007,34.1,subscriptions,simulated_bank_transactions_uk
2024-07-21,MORTGAGE PAYMENT LANDLORD,1025.61,housing,simulated_bank_transactions_uk
2023-07-18,card payment iceland chicken,147.82,groceries,simulated_bank_transactions_uk
2024-11-14,fuel uber bus pass 157730,37.9,transportation,simulated_bank_transactions_uk
2023-02-17,Bacs/Subscription/Spotify,9.78,subscriptions,simulated_bank_transactions_uk
2023-05-08,DIRECT DEBIT UTILITY BILL SCOTTI,165.19,utilities,simulated_bank_transactions_uk
2024-04-07,pos waitrose milk 740053,101.05,groceries,simulated_bank_transactions_uk
2024-01-13,Rent Pmt Rent 346026,666.49,housing,simulated_bank_transactions_uk
2023-10-20,SUBSCRIPTION PUREGYM,33.12,subscriptions,simulated_bank_transactions_uk
2024-04-08,direct debit gym group,30.01,subscriptions,simulated_bank_transactions_uk
2024-09-04,CARD PAYMENT ESSO TRAIN TICKET 811879,62.22,transportation,simulated_bank_transactions_uk
2024-01-20,bacs mortgage pmt ren,1401.8,housing,simulated_bank_transactions_uk
2024-10-19,pos purchase amazon misc expense 671173,125.05,other,simulated_bank_transactions_uk
2024-04-12,Subscription Amazon Prime,28.66,subscriptions,simulated_bank_transactions_uk
2024-07-02,Contactless Iceland Chicken,46.45,groceries,simulated_bank_transactions_uk
2024-10-14,BACS POS PURCHASE HMRC MISC EXPENSE 277499,88.15,other,simulated_bank_transactions_uk
2023-10-29,Direct Debit Google *services 849525,24.79,subscriptions,simulated_bank_transactions_uk
2024-08-06,CONTACTLESS ASDA CHICKEN,133.44,groceries,simulated_bank_transactions_uk
2023-04-21,CARD PMT PUREGYM 68089,36.17,subscriptions,simulated_bank_transactions_uk
2024-03-16,Direct Debit Direct Debit Vodafone 386781,61.08,utilities,simulated_bank_transactions_uk
2023-02-26,BACS CARD PMT KFC FOOD DELIVERY 424162,85.3,dining,simulated_bank_transactions_uk
2024-07-25,Restaurant Pret Food Delivery 3212,105.85,dining,simulated_bank_transactions_uk
2023-05-01,CARD PMT GREGGS RESTAURANT 444347,61.51,dining,simulated_bank_transactions_uk
2023-02-01,bacs-restaurant-pret-fast-food,145.93,dining,simulated_bank_transactions_uk
2024-07-29,rent pmt mortgage,902.27,housing,simulated_bank_transactions_uk
2024-11-17,Rent Pmt Letting Agent,908.56,housing,simulated_bank_transactions_uk
2024-06-16,Mortgage Pmt Letting Agent,1857.93,housing,simulated_bank_transactions_uk
2023-01-04,Utility Bill Scottishpower 616481,245.81,utilities,simulated_bank_transactions_uk
2023-05-01,Card Payment National Rail Fuel 340542,133.43,transportation,simulated_bank_transactions_uk
2023-05-31,Direct Debit Vodafone 970643,150.84,utilities,simulated_bank_transactions_uk
2024-07-11,CARD*PAYMENT*STARBUCKS*FOOD*DELIVERY,115.18,dining,simulated_bank_transactions_uk
2024-07-17,Mortgage Payment Landlord 741949,972.45,housing,simulated_bank_transactions_uk
2024-02-21,Card*Pmt*Deliveroo*Food*Delivery,58.61,dining,simulated_bank_transactions_uk
2024-07-29,Sto Bacs Landlord Rent 575365,903.28,housing,simulated_bank_transactions_uk
2024-12-03,FOOD DELIVERY DELIVEROO FAST FOOD,17.44,dining,simulated_bank_transactions_uk
2023-12-11,Utility Bill E.on,99.01,utilities,simulated_bank_transactions_uk
2023-07-16,POS PURCHASE EBAY ONLINE PURCHASE 57810,40.03,other,simulated_bank_transactions_uk
2023-06-02,POS PURCHASE HMRC MISC EXPENSE 953156,61.6,other,simulated_bank_transactions_uk
2023-02-11,DIRECT*DEBIT*SEVERN*TRENT 908162,89.82,utilities,simulated_bank_transactions_uk
2023-06-18,online purchase amazon online purchase 5461,125.38,other,simulated_bank_transactions_uk
2024-11-14,Restaurant Mcdonalds Restaurant 593651,3.14,dining,simulated_bank_transactions_uk
2024-02-03,card payment superdrug misc expense 577873,91.26,other,simulated_bank_transactions_uk
2024-02-01,SO/CONTACTLESS/WAITROSE/MILK 235438,20.17,groceries,simulated_bank_transactions_uk
2024-09-18,card pmt puregym 331619,28.39,subscriptions,simulated_bank_transactions_uk
2023-03-09,Transport/Esso/Uber/Ride 3,10.04,transportation,simulated_bank_transactions_uk
2024-10-25,RESTAURANT*JUST*EAT*FOOD*DELIVERY 979088,11.23,dining,simulated_bank_transactions_uk
2024-09-13,FUEL BP UBER RIDE 680642,46.08,transportation,simulated_bank_transactions_uk
2024-04-09,Sto Pos Waitrose Vege,50.24,groceries,simulated_bank_transactions_uk
2024-06-18,RESTAURANT KFC RESTAURANT 842603,129.85,dining,simulated_bank_transactions_uk
2023-02-21,Bill Payment Thames Water 118438,167.94,utilities,simulated_bank_transactions_uk
2023-01-18,Mortgage/Payment/Letting/Agent,991.72,housing,simulated_bank_transactions_uk
2023-10-16,CARD RESTAURANT STARBUCKS FAST FOOD 922432,68.08,dining,simulated_bank_transactions_uk
2024-04-04,FOOD DELIVERY PRET RESTAURANT 756542,11.55,dining,simulated_bank_transactions_uk
2023-05-14,So Utility Bill Bt 470171,120.56,utilities,simulated_bank_transactions_uk
2023-04-05,Card Payment Apple.com/bill 971931,24.44,subscriptions,simulated_bank_transactions_uk
2024-01-29,BACS RENT RENT,1756.41,housing,simulated_bank_transactions_uk
2024-09-08,CARD-PAYMENT-TESCO-BRE,86.12,groceries,simulated_bank_transactions_uk
2024-06-20,Contactless Sainsburys Eggs 673737,6.34,groceries,simulated_bank_transactions_uk
2023-07-27,Bacs Mortgage Rent,873.38,housing,simulated_bank_transactions_uk
2023-05-16,Food Delivery Starbucks Restaurant 957920,16.11,dining,simulated_bank_transactions_uk
2023-06-25,Card Pmt Bolt Bus Pass 719716,108.09,transportation,simulated_bank_transactions_uk
2024-04-23,UTILITY BILL SEVERN TRENT,118.29,utilities,simulated_bank_transactions_uk
2023-06-18,Card Pmt Apple.com/bill,12.17,subscriptions,simulated_bank_transactions_uk
2024-01-24,RENT PAYMENT LANDLORD 721212,828.74,housing,simulated_bank_transactions_uk
2023-09-01,Card Pmt Sainsburys Bread,113.3,groceries,simulated_bank_transactions_uk
2024-05-22,so card pmt superdrug misc expense 106305,22.46,other,simulated_bank_transactions_uk
2023-07-14,Sto/Subscription/Google/*services,18.16,subscriptions,simulated_bank_transactions_uk
2023-10-31,Bill Payment British Gas 513960,176.93,utilities,simulated_bank_transactions_uk
2023-06-22,Pos Transport Trainline Bus Pass,90.11,transportation,simulated_bank_transactions_uk
2024-02-10,pos purchase superdrug misc expense 339597,10.02,other,simulated_bank_transactions_uk
2023-04-07,Fuel Uber Uber Ride 665261,146.04,transportation,simulated_bank_transactions_uk
2023-02-24,card pmt greggs fast food 619147,44.86,dining,simulated_bank_transactions_uk
2023-04-15,Utility*Bill*Vodafone,85.03,utilities,simulated_bank_transactions_uk
2023-05-26,bacs/food/delivery/starbucks/fast/food 242902,81.52,dining,simulated_bank_transactions_uk
2024-11-14,Food Delivery Nando's Food Delivery 356692,119.27,dining,simulated_bank_transactions_uk
2023-06-15,Card*Card*Payment*Puregym 711875,7.63,subscriptions,simulated_bank_transactions_uk
2024-08-26,Rent*Pmt*Mortgage 600147,1851.97,housing,simulated_bank_transactions_uk
2024-06-15,SUBSCRIPTION PUREGYM,11.77,subscriptions,simulated_bank_transactions_uk
2023-12-15,POS FOOD DELIVERY KFC RESTAURANT,87.16,dining,simulated_bank_transactions_uk
2024-03-24,mortgage payment mortgage,1561.49,housing,simulated_bank_transactions_uk
2024-07-06,Utility Bill Sky 579084,80.96,utilities,simulated_bank_transactions_uk
2024-11-28,DIRECT DEBIT THAMES WATER 469677,68.99,utilities,simulated_bank_transactions_uk
2023-08-23,FUEL ESSO FUEL,7.29,transportation,simulated_bank_transactions_uk
2024-12-20,SUBSCRIPTION-GOOGLE-*SERVICES,5.8,subscriptions,simulated_bank_transactions_uk
2024-11-28,subscription puregym 112831,20.0,subscriptions,simulated_bank_transactions_uk
2023-03-04,contactless pos waitrose rice 746511,73.31,groceries,simulated_bank_transactions_uk
2024-02-19,card pmt just eat fast food 313195,37.68,dining,simulated_bank_transactions_uk
2023-01-03,Card Pmt Netflix,5.54,subscriptions,simulated_bank_transactions_uk
2024-11-05,restaurant kfc food delivery 999432,24.11,dining,simulated_bank_transactions_uk
2024-10-06,ONLINE PURCHASE CURRYS ONLINE PURCHASE 980066,29.53,other,simulated_bank_transactions_uk
2023-03-30,Transport Bp Bus Pass,102.06,transportation,simulated_bank_transactions_uk
2024-01-10,Food Delivery Deliveroo Food Delivery,131.4,dining,simulated_bank_transactions_uk
2024-04-03,POS-MORRISONS-EGGS 305691,82.24,groceries,simulated_bank_transactions_uk
2024-08-06,CONTACTLESS WAITROSE VEGETABLES 460514,41.94,groceries,simulated_bank_transactions_uk
2023-06-28,contactless bill payment sky 145325,199.42,utilities,simulated_bank_transactions_uk
2024-08-04,contactless lidl chicken 653510,23.4,groceries,simulated_bank_transactions_uk
2023-02-10,food delivery deliveroo fast food,113.98,dining,simulated_bank_transactions_uk
2023-08-29,VISA*SUBSCRIPTION*NETFLIX 626,28.87,subscriptions,simulated_bank_transactions_uk
2023-10-23,card pmt costa food delivery 417849,92.52,dining,simulated_bank_transactions_uk
2023-05-10,Contactless Online Purchase Amazon Online Purchase 944939,143.1,other,simulated_bank_transactions_uk
2024-09-11,Contactless Asda Eggs,120.36,groceries,simulated_bank_transactions_uk
2024-09-04,MORTGAGE/PMT/MORTGAGE,1359.2,housing,simulated_bank_transactions_uk
2023-05-14,FPS/RENT/PMT/LETTING/AGENT 907646,1008.61,housing,simulated_bank_transactions_uk
2024-09-16,bacs transport uber bus pass 522882,127.38,transportation,simulated_bank_transactions_uk
2023-10-18,Card*Payment*Apple.com/bill 217863,27.65,subscriptions,simulated_bank_transactions_uk
2024-06-03,CARD PMT TFL FUEL 661129,95.03,transportation,simulated_bank_transactions_uk
2024-03-27,food delivery mcdonalds restaurant,105.21,dining,simulated_bank_transactions_uk
2023-08-29,Card Pmt Iceland Eggs,138.78,groceries,simulated_bank_transactions_uk
2024-07-06,Direct Debit Apple.com/bill 788164,21.72,subscriptions,simulated_bank_transactions_uk
2024-09-22,card pmt boots online purchase,6.85,other,simulated_bank_transactions_uk
2023-03-21,card pmt kfc fast food,58.93,dining,simulated_bank_transactions_uk
2024-04-17,Direct Debit Disney+ 336728,28.23,subscriptions,simulated_bank_transactions_uk
2024-01-29,Food/Delivery/Deliveroo/Food/Delivery 312987,81.23,dining,simulated_bank_transactions_uk
2024-03-22,Direct*Debit*Gym*Group 639995,25.11,subscriptions,simulated_bank_transactions_uk
2023-05-13,CARD PMT AMAZON PRIME 903439,10.39,subscriptions,simulated_bank_transactions_uk
2023-02-09,CARD PMT ESSO TRAIN TICKET,75.6,transportation,simulated_bank_transactions_uk
2023-01-01,Online Purchase Ebay Misc Expense 413998,103.19,other,simulated_bank_transactions_uk
2024-10-02,FOOD DELIVERY MCDONALDS FOOD DELIVERY 60230,30.38,dining,simulated_bank_transactions_uk
2024-12-13,Online Purchase Nhs Online Purchase 777885,57.2,other,simulated_bank_transactions_uk
2024-01-05,Fuel Uber Uber Ride 383615,100.54,transportation,simulated_bank_transactions_uk
2024-09-26,online purchase nhs misc expense 463072,59.0,other,simulated_bank_transactions_uk
2023-02-01,card pmt tfl fuel 94503,86.67,transportation,simulated_bank_transactions_uk
2023-06-30,Bacs*Mortgage*Rent 689765,1859.67,housing,simulated_bank_transactions_uk
2023-10-02,card card payment currys misc expense 275538,128.31,other,simulated_bank_transactions_uk
2024-02-07,transport national rail train ticket 524996,140.33,transportation,simulated_bank_transactions_uk
2023-05-24,FOOD DELIVERY MCDONALDS FOOD DELIVERY 758526,60.93,dining,simulated_bank_transactions_uk
2023-09-10,Transport Bp Bus Pass 165113,30.3,transportation,simulated_bank_transactions_uk
2023-10-03,mortgage payment letting agent 942882,1635.1,housing,simulated_bank_transactions_uk
2023-08-16,online purchase amazon misc expense 974483,125.06,other,simulated_bank_transactions_uk
2024-08-09,pos purchase currys online purchase 762475,83.29,other,simulated_bank_transactions_uk
2023-09-24,Contactless Waitrose Eggs 892806,62.52,groceries,simulated_bank_transactions_uk
2023-12-02,card pmt aldi vegetables 546176,103.04,groceries,simulated_bank_transactions_uk
2023-07-02,DIRECT DEBIT BRITISH GAS,235.08,utilities,simulated_bank_transactions_uk
2024-08-12,Fuel Bp Fuel,27.65,transportation,simulated_bank_transactions_uk
2024-12-12,UTILITY*BILL*OCTOPUS*ENERGY 516713,78.76,utilities,simulated_bank_transactions_uk
2024-01-14,bill pmt thames water,201.97,utilities,simulated_bank_transactions_uk
2024-05-31,Card-Payment-Morrisons-Bread 230908,129.49,groceries,simulated_bank_transactions_uk
2024-01-14,card*pmt*iceland*chicken 903424,107.46,groceries,simulated_bank_transactions_uk
2024-05-16,TRANSPORT/BP/UBER/RIDE 217778,142.89,transportation,simulated_bank_transactions_uk
2024-07-26,SUBSCRIPTION PUREGYM,38.24,subscriptions,simulated_bank_transactions_uk
2024-05-14,BACS CARD PMT TFL UBER RIDE,92.65,transportation,simulated_bank_transactions_uk
2023-08-18,Online Purchase Argos Misc Expense 430590,124.25,other,simulated_bank_transactions_uk
2024-09-30,CONTACTLESS WAITROSE BREAD 756704,48.07,groceries,simulated_bank_transactions_uk
2024-08-13,Card Payment Morrisons Vegetables 846402,134.4,groceries,simulated_bank_transactions_uk
2024-09-05,CONTACTLESS WAITROSE MILK 266463,137.34,groceries,simulated_bank_transactions_uk
2024-06-18,BACS FOOD DELIVERY GREGGS RESTAURANT 503154,9.89,dining,simulated_bank_transactions_uk
2023-10-03,CARD-POS-PURCHASE-NHS-MISC-EXPENSE 466961,88.55,other,simulated_bank_transactions_uk
2024-01-08,Online Purchase Ebay Online Purchase 392446,15.64,other,simulated_bank_transactions_uk
2024-04-09,Card Utility Bill Sky,101.55,utilities,simulated_bank_transactions_uk
2023-07-27,CARD-PMT-TESCO-EGGS,124.66,groceries,simulated_bank_transactions_uk
2024-01-10,Contactless/Sainsburys/Bread,110.15,groceries,simulated_bank_transactions_uk
2024-06-21,POS SUBSCRIPTION PUREGYM 801066,21.65,subscriptions,simulated_bank_transactions_uk
2024-04-03,POS LIDL BREAD 496247,120.42,groceries,simulated_bank_transactions_uk
2024-09-27,ONLINE PURCHASE AMAZON MISC EXPENSE 9,9.73,other,simulated_bank_transactions_uk
2024-10-20,fuel esso train ticket 736638,105.48,transportation,simulated_bank_transactions_uk
2023-03-31,Sto Pos Purchase Currys Online Purchase 853444,44.67,other,simulated_bank_transactions_uk
2024-01-28,card pmt lidl eggs,29.07,groceries,simulated_bank_transactions_uk
2024-08-28,Direct Debit Google *services 382471,9.27,subscriptions,simulated_bank_transactions_uk
2023-05-15,CARD PAYMENT PUREGYM,26.18,subscriptions,simulated_bank_transactions_uk
2024-01-05,Fps Online Purchase Amazon Misc Expense 155733,3.99,other,simulated_bank_transactions_uk
2023-12-23,bill-payment-e.on 774677,145.89,utilities,simulated_bank_transactions_uk
2023-12-05,card payment deliveroo restaurant,133.86,dining,simulated_bank_transactions_uk
2024-08-20,subscription*puregym 531601,38.44,subscriptions,simulated_bank_transactions_uk
2024-03-28,subscription apple.com/bill 778680,20.74,subscriptions,simulated_bank_transactions_uk
2023-05-22,Transport Esso Bus Pass 476465,129.8,transportation,simulated_bank_transactions_uk
2023-12-12,Restaurant Pret Food Delivery 191,52.67,dining,simulated_bank_transactions_uk
2024-08-25,mortgage pmt rent,1075.35,housing,simulated_bank_transactions_uk
2023-11-21,Restaurant Just Eat Fast Food 303813,120.1,dining,simulated_bank_transactions_uk
2023-05-12,mastercard*pos*purchase*argos*misc*expense,29.13,other,simulated_bank_transactions_uk
2024-12-10,SO FUEL SHELL UBER RIDE 903145,145.24,transportation,simulated_bank_transactions_uk
2023-01-07,CARD PMT JUST EAT FAST FOOD 4,6.73,dining,simulated_bank_transactions_uk
2023-11-11,card pmt iceland milk,25.92,groceries,simulated_bank_transactions_uk
2023-08-26,card payment shell train ticket 932488,89.19,transportation,simulated_bank_transactions_uk
2023-04-29,CARD PAYMENT ASDA BREAD,22.28,groceries,simulated_bank_transactions_uk
2023-03-12,card-pmt-ebay-misc-expense 307143,130.67,other,simulated_bank_transactions_uk
2024-06-18,VISA UTILITY BILL O2 301163,135.72,utilities,simulated_bank_transactions_uk
2023-04-13,BILL PMT BRITISH GAS 125657,70.07,utilities,simulated_bank_transactions_uk
2024-06-16,Transport Trainline Bus Pass 680376,44.8,transportation,simulated_bank_transactions_uk
2024-05-17,Visa-Direct-Debit-Apple.com/bill 672845,25.53,subscriptions,simulated_bank_transactions_uk
2023-08-16,Sto*Direct*Debit*E.on 828990,181.88,utilities,simulated_bank_transactions_uk
2024-03-27,Restaurant Kfc Fast Food 531798,135.13,dining,simulated_bank_transactions_uk
2023-01-07,pos bacs landlord rent,809.59,housing,simulated_bank_transactions_uk
2024-12-21,utility-bill-severn-trent 801249,246.65,utilities,simulated_bank_transactions_uk
2023-03-13,Utility Bill Sky 871110,238.93,utilities,simulated_bank_transactions_uk
2024-07-10,CARD PAYMENT GYM GROUP 223003,11.05,subscriptions,simulated_bank_transactions_uk
2023-07-14,POS-PURCHASE-AMAZON-ONLINE-PURCHASE 604301,111.35,other,simulated_bank_transactions_uk
2024-09-13,Fps Card Pmt Nhs Online Purchase 122326,21.57,other,simulated_bank_transactions_uk
2023-03-02,VISA UTILITY BILL VODAFONE 633016,167.29,utilities,simulated_bank_transactions_uk
2023-04-03,FOOD-DELIVERY-MCDONALDS-FOOD-DELIVERY,4.19,dining,simulated_bank_transactions_uk
2023-07-28,Card Direct Debit Disney+ 422983,22.13,subscriptions,simulated_bank_transactions_uk
2024-04-27,MORTGAGE PAYMENT MORTGAGE,1345.52,housing,simulated_bank_transactions_uk
2024-11-12,food delivery deliveroo food delivery 680018,106.81,dining,simulated_bank_transactions_uk
2023-12-25,Card-Pmt-Deliveroo-Restaurant,118.68,dining,simulated_bank_transactions_uk
2024-01-07,MASTERCARD CARD PMT STARBUCKS FAST FOOD 92816,50.16,dining,simulated_bank_transactions_uk
2023-06-08,SUBSCRIPTION-GOOGLE-*SERVICES 362760,9.75,subscriptions,simulated_bank_transactions_uk
2024-09-25,ONLINE PURCHASE ARGOS ONLINE PURCHASE 692913,50.84,other,simulated_bank_transactions_uk
2024-11-16,POS SAINSBURYS CHICKEN,123.05,groceries,simulated_bank_transactions_uk
2023-09-04,bacs landlord rent,1520.75,housing,simulated_bank_transactions_uk
2023-07-06,FPS MORTGAGE PMT LANDLORD 275233,1369.12,housing,simulated_bank_transactions_uk
2023-06-29,RENT PAYMENT LETTING AGENT 342363,1503.59,housing,simulated_bank_transactions_uk
2023-07-23,Bacs Pos Morrisons Rice 269258,104.06,groceries,simulated_bank_transactions_uk
2024-08-01,restaurant costa food delivery,110.06,dining,simulated_bank_transactions_uk
2023-11-30,rent pmt letting agent 65758,1896.52,housing,simulated_bank_transactions_uk
2024-09-21,utility bill thames water 198286,240.14,utilities,simulated_bank_transactions_uk
2024-03-13,UTILITY BILL BRITISH GAS 822051,240.18,utilities,simulated_bank_transactions_uk
2024-08-22,POS PURCHASE HMRC MISC EXPENSE 469877,99.62,other,simulated_bank_transactions_uk
2024-07-20,Card Pmt Morrisons Vegetables,47.57,groceries,simulated_bank_transactions_uk
2024-10-30,direct/debit/apple.com/bill,10.83,subscriptions,simulated_bank_transactions_uk
2024-07-07,transport uber train ticket 909415,119.03,transportation,simulated_bank_transactions_uk
2024-03-03,Bill Pmt Vodafone,97.77,utilities,simulated_bank_transactions_uk
2024-04-19,Contactless/Morrisons/Rice 80316,109.54,groceries,simulated_bank_transactions_uk
2023-10-24,RENT PMT LANDLORD,1731.54,housing,simulated_bank_transactions_uk
2023-09-17,Direct Debit Direct Debit Ee,87.43,utilities,simulated_bank_transactions_uk
2023-07-04,subscription/netflix 5648,30.38,subscriptions,simulated_bank_transactions_uk
2024-08-19,CARD PMT UBER EATS FOOD DELIVERY,124.26,dining,simulated_bank_transactions_uk
2023-06-28,FOOD DELIVERY KFC RESTAURANT 91792,30.46,dining,simulated_bank_transactions_uk
2023-12-06,Card*Payment*Uber*Eats*Restaurant,26.83,dining,simulated_bank_transactions_uk
2023-04-26,BILL/PAYMENT/VODAFONE,230.35,utilities,simulated_bank_transactions_uk
2023-05-22,DIRECT DEBIT UTILITY BILL O2,209.85,utilities,simulated_bank_transactions_uk
2023-05-14,Card*Payment*Gym*Group 64276,23.16,subscriptions,simulated_bank_transactions_uk
2023-04-11,Direct Debit British Gas 684,195.6,utilities,simulated_bank_transactions_uk
2023-02-25,sto utility bill bt,203.93,utilities,simulated_bank_transactions_uk
2023-09-29,SO DIRECT DEBIT GYM GROUP,35.92,subscriptions,simulated_bank_transactions_uk
2024-12-03,pos*card*pmt*argos*misc*expense 295202,92.17,other,simulated_bank_transactions_uk
2024-08-05,Card Payment Uber Eats Food Delivery 55577,77.01,dining,simulated_bank_transactions_uk
2024-12-10,card pmt starbucks fast food,103.49,dining,simulated_bank_transactions_uk
2023-08-31,mortgage pmt mortgage 556378,1100.31,housing,simulated_bank_transactions_uk
2023-02-11,rent payment rent,1718.17,housing,simulated_bank_transactions_uk
2024-02-02,Direct-Debit-Scottishpower 118580,96.46,utilities,simulated_bank_transactions_uk
2024-08-10,Bacs Landlord Rent 422337,1797.26,housing,simulated_bank_transactions_uk
2023-12-22,FUEL SHELL UBER RIDE 871493,70.65,transportation,simulated_bank_transactions_uk
2024-08-07,Pos Purchase Boots Online Purchase 884184,143.25,other,simulated_bank_transactions_uk
2023-06-02,Online Purchase Superdrug Online Purchas,6.36,other,simulated_bank_transactions_uk
2024-08-23,Bacs/Mortgage/Rent 828896,1621.67,housing,simulated_bank_transactions_uk
2023-07-23,Rent/Pmt/Rent 116334,729.47,housing,simulated_bank_transactions_uk
2024-06-07,FOOD DELIVERY COSTA FAST FOOD 33499,99.1,dining,simulated_bank_transactions_uk
2023-01-06,Utility Bill Bt,73.19,utilities,simulated_bank_transactions_uk
2024-12-04,DIRECT DEBIT DISNEY+,7.89,subscriptions,simulated_bank_transactions_uk
2023-05-29,BACS/DIRECT/DEBIT/GYM/GROUP 91,38.86,subscriptions,simulated_bank_transactions_uk
2023-06-05,Card-Pmt-Deliveroo-Restaurant,96.09,dining,simulated_bank_transactions_uk
2024-12-04,Pos-Waitrose-Bread 463396,26.14,groceries,simulated_bank_transactions_uk
2023-05-23,Bacs Bacs Landlord Rent 495762,1653.72,housing,simulated_bank_transactions_uk
2024-11-20,CARD PAYMENT LIDL MILK 195741,92.06,groceries,simulated_bank_transactions_uk
2024-02-17,bacs card payment morrisons milk 610347,19.57,groceries,simulated_bank_transactions_uk
2023-02-12,CARD PMT LIDL BREAD 386045,137.25,groceries,simulated_bank_transactions_uk
2024-04-02,Fps Card Payment Iceland Chicken 877539,109.09,groceries,simulated_bank_transactions_uk
2024-03-24,BILL PAYMENT SKY,233.62,utilities,simulated_bank_transactions_uk
2023-08-08,Utility Bill Ee 112033,194.29,utilities,simulated_bank_transactions_uk
2024-03-17,Pos-Sainsburys-Eggs,87.07,groceries,simulated_bank_transactions_uk
2023-01-14,RESTAURANT COSTA FAST FOOD 78966,33.64,dining,simulated_bank_transactions_uk
2023-11-05,Visa Bacs Mortgage Rent 949642,1827.62,housing,simulated_bank_transactions_uk
2023-10-16,Online Purchase Amazon Online Purchase,25.0,other,simulated_bank_transactions_uk
2024-07-25,BILL PMT OCTOPUS ENERGY 9204,35.0,utilities,simulated_bank_transactions_uk
2023-12-12,Mortgage Payment Landlord 869484,796.86,housing,simulated_bank_transactions_uk
2023-12-01,Card Payment Nhs Online Purchase 880316,87.74,other,simulated_bank_transactions_uk
2023-01-18,Direct Debit British Gas,112.63,utilities,simulated_bank_transactions_uk
2024-01-11,Card Pmt Boots Online Purchase 156768,105.99,other,simulated_bank_transactions_uk
2023-03-09,TRANSPORT TRAINLINE FUEL 693891,126.43,transportation,simulated_bank_transactions_uk
2023-08-08,card pmt ebay online purchase 989418,121.39,other,simulated_bank_transactions_uk
2024-05-23,Visa Bacs Letting Agent Rent,1572.38,housing,simulated_bank_transactions_uk
2023-08-23,CARD-PMT-EBAY-ONLINE-PURCHASE 736778,117.13,other,simulated_bank_transactions_uk
2023-07-15,card pmt mcdonalds restaurant,23.86,dining,simulated_bank_transactions_uk
2024-07-06,POS RESTAURANT STARBUCKS FAST FOOD,83.81,dining,simulated_bank_transactions_uk
2023-05-14,Direct Debit Transport Shell Fuel 224550,48.12,transportation,simulated_bank_transactions_uk
2023-06-09,DIRECT DEBIT SKY,46.49,utilities,simulated_bank_transactions_uk
2023-02-25,contactless sainsburys bread 508018,148.54,groceries,simulated_bank_transactions_uk
2023-06-15,food/delivery/uber/eats/restaurant,56.19,dining,simulated_bank_transactions_uk
2023-10-12,food delivery costa restaurant 281457,84.96,dining,simulated_bank_transactions_uk
2023-03-04,sto*contactless*waitrose*bread 378750,91.06,groceries,simulated_bank_transactions_uk
2023-03-29,Card Payment Costa Food Delive,109.07,dining,simulated_bank_transactions_uk
2023-01-23,mastercard card pmt uber eats fast food 731366,129.71,dining,simulated_bank_transactions_uk
2023-10-16,visa food delivery pret restau,22.11,dining,simulated_bank_transactions_uk
2023-11-24,card payment puregym 418564,8.75,subscriptions,simulated_bank_transactions_uk
2024-12-01,transport bp train ticket 364152,124.68,transportation,simulated_bank_transactions_uk
2023-10-20,fps bacs rent rent 536321,1594.46,housing,simulated_bank_transactions_uk
2023-01-18,MASTERCARD CARD PAYMENT TESCO BREAD 983044,11.62,groceries,simulated_bank_transactions_uk
2024-05-23,Card Payment Disney+ 410127,19.19,subscriptions,simulated_bank_transactions_uk
2023-11-12,Direct-Debit-Disney+,19.81,subscriptions,simulated_bank_transactions_uk
2023-12-23,Direct Debit Spotify 199683,25.65,subscriptions,simulated_bank_transactions_uk
2023-06-26,pos card pmt national rail bus pass 905834,65.5,transportation,simulated_bank_transactions_uk
2023-09-15,UTILITY BILL OCTOPUS ENERGY 251043,53.41,utilities,simulated_bank_transactions_uk
2023-02-15,card pmt greggs fast food 151443,3.4,dining,simulated_bank_transactions_uk
2024-06-10,Card Payment Google *services,32.9,subscriptions,simulated_bank_transactions_uk
2024-02-27,Contactless Waitrose Milk 310731,33.46,groceries,simulated_bank_transactions_uk
2023-04-03,direct debit disney+ 715096,18.95,subscriptions,simulated_bank_transactions_uk
2023-02-13,DIRECT DEBIT CARD PAYMENT NANDO'S RESTAURANT 252007,65.3,dining,simulated_bank_transactions_uk
2024-11-17,SUBSCRIPTION NETFLIX 187772,33.43,subscriptions,simulated_bank_transactions_uk
2024-08-29,Fuel Bp Fuel,18.79,transportation,simulated_bank_transactions_uk
2023-12-17,POS/ASDA/VEGETABLES,18.9,groceries,simulated_bank_transactions_uk
2023-02-13,Bacs Landlord Rent,873.68,housing,simulated_bank_transactions_uk
2023-02-25,Restaurant Uber Eats Fast Food,17.94,dining,simulated_bank_transactions_uk
2023-03-23,RESTAURANT JUST EAT FOOD DELIVERY 993293,36.69,dining,simulated_bank_transactions_uk
2024-06-27,pos asda eggs,56.08,groceries,simulated_bank_transactions_uk
2024-02-15,CARD PAYMENT TRAINLINE FUEL 284070,47.13,transportation,simulated_bank_transactions_uk
2024-08-01,UTILITY BILL EE,35.45,utilities,simulated_bank_transactions_uk
2024-06-24,pos food delivery kfc restaurant 415909,54.29,dining,simulated_bank_transactions_uk
2024-09-02,Fps-Mortgage-Pmt-Letting-Agent,1584.77,housing,simulated_bank_transactions_uk
2023-05-04,Fuel Shell Fuel 131357,7.36,transportation,simulated_bank_transactions_uk
2023-07-25,Card Payment Netflix 846122,39.99,subscriptions,simulated_bank_transactions_uk
2024-03-26,direct-debit-apple.com/bill 773088,33.35,subscriptions,simulated_bank_transactions_uk
2024-03-23,TRANSPORT/ESSO/FUEL 35939,133.78,transportation,simulated_bank_transactions_uk
2024-08-22,Pos*Purchase*Amazon*Online*Purchase 950403,14.6,other,simulated_bank_transactions_uk
2023-05-22,Contactless Sainsburys Chicken,38.36,groceries,simulated_bank_transactions_uk
2023-09-30,pos bacs letting agent rent,680.61,housing,simulated_bank_transactions_uk
2023-11-15,CARD PMT PRET FAST FOOD,65.56,dining,simulated_bank_transactions_uk
2023-04-30,so transport uber uber ride,114.0,transportation,simulated_bank_transactions_uk
2024-11-13,Card Contactless Waitrose Rice,89.51,groceries,simulated_bank_transactions_uk
2023-02-08,CARD PMT GREGGS RESTAURANT 922780,137.35,dining,simulated_bank_transactions_uk
2024-08-22,Pos Waitrose Vegetables 352575,99.3,groceries,simulated_bank_transactions_uk
2024-12-17,BILL*PMT*SCOTTISHPOWER,153.84,utilities,simulated_bank_transactions_uk
2023-11-19,Online Purchase Amazon Misc Expense 246528,87.4,other,simulated_bank_transactions_uk
2023-09-19,Direct Debit Severn Trent,67.87,utilities,simulated_bank_transactions_uk
2023-11-01,Direct Debit Apple.com/bill,33.27,subscriptions,simulated_bank_transactions_uk
2024-09-12,Bacs-Rent-Rent 972555,1153.0,housing,simulated_bank_transactions_uk
2023-07-23,Subscription Google *services,27.68,subscriptions,simulated_bank_transactions_uk
2023-05-04,Bacs Card Payment Uber Eats Food Delivery 626740,67.54,dining,simulated_bank_transactions_uk
2024-07-23,Contactless Card Payment Amazon Misc Expense 660707,59.19,other,simulated_bank_transactions_uk
2023-04-12,Mastercard Bacs Mortgage Rent 455445,1871.31,housing,simulated_bank_transactions_uk
2024-05-11,BILL PAYMENT EE 308116,239.56,utilities,simulated_bank_transactions_uk
2023-08-27,restaurant greggs food delivery 562501,42.13,dining,simulated_bank_transactions_uk
2024-03-23,CARD PMT SUPERDRUG ONLINE PURCHASE 149865,115.04,other,simulated_bank_transactions_uk
2024-11-16,bill/payment/vodafone 731522,242.75,utilities,simulated_bank_transactions_uk
2023-04-27,SO CARD PAYMENT GOOGLE *SERVICES 854989,24.9,subscriptions,simulated_bank_transactions_uk
2023-09-28,mastercard card pmt disney+ 115136,7.34,subscriptions,simulated_bank_transactions_uk
2023-05-23,BILL PAYMENT BRITISH GAS 505393,240.27,utilities,simulated_bank_transactions_uk
2024-06-11,Contactless Iceland Bread 42806,71.69,groceries,simulated_bank_transactions_uk
2023-04-19,fps-card-payment-kfc-food-delivery 395005,127.1,dining,simulated_bank_transactions_uk
2023-06-12,card pmt aldi rice,11.07,groceries,simulated_bank_transactions_uk
2023-09-23,SO MORTGAGE PMT LANDLORD,1524.62,housing,simulated_bank_transactions_uk
2023-03-27,Card Payment Lidl Chicken,141.73,groceries,simulated_bank_transactions_uk
2024-08-08,utility bill bt,195.2,utilities,simulated_bank_transactions_uk
2024-08-21,visa-direct-debit-apple.com/bill,39.76,subscriptions,simulated_bank_transactions_uk
2023-03-27,Restaurant-Greggs-Restaurant 884950,134.92,dining,simulated_bank_transactions_uk
2024-07-04,food*delivery*deliveroo*restaurant 707292,110.45,dining,simulated_bank_transactions_uk
2024-11-08,direct/debit/gym/group 156205,15.14,subscriptions,simulated_bank_transactions_uk
2024-07-13,Card Card Pmt Spotify 457358,34.8,subscriptions,simulated_bank_transactions_uk
2023-05-22,Restaurant Starbucks Fast Food 938561,47.7,dining,simulated_bank_transactions_uk
2023-12-31,Bill Payment Vodafone 457370,223.64,utilities,simulated_bank_transactions_uk
2024-03-26,Subscription Puregym 393972,13.16,subscriptions,simulated_bank_transactions_uk
2023-06-26,Card Payment Gym Group,5.4,subscriptions,simulated_bank_transactions_uk
2023-02-17,Contactless Tesco Milk 865952,41.15,groceries,simulated_bank_transactions_uk
2024-11-13,Card Pmt Greggs Fast Food,50.07,dining,simulated_bank_transactions_uk
2024-01-25,contactless waitrose brea,126.79,groceries,simulated_bank_transactions_uk
2024-10-25,Bacs-Direct-Debit-Google-*services,19.11,subscriptions,simulated_bank_transactions_uk
2024-05-26,Mortgage Pmt Letting Agent 874931,1315.26,housing,simulated_bank_transactions_uk
2024-03-09,Rent Payment Mortgage 949628,1439.86,housing,simulated_bank_transactions_uk
2024-02-06,Card Pmt Netflix 974640,30.42,subscriptions,simulated_bank_transactions_uk
2024-10-12,card payment disney+,21.7,subscriptions,simulated_bank_transactions_uk
2023-12-30,POS ALDI EGGS 640765,9.34,groceries,simulated_bank_transactions_uk
2024-08-17,Direct/Debit/Sky 808690,203.9,utilities,simulated_bank_transactions_uk
2023-02-15,Fps Card Pmt Greggs Restaurant 373126,55.13,dining,simulated_bank_transactions_uk
2023-07-01,FPS RESTAURANT DELIVEROO FOOD DELIVERY 68769,97.42,dining,simulated_bank_transactions_uk
2024-12-08,CARD PMT STARBUCKS FAST FOOD 183032,102.11,dining,simulated_bank_transactions_uk
2023-12-29,STO DIRECT DEBIT DISNEY+ 65989,30.3,subscriptions,simulated_bank_transactions_uk
2024-11-05,POS ASDA RICE 791851,88.41,groceries,simulated_bank_transactions_uk
2024-09-11,FPS*BACS*LETTING*AGENT*RENT 751894,1496.0,housing,simulated_bank_transactions_uk
2024-09-16,VISA FOOD DELIVERY GREGGS FOOD DELIVERY 370579,97.03,dining,simulated_bank_transactions_uk
2023-09-29,CARD PAYMENT UBER EATS FAST FOOD 2766,83.38,dining,simulated_bank_transactions_uk
2023-11-16,Card Payment Spotify 960282,20.86,subscriptions,simulated_bank_transactions_uk
2023-12-13,DIRECT/DEBIT/SEVERN/TRENT 950937,63.65,utilities,simulated_bank_transactions_uk
2023-12-31,Card Pmt Tesco Rice 228376,23.92,groceries,simulated_bank_transactions_uk
2024-07-09,subscription apple.com/bill,19.23,subscriptions,simulated_bank_transactions_uk
2023-08-16,card pmt disney+ 577604,38.87,subscriptions,simulated_bank_transactions_uk
2024-05-28,Card Transport Shell Fuel 8,81.31,transportation,simulated_bank_transactions_uk
2023-09-22,direct debit bt 208479,60.24,utilities,simulated_bank_transactions_uk
2024-06-23,Food Delivery Deliveroo Fast Food 738099,25.25,dining,simulated_bank_transactions_uk
2024-03-11,Card Pmt Deliveroo Food Delivery 929045,87.64,dining,simulated_bank_transactions_uk
2023-04-02,Contactless Aldi Chicken 532025,125.45,groceries,simulated_bank_transactions_uk
2023-04-26,CARD*PMT*BOLT*UBER*RIDE 915344,34.52,transportation,simulated_bank_transactions_uk
2024-09-06,Card Pmt Disney+ 786748,28.14,subscriptions,simulated_bank_transactions_uk
2024-02-22,SO MORTGAGE PAYMENT LETTING AGENT 739580,1822.39,housing,simulated_bank_transactions_uk
2024-02-22,CONTACTLESS POS ICELAND BREAD 971874,34.36,groceries,simulated_bank_transactions_uk
2023-09-12,card payment waitrose eggs 83782,30.43,groceries,simulated_bank_transactions_uk
2024-06-07,POS-WAITROSE-EGGS 388321,50.22,groceries,simulated_bank_transactions_uk
2024-12-18,Pos Lidl Rice,51.87,groceries,simulated_bank_transactions_uk
2023-10-13,fps card payment iceland bread,55.97,groceries,simulated_bank_transactions_uk
2023-09-26,Card Payment Amazon Misc Expense,75.85,other,simulated_bank_transactions_uk
2023-11-22,Pos Lidl Chicken 924937,17.31,groceries,simulated_bank_transactions_uk
2023-10-08,So/Mortgage/Payment/Landlord,1575.82,housing,simulated_bank_transactions_uk
2023-03-06,POS ALDI CHICKEN 727098,64.21,groceries,simulated_bank_transactions_uk
2023-03-08,card-payment-starbucks-food-delivery 569837,74.18,dining,simulated_bank_transactions_uk
2024-08-31,So Pos Purchase Boots Online Purchase,105.93,other,simulated_bank_transactions_uk
2024-07-13,Direct Debit Spotify 956580,27.07,subscriptions,simulated_bank_transactions_uk
2024-07-18,Subscription-Gym-Group,19.02,subscriptions,simulated_bank_transactions_uk
2024-02-28,Bill-Pmt-O2 333214,127.43,utilities,simulated_bank_transactions_uk
2024-09-29,Bacs Direct Debit Netflix 920315,34.39,subscriptions,simulated_bank_transactions_uk
2024-07-13,Bill-Payment-Ee,238.38,utilities,simulated_bank_transactions_uk
2024-09-24,mastercard restaurant mcdonalds food delivery,100.49,dining,simulated_bank_transactions_uk
2024-08-18,online purchase superdrug online purchase,105.74,other,simulated_bank_transactions_uk
2024-03-26,Card Payment Deliveroo Food Delivery,93.93,dining,simulated_bank_transactions_uk
2024-12-06,Contactless/Card/Pmt/Bolt/Fuel 970262,86.38,transportation,simulated_bank_transactions_uk
2024-08-25,Online Purchase Argos Online Purchase 364382,51.12,other,simulated_bank_transactions_uk
2023-02-20,So Card Payment Trainline Bus Pass,121.13,transportation,simulated_bank_transactions_uk
2024-09-05,CARD CONTACTLESS ALDI MILK 530435,93.21,groceries,simulated_bank_transactions_uk
2024-05-04,Rent Pmt Landlord 56,1562.43,housing,simulated_bank_transactions_uk
2024-01-26,CARD PMT UBER TRAIN TICKET 683158,105.46,transportation,simulated_bank_transactions_uk
2023-03-22,mortgage*payment*mortgage,698.54,housing,simulated_bank_transactions_uk
2023-08-21,fps restaurant pret food delivery,110.05,dining,simulated_bank_transactions_uk
2023-11-18,card-pmt-amazon-misc-expense,33.45,other,simulated_bank_transactions_uk
2023-04-13,direct*debit*vodafone 722482,172.48,utilities,simulated_bank_transactions_uk
2023-02-27,Subscription Disney+,18.03,subscriptions,simulated_bank_transactions_uk
2023-01-26,Card Card Pmt Mcdonalds Fast Food 206813,4.13,dining,simulated_bank_transactions_uk
2023-05-20,Direct Debit Puregym 613365,15.54,subscriptions,simulated_bank_transactions_uk
2023-10-28,Fuel Bolt Bus Pass,29.3,transportation,simulated_bank_transactions_uk
2023-10-08,card card payment just eat fast food 558965,103.31,dining,simulated_bank_transactions_uk
2024-02-25,online*purchase*ebay*misc*expen,66.41,other,simulated_bank_transactions_uk
2023-09-26,Contactless Morrisons Eggs 66293,119.01,groceries,simulated_bank_transactions_uk
2023-11-19,Bill*Pmt*Severn*Trent 398184,234.91,utilities,simulated_bank_transactions_uk
2024-03-29,sto food delivery starbucks fast food 902410,75.03,dining,simulated_bank_transactions_uk
2023-11-12,DIRECT DEBIT CARD PAYMENT UBER UBER RIDE 198140,86.97,transportation,simulated_bank_transactions_uk
2023-07-16,contactless online purchase amazon misc expense,144.82,other,simulated_bank_transactions_uk
2023-09-06,fps online purchase hmrc online purchase,65.5,other,simulated_bank_transactions_uk
2024-02-19,CARD PAYMENT NHS MISC EXPENSE,40.94,other,simulated_bank_transactions_uk
2023-07-08,restaurant starbucks restaurant,128.58,dining,simulated_bank_transactions_uk
2023-10-24,CARD PAYMENT CURRYS MISC EXPENSE 682686,52.47,other,simulated_bank_transactions_uk
2023-12-09,contactless tesco milk,61.28,groceries,simulated_bank_transactions_uk
2023-01-10,card payment google *services 871676,37.39,subscriptions,simulated_bank_transactions_uk
2023-06-29,RENT PMT LANDLORD 168568,861.43,housing,simulated_bank_transactions_uk
2024-04-07,POS BILL PMT VODAFONE 966877,197.65,utilities,simulated_bank_transactions_uk
2024-04-30,card pmt pret fast food,105.01,dining,simulated_bank_transactions_uk
2023-11-20,CONTACTLESS/FUEL/TFL/FUEL 823,22.75,transportation,simulated_bank_transactions_uk
2023-07-01,Direct Debit Direct Debit Google *services 336127,8.63,subscriptions,simulated_bank_transactions_uk
2024-05-30,TRANSPORT*TFL*UBER*RIDE 498007,16.57,transportation,simulated_bank_transactions_uk
2024-06-13,Sto-Card-Pmt-Superdrug-Misc-Expense 26703,81.41,other,simulated_bank_transactions_uk
2024-07-03,visa mortgage payment rent 289199,608.57,housing,simulated_bank_transactions_uk
2024-06-12,Pos Waitrose Milk 810172,72.76,groceries,simulated_bank_transactions_uk
2024-07-26,food delivery starbucks fast food,107.51,dining,simulated_bank_transactions_uk
2024-09-01,UTILITY BILL SCOTTISHPOWER 388587,68.04,utilities,simulated_bank_transactions_uk
2023-01-14,FUEL UBER FUEL 48570,139.82,transportation,simulated_bank_transactions_uk
2024-02-23,Pos Pos Purchase Argos Misc Expense 329139,68.58,other,simulated_bank_transactions_uk
2024-10-15,online/purchase/ebay/misc/expense 218644,128.35,other,simulated_bank_transactions_uk
2023-04-24,Contactless Online Purchase Superdrug Misc Expense 626140,14.19,other,simulated_bank_transactions_uk
2024-05-05,BILL-PMT-THAMES-WATER,85.27,utilities,simulated_bank_transactions_uk
2024-12-14,Fuel*Bp*Train*Ticket 608060,66.22,transportation,simulated_bank_transactions_uk
2023-02-19,Subscription Gym Group 850818,31.34,subscriptions,simulated_bank_transactions_uk
2024-10-12,sto card payment kfc food delivery 641241,54.5,dining,simulated_bank_transactions_uk
2023-06-29,VISA*DIRECT*DEBIT*SKY,238.56,utilities,simulated_bank_transactions_uk
2024-07-24,Card Payment Bolt Train Ticket,21.14,transportation,simulated_bank_transactions_uk
2024-01-06,BACS MORTGAGE RENT 510116,1830.11,housing,simulated_bank_transactions_uk
2024-11-23,visa/online/purchase/amazon/misc/expense,9.93,other,simulated_bank_transactions_uk
2024-01-12,Restaurant Deliveroo Fast Food 693299,47.91,dining,simulated_bank_transactions_uk
2023-05-30,Transport Bp Fuel 6,52.77,transportation,simulated_bank_transactions_uk
2023-03-20,Card Payment Hmrc Online Purchase,127.29,other,simulated_bank_transactions_uk
2023-06-07,pos sainsburys bread 571738,141.84,groceries,simulated_bank_transactions_uk
2024-05-18,Mortgage Payment Mortgage 165398,1352.17,housing,simulated_bank_transactions_uk
2024-02-12,bacs rent rent 557974,1861.64,housing,simulated_bank_transactions_uk
2023-10-28,ONLINE PURCHASE AMAZON ONLINE PURCHASE,38.71,other,simulated_bank_transactions_uk
2024-07-22,Bacs*Mortgage*Payment*Rent,642.99,housing,simulated_bank_transactions_uk
2024-05-01,POS DIRECT DEBIT DISNEY+ 443873,33.69,subscriptions,simulated_bank_transactions_uk
2023-03-04,Card Payment Bp Uber Ride 717965,99.29,transportation,simulated_bank_transactions_uk
2024-02-01,ONLINE PURCHASE AMAZON ONLINE PURCHASE 182380,92.19,other,simulated_bank_transactions_uk
2023-07-19,BILL PAYMENT SKY,187.25,utilities,simulated_bank_transactions_uk
2023-08-24,Card Payment Tesco Rice,92.51,groceries,simulated_bank_transactions_uk
2023-08-23,TRANSPORT ESSO TRAIN TICKET,42.21,transportation,simulated_bank_transactions_uk
2023-01-13,Transport Bp Train Ticket 206933,132.52,transportation,simulated_bank_transactions_uk
2023-04-17,Contactless*Iceland*Vegetables 14,118.81,groceries,simulated_bank_transactions_uk
2024-04-30,direct debit netflix,18.87,subscriptions,simulated_bank_transactions_uk
2024-03-11,DIRECT DEBIT PUREGYM 536820,7.34,subscriptions,simulated_bank_transactions_uk
2023-09-18,card payment bp train ticket 351329,43.99,transportation,simulated_bank_transactions_uk
2024-06-28,card*mortgage*pmt*mortgage 754524,1198.5,housing,simulated_bank_transactions_uk
2024-09-26,BILL-PAYMENT-BT 542866,134.52,utilities,simulated_bank_transactions_uk
2023-01-16,utility bill scottishpower 843514,151.54,utilities,simulated_bank_transactions_uk
2023-05-31,Rent Payment Mortgage 442731,1434.06,housing,simulated_bank_transactions_uk
2023-09-19,direct debit direct debit gym group 55322,22.94,subscriptions,simulated_bank_transactions_uk
2024-08-04,CARD/PMT/BOOTS/MISC/EXPENSE 505407,121.17,other,simulated_bank_transactions_uk
2023-06-08,MASTERCARD SUBSCRIPTION GOOGLE *SERVICES,23.47,subscriptions,simulated_bank_transactions_uk
2023-11-19,Sto Online Purchase Amazon Online Pu,47.99,other,simulated_bank_transactions_uk
2024-05-05,Restaurant Nando's Food Delivery 989563,106.35,dining,simulated_bank_transactions_uk
2024-11-28,So Pos Lidl Eggs 771905,126.44,groceries,simulated_bank_transactions_uk
2023-04-02,UTILITY BILL THAMES WATER 749770,38.01,utilities,simulated_bank_transactions_uk
2023-06-29,POS ONLINE PURCHASE NHS MISC EXPENSE 861837,107.44,other,simulated_bank_transactions_uk
2024-07-24,FPS FUEL BP TRAIN TICKET 788488,135.97,transportation,simulated_bank_transactions_uk
2023-08-30,CONTACTLESS MORTGAGE PAYMENT RENT,827.83,housing,simulated_bank_transactions_uk
2024-10-23,Direct-Debit-E.on,54.8,utilities,simulated_bank_transactions_uk
2023-06-10,Mortgage Payment Mortgage 336419,1887.93,housing,simulated_bank_transactions_uk
2024-06-11,DIRECT*DEBIT*APPLE.COM/BILL 534039,23.1,subscriptions,simulated_bank_transactions_uk
2023-08-06,pos waitrose vegetables 332798,87.98,groceries,simulated_bank_transactions_uk
2023-01-16,Direct Debit E.on 828707,209.57,utilities,simulated_bank_transactions_uk
2023-03-06,DIRECT DEBIT E.ON,30.46,utilities,simulated_bank_transactions_uk
2023-02-16,bacs landlord rent 813161,1131.16,housing,simulated_bank_transactions_uk
2024-09-03,contactless lidl chicken 995783,126.67,groceries,simulated_bank_transactions_uk
2024-07-14,BACS MORTGAGE RENT,770.38,housing,simulated_bank_transactions_uk
2024-01-28,Card Pmt Asda Eggs,30.83,groceries,simulated_bank_transactions_uk
2023-08-29,visa online purchase currys online purchase,45.45,other,simulated_bank_transactions_uk
2024-10-18,SUBSCRIPTION/NETFLIX,27.75,subscriptions,simulated_bank_transactions_uk
2023-02-18,card pos aldi chicken,78.02,groceries,simulated_bank_transactions_uk
2024-07-17,CARD-PMT-AMAZON-MISC-EXPENSE 601809,43.63,other,simulated_bank_transactions_uk
2024-08-25,Direct Debit Bacs Letting Agent Rent 155546,1033.06,housing,simulated_bank_transactions_uk
2023-07-23,CARD PAYMENT UBER UBER RIDE 29129,8.13,transportation,simulated_bank_transactions_uk
2023-07-06,pos mortgage payment rent 339352,1652.24,housing,simulated_bank_transactions_uk
2023-10-13,CARD PAYMENT ALDI EGGS,123.15,groceries,simulated_bank_transactions_uk
2023-03-18,TRANSPORT/NATIONAL/RAIL/FUEL 693067,67.32,transportation,simulated_bank_transactions_uk
2023-02-17,Card Pmt Shell Uber Ride 487958,135.73,transportation,simulated_bank_transactions_uk
2024-11-15,visa card pmt deliveroo fast food,145.95,dining,simulated_bank_transactions_uk
2023-03-17,CARD PMT STARBUCKS FAST FOOD,42.49,dining,simulated_bank_transactions_uk
2024-01-15,POS LIDL VEGETABLES,60.77,groceries,simulated_bank_transactions_uk
2024-12-21,Transport Esso Uber Ride 463347,107.22,transportation,simulated_bank_transactions_uk
2023-01-02,Pos Pos Purchase Nhs Online Purchase,148.06,other,simulated_bank_transactions_uk
2023-04-13,ONLINE PURCHASE EBAY MISC EXPENSE,82.62,other,simulated_bank_transactions_uk
2024-08-28,Food Delivery Kfc Food Delivery 420189,123.24,dining,simulated_bank_transactions_uk
2024-09-21,transport-tfl-fuel 974622,9.17,transportation,simulated_bank_transactions_uk
2023-07-19,Pos/Iceland/Eggs 680057,116.63,groceries,simulated_bank_transactions_uk
2023-10-29,Card*Payment*Kfc*Fast*Food,83.59,dining,simulated_bank_transactions_uk
2024-08-01,card payment gym group 8426,30.4,subscriptions,simulated_bank_transactions_uk
2023-01-16,subscription netflix 931930,26.24,subscriptions,simulated_bank_transactions_uk
2024-06-16,Subscription Puregym 942070,24.53,subscriptions,simulated_bank_transactions_uk
2024-11-07,RENT PAYMENT MORTGAGE,1993.01,housing,simulated_bank_transactions_uk
2023-02-01,so bacs mortgage rent,701.71,housing,simulated_bank_transactions_uk
2024-04-09,CARD PMT ESSO FUEL 499838,29.55,transportation,simulated_bank_transactions_uk
2024-01-22,Contactless*Card*Pmt*Ebay*Online*Purchase 68,86.69,other,simulated_bank_transactions_uk
2023-05-10,contactless iceland vegetables 639276,90.42,groceries,simulated_bank_transactions_uk
2024-12-19,contactless sainsburys milk,22.51,groceries,simulated_bank_transactions_uk
2024-10-08,card/pmt/hmrc/misc/expense,69.82,other,simulated_bank_transactions_uk
2024-01-25,DIRECT DEBIT SPOTIFY 6808,35.54,subscriptions,simulated_bank_transactions_uk
2024-07-20,CARD PAYMENT TESCO EGGS,146.73,groceries,simulated_bank_transactions_uk
2024-08-08,Online Purchase Ebay Online Purchase 288193,114.87,other,simulated_bank_transactions_uk
2024-04-17,CARD PMT SHELL TRAIN TICKET 482421,141.29,transportation,simulated_bank_transactions_uk
2023-05-01,CONTACTLESS TRANSPORT TFL BUS P,78.04,transportation,simulated_bank_transactions_uk
2024-12-24,food-delivery-starbucks-fast-food 674603,70.17,dining,simulated_bank_transactions_uk
2024-05-14,Card Pmt Morrisons Vegetables 316475,112.95,groceries,simulated_bank_transactions_uk
2023-03-18,card/payment/tfl/fuel 58163,91.51,transportation,simulated_bank_transactions_uk
2024-10-22,Fps Card Payment Aldi Chicken,101.93,groceries,simulated_bank_transactions_uk
2024-08-29,visa subscription google *services,26.3,subscriptions,simulated_bank_transactions_uk
2023-07-01,CARD PMT UBER EATS RESTAURANT 607896,67.05,dining,simulated_bank_transactions_uk
2024-06-08,visa utility bill bt 418416,135.06,utilities,simulated_bank_transactions_uk
2023-09-28,subscription netflix 126435,33.39,subscriptions,simulated_bank_transactions_uk
2024-07-20,MORTGAGE PMT MORTGAGE,784.65,housing,simulated_bank_transactions_uk
2023-02-16,FUEL BP BUS PASS 156943,57.81,transportation,simulated_bank_transactions_uk
2023-05-10,transport uber fuel,117.59,transportation,simulated_bank_transactions_uk
2024-01-11,Card Payment Asda Chicken,23.81,groceries,simulated_bank_transactions_uk
2023-01-19,Card/Pmt/Starbucks/Restaurant 818201,107.42,dining,simulated_bank_transactions_uk
2024-12-22,Rent Pmt Mortgage 122279,1159.02,housing,simulated_bank_transactions_uk
2023-02-24,TRANSPORT UBER FUEL 344439,43.44,transportation,simulated_bank_transactions_uk
2023-05-20,Card-Card-Pmt-Just-Eat-Restaurant,34.06,dining,simulated_bank_transactions_uk
2024-05-30,fuel-trainline-fuel 176815,148.81,transportation,simulated_bank_transactions_uk
2023-10-14,utility bill scottishpower 565851,224.81,utilities,simulated_bank_transactions_uk
2024-06-16,pos/lidl/milk 609399,16.08,groceries,simulated_bank_transactions_uk
2024-04-08,mortgage pmt rent 27,966.54,housing,simulated_bank_transactions_uk
2024-02-03,Utility-Bill-Sky,122.33,utilities,simulated_bank_transactions_uk
2023-12-26,Card Payment Spotify,7.31,subscriptions,simulated_bank_transactions_uk
2023-04-04,CARD PMT NETFLIX,38.21,subscriptions,simulated_bank_transactions_uk
2023-01-02,Card Payment Aldi Chicken 108821,57.65,groceries,simulated_bank_transactions_uk
2023-04-22,CARD PAYMENT PUREGYM 908470,36.01,subscriptions,simulated_bank_transactions_uk
2024-03-13,POS PURCHASE AMAZON ONLINE PURCHASE 679987,49.3,other,simulated_bank_transactions_uk
2024-01-07,VISA CONTACTLESS WAITROSE VEGETABLES 783672,132.38,groceries,simulated_bank_transactions_uk
2023-07-24,direct debit vodafone,155.29,utilities,simulated_bank_transactions_uk
2024-03-16,Contactless-Aldi-Milk 884748,70.97,groceries,simulated_bank_transactions_uk
2024-05-10,STO*SUBSCRIPTION*AMAZON*PRIME 276101,5.16,subscriptions,simulated_bank_transactions_uk
2024-08-10,transport national rail uber ride 344276,131.96,transportation,simulated_bank_transactions_uk
2023-12-02,Direct-Debit-Pos-Purchase-Argos-Misc-Expense 827109,85.58,other,simulated_bank_transactions_uk
2024-08-04,Direct*Debit*Bacs*Landlord*Rent 817501,1504.2,housing,simulated_bank_transactions_uk
2023-08-07,Subscription Google *services 261485,24.44,subscriptions,simulated_bank_transactions_uk
2024-09-01,Pos*Pos*Purchase*Currys*Misc*Expense 175939,53.66,other,simulated_bank_transactions_uk
2023-04-29,POS/FUEL/NATIONAL/RAIL/BUS/PASS 837428,143.61,transportation,simulated_bank_transactions_uk
2024-10-01,RESTAURANT/UBER/EATS/FOOD/DELIVERY,15.95,dining,simulated_bank_transactions_uk
2023-07-27,pos purchase amazon online purchase,146.68,other,simulated_bank_transactions_uk
2023-03-26,SO ONLINE PURCHASE ARGOS MISC EXPENSE 365169,122.21,other,simulated_bank_transactions_uk
2023-06-07,Utility*Bill*E.on,103.1,utilities,simulated_bank_transactions_uk
2023-07-07,fuel shell fuel 565649,35.6,transportation,simulated_bank_transactions_uk
2023-08-07,Card Payment Asda Rice,134.18,groceries,simulated_bank_transactions_uk
2024-06-20,Pos Card Payment Superdrug Misc Expense 26643,67.36,other,simulated_bank_transactions_uk
2023-06-05,Pos Purchase Currys Online Purchase 970799,52.6,other,simulated_bank_transactions_uk
2023-10-07,FPS FOOD DELIVERY STARBUCKS FOOD DELIVERY,11.89,dining,simulated_bank_transactions_uk
2023-07-18,Subscription Puregym 194264,20.02,subscriptions,simulated_bank_transactions_uk
2023-09-15,Subscription Spotify,30.12,subscriptions,simulated_bank_transactions_uk
2023-07-01,Card Pmt Shell Train Ticket,83.43,transportation,simulated_bank_transactions_uk
2024-10-07,Direct/Debit/Card/Payment/Bolt/Train/Ticket 568963,59.25,transportation,simulated_bank_transactions_uk
2023-05-22,Pos Purchase Currys Misc Expense 594260,62.67,other,simulated_bank_transactions_uk
2024-03-30,subscription gym group,6.86,subscriptions,simulated_bank_transactions_uk
2024-04-04,FUEL*BP*UBER*RIDE 555991,60.84,transportation,simulated_bank_transactions_uk
2024-02-11,Card Card Payment,17.75,subscriptions,simulated_bank_transactions_uk
2023-01-10,Bill Pmt E.on 683547,190.42,utilities,simulated_bank_transactions_uk
2023-11-29,Direct Debit Netflix 185766,16.67,subscriptions,simulated_bank_transactions_uk
2024-12-17,CONTACTLESS/TESCO/MILK 573835,75.53,groceries,simulated_bank_transactions_uk
2024-09-06,fuel tfl uber ride 297059,100.91,transportation,simulated_bank_transactions_uk
2023-03-27,bacs pos asda bread 586473,17.66,groceries,simulated_bank_transactions_uk
2024-02-02,FPS/CARD/PMT/ALDI/RICE 901604,117.5,groceries,simulated_bank_transactions_uk
2023-01-20,So Card Pmt Iceland C,147.98,groceries,simulated_bank_transactions_uk
2024-03-31,BILL*PAYMENT*BRITISH*GAS 512927,184.92,utilities,simulated_bank_transactions_uk
2023-06-22,SO BACS MORTGAGE RENT 851117,1583.78,housing,simulated_bank_transactions_uk
2023-08-28,Mastercard Mortgage Pmt Mortgage 130019,1469.38,housing,simulated_bank_transactions_uk
2023-03-27,CARD/PMT/BP/BUS/PASS 76671,105.7,transportation,simulated_bank_transactions_uk
2024-11-13,Mortgage Payment Rent 331001,1850.16,housing,simulated_bank_transactions_uk
2024-08-02,Direct*Debit*Ee 899666,99.02,utilities,simulated_bank_transactions_uk
2024-03-03,CARD PAYMENT BP UBER RIDE 594943,4.55,transportation,simulated_bank_transactions_uk
2023-04-24,CARD PAYMENT SUPERDRUG ONLINE PURCHASE 632207,14.6,other,simulated_bank_transactions_uk
2023-07-07,CARD CARD PAYMENT NATIONAL RAIL TRAIN TICKET 226788,129.84,transportation,simulated_bank_transactions_uk
2024-09-24,Transport Tfl Bus Pass,67.7,transportation,simulated_bank_transactions_uk
2023-02-14,Transport Bolt Uber Ride 908339,67.4,transportation,simulated_bank_transactions_uk
2024-03-29,Card-Pmt-Hmrc-Misc-Expense 730922,17.68,other,simulated_bank_transactions_uk
2024-07-17,Mortgage Payment Rent 217855,1249.17,housing,simulated_bank_transactions_uk
2024-08-27,card-payment-sainsburys-eggs,107.12,groceries,simulated_bank_transactions_uk
2024-11-13,Direct Debit Rent Pmt Mortgage,1878.84,housing,simulated_bank_transactions_uk
2024-02-07,bacs/online/purchase/currys/online/purchase 1126,10.08,other,simulated_bank_transactions_uk
2023-01-13,Fuel Trainline Train Ticket 248989,145.57,transportation,simulated_bank_transactions_uk
2023-02-02,bill payment scottishpower 211357,106.61,utilities,simulated_bank_transactions_uk
2023-10-19,UTILITY-BILL-OCTOPUS-ENERGY 149491,164.55,utilities,simulated_bank_transactions_uk
2024-10-03,contactless card payment iceland mil,82.79,groceries,simulated_bank_transactions_uk
2023-12-11,Subscription Netflix,39.67,subscriptions,simulated_bank_transactions_uk
2024-01-03,DIRECT DEBIT APPLE.COM/BILL,38.59,subscriptions,simulated_bank_transactions_uk
2024-12-03,mastercard transport tfl train ticket 17591,136.67,transportation,simulated_bank_transactions_uk
2023-03-14,DIRECT DEBIT DIRECT DEBIT SPOTIFY 170362,17.65,subscriptions,simulated_bank_transactions_uk
2024-05-13,CARD*PMT*ICELAND*MILK 695027,62.91,groceries,simulated_bank_transactions_uk
2024-08-07,subscription apple.com/bill 873021,5.67,subscriptions,simulated_bank_transactions_uk
2024-07-13,VISA CARD PAYMENT DELIVEROO FOOD DELIVERY 510788,11.64,dining,simulated_bank_transactions_uk
2023-09-27,card*pmt*pret*food*delivery,67.57,dining,simulated_bank_transactions_uk
2024-05-05,Sto Pos Aldi Vegetables 68556,134.63,groceries,simulated_bank_transactions_uk
2023-08-12,Card Pmt Google *services 659641,9.39,subscriptions,simulated_bank_transactions_uk
2024-08-17,MORTGAGE-PMT-RENT 471892,1004.57,housing,simulated_bank_transactions_uk
2024-02-07,RENT PMT LETTING AGENT 547001,628.72,housing,simulated_bank_transactions_uk
2023-06-10,RESTAURANT GREGGS FAST FOO,58.42,dining,simulated_bank_transactions_uk
2023-06-14,CARD*PAYMENT*UBER*BUS*PASS 182886,4.18,transportation,simulated_bank_transactions_uk
2023-08-06,MORTGAGE PAYMENT LETTING AGENT 196533,702.03,housing,simulated_bank_transactions_uk
2024-02-05,CARD PMT JUST EAT FAST FOOD 101888,40.5,dining,simulated_bank_transactions_uk
2023-07-08,utility bill o2 468257,148.19,utilities,simulated_bank_transactions_uk
2024-08-09,Subscription/Amazon/Prime,28.15,subscriptions,simulated_bank_transactions_uk
2023-12-05,Visa Mortgage Payment Letting Agent 292269,909.85,housing,simulated_bank_transactions_uk
2023-02-02,Pos Purchase Nhs Online Purchase 51056,13.25,other,simulated_bank_transactions_uk
2024-11-24,Subscription Google *services 869403,36.23,subscriptions,simulated_bank_transactions_uk
2024-10-14,Card Pmt Asda Eggs 453911,38.91,groceries,simulated_bank_transactions_uk
2023-09-06,Online/Purchase/Argos/Misc/Expense 901015,78.03,other,simulated_bank_transactions_uk
2023-04-30,So Pos Waitrose Bread 129120,133.3,groceries,simulated_bank_transactions_uk
2023-08-14,CARD PAYMENT TE,60.71,groceries,simulated_bank_transactions_uk
2023-01-07,card payment superdrug online purchase,93.59,other,simulated_bank_transactions_uk
2024-04-12,Bacs Transport Tfl Bus Pass 150233,143.78,transportation,simulated_bank_transactions_uk
2024-08-02,fuel trainline fuel,50.52,transportation,simulated_bank_transactions_uk
2024-08-30,ONLINE PURCHASE AMAZON ONLINE PURCHASE 982683,15.9,other,simulated_bank_transactions_uk
2023-08-25,MORTGAGE PAYMENT RENT 218327,1153.34,housing,simulated_bank_transactions_uk
2023-07-03,Card-Payment-Boots-Online-Purchase 446236,64.6,other,simulated_bank_transactions_uk
2023-05-25,ONLINE PURCHASE NHS ONLINE PURCHASE 499983,133.06,other,simulated_bank_transactions_uk
2023-07-11,CARD PMT GREGGS FAST FOOD 599710,55.0,dining,simulated_bank_transactions_uk
2024-04-19,card pmt tesco eggs 982902,70.91,groceries,simulated_bank_transactions_uk
2023-01-02,fps card payment lidl vegetables 996439,90.59,groceries,simulated_bank_transactions_uk
2023-12-19,restaurant just eat restau,16.35,dining,simulated_bank_transactions_uk
2024-07-17,ONLINE PURCHASE EBAY ONLINE PURCHASE 250291,36.17,other,simulated_bank_transactions_uk
2024-12-18,CARD PMT LIDL BREAD 79900,30.79,groceries,simulated_bank_transactions_uk
2024-11-07,Direct Debit Direct Debit Thames Water 459688,163.76,utilities,simulated_bank_transactions_uk
2023-05-08,contactless bill payment e.on 467861,230.28,utilities,simulated_bank_transactions_uk
2024-12-03,Card Pmt Puregym 295199,30.3,subscriptions,simulated_bank_transactions_uk
2023-04-25,card pmt shell uber ride 684574,66.76,transportation,simulated_bank_transactions_uk
2024-07-17,card pmt gym group 911349,18.0,subscriptions,simulated_bank_transactions_uk
2024-08-05,contactless subscription apple.com/bill 934311,35.83,subscriptions,simulated_bank_transactions_uk
2024-12-21,Mortgage Payment Letting Agent,1258.62,housing,simulated_bank_transactions_uk
2024-12-26,Bacs*Rent*Rent,1323.47,housing,simulated_bank_transactions_uk
2024-05-05,CARD PAYMENT ASDA EGGS,137.82,groceries,simulated_bank_transactions_uk
2024-07-14,SUBSCRIPTION PUREGYM 542358,12.56,subscriptions,simulated_bank_transactions_uk
2024-06-04,CARD PAYMENT DELIVEROO FOOD DELIVERY 356,141.56,dining,simulated_bank_transactions_uk
2023-10-10,CARD-PAYMENT-NETFLIX 268462,33.13,subscriptions,simulated_bank_transactions_uk
2024-11-04,TRANSPORT ESSO BUS PASS,130.34,transportation,simulated_bank_transactions_uk
2024-05-03,Contactless Asda Chicken 79845,23.3,groceries,simulated_bank_transactions_uk
2024-09-21,utility/bill/scottishpower 417835,151.26,utilities,simulated_bank_transactions_uk
2023-08-23,CONTACTLESS TRANSPORT BP TRAIN TICKET,94.91,transportation,simulated_bank_transactions_uk
2023-10-13,Direct Debit British Gas 725484,49.51,utilities,simulated_bank_transactions_uk
2023-05-15,VISA*FOOD*DELIVERY*JUST*EAT*FAST*FOOD 183068,99.26,dining,simulated_bank_transactions_uk
2024-01-04,mortgage payment landlord 988515,1963.51,housing,simulated_bank_transactions_uk
2024-11-20,Card Payment Netflix 543001,29.54,subscriptions,simulated_bank_transactions_uk
2023-02-21,DIRECT DEBIT UTILITY BILL VODAFONE 765538,169.49,utilities,simulated_bank_transactions_uk
2023-05-15,Contactless Transport National Rail Train Ticket,35.2,transportation,simulated_bank_transactions_uk
2023-05-11,Visa Utility Bill Vodafone 68651,217.11,utilities,simulated_bank_transactions_uk
2023-02-12,MASTERCARD MORTGAGE PMT LETTING AGENT,1604.99,housing,simulated_bank_transactions_uk
2024-03-03,Pos Purchase Amazon Online Purchase 590133,76.99,other,simulated_bank_transactions_uk
2024-02-10,transport/bp/uber/ride 471468,62.85,transportation,simulated_bank_transactions_uk
2023-12-19,BILL PAYMENT EE,211.47,utilities,simulated_bank_transactions_uk
2024-04-15,RENT PMT MORTGAGE 672,1215.96,housing,simulated_bank_transactions_uk
2023-04-09,Fuel*Bp*Fuel 264200,135.75,transportation,simulated_bank_transactions_uk
2024-12-01,direct debit gym group 819996,31.88,subscriptions,simulated_bank_transactions_uk
2024-09-04,card payment aldi vegetables,26.8,groceries,simulated_bank_transactions_uk
2024-12-03,contactless asda rice 715227,103.35,groceries,simulated_bank_transactions_uk
2024-09-14,Mortgage Pmt Landlord 650559,1129.37,housing,simulated_bank_transactions_uk
2024-06-27,contactless*pos*morrisons*bread 66261,88.56,groceries,simulated_bank_transactions_uk
2023-09-11,Utility Bill O2 76103,36.42,utilities,simulated_bank_transactions_uk
2024-02-01,online purchase ebay misc expense,12.83,other,simulated_bank_transactions_uk
2023-03-25,card/payment/pret/restaurant 936260,25.17,dining,simulated_bank_transactions_uk
2024-03-05,Online*Purchase*Amazon*Online*Purchase,141.02,other,simulated_bank_transactions_uk
2024-01-11,Restaurant Uber Eats Restaurant 830112,76.66,dining,simulated_bank_transactions_uk
2024-03-03,CARD PAYMENT NANDO'S FOOD DELIVERY,133.07,dining,simulated_bank_transactions_uk
2023-02-11,bacs pos purchase argos misc expense 316915,70.69,other,simulated_bank_transactions_uk
2023-06-06,Food Delivery Kfc Restaurant 703166,105.96,dining,simulated_bank_transactions_uk
2024-02-08,Direct Debit Card Pmt Tesco Chicken 656938,78.29,groceries,simulated_bank_transactions_uk
2024-08-18,TRANSPORT*BOLT*BUS*PASS,11.89,transportation,simulated_bank_transactions_uk
2023-02-07,FUEL*BP*BUS*PASS 844585,47.17,transportation,simulated_bank_transactions_uk
2023-07-21,restaurant greggs fast food 308601,60.55,dining,simulated_bank_transactions_uk
2023-08-19,bacs mortgage rent,863.99,housing,simulated_bank_transactions_uk
2024-09-11,direct/debit/amazon/prime,15.58,subscriptions,simulated_bank_transactions_uk
2023-05-13,RESTAURANT UBER EATS RESTAURANT,69.68,dining,simulated_bank_transactions_uk
2024-03-20,online purchase ebay online purchase 21605,59.65,other,simulated_bank_transactions_uk
2023-05-31,POS PURCHASE CURRYS ONLINE PURCHASE 952922,16.0,other,simulated_bank_transactions_uk
2024-11-12,CARD PAYMENT UBER TRAIN TICKET,118.52,transportation,simulated_bank_transactions_uk
2023-11-25,BILL/PAYMENT/THAMES/WATER 892145,152.06,utilities,simulated_bank_transactions_uk
2024-06-11,card*payment*shell*train*ticket,17.91,transportation,simulated_bank_transactions_uk
2024-05-19,Pos/Card/Payment/Nhs/Online/Purchase 78281,81.47,other,simulated_bank_transactions_uk
2024-02-22,SUBSCRIPTION GOOGLE *SERVICES 399087,30.9,subscriptions,simulated_bank_transactions_uk
2024-12-29,Bill*Payment*Bt 4,229.64,utilities,simulated_bank_transactions_uk
2024-11-30,card/pmt/iceland/vegetables 635169,91.32,groceries,simulated_bank_transactions_uk
2024-07-27,food delivery greggs fast food 946980,35.43,dining,simulated_bank_transactions_uk
2023-10-16,CARD*PMT*NATIONAL*RAIL*TRAIN*TICKET 283629,133.44,transportation,simulated_bank_transactions_uk
2024-11-13,RESTAURANT JUST EAT RESTAURANT 244212,133.68,dining,simulated_bank_transactions_uk
2023-08-19,CARD PAYMENT SAINSBURYS EGGS,81.15,groceries,simulated_bank_transactions_uk
2023-02-05,Utility-Bill-Thames-Water 56885,238.86,utilities,simulated_bank_transactions_uk
2024-12-24,POS PURCHASE SUPERDRUG ONLINE PURCHASE 631791,14.4,other,simulated_bank_transactions_uk
2024-06-25,ONLINE-PURCHASE-NHS-MISC-EXPENSE,127.71,other,simulated_bank_transactions_uk
2023-10-01,food*delivery*kfc*fast*food 586997,7.11,dining,simulated_bank_transactions_uk
2024-02-04,Transport Tfl Fuel,117.42,transportation,simulated_bank_transactions_uk
2024-02-16,BACS LETTING AGENT RENT 112476,1714.49,housing,simulated_bank_transactions_uk
2023-10-02,card payment amazon prime,32.91,subscriptions,simulated_bank_transactions_uk
2023-09-03,Bacs Mortgage Rent 503479,1104.69,housing,simulated_bank_transactions_uk
2023-10-05,Bacs Food Delivery Nando's Fast Food,85.95,dining,simulated_bank_transactions_uk
2024-08-31,card payment starbucks fast food 11853,139.89,dining,simulated_bank_transactions_uk
2023-03-07,sto-online-purchase-argos-misc-expense 385059,144.45,other,simulated_bank_transactions_uk
2023-05-10,Food-Delivery-Greggs-Restaurant 842860,136.17,dining,simulated_bank_transactions_uk
2024-01-14,CONTACTLESS ALDI BREAD 51747,53.46,groceries,simulated_bank_transactions_uk
2023-01-09,Pos Tesco Chicken,105.57,groceries,simulated_bank_transactions_uk
2023-11-10,subscription netflix 303865,37.79,subscriptions,simulated_bank_transactions_uk
2024-02-13,card pmt gym group 920134,11.49,subscriptions,simulated_bank_transactions_uk
2024-08-12,DIRECT DEBIT SPOTIFY,37.9,subscriptions,simulated_bank_transactions_uk
2024-04-02,FOOD DELIVERY COSTA FAST FOOD 887682,47.41,dining,simulated_bank_transactions_uk
2024-04-09,Bill Pmt E.on,82.7,utilities,simulated_bank_transactions_uk
2024-01-12,card payment currys misc expense,23.1,other,simulated_bank_transactions_uk
2024-01-30,Pos/Purchase/Boots/Online/Purchase,42.06,other,simulated_bank_transactions_uk
2024-11-14,POS-WAITROSE-EGGS 683207,10.74,groceries,simulated_bank_transactions_uk
2023-06-11,transport-esso-train-ticket 449818,39.43,transportation,simulated_bank_transactions_uk
2023-11-21,RESTAURANT COSTA RESTAURANT 798802,47.25,dining,simulated_bank_transactions_uk
2023-02-27,FUEL BOLT TRAIN TICKET 632235,108.6,transportation,simulated_bank_transactions_uk
2024-11-04,food delivery just eat food delivery,63.66,dining,simulated_bank_transactions_uk
2024-11-28,Card Pmt Superdrug Misc Expense 750817,36.22,other,simulated_bank_transactions_uk
2024-12-03,Pos Morrisons Milk,81.52,groceries,simulated_bank_transactions_uk
2023-12-31,bacs landlord rent 802843,1343.16,housing,simulated_bank_transactions_uk
2024-07-16,bill pmt british gas 733747,47.47,utilities,simulated_bank_transactions_uk
2024-07-24,Direct-Debit-Food-Delivery-Mcdonalds-Restaurant 3693,137.67,dining,simulated_bank_transactions_uk
2024-01-07,Fuel-Bp-Bus-Pass,25.99,transportation,simulated_bank_transactions_uk
2023-06-30,VISA-CARD-PMT-NHS-MISC-EXPENSE 239970,111.65,other,simulated_bank_transactions_uk
2023-09-23,Restaurant Uber Eats Food Delivery 267522,120.23,dining,simulated_bank_transactions_uk
2024-05-24,Fuel-Tfl-Fuel,10.15,transportation,simulated_bank_transactions_uk
2024-11-23,Direct Debit Utility Bill O2,235.43,utilities,simulated_bank_transactions_uk
2023-12-16,Contactless*Aldi*Vegetables 938014,80.77,groceries,simulated_bank_transactions_uk
2024-04-08,Bacs Letting Agent Rent 155841,1222.59,housing,simulated_bank_transactions_uk
2023-07-12,Utility Bill Thames Water 726030,101.26,utilities,simulated_bank_transactions_uk
2023-03-05,Utility Bill Scottishpower,91.3,utilities,simulated_bank_transactions_uk
2024-01-01,MORTGAGE PMT LETTI,1481.02,housing,simulated_bank_transactions_uk
2024-07-03,Pos*Purchase*Superdrug*Online*Purchase 13705,122.61,other,simulated_bank_transactions_uk
2024-01-12,Contactless Sainsburys Milk,139.35,groceries,simulated_bank_transactions_uk
2023-06-05,Fuel*Bp*Uber*Ride 335896,8.35,transportation,simulated_bank_transactions_uk
2023-05-12,Pos Food Delivery Starbucks Food Delivery,29.19,dining,simulated_bank_transactions_uk
2024-04-19,CARD PMT ICELAND EGGS,30.39,groceries,simulated_bank_transactions_uk
2023-11-05,Mortgage-Pmt-Rent 938653,637.06,housing,simulated_bank_transactions_uk
2024-02-12,Visa Bill Pmt British Gas,77.88,utilities,simulated_bank_transactions_uk
2023-06-18,Contactless-Subscription-Puregym 501868,22.3,subscriptions,simulated_bank_transactions_uk
2024-01-23,So Contactless Sainsburys Bread 71849,20.88,groceries,simulated_bank_transactions_uk
2024-02-05,Direct Debit Amazon Prime 414962,10.4,subscriptions,simulated_bank_transactions_uk
2024-10-08,BILL PAYMENT SKY,71.03,utilities,simulated_bank_transactions_uk
2023-12-19,visa pos purchase hmrc misc expense 465485,118.26,other,simulated_bank_transactions_uk
2024-11-06,DIRECT DEBIT SEVERN TRENT,107.49,utilities,simulated_bank_transactions_uk
2023-06-04,BACS BACS RENT RENT 95979,807.7,housing,simulated_bank_transactions_uk
2024-06-18,Rent Pmt Rent 730529,1462.33,housing,simulated_bank_transactions_uk
2024-04-30,CONTACTLESS CARD PMT NETFLIX 418146,15.06,subscriptions,simulated_bank_transactions_uk
2023-08-21,Rent Pmt Landlord 40989,915.7,housing,simulated_bank_transactions_uk
2023-12-25,Card Pmt Starbucks Fast Food 558458,15.8,dining,simulated_bank_transactions_uk
2023-02-20,MASTERCARD POS AS,61.37,groceries,simulated_bank_transactions_uk
2024-09-13,Direct Debit Apple.com/bill,11.56,subscriptions,simulated_bank_transactions_uk
2023-06-12,restaurant greggs restaurant,115.38,dining,simulated_bank_transactions_uk
2023-04-12,card payment amazon online purchase 787806,59.03,other,simulated_bank_transactions_uk
2024-02-10,CARD PAYMENT ALDI RICE 649930,21.33,groceries,simulated_bank_transactions_uk
2024-07-20,contactless lidl eggs 228763,97.79,groceries,simulated_bank_transactions_uk
2024-05-19,DIRECT/DEBIT/EE 642591,242.0,utilities,simulated_bank_transactions_uk
2024-06-30,RENT*PMT*LANDLORD 275612,1666.86,housing,simulated_bank_transactions_uk
2024-05-04,Online*Purchase*Currys*Misc*Expense 147278,117.56,other,simulated_bank_transactions_uk
2023-05-29,Bill-Payment-Octopus-Energy 95090,87.78,utilities,simulated_bank_transactions_uk
2023-05-26,Bill Payment E.on,246.14,utilities,simulated_bank_transactions_uk
2023-10-27,Utility Bill Thames Wa,195.96,utilities,simulated_bank_transactions_uk
2024-11-17,Fuel*Shell*Train*Ticket,53.88,transportation,simulated_bank_transactions_uk
2024-11-11,card pos purchase nhs online purchase 1829,108.45,other,simulated_bank_transactions_uk
2024-02-19,Bacs Rent Rent,1941.7,housing,simulated_bank_transactions_uk
2024-09-24,Pos Waitrose Rice 474956,29.91,groceries,simulated_bank_transactions_uk
2023-02-20,fuel bp train ticket,57.62,transportation,simulated_bank_transactions_uk
2024-10-12,Restaurant-Greggs-Restaurant 490279,125.47,dining,simulated_bank_transactions_uk
2023-09-08,pos purchase argos misc expense 598312,130.08,other,simulated_bank_transactions_uk
2023-02-26,CONTACTLESS ICELAND VEGETABLES 407878,19.87,groceries,simulated_bank_transactions_uk
2024-05-18,Transport Bp Fuel 776525,103.5,transportation,simulated_bank_transactions_uk
2023-01-07,card payment trainline uber ride 462263,124.67,transportation,simulated_bank_transactions_uk
2024-07-26,Restaurant Nando's Food Delivery 234308,49.34,dining,simulated_bank_transactions_uk
2023-11-28,fuel*tfl*uber*ride 96907,99.02,transportation,simulated_bank_transactions_uk
2024-01-30,Utility-Bill-Sky 132811,45.78,utilities,simulated_bank_transactions_uk
2023-10-21,utility bill sky 755596,141.92,utilities,simulated_bank_transactions_uk
2024-04-29,Mortgage Payment Mortgage 88920,1759.44,housing,simulated_bank_transactions_uk
2023-10-11,mortgage payment landlord,1039.36,housing,simulated_bank_transactions_uk
2023-11-23,POS PURCHASE NHS MISC EXPENSE 739021,9.62,other,simulated_bank_transactions_uk
2024-10-03,transport bp uber ride 300944,120.49,transportation,simulated_bank_transactions_uk
2023-10-02,SO*BACS*LANDLORD*RENT 755170,1199.37,housing,simulated_bank_transactions_uk
2024-11-20,card contactless asda milk 366375,86.24,groceries,simulated_bank_transactions_uk
2023-01-18,Card/Payment/National/Rail/Bus/Pass 101849,65.95,transportation,simulated_bank_transactions_uk
2024-08-29,VISA*DIRECT*DEBIT*PUREGYM,30.23,subscriptions,simulated_bank_transactions_uk
2023-07-09,BILL PMT THAMES WATER 886840,139.26,utilities,simulated_bank_transactions_uk
2023-05-21,POS WAITROSE RICE 260561,121.1,groceries,simulated_bank_transactions_uk
2023-06-12,Contactless-Asda-Eggs 25126,27.8,groceries,simulated_bank_transactions_uk
2024-05-23,Mortgage Pmt Mortgage 561654,1813.63,housing,simulated_bank_transactions_uk
2023-04-02,POS*ALDI*BREAD 562800,110.16,groceries,simulated_bank_transactions_uk
2023-09-07,Bill Pmt Scottishpower 269562,74.39,utilities,simulated_bank_transactions_uk
2024-09-27,ONLINE-PURCHASE-BOOTS-MISC-EXPENSE,136.17,other,simulated_bank_transactions_uk
2024-10-24,RESTAURANT DELIVEROO FAST FOOD 607811,81.2,dining,simulated_bank_transactions_uk
2024-06-19,Food Delivery Pret Fast Food 693538,8.34,dining,simulated_bank_transactions_uk
2024-03-12,food delivery nando's restaurant,13.91,dining,simulated_bank_transactions_uk
2024-09-08,RESTAURANT GREGGS FAST FOOD 464933,37.0,dining,simulated_bank_transactions_uk
2024-10-29,Pos Purchase Ebay Online Purchase,22.38,other,simulated_bank_transactions_uk
2024-04-16,Restaurant Deliveroo Food Delivery 31194,115.4,dining,simulated_bank_transactions_uk
2024-03-06,TRANSPORT*NATIONAL*RAIL*FUEL 786226,98.37,transportation,simulated_bank_transactions_uk
2023-08-01,FUEL*NATIONAL*RAIL*TRAIN*TICKET 583061,126.58,transportation,simulated_bank_transactions_uk
2024-10-07,BACS LANDLORD RENT 188086,1443.67,housing,simulated_bank_transactions_uk
2023-07-12,card payment amazon misc expense 552216,51.34,other,simulated_bank_transactions_uk
2024-08-15,Direct Debit Pos Tesco Chicken 417592,101.8,groceries,simulated_bank_transactions_uk
2023-02-16,Bacs Mortgage Rent 793470,774.56,housing,simulated_bank_transactions_uk
2023-01-25,SO BILL PAYMENT BRITISH GAS 179315,107.43,utilities,simulated_bank_transactions_uk
2024-01-23,Online-Purchase-Currys-Misc-Expense 366320,74.48,other,simulated_bank_transactions_uk
2024-04-12,Fuel Trainline Bus Pass 770501,85.77,transportation,simulated_bank_transactions_uk
2024-12-29,Online Purchase Argos Misc Expense 349266,73.55,other,simulated_bank_transactions_uk
2024-07-28,card payment lidl milk,23.62,groceries,simulated_bank_transactions_uk
2024-07-11,restaurant/just/eat/fast/food,48.01,dining,simulated_bank_transactions_uk
2024-04-03,mortgage pmt landlord,1016.84,housing,simulated_bank_transactions_uk
2023-04-02,Direct Debit Amazon Prime 456790,35.97,subscriptions,simulated_bank_transactions_uk
2023-12-22,Card Pmt Uber Eats Restaurant 733116,59.69,dining,simulated_bank_transactions_uk
2023-09-21,restaurant uber eats food delivery 828843,148.62,dining,simulated_bank_transactions_uk
2024-02-21,card pmt boots misc expense 197190,7.85,other,simulated_bank_transactions_uk
2023-07-23,Utility Bill Ee 75483,78.53,utilities,simulated_bank_transactions_uk
2023-10-06,card payment sainsburys chicken 508139,111.65,groceries,simulated_bank_transactions_uk
2024-03-27,SUBSCRIPTION*APPLE.COM/BILL 567300,38.7,subscriptions,simulated_bank_transactions_uk
2024-08-02,Contactless Iceland Milk 373761,132.76,groceries,simulated_bank_transactions_uk
2023-08-17,RENT PMT RENT 338432,1574.32,housing,simulated_bank_transactions_uk
2024-01-15,Fuel National Rail Train Ticket,10.28,transportation,simulated_bank_transactions_uk
2023-12-25,card payment gym group 1,11.27,subscriptions,simulated_bank_transactions_uk
2024-04-18,POS SAINSBURYS BREAD 677878,80.77,groceries,simulated_bank_transactions_uk
2023-11-03,DIRECT DEBIT RESTAURANT GREGGS FOOD DELIVERY 683493,33.34,dining,simulated_bank_transactions_uk
2024-06-21,BILL PMT E.ON,165.1,utilities,simulated_bank_transactions_uk
2024-09-18,subscription puregym 942522,31.72,subscriptions,simulated_bank_transactions_uk
2024-02-28,Card Pmt Just Eat Fast Food,138.62,dining,simulated_bank_transactions_uk
2023-09-26,fps rent pmt rent 16056,1961.32,housing,simulated_bank_transactions_uk
2023-11-11,visa card payment argos misc expense 361966,112.56,other,simulated_bank_transactions_uk
2023-11-09,Mortgage Payment Landlord,1708.39,housing,simulated_bank_transactions_uk
2024-08-26,direct*debit*google**services,37.48,subscriptions,simulated_bank_transactions_uk
2023-09-22,bill pmt vodafone 325932,237.84,utilities,simulated_bank_transactions_uk
2024-08-11,VISA TRANSPORT ESSO FUEL 278892,44.91,transportation,simulated_bank_transactions_uk
2024-06-22,transport-uber-fuel 534435,41.78,transportation,simulated_bank_transactions_uk
2023-02-18,Card Pmt Nhs Online Purchase 782387,24.48,other,simulated_bank_transactions_uk
2024-05-03,Direct Debit Amazon Prime,9.49,subscriptions,simulated_bank_transactions_uk
2024-06-29,Fps Bacs Mortgage Rent 342513,1536.61,housing,simulated_bank_transactions_uk
2023-01-09,RENT PAYMENT LANDLORD 81275,820.77,housing,simulated_bank_transactions_uk
2024-12-08,Visa Pos Purchase Nhs Misc Expense 732000,21.98,other,simulated_bank_transactions_uk
2024-05-05,contactless direct debit thames water,197.57,utilities,simulated_bank_transactions_uk
2024-06-15,CARD PAYMENT NATIONAL RAIL BUS PASS,135.19,transportation,simulated_bank_transactions_uk
2024-12-27,fuel uber train ticket 223544,45.2,transportation,simulated_bank_transactions_uk
2024-04-28,CARD PMT HMRC MISC EXPENSE 845285,57.47,other,simulated_bank_transactions_uk
2023-05-09,ONLINE PURCHASE BOOTS ONLINE PURCHASE,129.29,other,simulated_bank_transactions_uk
2023-11-06,pos waitrose bread 82,4.49,groceries,simulated_bank_transactions_uk
2024-01-26,BACS*FUEL*UBER*FUEL 147739,127.69,transportation,simulated_bank_transactions_uk
2023-08-17,Card Pmt Aldi Bread 393513,109.36,groceries,simulated_bank_transactions_uk
2023-12-31,CARD/PAYMENT/SPOTIFY 220891,9.95,subscriptions,simulated_bank_transactions_uk
2023-07-28,Pos Card Pmt Lidl Bread 752622,117.48,groceries,simulated_bank_transactions_uk
2023-12-31,MORTGAGE*PAYMENT*LANDLORD 107560,1150.88,housing,simulated_bank_transactions_uk
2024-08-19,CARD-PMT-DISNEY+ 540307,11.66,subscriptions,simulated_bank_transactions_uk
2024-07-22,TRANSPORT-UBER-FUEL 35914,144.68,transportation,simulated_bank_transactions_uk
2024-09-16,fps card pmt nando's restaurant 218713,138.64,dining,simulated_bank_transactions_uk
2023-11-02,Direct Debit Vodafone,109.31,utilities,simulated_bank_transactions_uk
2023-08-15,Bacs Bill Pmt Severn Trent 989394,117.24,utilities,simulated_bank_transactions_uk
2024-07-09,MASTERCARD CARD PAYMENT ASDA MILK,35.75,groceries,simulated_bank_transactions_uk
2023-07-07,Direct Debit Spotify 277025,12.16,subscriptions,simulated_bank_transactions_uk
2023-05-19,Visa Bill Pmt Sky,177.56,utilities,simulated_bank_transactions_uk
2024-04-13,CARD CARD PMT WAITROSE BREAD,31.65,groceries,simulated_bank_transactions_uk
2023-08-01,Transport Uber Train Ticket 5475,41.97,transportation,simulated_bank_transactions_uk
2024-04-06,MORTGAGE*PMT*LANDLORD 393217,924.79,housing,simulated_bank_transactions_uk
2024-11-04,rent-pmt-landlord 67381,1570.41,housing,simulated_bank_transactions_uk
2023-02-03,Food Delivery Mcdonalds Food Delivery 829592,125.19,dining,simulated_bank_transactions_uk
2023-05-25,subscription netflix,29.77,subscriptions,simulated_bank_transactions_uk
2023-02-21,direct debit netflix 319748,25.39,subscriptions,simulated_bank_transactions_uk
2024-03-24,direct*debit*severn*trent 339943,243.9,utilities,simulated_bank_transactions_uk
2023-07-12,Fuel Tfl Uber Ride 828456,71.47,transportation,simulated_bank_transactions_uk
2023-11-23,CARD POS ASDA EGGS 7247,33.55,groceries,simulated_bank_transactions_uk
2024-01-11,CARD PMT TESCO BREAD 254943,36.57,groceries,simulated_bank_transactions_uk
2024-07-26,Contactless Sainsburys Bread,26.81,groceries,simulated_bank_transactions_uk
2024-04-04,SUBSCRIPTION GYM GROUP 961684,16.84,subscriptions,simulated_bank_transactions_uk
2023-06-13,POS-PURCHASE-EBAY-MISC-EXPENSE 153717,110.29,other,simulated_bank_transactions_uk
2024-09-30,DIRECT/DEBIT/BT,248.68,utilities,simulated_bank_transactions_uk
2023-01-17,So/Card/Payment/Amazon/Online/Purchase 248249,4.37,other,simulated_bank_transactions_uk
2023-08-09,Utility/Bill/Sky,248.13,utilities,simulated_bank_transactions_uk
2023-09-17,DIRECT-DEBIT-VODAFONE 512906,78.28,utilities,simulated_bank_transactions_uk
2024-12-09,Card Pmt Greggs Fast F,67.82,dining,simulated_bank_transactions_uk
2024-04-12,visa contactless tesco vegetables 58409,135.43,groceries,simulated_bank_transactions_uk
2024-03-13,Transport Uber Uber Ride 978818,67.32,transportation,simulated_bank_transactions_uk
2023-11-19,BILL PAYMENT SCOTTISHPOWER 600983,106.42,utilities,simulated_bank_transactions_uk
2023-08-04,Bill Payment O2 527857,171.19,utilities,simulated_bank_transactions_uk
2023-06-27,CARD PAYMENT ALDI MILK,141.41,groceries,simulated_bank_transactions_uk
2023-01-30,DIRECT-DEBIT-UTILITY-BILL-SCOTTISHPOWER 30305,67.54,utilities,simulated_bank_transactions_uk
2023-05-15,Utility Bill O2,239.17,utilities,simulated_bank_transactions_uk
2024-04-14,Direct/Debit/Card/Payment/Aldi/Bread 388638,82.41,groceries,simulated_bank_transactions_uk
2023-01-17,CONTACTLESS TESCO CHICKEN 37286,122.0,groceries,simulated_bank_transactions_uk
2023-06-17,FPS CONTACTLESS ASDA RICE 359619,108.5,groceries,simulated_bank_transactions_uk
2023-03-01,Rent Pmt Landlord 767891,1833.51,housing,simulated_bank_transactions_uk
2023-09-23,visa card pmt uber eats food delivery 506642,63.8,dining,simulated_bank_transactions_uk
2024-05-02,Rent/Payment/Letting/Agent,1941.82,housing,simulated_bank_transactions_uk
2023-04-19,Bacs*Rent*Pmt*Rent 319243,964.63,housing,simulated_bank_transactions_uk
2023-09-28,Direct Debit Apple.com/bill 650877,11.4,subscriptions,simulated_bank_transactions_uk
2024-07-08,contactless lidl rice 809564,55.88,groceries,simulated_bank_transactions_uk
2024-10-06,Utility Bill E.on 182102,179.08,utilities,simulated_bank_transactions_uk
2023-07-04,Utility Bill E.on,234.85,utilities,simulated_bank_transactions_uk
2024-08-21,Utility Bill Octopus Energy 686080,206.59,utilities,simulated_bank_transactions_uk
2024-06-30,card pmt ebay misc expense 825130,59.64,other,simulated_bank_transactions_uk
2023-05-31,transport/bolt/bus/pass 280588,137.48,transportation,simulated_bank_transactions_uk
2024-08-10,BILL PAYMENT THAMES WATER 762757,71.28,utilities,simulated_bank_transactions_uk
2023-04-13,POS PURCHASE ARGOS ONLINE PURCHASE 950678,119.78,other,simulated_bank_transactions_uk
2024-06-27,Bill Payment Scottishpower 1265,40.37,utilities,simulated_bank_transactions_uk
2024-12-14,Food-Delivery-Costa-Food-Delivery 995,9.17,dining,simulated_bank_transactions_uk
2024-09-20,Card*Payment*National*Rail*Fuel 576692,121.68,transportation,simulated_bank_transactions_uk
2023-03-17,CARD PMT MORRISONS VEGETABLES,137.7,groceries,simulated_bank_transactions_uk
2024-05-11,FOOD DELIVERY DELIVEROO RESTAURANT,129.85,dining,simulated_bank_transactions_uk
2023-08-19,Card/Payment/Bolt/Uber/Ride 775783,120.3,transportation,simulated_bank_transactions_uk
2024-09-26,contactless card payment apple.com/bill 818126,25.57,subscriptions,simulated_bank_transactions_uk
2023-11-22,Subscription Puregym,11.24,subscriptions,simulated_bank_transactions_uk
2023-05-26,BACS MORTGAGE PAYMENT RENT 779,841.73,housing,simulated_bank_transactions_uk
2023-09-13,direct debit food delivery greggs fast food 548559,113.02,dining,simulated_bank_transactions_uk
2023-10-24,BILL PAYMENT EE,34.72,utilities,simulated_bank_transactions_uk
2024-11-26,BILL PAYMENT OCTOPUS ENERGY 23040,68.75,utilities,simulated_bank_transactions_uk
2024-10-23,card payment trainline bus pass 817250,89.89,transportation,simulated_bank_transactions_uk
2023-01-02,CARD*PAYMENT*STARBUCKS*RESTAURANT 761120,136.59,dining,simulated_bank_transactions_uk
2023-11-06,Mortgage Payment Rent 679593,1005.86,housing,simulated_bank_transactions_uk
2024-06-15,Card-Pmt-Costa-Restaurant 128387,47.8,dining,simulated_bank_transactions_uk
2023-12-05,RESTAURANT*PRET*FOOD*DELIVERY,91.09,dining,simulated_bank_transactions_uk
2023-06-20,CARD PAYMENT ALD,71.3,groceries,simulated_bank_transactions_uk
2024-01-22,Contactless Morrisons Eggs 104950,93.24,groceries,simulated_bank_transactions_uk
2023-11-17,Card Payment Currys Misc Expense 624988,13.49,other,simulated_bank_transactions_uk
2023-07-06,Direct Debit Ee,167.26,utilities,simulated_bank_transactions_uk
2023-08-03,card payment uber eats fast food,96.3,dining,simulated_bank_transactions_uk
2024-04-08,BILL-PAYMENT-BT,88.96,utilities,simulated_bank_transactions_uk
2023-06-24,restaurant starbucks fast food 896727,49.88,dining,simulated_bank_transactions_uk
2023-03-24,BILL/PAYMENT/VODAFONE 766030,33.86,utilities,simulated_bank_transactions_uk
2023-05-26,bacs card pmt deliveroo fast food 696438,82.78,dining,simulated_bank_transactions_uk
2024-01-13,visa online purchase nhs online purchase 57421,7.08,other,simulated_bank_transactions_uk
2023-10-20,POS CARD PMT AMAZON PRIME,10.28,subscriptions,simulated_bank_transactions_uk
2024-02-25,Pos Asda Milk,50.42,groceries,simulated_bank_transactions_uk
2024-11-11,Direct-Debit-E.on,99.9,utilities,simulated_bank_transactions_uk
2024-11-15,So Bacs Mortgage Rent 814574,942.11,housing,simulated_bank_transactions_uk
2024-09-29,Pos Rent Pmt Rent 688028,841.3,housing,simulated_bank_transactions_uk
2023-02-13,BACS MORTGAGE PMT MORTGAGE 844368,1935.54,housing,simulated_bank_transactions_uk
2024-11-10,Bacs Food Delivery Uber Eats Fast Food 10004,14.17,dining,simulated_bank_transactions_uk
2024-07-18,CARD PAYMENT SHELL UBER RIDE 56930,98.01,transportation,simulated_bank_transactions_uk
2023-04-20,Card Payment Tfl Uber Ride 38383,31.6,transportation,simulated_bank_transactions_uk
2023-08-18,BILL PMT SEVERN TRENT 71809,156.26,utilities,simulated_bank_transactions_uk
2023-07-01,visa rent pmt letting agent 789100,1499.31,housing,simulated_bank_transactions_uk
2023-06-27,Mastercard Pos Purchase Amazon Online Purchase,16.87,other,simulated_bank_transactions_uk
2023-10-31,Pos Purchase Currys Online Purchase 293639,57.7,other,simulated_bank_transactions_uk
2024-01-17,subscription spotify 866838,8.94,subscriptions,simulated_bank_transactions_uk
2024-07-02,card payment amazon prime 139697,24.02,subscriptions,simulated_bank_transactions_uk
2023-01-09,RESTAURANT UBER EATS FAST FOOD 208440,46.8,dining,simulated_bank_transactions_uk
2023-12-01,pos tesco chicken 415853,19.13,groceries,simulated_bank_transactions_uk
2023-11-09,Transport*Shell*Uber*Ride 628527,60.25,transportation,simulated_bank_transactions_uk
2024-11-20,fps card payment nhs online purchase,126.06,other,simulated_bank_transactions_uk
2023-07-01,Card/Pos/Sainsburys/Milk,119.81,groceries,simulated_bank_transactions_uk
2024-10-15,Direct Debit Spotify 739505,22.42,subscriptions,simulated_bank_transactions_uk
2023-12-02,subscription google *services 328606,15.98,subscriptions,simulated_bank_transactions_uk
2023-10-16,POS PURCHASE AMAZON MISC EXPENSE,96.76,other,simulated_bank_transactions_uk
2023-05-02,Card Pos Purchase Ebay Misc Expense,113.09,other,simulated_bank_transactions_uk
2024-11-05,Subscription Spotify 760347,12.62,subscriptions,simulated_bank_transactions_uk
2024-03-22,utility bill e.on 947693,187.27,utilities,simulated_bank_transactions_uk
2023-07-17,Pos Purchase Superdrug Online Purchase,29.32,other,simulated_bank_transactions_uk
2023-10-19,utility bill sky,44.07,utilities,simulated_bank_transactions_uk
2023-04-26,direct debit e.on 268404,205.08,utilities,simulated_bank_transactions_uk
2024-08-04,fuel uber fuel 88,140.84,transportation,simulated_bank_transactions_uk
2024-09-21,pos*purchase*nhs*online*purchase,16.24,other,simulated_bank_transactions_uk
2024-02-21,STO/FOOD/DELIVERY/KFC/RESTAURANT 564315,124.33,dining,simulated_bank_transactions_uk
2024-08-12,Subscription Google *services 828843,26.45,subscriptions,simulated_bank_transactions_uk
2023-07-23,Rent Pmt Landlord,1319.16,housing,simulated_bank_transactions_uk
2023-02-28,pos*sainsburys*vegetables 168840,83.78,groceries,simulated_bank_transactions_uk
2024-12-05,utility/bill/e.on 346657,34.61,utilities,simulated_bank_transactions_uk
2023-12-23,Bacs/Rent/Rent,687.34,housing,simulated_bank_transactions_uk
2024-02-10,utility bill scottishpower 7931,72.55,utilities,simulated_bank_transactions_uk
2023-12-01,BILL PMT THAMES WATER,169.0,utilities,simulated_bank_transactions_uk
2024-06-26,online purchase argos online purchase 18463,42.71,other,simulated_bank_transactions_uk
2023-06-15,Direct Debit Bt 99,151.69,utilities,simulated_bank_transactions_uk
2024-08-01,FOOD DELIVERY PRET FOOD DE,28.12,dining,simulated_bank_transactions_uk
2024-02-12,Online Purchase Argos Online Purchase 521275,11.77,other,simulated_bank_transactions_uk
2024-03-22,Direct-Debit-Spotify 842767,33.79,subscriptions,simulated_bank_transactions_uk
2023-07-31,pos utility bill scottishpower 746525,152.28,utilities,simulated_bank_transactions_uk
2023-07-28,Online Purchase Nhs Misc Expense,101.96,other,simulated_bank_transactions_uk
2024-06-01,Bill Pmt Severn Trent 228831,194.34,utilities,simulated_bank_transactions_uk
2024-07-09,card-payment-trainline-uber-ride,132.84,transportation,simulated_bank_transactions_uk
2024-04-10,direct debit online purchase hmrc misc expense 533995,29.02,other,simulated_bank_transactions_uk
2023-11-09,contactless asda bread 554117,66.81,groceries,simulated_bank_transactions_uk
2023-03-18,online*purchase*nhs*online*purchase 913685,3.12,other,simulated_bank_transactions_uk
2023-07-25,Direct Debit British Gas 942782,204.04,utilities,simulated_bank_transactions_uk
2024-06-04,Utility Bill British Gas,148.92,utilities,simulated_bank_transactions_uk
2024-09-06,Rent Pmt Mortgage 502786,861.57,housing,simulated_bank_transactions_uk
2024-12-18,Fps Rent Payment Letting Agent,1055.51,housing,simulated_bank_transactions_uk
2024-05-08,pos tesco rice,143.04,groceries,simulated_bank_transactions_uk
2023-02-14,food delivery mcdonalds fast food 388799,16.96,dining,simulated_bank_transactions_uk
2024-08-18,contactless food delivery costa food delivery,109.33,dining,simulated_bank_transactions_uk
2024-06-19,utility-bill-scottishpower 178744,235.55,utilities,simulated_bank_transactions_uk
2023-09-11,contactless tesco vegetables 418039,122.54,groceries,simulated_bank_transactions_uk
2024-04-23,So Online Purchase Currys Online Purchase,94.31,other,simulated_bank_transactions_uk
2024-05-30,DIRECT DEBIT DISNEY+,9.09,subscriptions,simulated_bank_transactions_uk
2024-08-16,rent-pmt-mortgage 138839,1430.79,housing,simulated_bank_transactions_uk
2023-11-03,online purchase nhs online purchase,82.53,other,simulated_bank_transactions_uk
2024-11-22,fuel bolt fuel,29.19,transportation,simulated_bank_transactions_uk
2023-06-04,Contactless Tesco Vegetables,123.82,groceries,simulated_bank_transactions_uk
2024-02-13,MORTGAGE PMT LANDLORD 203929,1574.3,housing,simulated_bank_transactions_uk
2023-12-29,BACS DIRECT DEBIT SPOTIFY 978699,26.41,subscriptions,simulated_bank_transactions_uk
2023-11-12,CONTACTLESS SUBSCRIPTION SPOTIFY 80029,20.69,subscriptions,simulated_bank_transactions_uk
2023-06-16,Direct/Debit/Spotify 708086,36.19,subscriptions,simulated_bank_transactions_uk
2023-10-07,mastercard*card*pmt*bp*bus*pass 660732,35.86,transportation,simulated_bank_transactions_uk
2024-03-31,Mortgage Pmt Landlord 45475,612.65,housing,simulated_bank_transactions_uk
2024-09-14,RENT-PMT-MORTGAGE 148789,1411.06,housing,simulated_bank_transactions_uk
2024-05-01,Direct Debit Contactless Waitrose Rice 28150,42.41,groceries,simulated_bank_transactions_uk
2023-11-08,FPS/BILL/PAYMENT/SCOTTISHPOWER,247.46,utilities,simulated_bank_transactions_uk
2024-02-10,pos/sainsburys/rice,87.39,groceries,simulated_bank_transactions_uk
2024-07-20,Restaurant Uber Eats Restaurant 28273,85.68,dining,simulated_bank_transactions_uk
2024-11-27,Online Purchase Nhs Misc Expense 102912,48.13,other,simulated_bank_transactions_uk
2024-12-03,POS RESTAURANT STARBUCKS FAST FOOD 339054,85.2,dining,simulated_bank_transactions_uk
2024-06-05,Card Direct Debit Amazon Prime 994990,14.65,subscriptions,simulated_bank_transactions_uk
2023-10-23,bill-pmt-vodafone,131.65,utilities,simulated_bank_transactions_uk
2024-10-07,FPS POS PURCHASE NHS MISC EXPENSE 133064,79.29,other,simulated_bank_transactions_uk
2024-08-18,Contactless-Transport-Uber-Train-Ticket 844692,61.6,transportation,simulated_bank_transactions_uk
2024-08-21,direct debit amazon prime,18.33,subscriptions,simulated_bank_transactions_uk
2024-09-11,Subscription Gym Group 325458,16.06,subscriptions,simulated_bank_transactions_uk
2023-06-25,Direct/Debit/Ee,101.87,utilities,simulated_bank_transactions_uk
2023-05-23,contactless lidl milk 148433,27.11,groceries,simulated_bank_transactions_uk
2023-10-24,Restaurant Uber Eats Restaurant 870801,61.32,dining,simulated_bank_transactions_uk
2024-07-11,Direct*Debit*Puregym 507792,5.63,subscriptions,simulated_bank_transactions_uk
2024-06-16,DIRECT/DEBIT/E.ON,85.59,utilities,simulated_bank_transactions_uk
2024-07-06,Contactless Asda B,3.08,groceries,simulated_bank_transactions_uk
2023-02-12,Card Pmt Netflix 456686,28.3,subscriptions,simulated_bank_transactions_uk
2024-07-07,Fuel Tfl Fuel 343601,47.85,transportation,simulated_bank_transactions_uk
2023-09-26,POS DIRECT DEBIT APPLE.COM/BILL 963229,30.79,subscriptions,simulated_bank_transactions_uk
2024-03-01,POS PURCHASE AMAZON ONLINE PURCHASE 955225,84.34,other,simulated_bank_transactions_uk
2024-04-02,Online Purchase Boots Online Purchase 86985,5.14,other,simulated_bank_transactions_uk
2023-02-18,Online Purchase Nhs Misc Expens,137.53,other,simulated_bank_transactions_uk
2023-12-20,pos sainsburys bread,9.75,groceries,simulated_bank_transactions_uk
2024-08-29,MORTGAGE PMT RENT,1164.62,housing,simulated_bank_transactions_uk
2023-01-18,mastercard pos purchase ebay misc expense 778932,97.82,other,simulated_bank_transactions_uk
2024-07-25,card payment bp fuel 280710,46.04,transportation,simulated_bank_transactions_uk
2024-07-08,sto transport esso train ticket 352030,124.34,transportation,simulated_bank_transactions_uk
2024-05-29,Direct Debit Mortgage Payment Rent,1397.28,housing,simulated_bank_transactions_uk
2023-01-20,BACS POS PURCHASE AMAZON MISC EXPENSE 374583,137.36,other,simulated_bank_transactions_uk
2024-10-20,BACS RENT RENT 350180,826.79,housing,simulated_bank_transactions_uk
2024-10-08,STO ONLINE PURCHASE NHS ONLINE PURCHASE 246834,7.59,other,simulated_bank_transactions_uk
2024-12-05,online purchase ebay online purchase 910510,65.88,other,simulated_bank_transactions_uk
2023-10-30,Pos*Waitrose*Milk,36.95,groceries,simulated_bank_transactions_uk
2024-09-01,VISA FUEL UBER BUS PASS 557887,22.33,transportation,simulated_bank_transactions_uk
2024-11-12,Card Pmt Asda Rice,74.14,groceries,simulated_bank_transactions_uk
2024-02-15,FPS CARD PAYMENT UBER FUEL 579580,85.12,transportation,simulated_bank_transactions_uk
2023-02-09,ONLINE-PURCHASE-HMRC-MISC-EXPENSE 994377,27.23,other,simulated_bank_transactions_uk
2023-05-10,restaurant kfc restaura,118.75,dining,simulated_bank_transactions_uk
2024-09-17,BACS CONTACTLESS SAINSBURYS EGGS 290564,136.79,groceries,simulated_bank_transactions_uk
2024-03-11,Direct Debit Google *services 698765,9.79,subscriptions,simulated_bank_transactions_uk
2023-07-05,CARD/PMT/EBAY/ONLINE/PURCHASE 404897,30.08,other,simulated_bank_transactions_uk
2023-08-30,CARD*PAYMENT*WAITROSE*CHICKEN 956688,4.16,groceries,simulated_bank_transactions_uk
2024-05-25,card*direct*debit*bt 101912,36.47,utilities,simulated_bank_transactions_uk
2023-11-07,visa fuel bolt fuel,135.41,transportation,simulated_bank_transactions_uk
2024-09-03,Bacs Subscription Gym Group 962406,16.4,subscriptions,simulated_bank_transactions_uk
2023-08-26,Card Direct Debit Sky 477846,51.21,utilities,simulated_bank_transactions_uk
2023-03-25,direct debit gym group 233152,22.12,subscriptions,simulated_bank_transactions_uk
2023-04-15,DIRECT-DEBIT-SKY 179117,106.49,utilities,simulated_bank_transactions_uk
2023-05-11,Direct/Debit/Ee 902384,84.81,utilities,simulated_bank_transactions_uk
2023-03-11,CONTACTLESS MORTGAGE PMT RENT 243675,1902.73,housing,simulated_bank_transactions_uk
2023-05-27,Visa Mortgage Pmt Letting Agent 970227,1690.32,housing,simulated_bank_transactions_uk
2023-10-05,Mortgage Payment Rent,1195.84,housing,simulated_bank_transactions_uk
2023-12-21,direct debit spotify,13.62,subscriptions,simulated_bank_transactions_uk
2023-11-29,Card Pmt Disney+ 135443,16.24,subscriptions,simulated_bank_transactions_uk
2024-11-28,Bill Pmt E.on 170978,97.16,utilities,simulated_bank_transactions_uk
2023-11-17,online-purchase-argos-misc-expense,23.57,other,simulated_bank_transactions_uk
2024-05-29,Contactless Contactless Lidl Rice 117616,20.0,groceries,simulated_bank_transactions_uk
2023-03-28,Transport Uber Fuel,57.13,transportation,simulated_bank_transactions_uk
2023-02-23,CARD PAYMENT KFC RESTAURANT 70113,11.05,dining,simulated_bank_transactions_uk
2023-04-05,pos direct debit apple.com/bil,15.8,subscriptions,simulated_bank_transactions_uk
2023-10-03,Card Payment Shell Fuel 693682,69.75,transportation,simulated_bank_transactions_uk
2024-10-15,food delivery pret restaurant 613060,115.41,dining,simulated_bank_transactions_uk
2024-06-25,Bill Payment Ee,95.46,utilities,simulated_bank_transactions_uk
2024-04-17,Mortgage Payment Landlord 399786,1705.26,housing,simulated_bank_transactions_uk
2024-12-20,sto contactless iceland eggs 955977,88.35,groceries,simulated_bank_transactions_uk
2023-10-24,Direct Debit Pos Purchase Boots Misc Expense 928317,32.32,other,simulated_bank_transactions_uk
2023-08-25,Direct Debit Card Pmt Nhs Online Purchase 753600,8.39,other,simulated_bank_transactions_uk
2023-08-16,FOOD DELIVERY KFC FOOD DELIVERY 426845,81.54,dining,simulated_bank_transactions_uk
2023-03-12,utility bill bt 42595,122.68,utilities,simulated_bank_transactions_uk
2024-09-07,Bacs*Rent*Rent 476689,1502.03,housing,simulated_bank_transactions_uk
2024-06-02,direct debit bt,142.86,utilities,simulated_bank_transactions_uk
2023-12-28,Bacs Direct Debit Disney+ 836705,24.49,subscriptions,simulated_bank_transactions_uk
2024-05-01,Online Purchase Boots Online Purchase,73.55,other,simulated_bank_transactions_uk
2023-07-08,bill*pmt*ee 71777,152.07,utilities,simulated_bank_transactions_uk
2023-05-06,FUEL*ESSO*UBER*RIDE,49.08,transportation,simulated_bank_transactions_uk
2023-12-01,Restaurant Uber Eats Food Delivery,47.94,dining,simulated_bank_transactions_uk
2023-08-20,Card Pmt Hmrc Online Purchase,139.21,other,simulated_bank_transactions_uk
2024-06-08,food delivery just eat food delivery,10.35,dining,simulated_bank_transactions_uk
2023-07-12,direct debit apple.com/bill,28.99,subscriptions,simulated_bank_transactions_uk
2024-05-23,CARD PAYMENT NATIONAL RAIL BUS PASS 542574,130.8,transportation,simulated_bank_transactions_uk
2024-01-23,Card/Pmt/Sainsburys/Vegetables,73.44,groceries,simulated_bank_transactions_uk
2023-11-14,bill pmt sky 483640,44.37,utilities,simulated_bank_transactions_uk
2024-09-11,Bill Pmt British Gas 2216,60.04,utilities,simulated_bank_transactions_uk
2024-03-16,CONTACTLESS DIRECT DEBIT SPOTIFY,27.02,subscriptions,simulated_bank_transactions_uk
2024-08-24,fuel trainline bus pass 27,10.74,transportation,simulated_bank_transactions_uk
2023-04-25,Card Payment Google *services 558621,29.13,subscriptions,simulated_bank_transactions_uk
2023-12-15,POS WAITROSE CHICKEN 460030,90.55,groceries,simulated_bank_transactions_uk
2024-06-28,FOOD-DELIVERY-JUST-EAT-RESTAURANT 439712,87.88,dining,simulated_bank_transactions_uk
2024-07-07,bill payment bt,184.94,utilities,simulated_bank_transactions_uk
2023-10-22,card pmt spotify 244136,15.17,subscriptions,simulated_bank_transactions_uk
2024-06-10,Direct Debit Severn Trent,191.95,utilities,simulated_bank_transactions_uk
2024-11-17,CARD PAYMENT CURRYS MISC EXPENSE 937992,94.03,other,simulated_bank_transactions_uk
2023-06-24,card-pmt-spotify 417200,17.97,subscriptions,simulated_bank_transactions_uk
2023-12-03,SUBSCRIPTION/APPLE.COM/BILL 598402,36.14,subscriptions,simulated_bank_transactions_uk
2024-06-14,Bacs Mortgage Rent 196560,776.99,housing,simulated_bank_transactions_uk
2023-05-27,Rent Pmt Letting Agent,671.88,housing,simulated_bank_transactions_uk
2024-04-18,pos-morrisons-rice 223084,112.54,groceries,simulated_bank_transactions_uk
2024-07-07,RENT PAYMENT LAN,1018.94,housing,simulated_bank_transactions_uk
2023-12-03,FPS DIRECT DEBIT O2 349624,131.67,utilities,simulated_bank_transactions_uk
2023-09-26,ONLINE PURCHASE CURRYS MISC EXPENSE 87026,137.64,other,simulated_bank_transactions_uk
2023-07-31,fuel bp uber ride,119.12,transportation,simulated_bank_transactions_uk
2023-06-13,POS CARD PAYMENT JUST EAT FAST FOOD 609734,114.8,dining,simulated_bank_transactions_uk
2023-07-06,Card*Payment*Amazon*Prime 47384,8.67,subscriptions,simulated_bank_transactions_uk
2024-05-29,MORTGAGE PAYMENT RENT 576551,893.89,housing,simulated_bank_transactions_uk
2023-04-27,Card Payment Tfl Fuel 780693,127.79,transportation,simulated_bank_transactions_uk
2024-09-16,CARD PMT BOOTS ONLINE PURCHASE 139700,87.98,other,simulated_bank_transactions_uk
2023-12-11,Bacs Food Delivery Greggs Food Delivery 497585,14.73,dining,simulated_bank_transactions_uk
2024-09-24,Subscription Spotify 385558,5.79,subscriptions,simulated_bank_transactions_uk
2024-08-13,BACS RENT RENT,1223.41,housing,simulated_bank_transactions_uk
2024-07-27,CARD PAYMENT MORRISONS EGGS,49.4,groceries,simulated_bank_transactions_uk
2024-08-22,CARD*PMT*NHS*MISC*EXPENSE 564392,138.92,other,simulated_bank_transactions_uk
2024-10-05,DIRECT DEBIT SEVERN TRENT,112.21,utilities,simulated_bank_transactions_uk
2024-07-05,CARD*PMT*ARGOS*MISC*EXPENSE 120593,112.44,other,simulated_bank_transactions_uk
2024-04-20,STO ONLINE PURCHASE ARGOS ONLINE PURCHASE,113.92,other,simulated_bank_transactions_uk
2023-07-19,BACS*LANDLORD*RENT 903898,1536.51,housing,simulated_bank_transactions_uk
2023-05-05,Direct-Debit-Vodafone,193.77,utilities,simulated_bank_transactions_uk
2023-09-12,sto-direct-debit-amazon-prime 211787,7.79,subscriptions,simulated_bank_transactions_uk
2024-04-30,Pos Purchase Currys Online Purchase 192372,128.37,other,simulated_bank_transactions_uk
2023-11-19,fuel bp train ticket 618444,98.01,transportation,simulated_bank_transactions_uk
2024-03-12,Card Transport Shell Uber Ride 646831,38.77,transportation,simulated_bank_transactions_uk
2024-06-27,Contactless Morrisons Chicken 247271,11.68,groceries,simulated_bank_transactions_uk
2023-05-06,MASTERCARD TRANSPORT ESSO UBER RIDE 186120,128.77,transportation,simulated_bank_transactions_uk
2023-05-19,Contactless Lidl Eggs,51.18,groceries,simulated_bank_transactions_uk
2023-07-31,card payment shell train ticket 765343,108.05,transportation,simulated_bank_transactions_uk
2024-12-14,CONTACTLESS RESTAURANT KFC RESTAURANT,136.15,dining,simulated_bank_transactions_uk
2024-02-16,Online Purchase Superdrug Misc Expense 27691,33.23,other,simulated_bank_transactions_uk
2024-06-05,Direct/Debit/Ee 282739,181.85,utilities,simulated_bank_transactions_uk
2023-09-05,Rent*Payment*Letting*Agent 141352,892.58,housing,simulated_bank_transactions_uk
2024-10-03,CARD-PAYMENT-NHS-ONLINE-PURCHASE 3366,106.53,other,simulated_bank_transactions_uk
2024-03-16,FUEL BP BUS PASS 380051,146.39,transportation,simulated_bank_transactions_uk
2023-10-26,card-payment-morrisons-eggs,96.03,groceries,simulated_bank_transactions_uk
2024-10-28,card payment nando's food delivery,39.21,dining,simulated_bank_transactions_uk
2023-09-03,card payment esso fuel,123.6,transportation,simulated_bank_transactions_uk
2023-04-29,Card Card Payment Spotify 602201,17.5,subscriptions,simulated_bank_transactions_uk
2024-02-07,contactless sainsburys rice 431744,45.66,groceries,simulated_bank_transactions_uk
2023-09-03,Bacs Mortgage Rent 774235,1773.65,housing,simulated_bank_transactions_uk
2023-01-29,restaurant costa fast food 465329,29.71,dining,simulated_bank_transactions_uk
2024-03-07,Card Payment Argos Online Purchase 838503,83.07,other,simulated_bank_transactions_uk
2023-12-18,POS-PURCHASE-EBAY-MISC-EXPENSE,63.25,other,simulated_bank_transactions_uk
2023-09-19,BILL PAYMENT OCTOPUS ENERGY,48.09,utilities,simulated_bank_transactions_uk
2024-11-30,Card Transport Bolt Uber Ride,123.1,transportation,simulated_bank_transactions_uk
2023-04-18,Card Payment Deliveroo Restaurant 244872,8.14,dining,simulated_bank_transactions_uk
2024-10-11,SUBSCRIPTION-AMAZON-PRIME 765140,38.21,subscriptions,simulated_bank_transactions_uk
2023-11-03,FPS/UTILITY/BILL/BRITISH/GAS,209.99,utilities,simulated_bank_transactions_uk
2024-01-18,Restaurant Kfc Fast,9.3,dining,simulated_bank_transactions_uk
2024-07-27,contactless sainsburys milk 366152,30.77,groceries,simulated_bank_transactions_uk
2023-01-09,Card/Pmt/Spotify 113986,39.3,subscriptions,simulated_bank_transactions_uk
2023-08-02,FUEL BP TRAIN TICKET 598281,74.53,transportation,simulated_bank_transactions_uk
2024-06-05,food-delivery-uber-eats-restaurant 125252,140.24,dining,simulated_bank_transactions_uk
2023-09-23,Online Purchase Hmrc Online Purchase 780670,41.7,other,simulated_bank_transactions_uk
2024-08-15,contactless bacs letting agent rent 211038,1340.42,housing,simulated_bank_transactions_uk
2024-08-12,bill payment ee,233.84,utilities,simulated_bank_transactions_uk
2024-03-04,RESTAURANT NANDO'S FOOD DELIVERY 789886,120.2,dining,simulated_bank_transactions_uk
2024-11-06,Fps Restaurant Kfc Fast Food 790463,41.24,dining,simulated_bank_transactions_uk
2023-06-27,Fps Card Payment Superdrug Online Purchase,86.74,other,simulated_bank_transactions_uk
2024-09-20,sto card pmt gym group,14.74,subscriptions,simulated_bank_transactions_uk
2023-12-26,Mastercard Subscription Gym Group 929336,35.49,subscriptions,simulated_bank_transactions_uk
2023-12-03,contactless waitrose vegetables 151806,37.86,groceries,simulated_bank_transactions_uk
2024-05-17,subscription google *services 879630,9.75,subscriptions,simulated_bank_transactions_uk
2023-07-21,Card Payment Sainsburys Rice 633297,42.08,groceries,simulated_bank_transactions_uk
2024-07-20,card pmt asda vegetables 61205,145.27,groceries,simulated_bank_transactions_uk
2023-10-05,Direct-Debit-Spotify 429537,31.51,subscriptions,simulated_bank_transactions_uk
2023-08-02,CARD PMT AMAZON ONLINE PURCHASE 122515,32.85,other,simulated_bank_transactions_uk
2024-06-03,CARD PMT DISNEY+ 979821,36.54,subscriptions,simulated_bank_transactions_uk
2024-03-29,food delivery costa restaurant 538129,83.61,dining,simulated_bank_transactions_uk
2023-08-28,CONTACTLESS BACS MORTGAGE RENT 425931,911.42,housing,simulated_bank_transactions_uk
2023-01-15,DIRECT DEBIT O2 223488,134.48,utilities,simulated_bank_transactions_uk
2023-01-09,ONLINE-PURCHASE-SUPERDRUG-MISC-EXPENSE,16.86,other,simulated_bank_transactions_uk
2023-12-24,card payment google *services 767524,8.95,subscriptions,simulated_bank_transactions_uk
2023-05-11,Utility/Bill/E.on,70.98,utilities,simulated_bank_transactions_uk
2023-06-20,card/payment/greggs/restaurant,54.26,dining,simulated_bank_transactions_uk
2023-06-24,contactless aldi eggs 150532,12.97,groceries,simulated_bank_transactions_uk
2024-09-17,Visa Pos Purchase Superdrug Online Purchase,134.48,other,simulated_bank_transactions_uk
2024-04-06,Pos Iceland Vegetables,98.9,groceries,simulated_bank_transactions_uk
2023-10-14,Card Pmt Kfc Restaurant,4.08,dining,simulated_bank_transactions_uk
2024-12-07,contactless sainsburys milk,11.32,groceries,simulated_bank_transactions_uk
2024-12-22,Card Food Delivery Nando's Food Delivery 844837,89.96,dining,simulated_bank_transactions_uk
2023-06-13,Fuel Shell Uber Ride 591966,86.06,transportation,simulated_bank_transactions_uk
2023-09-03,FUEL TFL BUS PASS 5585,149.68,transportation,simulated_bank_transactions_uk
2024-05-09,CARD PAYMENT SUPERDRUG ONLINE PURCHASE,11.75,other,simulated_bank_transactions_uk
2023-05-28,Rent/Payment/Mortgage 197911,1488.01,housing,simulated_bank_transactions_uk
2024-08-24,Bill*Pmt*British*Gas,132.44,utilities,simulated_bank_transactions_uk
2023-09-19,Pos Mortgage Payment Landlord 935935,1145.68,housing,simulated_bank_transactions_uk
2023-07-01,POS PURCHASE HMRC MISC EXPENSE 831,33.09,other,simulated_bank_transactions_uk
2023-11-02,Bacs Transport Bolt Uber Ride,148.8,transportation,simulated_bank_transactions_uk
2023-01-15,STO ONLINE PURCHASE BOOTS ONLINE PURCHASE,30.27,other,simulated_bank_transactions_uk
2023-04-13,Fuel-Esso-Train-Ticket,28.34,transportation,simulated_bank_transactions_uk
2023-02-22,Card/Contactless/Tesco/Chicken 402505,124.78,groceries,simulated_bank_transactions_uk
2024-06-22,Contactless*Morrisons*Bread 666600,47.91,groceries,simulated_bank_transactions_uk
2023-08-09,Food Delivery Nando's Re,104.07,dining,simulated_bank_transactions_uk
2024-07-13,Contactless Lidl Rice,4.76,groceries,simulated_bank_transactions_uk
2023-06-23,Food-Delivery-Mcdonalds-Fast-Food 284568,105.09,dining,simulated_bank_transactions_uk
2023-02-02,Contactless Sainsburys Bread 410670,117.52,groceries,simulated_bank_transactions_uk
2024-02-29,Subscription-Gym-Group,13.28,subscriptions,simulated_bank_transactions_uk
2024-02-24,Rent Pmt Landlord 631725,1104.55,housing,simulated_bank_transactions_uk
2024-05-02,CARD PMT AMAZON PRIME 645734,16.86,subscriptions,simulated_bank_transactions_uk
2023-09-07,subscription/spotify 336503,8.35,subscriptions,simulated_bank_transactions_uk
2023-01-13,Utility Bill Thames Water 646644,153.88,utilities,simulated_bank_transactions_uk
2024-04-17,Pos Asda Rice 2693,34.78,groceries,simulated_bank_transactions_uk
2023-02-05,contactless-sainsburys-bread 14,113.64,groceries,simulated_bank_transactions_uk
2023-07-29,Mortgage Payment R,730.93,housing,simulated_bank_transactions_uk
2024-04-28,subscription disney+ 816134,31.01,subscriptions,simulated_bank_transactions_uk
2023-05-26,POS CONTACTLESS LIDL VEGETABLES 55774,60.31,groceries,simulated_bank_transactions_uk
2023-11-20,Card Direct Debit O2 625363,211.2,utilities,simulated_bank_transactions_uk
2023-04-25,POS PURCHASE NHS MISC EXPENS,112.29,other,simulated_bank_transactions_uk
2024-07-14,Visa Restaurant Uber Eats Restaurant 451276,86.71,dining,simulated_bank_transactions_uk
2023-01-07,card/payment/argos/online/purchase 383123,72.67,other,simulated_bank_transactions_uk
2024-02-21,Food Delivery Costa Fast Food,48.04,dining,simulated_bank_transactions_uk
2023-11-05,Contactless Sainsburys Bread 940712,124.28,groceries,simulated_bank_transactions_uk
2023-05-28,card payment bolt train ticket,30.0,transportation,simulated_bank_transactions_uk
2023-05-28,card-payment-lidl-vegetables 954938,61.4,groceries,simulated_bank_transactions_uk
2024-08-24,Card*Pmt*Esso*Train*Ticket 5692,34.56,transportation,simulated_bank_transactions_uk
2024-11-11,card payment bp uber ride 294654,23.86,transportation,simulated_bank_transactions_uk
2024-04-01,RENT PMT RENT,1027.13,housing,simulated_bank_transactions_uk
2024-01-20,card online purchase hmrc misc expense 648317,132.85,other,simulated_bank_transactions_uk
2024-10-18,DIRECT DEBIT NETFLIX 532856,11.39,subscriptions,simulated_bank_transactions_uk
2023-05-14,CONTACTLESS*BACS*LANDLORD*RENT 901647,914.51,housing,simulated_bank_transactions_uk
2024-04-21,CARD CARD PAYMENT MCDONALDS FAST FOOD,14.6,dining,simulated_bank_transactions_uk
2024-11-24,Card Pmt Disney+,5.84,subscriptions,simulated_bank_transactions_uk
2024-01-03,Bill Payment O2 487576,211.98,utilities,simulated_bank_transactions_uk
2023-05-15,CARD PAYMENT PUREGYM,18.38,subscriptions,simulated_bank_transactions_uk
2023-04-24,pos contactless lidl milk 639693,87.52,groceries,simulated_bank_transactions_uk
2024-03-16,Direct Debit Card Pmt Trainline Uber Ride 357251,28.1,transportation,simulated_bank_transactions_uk
2024-09-13,visa card pmt puregym 317594,29.61,subscriptions,simulated_bank_transactions_uk
2024-07-23,Contactless Card Payment Nhs Misc Expense,40.53,other,simulated_bank_transactions_uk
2023-05-10,FOOD DELIVERY UBER EATS FOOD DELIVERY 788850,102.15,dining,simulated_bank_transactions_uk
2023-01-10,utility bill vodafone 30358,42.93,utilities,simulated_bank_transactions_uk
2023-01-25,card-pmt-google-*services 772123,20.97,subscriptions,simulated_bank_transactions_uk
2024-07-24,So Subscription Spotify,33.73,subscriptions,simulated_bank_transactions_uk
2023-02-03,Card Pmt Morrisons Chicken 34,19.1,groceries,simulated_bank_transactions_uk
2024-08-03,CARD/PMT/GREGGS/FAST/FOOD 876470,94.1,dining,simulated_bank_transactions_uk
2024-02-18,direct debit o2,39.59,utilities,simulated_bank_transactions_uk
2023-07-26,SUBSCRIPTION GYM GROUP,23.52,subscriptions,simulated_bank_transactions_uk
2024-10-02,Restaurant Just Eat Food Delivery,144.41,dining,simulated_bank_transactions_uk
2023-10-13,Utility Bill Severn Trent 888660,245.52,utilities,simulated_bank_transactions_uk
2023-02-10,direct debit disney+,14.46,subscriptions,simulated_bank_transactions_uk
2024-06-24,SUBSCRIPTION/GYM/GROUP 81695,25.09,subscriptions,simulated_bank_transactions_uk
2023-07-11,food delivery pret fast food 351568,43.33,dining,simulated_bank_transactions_uk
2023-07-24,Direct Debit O2,249.53,utilities,simulated_bank_transactions_uk
2023-01-15,Rent Pmt Landlord 727358,1639.56,housing,simulated_bank_transactions_uk
2023-08-02,FUEL ESSO BUS PASS 695487,3.22,transportation,simulated_bank_transactions_uk
2023-01-22,Fps Card Payment Ebay Online Purchase,3.29,other,simulated_bank_transactions_uk
2023-09-12,Mastercard Card Payment Sainsburys Chicken 921957,79.29,groceries,simulated_bank_transactions_uk
2024-02-17,Card Pmt Ebay Misc Expense 535658,112.34,other,simulated_bank_transactions_uk
2024-09-18,Food/Delivery/Uber/Eats/Restaurant 53965,90.28,dining,simulated_bank_transactions_uk
2024-08-08,pos asda milk,78.88,groceries,simulated_bank_transactions_uk
2023-05-02,Online Purchase Ebay Online Purchase 268817,20.83,other,simulated_bank_transactions_uk
2023-04-05,Card Payment Deliveroo Restaurant 653379,6.4,dining,simulated_bank_transactions_uk
2024-10-04,FOOD DELIVERY PRET FOOD DELIVERY 741821,113.69,dining,simulated_bank_transactions_uk
2024-04-12,Fps Direct Debit Sky 933931,138.78,utilities,simulated_bank_transactions_uk
2024-02-02,bacs letting agent rent 235074,1464.89,housing,simulated_bank_transactions_uk
2023-12-11,SO CONTACTLESS WAITROSE CHICKEN 351929,119.89,groceries,simulated_bank_transactions_uk
2024-07-14,Fuel Esso Uber Ride 405095,141.59,transportation,simulated_bank_transactions_uk
2024-02-02,FOOD DELIVERY PRET FAST FOOD,150.0,dining,simulated_bank_transactions_uk
2024-08-26,Utility Bill O2 224435,232.7,utilities,simulated_bank_transactions_uk
2023-05-02,subscription disney+ 252471,13.72,subscriptions,simulated_bank_transactions_uk
2024-04-01,Card-Contactless-Morrisons-Vegetables 614894,125.75,groceries,simulated_bank_transactions_uk
2023-03-29,Card*Pmt*Aldi*Milk 310060,79.94,groceries,simulated_bank_transactions_uk
2024-07-22,FUEL NATIONAL RAIL UBER RIDE,100.34,transportation,simulated_bank_transactions_uk
2023-05-25,contactless mortgage pmt mortgage,1061.62,housing,simulated_bank_transactions_uk
2023-01-19,Pos Purchase Boots Misc Expense 72534,25.06,other,simulated_bank_transactions_uk
2023-03-12,So Direct Debit Severn Trent,176.24,utilities,simulated_bank_transactions_uk
2023-09-02,TRANSPORT SHELL TRAIN TICKET 586215,50.62,transportation,simulated_bank_transactions_uk
2024-04-02,Bacs Transport Trainline Fuel 274293,63.43,transportation,simulated_bank_transactions_uk
2024-09-13,Card Pmt Uber Fuel,141.69,transportation,simulated_bank_transactions_uk
2023-10-07,MASTERCARD DIRECT DEBIT GOOGLE *SERVICES,36.17,subscriptions,simulated_bank_transactions_uk
2023-06-01,FPS*POS*PURCHASE*CURRYS*MISC*EXP,66.5,other,simulated_bank_transactions_uk
2023-10-01,Bacs Rent Rent,1370.75,housing,simulated_bank_transactions_uk
2024-07-06,BACS LANDLORD RENT 1674,1588.88,housing,simulated_bank_transactions_uk
2023-05-22,Contactless Lidl Vegetables,77.53,groceries,simulated_bank_transactions_uk
2023-10-23,rent-payment-mortgage,1435.05,housing,simulated_bank_transactions_uk
2024-02-05,Contactless Waitrose Bread 284397,144.26,groceries,simulated_bank_transactions_uk
2023-03-13,Bill-Payment-Octopus-Energy 690987,140.18,utilities,simulated_bank_transactions_uk
2023-05-20,RESTAURANT*COSTA*FAST*FOOD,104.26,dining,simulated_bank_transactions_uk
2024-01-03,Card Payment Deliveroo Restaurant 227188,119.08,dining,simulated_bank_transactions_uk
2023-08-16,Mortgage Payment Landlord 26605,823.68,housing,simulated_bank_transactions_uk
2023-10-29,BACS/FUEL/TRAINLINE/FUEL 541824,5.56,transportation,simulated_bank_transactions_uk
2024-07-27,pos iceland bread,94.1,groceries,simulated_bank_transactions_uk
2024-03-04,DIRECT DEBIT OCTOPUS ENERGY,55.56,utilities,simulated_bank_transactions_uk
2024-10-08,Contactless Contactless Morrisons Vegetables 855902,28.97,groceries,simulated_bank_transactions_uk
2023-10-21,Transport Esso Bus Pass 599254,85.98,transportation,simulated_bank_transactions_uk
2024-04-20,mortgage*payment*rent 605255,644.39,housing,simulated_bank_transactions_uk
2024-02-23,DIRECT DEBIT GYM GROUP 290454,14.26,subscriptions,simulated_bank_transactions_uk
2024-07-29,POS TESCO MILK 103030,15.53,groceries,simulated_bank_transactions_uk
2023-06-29,VISA BILL PMT SEVERN TRENT 564550,36.52,utilities,simulated_bank_transactions_uk
2024-10-04,DIRECT*DEBIT*THAMES*WATER,247.85,utilities,simulated_bank_transactions_uk
2023-05-09,food*delivery*nando's*restaurant 50763,54.57,dining,simulated_bank_transactions_uk
2024-06-29,POS*SAINSBURYS*VEGETABLES,135.95,groceries,simulated_bank_transactions_uk
2024-03-21,rent/payment/rent,1629.6,housing,simulated_bank_transactions_uk
2023-09-22,FPS*CARD*PMT*AMAZON*MISC*EXPENSE 585050,35.99,other,simulated_bank_transactions_uk
2023-11-09,card*fuel*national*rail*fuel 857529,109.63,transportation,simulated_bank_transactions_uk
2024-03-05,mastercard-mortgage-pmt-letting-agent 625078,1969.86,housing,simulated_bank_transactions_uk
2023-04-20,direct debit british gas,242.61,utilities,simulated_bank_transactions_uk
2024-05-26,DIRECT DEBIT AMAZON PRIME,5.24,subscriptions,simulated_bank_transactions_uk
2023-06-02,rent-pmt-landlor,1032.78,housing,simulated_bank_transactions_uk
2024-03-07,CARD PAYMENT SHELL TRAIN TICKET 378510,54.41,transportation,simulated_bank_transactions_uk
2024-07-01,Card Payment Morrisons Rice 241555,149.88,groceries,simulated_bank_transactions_uk
2024-11-26,POS UTILITY BILL BT 510417,196.51,utilities,simulated_bank_transactions_uk
2024-04-08,DIRECT DEBIT SCOTTISHPOWER 932119,70.32,utilities,simulated_bank_transactions_uk
2024-03-04,DIRECT DEBIT POS WAITROSE CHICKEN 25027,60.62,groceries,simulated_bank_transactions_uk
2024-02-14,Rent Pmt Letting Agen,1904.64,housing,simulated_bank_transactions_uk
2024-09-28,Direct Debit Ee,46.85,utilities,simulated_bank_transactions_uk
2024-03-28,Restaurant Kfc Fast Food,128.29,dining,simulated_bank_transactions_uk
2024-04-23,DIRECT DEBIT PUREGYM,15.27,subscriptions,simulated_bank_transactions_uk
2024-08-15,pos purchase currys online purchase 519778,100.37,other,simulated_bank_transactions_uk
2023-01-16,Pos Waitrose Vegetables,33.53,groceries,simulated_bank_transactions_uk
2023-04-22,POS WAITROSE RICE 424680,146.32,groceries,simulated_bank_transactions_uk
2024-05-09,Sto Pos Purchase Boots Misc Expense,76.59,other,simulated_bank_transactions_uk
2023-11-17,Card Payment Bp Train Ticket 353535,21.46,transportation,simulated_bank_transactions_uk
2023-11-11,Card Payment Nhs Misc Expense 831458,122.32,other,simulated_bank_transactions_uk
2024-01-23,So Pos Morrisons Eggs 214814,109.73,groceries,simulated_bank_transactions_uk
2023-12-11,CARD PAYMENT NETFLIX 327908,10.28,subscriptions,simulated_bank_transactions_uk
2024-09-11,Sto Card Pmt Boots Misc Expense 61128,126.99,other,simulated_bank_transactions_uk
2023-06-26,Mortgage-Payment-Mortgage 96832,959.49,housing,simulated_bank_transactions_uk
2023-10-11,pos lidl rice 278326,100.01,groceries,simulated_bank_transactions_uk
2023-04-01,online purchase nhs misc expense 668913,97.49,other,simulated_bank_transactions_uk
2024-12-28,Online Purchase Hmrc Online Purchase 50607,17.86,other,simulated_bank_transactions_uk
2023-03-24,DIRECT DEBIT NETFLIX 67048,24.13,subscriptions,simulated_bank_transactions_uk
2024-11-15,Direct Debit Disney+ 4389,5.09,subscriptions,simulated_bank_transactions_uk
2023-12-12,FPS CARD PMT COSTA RESTAURANT,48.09,dining,simulated_bank_transactions_uk
2023-07-03,bacs bacs landlord rent 886908,1809.6,housing,simulated_bank_transactions_uk
2024-03-05,rent payment rent,988.12,housing,simulated_bank_transactions_uk
2023-01-19,Direct Debit Gym Group 116221,19.18,subscriptions,simulated_bank_transactions_uk
2023-02-14,Transport Bolt Uber Ride 189191,123.03,transportation,simulated_bank_transactions_uk
2023-11-15,BILL-PAYMENT-E.ON 405903,223.2,utilities,simulated_bank_transactions_uk
2023-09-11,FPS DIRECT DEBIT O2,189.77,utilities,simulated_bank_transactions_uk
2024-02-16,ONLINE-PURCHASE-BOOTS-ONLINE-PURCHASE,20.41,other,simulated_bank_transactions_uk
2024-06-24,Contactless Sainsburys Eggs 490270,92.86,groceries,simulated_bank_transactions_uk
2023-09-03,RESTAURANT-UBER-EATS-RESTAURANT 146037,124.1,dining,simulated_bank_transactions_uk
2024-10-19,Fps*Restaurant*Kfc*Restaurant 132016,17.77,dining,simulated_bank_transactions_uk
2023-03-01,BACS/CARD/PAYMENT/CURRYS/MISC/EXPENSE 112009,10.77,other,simulated_bank_transactions_uk
2023-04-18,Bill Pmt Vodafone 928377,183.75,utilities,simulated_bank_transactions_uk
2024-09-10,CARD-PAYMENT-PUREGYM,25.73,subscriptions,simulated_bank_transactions_uk
2023-10-10,Card Pmt Morrisons Milk 34183,16.15,groceries,simulated_bank_transactions_uk
2024-05-01,contactless morrisons milk 270503,33.85,groceries,simulated_bank_transactions_uk
2024-12-07,Card-Pmt-Nhs-Online-Purchase,38.38,other,simulated_bank_transactions_uk
2024-04-22,restaurant just eat food delivery,17.54,dining,simulated_bank_transactions_uk
2023-04-18,card card pmt nhs misc expense 884238,9.7,other,simulated_bank_transactions_uk
2023-12-30,Rent Payment Mortgage,817.82,housing,simulated_bank_transactions_uk
2024-08-18,Contactless Mortgage Pmt Letting Agent 450152,961.72,housing,simulated_bank_transactions_uk
2024-06-20,BACS LETTING AGENT RENT,1490.59,housing,simulated_bank_transactions_uk
2024-10-05,card payment trainline bus pass,138.43,transportation,simulated_bank_transactions_uk
2024-03-24,CONTACTLESS LIDL MILK 350071,33.29,groceries,simulated_bank_transactions_uk
2023-06-19,Card Pmt Uber Train Ticket,52.64,transportation,simulated_bank_transactions_uk
2024-07-25,mortgage pmt mortgage 6554,1891.67,housing,simulated_bank_transactions_uk
2023-01-04,Pos Card Payment Amazon Prime 831826,20.53,subscriptions,simulated_bank_transactions_uk
2024-09-05,FOOD DELIVERY COSTA RESTAURANT,117.57,dining,simulated_bank_transactions_uk
2024-04-24,Pos-Purchase-Ebay-Online-Purchase 287603,108.11,other,simulated_bank_transactions_uk
2023-01-29,Pos Sainsburys Rice 605876,18.55,groceries,simulated_bank_transactions_uk
2024-04-26,subscription gym group 779419,32.27,subscriptions,simulated_bank_transactions_uk
2023-07-27,sto card pmt argos online purchase 897489,22.08,other,simulated_bank_transactions_uk
2023-05-04,FPS RENT PAYMENT LANDLORD 353214,1286.57,housing,simulated_bank_transactions_uk
2023-02-11,Subscription Apple.com/bill,34.31,subscriptions,simulated_bank_transactions_uk
2023-04-19,Card Payment Starbucks Fast Food 673497,85.27,dining,simulated_bank_transactions_uk
2024-07-14,pos*aldi*bread,120.35,groceries,simulated_bank_transactions_uk
2024-07-16,POS ALDI VEGETABLES 395680,109.25,groceries,simulated_bank_transactions_uk
2024-05-27,FUEL/BOLT/BUS/PASS,71.43,transportation,simulated_bank_transactions_uk
2023-09-21,Card Pmt Sainsburys Milk,27.95,groceries,simulated_bank_transactions_uk
2023-08-07,Rent-Pmt-Letting-Agent 353372,1675.25,housing,simulated_bank_transactions_uk
2023-05-05,FOOD*DELIVERY*JUST*EAT*RESTAURANT,26.85,dining,simulated_bank_transactions_uk
2024-01-29,contactless food delivery uber eats food delivery 683862,8.59,dining,simulated_bank_transactions_uk
2024-04-11,Contactless Subscription Disney+ 799037,24.3,subscriptions,simulated_bank_transactions_uk
2023-01-21,card pmt esso fuel,100.96,transportation,simulated_bank_transactions_uk
2024-01-01,RESTAURANT COSTA FAST FOOD 891856,103.29,dining,simulated_bank_transactions_uk
2023-05-02,Contactless Lidl Rice 783296,94.1,groceries,simulated_bank_transactions_uk
2023-05-26,Utility Bill E.on,236.71,utilities,simulated_bank_transactions_uk
2023-04-29,Card Payment Waitrose Eggs 185246,11.07,groceries,simulated_bank_transactions_uk
2023-05-29,Pos Purchase Argos Misc Expense 100584,134.51,other,simulated_bank_transactions_uk
2023-01-10,card pmt nando's restaurant 206641,3.65,dining,simulated_bank_transactions_uk
2024-10-26,mastercard utility bill thames water 581066,245.43,utilities,simulated_bank_transactions_uk
2023-08-05,SUBSCRIPTION PUREGYM,10.48,subscriptions,simulated_bank_transactions_uk
2024-08-14,RENT PMT RENT,1811.98,housing,simulated_bank_transactions_uk
2023-03-09,Bacs/Direct/Debit/Vodafone,94.42,utilities,simulated_bank_transactions_uk
2024-03-11,direct debit e.on,230.83,utilities,simulated_bank_transactions_uk
2023-08-23,SUBSCRIPTION*APPLE.CO,16.07,subscriptions,simulated_bank_transactions_uk
2023-03-14,bacs contactless iceland bread 673818,17.84,groceries,simulated_bank_transactions_uk
2024-07-17,restaurant just eat fast food 862520,108.8,dining,simulated_bank_transactions_uk
2024-12-31,Bacs Card Payment Kfc Food Delivery 30869,45.75,dining,simulated_bank_transactions_uk
2024-09-21,Card Payment Argos Online Purchase,36.97,other,simulated_bank_transactions_uk
2024-07-17,Direct Debit Card Payment Hmrc Misc Expense,37.2,other,simulated_bank_transactions_uk
2023-01-18,CARD PMT SAINSBURYS MILK,3.46,groceries,simulated_bank_transactions_uk
2023-10-10,contactless online purchase currys online purchase,132.43,other,simulated_bank_transactions_uk
2023-06-09,CARD*PAYMENT*KFC*FAST*FOOD,41.16,dining,simulated_bank_transactions_uk
2024-08-22,Card Pmt Greggs Food Delivery,123.58,dining,simulated_bank_transactions_uk
2023-05-06,Card/Card/Pmt/Currys/Misc/Expense,128.76,other,simulated_bank_transactions_uk
2023-12-12,card pmt shell fuel,39.28,transportation,simulated_bank_transactions_uk
2023-03-20,bacs*transport*tfl*uber*ride 707511,23.11,transportation,simulated_bank_transactions_uk
2023-04-11,Restaurant Just Eat Fast Food 391544,51.44,dining,simulated_bank_transactions_uk
2024-05-24,DIRECT DEBIT SCOTTISHPOWER,198.32,utilities,simulated_bank_transactions_uk
2024-01-21,bacs subscription apple.com/bill 612390,14.09,subscriptions,simulated_bank_transactions_uk
2024-09-04,mastercard card payment hmrc online purchase 539595,115.08,other,simulated_bank_transactions_uk
2024-01-28,food delivery starbucks restaurant,36.38,dining,simulated_bank_transactions_uk
2023-10-27,card payment asda bread 882861,46.46,groceries,simulated_bank_transactions_uk
2024-01-14,FOOD DELIVERY UBER EATS FOOD DELIVERY 889838,126.86,dining,simulated_bank_transactions_uk
2024-04-18,Pos Purchase Ebay Misc Expense,65.16,other,simulated_bank_transactions_uk
2023-03-08,FOOD DELIVERY DELIVEROO RESTAURANT 720453,8.39,dining,simulated_bank_transactions_uk
2023-07-28,Card Payment Kfc Restaurant 833180,7.02,dining,simulated_bank_transactions_uk
2024-01-06,Mastercard Card Payment Iceland Chicken 304713,71.19,groceries,simulated_bank_transactions_uk
2024-05-07,Fps Card Pmt Nando's Fast Food 841444,113.94,dining,simulated_bank_transactions_uk
2023-03-04,DIRECT DEBIT AMAZON PRIME,21.84,subscriptions,simulated_bank_transactions_uk
2023-08-22,pos utility bill vodafone 805538,97.52,utilities,simulated_bank_transactions_uk
2023-10-31,Direct Debit Amazon Prime 128385,36.1,subscriptions,simulated_bank_transactions_uk
2024-05-30,BACS CARD PAYMENT SUPERDRUG ONLINE PURCHASE,126.56,other,simulated_bank_transactions_uk
2024-11-18,Pos Purchase Nhs Misc Expense 744293,106.73,other,simulated_bank_transactions_uk
2023-12-07,So/Direct/Debit/E.on,153.78,utilities,simulated_bank_transactions_uk
2024-02-17,Card Pmt Esso Fuel 69287,103.73,transportation,simulated_bank_transactions_uk
2023-11-04,bill pmt scottishpower 439433,143.56,utilities,simulated_bank_transactions_uk
2023-09-14,Contactless*Morrisons*Rice 323880,64.24,groceries,simulated_bank_transactions_uk
2024-11-30,utility bill severn trent,226.32,utilities,simulated_bank_transactions_uk
2024-12-24,Direct Debit Thames Water 766810,44.87,utilities,simulated_bank_transactions_uk
2024-02-15,bill pmt bt,150.67,utilities,simulated_bank_transactions_uk
2024-01-02,Restaurant*Starbucks*Fast*Food 714136,104.67,dining,simulated_bank_transactions_uk
2024-05-31,SO DIRECT DEBIT APPLE.COM/BILL,23.52,subscriptions,simulated_bank_transactions_uk
2024-02-21,ONLINE-PURCHASE-EBAY-MISC-EXPENSE 772477,92.29,other,simulated_bank_transactions_uk
2024-06-19,mortgage payment landlord,1323.82,housing,simulated_bank_transactions_uk
2023-06-30,card payment pret food delivery,102.88,dining,simulated_bank_transactions_uk
2024-01-15,Contactless Sainsburys Vegetables,52.19,groceries,simulated_bank_transactions_uk
2023-12-22,Pos Purchase Boots Online Purchase 90445,41.18,other,simulated_bank_transactions_uk
2024-09-10,Pos Purchase Ebay Online Purchase,104.03,other,simulated_bank_transactions_uk
2024-08-14,So Card Pmt Argos Online Purchase,72.72,other,simulated_bank_transactions_uk
2023-12-02,Card Pmt Kfc Food Delivery,15.32,dining,simulated_bank_transactions_uk
2023-01-10,Card Subscription Apple.com/bill 673637,14.01,subscriptions,simulated_bank_transactions_uk
2023-11-26,CARD PAYMENT TFL TRAIN TICKET 465498,103.23,transportation,simulated_bank_transactions_uk
2024-04-30,Card-Card-Payment-Costa-Fast-Food 56621,11.49,dining,simulated_bank_transactions_uk
2023-12-14,card payment gym group,22.49,subscriptions,simulated_bank_transactions_uk
2023-03-20,DIRECT DEBIT FUEL NATIONAL RAIL BUS PASS,26.34,transportation,simulated_bank_transactions_uk
2024-06-23,DIRECT DEBIT PUREGYM,13.44,subscriptions,simulated_bank_transactions_uk
2024-05-03,Card Payment Shell Train Ticket 778033,127.23,transportation,simulated_bank_transactions_uk
2023-07-31,utility bill sky 910940,58.65,utilities,simulated_bank_transactions_uk
2024-10-20,VISA DIRECT DEBIT SEVERN TRENT 45611,68.6,utilities,simulated_bank_transactions_uk
2024-04-20,FPS DIRECT DEBIT BRITISH GAS 928417,197.55,utilities,simulated_bank_transactions_uk
2024-05-16,POS ONLINE PURCHASE NHS MISC EXPENSE 307556,98.73,other,simulated_bank_transactions_uk
2024-05-18,card pmt deliveroo food delivery,20.74,dining,simulated_bank_transactions_uk
2023-10-29,Contactless Iceland Rice 37766,27.16,groceries,simulated_bank_transactions_uk
2024-07-19,direct-debit-o2,89.01,utilities,simulated_bank_transactions_uk
2023-02-03,card/pmt/costa/food/delivery 64299,84.36,dining,simulated_bank_transactions_uk
2024-03-11,Fuel Bolt Train Ticket 664897,141.18,transportation,simulated_bank_transactions_uk
2023-07-03,DIRECT DEBIT GYM GROUP,34.98,subscriptions,simulated_bank_transactions_uk
2024-08-05,utility bill ee,194.31,utilities,simulated_bank_transactions_uk
2023-09-30,Online Purchase Superdrug Online Purchase 70032,17.06,other,simulated_bank_transactions_uk
2023-03-04,Direct Debit Bt 789643,212.34,utilities,simulated_bank_transactions_uk
2023-03-15,fps card payment pret food delivery 291086,6.72,dining,simulated_bank_transactions_uk
2023-01-20,RESTAURANT MCDONALDS FAST FOOD 572577,132.88,dining,simulated_bank_transactions_uk
2023-02-10,Direct Debit Sky,72.68,utilities,simulated_bank_transactions_uk
2023-10-26,Fuel Bolt Uber Ride 864719,141.38,transportation,simulated_bank_transactions_uk
2024-04-14,CARD/PMT/PUREGYM,19.46,subscriptions,simulated_bank_transactions_uk
2023-08-18,UTILITY BILL VODAFONE 391234,112.88,utilities,simulated_bank_transactions_uk
2024-03-27,ONLINE PURCHASE NHS ONLINE PURCHASE 406297,129.86,other,simulated_bank_transactions_uk
2023-09-05,Direct Debit Scottishpower,125.31,utilities,simulated_bank_transactions_uk
2023-02-03,subscription disney+ 443040,38.53,subscriptions,simulated_bank_transactions_uk
2023-03-04,BACS-LANDLORD-RENT 776015,1055.13,housing,simulated_bank_transactions_uk
2024-07-17,direct debit o2 186928,164.8,utilities,simulated_bank_transactions_uk
2023-08-13,CARD PMT BOLT UBER RIDE,105.74,transportation,simulated_bank_transactions_uk
2024-05-20,CARD MORTGAGE PAYMENT RENT,1581.0,housing,simulated_bank_transactions_uk
2024-02-01,Bill*Payment*Vodafone 633338,155.97,utilities,simulated_bank_transactions_uk
2024-07-30,Pos Direct Debit Sky,95.66,utilities,simulated_bank_transactions_uk
2024-03-16,Online Purchase Currys Misc Expense,11.75,other,simulated_bank_transactions_uk
2023-06-25,bacs/mortgage/rent 39949,1504.23,housing,simulated_bank_transactions_uk
2023-11-08,Food-Delivery-Uber-Eats-Restaurant 608926,84.29,dining,simulated_bank_transactions_uk
2023-09-29,card/pmt/tfl/train/ticket,89.45,transportation,simulated_bank_transactions_uk
2024-04-08,bacs card pmt disney+ 695855,18.08,subscriptions,simulated_bank_transactions_uk
2023-11-05,bacs landlord rent,1364.58,housing,simulated_bank_transactions_uk
2024-05-22,pos purchase hmrc online purchase,64.55,other,simulated_bank_transactions_uk
2023-01-23,Card Pmt Esso Fuel 35604,127.43,transportation,simulated_bank_transactions_uk
2023-04-16,BILL*PAYMENT*O2 744634,176.32,utilities,simulated_bank_transactions_uk
2023-03-21,direct-debit-disney+,10.81,subscriptions,simulated_bank_transactions_uk
2023-09-01,sto card payment bp bus pass,132.67,transportation,simulated_bank_transactions_uk
2023-02-05,DIRECT DEBIT DISNEY+ 155584,23.98,subscriptions,simulated_bank_transactions_uk
2023-07-17,subscription google *services 238629,10.49,subscriptions,simulated_bank_transactions_uk
2023-09-08,Sto Utility Bill Severn Trent 944066,240.63,utilities,simulated_bank_transactions_uk
2024-01-19,Fuel National Rail Uber,8.99,transportation,simulated_bank_transactions_uk
2023-04-27,mortgage pmt rent 237642,1962.8,housing,simulated_bank_transactions_uk
2023-12-03,Subscription Google *services,16.82,subscriptions,simulated_bank_transactions_uk
2024-02-19,Card*Pos*Purchase*Nhs*Online*Purchase,36.23,other,simulated_bank_transactions_uk
2023-10-19,SUBSCRIPTION GOOGLE *SERVICES 813819,33.3,subscriptions,simulated_bank_transactions_uk
2023-09-09,Mortgage Pmt Rent,1657.07,housing,simulated_bank_transactions_uk
2023-06-17,DIRECT DEBIT BT,84.18,utilities,simulated_bank_transactions_uk
2023-01-28,Subscription Netflix 9157,33.41,subscriptions,simulated_bank_transactions_uk
2023-10-03,fuel bp train ticket 596989,21.0,transportation,simulated_bank_transactions_uk
2024-08-16,card pmt argos misc expense 191314,16.3,other,simulated_bank_transactions_uk
2024-09-04,CONTACTLESS ALDI RICE,117.67,groceries,simulated_bank_transactions_uk
2024-09-18,RESTAURANT NANDO'S FAST FOOD 83980,136.43,dining,simulated_bank_transactions_uk
2023-05-27,card payment google *services,6.98,subscriptions,simulated_bank_transactions_uk
2024-04-15,DIRECT DEBIT OCTOPUS ENERGY 67796,46.56,utilities,simulated_bank_transactions_uk
2023-03-09,card*payment*esso*bus*pass,43.84,transportation,simulated_bank_transactions_uk
2023-10-02,CONTACTLESS/MORRISONS/RICE 933357,29.79,groceries,simulated_bank_transactions_uk
2023-12-17,card/rent/payment/mortgage 3,1862.36,housing,simulated_bank_transactions_uk
2024-04-02,card*payment*netflix 736779,11.33,subscriptions,simulated_bank_transactions_uk
2024-05-08,Contactless Waitrose Vegetables 286025,36.67,groceries,simulated_bank_transactions_uk
2023-05-12,Fuel Tfl Train Ticket,109.21,transportation,simulated_bank_transactions_uk
2023-06-04,Card Pmt Uber Eats Fast Food 536138,72.6,dining,simulated_bank_transactions_uk
2023-05-26,RENT PMT MORTGAGE,744.04,housing,simulated_bank_transactions_uk
2024-04-04,bacs rent rent,1196.01,housing,simulated_bank_transactions_uk
2024-08-07,Pos Purchase Currys Online Purchase 58980,6.89,other,simulated_bank_transactions_uk
2023-10-03,Subscription Google *services 731053,35.78,subscriptions,simulated_bank_transactions_uk
2023-07-15,card payment shell train ticket 101893,42.76,transportation,simulated_bank_transactions_uk
2023-12-06,Card Bill Pmt Thames Water 200957,182.04,utilities,simulated_bank_transactions_uk
2023-10-05,TRANSPORT/NATIONAL/RAIL/UBER/RIDE 951553,49.72,transportation,simulated_bank_transactions_uk
2023-11-03,POS DIRECT DEBIT O2 680513,170.77,utilities,simulated_bank_transactions_uk
2024-08-28,DIRECT DEBIT SKY 821813,127.16,utilities,simulated_bank_transactions_uk
2024-04-22,contactless*card*payment*kfc*food*delivery 806576,23.53,dining,simulated_bank_transactions_uk
2023-05-15,Pos*Direct*Debit*Amazon*Prime 161861,30.94,subscriptions,simulated_bank_transactions_uk
2023-09-18,Bill Pmt Vodafone,81.98,utilities,simulated_bank_transactions_uk
2023-04-23,Direct Debit Bacs Letting Agent Rent 924278,1355.58,housing,simulated_bank_transactions_uk
2023-11-06,Card Payment Amazon Prime 98024,38.92,subscriptions,simulated_bank_transactions_uk
2024-03-17,CARD PMT BOOTS MISC EXPENSE,75.42,other,simulated_bank_transactions_uk
2024-08-11,Food Delivery Greggs Food Delivery,59.18,dining,simulated_bank_transactions_uk
2024-08-26,UTILITY BILL SKY,196.66,utilities,simulated_bank_transactions_uk
2024-09-24,DIRECT DEBIT GOOGLE *SERVICES 382096,8.33,subscriptions,simulated_bank_transactions_uk
2024-07-09,card-pmt-asda-bread 247356,53.02,groceries,simulated_bank_transactions_uk
2024-06-16,rent pmt mortgage 933656,984.91,housing,simulated_bank_transactions_uk
2024-06-27,Transport Tfl Bus Pass 842072,111.08,transportation,simulated_bank_transactions_uk
2024-03-23,Direct Debit Vodafone 678616,100.54,utilities,simulated_bank_transactions_uk
2023-01-19,RENT PMT MORTGAGE 747931,1703.95,housing,simulated_bank_transactions_uk
2024-08-21,BACS RENT RENT 210,775.46,housing,simulated_bank_transactions_uk
2023-08-10,Pos Purchase Superdrug Online Purchase 532371,56.27,other,simulated_bank_transactions_uk
2023-03-24,Pos Purchase Currys Misc Expense 785488,111.36,other,simulated_bank_transactions_uk
2023-06-12,bacs pos purchase ebay misc expense 573821,27.81,other,simulated_bank_transactions_uk
2023-04-19,Direct Debit Bill Payment Ee 554358,31.9,utilities,simulated_bank_transactions_uk
2024-10-12,DIRECT DEBIT PUREGYM 441266,32.85,subscriptions,simulated_bank_transactions_uk
2023-11-04,restaurant deliveroo restaurant,114.27,dining,simulated_bank_transactions_uk
2023-07-13,card pmt just eat restaurant 274364,84.21,dining,simulated_bank_transactions_uk
2023-04-03,card*payment*spotify 574730,27.61,subscriptions,simulated_bank_transactions_uk
2023-09-09,POS PURCHASE EBAY ONLINE PURCHASE 265157,119.56,other,simulated_bank_transactions_uk
2024-08-10,Card Pmt Trainline Uber Ride,45.26,transportation,simulated_bank_transactions_uk
2024-11-01,DIRECT DEBIT BRITISH GAS 399038,163.21,utilities,simulated_bank_transactions_uk
2024-12-11,CARD PMT GREGGS FAST FOOD,28.03,dining,simulated_bank_transactions_uk
2024-02-13,Mastercard Food Delivery Pret Restaurant 7046,22.75,dining,simulated_bank_transactions_uk
2023-12-17,CARD-PAYMENT-WAITROSE-EGGS 104429,138.03,groceries,simulated_bank_transactions_uk
2024-01-05,Pos Purchase Superdrug Online Purchase 915417,144.54,other,simulated_bank_transactions_uk
2024-05-03,Restaurant Uber Eats Restaurant 253962,30.21,dining,simulated_bank_transactions_uk
2023-01-20,Pos Purchase Ebay Misc Expense,98.11,other,simulated_bank_transactions_uk
2023-03-28,BACS*RENT*RENT 3579,669.86,housing,simulated_bank_transactions_uk
2024-07-05,Direct Debit Netflix 880375,31.71,subscriptions,simulated_bank_transactions_uk
2024-04-19,Fps Subscription Amazon Prime,15.43,subscriptions,simulated_bank_transactions_uk
2023-08-16,FPS POS ICELAND MILK,142.6,groceries,simulated_bank_transactions_uk
2024-03-05,card*pmt*kfc*restaurant 222086,105.14,dining,simulated_bank_transactions_uk
2024-05-12,Pos Asda Chicken 55968,24.1,groceries,simulated_bank_transactions_uk
2023-04-24,Rent Pmt Letting Agent 710934,993.38,housing,simulated_bank_transactions_uk
2024-03-22,Mortgage Payment Mortgage,676.85,housing,simulated_bank_transactions_uk
2023-08-12,CARD-PMT-NHS-ONLINE-PURCHASE 255128,60.47,other,simulated_bank_transactions_uk
2023-08-22,Mortgage Payment Mortgage,1401.42,housing,simulated_bank_transactions_uk
2024-03-09,Restaurant-Starbucks-Restaurant,32.38,dining,simulated_bank_transactions_uk
2024-11-05,card card payment asda rice 176379,124.45,groceries,simulated_bank_transactions_uk
2023-07-22,Direct Debit Thames Water 626900,75.23,utilities,simulated_bank_transactions_uk
2024-10-20,Mastercard*Pos*Purchase*Boots*Misc*Expense 626461,19.86,other,simulated_bank_transactions_uk
2023-04-06,pos-purchase-nhs-misc-expense,44.62,other,simulated_bank_transactions_uk
2023-07-24,restaurant kfc fast food 771,23.17,dining,simulated_bank_transactions_uk
2023-10-22,so bacs landlord rent 714328,986.43,housing,simulated_bank_transactions_uk
2023-07-02,pos asda vegetables 709729,31.9,groceries,simulated_bank_transactions_uk
2024-02-02,restaurant costa fast food 929588,99.8,dining,simulated_bank_transactions_uk
2023-02-02,card payment amazon prime 202633,19.71,subscriptions,simulated_bank_transactions_uk
2023-09-15,restaurant kfc food delivery 301446,33.64,dining,simulated_bank_transactions_uk
2023-10-12,Subscription Gym Group,39.11,subscriptions,simulated_bank_transactions_uk
2023-12-15,Food Delivery Mcdonalds Restaurant 935767,72.59,dining,simulated_bank_transactions_uk
2023-01-21,Pos Contactless Tesco Chicken,83.92,groceries,simulated_bank_transactions_uk
2024-08-01,bacs/card/payment/waitrose/rice 373338,94.1,groceries,simulated_bank_transactions_uk
2023-06-22,bill/payment/octopus/energy 783794,70.21,utilities,simulated_bank_transactions_uk
2023-10-01,FPS CARD PMT BOLT TRAIN TICKET 131690,68.46,transportation,simulated_bank_transactions_uk
2024-05-23,pos purchase hmrc misc expense 670900,14.43,other,simulated_bank_transactions_uk
2023-12-10,SO/DIRECT/DEBIT/BT,124.25,utilities,simulated_bank_transactions_uk
2024-02-03,Pos*Purchase*Superdrug*Online*Purchase,76.64,other,simulated_bank_transactions_uk
2023-01-12,Subscription Amazon Prime 260356,31.63,subscriptions,simulated_bank_transactions_uk
2024-01-14,direct debit ee,200.0,utilities,simulated_bank_transactions_uk
2024-03-04,MORTGAGE/PAYMENT/MORTGAGE,1665.49,housing,simulated_bank_transactions_uk
2023-06-27,Subscription Amazon Prime 506102,29.09,subscriptions,simulated_bank_transactions_uk
2024-10-30,Bill Pmt Vodafone,88.57,utilities,simulated_bank_transactions_uk
2023-08-21,Contactless Sainsburys Milk 124427,90.56,groceries,simulated_bank_transactions_uk
2023-10-02,CONTACTLESS*CARD*PAYMENT*SPOTIFY,15.95,subscriptions,simulated_bank_transactions_uk
2023-11-25,POS DIRECT DEBIT VODAFONE 530210,91.28,utilities,simulated_bank_transactions_uk
2023-02-03,Pos Purchase Hmrc Online Purchase 566536,125.78,other,simulated_bank_transactions_uk
2024-11-19,Card*Subscription*Apple.com/bill 890515,7.72,subscriptions,simulated_bank_transactions_uk
2024-10-25,FOOD DELIVERY GREGGS RESTAURANT 382327,47.79,dining,simulated_bank_transactions_uk
2024-04-11,direct debit bacs letting agent rent 978529,1011.04,housing,simulated_bank_transactions_uk
2023-02-22,card-payment-netflix 640447,12.43,subscriptions,simulated_bank_transactions_uk
2024-07-09,CARD-RESTAURANT-KFC-FOOD-DELIVERY,58.15,dining,simulated_bank_transactions_uk
2023-12-26,Card Pmt Ebay Misc Expense 146696,126.96,other,simulated_bank_transactions_uk
2024-04-23,Food Delivery Pret Fast Food 837951,134.73,dining,simulated_bank_transactions_uk
2023-03-10,BILL PAYMENT OCTOPUS ENERGY,118.91,utilities,simulated_bank_transactions_uk
2023-03-31,Fuel Esso Bus Pass,132.69,transportation,simulated_bank_transactions_uk
2024-08-07,bacs-subscription-apple.com/bill 734333,31.13,subscriptions,simulated_bank_transactions_uk
2024-05-01,BACS-CARD-PMT-ASDA-MILK 88720,24.93,groceries,simulated_bank_transactions_uk
2024-06-13,Rent Pmt Letting Agent,754.0,housing,simulated_bank_transactions_uk
2024-04-10,FUEL BP BUS PASS,9.03,transportation,simulated_bank_transactions_uk
2024-01-08,rent-payment-landlord,1966.81,housing,simulated_bank_transactions_uk
2023-02-07,Card Pmt Starbucks Fast Food 5129,7.89,dining,simulated_bank_transactions_uk
2024-08-29,Bill Payment Bt,231.27,utilities,simulated_bank_transactions_uk
2024-10-22,Direct*Debit*Card*Payment*Google**services 704292,18.87,subscriptions,simulated_bank_transactions_uk
2024-02-19,CARD PMT KFC FOOD DELIVERY 679607,34.02,dining,simulated_bank_transactions_uk
2023-05-04,DIRECT/DEBIT/RESTAURANT/DELIVEROO/FOOD/DELIVERY 121441,119.34,dining,simulated_bank_transactions_uk
2024-02-25,card subscription amazon prime,11.42,subscriptions,simulated_bank_transactions_uk
2024-10-19,POS POS PURCHASE NHS MISC EXPENSE 528593,136.95,other,simulated_bank_transactions_uk
2024-06-08,Bacs-Fuel-Bolt-Uber-Rid,93.3,transportation,simulated_bank_transactions_uk
2024-03-17,Card Payment Uber Eats Food Delivery 374065,98.12,dining,simulated_bank_transactions_uk
2023-12-04,TRANSPORT SHELL TRAIN TICKET 952006,76.85,transportation,simulated_bank_transactions_uk
2024-08-09,RENT PMT LETTING AGENT 146967,1652.0,housing,simulated_bank_transactions_uk
2023-06-23,Restaurant Kfc Restaurant,47.79,dining,simulated_bank_transactions_uk
2023-11-19,bacs/letting/agent/rent,633.7,housing,simulated_bank_transactions_uk
2024-11-17,BACS CARD PMT ARGOS MISC EXPENSE 151645,127.68,other,simulated_bank_transactions_uk
2023-05-01,CONTACTLESS MORTGAGE PMT RENT 927433,794.6,housing,simulated_bank_transactions_uk
2024-07-28,RENT PAYMENT LETTING AGENT,1507.08,housing,simulated_bank_transactions_uk
2024-07-12,Visa*Card*Pmt*Uber*Eats*Food*Delivery 974681,115.43,dining,simulated_bank_transactions_uk
2024-03-29,Card*Pmt*Boots*Misc*Expense,103.37,other,simulated_bank_transactions_uk
2023-07-11,card payment waitrose rice,60.44,groceries,simulated_bank_transactions_uk
2024-02-16,Pos Purchase Hmrc Online Purchase 539781,115.09,other,simulated_bank_transactions_uk
2024-11-23,CARD/PAYMENT/CURRYS/ONLINE/PURCHASE,87.95,other,simulated_bank_transactions_uk
2024-08-17,pos tesco rice 312018,31.17,groceries,simulated_bank_transactions_uk
2024-09-22,card*payment*apple.com/bill 998071,22.81,subscriptions,simulated_bank_transactions_uk
2024-07-03,contactless morrisons vegetables 725617,149.29,groceries,simulated_bank_transactions_uk
2024-12-20,Bill Payment British Ga,63.86,utilities,simulated_bank_transactions_uk
2023-08-27,Transport Trainline Train Ticket 924097,116.57,transportation,simulated_bank_transactions_uk
2023-01-07,restaurant costa restaurant 5970,70.26,dining,simulated_bank_transactions_uk
2023-09-26,Direct Debit Amazon Pri,15.78,subscriptions,simulated_bank_transactions_uk
2023-07-31,Card Bill Payment E.on 381253,64.7,utilities,simulated_bank_transactions_uk
2023-09-01,BACS LETTING AGENT R,721.94,housing,simulated_bank_transactions_uk
2024-10-17,TRANSPORT NATIONAL RAIL BUS PASS 236204,104.0,transportation,simulated_bank_transactions_uk
2024-08-02,Subscription Google *services,14.88,subscriptions,simulated_bank_transactions_uk
2024-09-05,subscription puregym 459868,39.79,subscriptions,simulated_bank_transactions_uk
2024-03-25,So*Direct*Debit*E.on,210.3,utilities,simulated_bank_transactions_uk
2024-06-27,Bill Payment Vodafone 482830,249.17,utilities,simulated_bank_transactions_uk
2023-10-12,bill-payment-british-gas,230.74,utilities,simulated_bank_transactions_uk
2024-12-11,Card Bacs Rent Rent 11587,1576.32,housing,simulated_bank_transactions_uk
2024-02-29,Rent Payment Letting Agent 577414,1354.29,housing,simulated_bank_transactions_uk
2023-01-06,FOOD-DELIVERY-NANDO'S-FOOD-DELIVERY,129.42,dining,simulated_bank_transactions_uk
2024-10-18,CONTACTLESS FOOD DELIVERY GREGGS FOOD DELIVERY 102521,58.41,dining,simulated_bank_transactions_uk
2023-12-18,SO FUEL NATIONAL RAIL TRAIN TICKET 971993,102.64,transportation,simulated_bank_transactions_uk
2023-09-16,Rent Pmt Mortgage,1510.69,housing,simulated_bank_transactions_uk
2024-10-31,ONLINE PURCHASE AMAZON ONLINE PURCHASE 244944,135.48,other,simulated_bank_transactions_uk
2024-04-04,direct debit subscription spotify 255698,11.99,subscriptions,simulated_bank_transactions_uk
2023-02-25,card-pmt-argos-online-purchase 977345,19.82,other,simulated_bank_transactions_uk
2024-04-01,BACS CARD PMT AMAZON PRIME 838761,15.44,subscriptions,simulated_bank_transactions_uk
2024-10-06,card pmt aldi bread 200298,7.57,groceries,simulated_bank_transactions_uk
2023-03-09,Subscription Netflix,36.44,subscriptions,simulated_bank_transactions_uk
2024-06-25,food delivery costa restaurant,62.11,dining,simulated_bank_transactions_uk
2023-10-31,DIRECT DEBIT BRITISH GAS 934229,173.28,utilities,simulated_bank_transactions_uk
2023-12-01,ONLINE PURCHASE HMRC MISC EXPENSE,126.84,other,simulated_bank_transactions_uk
2023-01-20,ONLINE*PURCHASE*ARGOS*ONLINE*PURCHASE,100.1,other,simulated_bank_transactions_uk
2024-11-06,restaurant mcdonalds restaurant,78.9,dining,simulated_bank_transactions_uk
2024-10-24,direct debit apple.com/bill 558617,11.43,subscriptions,simulated_bank_transactions_uk
2023-03-19,food-delivery-deliveroo-food-delivery 2755,43.51,dining,simulated_bank_transactions_uk
2024-08-29,CARD PAYMENT JUST EAT FOOD DELIVERY,3.32,dining,simulated_bank_transactions_uk
2024-01-30,mortgage-payment-landlord,1838.38,housing,simulated_bank_transactions_uk
2024-04-28,direct debit online purchase nhs online purchase,28.21,other,simulated_bank_transactions_uk
2024-07-24,Restaurant-Uber-Eats-Fast-Food 65153,22.47,dining,simulated_bank_transactions_uk
2023-01-18,VISA POS WAITROSE CHICKEN 4101,22.62,groceries,simulated_bank_transactions_uk
2023-06-29,Utility Bill Vodafone 434861,169.83,utilities,simulated_bank_transactions_uk
2023-09-28,Food Delivery Just Eat Restaurant 133622,101.86,dining,simulated_bank_transactions_uk
2024-09-01,fuel trainline bus pass 295424,35.1,transportation,simulated_bank_transactions_uk
2024-10-19,CARD PMT GREGGS FOOD DELIVERY 484610,98.69,dining,simulated_bank_transactions_uk
2024-11-27,Fuel Uber Bus Pass 6122,149.75,transportation,simulated_bank_transactions_uk
2023-03-25,online purchase boots misc e,135.3,other,simulated_bank_transactions_uk
2024-11-08,bacs direct debit british gas,94.95,utilities,simulated_bank_transactions_uk
2024-01-18,Rent Payment Mortgage 884220,1520.68,housing,simulated_bank_transactions_uk
2023-06-09,utility-bill-thames-water 93645,158.82,utilities,simulated_bank_transactions_uk
2024-07-18,bill pmt e.on 106735,31.97,utilities,simulated_bank_transactions_uk
2024-12-22,CARD PMT SHELL FUEL,62.55,transportation,simulated_bank_transactions_uk
2024-10-26,FPS POS SAINSBURYS BREAD 727230,92.68,groceries,simulated_bank_transactions_uk
2023-10-28,pos*purchase*currys*misc*expense 757482,3.11,other,simulated_bank_transactions_uk
2024-12-07,bill pmt e.on,215.78,utilities,simulated_bank_transactions_uk
2023-08-16,Transport Uber Uber Ride,54.73,transportation,simulated_bank_transactions_uk
2024-12-17,Rent Pmt Mortgage,1655.46,housing,simulated_bank_transactions_uk
2023-10-13,DIRECT DEBIT NETFLIX,32.26,subscriptions,simulated_bank_transactions_uk
2024-12-19,RENT PAYMENT LETTING AGENT 253121,1823.19,housing,simulated_bank_transactions_uk
2024-08-06,TRANSPORT UBER TRAIN TICKET,20.47,transportation,simulated_bank_transactions_uk
2024-01-14,CONTACTLESS-RESTAURANT-JUST-EAT-FAST-FOOD,39.57,dining,simulated_bank_transactions_uk
2023-07-22,STO CARD PMT SHELL FUEL 962628,63.43,transportation,simulated_bank_transactions_uk
2024-04-19,UTILITY BILL BT 624776,113.86,utilities,simulated_bank_transactions_uk
2024-08-22,card/payment/spotify 429415,19.27,subscriptions,simulated_bank_transactions_uk
2023-11-14,pos morrisons bread,57.81,groceries,simulated_bank_transactions_uk
2024-11-13,card pmt puregym 741929,34.94,subscriptions,simulated_bank_transactions_uk
2023-07-10,direct*debit*sky,239.29,utilities,simulated_bank_transactions_uk
2024-02-25,CARD CARD PMT SPOTIFY,10.8,subscriptions,simulated_bank_transactions_uk
2024-02-12,So Subscription Pu,18.43,subscriptions,simulated_bank_transactions_uk
2024-08-05,card pmt asda rice,142.45,groceries,simulated_bank_transactions_uk
2024-01-22,DIRECT DEBIT GYM GROUP 606027,36.24,subscriptions,simulated_bank_transactions_uk
2024-11-04,Subscription/Puregym 253455,38.18,subscriptions,simulated_bank_transactions_uk
2024-09-09,Card-Payment-Boots-Online-Purchase 410376,89.43,other,simulated_bank_transactions_uk
2024-07-20,ONLINE PURCHASE NHS ONLINE PURCHASE 790137,34.65,other,simulated_bank_transactions_uk
2024-06-11,BACS MORTGAGE RENT 334978,1159.74,housing,simulated_bank_transactions_uk
2024-09-17,RESTAURANT GREGGS FOOD DELIVERY,75.83,dining,simulated_bank_transactions_uk
2023-11-05,Utility Bill British Gas 483865,125.44,utilities,simulated_bank_transactions_uk
2023-06-26,POS LIDL BREAD 757173,40.46,groceries,simulated_bank_transactions_uk
2023-09-15,card pmt aldi chicken 98174,142.29,groceries,simulated_bank_transactions_uk
2024-06-24,Card*Pmt*Amazon*Prime 60509,12.0,subscriptions,simulated_bank_transactions_uk
2023-06-08,Rent Payment Rent,1439.29,housing,simulated_bank_transactions_uk
2023-03-10,DIRECT*DEBIT*BRITISH*GAS,30.97,utilities,simulated_bank_transactions_uk
2024-11-05,Direct Debit Fuel Bp Bus Pass 455877,10.3,transportation,simulated_bank_transactions_uk
2024-09-23,direct/debit/rent/payment/landlord 23948,805.51,housing,simulated_bank_transactions_uk
2024-10-29,Rent Payment M,1026.94,housing,simulated_bank_transactions_uk
2024-07-31,RENT PAYMENT MORTGAGE 638364,1819.0,housing,simulated_bank_transactions_uk
2023-01-18,pos asda bread 642030,47.18,groceries,simulated_bank_transactions_uk
2024-07-10,CARD BILL PMT VODAFONE 297661,228.25,utilities,simulated_bank_transactions_uk
2024-09-19,food delivery just eat restaurant 300657,7.88,dining,simulated_bank_transactions_uk
2024-01-28,card pmt google *services,34.15,subscriptions,simulated_bank_transactions_uk
2024-11-14,CARD PAYMENT NATIONAL RAIL TRAIN TICKET 889627,112.12,transportation,simulated_bank_transactions_uk
2024-09-27,RENT PMT LETTING AGENT,615.9,housing,simulated_bank_transactions_uk
2023-12-11,rent pmt rent 587981,855.71,housing,simulated_bank_transactions_uk
2024-05-11,pos*purchase*nhs*online*purchase 82105,7.55,other,simulated_bank_transactions_uk
2023-04-15,card payment pret fast food,92.47,dining,simulated_bank_transactions_uk
2023-05-09,Direct Debit Puregym 548288,26.72,subscriptions,simulated_bank_transactions_uk
2023-02-04,CARD PMT PUREGYM 883219,39.26,subscriptions,simulated_bank_transactions_uk
2023-01-05,mastercard*mortgage*payment*letting*agent 558078,784.39,housing,simulated_bank_transactions_uk
2023-09-09,CARD POS WAITROSE RICE 245781,99.86,groceries,simulated_bank_transactions_uk
2023-04-13,bacs landlord rent 534729,1171.89,housing,simulated_bank_transactions_uk
2023-06-06,card pmt spotify 839718,39.24,subscriptions,simulated_bank_transactions_uk
2023-01-07,online-purchase-superdrug-misc-expense 910180,127.89,other,simulated_bank_transactions_uk
2023-11-11,CARD PAYMENT BP TRAIN TICKET,119.92,transportation,simulated_bank_transactions_uk
2023-06-17,Restaurant Uber Eats Fast Food 333573,20.72,dining,simulated_bank_transactions_uk
2024-11-03,TRANSPORT UBER TRAIN TICKET 131378,144.76,transportation,simulated_bank_transactions_uk
2024-02-19,Mastercard Direct Debit Sky 755782,99.46,utilities,simulated_bank_transactions_uk
2024-05-16,card pmt aldi milk 305205,10.62,groceries,simulated_bank_transactions_uk
2023-03-17,STO CARD PAYMENT KFC RESTAURANT 864302,97.43,dining,simulated_bank_transactions_uk
2024-03-05,RESTAURANT STARBUCKS FAST FOOD 550843,12.13,dining,simulated_bank_transactions_uk
2023-07-03,Pos Iceland Chicken 794717,114.98,groceries,simulated_bank_transactions_uk
2024-09-28,CARD/PAYMENT/ASDA/BREAD 314374,105.17,groceries,simulated_bank_transactions_uk
2023-07-18,mortgage payment letting agent 312339,1321.89,housing,simulated_bank_transactions_uk
2023-07-08,BACS DIRECT DEBIT SCOTTISHPOWER 940217,95.62,utilities,simulated_bank_transactions_uk
2023-11-14,card pmt nhs misc expense,128.21,other,simulated_bank_transactions_uk
2024-09-15,TRANSPORT/BOLT/FUEL,45.13,transportation,simulated_bank_transactions_uk
2023-01-27,VISA CONTACTLESS SAINSBURYS EGGS 102026,75.53,groceries,simulated_bank_transactions_uk
2024-03-01,SO RESTAURANT JUST EAT FOOD DELIVERY,143.94,dining,simulated_bank_transactions_uk
2023-11-19,So Card Pmt Argos Online Purchase 82062,116.85,other,simulated_bank_transactions_uk
2024-04-26,BACS*POS*TESCO*MILK 301872,104.7,groceries,simulated_bank_transactions_uk
2024-09-14,restaurant/starbucks/fast/food 65870,14.2,dining,simulated_bank_transactions_uk
2024-12-05,pos lidl rice 271051,95.59,groceries,simulated_bank_transactions_uk
2024-11-04,direct debit direct debit gym group 444366,29.33,subscriptions,simulated_bank_transactions_uk
2023-07-17,BILL/PMT/THAMES/WATER 92,107.37,utilities,simulated_bank_transactions_uk
2023-03-17,FUEL*SHELL*UBER*RIDE 281216,91.94,transportation,simulated_bank_transactions_uk
2024-07-11,direct*debit*google**services,17.05,subscriptions,simulated_bank_transactions_uk
2023-11-25,Mortgage*Pmt*Landlord 632755,1730.86,housing,simulated_bank_transactions_uk
2024-09-26,card payment ebay misc expense,41.3,other,simulated_bank_transactions_uk
2024-09-08,CARD-PAYMENT-DELIVEROO-FOOD-DELIVERY 761434,56.76,dining,simulated_bank_transactions_uk
2024-05-18,bacs landlord rent 105381,665.65,housing,simulated_bank_transactions_uk
2023-10-19,card pmt amazon misc expense 200653,3.4,other,simulated_bank_transactions_uk
2023-01-13,card/payment/iceland/chicken 194208,39.14,groceries,simulated_bank_transactions_uk
2024-07-06,rent payment rent 456814,1036.46,housing,simulated_bank_transactions_uk
2023-09-12,Sto Fuel Bolt Uber Ride 764518,149.19,transportation,simulated_bank_transactions_uk
2024-07-06,Card/Pmt/Spotify 151518,11.24,subscriptions,simulated_bank_transactions_uk
2024-01-27,Mastercard Pos Waitrose Vegetables,33.72,groceries,simulated_bank_transactions_uk
2023-02-10,CARD PAYMENT PRET RESTAURANT 138632,115.78,dining,simulated_bank_transactions_uk
2024-02-13,utility bill british gas 599996,149.68,utilities,simulated_bank_transactions_uk
2023-01-22,FPS MORTGAGE PMT LETTING AGENT,1570.72,housing,simulated_bank_transactions_uk
2024-02-06,Mortgage Pmt Landlord 128690,617.43,housing,simulated_bank_transactions_uk
2023-12-13,fuel*uber*train*ticket 661169,92.39,transportation,simulated_bank_transactions_uk
2024-03-23,CARD PMT WAITROSE RIC,44.53,groceries,simulated_bank_transactions_uk
2023-12-17,Rent*Payment*Letting*Agent,1611.32,housing,simulated_bank_transactions_uk
2023-07-14,Bacs Landlord Rent 367447,677.69,housing,simulated_bank_transactions_uk
2024-05-30,SUBSCRIPTION APPLE.COM/BILL,34.75,subscriptions,simulated_bank_transactions_uk
2024-05-14,direct debit apple.com/bill 747222,34.42,subscriptions,simulated_bank_transactions_uk
2024-09-11,card payment sainsburys chicken,108.82,groceries,simulated_bank_transactions_uk
2023-06-22,DIRECT DEBIT PUREGYM 498761,6.49,subscriptions,simulated_bank_transactions_uk
2024-09-05,So*Pos*Asda*Vegetables,108.2,groceries,simulated_bank_transactions_uk
2024-12-10,RENT PAYMENT LANDLORD 425535,1612.04,housing,simulated_bank_transactions_uk
2023-07-24,VISA MORTGAGE PAYMENT MORTGAGE 894859,710.41,housing,simulated_bank_transactions_uk
2023-04-09,Rent Pmt Mortgage 217125,1130.0,housing,simulated_bank_transactions_uk
2024-07-28,Sto Card Payment Trainline Bus Pass,84.37,transportation,simulated_bank_transactions_uk
2024-02-13,Contactless Waitrose Eggs 389536,26.96,groceries,simulated_bank_transactions_uk
2024-11-02,POS BILL PMT SEVERN TRENT 760788,54.52,utilities,simulated_bank_transactions_uk
2024-04-10,restaurant*kfc*restaurant 670205,46.4,dining,simulated_bank_transactions_uk
2023-11-18,ONLINE PURCHASE EBAY ONLINE PURCHASE,24.57,other,simulated_bank_transactions_uk
2023-10-07,POS DIRECT DEBIT THAMES WATER 339878,134.73,utilities,simulated_bank_transactions_uk
2024-12-15,Fps*Card*Pmt*Trainline*Bus*Pass 42,46.55,transportation,simulated_bank_transactions_uk
2024-11-26,CARD PAYMENT NHS ONLINE PURCHASE 922077,129.94,other,simulated_bank_transactions_uk
2023-03-23,Mortgage Pmt Mortgage 644982,1853.56,housing,simulated_bank_transactions_uk
2023-03-17,food delivery starbucks restaurant 641391,45.52,dining,simulated_bank_transactions_uk
2024-08-13,SO POS PURCHASE HMRC MISC EXPENSE,110.19,other,simulated_bank_transactions_uk
2024-05-12,card pmt esso fuel 517999,131.83,transportation,simulated_bank_transactions_uk
2023-05-16,contactless online purchase currys misc expense 661051,149.68,other,simulated_bank_transactions_uk
2023-12-01,fps online purchase ebay misc expense 263499,29.43,other,simulated_bank_transactions_uk
2023-01-14,Bacs Letting Agent Rent 868527,1108.62,housing,simulated_bank_transactions_uk
2023-01-17,utility bill bt 208775,147.62,utilities,simulated_bank_transactions_uk
2024-04-04,Utility Bill Severn Trent 657819,152.22,utilities,simulated_bank_transactions_uk
2024-06-13,Card Pmt Lidl Bread 365891,136.31,groceries,simulated_bank_transactions_uk
2023-02-23,Food Delivery Greggs Restaurant,51.6,dining,simulated_bank_transactions_uk
2024-02-10,RESTAURANT/MCDONALDS/RESTAURANT,9.1,dining,simulated_bank_transactions_uk
2023-05-13,fps bill pmt octopus energy 46570,111.61,utilities,simulated_bank_transactions_uk
2023-01-09,contactless rent pmt mortgage 497736,1200.51,housing,simulated_bank_transactions_uk
2023-08-10,CARD PMT SPOTIFY 17107,5.38,subscriptions,simulated_bank_transactions_uk
2023-03-02,Card Subscription Spoti,39.6,subscriptions,simulated_bank_transactions_uk
2023-05-27,So Online Purchase Currys Online Purchase 489710,96.95,other,simulated_bank_transactions_uk
2023-09-26,Fps Card Pmt National Rail Train Ticket 80167,6.43,transportation,simulated_bank_transactions_uk
2024-04-16,Card Payment Bolt Train Ticket,104.22,transportation,simulated_bank_transactions_uk
2024-12-13,Pos Purchase Hmrc Misc Expense 620237,86.56,other,simulated_bank_transactions_uk
2024-10-26,Card Payment Puregym 536720,8.92,subscriptions,simulated_bank_transactions_uk
2023-02-12,online purchase currys online purchase 561665,145.47,other,simulated_bank_transactions_uk
2024-03-16,bacs contactless morrisons chicken 766099,108.34,groceries,simulated_bank_transactions_uk
2024-04-19,Contactless Asda Bread 665864,129.87,groceries,simulated_bank_transactions_uk
2024-11-08,Card Pmt Bp Fuel,140.36,transportation,simulated_bank_transactions_uk
2024-10-07,Card Pmt Esso Bus Pass 726474,122.26,transportation,simulated_bank_transactions_uk
2024-07-24,Subscription Netflix 688505,15.0,subscriptions,simulated_bank_transactions_uk
2023-08-19,SUBSCRIPTION PUREGYM 972605,37.4,subscriptions,simulated_bank_transactions_uk
2024-07-28,direct debit disney+ 677095,5.57,subscriptions,simulated_bank_transactions_uk
2024-02-03,DIRECT DEBIT CARD PMT WAITROSE VEGETABLES,83.56,groceries,simulated_bank_transactions_uk
2023-10-18,direct debit transport national rail bus pass 176587,80.82,transportation,simulated_bank_transactions_uk
2024-02-12,Card*Payment*Amazon*Misc*Expense 794351,115.03,other,simulated_bank_transactions_uk
2024-09-03,Food Delivery Just Eat Restaurant,130.44,dining,simulated_bank_transactions_uk
2024-05-20,mastercard-pos-purchase-amazon-misc-expense 83560,24.96,other,simulated_bank_transactions_uk
2024-01-25,So*Direct*Debit*Puregym 118233,29.48,subscriptions,simulated_bank_transactions_uk
2024-02-23,card*pmt*asda*bread 826814,145.52,groceries,simulated_bank_transactions_uk
2023-11-14,Card Contactless Tesco Rice,126.53,groceries,simulated_bank_transactions_uk
2024-04-04,direct debit disney+ 88420,5.37,subscriptions,simulated_bank_transactions_uk
2024-02-20,Card Payment Currys Online Purchase 710798,114.39,other,simulated_bank_transactions_uk
2023-03-06,MASTERCARD CONTACTLESS SAINSBURYS BREAD,31.92,groceries,simulated_bank_transactions_uk
2024-01-19,FUEL NATIONAL RAIL BUS PASS 980092,6.99,transportation,simulated_bank_transactions_uk
2024-10-12,Mastercard Direct Debit British Gas 32,80.69,utilities,simulated_bank_transactions_uk
2023-04-07,POS MORRISONS RICE 742070,76.07,groceries,simulated_bank_transactions_uk
2024-06-23,card pmt trainline fuel,10.93,transportation,simulated_bank_transactions_uk
2023-05-13,CARD PMT KFC FOOD DELIVERY,12.09,dining,simulated_bank_transactions_uk
2024-08-27,BILL/PMT/OCTOPUS/ENERGY 433085,76.02,utilities,simulated_bank_transactions_uk
2023-09-29,CONTACTLESS-CARD-PAYMENT-BP-BU,68.02,transportation,simulated_bank_transactions_uk
2023-09-28,contactless card pmt sainsburys vegetables 644123,58.18,groceries,simulated_bank_transactions_uk
2023-11-24,MORTGAGE-PAYMENT-MORTGAGE 995283,1552.01,housing,simulated_bank_transactions_uk
2024-04-16,mortgage payment mortgage 702133,1047.05,housing,simulated_bank_transactions_uk
2023-03-23,CONTACTLESS WAITROSE CHICKEN 219799,140.24,groceries,simulated_bank_transactions_uk
2023-11-04,Online*Purchase*Boots*Misc*Expense 37216,66.9,other,simulated_bank_transactions_uk
2024-03-15,Card Pmt Ebay Misc Expense,88.37,other,simulated_bank_transactions_uk
2024-07-21,card payment bolt fuel 19026,133.12,transportation,simulated_bank_transactions_uk
2024-05-21,DIRECT DEBIT BT,186.97,utilities,simulated_bank_transactions_uk
2023-01-08,TRANSPORT BP FUEL 514380,61.21,transportation,simulated_bank_transactions_uk
2023-07-10,Transport Trainline Fuel 807670,10.23,transportation,simulated_bank_transactions_uk
2023-04-01,Direct Debit Scottishpower 223138,206.28,utilities,simulated_bank_transactions_uk
2024-10-19,fps direct debit disney+ 716113,5.21,subscriptions,simulated_bank_transactions_uk
2023-01-27,POS MORRISONS CHICKEN 961114,30.28,groceries,simulated_bank_transactions_uk
2023-07-14,SUBSCRIPTION/AMAZON/PRIME 392476,13.47,subscriptions,simulated_bank_transactions_uk
2024-09-10,Card Pmt Hmrc Online Purchase 66,104.46,other,simulated_bank_transactions_uk
2023-08-04,Fps*Bacs*Rent*Rent 558694,1555.66,housing,simulated_bank_transactions_uk
2024-07-28,subscription disney+ 394629,6.4,subscriptions,simulated_bank_transactions_uk
2024-02-09,Direct*Debit*O2,66.05,utilities,simulated_bank_transactions_uk
2024-08-30,CARD PAYMENT ARGOS MISC EXPENSE 914008,58.28,other,simulated_bank_transactions_uk
2023-08-31,CONTACTLESS/MORTGAGE/PAYMENT/LANDLORD,1215.01,housing,simulated_bank_transactions_uk
2023-12-13,DIRECT DEBIT APPLE.COM/BILL 465289,30.23,subscriptions,simulated_bank_transactions_uk
2023-07-06,direct debit mortgage pmt landlord 338368,933.62,housing,simulated_bank_transactions_uk
2024-12-06,Pos-Waitrose-Chicken 792457,16.81,groceries,simulated_bank_transactions_uk
2023-07-13,POS WAITROSE MILK 472404,65.22,groceries,simulated_bank_transactions_uk
2023-08-06,Bill Payment Thames Water 29929,94.53,utilities,simulated_bank_transactions_uk
2024-09-11,TRANSPORT BP FUEL,100.0,transportation,simulated_bank_transactions_uk
2024-11-19,SUBSCRIPTION APPLE.COM/BILL 972008,26.28,subscriptions,simulated_bank_transactions_uk
2023-03-28,FOOD/DELIVERY/GREGGS/FAST/FOOD,123.52,dining,simulated_bank_transactions_uk
2023-05-10,transport uber bus pass,104.44,transportation,simulated_bank_transactions_uk
2024-03-29,Fps Food Delivery Pret Restaurant 540407,137.48,dining,simulated_bank_transactions_uk
2024-09-15,Transport-National-Rail-Fuel,86.55,transportation,simulated_bank_transactions_uk
2023-05-08,CARD/PMT/GOOGLE/*SERVICES 817365,38.58,subscriptions,simulated_bank_transactions_uk
2024-02-07,Visa Pos Tesco Milk 627718,108.34,groceries,simulated_bank_transactions_uk
2023-08-07,Pos Purchase Argos Misc Expense,147.75,other,simulated_bank_transactions_uk
2024-10-02,RENT/PAYMENT/LETTING/AGENT,1661.72,housing,simulated_bank_transactions_uk
2024-04-23,Fps Mortgage Payment Mor,1289.87,housing,simulated_bank_transactions_uk
2023-03-19,RESTAURANT JUST EAT RESTAURANT,32.95,dining,simulated_bank_transactions_uk
2023-02-04,FOOD-DELIVERY-COSTA-FOOD-DELIVERY 196860,77.42,dining,simulated_bank_transactions_uk
2024-05-04,RESTAURANT JUST EAT FAST FOOD 479902,139.5,dining,simulated_bank_transactions_uk
2024-07-25,CONTACTLESS ALDI RICE 612013,3.51,groceries,simulated_bank_transactions_uk
2023-02-05,card pmt uber uber ride 731745,37.99,transportation,simulated_bank_transactions_uk
2024-05-30,transport tfl bus pass 214659,27.91,transportation,simulated_bank_transactions_uk
2023-10-22,Online Purchase Currys Misc Expense 693441,22.88,other,simulated_bank_transactions_uk
2024-10-17,Pos Iceland Vegetables 863626,124.14,groceries,simulated_bank_transactions_uk
2023-02-24,Food Delivery Uber Eats Food Delivery,46.73,dining,simulated_bank_transactions_uk
2024-03-20,Utility Bill Octopus Energy 93591,178.59,utilities,simulated_bank_transactions_uk
2024-03-14,POS FOOD DELIVERY NANDO'S FAST FOOD,77.43,dining,simulated_bank_transactions_uk
2024-08-05,CONTACTLESS FOOD DELIVERY NANDO'S FAST FOOD 559975,23.24,dining,simulated_bank_transactions_uk
2023-01-15,CARD PAYMENT MORRISONS RICE 232994,125.07,groceries,simulated_bank_transactions_uk
2024-02-19,CONTACTLESS POS PURCHASE AMAZON ONLINE PURCHASE 886082,39.03,other,simulated_bank_transactions_uk
2024-02-18,utility bill ee 761435,204.65,utilities,simulated_bank_transactions_uk
2023-03-14,POS ONLINE PURCHASE SUPERDRUG MISC EXPENSE 576371,142.04,other,simulated_bank_transactions_uk
2024-09-01,Transport Uber Fuel 595355,42.29,transportation,simulated_bank_transactions_uk
2023-04-17,CARD-PAYMENT-NANDO'S-FOOD-DELIVERY,89.17,dining,simulated_bank_transactions_uk
2024-08-07,direct debit gym group 539801,29.46,subscriptions,simulated_bank_transactions_uk
2024-12-26,Bacs Rent Rent 472998,1774.1,housing,simulated_bank_transactions_uk
2024-12-24,card payment shell uber ride,40.88,transportation,simulated_bank_transactions_uk
2023-11-19,direct-debit-apple.com/bill 52806,30.9,subscriptions,simulated_bank_transactions_uk
2023-10-16,card payment ebay misc expense 562809,5.09,other,simulated_bank_transactions_uk
2024-03-02,subscription amazon prime 404492,12.26,subscriptions,simulated_bank_transactions_uk
2023-05-11,ONLINE PURCHASE CURRYS MISC EXPENSE 29394,46.6,other,simulated_bank_transactions_uk
2024-01-26,BILL PAYMENT VODAFONE 110636,86.6,utilities,simulated_bank_transactions_uk
2024-07-15,Direct Debit Card Payment Morrisons Bread 402069,17.82,groceries,simulated_bank_transactions_uk
2024-10-28,direct debit puregym 90227,23.68,subscriptions,simulated_bank_transactions_uk
2023-04-17,card*pmt*morrisons*vegetables,130.45,groceries,simulated_bank_transactions_uk
2023-12-14,So Card Payment National Rail Bus Pass,85.67,transportation,simulated_bank_transactions_uk
2023-07-06,DIRECT DEBIT E.ON 658970,183.96,utilities,simulated_bank_transactions_uk
2023-06-17,card mortgage pmt rent 89981,1578.62,housing,simulated_bank_transactions_uk
2024-12-21,fps-utility-bill-bt,243.88,utilities,simulated_bank_transactions_uk
2024-10-14,FUEL ESSO FUEL,47.13,transportation,simulated_bank_transactions_uk
2024-05-31,Direct Debit British Gas 466319,131.44,utilities,simulated_bank_transactions_uk
2024-05-28,CONTACTLESS MORTGAGE PAYMENT LETTING AGENT 462836,1318.75,housing,simulated_bank_transactions_uk
2024-04-06,Sto Subscription Google *,9.51,subscriptions,simulated_bank_transactions_uk
2023-12-04,Subscription*Apple.com/bill 780657,21.91,subscriptions,simulated_bank_transactions_uk
2024-01-29,rent pmt landlord 814678,1331.02,housing,simulated_bank_transactions_uk
2023-09-19,bacs landlord rent 736649,879.9,housing,simulated_bank_transactions_uk
2024-08-11,POS CARD PMT APPLE.COM/BILL 618846,15.71,subscriptions,simulated_bank_transactions_uk
2024-02-05,DIRECT DEBIT NETFLIX 7,38.9,subscriptions,simulated_bank_transactions_uk
2024-03-14,contactless iceland vegetables 771629,50.71,groceries,simulated_bank_transactions_uk
2024-02-01,bacs rent rent 180645,1394.32,housing,simulated_bank_transactions_uk
2024-03-31,Utility*Bill*Bt,218.39,utilities,simulated_bank_transactions_uk
2024-07-10,BILL PMT E.ON 456714,56.25,utilities,simulated_bank_transactions_uk
2024-03-03,Contactless Waitrose Chicken,132.37,groceries,simulated_bank_transactions_uk
2023-01-08,Pos Asda Rice,61.91,groceries,simulated_bank_transactions_uk
2023-11-23,bacs*contactless*waitrose*rice 969982,50.43,groceries,simulated_bank_transactions_uk
2023-10-12,mastercard/rent/payment/letting/agent 435863,1168.89,housing,simulated_bank_transactions_uk
2024-06-19,Card/Payment/Esso/Fuel 302663,100.83,transportation,simulated_bank_transactions_uk
2024-01-03,Restaurant Nando's Fast Food 998446,51.18,dining,simulated_bank_transactions_uk
2023-06-26,STO/RESTAURANT/NANDO'S/FAST/FOOD 456127,17.68,dining,simulated_bank_transactions_uk
2023-01-06,Card-Card-Payment-Tfl-Fuel 276625,66.35,transportation,simulated_bank_transactions_uk
2024-04-02,mastercard/pos/sainsburys/milk 897405,59.8,groceries,simulated_bank_transactions_uk
2023-05-16,fuel esso fuel,121.83,transportation,simulated_bank_transactions_uk
2024-02-29,Card Pmt Esso Uber Ride 431939,55.54,transportation,simulated_bank_transactions_uk
2023-04-20,CARD-CARD-PMT-NANDO'S-FAST-FOOD 503854,40.54,dining,simulated_bank_transactions_uk
2023-09-24,utility bill octopus energy 991230,219.55,utilities,simulated_bank_transactions_uk
2024-04-28,CARD POS TESCO CHICKEN 422966,89.54,groceries,simulated_bank_transactions_uk
2023-07-26,TRANSPORT BOLT UBER RIDE,24.13,transportation,simulated_bank_transactions_uk
2023-01-18,UTILITY BILL OCTOPUS ENERGY 644414,249.58,utilities,simulated_bank_transactions_uk
2023-02-12,card payment netflix,33.72,subscriptions,simulated_bank_transactions_uk
2024-02-23,Bacs Rent Rent,1941.66,housing,simulated_bank_transactions_uk
2023-10-02,contactless-direct-debit-octopus-energy,95.63,utilities,simulated_bank_transactions_uk
2023-06-27,bill pmt severn trent 883757,120.47,utilities,simulated_bank_transactions_uk
2023-02-19,SO CARD PAYMENT LIDL VEGETABLES 63,51.92,groceries,simulated_bank_transactions_uk
2024-09-15,subscription amazon prime 811499,12.82,subscriptions,simulated_bank_transactions_uk
2023-08-06,pos-purchase-hmrc-misc-expense,112.77,other,simulated_bank_transactions_uk
2024-03-19,MASTERCARD CARD PMT TRAINLINE UBER RIDE 717945,88.83,transportation,simulated_bank_transactions_uk
2024-05-11,mortgage payment mortgage 846565,1265.88,housing,simulated_bank_transactions_uk
2023-10-07,Pos-Online-Purchase-Ebay-Misc-Expense 838100,22.83,other,simulated_bank_transactions_uk
2023-04-23,fuel esso train ticket 650360,84.62,transportation,simulated_bank_transactions_uk
2023-01-14,CONTACTLESS BILL PMT THAMES WATER 651788,89.47,utilities,simulated_bank_transactions_uk
2024-04-20,CARD/PAYMENT/TRAINLINE/BUS/PASS,137.41,transportation,simulated_bank_transactions_uk
2024-12-08,Utility Bill Scottishpower 804323,113.08,utilities,simulated_bank_transactions_uk
2023-01-15,Restaurant Uber Eats Fast Food,148.21,dining,simulated_bank_transactions_uk
2023-08-17,Visa Subscription Spotify 903522,27.37,subscriptions,simulated_bank_transactions_uk
2024-08-21,CARD PMT NETFLIX,36.09,subscriptions,simulated_bank_transactions_uk
2024-03-18,card payment hmrc online purchase 122375,23.63,other,simulated_bank_transactions_uk
2023-09-14,CONTACTLESS SAINSBURYS BREAD 88928,108.43,groceries,simulated_bank_transactions_uk
2023-02-15,Pos-Fuel-Uber-Train-Ticket,98.65,transportation,simulated_bank_transactions_uk
2023-12-29,POS-PURCHASE-EBAY-ONLINE-PURCHASE 666426,145.51,other,simulated_bank_transactions_uk
2024-06-17,Direct Debit Spotify 242218,9.9,subscriptions,simulated_bank_transactions_uk
2023-11-16,card pmt trainline uber ride 744923,71.89,transportation,simulated_bank_transactions_uk
2024-03-26,Utility-Bill-Thames-Water 223748,153.97,utilities,simulated_bank_transactions_uk
2024-04-16,Mortgage/Pmt/Letting/Agent 952610,1345.63,housing,simulated_bank_transactions_uk
2023-04-27,Card Fuel Bolt Bus Pass,143.48,transportation,simulated_bank_transactions_uk
2023-10-01,RENT PAYMENT LANDLORD 968552,1859.1,housing,simulated_bank_transactions_uk
2023-05-13,Mortgage Pmt Rent,1301.2,housing,simulated_bank_transactions_uk
2024-06-16,ONLINE*PURCHASE*HMRC*MISC*EXPENSE 64297,118.65,other,simulated_bank_transactions_uk
2023-10-11,Online Purchase Amazon Misc Expense 725359,105.36,other,simulated_bank_transactions_uk
2023-09-08,pos morrisons chicken,64.78,groceries,simulated_bank_transactions_uk
2023-02-01,MORTGAGE/PMT/LANDLORD 209181,1848.1,housing,simulated_bank_transactions_uk
2024-09-29,mortgage pmt letting agent 961195,1127.44,housing,simulated_bank_transactions_uk
2024-03-06,CARD PAYMENT BOOTS MISC EXPENSE 763455,27.36,other,simulated_bank_transactions_uk
2024-06-12,direct debit online purchase superdrug misc expense 416916,46.0,other,simulated_bank_transactions_uk
2024-12-17,utility*bill*sky,127.56,utilities,simulated_bank_transactions_uk
2024-08-27,Pos Waitrose Rice 167701,62.22,groceries,simulated_bank_transactions_uk
2024-06-26,utility bill ee 832853,245.98,utilities,simulated_bank_transactions_uk
2024-05-27,Bacs/Pos/Purchase/Hmrc/Online/Purchase 299945,71.9,other,simulated_bank_transactions_uk
2024-01-06,Pos Direct Debit Scottishpower,225.0,utilities,simulated_bank_transactions_uk
2024-02-29,POS PURCHASE EBAY MISC EXPENSE 274363,85.78,other,simulated_bank_transactions_uk
2024-03-06,STO SUBSCRIPTION NETFLIX,5.82,subscriptions,simulated_bank_transactions_uk
2023-08-14,direct debit bt 276341,189.49,utilities,simulated_bank_transactions_uk
2024-08-16,Mortgage-Payment-Rent 469835,1474.54,housing,simulated_bank_transactions_uk
2023-08-22,card payment tesco bread 902290,132.93,groceries,simulated_bank_transactions_uk
2023-02-27,Restaurant Just Eat Food Delivery 733041,124.65,dining,simulated_bank_transactions_uk
2024-03-14,POS ASDA VEGETABLES,122.45,groceries,simulated_bank_transactions_uk
2024-07-09,fuel bolt bus pass 13023,131.32,transportation,simulated_bank_transactions_uk
2023-10-15,Mortgage Payment Letting Agent,1844.0,housing,simulated_bank_transactions_uk
2024-08-17,Card Pmt Boots Misc Expense,147.71,other,simulated_bank_transactions_uk
2024-03-31,CARD PAYMENT BP BUS PASS 463170,13.38,transportation,simulated_bank_transactions_uk
2023-07-27,CONTACTLESS CARD PMT STARBUCKS FAST FOOD 425486,49.15,dining,simulated_bank_transactions_uk
2024-07-11,CARD*PMT*GOOGLE**SERVICES 548517,33.65,subscriptions,simulated_bank_transactions_uk
2023-08-04,Card/Payment/Pureg,34.5,subscriptions,simulated_bank_transactions_uk
2024-08-20,Card Payment Nando's Food Delivery 123917,12.75,dining,simulated_bank_transactions_uk
2023-03-01,Mastercard Card Payment Sainsburys Eggs 852701,75.63,groceries,simulated_bank_transactions_uk
2024-09-15,Card Payment Apple.com/bill 617606,22.85,subscriptions,simulated_bank_transactions_uk
2024-07-17,CARD PAYMENT BOOTS MISC EXPENSE 338760,27.64,other,simulated_bank_transactions_uk
2023-07-30,direct debit ee,127.52,utilities,simulated_bank_transactions_uk
2024-12-02,Direct Debit Disney+ 347104,38.58,subscriptions,simulated_bank_transactions_uk
2023-09-01,card food delivery greggs fast food 864915,14.65,dining,simulated_bank_transactions_uk
2024-10-08,Direct Debit Apple.com/bill 813755,11.31,subscriptions,simulated_bank_transactions_uk
2023-12-08,Card Payment Nhs Online Purchase,95.91,other,simulated_bank_transactions_uk
2023-04-13,RENT PMT MORTGAGE 769488,1730.19,housing,simulated_bank_transactions_uk
2023-04-11,Utility/Bill/Scottishpower 686,202.51,utilities,simulated_bank_transactions_uk
2024-05-15,direct/debit/google/*services 210888,5.93,subscriptions,simulated_bank_transactions_uk
2024-09-02,Contactless Asda Rice 311460,60.04,groceries,simulated_bank_transactions_uk
2024-08-23,card/payment/aldi/milk,9.92,groceries,simulated_bank_transactions_uk
2024-07-22,bill payment e.on,62.28,utilities,simulated_bank_transactions_uk
2023-08-18,VISA UTILITY BILL SCOTTISHPOWER,226.56,utilities,simulated_bank_transactions_uk
2024-09-14,fuel esso fuel 640231,100.22,transportation,simulated_bank_transactions_uk
2023-11-20,SO CARD PAYMENT MCDONALDS RESTAURANT 998561,38.66,dining,simulated_bank_transactions_uk
2024-04-16,FPS/POS/LIDL/RICE 943264,75.15,groceries,simulated_bank_transactions_uk
2023-08-19,Subscription Gym Group 570668,23.15,subscriptions,simulated_bank_transactions_uk
2024-05-13,BILL PAYMENT BT 186026,128.14,utilities,simulated_bank_transactions_uk
2023-06-24,sto restaurant greggs restaurant,111.74,dining,simulated_bank_transactions_uk
2023-12-04,card payment argos online purchase 991863,17.72,other,simulated_bank_transactions_uk
2023-11-22,transport*national*rail*uber*ride 5022,103.16,transportation,simulated_bank_transactions_uk
2024-01-02,Food/Delivery/Greggs/Food/Delivery 644107,136.05,dining,simulated_bank_transactions_uk
2024-11-22,contactless direct debit o2 551144,165.93,utilities,simulated_bank_transactions_uk
2023-10-14,Visa Mortgage Payment Mortgage,1595.27,housing,simulated_bank_transactions_uk
2024-06-05,fps fuel tfl uber ride,48.74,transportation,simulated_bank_transactions_uk
2023-03-07,card pmt google *services 770234,7.67,subscriptions,simulated_bank_transactions_uk
2024-10-29,Direct Debit Card Payment Shell Fuel 619475,142.79,transportation,simulated_bank_transactions_uk
2024-10-25,RENT PMT LANDLORD,1910.69,housing,simulated_bank_transactions_uk
2023-07-23,POS PURCHASE NHS MISC EXPENSE,128.07,other,simulated_bank_transactions_uk
2023-04-27,SO RESTAURANT PRET FOOD DELIVERY 166960,148.6,dining,simulated_bank_transactions_uk
2024-06-30,Card Pmt National Rail Fuel,123.41,transportation,simulated_bank_transactions_uk
2024-03-24,Subscription Netflix 468883,25.4,subscriptions,simulated_bank_transactions_uk
2024-07-04,Pos Purchase Superdrug Misc Expense 46231,93.83,other,simulated_bank_transactions_uk
2023-11-06,CONTACTLESS ICELAND BREAD 533773,37.12,groceries,simulated_bank_transactions_uk
2024-06-08,Online Purchase Amazon Misc Expense 940727,55.5,other,simulated_bank_transactions_uk
2024-04-29,Transport Tfl Bus Pass 143133,63.57,transportation,simulated_bank_transactions_uk
2023-08-26,Mastercard Subscription Netflix,31.64,subscriptions,simulated_bank_transactions_uk
2024-03-13,ONLINE PURCHASE SUPERDRUG MISC EXPENSE 881975,109.67,other,simulated_bank_transactions_uk
2023-08-12,TRANSPORT TFL UBER RIDE 231735,12.76,transportation,simulated_bank_transactions_uk
2024-06-02,BILL PAYMENT BT 953700,196.84,utilities,simulated_bank_transactions_uk
2024-05-25,bacs rent rent 145836,1097.09,housing,simulated_bank_transactions_uk
2023-06-14,CARD PAYMENT NATIONAL RAIL FUEL,106.84,transportation,simulated_bank_transactions_uk
2023-08-28,subscription*gym*group,28.19,subscriptions,simulated_bank_transactions_uk
2024-07-26,Pos Lidl Chicken,60.84,groceries,simulated_bank_transactions_uk
2023-05-20,pos purchase hmrc online purchase 427725,107.47,other,simulated_bank_transactions_uk
2024-12-23,DIRECT DEBIT APPLE.COM/BILL 360712,17.89,subscriptions,simulated_bank_transactions_uk
2023-08-21,Mortgage Payment Landlord,1994.3,housing,simulated_bank_transactions_uk
2024-01-17,bill payment ee 170200,112.7,utilities,simulated_bank_transactions_uk
2023-09-18,Pos-Iceland-Chicken,54.0,groceries,simulated_bank_transactions_uk
2023-01-25,Subscription Disney+,32.9,subscriptions,simulated_bank_transactions_uk
2024-01-29,food delivery kfc restaurant 139257,47.08,dining,simulated_bank_transactions_uk
2024-02-03,card pmt nhs misc expense 414214,107.23,other,simulated_bank_transactions_uk
2024-01-01,Utility*Bill*Severn*Trent,169.08,utilities,simulated_bank_transactions_uk
2024-05-13,Contactless Card Pmt Gym Group 132939,37.26,subscriptions,simulated_bank_transactions_uk
2024-03-28,CARD PAYMENT ESSO UBER RIDE,65.43,transportation,simulated_bank_transactions_uk
2023-06-15,Fps Pos Sainsburys Eggs 920881,4.93,groceries,simulated_bank_transactions_uk
2024-08-01,CONTACTLESS DIRECT DEBIT EE 50981,50.69,utilities,simulated_bank_transactions_uk
2023-04-12,SO/SUBSCRIPTION/DISNEY+ 917628,38.0,subscriptions,simulated_bank_transactions_uk
2024-01-31,bill pmt thames water,176.88,utilities,simulated_bank_transactions_uk
2024-07-29,Mortgage*Pmt*Landlord,957.2,housing,simulated_bank_transactions_uk
2023-05-12,direct debit o2 597064,93.32,utilities,simulated_bank_transactions_uk
2023-10-23,subscription*apple.com/bill 558712,23.76,subscriptions,simulated_bank_transactions_uk
2023-01-30,SO MORTGAGE PMT LANDLORD 942361,1678.91,housing,simulated_bank_transactions_uk
2024-10-11,Card Pmt Currys Online Purchase 186375,65.44,other,simulated_bank_transactions_uk
2024-10-23,Transport Trainline Uber Ride 502,87.55,transportation,simulated_bank_transactions_uk
2024-07-25,Subscription Gym Group 202321,11.55,subscriptions,simulated_bank_transactions_uk
2024-09-06,utility/bill/e.on,131.13,utilities,simulated_bank_transactions_uk
2023-03-21,bacs rent rent 279267,1179.41,housing,simulated_bank_transactions_uk
2024-02-08,contactless tesco bread 505860,149.62,groceries,simulated_bank_transactions_uk
2023-02-02,Utility Bill Vodafone 203110,239.03,utilities,simulated_bank_transactions_uk
2023-08-14,STO DIRECT DEBIT O2 224471,183.77,utilities,simulated_bank_transactions_uk
2023-08-02,Fuel Bolt Uber Ride,13.64,transportation,simulated_bank_transactions_uk
2024-03-07,BACS-RENT-RENT,1375.22,housing,simulated_bank_transactions_uk
2023-01-17,STO CARD PMT COSTA FAST FOOD 305118,93.73,dining,simulated_bank_transactions_uk
2024-09-21,CONTACTLESS WAITROSE RICE 485231,130.04,groceries,simulated_bank_transactions_uk
2023-11-08,Contactless Asda Eggs 906689,25.01,groceries,simulated_bank_transactions_uk
2023-10-28,card card pmt shell fuel 930183,20.68,transportation,simulated_bank_transactions_uk
2023-09-09,POS ICELAND CHICKEN,27.14,groceries,simulated_bank_transactions_uk
2023-11-08,card-payment-amazon-misc-expense,12.21,other,simulated_bank_transactions_uk
2024-03-20,card payment nhs misc expense 12466,136.47,other,simulated_bank_transactions_uk
2024-01-21,visa*transport*shell*train*ticket,130.68,transportation,simulated_bank_transactions_uk
2024-01-28,POS PURCHASE AMAZON ONLINE PURCHASE,19.18,other,simulated_bank_transactions_uk
2023-03-10,MASTERCARD UTILITY BILL THAMES WATER,113.51,utilities,simulated_bank_transactions_uk
2024-10-20,Card Payment Disney+ 870019,17.48,subscriptions,simulated_bank_transactions_uk
2023-12-31,contactless restaurant just eat food delivery 878733,96.15,dining,simulated_bank_transactions_uk
2024-03-25,STO SUBSCRIPTION GYM GROUP 696387,22.01,subscriptions,simulated_bank_transactions_uk
2023-11-02,STO FOOD DELIVERY GREGGS FAST FOOD 566062,122.35,dining,simulated_bank_transactions_uk
2024-07-14,Direct-Debit-Netflix 111004,37.46,subscriptions,simulated_bank_transactions_uk
2023-12-09,Mastercard-Transport-Uber-Uber-Ride 211744,146.0,transportation,simulated_bank_transactions_uk
2023-08-02,Card/Pmt/Trainline/Uber/Ride 53579,110.11,transportation,simulated_bank_transactions_uk
2024-11-30,pos purchase nhs misc expense 700047,117.58,other,simulated_bank_transactions_uk
2023-07-04,CARD PMT TRAINLINE FUEL 603268,73.72,transportation,simulated_bank_transactions_uk
2024-04-25,DIRECT*DEBIT*PUREGYM 534579,5.03,subscriptions,simulated_bank_transactions_uk
2023-03-09,pos purchase boots online purchase 42584,143.64,other,simulated_bank_transactions_uk
2024-12-13,fuel-shell-bus-pass,43.57,transportation,simulated_bank_transactions_uk
2023-10-27,pos lidl eggs 865397,103.94,groceries,simulated_bank_transactions_uk
2023-09-24,Subscription Google *services 990893,8.25,subscriptions,simulated_bank_transactions_uk
2023-11-21,Mortgage Pmt Landlord 863160,1253.18,housing,simulated_bank_transactions_uk
2023-10-24,so utility bill o2,181.4,utilities,simulated_bank_transactions_uk
2023-09-07,Bacs Contactless Aldi Chicken 169460,50.37,groceries,simulated_bank_transactions_uk
2024-03-11,RESTAURANT COSTA FAST FOOD 94216,98.64,dining,simulated_bank_transactions_uk
2024-12-16,CONTACTLESS/LIDL/CHICKEN 982386,31.56,groceries,simulated_bank_transactions_uk
2024-12-14,Card Payment Disney+ 272255,7.09,subscriptions,simulated_bank_transactions_uk
2023-07-31,VISA CARD PAYMENT PUREG,8.0,subscriptions,simulated_bank_transactions_uk
2023-09-14,Subscription Amazon Prime 753383,37.84,subscriptions,simulated_bank_transactions_uk
2024-10-08,Bill Pmt Vodafone 151622,120.76,utilities,simulated_bank_transactions_uk
2024-07-15,Sto Card Pmt Iceland Milk 66461,74.43,groceries,simulated_bank_transactions_uk
2023-02-16,POS-ASDA-CHICKEN,70.05,groceries,simulated_bank_transactions_uk
2024-03-09,direct debit disney+ 122896,23.36,subscriptions,simulated_bank_transactions_uk
2024-04-10,VISA TRANSPORT BOLT TRAIN TICKET,51.61,transportation,simulated_bank_transactions_uk
2024-07-15,Card*Pmt*Amazon*Online*Purchase 232786,62.76,other,simulated_bank_transactions_uk
2024-08-15,mortgage payment mortgage,1198.94,housing,simulated_bank_transactions_uk
2023-03-15,Direct*Debit*Rent*Payment*Rent 109062,1732.09,housing,simulated_bank_transactions_uk
2023-07-20,Transport-Bolt-Bus-Pass 112616,29.34,transportation,simulated_bank_transactions_uk
2023-07-09,contactless/morrisons/rice 476934,7.89,groceries,simulated_bank_transactions_uk
2023-12-10,utility-bill-scottishpower 985473,140.48,utilities,simulated_bank_transactions_uk
2023-12-01,rent pmt mortgage,626.41,housing,simulated_bank_transactions_uk
2023-04-08,Pos-Pos-Purchase-Ebay-Online-Purchase 8917,27.73,other,simulated_bank_transactions_uk
2023-01-28,card-pmt-morrisons-eggs,118.87,groceries,simulated_bank_transactions_uk
2023-04-16,FOOD DELIVERY UBER EATS FAST FOOD 40400,73.62,dining,simulated_bank_transactions_uk
2024-08-25,FPS FUEL UBER UBER RIDE 24249,40.65,transportation,simulated_bank_transactions_uk
2024-02-16,SUBSCRIPTION DISNEY+ 428031,39.41,subscriptions,simulated_bank_transactions_uk
2024-06-15,Visa Restaurant Uber Eats Restaurant 329955,33.25,dining,simulated_bank_transactions_uk
2023-02-08,Utility Bill Severn Trent,60.06,utilities,simulated_bank_transactions_uk
2024-08-24,CONTACTLESS TESCO EGGS 904995,37.12,groceries,simulated_bank_transactions_uk
2024-01-22,Utility Bill Scottishpower 602233,40.38,utilities,simulated_bank_transactions_uk
2024-09-20,direct debit o2,175.92,utilities,simulated_bank_transactions_uk
2023-04-27,Direct*Debit*Online*Purchase*Currys*Online*Purchase 42756,128.0,other,simulated_bank_transactions_uk
2023-11-11,online/purchase/currys/online/purchase,40.64,other,simulated_bank_transactions_uk
2024-10-19,Utility/Bill/Scottishpower 859795,72.34,utilities,simulated_bank_transactions_uk
2023-04-30,pos/direct/debit/e.on,113.34,utilities,simulated_bank_transactions_uk
2024-09-04,BACS CARD PAYMENT ARGOS ONLINE PURCHASE,26.27,other,simulated_bank_transactions_uk
2024-02-26,Fuel Uber Bus Pass,125.36,transportation,simulated_bank_transactions_uk
2023-07-10,sto bacs letting agent rent,903.21,housing,simulated_bank_transactions_uk
2024-09-16,visa direct debit netflix,33.15,subscriptions,simulated_bank_transactions_uk
2023-06-27,Restaurant Kfc Fast Food 555719,119.58,dining,simulated_bank_transactions_uk
2023-10-02,fuel-bp-fuel 369620,66.12,transportation,simulated_bank_transactions_uk
2024-01-01,bill pmt o2 806478,158.34,utilities,simulated_bank_transactions_uk
2024-04-29,direct/debit/thames/water 378024,170.06,utilities,simulated_bank_transactions_uk
2024-10-14,MORTGAGE/PMT/MORTGAGE 40,1401.99,housing,simulated_bank_transactions_uk
2023-08-26,Rent Payment Landlord 191450,1260.66,housing,simulated_bank_transactions_uk
2023-04-05,fuel uber fuel,125.72,transportation,simulated_bank_transactions_uk
2024-02-18,FUEL/UBER/TRAIN/TICKET,149.6,transportation,simulated_bank_transactions_uk
2023-03-09,FPS*FUEL*SHELL*BUS*PASS,85.72,transportation,simulated_bank_transactions_uk
2024-02-04,transport uber fuel 843906,115.31,transportation,simulated_bank_transactions_uk
2024-06-07,Bill Pmt Severn Trent 709691,221.91,utilities,simulated_bank_transactions_uk
2024-03-02,Pos Iceland Chicken,137.67,groceries,simulated_bank_transactions_uk
2024-01-14,CARD PMT TRAINLINE UBER RIDE,42.19,transportation,simulated_bank_transactions_uk
2024-01-15,visa*bill*pmt*ee 975860,157.95,utilities,simulated_bank_transactions_uk
2023-10-05,Contactless Bill Payment Severn Trent 547509,201.04,utilities,simulated_bank_transactions_uk
2023-11-22,card*payment*hmrc*misc*expense 528220,66.84,other,simulated_bank_transactions_uk
2024-12-16,Bacs Landlord Rent,1385.67,housing,simulated_bank_transactions_uk
2024-08-13,CONTACTLESS MORTGAGE PMT RENT 919938,1487.31,housing,simulated_bank_transactions_uk
2023-07-27,DIRECT-DEBIT-SPOTIFY,10.39,subscriptions,simulated_bank_transactions_uk
2023-11-01,Bacs Landlord Rent 770,1429.35,housing,simulated_bank_transactions_uk
2023-06-10,POS LIDL EGGS 259390,72.8,groceries,simulated_bank_transactions_uk
2024-03-04,CARD/MORTGAGE/PAYMENT/MORTGAGE,1576.98,housing,simulated_bank_transactions_uk
2024-11-06,Utility Bill Bt 918796,76.75,utilities,simulated_bank_transactions_uk
2024-05-27,TRANSPORT NATIONAL RAIL FUEL 8535,83.63,transportation,simulated_bank_transactions_uk
2024-02-27,Bacs Mortgage Rent 986220,1408.85,housing,simulated_bank_transactions_uk
2024-07-05,CARD PMT SUPERDRUG ONLINE PURCHASE 112781,60.81,other,simulated_bank_transactions_uk
2023-08-31,direct debit octopus energy 524898,159.85,utilities,simulated_bank_transactions_uk
2024-11-04,Subscription Spotify 7607,31.56,subscriptions,simulated_bank_transactions_uk
2023-08-18,So Card Pmt Morrisons Rice 616829,17.14,groceries,simulated_bank_transactions_uk
2024-06-11,Contactless Bacs Mortgage Rent,1855.71,housing,simulated_bank_transactions_uk
2023-09-08,Bacs Letting Agent Rent,723.74,housing,simulated_bank_transactions_uk
2024-04-30,contactless-aldi-rice 139580,121.54,groceries,simulated_bank_transactions_uk
2023-01-05,So Bill Payment O2 509453,182.05,utilities,simulated_bank_transactions_uk
2024-03-09,Card-Payment-Asda-Eggs 985465,81.84,groceries,simulated_bank_transactions_uk
2024-12-29,Pos Purchase Amazon Misc Expense,143.96,other,simulated_bank_transactions_uk
2024-01-31,CONTACTLESS POS LIDL CHICKEN 21333,134.75,groceries,simulated_bank_transactions_uk
2023-05-06,Rent-Pmt-Letting-Agent 241198,764.95,housing,simulated_bank_transactions_uk
2024-08-29,card payment uber fuel,118.21,transportation,simulated_bank_transactions_uk
2024-03-28,Direct Debit Online Purchase Hmrc Misc Expense 28541,118.1,other,simulated_bank_transactions_uk
2023-10-12,restaurant mcdonalds restaurant 543976,50.53,dining,simulated_bank_transactions_uk
2024-10-10,card pmt ebay online purchase,113.05,other,simulated_bank_transactions_uk
2024-02-20,Mastercard Direct Debit Severn Trent 759781,95.24,utilities,simulated_bank_transactions_uk
2024-08-22,CARD UTILITY BILL BRITISH GAS 975429,131.2,utilities,simulated_bank_transactions_uk
2024-02-09,card pmt currys misc expense,4.67,other,simulated_bank_transactions_uk
2024-11-11,BACS*CARD*PAYMENT*AMAZON*MISC*EXPENSE 294415,77.33,other,simulated_bank_transactions_uk
2024-10-19,Card Pmt Lidl Vegetables 636180,19.15,groceries,simulated_bank_transactions_uk
2023-10-27,FOOD-DELIVERY-JUST-EAT-FOOD-DELIVERY 331504,136.92,dining,simulated_bank_transactions_uk
2024-11-19,card-payment-amazon-prime 915035,19.35,subscriptions,simulated_bank_transactions_uk
2024-07-17,bacs-pos-lidl-rice 538026,103.24,groceries,simulated_bank_transactions_uk
2023-02-03,Direct Debit Bt 636008,162.02,utilities,simulated_bank_transactions_uk
2023-12-25,POS ICELAND RICE 708346,18.79,groceries,simulated_bank_transactions_uk
2023-09-10,CARD PMT BOOTS ONLINE PURCHASE 191315,19.7,other,simulated_bank_transactions_uk
2023-03-25,Direct Debit Gym Group,25.48,subscriptions,simulated_bank_transactions_uk
2023-08-09,utility/bill/scottishpower 700096,243.85,utilities,simulated_bank_transactions_uk
2024-05-08,restaurant/starbucks/food/delivery,64.63,dining,simulated_bank_transactions_uk
2023-04-13,sto mortgage pmt letting agent,983.08,housing,simulated_bank_transactions_uk
2024-07-12,Transport Bp Uber Ride 967028,124.35,transportation,simulated_bank_transactions_uk
2023-03-05,pos purchase ebay misc expense,16.03,other,simulated_bank_transactions_uk
2023-08-10,CARD/PAYMENT/ASDA/RICE,75.56,groceries,simulated_bank_transactions_uk
2024-07-11,contactless waitrose milk,149.11,groceries,simulated_bank_transactions_uk
2023-10-17,CARD PMT MORRISONS MILK 459050,61.87,groceries,simulated_bank_transactions_uk
2023-03-27,mastercard subscription puregym 266559,28.2,subscriptions,simulated_bank_transactions_uk
2023-11-16,Online Purchase Ebay Online Purchase 529847,9.99,other,simulated_bank_transactions_uk
2024-06-26,bacs mortgage rent 485759,654.11,housing,simulated_bank_transactions_uk
2024-02-18,mastercard direct debit netflix 314766,37.4,subscriptions,simulated_bank_transactions_uk
2024-09-27,Card*Payment*Google**services 138400,7.53,subscriptions,simulated_bank_transactions_uk
2023-07-25,DIRECT/DEBIT/PUREGYM 346052,10.05,subscriptions,simulated_bank_transactions_uk
2023-09-25,MASTERCARD*FUEL*UBER*BUS*PASS 235650,47.45,transportation,simulated_bank_transactions_uk
2024-03-11,Contactless Utility Bill E,73.45,utilities,simulated_bank_transactions_uk
2024-11-18,Pos Sainsburys Vegetables,73.27,groceries,simulated_bank_transactions_uk
2024-08-28,DIRECT*DEBIT*CARD*PAYMENT*ASDA*RICE,126.09,groceries,simulated_bank_transactions_uk
2024-01-27,contactless/asda/brea,138.35,groceries,simulated_bank_transactions_uk
2024-05-07,card-payment-morrisons-milk 526180,50.62,groceries,simulated_bank_transactions_uk
2024-05-22,Card-Payment-Iceland-Vegetables 185259,132.91,groceries,simulated_bank_transactions_uk
2024-12-23,Sto*Card*Pmt*Lidl*Bread 411911,131.91,groceries,simulated_bank_transactions_uk
2023-01-17,Contactless Pos Asda Chicken 117271,103.23,groceries,simulated_bank_transactions_uk
2023-01-05,direct debit utility bill ee 879097,177.18,utilities,simulated_bank_transactions_uk
2024-06-30,bill pmt thames,56.23,utilities,simulated_bank_transactions_uk
2023-05-20,restaurant/greggs/food/delivery,46.96,dining,simulated_bank_transactions_uk
2024-09-14,bacs restaurant costa food delivery,14.04,dining,simulated_bank_transactions_uk
2024-05-17,card utility bill o2 226835,142.22,utilities,simulated_bank_transactions_uk
2023-07-12,Card Pmt Pret Fast Food 397437,129.45,dining,simulated_bank_transactions_uk
2023-03-23,Card Pmt Amazon Prime,32.6,subscriptions,simulated_bank_transactions_uk
2024-09-21,pos aldi vegetables 708291,76.4,groceries,simulated_bank_transactions_uk
2023-05-06,card payment sainsburys vegetables 299738,147.92,groceries,simulated_bank_transactions_uk
2024-10-18,bacs-online-purchase-ebay-misc-expense 232822,27.89,other,simulated_bank_transactions_uk
2023-03-19,bill payment scottishpower 650081,222.94,utilities,simulated_bank_transactions_uk
2023-12-06,Rent Payment Landlord 60404,1069.72,housing,simulated_bank_transactions_uk
2024-03-19,pos asda rice,90.73,groceries,simulated_bank_transactions_uk
2023-09-17,Direct Debit Rent Payment Rent 977939,1169.13,housing,simulated_bank_transactions_uk
2023-11-27,online/purchase/nhs/misc/expense 619299,52.56,other,simulated_bank_transactions_uk
2023-01-03,DIRECT DEBIT BT,226.55,utilities,simulated_bank_transactions_uk
2023-03-08,Bill*Payment*O2,188.55,utilities,simulated_bank_transactions_uk
2024-09-20,rent*payment*rent 786011,1436.09,housing,simulated_bank_transactions_uk
2024-09-11,fuel uber bus pass 749953,65.61,transportation,simulated_bank_transactions_uk
2023-02-01,Fuel Uber Train Ticket,147.23,transportation,simulated_bank_transactions_uk
2024-10-05,VISA FUEL UBER UBER RIDE 303567,89.85,transportation,simulated_bank_transactions_uk
2024-11-10,rent pmt mortgage 734433,1087.02,housing,simulated_bank_transactions_uk
2024-05-31,Restaurant Uber Eats Restaurant,56.75,dining,simulated_bank_transactions_uk
2023-07-08,fuel esso train ticke,128.21,transportation,simulated_bank_transactions_uk
2024-04-11,food/delivery/pret/food/delivery 925735,109.49,dining,simulated_bank_transactions_uk
2024-01-06,Bill-Pmt-O2 7168,197.29,utilities,simulated_bank_transactions_uk
2024-01-27,CARD/PMT/JUST/EAT/FAST/FOOD 146397,6.81,dining,simulated_bank_transactions_uk
2024-11-10,card pmt boots online purchase 163839,73.03,other,simulated_bank_transactions_uk
2024-10-31,STO CONTACTLESS ASDA MILK 909181,46.23,groceries,simulated_bank_transactions_uk
2023-01-06,fuel bolt uber ride,126.31,transportation,simulated_bank_transactions_uk
2024-03-07,Card-Pos-Purchase-Currys-Misc-Expense 637404,77.86,other,simulated_bank_transactions_uk
2024-12-18,Card Payment Currys Online Purchase 296292,41.32,other,simulated_bank_transactions_uk
2023-01-06,Direct Debit Puregym 492812,8.59,subscriptions,simulated_bank_transactions_uk
2024-02-26,contactless iceland vegetables 179406,147.13,groceries,simulated_bank_transactions_uk
2024-11-19,Mastercard Restaurant Deliveroo Food Delivery,91.13,dining,simulated_bank_transactions_uk
2024-07-03,bacs*card*payment*national*rail*uber*ride 887012,74.42,transportation,simulated_bank_transactions_uk
2024-05-28,Bill Payment Octopus Energy,67.07,utilities,simulated_bank_transactions_uk
2024-11-06,rent pmt mortgage 316169,1818.25,housing,simulated_bank_transactions_uk
2023-07-05,UTILITY BILL BT 272855,151.49,utilities,simulated_bank_transactions_uk
2024-04-27,Visa Bill Pmt British Gas 862823,147.93,utilities,simulated_bank_transactions_uk
2024-01-02,So/Card/Payment/National/Rail/Train/Ticket 202344,80.32,transportation,simulated_bank_transactions_uk
2023-10-07,Fps/Subscription/Netflix 225958,6.12,subscriptions,simulated_bank_transactions_uk
2024-07-21,Pos Asda Milk 702740,109.76,groceries,simulated_bank_transactions_uk
2023-04-29,Card Payment Shell Fuel 176480,91.98,transportation,simulated_bank_transactions_uk
2023-04-29,mastercard-direct-debit-vodafone 748933,52.39,utilities,simulated_bank_transactions_uk
2023-11-18,Utility Bill Octopus Energy 301261,211.73,utilities,simulated_bank_transactions_uk
2023-05-30,POS BILL PAYMENT SKY,237.61,utilities,simulated_bank_transactions_uk
2024-03-23,utility bill severn tren,31.68,utilities,simulated_bank_transactions_uk
2024-11-11,Transport Bp Uber Ride,97.01,transportation,simulated_bank_transactions_uk
2023-02-11,Fuel Bolt Fuel,84.81,transportation,simulated_bank_transactions_uk
2024-07-07,Sto Subscription Amazon Prime 902655,6.02,subscriptions,simulated_bank_transactions_uk
2023-11-04,CARD/PMT/WAITROSE/MILK 558,6.49,groceries,simulated_bank_transactions_uk
2024-12-30,card/payment/aldi/chicken,45.29,groceries,simulated_bank_transactions_uk
2024-09-19,Card Payment Bp Train Ticket 268398,47.29,transportation,simulated_bank_transactions_uk
2024-06-06,TRANSPORT NATIONAL RAIL TRAIN TICKET,118.64,transportation,simulated_bank_transactions_uk
2023-09-26,card*payment*boots*online*purchase 105853,139.69,other,simulated_bank_transactions_uk
2024-04-10,transport uber fuel 213769,84.68,transportation,simulated_bank_transactions_uk
2023-06-29,CARD PAYMENT SHELL TRAIN TICKET 972738,83.94,transportation,simulated_bank_transactions_uk
2024-07-22,so card pmt sainsburys vegetables,77.96,groceries,simulated_bank_transactions_uk
2023-12-19,direct debit card payment netflix,12.77,subscriptions,simulated_bank_transactions_uk
2023-01-26,Food*Delivery*Nando's*Food*Delivery,97.44,dining,simulated_bank_transactions_uk
2023-04-29,mortgage/pmt/mortgage,1419.26,housing,simulated_bank_transactions_uk
2024-09-27,bacs-rent-rent 914989,1753.47,housing,simulated_bank_transactions_uk
2023-09-03,Rent Pmt Letting Agent,1884.8,housing,simulated_bank_transactions_uk
2023-01-15,Pos Purchase Argos Misc Expense 705365,90.65,other,simulated_bank_transactions_uk
2023-12-19,TRANSPORT NATIONAL RAIL BUS PASS 682555,84.22,transportation,simulated_bank_transactions_uk
2023-11-10,RESTAURANT-GREGGS-FAST-FOOD 583227,90.08,dining,simulated_bank_transactions_uk
2024-08-12,BACS*LANDLORD*RENT,989.56,housing,simulated_bank_transactions_uk
2024-03-16,VISA BACS LETTING AGENT RENT,1443.84,housing,simulated_bank_transactions_uk
2023-06-06,CONTACTLESS*CARD*PAYMENT*AMAZON*PRIME 459168,15.43,subscriptions,simulated_bank_transactions_uk
2024-01-22,Subscription Gym Group 63233,20.02,subscriptions,simulated_bank_transactions_uk
2023-12-06,Card/Pmt/Aldi/Vegetables,10.13,groceries,simulated_bank_transactions_uk
2024-04-08,FOOD DELIVERY JUST EAT FAST FOOD 610451,38.37,dining,simulated_bank_transactions_uk
2023-02-14,Pos Purchase Amazon Misc Expense 400344,57.57,other,simulated_bank_transactions_uk
2024-03-30,card payment waitrose rice 798876,49.8,groceries,simulated_bank_transactions_uk
2024-03-04,CARD/RESTAURANT/JUST/EAT/RESTAURANT,139.19,dining,simulated_bank_transactions_uk
2023-03-01,card bacs letting agent rent 399200,1858.49,housing,simulated_bank_transactions_uk
2023-10-15,bill/payment/ee,34.51,utilities,simulated_bank_transactions_uk
2023-06-14,Utility Bill British Gas,165.51,utilities,simulated_bank_transactions_uk
2024-05-25,mortgage/payment/rent 812767,1021.81,housing,simulated_bank_transactions_uk
2023-01-10,online purchase amazon online purchase,50.5,other,simulated_bank_transactions_uk
2023-05-25,Direct Debit Disney+,13.41,subscriptions,simulated_bank_transactions_uk
2024-06-08,Card Pmt Uber Train Ticket 805890,34.25,transportation,simulated_bank_transactions_uk
2024-04-10,SO-CONTACTLESS-WAITROSE-MILK 477486,43.26,groceries,simulated_bank_transactions_uk
2023-12-17,bacs/rent/rent 450607,1608.2,housing,simulated_bank_transactions_uk
2023-12-13,Utility Bill E.on 885674,102.08,utilities,simulated_bank_transactions_uk
2024-08-21,CARD PMT ESSO FUEL,44.42,transportation,simulated_bank_transactions_uk
2024-05-25,Card Payment Asda Rice 724125,28.6,groceries,simulated_bank_transactions_uk
2024-01-13,Direct Debit Gym Group 307199,14.71,subscriptions,simulated_bank_transactions_uk
2023-08-07,RESTAURANT PRET RESTAURANT 845,38.16,dining,simulated_bank_transactions_uk
2024-09-06,MASTERCARD BILL PAYMENT EE 989334,104.35,utilities,simulated_bank_transactions_uk
2023-08-16,Card Pmt Bolt Bus Pass 342560,29.65,transportation,simulated_bank_transactions_uk
2024-07-04,POS*PURCHASE*EBAY*ONLINE*PURCHASE,50.36,other,simulated_bank_transactions_uk
2023-08-20,Online Purchase Currys Online Purchase 294213,80.23,other,simulated_bank_transactions_uk
2023-05-24,Card*Payment*Lidl*Eggs 111305,5.98,groceries,simulated_bank_transactions_uk
2024-12-07,bacs/subscription/apple.com/bill,36.67,subscriptions,simulated_bank_transactions_uk
2024-05-12,subscription netflix 196430,10.53,subscriptions,simulated_bank_transactions_uk
2023-05-15,Fuel Trainline Train Ticket 85,91.24,transportation,simulated_bank_transactions_uk
2024-04-20,contactless card payment iceland eggs,15.79,groceries,simulated_bank_transactions_uk
2023-09-04,Card*Pmt*Gym*Group 853884,17.57,subscriptions,simulated_bank_transactions_uk
2023-08-03,CARD*PAYMENT*GYM*GROUP 995068,18.39,subscriptions,simulated_bank_transactions_uk
2023-05-10,Food Delivery Kfc Restaurant,61.24,dining,simulated_bank_transactions_uk
2023-08-09,CARD PMT NHS MISC EXPENSE 476876,113.47,other,simulated_bank_transactions_uk
2024-05-27,sto contactless sainsburys bread 705857,89.2,groceries,simulated_bank_transactions_uk
2024-01-02,Contactless Card Pmt Tesco Eggs,81.15,groceries,simulated_bank_transactions_uk
2024-03-04,Contactless Iceland Bread 246460,25.23,groceries,simulated_bank_transactions_uk
2023-04-19,contactless morrisons vegetables 602299,89.0,groceries,simulated_bank_transactions_uk
2024-09-25,Card*Pmt*Disney+,12.41,subscriptions,simulated_bank_transactions_uk
2023-03-05,Direct/Debit/Vodafone 20365,48.65,utilities,simulated_bank_transactions_uk
2023-07-08,Visa/Card/Pmt/Iceland/Milk,97.98,groceries,simulated_bank_transactions_uk
2023-07-08,Rent Payment Rent 5687,1127.5,housing,simulated_bank_transactions_uk
2024-11-24,online purchase nhs misc expense 527942,58.36,other,simulated_bank_transactions_uk
2024-01-13,Transport Bp Fuel 931661,12.41,transportation,simulated_bank_transactions_uk
2024-04-05,Card*Transport*Tfl*Bus*Pass 731385,3.36,transportation,simulated_bank_transactions_uk
2023-01-01,direct debit spotify,9.99,subscriptions,simulated_bank_transactions_uk
2023-08-11,transport esso bus pass 599618,109.86,transportation,simulated_bank_transactions_uk
2024-10-04,Sto*Utility*Bill*Sky,114.72,utilities,simulated_bank_transactions_uk
2024-07-01,Restaurant*Starbucks*Fast*Food 331408,137.66,dining,simulated_bank_transactions_uk
2024-01-21,DIRECT/DEBIT/CARD/PMT/BOOTS/ONLINE/PURCHASE 890288,44.87,other,simulated_bank_transactions_uk
2023-09-08,transport*shell*fuel 634541,110.89,transportation,simulated_bank_transactions_uk
2023-05-02,FOOD DELIVERY NANDO'S RESTAURA,118.01,dining,simulated_bank_transactions_uk
2024-11-24,card pmt puregym,17.35,subscriptions,simulated_bank_transactions_uk
2024-11-17,CARD PMT AMAZON PRIME 361352,37.2,subscriptions,simulated_bank_transactions_uk
2024-03-06,Contactless Card Pmt Mcdonalds Fast Food 665138,65.9,dining,simulated_bank_transactions_uk
2024-11-05,Contactless Bacs Landlord Rent 265834,1082.44,housing,simulated_bank_transactions_uk
2024-03-04,food-delivery-kfc-food-delivery 815116,134.76,dining,simulated_bank_transactions_uk
2024-08-12,Contactless Morrisons Bread 629559,6.9,groceries,simulated_bank_transactions_uk
2024-05-03,Bill Payment E.on 515897,172.56,utilities,simulated_bank_transactions_uk
2024-10-01,CARD PAYMENT AMAZON PRIME 852154,7.6,subscriptions,simulated_bank_transactions_uk
2023-03-12,contactless waitrose bread,22.41,groceries,simulated_bank_transactions_uk
2024-11-27,FPS BACS RENT RENT 689771,1476.49,housing,simulated_bank_transactions_uk
2024-05-04,Restaurant Starbucks Restaurant 559395,59.8,dining,simulated_bank_transactions_uk
2023-06-04,BACS MORTGAGE RENT 842187,944.5,housing,simulated_bank_transactions_uk
2023-06-09,Utility Bill O2 80537,108.26,utilities,simulated_bank_transactions_uk
2024-10-13,Pos Waitrose Bread 57446,58.65,groceries,simulated_bank_transactions_uk
2024-02-29,SO CARD PMT PUREGYM 853290,22.94,subscriptions,simulated_bank_transactions_uk
2023-06-05,Utility Bill Sky 316412,92.93,utilities,simulated_bank_transactions_uk
2023-09-08,Direct Debit Netflix 731367,6.4,subscriptions,simulated_bank_transactions_uk
2023-09-09,RESTAURANT JUST EAT FAST FOOD 235040,116.62,dining,simulated_bank_transactions_uk
2023-09-07,CARD PAYMENT PUREGYM 299556,29.39,subscriptions,simulated_bank_transactions_uk
2023-12-19,Mortgage-Pmt-Letting-Agent 659579,963.51,housing,simulated_bank_transactions_uk
2024-01-25,DIRECT-DEBIT-GOOGLE-*SERVICES 122428,34.8,subscriptions,simulated_bank_transactions_uk
2024-07-02,card payment puregym 120691,21.76,subscriptions,simulated_bank_transactions_uk
2023-07-26,RENT-PMT-RENT,1522.76,housing,simulated_bank_transactions_uk
2024-08-06,POS CARD PMT BOOTS MISC EXPENSE,63.67,other,simulated_bank_transactions_uk
2024-06-20,card card payment waitrose eggs 896349,134.64,groceries,simulated_bank_transactions_uk
2024-11-14,bill payment octopus energy 138880,201.37,utilities,simulated_bank_transactions_uk
2023-12-28,POS CARD PAYMENT CURRYS ONLINE PURCHASE 338538,122.74,other,simulated_bank_transactions_uk
2024-03-31,direct debit british gas 431087,70.48,utilities,simulated_bank_transactions_uk
2024-01-13,CARD PMT NHS ONLINE PURCHASE 464075,131.11,other,simulated_bank_transactions_uk
2023-10-14,contactless asda bread 398846,74.71,groceries,simulated_bank_transactions_uk
2023-09-12,fuel tfl bus pass,35.43,transportation,simulated_bank_transactions_uk
2023-11-18,Restaurant Deliveroo Fast Food 8,101.88,dining,simulated_bank_transactions_uk
2024-02-25,POS PURCHASE SUPERDRUG MISC EXPENSE 348154,93.2,other,simulated_bank_transactions_uk
2024-08-25,transport bp fuel 644170,78.16,transportation,simulated_bank_transactions_uk
2024-08-14,Card Card Pmt Nando's Restaurant 54,27.21,dining,simulated_bank_transactions_uk
2023-01-23,TRANSPORT NATIONAL RAIL BUS PASS 875563,125.08,transportation,simulated_bank_transactions_uk
2023-11-19,transport shell fuel 898374,94.94,transportation,simulated_bank_transactions_uk
2024-08-04,card payment tesco rice 567105,88.05,groceries,simulated_bank_transactions_uk
2023-12-08,Food Delivery Uber Eats Fast Food 294552,59.31,dining,simulated_bank_transactions_uk
2024-11-19,card payment hmrc online purchase 384557,24.02,other,simulated_bank_transactions_uk
2024-04-03,sto card payment tesco rice 1933,115.59,groceries,simulated_bank_transactions_uk
2024-09-03,So Restaurant Deliveroo Food Delivery,75.35,dining,simulated_bank_transactions_uk
2024-08-21,Direct Debit Scottishpower 148943,165.06,utilities,simulated_bank_transactions_uk
2023-10-03,POS PURCHASE ARGOS ONLINE PURCHASE,40.84,other,simulated_bank_transactions_uk
2024-08-12,Card-Payment-Ebay-Online-Purchase 588834,13.72,other,simulated_bank_transactions_uk
2024-11-03,CONTACTLESS-ALDI-EGGS 102906,67.25,groceries,simulated_bank_transactions_uk
2023-07-20,TRANSPORT TRAINLINE UBER RIDE,30.35,transportation,simulated_bank_transactions_uk
2024-12-07,mastercard card payment bolt fuel,70.84,transportation,simulated_bank_transactions_uk
2023-12-20,Pos Purchase Currys Online Purchase 650943,45.17,other,simulated_bank_transactions_uk
2023-05-21,Card/Pmt/Costa/Food/Delivery,86.38,dining,simulated_bank_transactions_uk
2023-10-26,Transport Bolt Uber Ride 319134,130.01,transportation,simulated_bank_transactions_uk
2024-10-27,rent payment rent,885.06,housing,simulated_bank_transactions_uk
2024-07-22,MASTERCARD CARD PMT AMAZON PRIME 164968,15.24,subscriptions,simulated_bank_transactions_uk
2024-10-22,rent payment letting agent,870.3,housing,simulated_bank_transactions_uk
2024-12-16,Mortgage Pmt Mortgage,1897.05,housing,simulated_bank_transactions_uk
2024-02-09,CARD MORTGAGE PAYMENT LANDLORD 880861,1604.87,housing,simulated_bank_transactions_uk
2024-03-31,food delivery nando's fast food 793908,115.59,dining,simulated_bank_transactions_uk
2024-10-07,CONTACTLESS SAINSBURYS RICE 732328,31.98,groceries,simulated_bank_transactions_uk
2024-06-16,direct debit bt 724328,202.44,utilities,simulated_bank_transactions_uk
2023-03-10,card pmt greggs restaurant 149224,3.64,dining,simulated_bank_transactions_uk
2023-02-20,direct debit sky 754529,238.81,utilities,simulated_bank_transactions_uk
2024-02-02,CARD RENT PAYMENT MORTGAGE,975.79,housing,simulated_bank_transactions_uk
2024-07-10,card*online*purchase*argos*misc*expense 423471,116.67,other,simulated_bank_transactions_uk
2024-04-07,bacs bill pmt sky,76.75,utilities,simulated_bank_transactions_uk
2023-06-20,rent pmt letting agent 401929,1705.98,housing,simulated_bank_transactions_uk
2023-03-29,Pos Bacs Mortgage Rent,1636.09,housing,simulated_bank_transactions_uk
2024-10-17,BACS BACS LETTING AGENT RENT,1792.55,housing,simulated_bank_transactions_uk
2024-03-21,MASTERCARD RENT PMT LETTING AGENT 394432,1000.46,housing,simulated_bank_transactions_uk
2024-03-05,DIRECT DEBIT SPOTIFY 321420,39.49,subscriptions,simulated_bank_transactions_uk
2023-07-12,card payment bp uber ride 229359,19.72,transportation,simulated_bank_transactions_uk
2023-04-06,utility bill o2,197.99,utilities,simulated_bank_transactions_uk
2023-01-01,DIRECT DEBIT PUREGYM 270409,33.87,subscriptions,simulated_bank_transactions_uk
2023-10-26,So Contactless Aldi Milk,135.14,groceries,simulated_bank_transactions_uk
2024-06-27,CARD*PAYMENT*NANDO'S*RESTAURANT 595794,72.85,dining,simulated_bank_transactions_uk
2024-06-20,Bacs Letting Agent Rent 481357,668.3,housing,simulated_bank_transactions_uk
2023-03-04,BACS RENT RENT,1493.28,housing,simulated_bank_transactions_uk
2023-03-07,FUEL*SHELL*UBER*RIDE,42.98,transportation,simulated_bank_transactions_uk
2024-06-05,Card Pmt Trainline Fuel,59.59,transportation,simulated_bank_transactions_uk
2023-12-05,CARD-PAYMENT-BP-UBER-RIDE,104.0,transportation,simulated_bank_transactions_uk
2024-05-03,UTILITY BILL O2 441747,172.06,utilities,simulated_bank_transactions_uk
2024-06-01,TRANSPORT*BP*FUEL 32782,50.0,transportation,simulated_bank_transactions_uk
2024-10-16,fps*contactless*lidl*bread 983755,9.18,groceries,simulated_bank_transactions_uk
2024-06-12,POS ALDI MILK 377850,138.56,groceries,simulated_bank_transactions_uk
2023-04-23,Transport Bp Fu,44.43,transportation,simulated_bank_transactions_uk
2023-02-06,Card Payment Costa Fast Food 584170,83.69,dining,simulated_bank_transactions_uk
2024-04-18,CONTACTLESS WAITROSE CHICKEN 90362,8.47,groceries,simulated_bank_transactions_uk
2024-09-12,Card Payment Currys Online Purchase 570268,62.51,other,simulated_bank_transactions_uk
2024-05-10,So Card Payment Gym Group 922322,29.61,subscriptions,simulated_bank_transactions_uk
2024-06-12,Bacs Letting Agent Rent 895047,749.38,housing,simulated_bank_transactions_uk
2024-06-13,Food Delivery Deliveroo Fast Food,147.2,dining,simulated_bank_transactions_uk
2024-08-07,Food Delivery Just Eat Restaurant 254022,15.52,dining,simulated_bank_transactions_uk
2024-08-16,Restaurant/Kfc/Fast/Food 735975,67.47,dining,simulated_bank_transactions_uk
2023-03-09,rent pmt rent 815083,823.76,housing,simulated_bank_transactions_uk
2023-01-29,Restaurant-Costa-Restaurant,108.75,dining,simulated_bank_transactions_uk
2023-09-19,card payment trainline train ticket 537232,58.11,transportation,simulated_bank_transactions_uk
2024-03-08,Card/Payment/Bp/Uber/Ride 654001,89.45,transportation,simulated_bank_transactions_uk
2024-07-12,FPS CARD PMT TRAINLINE FUEL 479561,106.72,transportation,simulated_bank_transactions_uk
2023-09-03,Sto Card Payment National Rail Train Ticket,56.62,transportation,simulated_bank_transactions_uk
2024-11-06,Contactless Bill Payment Vodafone 611300,115.34,utilities,simulated_bank_transactions_uk
2024-05-08,so-utility-bill-ee,200.89,utilities,simulated_bank_transactions_uk
2023-12-05,FUEL TFL UBER RIDE 935106,12.78,transportation,simulated_bank_transactions_uk
2024-05-11,mastercard card pmt google *services 985920,19.97,subscriptions,simulated_bank_transactions_uk
2023-07-27,card payment puregym 23372,35.62,subscriptions,simulated_bank_transactions_uk
2023-12-16,pos lidl bread 746763,118.94,groceries,simulated_bank_transactions_uk
2024-05-05,sto bill pmt bt 403005,131.65,utilities,simulated_bank_transactions_uk
2024-07-27,Mastercard Pos Purchase Hmrc Misc Expense,66.21,other,simulated_bank_transactions_uk
2023-03-13,Card*Pmt*Hmrc*Online*Purchase 997795,40.49,other,simulated_bank_transactions_uk
2023-06-18,MORTGAGE PAYMENT LETTING AGENT,1594.17,housing,simulated_bank_transactions_uk
2024-01-15,card pmt national rail train ticket,131.59,transportation,simulated_bank_transactions_uk
2023-09-02,TRANSPORT UBER FUEL,18.65,transportation,simulated_bank_transactions_uk
2023-07-15,contactless morrisons chicken 133460,71.67,groceries,simulated_bank_transactions_uk
2024-04-28,Card*Pmt*Tesco*Chicken 389457,137.67,groceries,simulated_bank_transactions_uk
2023-08-18,direct debit bt 649704,198.42,utilities,simulated_bank_transactions_uk
2024-05-01,CARD PMT AMAZON PRIME,38.25,subscriptions,simulated_bank_transactions_uk
2023-04-29,bacs-restaurant-nando's-fast-,138.22,dining,simulated_bank_transactions_uk
2023-11-23,card pmt waitrose chicken,46.0,groceries,simulated_bank_transactions_uk
2023-07-23,Direct Debit E.on 404561,232.74,utilities,simulated_bank_transactions_uk
2024-03-29,contactless-waitrose-chicken 59938,12.04,groceries,simulated_bank_transactions_uk
2023-05-25,POS TESCO BREAD,13.76,groceries,simulated_bank_transactions_uk
2023-10-25,bacs rent pmt landlord 29862,1013.28,housing,simulated_bank_transactions_uk
2023-02-23,CARD*PMT*JUST*EAT*RESTAURANT 154970,133.6,dining,simulated_bank_transactions_uk
2024-12-09,Card Pmt Bolt Fuel 639803,127.77,transportation,simulated_bank_transactions_uk
2024-09-25,Mortgage/Pmt/Rent 428515,731.51,housing,simulated_bank_transactions_uk
2024-11-25,Card Payment Argos Misc Expense 250153,140.4,other,simulated_bank_transactions_uk
2024-01-09,Subscription/Google/*services,8.79,subscriptions,simulated_bank_transactions_uk
2024-04-11,Bacs Rent Rent 273702,1158.27,housing,simulated_bank_transactions_uk
2024-09-16,Card Pmt Greggs Fast Food 299969,8.98,dining,simulated_bank_transactions_uk
2023-10-22,mortgage pmt mortgage 195853,928.34,housing,simulated_bank_transactions_uk
2024-09-21,CARD PAYMENT ARGOS MISC EXPENSE,5.36,other,simulated_bank_transactions_uk
2023-10-16,RENT-PAYMENT-MORTGAGE,1910.64,housing,simulated_bank_transactions_uk
2024-04-14,Fps Utility Bill British Gas 80371,110.2,utilities,simulated_bank_transactions_uk
2023-04-01,CARD-PAYMENT-AMAZON-PRIME 92767,11.38,subscriptions,simulated_bank_transactions_uk
2024-09-30,SUBSCRIPTION PUREGYM 589609,13.54,subscriptions,simulated_bank_transactions_uk
2023-10-19,MORTGAGE PAYMENT RENT 413686,1106.58,housing,simulated_bank_transactions_uk
2023-02-21,MASTERCARD RESTAURANT STARBUCKS FOOD DELIVERY 25808,38.76,dining,simulated_bank_transactions_uk
2024-10-17,sto card payment boots online purchase,52.18,other,simulated_bank_transactions_uk
2023-02-08,SUBSCRIPTION DISNEY+ 899587,38.06,subscriptions,simulated_bank_transactions_uk
2023-06-05,mortgage/payment/mortgage 919234,1155.75,housing,simulated_bank_transactions_uk
2023-02-03,food delivery starbucks restaurant,7.52,dining,simulated_bank_transactions_uk
2023-08-02,BILL PAYMENT SEVERN TRENT,155.8,utilities,simulated_bank_transactions_uk
2024-09-04,MORTGAGE PAYMENT LETTING AGENT 120396,1873.63,housing,simulated_bank_transactions_uk
2023-07-28,Food/Delivery/Deliveroo/Food/Delivery,138.02,dining,simulated_bank_transactions_uk
2023-07-31,DIRECT-DEBIT-O2 784076,140.09,utilities,simulated_bank_transactions_uk
2024-09-06,fuel/shell/fuel,134.48,transportation,simulated_bank_transactions_uk
2024-08-06,Utility Bill Sky,118.64,utilities,simulated_bank_transactions_uk
2024-12-28,Mastercard Pos Sainsburys Eggs 453067,59.51,groceries,simulated_bank_transactions_uk
2023-10-18,Direct*Debit*Gym*Group 152990,18.56,subscriptions,simulated_bank_transactions_uk
2023-08-01,RENT PAYMENT RENT 217530,632.12,housing,simulated_bank_transactions_uk
2024-11-04,CONTACTLESS/TESCO/RICE 873282,104.82,groceries,simulated_bank_transactions_uk
2024-06-14,Restaurant Nando's Fast Food 176644,56.64,dining,simulated_bank_transactions_uk
2024-08-29,FPS DIRECT DEBIT O2 189307,103.28,utilities,simulated_bank_transactions_uk
2023-02-10,Direct/Debit/O2,93.82,utilities,simulated_bank_transactions_uk
2024-11-22,ONLINE PURCHASE HMRC ONLINE PURCHASE 707796,104.31,other,simulated_bank_transactions_uk
2023-02-20,Mortgage Payment Mortgage 485991,1147.57,housing,simulated_bank_transactions_uk
2024-01-22,Sto-Pos-Waitrose-Eggs,100.98,groceries,simulated_bank_transactions_uk
2024-08-26,CARD PMT CURRYS ONLINE PURCHASE 848929,49.99,other,simulated_bank_transactions_uk
2023-10-14,Card-Pmt-Waitrose-Chicken 392124,115.56,groceries,simulated_bank_transactions_uk
2024-10-29,Utility/Bill/Sky 109452,55.2,utilities,simulated_bank_transactions_uk
2023-07-22,utility*bill*british*gas 864960,183.14,utilities,simulated_bank_transactions_uk
2023-08-11,Utility*Bill*British*Gas,215.9,utilities,simulated_bank_transactions_uk
2023-07-25,Card Payment Costa Food Delivery 136664,107.78,dining,simulated_bank_transactions_uk
2023-03-01,Mastercard*Online*Purchase*Ebay*Online*Purchase 299803,16.14,other,simulated_bank_transactions_uk
2023-02-23,POS LIDL VEGETABLES,8.54,groceries,simulated_bank_transactions_uk
2024-03-30,Direct Debit Spotify 948742,7.31,subscriptions,simulated_bank_transactions_uk
2023-11-14,card pmt spotif,33.33,subscriptions,simulated_bank_transactions_uk
2024-10-21,Card Pmt Amazon Online Purchase,28.5,other,simulated_bank_transactions_uk
2023-12-10,Direct Debit Severn Trent,91.31,utilities,simulated_bank_transactions_uk
2023-02-21,DIRECT DEBIT APPLE.COM/BILL 357706,26.87,subscriptions,simulated_bank_transactions_uk
2024-12-24,subscription amazon prime,37.32,subscriptions,simulated_bank_transactions_uk
2024-03-03,Mastercard Direct Debit Severn Trent,49.47,utilities,simulated_bank_transactions_uk
2024-10-20,contactless-card-payment-greggs-restaurant 648109,81.47,dining,simulated_bank_transactions_uk
2023-03-26,contactless lidl chicken,118.96,groceries,simulated_bank_transactions_uk
2023-03-10,bill*payment*bt,124.4,utilities,simulated_bank_transactions_uk
2024-12-15,card pmt bp bus pass,117.63,transportation,simulated_bank_transactions_uk
2023-12-22,Pos Fuel National Rail Fuel,127.48,transportation,simulated_bank_transactions_uk
2023-04-01,bacs letting agent rent 623895,1759.49,housing,simulated_bank_transactions_uk
2023-08-06,SO POS ALDI EGGS 657227,103.09,groceries,simulated_bank_transactions_uk
2024-05-24,Rent Payment Rent 200014,1458.02,housing,simulated_bank_transactions_uk
2023-05-23,UTILITY-BILL-SCOTTISHPOWER,93.85,utilities,simulated_bank_transactions_uk
2023-05-08,card payment waitrose chick,88.93,groceries,simulated_bank_transactions_uk
2023-08-27,RENT PAYMENT MORTGAGE,1191.07,housing,simulated_bank_transactions_uk
2023-12-31,Food Delivery Starbucks Fast,110.82,dining,simulated_bank_transactions_uk
2024-05-12,Fps Bacs Rent Rent 127819,745.38,housing,simulated_bank_transactions_uk
2023-04-11,RESTAURANT/JUST/EAT/FAST/FOOD,104.44,dining,simulated_bank_transactions_uk
2023-05-09,Subscription Gym Group 853916,35.44,subscriptions,simulated_bank_transactions_uk
2024-07-11,Mortgage/Payment/Landlord,930.66,housing,simulated_bank_transactions_uk
2024-11-01,DIRECT DEBIT CARD PAYMENT DISNEY+ 369704,5.86,subscriptions,simulated_bank_transactions_uk
2024-02-16,Card Pmt Just Eat Food Delivery 743565,26.74,dining,simulated_bank_transactions_uk
2024-03-30,contactless direct debit e.on,125.1,utilities,simulated_bank_transactions_uk
2024-12-05,Bacs Card Pmt Google *services 164145,24.95,subscriptions,simulated_bank_transactions_uk
2024-02-09,Bill/Payment/Thame,48.84,utilities,simulated_bank_transactions_uk
2024-07-17,Bacs-Pos-Purchase-Amazon-Misc-Expense,27.84,other,simulated_bank_transactions_uk
2023-09-05,Bacs Landlord Rent,1413.09,housing,simulated_bank_transactions_uk
2023-04-19,card*card*payment*boots*misc*expense 528103,86.14,other,simulated_bank_transactions_uk
2024-04-21,bacs utility bill o2 4734,134.86,utilities,simulated_bank_transactions_uk
2024-05-22,bill payment sky 386223,162.72,utilities,simulated_bank_transactions_uk
2023-07-12,restaurant/kfc/fast/food 715120,6.67,dining,simulated_bank_transactions_uk
2023-11-21,DIRECT DEBIT APPLE.COM/BILL,23.63,subscriptions,simulated_bank_transactions_uk
2023-10-25,contactless tesco milk 103922,138.01,groceries,simulated_bank_transactions_uk
2024-02-01,Pos-Aldi-Rice,19.08,groceries,simulated_bank_transactions_uk
2023-07-12,contactless card pmt bp fuel 627556,84.06,transportation,simulated_bank_transactions_uk
2023-12-27,card pmt gym group,9.87,subscriptions,simulated_bank_transactions_uk
2023-04-06,Mastercard/Pos/Purchase/Currys/Misc/Expense 926176,54.59,other,simulated_bank_transactions_uk
2023-11-12,DIRECT DEBIT SPOTIFY 25374,27.69,subscriptions,simulated_bank_transactions_uk
2024-01-05,DIRECT-DEBIT-SPOTIFY 26632,35.56,subscriptions,simulated_bank_transactions_uk
2024-09-09,pos purchase argos online purchase 537945,3.64,other,simulated_bank_transactions_uk
2023-07-05,DIRECT*DEBIT*THAMES*WATER 517972,184.88,utilities,simulated_bank_transactions_uk
2023-12-24,direct debit amazon prime 888445,36.11,subscriptions,simulated_bank_transactions_uk
2024-10-19,BACS LANDLORD RENT,1477.04,housing,simulated_bank_transactions_uk
2023-01-19,CONTACTLESS*CONTACTLESS*WAITROSE*BREAD,89.68,groceries,simulated_bank_transactions_uk
2023-06-03,so pos iceland milk 35161,110.47,groceries,simulated_bank_transactions_uk
2024-06-03,FUEL BOLT UBER RIDE 848510,12.38,transportation,simulated_bank_transactions_uk
2023-10-09,FOOD DELIVERY PRET FOOD DELIVERY 602855,8.31,dining,simulated_bank_transactions_uk
2023-12-19,bill*pmt*octopus*energy 357261,171.49,utilities,simulated_bank_transactions_uk
2024-02-22,Direct Debit Bill Pmt Severn Trent 959611,217.22,utilities,simulated_bank_transactions_uk
2023-01-17,contactless subscription google *services,27.19,subscriptions,simulated_bank_transactions_uk
2023-01-14,RESTAURANT/COSTA/RESTAURANT 32625,133.31,dining,simulated_bank_transactions_uk
2023-01-21,Pos-Purchase-Superdrug-Misc-Expense 964459,96.92,other,simulated_bank_transactions_uk
2024-10-28,DIRECT DEBIT BRITISH GAS 163103,229.03,utilities,simulated_bank_transactions_uk
2024-08-10,Rent Pmt Rent 875332,1582.45,housing,simulated_bank_transactions_uk
2024-10-12,RESTAURANT/GREGGS/FAST/FOOD 444532,38.17,dining,simulated_bank_transactions_uk
2023-12-01,transport bp uber ride 339941,105.5,transportation,simulated_bank_transactions_uk
2024-10-19,food*delivery*kfc*food*delivery,16.53,dining,simulated_bank_transactions_uk
2024-11-10,Card Card Payment Currys Misc Expense 124252,47.85,other,simulated_bank_transactions_uk
2024-05-22,Subscription Netflix,28.74,subscriptions,simulated_bank_transactions_uk
2024-07-09,card pmt tfl uber ride 901585,108.89,transportation,simulated_bank_transactions_uk
2023-11-08,Food Delivery Starbucks Restaurant 451749,56.2,dining,simulated_bank_transactions_uk
2023-12-05,transport/bolt/bus/pass 559,35.17,transportation,simulated_bank_transactions_uk
2024-07-16,RENT PMT MORTGAGE 378418,1517.44,housing,simulated_bank_transactions_uk
2024-06-10,direct debit amazon prime 258133,17.39,subscriptions,simulated_bank_transactions_uk
2024-07-29,Direct-Debit-Tham,203.04,utilities,simulated_bank_transactions_uk
2024-11-01,rent pmt letting agent 192355,1897.56,housing,simulated_bank_transactions_uk
2024-05-21,STO SUBSCRIPTION NETFLIX,34.91,subscriptions,simulated_bank_transactions_uk
2024-06-14,direct debit direct debit british gas 363401,212.57,utilities,simulated_bank_transactions_uk
2024-11-09,Fuel Trainline Train Ticket 167952,25.68,transportation,simulated_bank_transactions_uk
2024-06-21,card pmt hmrc misc expense,72.5,other,simulated_bank_transactions_uk
2024-09-15,CARD PAYMENT NANDO'S RESTAURANT 413120,138.87,dining,simulated_bank_transactions_uk
2024-10-28,transport trainline train ticket,26.38,transportation,simulated_bank_transactions_uk
2024-11-03,restaurant starbucks food delivery 513056,85.45,dining,simulated_bank_transactions_uk
2024-03-16,card pmt ebay misc expense 404598,47.21,other,simulated_bank_transactions_uk
2023-12-31,DIRECT DEBIT AMAZON PRIME 27444,23.75,subscriptions,simulated_bank_transactions_uk
2023-11-23,POS TESCO VEGETABLES,119.2,groceries,simulated_bank_transactions_uk
2023-02-02,Card-Pmt-Hmrc-Online-Purchase,56.09,other,simulated_bank_transactions_uk
2023-06-19,Card-Direct-Debit-Puregym 508578,19.03,subscriptions,simulated_bank_transactions_uk
2023-06-26,Mortgage-Pmt-Landlord 778626,875.9,housing,simulated_bank_transactions_uk
2024-12-14,FPS*ONLINE*PURCHASE*NHS*ONLINE*PURCHASE 309907,86.37,other,simulated_bank_transactions_uk
2024-05-16,food/delivery/just/eat/fast/food 624313,36.41,dining,simulated_bank_transactions_uk
2023-12-20,FPS BILL PMT THAMES WATER 49196,203.46,utilities,simulated_bank_transactions_uk
2023-03-06,rent payment mortgage,1895.53,housing,simulated_bank_transactions_uk
2023-12-26,RESTAURANT JUST EAT RESTAURANT 292180,52.26,dining,simulated_bank_transactions_uk
2023-05-16,CARD-PAYMENT-ALDI-EGGS 893684,8.65,groceries,simulated_bank_transactions_uk
2024-11-04,Mastercard Rent Payment Rent,1080.9,housing,simulated_bank_transactions_uk
2023-03-08,Utility Bill Sky 76774,105.55,utilities,simulated_bank_transactions_uk
2024-12-04,utility bill vodafone 156340,199.79,utilities,simulated_bank_transactions_uk
2024-09-27,sto-rent-payment-letting-agent,1650.84,housing,simulated_bank_transactions_uk
2023-04-13,mastercard pos purchase boots misc expense 859351,30.65,other,simulated_bank_transactions_uk
2023-12-28,CONTACTLESS*SAINSBURYS*BREAD 536945,38.13,groceries,simulated_bank_transactions_uk
2024-02-15,direct debit spotify 361004,35.41,subscriptions,simulated_bank_transactions_uk
2023-09-28,fuel shell train ticket,133.08,transportation,simulated_bank_transactions_uk
2023-07-07,BILL PMT OCTOPUS ENERGY 471510,113.67,utilities,simulated_bank_transactions_uk
2023-02-22,Online Purchase Superdrug Misc Expense,19.32,other,simulated_bank_transactions_uk
2024-07-21,direct/debit/spotify 934900,23.5,subscriptions,simulated_bank_transactions_uk
2023-03-24,MORTGAGE PMT RENT,1079.11,housing,simulated_bank_transactions_uk
2024-09-10,card payment bolt fuel 404107,146.59,transportation,simulated_bank_transactions_uk
2023-11-28,CARD-PAYMENT-BOOTS-ONLINE-PURCHASE,88.94,other,simulated_bank_transactions_uk
2023-11-08,CONTACTLESS TESCO MILK 646780,73.07,groceries,simulated_bank_transactions_uk
2024-12-01,Fuel Trainline Bus Pass,48.96,transportation,simulated_bank_transactions_uk
2024-03-03,mastercard utility bill bt,233.24,utilities,simulated_bank_transactions_uk
2024-03-01,Bill Payment Ee,215.94,utilities,simulated_bank_transactions_uk
2023-09-14,card*pmt*deliveroo*restaurant 852518,39.38,dining,simulated_bank_transactions_uk
2023-05-24,restaurant-just-eat-restaurant 541942,149.66,dining,simulated_bank_transactions_uk
2024-05-02,card payment boots online purchase,101.17,other,simulated_bank_transactions_uk
2023-06-20,transport shell fuel 673163,108.71,transportation,simulated_bank_transactions_uk
2023-04-14,online purchase hmrc misc expense 336945,40.83,other,simulated_bank_transactions_uk
2023-05-02,utility bill thames water 999366,86.66,utilities,simulated_bank_transactions_uk
2024-08-26,Mastercard Direct Debit Google *services,10.59,subscriptions,simulated_bank_transactions_uk
2024-09-09,Card Pmt Disney+ 649681,13.19,subscriptions,simulated_bank_transactions_uk
2023-08-29,CARD PMT EBAY MISC EXPENSE,38.35,other,simulated_bank_transactions_uk
2024-05-20,Subscription*Disney+,7.58,subscriptions,simulated_bank_transactions_uk
2024-12-30,Pos Lidl Eggs 865459,52.33,groceries,simulated_bank_transactions_uk
2023-05-09,Fuel Tfl Train Ticket 949257,137.9,transportation,simulated_bank_transactions_uk
2023-04-13,rent pmt landlord 464663,1547.38,housing,simulated_bank_transactions_uk
2024-06-27,FPS DIRECT DEBIT OCTOPUS E,80.41,utilities,simulated_bank_transactions_uk
2023-12-19,Direct Debit Puregym 225281,15.8,subscriptions,simulated_bank_transactions_uk
2024-10-27,pos purchase currys online purchase,99.66,other,simulated_bank_transactions_uk
2023-09-06,direct-debit-ee 897860,163.72,utilities,simulated_bank_transactions_uk
2024-11-26,restaurant pret fast food,56.84,dining,simulated_bank_transactions_uk
2023-09-10,direct debit vodafone 792811,82.26,utilities,simulated_bank_transactions_uk
2024-01-15,transport national rail train ticket,72.29,transportation,simulated_bank_transactions_uk
2024-09-12,So Restaurant Uber Eats Fast Food 73448,71.58,dining,simulated_bank_transactions_uk
2024-08-27,Card Pmt Disney+ 133468,16.59,subscriptions,simulated_bank_transactions_uk
2023-09-22,Pos Pos Lidl Vegetables,44.93,groceries,simulated_bank_transactions_uk
2024-10-24,utility bill british gas,185.59,utilities,simulated_bank_transactions_uk
2024-09-21,So Fuel Tfl Train Ticket 815094,67.07,transportation,simulated_bank_transactions_uk
2023-03-28,card payment tfl train ticket 44940,137.56,transportation,simulated_bank_transactions_uk
2023-06-10,Card*Payment*Aldi*Vegetables 719848,99.02,groceries,simulated_bank_transactions_uk
2023-04-20,BACS MORTGAGE RENT 579428,1549.49,housing,simulated_bank_transactions_uk
2024-11-30,Card/Pmt/Bolt/Uber/Ride,62.98,transportation,simulated_bank_transactions_uk
2024-09-11,BACS SUBSCRIPTION APPLE.COM/BILL,37.76,subscriptions,simulated_bank_transactions_uk
2023-03-07,Bill Payment O2,241.19,utilities,simulated_bank_transactions_uk
2024-06-05,Restaurant Pret Restaurant 454992,129.01,dining,simulated_bank_transactions_uk
2024-09-21,Pos Sainsburys Rice 725209,23.76,groceries,simulated_bank_transactions_uk
2024-05-30,CARD PAYMENT ICELAND VEGETABLES 681853,10.88,groceries,simulated_bank_transactions_uk
2023-06-09,SO RESTAURANT MCDONALDS RESTAURANT 399123,123.55,dining,simulated_bank_transactions_uk
2024-08-03,DIRECT/DEBIT/THAMES/WATER 784329,84.16,utilities,simulated_bank_transactions_uk
2024-11-26,Pos Aldi Eggs 996459,68.07,groceries,simulated_bank_transactions_uk
2023-04-27,food delivery starbucks fast food,117.37,dining,simulated_bank_transactions_uk
2024-08-01,so pos purchase argos online purchase 409213,55.77,other,simulated_bank_transactions_uk
2024-10-20,Direct Debit Amazon Prime 80872,5.03,subscriptions,simulated_bank_transactions_uk
2024-09-25,Transport/Esso/Bus/Pass,128.02,transportation,simulated_bank_transactions_uk
2023-07-21,Pos Purchase Amazon Online Purchase,57.85,other,simulated_bank_transactions_uk
2023-02-22,Pos*Card*Payment*Tesco*Eggs 783966,43.3,groceries,simulated_bank_transactions_uk
2024-10-23,pos aldi bread 597525,3.86,groceries,simulated_bank_transactions_uk
2023-09-07,Restaurant Mcdonalds Food Delive,121.62,dining,simulated_bank_transactions_uk
2023-08-07,CARD-PMT-APPLE.COM/BILL,6.2,subscriptions,simulated_bank_transactions_uk
2023-06-24,mortgage pmt letting agent 5259,1832.7,housing,simulated_bank_transactions_uk
2024-02-11,CARD PAYMENT DISNEY+ 668584,20.84,subscriptions,simulated_bank_transactions_uk
2023-02-18,contactless iceland bread 294933,98.34,groceries,simulated_bank_transactions_uk
2023-07-30,card pmt bp uber ride 737749,91.87,transportation,simulated_bank_transactions_uk
2024-04-15,FUEL/BP/FUEL 444785,103.67,transportation,simulated_bank_transactions_uk
2024-12-29,Card-Bacs-Letting-Agent-Rent 140676,696.33,housing,simulated_bank_transactions_uk
2024-06-01,sto rent payment mortgage,1193.55,housing,simulated_bank_transactions_uk
2023-09-07,CONTACTLESS SAINSBURYS MILK 699464,14.1,groceries,simulated_bank_transactions_uk
2023-03-15,Pos Purchase Currys Online Purchase 337390,68.62,other,simulated_bank_transactions_uk
2023-09-08,visa-card-payment-lidl-eggs 979600,17.72,groceries,simulated_bank_transactions_uk
2024-07-12,Bacs-Card-Pmt-Shell-Fuel 764420,11.84,transportation,simulated_bank_transactions_uk
2023-04-11,FUEL TFL TRAIN TICKET 795075,24.89,transportation,simulated_bank_transactions_uk
2023-02-02,bill pmt octopus energy,81.93,utilities,simulated_bank_transactions_uk
2023-03-20,pos purchase argos online purchase 954440,103.72,other,simulated_bank_transactions_uk
2024-10-14,CARD PAYMENT HMRC MISC EXPENSE 137142,79.88,other,simulated_bank_transactions_uk
2023-01-10,pos card pmt kfc restaurant 867662,64.05,dining,simulated_bank_transactions_uk
2023-09-09,Direct Debit Bt 327683,184.31,utilities,simulated_bank_transactions_uk
2024-06-06,Rent Payment Rent 523870,1252.2,housing,simulated_bank_transactions_uk
2024-05-08,subscription-gym-group 874135,22.01,subscriptions,simulated_bank_transactions_uk
2023-03-24,bill payment thames water 972965,107.79,utilities,simulated_bank_transactions_uk
2024-04-30,Pos Transport Trainline Uber Ride 758517,117.74,transportation,simulated_bank_transactions_uk
2023-09-05,Card Payment Asda Rice 869390,19.78,groceries,simulated_bank_transactions_uk
2023-01-29,FUEL-UBER-BUS-PASS,131.09,transportation,simulated_bank_transactions_uk
2023-08-10,CARD PAYMENT HMRC MISC EXPENSE 10808,18.32,other,simulated_bank_transactions_uk
2023-03-24,restaurant/just/eat/restaurant 6,80.78,dining,simulated_bank_transactions_uk
2024-08-21,CARD PAYMENT EBAY ONLINE PURCHASE,132.68,other,simulated_bank_transactions_uk
2024-10-20,card pmt boots online purchase 367830,94.47,other,simulated_bank_transactions_uk
2024-01-08,Card Pmt National Rail Bus Pass 953941,41.15,transportation,simulated_bank_transactions_uk
2024-09-23,Direct Debit Card Payment Starbucks Food Deliver,72.47,dining,simulated_bank_transactions_uk
2023-04-28,CARD-PAYMENT-KFC-FAST-FOOD 834668,52.75,dining,simulated_bank_transactions_uk
2023-08-30,Pos Direct Debit Gym Group,22.45,subscriptions,simulated_bank_transactions_uk
2023-04-30,card payment starbucks fast food 84308,110.95,dining,simulated_bank_transactions_uk
2023-09-04,Rent/Pmt/Letting/Agent 170013,1785.04,housing,simulated_bank_transactions_uk
2024-02-16,card payment disney+,9.71,subscriptions,simulated_bank_transactions_uk
2024-03-27,VISA ONLINE PURCHASE SUPERDRUG MISC EXPENSE 483661,138.78,other,simulated_bank_transactions_uk
2024-05-21,DIRECT/DEBIT/NETFLIX 618494,18.03,subscriptions,simulated_bank_transactions_uk
2024-06-21,UTILITY BILL THAMES WATER 543156,149.78,utilities,simulated_bank_transactions_uk
2023-02-17,Card Payment Uber Eats Food Delivery 412066,45.11,dining,simulated_bank_transactions_uk
2023-10-23,mastercard direct debit vodafone 733228,174.16,utilities,simulated_bank_transactions_uk
2024-02-05,Mortgage Pmt Mortgage 845,1022.7,housing,simulated_bank_transactions_uk
2023-07-29,Food Delivery Nando's Restaurant 627456,75.65,dining,simulated_bank_transactions_uk
2023-04-24,BACS LETTING AGENT RENT 954597,1932.0,housing,simulated_bank_transactions_uk
2023-04-10,Direct Debit Card Pmt Asda Rice 786412,64.17,groceries,simulated_bank_transactions_uk
2024-01-19,bacs rent rent 102151,1539.32,housing,simulated_bank_transactions_uk
2024-02-11,Mastercard Bill Pmt Ee 584628,54.79,utilities,simulated_bank_transactions_uk
2024-03-01,card subscription amazon prime 695767,36.05,subscriptions,simulated_bank_transactions_uk
2023-09-14,Fuel Bolt Fuel 31550,7.0,transportation,simulated_bank_transactions_uk
2024-08-01,Food Delivery Costa Fast Food 391670,58.43,dining,simulated_bank_transactions_uk
2024-05-09,Food Delivery Nando's Food Delivery 466113,78.05,dining,simulated_bank_transactions_uk
2024-07-26,CONTACTLESS MORRISONS BREAD,58.48,groceries,simulated_bank_transactions_uk
2023-10-12,POS PURCHASE BOOTS ONLINE PURCHASE 722461,3.44,other,simulated_bank_transactions_uk
2024-10-18,CARD DIRECT DEBIT NETFLIX,26.12,subscriptions,simulated_bank_transactions_uk
2023-03-22,Direct Debit Ee 650222,181.82,utilities,simulated_bank_transactions_uk
2023-07-05,Online Purchase Ebay Misc Expense 384805,87.77,other,simulated_bank_transactions_uk
2024-08-31,rent-payment-mortgage,1589.73,housing,simulated_bank_transactions_uk
2024-05-09,contactless-asda-vegetables 832757,97.65,groceries,simulated_bank_transactions_uk
2023-08-17,Contactless Waitrose Rice 765099,51.49,groceries,simulated_bank_transactions_uk
2023-09-28,So Transport Esso Uber Ride 470691,9.42,transportation,simulated_bank_transactions_uk
2024-12-03,Contactless Waitrose Rice,112.2,groceries,simulated_bank_transactions_uk
2023-05-12,Bill Payment Octopus Energy,129.37,utilities,simulated_bank_transactions_uk
2023-07-17,Direct*Debit*Direct*Debit*Puregym 919137,9.34,subscriptions,simulated_bank_transactions_uk
2024-04-02,contactless morrisons milk 857243,81.86,groceries,simulated_bank_transactions_uk
2024-05-06,BACS BACS LANDLORD RENT 7,1787.18,housing,simulated_bank_transactions_uk
2024-06-17,transport esso fuel 238376,80.3,transportation,simulated_bank_transactions_uk
2023-10-19,bacs*rent*rent 130131,1267.89,housing,simulated_bank_transactions_uk
2023-11-20,Pos-Direct-Debit-Puregym,26.01,subscriptions,simulated_bank_transactions_uk
2023-10-13,pos direct debit ee 283317,57.33,utilities,simulated_bank_transactions_uk
2023-12-31,Visa-Direct-Debit-Puregym,39.57,subscriptions,simulated_bank_transactions_uk
2024-11-09,CARD-PMT-NETFLIX 302867,26.69,subscriptions,simulated_bank_transactions_uk
2024-05-19,pos-sainsburys-milk 830511,66.6,groceries,simulated_bank_transactions_uk
2024-02-22,direct debit utility bill o2,83.52,utilities,simulated_bank_transactions_uk
2024-01-11,Mastercard Utility Bill Scottishpower 721759,131.42,utilities,simulated_bank_transactions_uk
2023-07-02,POS POS PURCHASE EBAY MISC EXPENSE 855236,68.95,other,simulated_bank_transactions_uk
2024-09-15,Rent Pmt Mortgage 999627,1435.36,housing,simulated_bank_transactions_uk
2024-07-28,restaurant starbucks restaurant 975719,74.74,dining,simulated_bank_transactions_uk
2023-08-05,card/pmt/netflix 766489,34.37,subscriptions,simulated_bank_transactions_uk
2024-08-22,CARD PMT SPOTIFY 957547,27.69,subscriptions,simulated_bank_transactions_uk
2023-06-20,Pos Card Payment Lidl Rice 368958,80.97,groceries,simulated_bank_transactions_uk
2023-01-14,Rent-Payment-Letting-Agent 922157,890.05,housing,simulated_bank_transactions_uk
2024-05-20,card pmt nando's restaurant 566736,65.62,dining,simulated_bank_transactions_uk
2024-12-13,fuel shell train ticket,119.92,transportation,simulated_bank_transactions_uk
2024-12-08,Utility Bill Vodafone,206.54,utilities,simulated_bank_transactions_uk
2023-09-05,Bill Pmt Severn Trent,206.51,utilities,simulated_bank_transactions_uk
2024-06-23,CONTACTLESS ICELAND RICE 784707,93.25,groceries,simulated_bank_transactions_uk
2023-02-16,FUEL BOLT BUS PASS 345855,88.02,transportation,simulated_bank_transactions_uk
2024-11-19,CARD PAYMENT BOLT UBER RIDE 857214,38.67,transportation,simulated_bank_transactions_uk
2023-12-07,Bill/Pmt/Octopus/Energy 14729,111.75,utilities,simulated_bank_transactions_uk
2023-08-29,Card Payment Spotify 77239,19.74,subscriptions,simulated_bank_transactions_uk
2023-08-12,BACS-RENT-RENT 534351,1790.86,housing,simulated_bank_transactions_uk
2023-12-17,Direct/Debit/Apple.com/bill 493746,36.88,subscriptions,simulated_bank_transactions_uk
2023-03-13,MASTERCARD/CONTACTLESS/SAINSBURYS/RICE 943032,121.88,groceries,simulated_bank_transactions_uk
2023-03-10,CARD PMT ARGOS ONLINE PURCHASE 921595,50.43,other,simulated_bank_transactions_uk
2023-07-03,RENT PMT RENT 481092,1814.7,housing,simulated_bank_transactions_uk
2024-12-24,pos asda vegetables,148.74,groceries,simulated_bank_transactions_uk
2024-07-09,DIRECT-DEBIT-SKY 76339,56.73,utilities,simulated_bank_transactions_uk
2023-09-25,Card Payment Deliveroo Restaurant,87.0,dining,simulated_bank_transactions_uk
2023-08-01,transport tfl bus pass,17.36,transportation,simulated_bank_transactions_uk
2024-02-03,Bacs/Letting/Agent/Rent 985987,731.34,housing,simulated_bank_transactions_uk
2024-04-26,Utility Bill Octopus Energy 21975,31.91,utilities,simulated_bank_transactions_uk
2024-09-28,Fps Direct Debit Gym Group,30.79,subscriptions,simulated_bank_transactions_uk
2024-12-13,visa pos sainsburys veg,89.31,groceries,simulated_bank_transactions_uk
2024-07-05,MORTGAGE/PMT/LETTING/AGENT 954088,1703.56,housing,simulated_bank_transactions_uk
2023-02-02,FOOD DELIVERY UBER EATS RESTAURANT,95.56,dining,simulated_bank_transactions_uk
2024-12-20,SUBSCRIPTION GYM GROUP 790102,35.32,subscriptions,simulated_bank_transactions_uk
2023-07-12,POS*ASDA*RICE,74.07,groceries,simulated_bank_transactions_uk
2024-06-04,transport bp uber ride 501782,64.52,transportation,simulated_bank_transactions_uk
2023-08-09,CONTACTLESS ASDA MILK 720548,131.97,groceries,simulated_bank_transactions_uk
2023-01-30,subscription/gym/gro,20.01,subscriptions,simulated_bank_transactions_uk
2024-05-05,CARD-PAYMENT-KFC-FOOD-DELIVERY,23.0,dining,simulated_bank_transactions_uk
2024-12-24,Mortgage*Pmt*Letting*Agent 26998,1964.47,housing,simulated_bank_transactions_uk
2023-06-24,UTILITY BILL THAMES WATER 760979,67.76,utilities,simulated_bank_transactions_uk
2023-08-24,MORTGAGE*PAYMENT*MORTGAGE 270753,1463.42,housing,simulated_bank_transactions_uk
2023-09-09,visa pos purchase nhs online purchase 394117,63.53,other,simulated_bank_transactions_uk
2023-01-15,Direct Debit Ee,97.88,utilities,simulated_bank_transactions_uk
2023-11-14,so contactless sainsburys chicken 158670,17.68,groceries,simulated_bank_transactions_uk
2024-07-20,So Card Payment Esso Bus Pass 159882,27.72,transportation,simulated_bank_transactions_uk
2024-11-15,sto pos purchase hmrc misc expense 825871,25.83,other,simulated_bank_transactions_uk
2023-09-08,POS TESCO BREAD 796726,104.89,groceries,simulated_bank_transactions_uk
2024-09-07,online purchase ebay misc expense 885760,4.08,other,simulated_bank_transactions_uk
2024-12-19,Sto*Transport*Trainline*Fuel 129543,63.47,transportation,simulated_bank_transactions_uk
2024-06-11,Pos Iceland Milk,101.24,groceries,simulated_bank_transactions_uk
2023-12-11,Card-Pmt-Pret-Food-Delivery 259420,12.57,dining,simulated_bank_transactions_uk
2024-08-12,Food Delivery Costa Fast Food,4.19,dining,simulated_bank_transactions_uk
2023-12-26,Card Payment Uber Uber Ride 350286,48.41,transportation,simulated_bank_transactions_uk
2023-11-24,So*Utility*Bill*Sky 174317,132.84,utilities,simulated_bank_transactions_uk
2023-11-29,CARD*PMT*TFL*TRAIN*TICKET,47.11,transportation,simulated_bank_transactions_uk
2023-02-27,Contactless Sainsburys Vegetables 643115,96.12,groceries,simulated_bank_transactions_uk
2023-03-14,Card Pmt Disney+,7.66,subscriptions,simulated_bank_transactions_uk
2024-01-28,contactless tesco vegetables,32.35,groceries,simulated_bank_transactions_uk
2024-08-14,CARD-PAYMENT-ESSO-BUS-PASS 693722,29.64,transportation,simulated_bank_transactions_uk
2023-09-05,mastercard subscription gym group 85644,38.49,subscriptions,simulated_bank_transactions_uk
2024-03-19,CARD*PAYMENT*UBER*EATS*FAST*FOOD 247318,107.54,dining,simulated_bank_transactions_uk
2023-06-27,CARD PMT PUREGYM 457827,19.82,subscriptions,simulated_bank_transactions_uk
2023-08-28,Sto Online Purchase Boots Online Purchase 133531,86.77,other,simulated_bank_transactions_uk
2023-03-08,UTILITY BILL SEVERN TRENT 728,85.01,utilities,simulated_bank_transactions_uk
2024-09-28,bacs rent rent 393666,622.74,housing,simulated_bank_transactions_uk
2023-11-09,Card Payment Boots Online Purchase 937074,118.17,other,simulated_bank_transactions_uk
2023-10-29,direct debit utility bill vodafone 222334,218.91,utilities,simulated_bank_transactions_uk
2023-07-01,Pos Lidl Rice 82685,65.42,groceries,simulated_bank_transactions_uk
2023-07-26,Direct Debit Amazon Prime 752807,19.35,subscriptions,simulated_bank_transactions_uk
2024-07-05,ONLINE-PURCHASE-AMAZON-MISC-EXPENSE,102.16,other,simulated_bank_transactions_uk
2024-04-28,so subscription disney+ 695829,14.01,subscriptions,simulated_bank_transactions_uk
2024-06-23,FUEL ESSO UBER RIDE,141.04,transportation,simulated_bank_transactions_uk
2023-09-18,CARD/PMT/UBER/EATS/FAST/FOOD 427784,135.67,dining,simulated_bank_transactions_uk
2024-01-06,BACS*RENT*RENT 569686,1686.46,housing,simulated_bank_transactions_uk
2023-09-13,online purchase superdrug misc expense 692002,28.83,other,simulated_bank_transactions_uk
2023-05-17,bacs mortgage rent 298488,1468.31,housing,simulated_bank_transactions_uk
2023-07-29,Subscription Apple.com/bill,20.74,subscriptions,simulated_bank_transactions_uk
2023-12-22,STO FUEL BOLT UBER RIDE 153289,87.91,transportation,simulated_bank_transactions_uk
2024-05-06,Bill Pmt O2,223.41,utilities,simulated_bank_transactions_uk
2024-03-13,card pmt amazon online purchase,39.56,other,simulated_bank_transactions_uk
2023-08-03,Card Payment Hmrc Misc Expense 437815,44.66,other,simulated_bank_transactions_uk
2024-04-26,Card Payment Trainline Uber Ride 357918,126.41,transportation,simulated_bank_transactions_uk
2024-04-13,Card Pmt Costa Fast Food 181729,9.59,dining,simulated_bank_transactions_uk
2023-01-05,pos lidl chicken 967205,79.89,groceries,simulated_bank_transactions_uk
2023-12-15,CARD PAYMENT MORRISONS CHICKEN 545657,120.33,groceries,simulated_bank_transactions_uk
2024-04-11,FUEL TFL TRAIN TICKET 912,83.92,transportation,simulated_bank_transactions_uk
2024-09-17,utility bill e.on 13062,192.71,utilities,simulated_bank_transactions_uk
2024-03-20,BACS LETTING AGENT RENT 842641,1322.88,housing,simulated_bank_transactions_uk
2024-09-17,food delivery pret fast food 540131,89.59,dining,simulated_bank_transactions_uk
2023-04-20,CARD-PMT-APPLE.COM/BILL 785300,19.3,subscriptions,simulated_bank_transactions_uk
2024-10-19,FOOD DELIVERY STARBUCKS FOOD DELIVERY 13462,128.44,dining,simulated_bank_transactions_uk
2023-03-29,Direct Debit Pos Iceland Rice,88.88,groceries,simulated_bank_transactions_uk
2023-03-26,POS PURCHASE BOOTS MISC EXPENSE 716194,94.32,other,simulated_bank_transactions_uk
2023-08-09,CARD PMT WAITROSE MILK,144.62,groceries,simulated_bank_transactions_uk
2024-04-03,card*payment*boots*misc*expense 653629,120.03,other,simulated_bank_transactions_uk
2024-01-03,CONTACTLESS POS LIDL,60.65,groceries,simulated_bank_transactions_uk
2023-01-01,Restaurant Just Eat Fast Food 737835,110.0,dining,simulated_bank_transactions_uk
2024-03-08,mortgage pmt letting agent,1619.16,housing,simulated_bank_transactions_uk
2024-05-18,POS ALDI VEGETABLES 536531,17.1,groceries,simulated_bank_transactions_uk
2024-11-30,MORTGAGE PAYMENT LANDLORD 297546,1841.55,housing,simulated_bank_transactions_uk
2024-01-12,Mastercard Utility Bill O2 84440,75.65,utilities,simulated_bank_transactions_uk
2023-12-02,subscription spotify 148012,25.14,subscriptions,simulated_bank_transactions_uk
2023-01-18,CARD*PAYMENT*LIDL*EGGS,50.66,groceries,simulated_bank_transactions_uk
2024-12-25,BACS MORTGAGE RENT,1171.94,housing,simulated_bank_transactions_uk
2023-05-19,Subscription Puregym 986758,15.88,subscriptions,simulated_bank_transactions_uk
2024-07-28,sto online purchase nhs misc expense 200394,135.48,other,simulated_bank_transactions_uk
2024-12-20,card/payment/just/eat/restaurant,72.33,dining,simulated_bank_transactions_uk
2024-04-01,DIRECT DEBIT PUREGYM 567769,16.59,subscriptions,simulated_bank_transactions_uk
2023-05-14,POS MORRISONS EGGS 134794,143.97,groceries,simulated_bank_transactions_uk
2024-11-29,Card Pmt Esso Uber Ride 40298,147.11,transportation,simulated_bank_transactions_uk
2024-12-23,Card Payment Boots Online Purchase 510913,82.22,other,simulated_bank_transactions_uk
2024-01-21,Food*Delivery*Just*Eat*Fast*Food,112.45,dining,simulated_bank_transactions_uk
2023-03-15,Online Purchase Hmrc Misc Expense 969409,78.58,other,simulated_bank_transactions_uk
2024-10-24,Mortgage Payment Landlor,949.12,housing,simulated_bank_transactions_uk
2024-02-21,fuel esso train ticket 246918,114.53,transportation,simulated_bank_transactions_uk
2023-07-20,ONLINE PURCHASE CURRYS ONLINE PURCHASE 137635,101.66,other,simulated_bank_transactions_uk
2023-03-28,TRANSPORT UBER BUS PASS 814035,35.45,transportation,simulated_bank_transactions_uk
2023-05-25,Card Pmt Aldi Milk,127.97,groceries,simulated_bank_transactions_uk
2024-09-07,card pmt costa food delivery,87.98,dining,simulated_bank_transactions_uk
2024-09-17,Fuel Bolt Uber Ride 301774,145.13,transportation,simulated_bank_transactions_uk
2024-05-30,Pos Rent Payment Rent 311563,1011.52,housing,simulated_bank_transactions_uk
2024-12-26,CARD PAYMENT BOOTS MISC EXPENSE,24.67,other,simulated_bank_transactions_uk
2024-01-21,Food Delivery Greggs Fast Food,54.49,dining,simulated_bank_transactions_uk
2023-08-10,ONLINE PURCHASE HMRC MISC EXPENSE 658821,10.17,other,simulated_bank_transactions_uk
2023-02-22,CARD CARD PAYMENT NANDO'S FAST FOOD,64.0,dining,simulated_bank_transactions_uk
2023-10-16,DIRECT-DEBIT-SKY 38185,96.89,utilities,simulated_bank_transactions_uk
2024-01-22,pos utility bill sky 408206,201.79,utilities,simulated_bank_transactions_uk
2024-11-21,Bacs Rent Rent 893330,1352.1,housing,simulated_bank_transactions_uk
2024-03-07,DIRECT DEBIT SEVER,126.74,utilities,simulated_bank_transactions_uk
2023-02-18,CONTACTLESS ASDA RICE,107.97,groceries,simulated_bank_transactions_uk
2024-04-02,FOOD DELIVERY PRET RESTAURANT 5104,126.22,dining,simulated_bank_transactions_uk
2024-04-17,BACS CARD PMT UBER BUS PASS,130.36,transportation,simulated_bank_transactions_uk
2024-02-28,CARD PAYMENT MCDONALDS FAST FOOD 769883,28.44,dining,simulated_bank_transactions_uk
2024-07-05,CARD DIRECT DEBIT BRITISH GAS,116.33,utilities,simulated_bank_transactions_uk
2024-07-21,transport trainline uber ride,77.89,transportation,simulated_bank_transactions_uk
2024-05-22,VISA-SUBSCRIPTION-APPLE.COM/BILL,14.27,subscriptions,simulated_bank_transactions_uk
2024-12-01,mastercard pos purchase ebay misc expense 716710,93.15,other,simulated_bank_transactions_uk
2024-05-29,transport/trainline/train/ticket,141.32,transportation,simulated_bank_transactions_uk
2023-07-14,Mortgage Payment Rent 320466,1095.8,housing,simulated_bank_transactions_uk
2023-09-17,Food Delivery Nando's Food Delivery 2542,70.58,dining,simulated_bank_transactions_uk
2023-09-03,Card Pmt Ebay Online Purchase,144.46,other,simulated_bank_transactions_uk
2024-07-24,Visa Card Pmt Pret Fast Food 946839,71.46,dining,simulated_bank_transactions_uk
2023-06-03,Card Payment Just Eat Fast Food 6569,6.68,dining,simulated_bank_transactions_uk
2023-12-30,CONTACTLESS LIDL RICE 724095,64.92,groceries,simulated_bank_transactions_uk
2023-12-26,CARD CONTACTLESS LIDL EGGS 368811,90.73,groceries,simulated_bank_transactions_uk
2024-04-27,utility bill o2 150258,99.76,utilities,simulated_bank_transactions_uk
2023-08-01,visa pos purchase boots online purchase 837580,98.81,other,simulated_bank_transactions_uk
2023-02-03,card*pmt*asda*chicken 909725,89.49,groceries,simulated_bank_transactions_uk
2023-02-04,bacs mortgage rent,988.87,housing,simulated_bank_transactions_uk
2024-01-01,online purchase argos misc expense 787715,57.77,other,simulated_bank_transactions_uk
2023-09-27,BACS*MORTGAGE*RENT,1006.71,housing,simulated_bank_transactions_uk
2023-12-08,Fuel Shell Train Ticket 869895,80.22,transportation,simulated_bank_transactions_uk
2023-07-04,BACS LANDLORD RENT 696983,1078.74,housing,simulated_bank_transactions_uk
2023-02-02,Utility Bill Thames Water 591761,124.56,utilities,simulated_bank_transactions_uk
2024-04-22,Rent-Payment-Lettin,651.55,housing,simulated_bank_transactions_uk
2023-03-13,Card Pmt Asda Chicken,111.32,groceries,simulated_bank_transactions_uk
2023-11-12,CONTACTLESS TESCO VEGETABLES 645204,39.09,groceries,simulated_bank_transactions_uk
2023-03-22,So Direct Debit Amazon Prime,19.75,subscriptions,simulated_bank_transactions_uk
2024-08-28,Card Pmt Spotify,22.57,subscriptions,simulated_bank_transactions_uk
2023-03-30,Mortgage Pmt Letting Agent,1991.07,housing,simulated_bank_transactions_uk
2023-08-09,card pmt netflix 792070,16.14,subscriptions,simulated_bank_transactions_uk
2024-03-12,rent-pmt-rent,987.35,housing,simulated_bank_transactions_uk
2024-04-26,sto contactless asda eggs 916607,110.33,groceries,simulated_bank_transactions_uk
2024-06-06,FOOD-DELIVERY-DELIVEROO-FAST-FOOD,138.73,dining,simulated_bank_transactions_uk
2023-10-15,MORTGAGE PMT LETTING AGENT 873275,1536.5,housing,simulated_bank_transactions_uk
2024-11-18,rent pmt rent 127065,1176.25,housing,simulated_bank_transactions_uk
2024-09-20,Mastercard Mortgage Payment Letting Agent,806.17,housing,simulated_bank_transactions_uk
2023-05-17,card payment waitrose vegetables,57.81,groceries,simulated_bank_transactions_uk
2024-09-06,Transport*Uber*Fuel,53.43,transportation,simulated_bank_transactions_uk
2023-03-11,Direct*Debit*Google**services,27.47,subscriptions,simulated_bank_transactions_uk
2024-12-09,CARD PAYMENT UBER TRAIN TICKET 852425,106.1,transportation,simulated_bank_transactions_uk
2023-07-10,Bill*Pmt*O2,156.34,utilities,simulated_bank_transactions_uk
2023-01-18,RESTAURANT*STARBUCKS*FAST*FOOD 534466,136.52,dining,simulated_bank_transactions_uk
2024-11-27,Sto Transport Esso Bus Pass 237426,126.21,transportation,simulated_bank_transactions_uk
2023-09-17,BILL*PMT*E.ON 181505,64.22,utilities,simulated_bank_transactions_uk
2023-04-01,Pos*Waitrose*Eggs 299248,12.88,groceries,simulated_bank_transactions_uk
2023-11-11,SUBSCRIPTION APPLE.COM/BILL 493596,15.79,subscriptions,simulated_bank_transactions_uk
2024-08-27,RESTAURANT-STARBUCKS-RESTAURANT 345172,34.34,dining,simulated_bank_transactions_uk
2024-05-27,Pos Purchase Ebay Online Purchase,40.24,other,simulated_bank_transactions_uk
2023-11-03,transport bp train ticket 549421,41.39,transportation,simulated_bank_transactions_uk
2023-01-03,Pos*Purchase*Superdrug*Misc*Expense,124.66,other,simulated_bank_transactions_uk
2023-01-18,bill*payment*e.on 652856,92.05,utilities,simulated_bank_transactions_uk
2024-05-31,Bacs*Rent*Pmt*Landlord 243916,916.3,housing,simulated_bank_transactions_uk
2024-01-01,Restaurant Pret Food Delivery 172012,36.17,dining,simulated_bank_transactions_uk
2024-11-29,card pmt lidl chicken 454490,137.62,groceries,simulated_bank_transactions_uk
2024-05-23,BACS*MORTGAGE*RENT 749030,1895.94,housing,simulated_bank_transactions_uk
2023-04-03,card-pmt-mcdonalds-fast-food,17.04,dining,simulated_bank_transactions_uk
2023-01-09,UTILITY BILL THAMES WATER 102045,178.35,utilities,simulated_bank_transactions_uk
2024-03-04,Sto*Utility*Bill*Ee 75449,73.03,utilities,simulated_bank_transactions_uk
2023-03-22,CARD PAYMENT CURRYS MISC EXPENSE,81.57,other,simulated_bank_transactions_uk
2024-06-23,Card Payment Bp Trai,142.78,transportation,simulated_bank_transactions_uk
2024-12-11,card payment superdrug misc expense 192633,96.74,other,simulated_bank_transactions_uk
2023-12-02,POS CARD PAYMENT WAITROSE RICE,83.91,groceries,simulated_bank_transactions_uk
2024-06-19,Visa-Fuel-Shell-Uber-Ride,121.9,transportation,simulated_bank_transactions_uk
2024-07-21,Transport Bp Uber Ride 4746,137.75,transportation,simulated_bank_transactions_uk
2024-06-15,BACS RESTAURANT COSTA FAST FOOD,56.07,dining,simulated_bank_transactions_uk
2023-12-20,Online*Purchase*Boots*Online*Purchase,58.39,other,simulated_bank_transactions_uk
2023-07-30,Pos/Purchase/Nhs/Online/Purchase 70884,34.62,other,simulated_bank_transactions_uk
2023-11-15,POS PURCHASE ARGOS ONLINE PURCHASE 282791,89.38,other,simulated_bank_transactions_uk
2023-02-12,DIRECT DEBIT NETFLIX 630614,36.2,subscriptions,simulated_bank_transactions_uk
2023-03-08,Rent Pmt Mortgage 871314,1944.72,housing,simulated_bank_transactions_uk
2023-07-13,POS PURCHASE HMRC MISC EXPENSE 872111,130.32,other,simulated_bank_transactions_uk
2023-06-27,TRANSPORT BP TRAIN TICKET 915544,106.43,transportation,simulated_bank_transactions_uk
2024-09-14,Card Payment Shell Train Ticket,18.11,transportation,simulated_bank_transactions_uk
2023-09-05,Transport/Tfl/Fuel 890951,112.45,transportation,simulated_bank_transactions_uk
2023-04-15,CARD/PMT/ARGOS/ONLINE/PURCHASE 469534,126.54,other,simulated_bank_transactions_uk
2023-07-17,Direct Debit E.on 561782,64.04,utilities,simulated_bank_transactions_uk
2023-10-30,fuel*bp*uber*ride 265546,148.55,transportation,simulated_bank_transactions_uk
2023-12-07,BACS LETTING AGENT RENT 671277,949.24,housing,simulated_bank_transactions_uk
2023-03-06,sto mortgage payment rent 321886,1788.56,housing,simulated_bank_transactions_uk
2023-03-02,Fuel Shell Train Ticket,8.73,transportation,simulated_bank_transactions_uk
2024-04-05,BACS POS PURCHASE EBAY MISC EXPENSE 787799,46.63,other,simulated_bank_transactions_uk
2024-12-30,CARD*CARD*PAYMENT*NANDO'S*FOOD*DELIVERY 449029,15.93,dining,simulated_bank_transactions_uk
2024-02-22,pos iceland milk 31040,93.65,groceries,simulated_bank_transactions_uk
2023-11-17,transport bolt bus pass,100.56,transportation,simulated_bank_transactions_uk
2024-12-25,transport bolt fuel,62.8,transportation,simulated_bank_transactions_uk
2023-11-09,FOOD-DELIVERY-STARBUCKS-RESTAURANT,113.15,dining,simulated_bank_transactions_uk
2024-07-25,FUEL ESSO BUS PASS,20.59,transportation,simulated_bank_transactions_uk
2024-02-21,Mortgage Pmt Mortgage 58102,737.59,housing,simulated_bank_transactions_uk
2024-03-02,So Subscription Puregym 454534,10.34,subscriptions,simulated_bank_transactions_uk
2023-04-16,So Transport Bolt Uber Ride 297199,140.44,transportation,simulated_bank_transactions_uk
2024-12-12,pos card pmt waitrose rice,145.84,groceries,simulated_bank_transactions_uk
2024-09-22,RENT PAYMENT LANDLORD 296171,1132.75,housing,simulated_bank_transactions_uk
2024-12-20,contactless iceland milk 871287,11.65,groceries,simulated_bank_transactions_uk
2023-05-07,bacs rent rent,950.08,housing,simulated_bank_transactions_uk
2024-05-30,food delivery kfc food delivery 10374,23.79,dining,simulated_bank_transactions_uk
2024-05-26,SO DIRECT DEBIT THAMES WATER,169.22,utilities,simulated_bank_transactions_uk
2024-01-26,FUEL BOLT FUEL 9689,28.06,transportation,simulated_bank_transactions_uk
2023-02-01,Fps Card Pmt Superdrug Misc Expense,143.33,other,simulated_bank_transactions_uk
2024-12-26,Card Payment Puregym 698568,22.38,subscriptions,simulated_bank_transactions_uk
2023-12-20,Card Pmt Tesco Vegetables 196438,3.57,groceries,simulated_bank_transactions_uk
2024-10-10,DIRECT DEBIT SPOTIFY 532308,32.99,subscriptions,simulated_bank_transactions_uk
2024-07-18,Bacs Rent Rent 847794,1664.09,housing,simulated_bank_transactions_uk
2023-05-30,MORTGAGE-PAYMENT-LETTING-AGE,881.73,housing,simulated_bank_transactions_uk
2024-11-07,Contactless Iceland,144.14,groceries,simulated_bank_transactions_uk
2024-09-22,CARD/PAYMENT/STARBUCKS/F,85.15,dining,simulated_bank_transactions_uk
2023-07-15,food delivery costa food delivery 579439,21.94,dining,simulated_bank_transactions_uk
2023-12-25,Direct/Debit/Gym/Group,10.07,subscriptions,simulated_bank_transactions_uk
2023-02-15,CARD PMT ASDA EGGS 607049,52.2,groceries,simulated_bank_transactions_uk
2023-05-31,card payment bolt uber ride 214327,106.86,transportation,simulated_bank_transactions_uk
2023-10-22,Bacs Mortgage Rent,1132.14,housing,simulated_bank_transactions_uk
2023-07-06,card*payment*netflix 173391,37.74,subscriptions,simulated_bank_transactions_uk
2024-01-03,CARD PMT TFL UBER RIDE,64.52,transportation,simulated_bank_transactions_uk
2023-09-27,Card Pmt Boots Misc Expense,133.3,other,simulated_bank_transactions_uk
2024-09-13,Restaurant Mcdonalds Fast Food,104.81,dining,simulated_bank_transactions_uk
2023-01-24,Transport Shell Uber Ride 125993,108.55,transportation,simulated_bank_transactions_uk
2024-08-21,FUEL*TRAINLINE*UBER*RIDE 772446,96.28,transportation,simulated_bank_transactions_uk
2023-09-23,subscription gym group 720627,38.7,subscriptions,simulated_bank_transactions_uk
2024-10-04,bill payment sky 538756,115.56,utilities,simulated_bank_transactions_uk
2023-05-18,Pos Purchase Currys Misc Expense 893609,66.42,other,simulated_bank_transactions_uk
2024-03-29,VISA BILL PMT EE 969456,233.88,utilities,simulated_bank_transactions_uk
2024-09-20,mortgage*pmt*mortgage 54,1576.16,housing,simulated_bank_transactions_uk
2023-02-23,Card Payment Amazon Prime,18.63,subscriptions,simulated_bank_transactions_uk
2023-05-22,Card Restaurant Kfc Food Delivery,21.81,dining,simulated_bank_transactions_uk
2023-04-11,Pos Purchase Boots Online Purchase 547219,133.05,other,simulated_bank_transactions_uk
2023-01-10,CARD PMT NHS ONLINE PURCHASE 500656,84.73,other,simulated_bank_transactions_uk
2023-10-11,Card*Pmt*Bp*Fuel 17,125.11,transportation,simulated_bank_transactions_uk
2024-08-14,mastercard bacs landlord rent,711.5,housing,simulated_bank_transactions_uk
2023-12-04,Subscription Google *services 162039,5.58,subscriptions,simulated_bank_transactions_uk
2024-06-17,Card Pmt Lidl Vegetables,110.35,groceries,simulated_bank_transactions_uk
2024-08-06,Direct Debit Gym Group,24.6,subscriptions,simulated_bank_transactions_uk
2024-12-29,TRANSPORT ESSO BUS PASS 960373,13.79,transportation,simulated_bank_transactions_uk
2024-07-30,Online/Purchase/Superdrug/Online/Purchase,41.16,other,simulated_bank_transactions_uk
2024-03-27,bacs mortgage rent,926.7,housing,simulated_bank_transactions_uk
2024-02-23,Bill Pmt Ee 861414,224.2,utilities,simulated_bank_transactions_uk
2024-07-31,Food Delivery Just Eat Restaurant 577565,97.02,dining,simulated_bank_transactions_uk
2024-02-08,STO FUEL TRAINLINE TRAIN TICKET 680342,21.54,transportation,simulated_bank_transactions_uk
2023-09-19,Bacs Restaurant Uber Eats Restaura,121.75,dining,simulated_bank_transactions_uk
2024-06-25,POS PURCHASE AMAZON MISC EXPENSE 456304,122.76,other,simulated_bank_transactions_uk
2024-12-06,BACS*MORTGAGE*RENT,1064.42,housing,simulated_bank_transactions_uk
2024-11-10,RENT/PMT/MORTGAGE,833.52,housing,simulated_bank_transactions_uk
2023-06-18,Rent*Payment*Letting*Agent 249514,822.39,housing,simulated_bank_transactions_uk
2023-08-12,Mortgage Payment Letting Agent 389184,755.1,housing,simulated_bank_transactions_uk
2024-06-06,utility bill e.on 55737,39.18,utilities,simulated_bank_transactions_uk
2024-11-28,DIRECT DEBIT AMAZON PRIME,30.46,subscriptions,simulated_bank_transactions_uk
2024-02-24,VISA CARD PAYMENT HMRC MISC EXPENSE 570636,74.29,other,simulated_bank_transactions_uk
2024-02-13,Direct*Debit*Bacs*Letting*Agent*Rent 953620,1455.14,housing,simulated_bank_transactions_uk
2023-08-13,Card Payment Bolt Bus Pass 523571,120.85,transportation,simulated_bank_transactions_uk
2024-08-11,CARD PAYMENT KFC FAST FOOD 166414,110.91,dining,simulated_bank_transactions_uk
2023-03-23,Fuel Uber Fuel,52.2,transportation,simulated_bank_transactions_uk
2024-05-04,DIRECT-DEBIT-O2 510912,47.86,utilities,simulated_bank_transactions_uk
2024-12-27,Transport Uber Bus,103.5,transportation,simulated_bank_transactions_uk
2024-12-17,Transport Tfl Train Ticket 493546,138.79,transportation,simulated_bank_transactions_uk
2023-10-11,card pmt puregym,29.8,subscriptions,simulated_bank_transactions_uk
2024-10-13,Pos Tesco Vegetables 523302,12.46,groceries,simulated_bank_transactions_uk
2023-06-10,pos*card*pmt*national*rail*fuel,103.53,transportation,simulated_bank_transactions_uk
2023-05-04,CONTACTLESS CARD PMT COSTA FAST FOOD,50.51,dining,simulated_bank_transactions_uk
2024-09-25,POS PURCHASE ARGOS ONLINE PURCHASE,119.12,other,simulated_bank_transactions_uk
2023-08-18,Card Payment Mcdonalds Fast Food,40.8,dining,simulated_bank_transactions_uk
2023-11-22,Fps Card Payment Uber Fuel 248547,55.27,transportation,simulated_bank_transactions_uk
2024-03-22,POS*ICELAND*EGGS 603650,117.46,groceries,simulated_bank_transactions_uk
2024-03-27,FUEL ESSO UBER RIDE 276672,92.87,transportation,simulated_bank_transactions_uk
2023-01-09,VISA*DIRECT*DEBIT*NETFLIX 27897,37.74,subscriptions,simulated_bank_transactions_uk
2023-07-31,Card Pmt Superdrug Online Purchase 980630,86.16,other,simulated_bank_transactions_uk
2023-04-23,CARD PAYMENT NATIONAL RAIL TRAIN TICKET 809253,11.97,transportation,simulated_bank_transactions_uk
2023-03-29,card*card*pmt*deliveroo*restaurant,126.06,dining,simulated_bank_transactions_uk
2024-10-29,POS PURCHASE BOOTS MISC EXPENSE,87.61,other,simulated_bank_transactions_uk
2023-05-10,MORTGAGE/PAYMENT/LETTING/AGENT 247310,993.09,housing,simulated_bank_transactions_uk
2023-08-09,SUBSCRIPTION*PUREGYM 144972,32.72,subscriptions,simulated_bank_transactions_uk
2024-02-25,FUEL ESSO TRAIN TICKET 483171,73.5,transportation,simulated_bank_transactions_uk
2023-09-18,Subscription Amazon Prime,23.2,subscriptions,simulated_bank_transactions_uk
2023-03-26,RESTAURANT NANDO'S FOOD DELIV,105.04,dining,simulated_bank_transactions_uk
2023-07-28,contactless*card*payment*currys*online*purchase 647020,43.37,other,simulated_bank_transactions_uk
2023-12-08,bill payment scottishpower 528576,45.84,utilities,simulated_bank_transactions_uk
2023-09-05,So-Online-Purchase-Argos-Online-Purchase,67.48,other,simulated_bank_transactions_uk
2024-05-12,DIRECT DEBIT FUEL NATIONAL RAIL FUEL 452758,61.84,transportation,simulated_bank_transactions_uk
2023-10-07,contactless sainsburys eggs 491975,50.97,groceries,simulated_bank_transactions_uk
2024-08-22,CARD/PMT/STARBUCKS/RESTAURANT 344220,53.72,dining,simulated_bank_transactions_uk
2024-05-11,direct/debit/british/gas,225.92,utilities,simulated_bank_transactions_uk
2024-02-17,Pos Purchase Amazon Misc Expense 980747,139.92,other,simulated_bank_transactions_uk
2023-12-07,Pos Rent Payment Landlord,667.31,housing,simulated_bank_transactions_uk
2023-11-03,Fps/Rent/Payment/Land,1575.47,housing,simulated_bank_transactions_uk
2023-06-06,FPS SUBSCRIPTION NETFLIX 390522,25.98,subscriptions,simulated_bank_transactions_uk
2024-11-30,Bacs Rent Rent 735145,1634.44,housing,simulated_bank_transactions_uk
2023-03-29,MASTERCARD*DIRECT*DEBIT*E.ON,67.56,utilities,simulated_bank_transactions_uk
2024-10-26,Fuel Tfl Bus Pass 259247,109.23,transportation,simulated_bank_transactions_uk
2023-01-21,Online Purchase Nhs Online Purchase,84.89,other,simulated_bank_transactions_uk
2024-07-16,rent pmt rent,1824.65,housing,simulated_bank_transactions_uk
2024-03-02,direct debit vodafone 758902,114.98,utilities,simulated_bank_transactions_uk
2024-01-15,TRANSPORT TRAINLINE TRAIN TICKET 969502,141.53,transportation,simulated_bank_transactions_uk
2023-10-01,Food Delivery Uber Eats Fast Food,97.28,dining,simulated_bank_transactions_uk
2024-07-28,Sto Card Pmt Bolt Fuel 374345,3.37,transportation,simulated_bank_transactions_uk
2023-03-26,CARD-PMT-AMAZON-PRIME 347644,34.05,subscriptions,simulated_bank_transactions_uk
2024-05-09,rent pmt rent 885604,690.54,housing,simulated_bank_transactions_uk
2024-08-09,Card Pmt Esso Bus Pass 852081,13.07,transportation,simulated_bank_transactions_uk
2024-09-10,VISA RENT PMT RENT,1710.85,housing,simulated_bank_transactions_uk
2024-11-19,Online*Purchase*Currys*Online*Purchase 10818,52.84,other,simulated_bank_transactions_uk
2024-09-26,POS MORRISONS RICE 749821,137.89,groceries,simulated_bank_transactions_uk
2023-09-08,subscription-google-*services 620421,28.55,subscriptions,simulated_bank_transactions_uk
2023-10-06,CARD PAYMENT GYM GROUP 361517,24.96,subscriptions,simulated_bank_transactions_uk
2024-01-24,Card-Payment-Just-Eat-Fast-Food,66.85,dining,simulated_bank_transactions_uk
2023-02-07,card payment superdrug misc expense 388459,88.61,other,simulated_bank_transactions_uk
2023-11-07,BACS FOOD DELIVERY UBER EATS RESTAURANT 862944,56.16,dining,simulated_bank_transactions_uk
2024-10-15,so bacs mortgage rent 743767,1591.71,housing,simulated_bank_transactions_uk
2024-03-18,Visa Online Purchase Argos Misc Expense 859966,35.73,other,simulated_bank_transactions_uk
2024-02-25,SUBSCRIPTION APPLE.COM/BIL,8.56,subscriptions,simulated_bank_transactions_uk
2023-01-03,POS PURCHASE BOOTS ONLINE PURCHASE,142.76,other,simulated_bank_transactions_uk
2023-02-25,Card Pmt Amazon Misc Expense 787990,115.85,other,simulated_bank_transactions_uk
2024-12-11,VISA RESTAURANT KFC FAST FOOD 282265,142.15,dining,simulated_bank_transactions_uk
2024-01-04,Utility*Bill*Vodafone 462815,106.07,utilities,simulated_bank_transactions_uk
2024-11-10,CARD PAYMENT NETFLIX,39.79,subscriptions,simulated_bank_transactions_uk
2023-12-08,card payment asda milk 271925,21.09,groceries,simulated_bank_transactions_uk
2023-10-22,Pos Rent Payment Letting Agent,1802.33,housing,simulated_bank_transactions_uk
2024-11-06,Direct Debit Apple.com/bill 497419,7.51,subscriptions,simulated_bank_transactions_uk
2023-12-27,transport tfl fuel 565045,22.62,transportation,simulated_bank_transactions_uk
2023-12-11,Mastercard Transport Tfl Fuel 898750,144.4,transportation,simulated_bank_transactions_uk
2023-12-17,food delivery deliveroo fast food 713291,18.27,dining,simulated_bank_transactions_uk
2024-02-07,Visa Fuel Bp Fuel 257577,48.43,transportation,simulated_bank_transactions_uk
2023-08-08,CARD PMT PUREGYM 664342,18.09,subscriptions,simulated_bank_transactions_uk
2023-05-29,subscription/spotify,13.32,subscriptions,simulated_bank_transactions_uk
2023-01-19,card payment netflix 430396,17.23,subscriptions,simulated_bank_transactions_uk
2024-09-04,Online Purchase Ebay Misc Expense 682647,74.44,other,simulated_bank_transactions_uk
2024-05-28,TRANSPORT TRAINLINE FUEL 602554,56.23,transportation,simulated_bank_transactions_uk
2023-02-15,CONTACTLESS SAINSBURYS VEGETABLES,63.09,groceries,simulated_bank_transactions_uk
2023-07-18,BILL-PMT-SCOTTISHPOWER 893167,55.86,utilities,simulated_bank_transactions_uk
2024-11-01,card payment uber eats restaurant,38.04,dining,simulated_bank_transactions_uk
2023-11-04,Pos Purchase Currys Misc Expense 566147,68.27,other,simulated_bank_transactions_uk
2024-02-15,pos pos lidl rice 304946,17.96,groceries,simulated_bank_transactions_uk
2023-04-09,Bacs Card Payment Amazon Misc Expense 482323,96.14,other,simulated_bank_transactions_uk
2024-05-15,Card Pmt National Rail Fuel 856490,101.41,transportation,simulated_bank_transactions_uk
2023-12-24,POS BACS MORTGAGE RENT 449512,774.28,housing,simulated_bank_transactions_uk
2024-06-14,Rent Payment Letting Agent 991592,1992.57,housing,simulated_bank_transactions_uk
2024-02-17,FPS-MORTGAGE-PAYMENT-MORTGAGE 883576,996.76,housing,simulated_bank_transactions_uk
2023-07-15,CARD PMT MORRISONS MILK 226468,70.84,groceries,simulated_bank_transactions_uk
2023-12-23,contactless card pmt apple.com/bill 864,7.72,subscriptions,simulated_bank_transactions_uk
2023-04-18,Card-Pmt-Apple.com/bill 910098,34.62,subscriptions,simulated_bank_transactions_uk
2024-01-28,Card Payment Mcdonalds Food Delivery 260579,8.18,dining,simulated_bank_transactions_uk
2023-10-04,Food Delivery Starbucks Food Delivery 839144,119.21,dining,simulated_bank_transactions_uk
2024-09-03,DIRECT DEBIT PUREGYM,20.14,subscriptions,simulated_bank_transactions_uk
2024-12-21,Bill*Payment*Scottishpower 900581,51.53,utilities,simulated_bank_transactions_uk
2023-08-31,BILL PAYMENT BT 515171,110.34,utilities,simulated_bank_transactions_uk
2023-12-28,Sto Mortgage Pmt Letting Agent 594111,1547.6,housing,simulated_bank_transactions_uk
2024-11-20,Utility Bill Vodafone 73386,82.83,utilities,simulated_bank_transactions_uk
2024-08-31,ONLINE-PURCHASE-ARGOS-MISC-EXPENSE 195280,106.37,other,simulated_bank_transactions_uk
2024-04-10,CARD CARD PMT JUST EAT RESTAURANT 614337,74.89,dining,simulated_bank_transactions_uk
2023-03-29,bill pmt severn trent 244219,77.17,utilities,simulated_bank_transactions_uk
2023-07-18,bill payment octopus energy 258151,210.46,utilities,simulated_bank_transactions_uk
2024-09-10,card/pmt/puregym,11.63,subscriptions,simulated_bank_transactions_uk
2024-10-12,Card Payment Just Eat Fast Food 556147,27.25,dining,simulated_bank_transactions_uk
2024-11-19,FUEL TRAINLINE TRAIN TICKET 930478,66.54,transportation,simulated_bank_transactions_uk
2024-08-04,Utility Bill Octopus Energy 19861,199.82,utilities,simulated_bank_transactions_uk
2023-03-06,FOOD DELIVERY STARBUCKS FAST FOOD 725608,115.99,dining,simulated_bank_transactions_uk
2024-12-21,so rent pmt mortgage 69025,631.29,housing,simulated_bank_transactions_uk
2024-04-12,CARD PMT BOOTS ONLINE PURCHASE 6456,100.64,other,simulated_bank_transactions_uk
2024-03-23,MORTGAGE PAYMENT MORTGAGE 384884,1683.85,housing,simulated_bank_transactions_uk
2023-06-07,online/purchase/boots/misc/expense,85.43,other,simulated_bank_transactions_uk
2023-12-17,so card pmt pret restaurant 251317,78.51,dining,simulated_bank_transactions_uk
2024-08-28,Utility Bill E.on 945730,190.48,utilities,simulated_bank_transactions_uk
2024-06-02,FPS CARD PAYMENT ESSO UBER RIDE 563660,23.8,transportation,simulated_bank_transactions_uk
2024-08-20,Card Payment Boots Misc Expense,66.09,other,simulated_bank_transactions_uk
2024-11-19,CARD/PMT/LIDL/MILK 505607,122.11,groceries,simulated_bank_transactions_uk
2023-09-28,direct debit e.on 257870,66.57,utilities,simulated_bank_transactions_uk
2024-01-22,POS*RENT*PMT*LANDLORD 106174,822.69,housing,simulated_bank_transactions_uk
2024-10-19,CONTACTLESS WAITROSE MILK,89.08,groceries,simulated_bank_transactions_uk
2023-12-08,card payment spotify 768104,10.14,subscriptions,simulated_bank_transactions_uk
2023-11-23,POS PURCHASE ARGOS MISC EXPENSE 850931,60.96,other,simulated_bank_transactions_uk
2023-10-07,card/payment/costa/fast/food 806655,95.49,dining,simulated_bank_transactions_uk
2023-07-05,Card Payment Just Eat Fast Food 461143,105.91,dining,simulated_bank_transactions_uk
2023-03-20,Card Pmt Trainline Bus Pass 769787,44.18,transportation,simulated_bank_transactions_uk
2024-12-05,SO POS ICELAND CHICKEN 840946,17.34,groceries,simulated_bank_transactions_uk
2023-12-17,subscription amazon prime 891822,36.68,subscriptions,simulated_bank_transactions_uk
2024-04-05,STO CARD PMT LIDL BREAD 953677,59.16,groceries,simulated_bank_transactions_uk
2023-07-31,BACS DIRECT DEBIT SEVERN TRENT 646273,61.76,utilities,simulated_bank_transactions_uk
2024-08-30,DIRECT DEBIT GOOGLE *SERVICES 653296,8.51,subscriptions,simulated_bank_transactions_uk
2024-06-09,Utility-Bill-Sky 810956,188.9,utilities,simulated_bank_transactions_uk
2023-10-14,Direct Debit Card Payment Shell Uber Ride,81.95,transportation,simulated_bank_transactions_uk
2023-09-24,card payment boots misc expense 981214,141.05,other,simulated_bank_transactions_uk
2023-01-29,FPS CARD PAYMENT MCDONALDS FOOD DELIVERY,22.78,dining,simulated_bank_transactions_uk
2023-09-07,Pos Morrisons Eggs 782791,100.3,groceries,simulated_bank_transactions_uk
2023-04-10,DIRECT DEBIT VODAFONE 298607,244.45,utilities,simulated_bank_transactions_uk
2024-07-08,pos morrisons bread 656345,68.11,groceries,simulated_bank_transactions_uk
2024-05-08,VISA UTILITY BILL SEVERN TRENT 682289,30.36,utilities,simulated_bank_transactions_uk
2024-04-24,POS PURCHASE CURRYS MISC EXPENSE 135742,138.26,other,simulated_bank_transactions_uk
2023-01-11,Food/Delivery/Starbucks/Restaurant 971900,110.65,dining,simulated_bank_transactions_uk
2024-03-21,Food Delivery Kfc Food Delivery 249670,100.76,dining,simulated_bank_transactions_uk
2024-04-21,Contactless Morrisons Chicken 716751,37.87,groceries,simulated_bank_transactions_uk
2024-01-18,restaurant nando's restaurant,111.85,dining,simulated_bank_transactions_uk
2024-05-09,Bacs Card Payment Morrisons Rice 589727,64.9,groceries,simulated_bank_transactions_uk
2023-04-07,FPS*RENT*PAYMENT*RENT 14443,859.76,housing,simulated_bank_transactions_uk
2024-07-12,Food Delivery Just Eat Restaurant 728899,9.14,dining,simulated_bank_transactions_uk
2023-11-03,Subscription Puregym 543902,6.73,subscriptions,simulated_bank_transactions_uk
2024-08-11,POS LIDL CHICKEN,60.32,groceries,simulated_bank_transactions_uk
2023-06-15,Visa*Direct*Debit*E.on 882703,211.96,utilities,simulated_bank_transactions_uk
2024-02-15,MASTERCARD FOOD DELIVERY KFC FAST,99.19,dining,simulated_bank_transactions_uk
2023-04-22,fuel tfl fuel 984802,71.69,transportation,simulated_bank_transactions_uk
2024-12-02,Card Payment Disney+,6.3,subscriptions,simulated_bank_transactions_uk
2023-01-21,VISA ONLINE PURCHASE HMRC ONLINE PURCHASE 81449,92.56,other,simulated_bank_transactions_uk
2024-08-05,card payment greggs fast foo,120.02,dining,simulated_bank_transactions_uk
2024-05-13,contactless iceland chicken 160868,108.74,groceries,simulated_bank_transactions_uk
2024-11-08,Contactless Mortgage Pmt Landlord,782.96,housing,simulated_bank_transactions_uk
2024-04-06,Card*Pmt*Sainsburys*Vegetables 78081,144.32,groceries,simulated_bank_transactions_uk
2024-01-18,Bacs Mortgage Rent 33453,696.81,housing,simulated_bank_transactions_uk
2024-07-11,direct debit direct debit amazon prime 423422,18.9,subscriptions,simulated_bank_transactions_uk
2023-10-11,Pos Bill Payment Octopus Energy 7189,32.37,utilities,simulated_bank_transactions_uk
2023-03-10,Pos-Bill-Payment-Severn-Trent 143900,232.9,utilities,simulated_bank_transactions_uk
2023-05-22,Contactless*Card*Payment*Disney+ 18468,18.93,subscriptions,simulated_bank_transactions_uk
2024-02-16,card payment boots misc expense,143.03,other,simulated_bank_transactions_uk
2023-04-26,pos purchase nhs online purchase 131302,23.67,other,simulated_bank_transactions_uk
2023-01-26,so restaurant kfc food delivery 537828,111.04,dining,simulated_bank_transactions_uk
2023-10-10,mastercard card payment amazon prime 993845,17.84,subscriptions,simulated_bank_transactions_uk
2024-09-09,direct debit disney+ 927165,34.51,subscriptions,simulated_bank_transactions_uk
2023-08-25,Direct Debit Vodafone 674337,110.97,utilities,simulated_bank_transactions_uk
2024-09-28,online purchase superdrug misc expense 455044,31.24,other,simulated_bank_transactions_uk
2023-09-03,Rent Payment Rent 790090,1106.92,housing,simulated_bank_transactions_uk
2024-05-06,pos-purchase-argos-misc-expense,128.14,other,simulated_bank_transactions_uk
2024-01-22,Fps Transport National Rail Bus Pass 944794,137.99,transportation,simulated_bank_transactions_uk
2023-05-06,CONTACTLESS SUBSCRIPTION SPOTIFY,29.71,subscriptions,simulated_bank_transactions_uk
2023-11-08,Fps Pos Waitrose Bread,110.96,groceries,simulated_bank_transactions_uk
2024-07-10,card pmt asda milk,25.13,groceries,simulated_bank_transactions_uk
2024-06-09,DIRECT DEBIT BRITISH GAS 592976,102.69,utilities,simulated_bank_transactions_uk
2023-08-14,Mastercard Bacs Rent Rent 528033,616.71,housing,simulated_bank_transactions_uk
2024-05-19,FUEL TFL FUEL,17.7,transportation,simulated_bank_transactions_uk
2023-07-16,sto pos sainsburys rice 472818,105.79,groceries,simulated_bank_transactions_uk
2024-04-07,Sto Card Pmt Morrisons Eggs 813990,63.39,groceries,simulated_bank_transactions_uk
2023-05-13,POS WAITROSE CHICKEN,47.61,groceries,simulated_bank_transactions_uk
2023-04-06,Card-Transport-Esso-Fuel 152465,3.71,transportation,simulated_bank_transactions_uk
2023-08-26,Restaurant-Deliveroo-Fast-Food,82.51,dining,simulated_bank_transactions_uk
2024-04-03,Pos Purchase Currys Misc Expense 196232,33.7,other,simulated_bank_transactions_uk
2024-07-24,Restaurant Costa Food Delivery,41.05,dining,simulated_bank_transactions_uk
2024-11-14,Visa/Restaurant/Kfc/Fast/Food 945118,70.25,dining,simulated_bank_transactions_uk
2023-10-14,Sto Card Payment Just Eat Restaurant 6,4.38,dining,simulated_bank_transactions_uk
2024-08-24,direct debit bill payment sky 293093,239.92,utilities,simulated_bank_transactions_uk
2024-11-15,Pos Purchase Currys Misc Expense 382671,102.42,other,simulated_bank_transactions_uk
2024-10-16,online/purchase/argos/online/purchase 341178,126.89,other,simulated_bank_transactions_uk
2023-02-15,POS PURCHASE SUPERDRUG MISC EXPENSE,114.76,other,simulated_bank_transactions_uk
2024-03-06,UTILITY BILL BRITISH GAS 611373,157.63,utilities,simulated_bank_transactions_uk
2024-05-26,RENT PMT MORTGAGE,1656.9,housing,simulated_bank_transactions_uk
2023-01-01,CARD/PMT/UBER/BUS/PASS 777670,20.1,transportation,simulated_bank_transactions_uk
2023-02-14,Card-Pmt-Bolt-Bus-Pass 287654,134.85,transportation,simulated_bank_transactions_uk
2023-08-11,direct debit spotify 489979,39.41,subscriptions,simulated_bank_transactions_uk
2023-12-19,online purchase amazon online purchase 728931,82.59,other,simulated_bank_transactions_uk
2023-10-24,Restaurant Pret Restaurant 361701,128.9,dining,simulated_bank_transactions_uk
2024-08-20,sto/bill/payment/british/gas 577714,160.76,utilities,simulated_bank_transactions_uk
2024-02-28,Transport Esso Bus Pass 856463,121.0,transportation,simulated_bank_transactions_uk
2023-02-22,Mastercard Online Purchase Amazon Online Purchase 963854,18.46,other,simulated_bank_transactions_uk
2023-11-11,Contactless Restaurant Starbucks Food Delivery 424112,72.48,dining,simulated_bank_transactions_uk
2023-12-26,CARD PMT NANDO'S FAST FOOD 68370,45.62,dining,simulated_bank_transactions_uk
2024-06-08,Card Pmt Costa Fast Food 184524,70.82,dining,simulated_bank_transactions_uk
2024-08-13,Direct Debit Spotify 524380,18.56,subscriptions,simulated_bank_transactions_uk
2024-11-27,BILL PMT BT 288420,89.04,utilities,simulated_bank_transactions_uk
2024-09-15,contactless tesco bread 41901,88.26,groceries,simulated_bank_transactions_uk
2023-12-24,direct debit disney+ 190327,18.31,subscriptions,simulated_bank_transactions_uk
2024-08-27,Pos Bacs Letting Agent Rent,1207.42,housing,simulated_bank_transactions_uk
2024-02-22,rent payment landlord 73306,1935.4,housing,simulated_bank_transactions_uk
2024-02-24,Contactless/Asda/Bread 360193,79.35,groceries,simulated_bank_transactions_uk
2024-03-29,mastercard/online/purchase/argos/misc/expense 381092,7.96,other,simulated_bank_transactions_uk
2024-01-19,Restaurant/Greggs/Fast/Food 904814,67.54,dining,simulated_bank_transactions_uk
2023-07-30,card-pmt-mcdonalds-restaurant,114.26,dining,simulated_bank_transactions_uk
2024-01-21,Card Pmt Disney+,19.22,subscriptions,simulated_bank_transactions_uk
2024-03-30,Direct Debit Bt 307822,70.42,utilities,simulated_bank_transactions_uk
2023-02-26,CARD PMT SAINSBURYS VEGETABLES 7401,118.44,groceries,simulated_bank_transactions_uk
2023-05-07,Bacs Card Pmt Pret Restaurant 207675,148.29,dining,simulated_bank_transactions_uk
2023-02-03,mastercard direct debit bt,175.35,utilities,simulated_bank_transactions_uk
2024-10-30,food delivery starbucks food delivery,145.12,dining,simulated_bank_transactions_uk
2024-12-01,Bill*Pmt*Bt 529047,81.0,utilities,simulated_bank_transactions_uk
2023-05-27,pos-purchase-amazon-online-purchase 927973,10.63,other,simulated_bank_transactions_uk
2024-02-15,direct debit thames water 73008,113.4,utilities,simulated_bank_transactions_uk
2024-01-22,Sto Pos Purchase Nhs Online Purchase 221246,125.67,other,simulated_bank_transactions_uk
2023-01-03,subscription-gym-group,28.8,subscriptions,simulated_bank_transactions_uk
2023-05-14,food delivery nando's food delivery,53.54,dining,simulated_bank_transactions_uk
2023-11-27,STO UTILITY BILL THAMES WATER 491907,223.59,utilities,simulated_bank_transactions_uk
2023-04-03,POS PURCHASE EBAY ONLINE PURCHASE 52854,91.02,other,simulated_bank_transactions_uk
2023-02-19,FPS UTILITY BILL BRITISH GAS 422161,187.39,utilities,simulated_bank_transactions_uk
2023-09-29,pos iceland rice 73551,129.64,groceries,simulated_bank_transactions_uk
2024-05-05,Card Payment Bp Bus Pass,45.23,transportation,simulated_bank_transactions_uk
2023-04-30,FPS ONLINE PURCHASE CURRYS MISC EXPE,39.08,other,simulated_bank_transactions_uk
2023-01-11,Mastercard Card Payment Google *services 628543,32.98,subscriptions,simulated_bank_transactions_uk
2023-11-15,Transport Trainline Train Ticket,56.23,transportation,simulated_bank_transactions_uk
2024-02-25,Direct*Debit*Direct*Debit*Sky,244.37,utilities,simulated_bank_transactions_uk
2024-01-09,CARD/PAYMENT/EBAY/MISC/EXPENSE 638320,145.68,other,simulated_bank_transactions_uk
2024-03-10,transport*bp*uber*ride 120005,73.51,transportation,simulated_bank_transactions_uk
2024-02-11,Subscription/Gym/Group,20.63,subscriptions,simulated_bank_transactions_uk
2023-08-23,Card Pmt Lidl Vegetables 729584,29.52,groceries,simulated_bank_transactions_uk
2023-03-18,Bacs*Rent*Rent,948.75,housing,simulated_bank_transactions_uk
2023-04-06,Restaurant Greggs Restaurant 936710,135.59,dining,simulated_bank_transactions_uk
2024-02-29,Subscription Netflix 465979,24.61,subscriptions,simulated_bank_transactions_uk
2024-06-21,BILL PMT E.ON,133.83,utilities,simulated_bank_transactions_uk
2024-06-15,Pos*Purchase*Superdrug*Misc*Expense 289980,26.44,other,simulated_bank_transactions_uk
2024-12-17,card pmt pret restaurant 899244,124.48,dining,simulated_bank_transactions_uk
2023-11-14,card payment asda eggs,120.81,groceries,simulated_bank_transactions_uk
2023-04-26,DIRECT DEBIT DISNEY+ 925045,11.08,subscriptions,simulated_bank_transactions_uk
2023-11-14,RESTAURANT UBER EATS FOOD DELIVERY 38997,87.88,dining,simulated_bank_transactions_uk
2023-08-29,FUEL NATIONAL RAIL UBER RIDE,65.79,transportation,simulated_bank_transactions_uk
2024-04-27,direct debit thames water 952460,141.44,utilities,simulated_bank_transactions_uk
2024-12-19,sto contactless asda milk 448459,50.65,groceries,simulated_bank_transactions_uk
2023-11-16,Pos*Iceland*Bread 639607,80.48,groceries,simulated_bank_transactions_uk
2023-01-22,Fuel Bolt Uber Ride 496029,25.06,transportation,simulated_bank_transactions_uk
2023-01-04,Bill Payment Vodafone 804155,174.34,utilities,simulated_bank_transactions_uk
2024-01-05,Sto Contactless Iceland Vegetable,133.45,groceries,simulated_bank_transactions_uk
2023-03-10,card*pmt*tfl*bus*pass,142.23,transportation,simulated_bank_transactions_uk
2024-09-26,restaurant deliveroo fast food 102853,80.88,dining,simulated_bank_transactions_uk
2024-02-20,BILL PMT SCOTTISHPOWER 336252,225.37,utilities,simulated_bank_transactions_uk
2023-11-24,Card-Restaurant-Greggs-Resta,131.54,dining,simulated_bank_transactions_uk
2024-02-20,Rent Payment Landlord 306990,1097.72,housing,simulated_bank_transactions_uk
2023-02-22,Bacs Rent Rent 494029,839.13,housing,simulated_bank_transactions_uk
2023-12-16,Direct Debit Ee 978665,147.6,utilities,simulated_bank_transactions_uk
2024-08-09,fuel tfl train ticket 474603,32.64,transportation,simulated_bank_transactions_uk
2023-09-01,Card Payment Trainline Fuel,23.84,transportation,simulated_bank_transactions_uk
2023-01-11,CONTACTLESS RENT PAYMENT MORTGAGE 263053,1590.1,housing,simulated_bank_transactions_uk
2023-09-23,So Card Pmt Mcdonalds Restaurant,119.96,dining,simulated_bank_transactions_uk
2023-06-07,Fuel*Esso*Fuel 441901,146.74,transportation,simulated_bank_transactions_uk
2024-11-10,UTILITY BILL BT,46.61,utilities,simulated_bank_transactions_uk
2024-10-11,card payment puregym,8.49,subscriptions,simulated_bank_transactions_uk
2023-02-15,card pmt just eat restaurant 226660,17.06,dining,simulated_bank_transactions_uk
2024-05-09,CARD RENT PMT RENT,1294.89,housing,simulated_bank_transactions_uk
2023-03-17,bacs*rent*rent 872948,780.78,housing,simulated_bank_transactions_uk
2023-06-08,fps card pmt disney+,34.69,subscriptions,simulated_bank_transactions_uk
2023-08-21,subscription apple.com/bill 19113,9.42,subscriptions,simulated_bank_transactions_uk
2023-01-04,bacs landlord rent 280140,1229.95,housing,simulated_bank_transactions_uk
2023-07-22,Pos Purchase Nhs Misc Expense,87.58,other,simulated_bank_transactions_uk
2024-06-01,POS PURCHASE ARGOS MISC EXPENSE 226333,89.07,other,simulated_bank_transactions_uk
2024-10-08,Utility Bill Bt 526844,242.23,utilities,simulated_bank_transactions_uk
2023-03-21,TRANSPORT BOLT BUS PASS,122.15,transportation,simulated_bank_transactions_uk
2024-10-23,food*delivery*pret*restaurant 691308,120.9,dining,simulated_bank_transactions_uk
2023-06-18,food delivery kfc restaurant 984377,44.52,dining,simulated_bank_transactions_uk
2024-04-15,card payment morrisons rice 92202,52.13,groceries,simulated_bank_transactions_uk
2023-11-14,transport national rail uber ride 2,149.25,transportation,simulated_bank_transactions_uk
2023-09-01,fps-utility-bill-octopus-energy 30517,132.9,utilities,simulated_bank_transactions_uk
2024-09-07,visa direct debit gym group,9.56,subscriptions,simulated_bank_transactions_uk
2023-09-01,POS ICELAND CHICKEN,139.07,groceries,simulated_bank_transactions_uk
2024-04-26,RENT PMT RENT 450954,1514.39,housing,simulated_bank_transactions_uk
2024-03-20,Bacs Letting Agent Rent 155297,1893.61,housing,simulated_bank_transactions_uk
2023-09-22,CONTACTLESS MORTGAGE PMT LANDL,1834.62,housing,simulated_bank_transactions_uk
2023-07-22,Fuel Esso Train Ticket 59315,96.4,transportation,simulated_bank_transactions_uk
2024-04-18,Mortgage Pmt Landlord 889946,1471.69,housing,simulated_bank_transactions_uk
2024-01-21,Subscription-Disney+ 44509,39.11,subscriptions,simulated_bank_transactions_uk
2024-02-20,so card pmt bp fuel 301844,19.22,transportation,simulated_bank_transactions_uk
2024-06-14,online purchase nhs misc expense,35.75,other,simulated_bank_transactions_uk
2024-09-20,pos*purchase*amazon*online*purchase 908549,125.73,other,simulated_bank_transactions_uk
2024-06-30,SUBSCRIPTION DISNEY+ 289852,12.92,subscriptions,simulated_bank_transactions_uk
2024-04-27,MORTGAGE PAYMENT RENT,775.51,housing,simulated_bank_transactions_uk
2023-02-21,SUBSCRIPTION NETFLIX,26.93,subscriptions,simulated_bank_transactions_uk
2024-12-16,DIRECT-DEBIT-GYM-GROUP,7.3,subscriptions,simulated_bank_transactions_uk
2024-03-01,card payment trainline fuel 740092,36.52,transportation,simulated_bank_transactions_uk
2024-12-12,Bacs Utility Bill Severn Trent,119.21,utilities,simulated_bank_transactions_uk
2023-09-25,online purchase ebay online purchase 289634,21.51,other,simulated_bank_transactions_uk
2024-09-05,SUBSCRIPTION-DISNEY+,12.73,subscriptions,simulated_bank_transactions_uk
2023-10-02,BILL PMT EE 567067,48.6,utilities,simulated_bank_transactions_uk
2024-11-26,Card Payment Hmrc Online Purchase 193978,137.12,other,simulated_bank_transactions_uk
2023-04-22,Transport-Uber-Train-Ticket,71.61,transportation,simulated_bank_transactions_uk
2023-07-06,Card/Rent/Pmt/Letting/Agent,858.09,housing,simulated_bank_transactions_uk
2023-09-22,Food Delivery Mcdonalds Fast Food,136.98,dining,simulated_bank_transactions_uk
2023-01-14,food-delivery-pret-fast-food 8754,64.9,dining,simulated_bank_transactions_uk
2023-09-30,POS ASDA VEGETABLES 895664,12.67,groceries,simulated_bank_transactions_uk
2024-06-24,Utility Bill Thames Water,102.59,utilities,simulated_bank_transactions_uk
2023-06-11,RENT PMT RENT 305332,1028.64,housing,simulated_bank_transactions_uk
2024-10-24,CARD PAYMENT NETFLIX,34.19,subscriptions,simulated_bank_transactions_uk
2024-12-01,Online Purchase Ebay Misc Expense,93.62,other,simulated_bank_transactions_uk
2024-05-03,CARD*CARD*PAYMENT*DELIVEROO*FOOD*DELIVERY,73.75,dining,simulated_bank_transactions_uk
2023-09-13,Card*Pmt*Amazon*Online*Purchase 849020,147.49,other,simulated_bank_transactions_uk
2023-06-20,visa-pos-purchase-hmrc-online-purchase 203221,119.08,other,simulated_bank_transactions_uk
2024-04-21,Food Delivery Mcdonalds Restaurant 748699,112.04,dining,simulated_bank_transactions_uk
2023-07-27,rent payment mortgage,614.84,housing,simulated_bank_transactions_uk
2024-10-13,BILL PAYMENT SCOTTISHPOWER 520755,184.7,utilities,simulated_bank_transactions_uk
2024-04-09,Pos Asda Rice,47.19,groceries,simulated_bank_transactions_uk
2024-10-22,Card Pmt Pret Restaurant 380701,130.11,dining,simulated_bank_transactions_uk
2024-05-30,CARD PAYMENT SHELL BUS PASS 324676,24.41,transportation,simulated_bank_transactions_uk
2024-12-23,card pmt uber eats restaurant 734156,126.78,dining,simulated_bank_transactions_uk
2023-02-23,So-Fuel-Tfl-Bus-Pass 811300,41.19,transportation,simulated_bank_transactions_uk
2024-02-15,Mortgage Payment Letting Agent,948.02,housing,simulated_bank_transactions_uk
2023-03-04,CARD/PMT/DISNEY+ 491872,30.34,subscriptions,simulated_bank_transactions_uk
2023-10-02,RENT PAYMENT LANDLORD,1109.16,housing,simulated_bank_transactions_uk
2023-08-25,card pmt gym group 654051,15.7,subscriptions,simulated_bank_transactions_uk
2023-08-06,Rent Pmt Rent 180416,988.05,housing,simulated_bank_transactions_uk
2023-06-28,Mortgage/Payment/Letting/Agent 297959,1564.45,housing,simulated_bank_transactions_uk
2024-04-12,DIRECT DEBIT SPOTIFY,12.79,subscriptions,simulated_bank_transactions_uk
2023-04-11,DIRECT-DEBIT-SKY,211.72,utilities,simulated_bank_transactions_uk
2023-10-11,utility bill scottishpower 586636,135.91,utilities,simulated_bank_transactions_uk
2024-11-26,Fuel Uber Train Ticket 719105,95.47,transportation,simulated_bank_transactions_uk
2023-11-14,Bill*Payment*Scottishpower 107280,80.6,utilities,simulated_bank_transactions_uk
2024-05-02,POS WAITROSE BREAD,25.42,groceries,simulated_bank_transactions_uk
2024-07-05,transport/bolt/uber/ride 914751,96.13,transportation,simulated_bank_transactions_uk
2024-04-14,Transport Esso Train Ticket,108.04,transportation,simulated_bank_transactions_uk
2023-11-28,UTILITY BILL BRITISH GAS 498183,106.3,utilities,simulated_bank_transactions_uk
2023-09-12,card*payment*waitrose*rice,10.09,groceries,simulated_bank_transactions_uk
2023-01-30,Sto*Card*Pmt*Ebay*Online*Purchase,51.02,other,simulated_bank_transactions_uk
2024-01-01,Pos Card Pmt Starbucks Food Delivery 244906,16.2,dining,simulated_bank_transactions_uk
2024-08-24,fuel uber fuel 624977,10.96,transportation,simulated_bank_transactions_uk
2023-06-05,transport national rail uber ride,43.19,transportation,simulated_bank_transactions_uk
2023-03-14,BACS-MORTGAGE-PMT-LANDLORD 533954,1150.58,housing,simulated_bank_transactions_uk
2024-01-16,CARD PAYMENT SAINSBURYS CHICKEN 139775,94.24,groceries,simulated_bank_transactions_uk
2023-05-15,POS-PURCHASE-EBAY-MISC-EXPENSE 268256,128.81,other,simulated_bank_transactions_uk
2023-02-06,TRANSPORT NATIONAL RAIL TRAIN TICKET,78.07,transportation,simulated_bank_transactions_uk
2023-04-04,Restaurant*Pret*Food*Delivery 865773,14.08,dining,simulated_bank_transactions_uk
2023-12-20,Online Purchase Nhs Online Purchase 547071,123.88,other,simulated_bank_transactions_uk
2023-08-17,contactless asda eggs,108.18,groceries,simulated_bank_transactions_uk
2023-03-12,bacs rent rent 15,955.5,housing,simulated_bank_transactions_uk
2024-12-09,Card Pmt Spotify,8.85,subscriptions,simulated_bank_transactions_uk
2023-05-05,Card Payment Pret Fast Food,55.62,dining,simulated_bank_transactions_uk
2023-06-27,Card*Pmt*Mcdonalds*Fast*Food 666107,120.24,dining,simulated_bank_transactions_uk
2024-02-24,Subscription*Google**services 653123,39.32,subscriptions,simulated_bank_transactions_uk
2024-02-25,DIRECT DEBIT UTILITY BILL E.ON 814285,124.73,utilities,simulated_bank_transactions_uk
2024-11-03,contactless-bill-pmt-sky 377824,221.97,utilities,simulated_bank_transactions_uk
2023-05-15,DIRECT DEBIT TRANSPORT BP FUEL,37.9,transportation,simulated_bank_transactions_uk
2023-03-16,Contactless Waitrose,70.36,groceries,simulated_bank_transactions_uk
2023-02-26,Card-Pmt-Esso-Uber-Ride 638184,45.51,transportation,simulated_bank_transactions_uk
2024-01-03,Visa Transport Trainline Fuel 877694,76.64,transportation,simulated_bank_transactions_uk
2023-03-21,fps rent pmt landlord 830059,1244.81,housing,simulated_bank_transactions_uk
2024-12-10,FUEL UBER TRAIN TICKET 667884,103.82,transportation,simulated_bank_transactions_uk
2024-06-01,Card Payment Kfc Restaurant 58921,137.2,dining,simulated_bank_transactions_uk
2023-02-08,visa contactless aldi vegetables 822341,115.52,groceries,simulated_bank_transactions_uk
2023-10-19,pos tesco milk 890518,14.56,groceries,simulated_bank_transactions_uk
2023-02-21,Pos Pos Purchase Currys Misc Expense,110.71,other,simulated_bank_transactions_uk
2024-06-09,Bacs Mortgage Rent 978178,1279.83,housing,simulated_bank_transactions_uk
2023-08-01,subscription disney+ 223682,23.83,subscriptions,simulated_bank_transactions_uk
2024-02-05,Contactless Iceland Eggs 505263,120.49,groceries,simulated_bank_transactions_uk
2024-06-19,MORTGAGE*PAYMENT*LANDLORD 475071,940.3,housing,simulated_bank_transactions_uk
2024-04-29,CARD PAYMENT ASDA RICE 577520,145.13,groceries,simulated_bank_transactions_uk
2023-12-28,FPS-MORTGAGE-PAYMENT-MORTGAGE 235703,1744.22,housing,simulated_bank_transactions_uk
2023-12-25,food delivery deliveroo food delivery 28,9.72,dining,simulated_bank_transactions_uk
2024-02-14,Bacs Landlord Rent 13778,1134.53,housing,simulated_bank_transactions_uk
2023-06-30,Online Purchase Nhs Online Purchase,58.89,other,simulated_bank_transactions_uk
2024-05-14,SUBSCRIPTION NETFLIX,38.22,subscriptions,simulated_bank_transactions_uk
2023-04-25,BILL-PMT-SKY 153714,246.37,utilities,simulated_bank_transactions_uk
2024-04-14,Bacs Landlord Rent 569492,1485.18,housing,simulated_bank_transactions_uk
2024-06-12,Bill Payment British Gas,33.9,utilities,simulated_bank_transactions_uk
2024-02-14,BILL PMT O2 128314,78.83,utilities,simulated_bank_transactions_uk
2024-09-04,Direct Debit Amazon Prime 738877,23.22,subscriptions,simulated_bank_transactions_uk
2024-10-18,subscription amazon prime 373607,17.99,subscriptions,simulated_bank_transactions_uk
2024-09-14,TRANSPORT SHELL BUS PASS 802203,146.61,transportation,simulated_bank_transactions_uk
2023-09-24,DIRECT/DEBIT/GOOGLE/*SERVICES 604772,36.21,subscriptions,simulated_bank_transactions_uk
2023-02-06,CARD*PMT*DELIVEROO*FAST*FOOD 209584,41.73,dining,simulated_bank_transactions_uk
2024-03-03,card payment kfc fast food,80.45,dining,simulated_bank_transactions_uk
2024-07-28,Card Payment Kfc Fast Food 771335,13.05,dining,simulated_bank_transactions_uk
2023-03-28,card/payment/esso/fuel 145112,134.3,transportation,simulated_bank_transactions_uk
2023-02-16,Visa*Restaurant*Nando's*F,55.09,dining,simulated_bank_transactions_uk
2023-08-01,Fuel/Tfl/Bus/Pass 128686,123.69,transportation,simulated_bank_transactions_uk
2023-04-02,TRANSPORT-BOLT-TRAIN-TICKET 847885,139.14,transportation,simulated_bank_transactions_uk
2023-08-03,card payment gym group 942997,27.95,subscriptions,simulated_bank_transactions_uk
2023-12-24,Fps Card Payment Puregym 342214,6.13,subscriptions,simulated_bank_transactions_uk
2023-08-08,STO CARD PAYMENT GOOGLE *SERVICES 309056,31.54,subscriptions,simulated_bank_transactions_uk
2023-09-05,Utility Bill Thames Water,136.06,utilities,simulated_bank_transactions_uk
2024-01-23,FPS/CONTACTLESS/LIDL/VEGETABLES 966684,32.41,groceries,simulated_bank_transactions_uk
2023-04-21,Food Delivery Greggs Food Delivery 761695,84.91,dining,simulated_bank_transactions_uk
2023-10-17,contactless subscription google *services 208643,8.77,subscriptions,simulated_bank_transactions_uk
2023-04-16,Card Payment Disney+,5.44,subscriptions,simulated_bank_transactions_uk
2024-01-19,UTILITY BILL SCOTTISHPOWER,60.47,utilities,simulated_bank_transactions_uk
2023-01-25,ONLINE PURCHASE NHS MISC EXPENSE,52.54,other,simulated_bank_transactions_uk
2023-02-02,Direct Debit Bacs Letting Agent Rent,1014.1,housing,simulated_bank_transactions_uk
2024-08-23,Mastercard Card Payment,28.3,subscriptions,simulated_bank_transactions_uk
2024-10-08,Card Pmt Disney+ 23559,22.36,subscriptions,simulated_bank_transactions_uk
2024-05-04,Restaurant Nando's Resta,79.5,dining,simulated_bank_transactions_uk
2023-01-14,direct/debit/vodafone 230838,116.18,utilities,simulated_bank_transactions_uk
2024-11-18,Bill Payment Severn Trent,78.35,utilities,simulated_bank_transactions_uk
2023-03-23,Card Payment Sainsburys Milk 381717,7.4,groceries,simulated_bank_transactions_uk
2024-09-21,CARD PAYMENT SHELL TRAIN TICKET,48.99,transportation,simulated_bank_transactions_uk
2024-05-18,CARD TRANSPORT SHELL TRAIN TICKET 277322,147.93,transportation,simulated_bank_transactions_uk
2024-08-02,bacs rent rent 27017,1988.23,housing,simulated_bank_transactions_uk
2024-02-01,RENT PAYMENT LETTING AGENT,980.06,housing,simulated_bank_transactions_uk
2024-06-18,BILL*PAYMENT*VODAFONE 544395,109.03,utilities,simulated_bank_transactions_uk
2024-04-08,Pos Card Payment Disney+ 26722,16.79,subscriptions,simulated_bank_transactions_uk
2023-02-27,card pmt superdrug misc expense 128683,95.88,other,simulated_bank_transactions_uk
2023-02-08,CONTACTLESS WAITROSE BREAD,21.73,groceries,simulated_bank_transactions_uk
2024-01-17,Bill Payment E.on 14768,93.13,utilities,simulated_bank_transactions_uk
2023-04-15,Card Payment Starbucks Food Delivery 191162,71.81,dining,simulated_bank_transactions_uk
2024-07-31,UTILITY BILL OCTOPUS ENERGY 446765,111.17,utilities,simulated_bank_transactions_uk
2024-06-12,Bacs Rent Rent 439726,743.2,housing,simulated_bank_transactions_uk
2024-06-03,Sto/Pos/Purchase/Nhs/Online/Purchase,116.51,other,simulated_bank_transactions_uk
2024-02-17,contactless aldi eggs 462192,13.21,groceries,simulated_bank_transactions_uk
2023-04-28,card pmt deliveroo restaurant 725114,107.32,dining,simulated_bank_transactions_uk
2023-05-11,Card Payment Currys Online Purchase 850333,34.97,other,simulated_bank_transactions_uk
2023-10-10,STO RESTAURANT NANDO'S FOOD DELIVERY 407791,84.34,dining,simulated_bank_transactions_uk
2024-08-20,CARD/PAYMENT/KFC/FOOD/DELIVERY 117839,93.29,dining,simulated_bank_transactions_uk
2023-12-01,SUBSCRIPTION GOOGLE *SERVICES 860869,19.57,subscriptions,simulated_bank_transactions_uk
2024-07-18,DIRECT DEBIT O2 693080,101.05,utilities,simulated_bank_transactions_uk
2023-06-09,POS PURCHASE HMRC MISC EXPENSE 816393,47.5,other,simulated_bank_transactions_uk
2023-09-23,contactless/sainsburys/bread,26.53,groceries,simulated_bank_transactions_uk
2024-02-07,Bacs Rent Rent 735443,1361.91,housing,simulated_bank_transactions_uk
2024-04-18,utility bill vodafone 64721,131.53,utilities,simulated_bank_transactions_uk
2023-08-20,Contactless*Waitrose*Eggs 952053,56.95,groceries,simulated_bank_transactions_uk
2023-02-02,Card Pmt Waitrose Milk 900550,137.27,groceries,simulated_bank_transactions_uk
2024-08-24,bacs letting agen,1132.91,housing,simulated_bank_transactions_uk
2023-05-05,Pos Purchase Hmrc Online Purchase,138.25,other,simulated_bank_transactions_uk
2024-01-28,card-pmt-spotify,19.31,subscriptions,simulated_bank_transactions_uk
2023-04-05,Visa*Pos*Sainsburys*Milk,41.76,groceries,simulated_bank_transactions_uk
2024-08-17,Bacs Pos Purchase Currys Online Purchase 132075,125.13,other,simulated_bank_transactions_uk
2024-01-23,pos purchase boots online purchase 273601,110.84,other,simulated_bank_transactions_uk
2024-02-24,STO RENT PMT MORTGAGE 709957,1616.79,housing,simulated_bank_transactions_uk
2023-03-06,Direct Debit Google *services 129611,12.4,subscriptions,simulated_bank_transactions_uk
2023-10-15,pos/tesco/bread 697350,41.49,groceries,simulated_bank_transactions_uk
2024-06-12,STO CONTACTLESS ICELAND BREAD,114.08,groceries,simulated_bank_transactions_uk
2024-07-29,CARD PMT TESCO MILK 185661,141.75,groceries,simulated_bank_transactions_uk
2023-12-17,Bacs/Landlord/Rent 14196,1928.29,housing,simulated_bank_transactions_uk
2023-06-10,pos iceland vegetables 129127,106.47,groceries,simulated_bank_transactions_uk
2024-08-24,Fuel Uber Uber Ride 274113,68.41,transportation,simulated_bank_transactions_uk
2024-05-29,SO MORTGAGE PAYMENT LETTING AGENT,1230.61,housing,simulated_bank_transactions_uk
2023-10-09,CARD PMT TFL FUEL,3.2,transportation,simulated_bank_transactions_uk
2024-01-31,Pos-Card-Pmt-Currys-Online-Purchase 435424,121.58,other,simulated_bank_transactions_uk
2024-05-30,Card Pmt Kfc Restaurant,46.5,dining,simulated_bank_transactions_uk
2023-01-23,POS FOOD DELIVERY KFC FOOD DELIVERY 702034,34.26,dining,simulated_bank_transactions_uk
2024-02-04,Utility-Bill-Severn-Trent,207.59,utilities,simulated_bank_transactions_uk
2023-06-06,direct-debit-card-pmt-tfl-bus-pass 922265,72.65,transportation,simulated_bank_transactions_uk
2024-04-28,card payment kfc fast food 550394,100.22,dining,simulated_bank_transactions_uk
2023-10-02,Subscription Apple.com/bill,20.92,subscriptions,simulated_bank_transactions_uk
2024-04-05,CONTACTLESS ASDA BREAD 691621,34.57,groceries,simulated_bank_transactions_uk
2024-08-17,Fuel Uber Bus Pass 8,93.88,transportation,simulated_bank_transactions_uk
2023-08-24,subscription*gym*group 49,26.15,subscriptions,simulated_bank_transactions_uk
2024-09-21,visa utility bill o2 74004,116.5,utilities,simulated_bank_transactions_uk
2024-10-07,transport bp uber ride 592,30.32,transportation,simulated_bank_transactions_uk
2024-01-30,so card payment mcdonalds fast,13.41,dining,simulated_bank_transactions_uk
2024-04-06,CONTACTLESS POS MORRISONS BREAD 521015,27.67,groceries,simulated_bank_transactions_uk
2024-12-20,Transport Bolt Train Ticket 368358,141.22,transportation,simulated_bank_transactions_uk
2024-02-11,bacs landlord rent 986255,1895.64,housing,simulated_bank_transactions_uk
2023-01-28,Fps Direct Debit Thames Water,37.97,utilities,simulated_bank_transactions_uk
2024-02-21,subscription amazon prime,16.63,subscriptions,simulated_bank_transactions_uk
2023-08-20,Pos Purchase Boots Online Purchase 493173,27.36,other,simulated_bank_transactions_uk
2023-10-23,Restaurant Mcdonalds Restaurant,60.11,dining,simulated_bank_transactions_uk
2023-10-25,pos morrisons milk 945826,44.29,groceries,simulated_bank_transactions_uk
2024-07-28,direct debit spotify,15.51,subscriptions,simulated_bank_transactions_uk
2024-06-15,Restaurant Mcdonalds Food Delivery 491539,96.51,dining,simulated_bank_transactions_uk
2024-04-23,SUBSCRIPTION SPOTIFY 816993,23.09,subscriptions,simulated_bank_transactions_uk
2023-04-20,direct debit contactless aldi vegetables 326766,39.23,groceries,simulated_bank_transactions_uk
2024-04-11,Contactless Sainsburys Milk 831658,138.44,groceries,simulated_bank_transactions_uk
2023-03-15,direct debit pos purchase boots misc expense 318582,3.58,other,simulated_bank_transactions_uk
2023-08-16,Card Payment Costa Fast Food 320815,142.6,dining,simulated_bank_transactions_uk
2024-09-01,Rent Pmt Letting Agent 564434,1870.43,housing,simulated_bank_transactions_uk
2024-03-30,visa utility bill severn trent 168480,235.53,utilities,simulated_bank_transactions_uk
2024-03-28,direct debit apple.com/bill 3325,35.97,subscriptions,simulated_bank_transactions_uk
2024-03-09,DIRECT DEBIT CARD PMT LIDL CHICKEN 57010,106.41,groceries,simulated_bank_transactions_uk
2023-10-12,ONLINE PURCHASE SUPERDRUG ONLINE PURCHASE 636396,148.93,other,simulated_bank_transactions_uk
2023-10-21,card direct debit gym,8.25,subscriptions,simulated_bank_transactions_uk
2024-01-01,FUEL BP UBER RIDE 737057,141.89,transportation,simulated_bank_transactions_uk
2023-08-21,So*Fuel*Esso*Fuel 263932,68.82,transportation,simulated_bank_transactions_uk
2024-11-10,utility bill e.on 3,144.18,utilities,simulated_bank_transactions_uk
2023-12-17,direct debit puregym,29.55,subscriptions,simulated_bank_transactions_uk
2023-04-22,bacs*card*pmt*trainline*train*ticket 122364,36.64,transportation,simulated_bank_transactions_uk
2023-08-05,card payment pret food delivery,6.9,dining,simulated_bank_transactions_uk
2023-02-26,bacs rent rent 999526,1869.62,housing,simulated_bank_transactions_uk
2024-02-18,FUEL TFL TRAIN TICKET 838480,59.55,transportation,simulated_bank_transactions_uk
2023-04-25,CARD PAYMENT TFL TRAIN TICKET 615631,108.74,transportation,simulated_bank_transactions_uk
2023-04-17,BACS RENT RENT 894633,1238.91,housing,simulated_bank_transactions_uk
2023-11-07,BACS CARD PAYMENT KFC RESTAURANT,144.34,dining,simulated_bank_transactions_uk
2023-06-08,POS PURCHASE NHS MISC EXPENSE 296340,105.09,other,simulated_bank_transactions_uk
2023-06-05,Fuel Uber Fuel 470443,108.5,transportation,simulated_bank_transactions_uk
2023-12-04,utility-bill-scottishpower 831868,112.75,utilities,simulated_bank_transactions_uk
2024-05-05,MORTGAGE PMT RENT 724623,814.81,housing,simulated_bank_transactions_uk
2023-09-25,CARD RENT PAYMENT LANDL,1529.29,housing,simulated_bank_transactions_uk
2023-10-08,Bacs Landlord Rent 63076,1942.54,housing,simulated_bank_transactions_uk
2024-05-08,SUBSCRIPTION G,36.31,subscriptions,simulated_bank_transactions_uk
2023-01-07,subscription apple.com/bill 520753,6.17,subscriptions,simulated_bank_transactions_uk
2023-04-14,CARD PAYMENT ESSO BUS PASS 508879,85.2,transportation,simulated_bank_transactions_uk
2024-04-18,fps food delivery starbucks restaurant,124.24,dining,simulated_bank_transactions_uk
2024-02-02,SUBSCRIPTION DISNEY+ 95129,30.1,subscriptions,simulated_bank_transactions_uk
2024-08-24,DIRECT DEBIT THAMES WATER 632905,183.45,utilities,simulated_bank_transactions_uk
2023-09-27,card payment spotify 346102,35.69,subscriptions,simulated_bank_transactions_uk
2024-08-29,RESTAURANT DELIVEROO FAST FOOD,61.89,dining,simulated_bank_transactions_uk
2023-10-31,subscription amazon prime 924857,5.55,subscriptions,simulated_bank_transactions_uk
2023-08-25,so mortgage payment mortgage 235848,606.86,housing,simulated_bank_transactions_uk
2024-05-01,Card Pmt Gym Group 80044,28.15,subscriptions,simulated_bank_transactions_uk
2024-02-12,VISA RENT PAYMENT MORTGAGE 370666,1979.79,housing,simulated_bank_transactions_uk
2024-10-26,mortgage/pmt/letting/agent,776.6,housing,simulated_bank_transactions_uk
2023-06-27,pos iceland eggs,6.51,groceries,simulated_bank_transactions_uk
2024-11-13,so*food*delivery*deliveroo*restaurant 154520,4.04,dining,simulated_bank_transactions_uk
2023-02-26,Visa Card Pmt Waitrose Milk 427025,101.08,groceries,simulated_bank_transactions_uk
2024-03-01,Pos Lidl Eggs,65.35,groceries,simulated_bank_transactions_uk
2024-07-29,POS*WAITROSE*CHICKEN 141268,70.57,groceries,simulated_bank_transactions_uk
2024-09-30,Fuel-Bolt-Bus-Pass 792611,145.29,transportation,simulated_bank_transactions_uk
2023-08-25,mortgage/payment/landlord 117916,722.81,housing,simulated_bank_transactions_uk
2024-07-23,Card Pmt Waitrose Milk 74576,101.87,groceries,simulated_bank_transactions_uk
2023-11-07,Direct*Debit*Puregym 564410,11.76,subscriptions,simulated_bank_transactions_uk
2024-11-27,Rent Pmt Mortgage,1474.29,housing,simulated_bank_transactions_uk
2023-08-12,mortgage payment rent 319091,875.3,housing,simulated_bank_transactions_uk
2023-09-26,pos/asda/milk 14325,41.76,groceries,simulated_bank_transactions_uk
2024-04-22,Direct Debit Gym Group 85548,36.11,subscriptions,simulated_bank_transactions_uk
2024-01-07,rent pmt letting agent,1177.77,housing,simulated_bank_transactions_uk
2023-05-22,transport national rail fuel 577308,13.32,transportation,simulated_bank_transactions_uk
2023-05-20,DIRECT-DEBIT-VODAFONE,146.67,utilities,simulated_bank_transactions_uk
2024-06-22,sto bill pmt vodafone 990170,195.14,utilities,simulated_bank_transactions_uk
2024-01-29,Mortgage Payment Landlord 364793,770.19,housing,simulated_bank_transactions_uk
2023-08-17,CARD PAYMENT MORRISONS VEGETABLES 199776,95.56,groceries,simulated_bank_transactions_uk
2024-02-28,ONLINE PURCHASE BOOTS ONLINE PURCHASE,25.86,other,simulated_bank_transactions_uk
2024-03-22,Fuel*Uber*Uber*Ride 694655,104.47,transportation,simulated_bank_transactions_uk
2024-10-02,SUBSCRIPTION GYM GROUP 881475,11.62,subscriptions,simulated_bank_transactions_uk
2024-03-20,SUBSCRIPTION GOOGLE *SERVICES 803915,34.67,subscriptions,simulated_bank_transactions_uk
2023-05-31,bacs/card/pmt/bp/uber/ride 807646,125.98,transportation,simulated_bank_transactions_uk
2024-11-05,direct debit bill pmt thames water 700703,191.52,utilities,simulated_bank_transactions_uk
2023-06-02,SO UTILITY BILL SCOTTISHPOWER 149054,227.93,utilities,simulated_bank_transactions_uk
2023-06-29,rent pmt letting agent,1876.11,housing,simulated_bank_transactions_uk
2024-08-20,RESTAURANT JUST EAT FOOD DELIVERY 214978,38.34,dining,simulated_bank_transactions_uk
2023-06-19,FUEL ESSO BUS PASS 481071,127.31,transportation,simulated_bank_transactions_uk
2023-09-21,DIRECT-DEBIT-SEVERN-TRENT 505199,165.28,utilities,simulated_bank_transactions_uk
2023-10-13,CARD CARD PAYMENT SHELL BUS PASS 348151,103.52,transportation,simulated_bank_transactions_uk
2024-10-06,sto card payment superdrug online purchase 328376,120.81,other,simulated_bank_transactions_uk
2024-03-21,fps restaurant starbucks food delivery 104963,110.26,dining,simulated_bank_transactions_uk
2023-03-18,CONTACTLESS CARD PMT NETFLIX 206682,35.93,subscriptions,simulated_bank_transactions_uk
2024-03-12,POS TRANSPORT TRAINLINE TRAIN TICKET 978284,35.46,transportation,simulated_bank_transactions_uk
2024-06-16,direct*debit*card*payment*national*rail*uber*ride 585913,91.93,transportation,simulated_bank_transactions_uk
2024-05-05,so-pos-aldi-eggs 296258,85.6,groceries,simulated_bank_transactions_uk
2023-12-23,CONTACTLESS TESCO EGGS,49.64,groceries,simulated_bank_transactions_uk
2024-10-17,Direct/Debit/Google/*services 394391,29.3,subscriptions,simulated_bank_transactions_uk
2024-05-08,so/card/pmt/greggs/food/delivery 399472,133.65,dining,simulated_bank_transactions_uk
2023-12-31,direct debit google *services 213154,6.82,subscriptions,simulated_bank_transactions_uk
2023-09-30,direct debit google *services 428883,5.55,subscriptions,simulated_bank_transactions_uk
2023-04-30,CARD PMT MCDONALDS RESTAURANT 552243,71.79,dining,simulated_bank_transactions_uk
2024-02-11,Food Delivery Starbucks Restaurant 346808,133.29,dining,simulated_bank_transactions_uk
2023-05-30,FOOD DELIVERY NANDO'S FOOD DELIVERY 320198,6.31,dining,simulated_bank_transactions_uk
2023-01-07,DIRECT DEBIT BRITISH GAS 880369,45.94,utilities,simulated_bank_transactions_uk
2024-08-04,BILL/PAYMENT/SKY,166.23,utilities,simulated_bank_transactions_uk
2024-04-11,Card Pmt Just Eat Fast Food 38772,116.13,dining,simulated_bank_transactions_uk
2024-01-03,card payment superdrug online purchase 423980,91.44,other,simulated_bank_transactions_uk
2023-12-21,food delivery nando's food delivery 395556,49.43,dining,simulated_bank_transactions_uk
2023-05-30,pos contactless lidl chicken 730832,144.37,groceries,simulated_bank_transactions_uk
2023-03-29,Sto Fuel Bolt Fuel 95131,42.61,transportation,simulated_bank_transactions_uk
2023-08-10,CONTACTLESS/TESCO/MILK,73.48,groceries,simulated_bank_transactions_uk
2024-12-28,food delivery nando's fast food 293723,4.74,dining,simulated_bank_transactions_uk
2024-10-30,CARD/PMT/NETFLIX 147123,17.43,subscriptions,simulated_bank_transactions_uk
2023-06-14,Sto Card Pmt Starbucks Fast Food,18.3,dining,simulated_bank_transactions_uk
2023-06-14,fuel*uber*bus*pass 222102,110.35,transportation,simulated_bank_transactions_uk
2023-02-13,So/Utility/Bill/Sky,33.17,utilities,simulated_bank_transactions_uk
2023-02-02,POS/FUEL/TFL/FUEL 262003,143.57,transportation,simulated_bank_transactions_uk
2023-09-16,mastercard-rent-payment-landlord 943745,832.58,housing,simulated_bank_transactions_uk
2023-06-25,Mortgage/Payment/Mortgage,912.44,housing,simulated_bank_transactions_uk
2024-04-28,bacs/card/pmt/nhs/online/purchase 716051,8.78,other,simulated_bank_transactions_uk
2023-08-24,Bacs-Mortgage-Rent,1491.35,housing,simulated_bank_transactions_uk
2023-10-25,bacs landlord rent 937342,1667.5,housing,simulated_bank_transactions_uk
2023-05-17,subscription amazon prime 55,5.09,subscriptions,simulated_bank_transactions_uk
2023-01-24,Contactless Lidl Milk 894115,93.73,groceries,simulated_bank_transactions_uk
2024-11-20,Direct Debit Netflix 920595,21.45,subscriptions,simulated_bank_transactions_uk
2023-06-14,Card Payment Aldi Rice 152765,103.24,groceries,simulated_bank_transactions_uk
2023-08-03,bacs restaurant deliveroo food delivery,105.63,dining,simulated_bank_transactions_uk
2023-12-02,Mortgage Payment Mortgage 575681,819.81,housing,simulated_bank_transactions_uk
2024-12-27,FUEL ESSO BUS PASS 132216,16.43,transportation,simulated_bank_transactions_uk
2023-03-24,sto contactless tesco milk,143.68,groceries,simulated_bank_transactions_uk
2023-11-07,CONTACTLESS CONTACTLESS ICELAND CHICKEN 431729,19.88,groceries,simulated_bank_transactions_uk
2023-06-27,Mortgage*Payment*Rent 408380,780.35,housing,simulated_bank_transactions_uk
2024-04-07,Utility Bill E.on,122.04,utilities,simulated_bank_transactions_uk
2024-10-31,Direct Debit British Gas,38.42,utilities,simulated_bank_transactions_uk
2024-11-16,Subscription Netflix 836259,36.65,subscriptions,simulated_bank_transactions_uk
2024-10-17,transport esso train ticket 478701,131.94,transportation,simulated_bank_transactions_uk
2023-12-05,Transport National Rail Train Ticket,149.38,transportation,simulated_bank_transactions_uk
2024-03-21,Card*Pmt*Boots*Online*Purchase 265007,87.42,other,simulated_bank_transactions_uk
2024-07-27,CARD PMT BOOTS ONLINE PURCHASE,127.86,other,simulated_bank_transactions_uk
2024-03-01,CARD PMT ICELAND CHICKEN 864818,19.44,groceries,simulated_bank_transactions_uk
2024-03-12,BACS-LANDLORD-RENT 601124,1190.84,housing,simulated_bank_transactions_uk
2024-11-23,Pos Subscription Apple.com/bill 145212,21.49,subscriptions,simulated_bank_transactions_uk
2023-01-02,FUEL TFL UBER RIDE 160472,39.56,transportation,simulated_bank_transactions_uk
2023-09-16,transport tfl bus pass 32785,43.93,transportation,simulated_bank_transactions_uk
2024-03-22,contactless morrisons milk 396467,60.26,groceries,simulated_bank_transactions_uk
2023-01-05,food delivery pret fast fo,88.3,dining,simulated_bank_transactions_uk
2023-10-25,pos lidl vegetables 862810,83.35,groceries,simulated_bank_transactions_uk
2023-04-13,Pos Purchase Ebay Misc Expense 793870,84.19,other,simulated_bank_transactions_uk
2023-11-03,transport national rail uber ride 327767,75.0,transportation,simulated_bank_transactions_uk
2023-01-04,Bill Pmt Octopus Energy 71597,67.39,utilities,simulated_bank_transactions_uk
2023-01-07,Direct Debit Spotify 666,9.17,subscriptions,simulated_bank_transactions_uk
2024-02-22,TRANSPORT BP UBER RIDE,99.17,transportation,simulated_bank_transactions_uk
2023-07-19,SO SUBSCRIPTION AMAZON PRIME 42659,19.55,subscriptions,simulated_bank_transactions_uk
2024-12-26,CARD*PMT*SAINSBURYS*EGGS 65910,125.96,groceries,simulated_bank_transactions_uk
2023-09-08,Contactless Fuel Bp Bus Pass 880700,26.49,transportation,simulated_bank_transactions_uk
2024-07-19,Rent Pmt Rent 309635,1710.46,housing,simulated_bank_transactions_uk
2024-07-15,Contactless-Asda-Eggs,76.97,groceries,simulated_bank_transactions_uk
2023-08-29,Bacs Utility Bill Bt,169.91,utilities,simulated_bank_transactions_uk
2024-12-17,TRANSPORT-ESSO-BUS-PASS 734168,111.8,transportation,simulated_bank_transactions_uk
2024-02-19,card payment ebay misc expense 269060,76.05,other,simulated_bank_transactions_uk
2024-09-02,DIRECT DEBIT EE 266060,178.8,utilities,simulated_bank_transactions_uk
2023-03-31,Card Pmt Esso Uber Ride 634177,116.42,transportation,simulated_bank_transactions_uk
2023-11-29,CARD*PMT*ASDA*EGGS 465005,117.12,groceries,simulated_bank_transactions_uk
2024-04-19,TRANSPORT*TRAINLINE*FUEL 159505,125.72,transportation,simulated_bank_transactions_uk
2024-07-05,Contactless Card Pmt Starbucks Food Delivery,82.86,dining,simulated_bank_transactions_uk
2024-03-31,bill payment e.on 613636,48.14,utilities,simulated_bank_transactions_uk
2023-01-21,contactless card payment esso uber ride 753430,145.5,transportation,simulated_bank_transactions_uk
2024-06-30,Fuel-Uber-Bus-Pass 383169,120.94,transportation,simulated_bank_transactions_uk
2024-08-30,Pos-Purchase-Nhs-Online-Purchase,106.88,other,simulated_bank_transactions_uk
2024-03-18,Restaurant Nando's Restaurant,126.01,dining,simulated_bank_transactions_uk
2023-05-15,POS/ALDI/EGGS,124.54,groceries,simulated_bank_transactions_uk
2024-12-09,fps direct debit b,184.55,utilities,simulated_bank_transactions_uk
2024-01-09,CARD PAYMENT NHS MISC EXPENSE,100.13,other,simulated_bank_transactions_uk
2023-12-28,subscription gym group 233803,30.78,subscriptions,simulated_bank_transactions_uk
2024-09-05,Sto Direct Debit Apple.com/bill 330326,20.57,subscriptions,simulated_bank_transactions_uk
2024-04-04,subscription puregym,11.59,subscriptions,simulated_bank_transactions_uk
2023-12-06,Card Payment Amazon Prime 857050,29.8,subscriptions,simulated_bank_transactions_uk
2024-03-28,Bacs*Food*Delivery*Starbucks*Fast*Food 789954,145.82,dining,simulated_bank_transactions_uk
2024-11-30,POS PURCHASE ARGOS MISC EXPENSE 971548,50.8,other,simulated_bank_transactions_uk
2023-01-01,sto pos morrisons milk,149.61,groceries,simulated_bank_transactions_uk
2024-06-27,Subscription Apple.com/bill,34.71,subscriptions,simulated_bank_transactions_uk
2023-04-22,DIRECT DEBIT SPOTIFY 485133,6.36,subscriptions,simulated_bank_transactions_uk
2023-07-30,Card Pmt Trainline Train Ticket 505795,29.69,transportation,simulated_bank_transactions_uk
2024-01-20,Bill Payment Sky 484637,160.92,utilities,simulated_bank_transactions_uk
2023-07-20,card-payment-sainsburys-milk 869108,137.57,groceries,simulated_bank_transactions_uk
2023-03-14,TRANSPORT-SHELL-FUEL 583201,66.6,transportation,simulated_bank_transactions_uk
2024-05-22,BILL PAYMENT O2 227796,247.45,utilities,simulated_bank_transactions_uk
2023-04-30,card pmt bolt fuel 884498,135.67,transportation,simulated_bank_transactions_uk
2024-10-16,visa bacs rent rent 59840,1401.14,housing,simulated_bank_transactions_uk
2024-08-31,Food Delivery Greggs Food Delivery,132.93,dining,simulated_bank_transactions_uk
2023-12-03,bill-payment-vodafone 706321,229.4,utilities,simulated_bank_transactions_uk
2023-08-14,Card Bacs Mortgage Rent 739766,1877.31,housing,simulated_bank_transactions_uk
2024-11-23,bill-pmt-bt 777714,224.02,utilities,simulated_bank_transactions_uk
2024-10-20,TRANSPORT UBER TRAIN TICKET,78.46,transportation,simulated_bank_transactions_uk
2023-04-18,Bacs Subscription Disney+ 496076,22.94,subscriptions,simulated_bank_transactions_uk
2024-04-23,subscription-puregym,38.92,subscriptions,simulated_bank_transactions_uk
2024-12-29,SO-CARD-PAYMENT-DELIVEROO-FOOD-DELIVERY,38.68,dining,simulated_bank_transactions_uk
2024-05-23,VISA CARD PAYMENT GYM GROUP,21.46,subscriptions,simulated_bank_transactions_uk
2024-10-31,Subscription Disney+,39.31,subscriptions,simulated_bank_transactions_uk
2023-11-17,STO-ONLINE-PURCHASE-HMRC-MISC-EXPENSE,117.93,other,simulated_bank_transactions_uk
2024-11-06,FOOD DELIVERY STARBUCKS FOOD D,135.4,dining,simulated_bank_transactions_uk
2023-02-14,Transport Uber Bus Pass 43,43.73,transportation,simulated_bank_transactions_uk
2023-06-24,card payment uber eats fast food 243650,88.48,dining,simulated_bank_transactions_uk
2023-12-18,rent payment mortgage 507148,1496.35,housing,simulated_bank_transactions_uk
2024-04-07,transport tfl train ticket 192195,46.76,transportation,simulated_bank_transactions_uk
2023-04-22,POS-PURCHASE-SUPERDRUG-MISC-EXPENSE 106116,149.05,other,simulated_bank_transactions_uk
2023-09-23,bacs letting agent rent 102142,1720.47,housing,simulated_bank_transactions_uk
2023-08-03,card-direct-debit-o2,232.31,utilities,simulated_bank_transactions_uk
2024-12-28,CARD PMT SPOTIFY 313088,26.93,subscriptions,simulated_bank_transactions_uk
2024-09-12,Pos Purchase Nhs Online Purchase,70.92,other,simulated_bank_transactions_uk
2024-04-06,mortgage pmt letting agent 362134,1797.1,housing,simulated_bank_transactions_uk
2024-03-02,visa*direct*debit*netflix 735677,22.39,subscriptions,simulated_bank_transactions_uk
2023-08-12,BACS*RENT*RENT 63101,1336.75,housing,simulated_bank_transactions_uk
2024-12-11,FUEL-TRAINLINE-UBER-RIDE,74.85,transportation,simulated_bank_transactions_uk
2023-04-11,Bacs Direct Debit Ee 477937,173.47,utilities,simulated_bank_transactions_uk
2024-02-02,Online Purchase Nhs Misc Expense 10359,71.46,other,simulated_bank_transactions_uk
2023-07-17,CARD PMT ICELAND VEGETABLES 742282,96.61,groceries,simulated_bank_transactions_uk
2023-01-03,Transport*Bp*Uber*Ride,97.36,transportation,simulated_bank_transactions_uk
2024-02-02,restaurant kfc food delivery 941045,81.59,dining,simulated_bank_transactions_uk
2024-12-29,card direct debit gym group 761013,11.91,subscriptions,simulated_bank_transactions_uk
2023-07-13,Card Payment Apple.com/bill,13.27,subscriptions,simulated_bank_transactions_uk
2023-12-15,Card-Payment-Just-Eat-Food-Delivery 585248,89.42,dining,simulated_bank_transactions_uk
2023-07-11,bill payment sky 130703,39.51,utilities,simulated_bank_transactions_uk
2024-11-30,Direct Debit Vodafone 694010,241.64,utilities,simulated_bank_transactions_uk
2023-06-12,Visa Card Payment Hmrc Misc Expense 631124,49.31,other,simulated_bank_transactions_uk
2024-11-18,card payment pret restaurant 593223,49.09,dining,simulated_bank_transactions_uk
2024-04-06,bacs landlord rent 466161,998.64,housing,simulated_bank_transactions_uk
2023-05-24,Direct Debit O2 651983,41.8,utilities,simulated_bank_transactions_uk
2023-10-27,BILL PAYMENT OCTOPUS ENERGY 859,137.21,utilities,simulated_bank_transactions_uk
2023-02-04,Bacs Food Delivery Pret Food Delivery 108879,51.47,dining,simulated_bank_transactions_uk
2023-12-19,So Subscription Puregym,15.99,subscriptions,simulated_bank_transactions_uk
2023-06-02,CARD RENT PAYMENT MORTGAGE 395,658.66,housing,simulated_bank_transactions_uk
2024-04-26,Card Pmt Iceland Milk,63.43,groceries,simulated_bank_transactions_uk
2023-11-13,TRANSPORT-BOLT-UBER-RIDE,31.6,transportation,simulated_bank_transactions_uk
2024-04-26,Card Pmt Esso Bus Pass 180158,85.85,transportation,simulated_bank_transactions_uk
2023-06-13,card payment amazon misc expense 876476,19.34,other,simulated_bank_transactions_uk
2024-11-09,Pos Morrisons Chicken 211600,85.87,groceries,simulated_bank_transactions_uk
2024-11-24,subscription puregym 214746,10.16,subscriptions,simulated_bank_transactions_uk
2024-03-24,CARD MORTGAGE PAYMENT MORTGAGE 609497,1054.9,housing,simulated_bank_transactions_uk
2023-06-03,RENT PMT LETTING AGENT,815.35,housing,simulated_bank_transactions_uk
2023-01-28,DIRECT DEBIT APPLE.COM/BILL 470448,29.85,subscriptions,simulated_bank_transactions_uk
2024-03-05,SO FUEL NATIONAL RAIL FUEL 507682,46.52,transportation,simulated_bank_transactions_uk
2023-09-20,Direct*Debit*Disney+ 127542,28.49,subscriptions,simulated_bank_transactions_uk
2023-12-15,Card Pmt Trainline Bus Pass 364085,50.6,transportation,simulated_bank_transactions_uk
2023-08-06,subscription netflix 59579,38.93,subscriptions,simulated_bank_transactions_uk
2024-05-13,mortgage pmt rent,1299.61,housing,simulated_bank_transactions_uk
2023-08-10,BACS ONLINE PURCHASE ARGOS MISC EXPENSE 756403,138.67,other,simulated_bank_transactions_uk
2023-07-16,direct/debit/ee 145640,218.72,utilities,simulated_bank_transactions_uk
2024-02-25,Sto Direct Debit Amazon Prime 178090,14.2,subscriptions,simulated_bank_transactions_uk
2024-12-11,CONTACTLESS SAINSBURYS MILK 96769,79.37,groceries,simulated_bank_transactions_uk
2024-11-07,RENT-PMT-RENT 699295,1127.84,housing,simulated_bank_transactions_uk
2024-03-10,pos/purchase/currys/online/purchase 693347,142.36,other,simulated_bank_transactions_uk
2023-06-03,Mastercard Card Pmt Google *services 13394,29.0,subscriptions,simulated_bank_transactions_uk
2023-12-12,contactless tesco chicken 138447,68.29,groceries,simulated_bank_transactions_uk
2024-09-12,RENT PAYMENT LETTING AGENT 821958,1241.08,housing,simulated_bank_transactions_uk
2024-04-18,VISA CONTACTLESS ASDA RICE 213677,97.57,groceries,simulated_bank_transactions_uk
2023-12-15,POS*TESCO*VEGETABLES,12.87,groceries,simulated_bank_transactions_uk
2024-08-21,MORTGAGE PMT RENT,678.14,housing,simulated_bank_transactions_uk
2024-09-18,card payment ebay online purchase 847431,40.17,other,simulated_bank_transactions_uk
2024-05-02,card/pmt/iceland/rice 683243,67.15,groceries,simulated_bank_transactions_uk
2024-07-18,BILL PMT SCOTTISHPOWER 533093,190.19,utilities,simulated_bank_transactions_uk
2023-08-25,rent*payment*rent 740782,1656.87,housing,simulated_bank_transactions_uk
2024-09-02,DIRECT DEBIT NETFLIX,34.37,subscriptions,simulated_bank_transactions_uk
2023-04-26,Bill Payment Octopus Energy 943022,164.07,utilities,simulated_bank_transactions_uk
2024-05-06,CONTACTLESS WAITROSE EGGS 931859,35.98,groceries,simulated_bank_transactions_uk
2024-03-03,POS TESCO BREAD,28.48,groceries,simulated_bank_transactions_uk
2023-05-09,Pos*Lidl*Milk 543701,134.96,groceries,simulated_bank_transactions_uk
2023-10-14,DIRECT DEBIT E.ON 888970,127.78,utilities,simulated_bank_transactions_uk
2024-09-27,Direct Debit British Gas 829933,99.42,utilities,simulated_bank_transactions_uk
2024-03-31,direct debit google *services 288967,23.95,subscriptions,simulated_bank_transactions_uk
2023-05-29,online purchase superdrug online purchase 937067,133.93,other,simulated_bank_transactions_uk
2023-06-12,CARD PAYMENT ALDI RICE,31.45,groceries,simulated_bank_transactions_uk
2023-06-21,Rent Payment Rent 964628,1973.19,housing,simulated_bank_transactions_uk
2023-10-26,card restaurant costa food delivery 914121,84.35,dining,simulated_bank_transactions_uk
2024-01-10,fps/transport/national/rail/fuel 412921,106.44,transportation,simulated_bank_transactions_uk
2023-10-05,CARD CARD PMT SPOTIFY 254533,30.92,subscriptions,simulated_bank_transactions_uk
2024-08-04,RESTAURANT GREGGS FAST FOOD,4.93,dining,simulated_bank_transactions_uk
2024-10-24,Visa Restaurant Mcdonalds Food Delivery 802566,123.82,dining,simulated_bank_transactions_uk
2024-12-12,RESTAURANT MCDONALDS FAST FOOD 808837,67.67,dining,simulated_bank_transactions_uk
2023-07-01,Rent*Payment*Rent 413060,1999.05,housing,simulated_bank_transactions_uk
2024-07-17,CONTACTLESS*TRANSPORT*BOLT*FUEL 324703,34.98,transportation,simulated_bank_transactions_uk
2024-05-21,RESTAURANT UBER EATS FOOD DELIVERY 973416,39.84,dining,simulated_bank_transactions_uk
2024-12-14,So Card Pmt Disney+,20.45,subscriptions,simulated_bank_transactions_uk
2024-04-14,MORTGAGE PAYMENT LETTING AGENT 73365,1269.97,housing,simulated_bank_transactions_uk
2023-03-30,card pmt amazon online purchase,149.12,other,simulated_bank_transactions_uk
2023-11-10,bill pmt octopus energy 34099,63.69,utilities,simulated_bank_transactions_uk
2023-05-20,sto-direct-debit-e.on 243986,205.02,utilities,simulated_bank_transactions_uk
2023-03-14,mastercard card pmt google *services 447242,29.05,subscriptions,simulated_bank_transactions_uk
2023-01-02,Bacs-Mortgage-Pmt-Landlord 193553,1212.57,housing,simulated_bank_transactions_uk
2023-03-18,Fps/Card/Pmt/Shell/Train/Ticket 362038,130.26,transportation,simulated_bank_transactions_uk
2024-02-12,Rent/Pmt/Mortgage 932907,1142.07,housing,simulated_bank_transactions_uk
2024-12-07,pos direct debit apple.com/bill 525672,12.04,subscriptions,simulated_bank_transactions_uk
2024-04-28,Pos Purchase Boots Misc Expense,58.57,other,simulated_bank_transactions_uk
2023-05-28,Fps*Online*Purchase*Nhs*Misc*Expense,96.49,other,simulated_bank_transactions_uk
2023-05-07,Card Payment Mcdonalds Food Delivery 846589,79.98,dining,simulated_bank_transactions_uk
2023-09-01,direct debit ee 551600,180.64,utilities,simulated_bank_transactions_uk
2024-02-13,Card/Pmt/Bolt/Bus/Pass,15.23,transportation,simulated_bank_transactions_uk
2024-09-10,SO POS PURCHASE AMAZON ONLINE PURCHASE 167195,15.46,other,simulated_bank_transactions_uk
2023-09-25,pos waitrose chicken 838237,84.79,groceries,simulated_bank_transactions_uk
2024-12-20,direct debit gym group 719128,5.1,subscriptions,simulated_bank_transactions_uk
2024-06-10,Pos Morrisons Rice 619394,3.17,groceries,simulated_bank_transactions_uk
2023-04-16,CARD PMT EBAY MISC EXPENSE 768374,74.43,other,simulated_bank_transactions_uk
2024-04-23,transport bp train ticket,8.79,transportation,simulated_bank_transactions_uk
2023-10-20,Bacs*Mortgage*Payment*Mortgage 690463,676.74,housing,simulated_bank_transactions_uk
2024-03-10,BACS CARD PMT LIDL EGGS 185664,36.24,groceries,simulated_bank_transactions_uk
2024-01-24,Card Payment Disney+,20.49,subscriptions,simulated_bank_transactions_uk
2023-10-28,Pos-Card-Pmt-Starbucks-Food-Delivery 769492,25.29,dining,simulated_bank_transactions_uk
2023-12-02,Card Payment Mcdonalds Restaurant,101.44,dining,simulated_bank_transactions_uk
2024-08-07,Card/Pmt/Waitrose/Milk 569191,8.14,groceries,simulated_bank_transactions_uk
2023-02-22,Pos Waitrose Milk 804025,102.41,groceries,simulated_bank_transactions_uk
2024-01-06,Contactless-Pos-Purchase-Amazon-Online-Purchase,75.97,other,simulated_bank_transactions_uk
2024-01-17,CONTACTLESS ASDA VEGETABLES 904584,28.96,groceries,simulated_bank_transactions_uk
2023-10-23,card payment asda bread 289399,54.16,groceries,simulated_bank_transactions_uk
2024-10-03,Bacs Direct Debit Puregym 913971,31.69,subscriptions,simulated_bank_transactions_uk
2024-11-21,Direct Debit E.on 749934,32.63,utilities,simulated_bank_transactions_uk
2024-09-09,UTILITY-BILL-E.ON 330489,167.36,utilities,simulated_bank_transactions_uk
2024-11-21,Fps Card Payment Starbucks Fast Food,98.32,dining,simulated_bank_transactions_uk
2024-03-08,RENT PAYMENT LETTING AGENT 96312,1815.42,housing,simulated_bank_transactions_uk
2023-09-18,So Transport Trainline Fuel 685154,112.98,transportation,simulated_bank_transactions_uk
2024-01-28,so pos purchase ebay online purchase,53.94,other,simulated_bank_transactions_uk
2023-10-16,bacs letting agent rent 784860,832.07,housing,simulated_bank_transactions_uk
2023-12-24,Fps Contactless Asda Rice 8,44.78,groceries,simulated_bank_transactions_uk
2023-02-10,card payment ebay online purchase 123931,67.8,other,simulated_bank_transactions_uk
2023-07-12,card-payment-ebay-misc-expense 504436,16.66,other,simulated_bank_transactions_uk
2023-08-24,direct debit ee 251,246.33,utilities,simulated_bank_transactions_uk
2024-02-09,Pos Purchase Currys Misc Expense 486305,119.04,other,simulated_bank_transactions_uk
2024-11-23,MORTGAGE PMT RENT,761.3,housing,simulated_bank_transactions_uk
2023-11-24,RESTAURANT DELIVEROO RESTAURANT 2,126.11,dining,simulated_bank_transactions_uk
2024-04-13,FPS FUEL NATIONAL RAIL FUEL 694148,115.72,transportation,simulated_bank_transactions_uk
2024-06-17,Card/Pmt/Esso/Uber/Ride 681315,120.59,transportation,simulated_bank_transactions_uk
2023-03-22,fuel uber fue,78.88,transportation,simulated_bank_transactions_uk
2023-02-05,Transport Bp Bus Pass 798372,89.47,transportation,simulated_bank_transactions_uk
2023-12-12,SUBSCRIPTION-SPOTIFY 821095,33.68,subscriptions,simulated_bank_transactions_uk
2024-11-21,subscription*apple.com/bill 505588,30.71,subscriptions,simulated_bank_transactions_uk
2023-12-05,TRANSPORT UBER FUEL 123233,40.56,transportation,simulated_bank_transactions_uk
2024-07-25,Pos Asda Chicken,93.73,groceries,simulated_bank_transactions_uk
2024-01-18,Restaurant Uber Eats Restaurant 404668,29.85,dining,simulated_bank_transactions_uk
2024-03-27,pos*purchase*boots*online*purchase 940563,49.65,other,simulated_bank_transactions_uk
2024-12-09,Rent-Payment-Landlord 333204,763.18,housing,simulated_bank_transactions_uk
2024-12-10,pos-iceland-vegetables 68785,79.16,groceries,simulated_bank_transactions_uk
2023-09-14,card payment nhs online purchase,144.44,other,simulated_bank_transactions_uk
2024-06-07,Restaurant Starbucks Food Delivery 11418,65.37,dining,simulated_bank_transactions_uk
2024-09-02,CARD PAYMENT APPLE.COM/BILL 446807,30.44,subscriptions,simulated_bank_transactions_uk
2024-08-13,bill pmt bt 526734,108.53,utilities,simulated_bank_transactions_uk
2023-08-03,Card Pmt Uber Eats Restaurant 891306,76.51,dining,simulated_bank_transactions_uk
2024-12-12,Mastercard Pos Waitrose Vegetables 270880,69.73,groceries,simulated_bank_transactions_uk
2023-01-09,POS UTILITY BILL EE 789637,217.31,utilities,simulated_bank_transactions_uk
2023-06-01,pos purchase currys online purchase 825304,133.06,other,simulated_bank_transactions_uk
2024-05-22,Mortgage*Payment*Letting*Agent,1084.63,housing,simulated_bank_transactions_uk
2023-10-31,So-Mortgage-Payment-Mortgage 599441,1792.19,housing,simulated_bank_transactions_uk
2024-05-10,Card Pmt Spotify 384905,23.1,subscriptions,simulated_bank_transactions_uk
2023-05-25,online/purchase/hmrc/online/purchase 979252,108.58,other,simulated_bank_transactions_uk
2024-11-30,Pos Contactless Aldi Eggs,72.16,groceries,simulated_bank_transactions_uk
2024-01-31,CARD FUEL TRAINLINE BUS PASS,68.69,transportation,simulated_bank_transactions_uk
2023-09-11,pos aldi eggs 987449,28.65,groceries,simulated_bank_transactions_uk
2024-07-14,Pos Food Delivery Starbucks Restaurant,73.82,dining,simulated_bank_transactions_uk
2023-07-04,bacs transport trainline fuel 42590,148.04,transportation,simulated_bank_transactions_uk
2024-04-14,Card Card Payment Lidl Eggs,66.18,groceries,simulated_bank_transactions_uk
2023-10-05,BILL/PMT/SKY 793261,40.43,utilities,simulated_bank_transactions_uk
2023-07-05,transport tfl train ticket,94.36,transportation,simulated_bank_transactions_uk
2024-03-14,CARD PAYMENT DELIVEROO FAST FOOD 570966,130.05,dining,simulated_bank_transactions_uk
2024-08-26,Direct Debit Subscription Netflix 796915,26.65,subscriptions,simulated_bank_transactions_uk
2023-10-28,Direct Debit Amazon Prime,21.47,subscriptions,simulated_bank_transactions_uk
2024-04-07,card*payment*trainline*bus*pass 862372,78.37,transportation,simulated_bank_transactions_uk
2023-08-30,Pos-Purchase-Currys-Misc-Expense,145.07,other,simulated_bank_transactions_uk
2024-09-17,transport esso uber ride 316451,19.99,transportation,simulated_bank_transactions_uk
2023-01-04,utility bill o2 53627,225.91,utilities,simulated_bank_transactions_uk
2024-12-13,Rent Pmt Rent 910195,1208.95,housing,simulated_bank_transactions_uk
2023-03-07,Visa Card Payment Nando's Fast Food,100.53,dining,simulated_bank_transactions_uk
2024-06-12,mortgage-payment-letting-age,1854.14,housing,simulated_bank_transactions_uk
2024-06-24,direct*debit*gym*group,34.41,subscriptions,simulated_bank_transactions_uk
2023-09-06,so transport uber bus pass 23166,73.34,transportation,simulated_bank_transactions_uk
2023-12-24,FOOD DELIVERY NANDO'S FOOD DELIVERY 804265,118.88,dining,simulated_bank_transactions_uk
2023-03-13,card payment mcdonalds restaurant 718669,138.4,dining,simulated_bank_transactions_uk
2024-02-16,Transport Tfl Fuel 32,84.49,transportation,simulated_bank_transactions_uk
2023-03-05,BACS UTILITY BILL O2 474562,82.8,utilities,simulated_bank_transactions_uk
2024-03-04,ONLINE PURCHASE SUPERDRUG MISC EXPENSE 630274,7.15,other,simulated_bank_transactions_uk
2023-11-20,FUEL-UBER-BUS-PASS 487610,79.21,transportation,simulated_bank_transactions_uk
2023-05-14,Direct Debit Sky 337808,58.89,utilities,simulated_bank_transactions_uk
2023-09-05,Food-Delivery-Kfc-Food-Delivery 905529,138.8,dining,simulated_bank_transactions_uk
2024-11-22,UTILITY BILL OCTOPUS ENERGY 718730,126.8,utilities,simulated_bank_transactions_uk
2024-10-26,direct debit severn trent 32028,121.05,utilities,simulated_bank_transactions_uk
2023-12-27,BILL PMT SKY,221.89,utilities,simulated_bank_transactions_uk
2023-04-18,Pos Food Delivery Deliveroo Restaurant 590893,129.65,dining,simulated_bank_transactions_uk
2024-05-18,BILL PMT VODAFONE 58446,183.68,utilities,simulated_bank_transactions_uk
2023-02-18,subscription google *services 472039,22.09,subscriptions,simulated_bank_transactions_uk
2024-12-14,Pos Food Delivery Pret Fast Food,14.4,dining,simulated_bank_transactions_uk
2024-06-06,Transport National Rail Bus Pass 828888,94.52,transportation,simulated_bank_transactions_uk
2023-12-29,transport trainline fuel 335249,58.38,transportation,simulated_bank_transactions_uk
2023-10-31,Card/Pmt/Kfc/Fast/Food 550943,107.17,dining,simulated_bank_transactions_uk
2023-06-19,card payment tesco chicken 50184,139.72,groceries,simulated_bank_transactions_uk
2023-06-25,BACS RENT PMT MORTGA,706.44,housing,simulated_bank_transactions_uk
2023-11-20,MORTGAGE PMT LANDLORD 941313,658.11,housing,simulated_bank_transactions_uk
2024-09-12,pos purchase ebay misc expense,60.35,other,simulated_bank_transactions_uk
2023-06-10,SUBSCRIPTION APPLE.COM/BILL 316710,22.55,subscriptions,simulated_bank_transactions_uk
2023-06-07,bacs mortgage rent 406905,650.4,housing,simulated_bank_transactions_uk
2023-08-14,Pos Morrisons Bread 14998,14.65,groceries,simulated_bank_transactions_uk
2024-07-07,VISA/CARD/PMT/AMAZON/ONLINE/PURCHASE 388598,122.73,other,simulated_bank_transactions_uk
2023-06-21,BACS DIRECT DEBIT PUREGYM,30.68,subscriptions,simulated_bank_transactions_uk
2024-03-18,BILL PMT THAMES WATER 479663,75.76,utilities,simulated_bank_transactions_uk
2023-10-28,Food Delivery Just Eat Food Delivery 614293,67.16,dining,simulated_bank_transactions_uk
2024-07-12,UTILITY BILL SEVERN TRENT 522360,194.77,utilities,simulated_bank_transactions_uk
2024-07-08,Pos Card Payment Mcdonalds Restaurant,65.84,dining,simulated_bank_transactions_uk
2024-04-18,RENT/PAYMENT/RENT 654604,801.64,housing,simulated_bank_transactions_uk
2023-06-03,RENT PAYMENT LETTING AGENT,1611.33,housing,simulated_bank_transactions_uk
2024-05-09,POS ALDI CHICKEN 13187,149.11,groceries,simulated_bank_transactions_uk
2023-10-03,contactless food delivery kfc food delivery 244942,36.3,dining,simulated_bank_transactions_uk
2023-01-08,Food Delivery Kfc Restaurant 497241,143.62,dining,simulated_bank_transactions_uk
2023-08-22,mastercard food delivery pret restaurant,100.88,dining,simulated_bank_transactions_uk
2024-10-10,online purchase hmrc online purchase 425743,42.1,other,simulated_bank_transactions_uk
2023-12-17,transport/tfl/bus/pass 851424,73.61,transportation,simulated_bank_transactions_uk
2024-10-27,CONTACTLESS CARD PMT GREGGS RESTAURANT,31.35,dining,simulated_bank_transactions_uk
2023-02-07,BILL PMT OCTOPUS ENERGY 863007,187.04,utilities,simulated_bank_transactions_uk
2023-12-14,POS SAINSBURYS EGGS,51.6,groceries,simulated_bank_transactions_uk
2023-03-04,subscription netflix 620418,21.44,subscriptions,simulated_bank_transactions_uk
2023-05-10,utility bill o2 163088,169.93,utilities,simulated_bank_transactions_uk
2023-01-24,BILL*PMT*O2 300857,208.22,utilities,simulated_bank_transactions_uk
2023-02-12,card payment esso train ticket 15814,118.93,transportation,simulated_bank_transactions_uk
2023-12-12,ONLINE*PURCHASE*ARGOS*ONLINE*PURCHASE,51.67,other,simulated_bank_transactions_uk
2024-12-18,CARD PAYMENT BP FUEL 658665,79.62,transportation,simulated_bank_transactions_uk
2024-04-14,Bacs Rent Payment Rent 59071,1714.07,housing,simulated_bank_transactions_uk
2024-05-03,MORTGAGE/PMT/LETTING/AGENT 250389,745.6,housing,simulated_bank_transactions_uk
2024-08-20,STO/DIRECT/DEBIT/DISNEY+ 235981,7.42,subscriptions,simulated_bank_transactions_uk
2023-10-20,FOOD DELIVERY PRET FOOD DELIVERY 194450,118.3,dining,simulated_bank_transactions_uk
2024-06-24,SO RESTAURANT MCDONALDS FOOD DELIVERY 979680,70.65,dining,simulated_bank_transactions_uk
2023-01-11,FOOD-DELIVERY-DELIVEROO-FAST-FOOD 92790,58.88,dining,simulated_bank_transactions_uk
2023-09-28,TRANSPORT UBER BUS PASS 896686,78.69,transportation,simulated_bank_transactions_uk
2023-07-11,Mortgage*Pmt*Rent,919.57,housing,simulated_bank_transactions_uk
2024-12-07,Fps Bacs Rent Rent 622251,698.77,housing,simulated_bank_transactions_uk
2024-07-01,Direct Debit Thames Water 161502,102.66,utilities,simulated_bank_transactions_uk
2023-01-11,Food Delivery Deliveroo Food Delivery 473407,67.34,dining,simulated_bank_transactions_uk
2024-09-21,RENT PAYMENT LETTING AGENT,934.81,housing,simulated_bank_transactions_uk
2024-08-30,transport-trainline-bus-pass,88.65,transportation,simulated_bank_transactions_uk
2023-02-02,RENT*PMT*MORTGAGE,1190.44,housing,simulated_bank_transactions_uk
2024-07-22,CARD/PMT/DELIVEROO/FAST/FOOD,6.53,dining,simulated_bank_transactions_uk
2023-02-18,Card Payment Google *services 415789,7.98,subscriptions,simulated_bank_transactions_uk
2023-05-01,Bill*Pmt*O2 870013,36.37,utilities,simulated_bank_transactions_uk
2023-05-28,Utility Bill Thames Water,197.03,utilities,simulated_bank_transactions_uk
2024-10-01,CARD-PMT-APPLE.COM/BILL,19.85,subscriptions,simulated_bank_transactions_uk
2024-07-15,bacs card pmt morrisons eggs 112703,133.99,groceries,simulated_bank_transactions_uk
2024-11-20,card pmt superdrug online purchase,8.61,other,simulated_bank_transactions_uk
2023-08-12,CONTACTLESS CARD PMT SAINSBURYS MILK 224150,56.8,groceries,simulated_bank_transactions_uk
2023-11-30,direct*debit*octopus*energy 26045,207.79,utilities,simulated_bank_transactions_uk
2024-10-13,Card Pmt Starbucks Fast Food 722612,6.11,dining,simulated_bank_transactions_uk
2024-04-16,Rent Payment Mortgage,1316.09,housing,simulated_bank_transactions_uk
2024-01-10,Card-Payment-Asda-Eggs 557281,139.12,groceries,simulated_bank_transactions_uk
2024-12-14,subscription puregym 500226,17.88,subscriptions,simulated_bank_transactions_uk
2024-05-21,CARD DIRECT DEBIT DISNEY+ 576257,17.37,subscriptions,simulated_bank_transactions_uk
2024-01-15,card payment esso bus pass 841737,92.91,transportation,simulated_bank_transactions_uk
2023-11-28,Transport/Bp/Uber/Ri,133.98,transportation,simulated_bank_transactions_uk
2024-07-30,Bacs Rent Rent 701160,1141.41,housing,simulated_bank_transactions_uk
2024-01-09,POS BACS LETTING AGENT RENT 335532,1020.51,housing,simulated_bank_transactions_uk
2024-07-26,ONLINE PURCHASE BOOTS MISC EXPENSE,134.94,other,simulated_bank_transactions_uk
2023-05-15,bill payment thames water 340029,181.73,utilities,simulated_bank_transactions_uk
2024-04-09,BACS LANDLORD RENT 340045,1906.24,housing,simulated_bank_transactions_uk
2024-10-27,BACS-RENT-RENT 544039,704.03,housing,simulated_bank_transactions_uk
2024-09-16,transport*uber*uber*ride 748441,131.43,transportation,simulated_bank_transactions_uk
2024-01-19,Contactless Bacs Letting Agent Rent 645385,1765.12,housing,simulated_bank_transactions_uk
2023-11-24,FOOD DELIVERY MCDONALDS FAST FO,107.45,dining,simulated_bank_transactions_uk
2024-11-11,Utility*Bill*British*Gas 106004,38.88,utilities,simulated_bank_transactions_uk
2023-09-26,Bill-Payment-Scottishpower 929988,198.31,utilities,simulated_bank_transactions_uk
2024-07-14,Restaurant Nando's Restaurant,6.78,dining,simulated_bank_transactions_uk
2024-01-07,Direct Debit Ee 590269,71.48,utilities,simulated_bank_transactions_uk
2023-06-22,Rent Payment Letting Agent 846443,1912.07,housing,simulated_bank_transactions_uk
2024-12-20,SO MORTGAGE PAYMENT LETTING AGENT 597978,1000.02,housing,simulated_bank_transactions_uk
2023-10-24,Direct Debit Thames Water 4,126.03,utilities,simulated_bank_transactions_uk
2023-04-01,Bacs Rent Rent 629543,726.36,housing,simulated_bank_transactions_uk
2024-11-06,Card Pmt Hmrc Online Purchase 947273,56.17,other,simulated_bank_transactions_uk
2024-08-04,Bacs Bill Pmt Vodafone 753948,99.74,utilities,simulated_bank_transactions_uk
2024-05-04,CONTACTLESS SAINSBURYS VEGETABLES 335530,6.96,groceries,simulated_bank_transactions_uk
2024-11-02,subscription/apple.com/b,33.02,subscriptions,simulated_bank_transactions_uk
2023-03-30,fps bill pmt severn trent 902163,119.46,utilities,simulated_bank_transactions_uk
2023-04-27,CARD PMT GYM GROUP 160361,38.83,subscriptions,simulated_bank_transactions_uk
2023-08-27,So Utility Bill Severn Trent 427286,190.57,utilities,simulated_bank_transactions_uk
2023-07-26,Transport Tfl Bus Pass 381723,72.53,transportation,simulated_bank_transactions_uk
2024-03-13,Utility Bill O2 704603,226.35,utilities,simulated_bank_transactions_uk
2023-10-25,Mastercard/Subscription/Apple.com/bill 966768,22.27,subscriptions,simulated_bank_transactions_uk
2023-04-30,CARD PAYMENT NHS ONLINE PURCHASE,20.05,other,simulated_bank_transactions_uk
2024-12-13,BILL PAYMENT O2 652788,166.23,utilities,simulated_bank_transactions_uk
2023-02-10,rent payment landlord 229295,1991.5,housing,simulated_bank_transactions_uk
2023-11-09,contactless aldi eggs 124143,90.03,groceries,simulated_bank_transactions_uk
2024-09-08,Direct Debit Google *services 454991,23.4,subscriptions,simulated_bank_transactions_uk
2024-06-24,POS-MORRISONS-CHICKEN 812559,83.12,groceries,simulated_bank_transactions_uk
2023-11-06,fps bacs landlord rent 798332,1548.4,housing,simulated_bank_transactions_uk
2023-04-30,pos purchase amazon misc expense,26.19,other,simulated_bank_transactions_uk
2024-08-27,contactless pos purchase nhs online purchase,102.39,other,simulated_bank_transactions_uk
2024-11-17,CARD*POS*SAINSBURYS*CHICKEN 168936,25.65,groceries,simulated_bank_transactions_uk
2024-12-13,utility bill severn trent 666054,242.13,utilities,simulated_bank_transactions_uk
2024-03-17,DIRECT DEBIT THAMES WATER 576417,63.35,utilities,simulated_bank_transactions_uk
2023-11-04,card payment boots misc expense,74.89,other,simulated_bank_transactions_uk
2024-11-01,mortgage payment rent,719.11,housing,simulated_bank_transactions_uk
2024-05-05,DIRECT DEBIT BRITISH GAS 593691,225.33,utilities,simulated_bank_transactions_uk
2023-01-31,transport/national/rail/uber/ride 609124,50.2,transportation,simulated_bank_transactions_uk
2023-06-12,contactless sainsburys bread 857886,109.16,groceries,simulated_bank_transactions_uk
2023-09-27,Pos Lidl Bread 52251,43.05,groceries,simulated_bank_transactions_uk
2023-03-20,direct debit disney+,38.54,subscriptions,simulated_bank_transactions_uk
2023-12-20,card*payment*national*rail*fuel 737881,116.18,transportation,simulated_bank_transactions_uk
2023-12-22,contactless iceland vegetables 519248,75.9,groceries,simulated_bank_transactions_uk
2024-10-30,card pmt boots online purchase 821619,55.64,other,simulated_bank_transactions_uk
2024-01-22,Restaurant Kfc Restaurant 346283,36.24,dining,simulated_bank_transactions_uk
2023-01-27,DIRECT DEBIT CARD PAYMENT ARGOS ONLINE PURCHASE 859452,20.3,other,simulated_bank_transactions_uk
2024-10-19,So Online Purchase Hmrc Online Purchase 239175,100.33,other,simulated_bank_transactions_uk
2024-11-18,contactless-card-pmt-amazon-prime 726560,27.83,subscriptions,simulated_bank_transactions_uk
2024-03-26,Bacs-Letting-Agent-Rent 418270,1844.34,housing,simulated_bank_transactions_uk
2024-08-10,ONLINE PURCHASE SUPERDRUG ONLINE PURCHASE 88,143.25,other,simulated_bank_transactions_uk
2024-03-10,Subscription Netflix,12.2,subscriptions,simulated_bank_transactions_uk
2023-12-20,restaurant-pret-fast-food,6.34,dining,simulated_bank_transactions_uk
2024-02-11,Subscription-Spotify 332078,36.99,subscriptions,simulated_bank_transactions_uk
2023-05-21,Food Delivery Nando's Food Delivery 862725,91.88,dining,simulated_bank_transactions_uk
2024-04-17,Pos/Purchase/Superdrug/Online/Purchase 81669,35.08,other,simulated_bank_transactions_uk
2024-11-28,CONTACTLESS/ASDA/MILK,75.49,groceries,simulated_bank_transactions_uk
2024-08-16,Transport National Rail Uber Ride 746637,117.86,transportation,simulated_bank_transactions_uk
2023-02-19,Restaurant/Mcdonalds/Restaurant 442041,43.33,dining,simulated_bank_transactions_uk
2023-11-02,Direct*Debit*Disney+,11.39,subscriptions,simulated_bank_transactions_uk
2024-07-01,Direct/Debit/British/Gas 373289,119.37,utilities,simulated_bank_transactions_uk
2024-12-13,Card Pmt Boots Misc Expense 704413,46.09,other,simulated_bank_transactions_uk
2024-10-28,direct debit puregym 742517,11.74,subscriptions,simulated_bank_transactions_uk
2023-01-06,DIRECT DEBIT SCOTTISHPOWER,161.95,utilities,simulated_bank_transactions_uk
2024-06-21,CARD-PMT-BOOTS-MISC-EXPENSE 230367,30.42,other,simulated_bank_transactions_uk
2024-12-10,STO POS PURCHASE ARGOS MISC EXPENSE 821123,137.26,other,simulated_bank_transactions_uk
2023-10-08,bill pmt vodafone 599596,104.29,utilities,simulated_bank_transactions_uk
2023-04-26,FUEL TFL BUS PASS,149.84,transportation,simulated_bank_transactions_uk
2023-01-25,BILL PMT THAMES WATER 606687,240.06,utilities,simulated_bank_transactions_uk
2023-08-29,direct-debit-scottishpower 691073,66.32,utilities,simulated_bank_transactions_uk
2023-07-31,Restaurant Just Eat Fast Food 883104,82.77,dining,simulated_bank_transactions_uk
2024-07-30,CARD PAYMENT DISNEY+,18.87,subscriptions,simulated_bank_transactions_uk
2023-09-04,Visa*Card*Payment*Boots*Online*Purchase 53844,24.37,other,simulated_bank_transactions_uk
2024-02-26,DIRECT DEBIT GYM GROUP,29.32,subscriptions,simulated_bank_transactions_uk
2023-11-15,fuel bp fuel 454466,56.52,transportation,simulated_bank_transactions_uk
2023-10-08,restaurant uber eats fast food 931487,135.09,dining,simulated_bank_transactions_uk
2023-09-30,Pos*Direct*Debit*Google**services 722652,38.03,subscriptions,simulated_bank_transactions_uk
2023-04-01,contactless aldi rice 784631,36.94,groceries,simulated_bank_transactions_uk
2023-12-07,Contactless Bill Pmt Thames Water 598771,53.24,utilities,simulated_bank_transactions_uk
2024-05-07,FUEL/BOLT/TRAIN/TICKET 544688,87.54,transportation,simulated_bank_transactions_uk
2024-01-02,restaurant pret restaurant,20.91,dining,simulated_bank_transactions_uk
2023-10-03,DIRECT DEBIT DISNEY+,8.62,subscriptions,simulated_bank_transactions_uk
2023-07-02,card*transport*national*rail*uber*ride,57.37,transportation,simulated_bank_transactions_uk
2024-12-20,sto card payment gym group 157340,29.9,subscriptions,simulated_bank_transactions_uk
2024-07-05,CARD PAYMENT JUST EAT RESTAURANT,13.69,dining,simulated_bank_transactions_uk
2024-01-31,card/pmt/deliveroo/restaurant 621572,17.99,dining,simulated_bank_transactions_uk
2023-03-19,bacs card pmt aldi bread 129044,131.99,groceries,simulated_bank_transactions_uk
2024-02-14,Pos Iceland Chicken 977260,92.31,groceries,simulated_bank_transactions_uk
2024-12-27,Mortgage Pmt Rent 91079,1078.37,housing,simulated_bank_transactions_uk
2023-09-22,Mortgage Pmt Rent,1090.89,housing,simulated_bank_transactions_uk
2024-06-02,so-bill-payment-octopus-energy 146583,84.3,utilities,simulated_bank_transactions_uk
2023-08-26,Bacs*Card*Pmt*Boots*Misc*Expense 686937,138.96,other,simulated_bank_transactions_uk
2023-10-01,Restaurant Just Eat Fast Food 377105,16.16,dining,simulated_bank_transactions_uk
2024-11-23,FPS POS PURCHASE SUPERDRUG ONLINE PURCHASE,32.17,other,simulated_bank_transactions_uk
2023-12-13,Bacs Card Payment Shell Bus P,44.28,transportation,simulated_bank_transactions_uk
2024-03-10,Pos Purchase Argos Misc Expense,102.16,other,simulated_bank_transactions_uk
2023-01-08,POS SAINSBURYS MILK,36.94,groceries,simulated_bank_transactions_uk
2024-02-28,CARD CARD PAYMENT AMAZON ONLINE PURCHASE 722436,16.63,other,simulated_bank_transactions_uk
2023-08-14,Mortgage Payment Letting Agent,1685.61,housing,simulated_bank_transactions_uk
2023-10-01,BACS SUBSCRIPTION APPLE.COM/BILL 613134,21.51,subscriptions,simulated_bank_transactions_uk
2024-03-31,Rent-Payment-Landlord 449420,1512.29,housing,simulated_bank_transactions_uk
2024-07-01,Bacs Rent Rent 84191,1342.53,housing,simulated_bank_transactions_uk
2023-11-29,CARD PAYMENT TRAINLINE UBER RIDE,141.52,transportation,simulated_bank_transactions_uk
2024-08-22,direct debit pos purchase ebay misc expense 69,6.16,other,simulated_bank_transactions_uk
2024-08-10,STO-DIRECT-DEBIT-SKY 159143,187.55,utilities,simulated_bank_transactions_uk
2024-01-05,Pos Waitrose Ri,103.4,groceries,simulated_bank_transactions_uk
2023-07-13,direct debit card pmt morrisons chicken 222960,19.68,groceries,simulated_bank_transactions_uk
2023-01-20,Restaurant Mcdonalds Food Delivery 179694,119.24,dining,simulated_bank_transactions_uk
2024-07-29,Bill Payment Bt 12372,168.24,utilities,simulated_bank_transactions_uk
2024-04-30,CARD*PAYMENT*BP*TRAIN*TICKET 948849,131.13,transportation,simulated_bank_transactions_uk
2024-12-08,Online Purchase Boots Misc Expense,7.99,other,simulated_bank_transactions_uk
2024-08-07,card restaurant mcdonalds restaurant,122.14,dining,simulated_bank_transactions_uk
2023-05-08,FUEL ESSO BUS PASS 251758,131.81,transportation,simulated_bank_transactions_uk
2023-12-30,FUEL*TFL*TRAIN*TICKET 431364,90.31,transportation,simulated_bank_transactions_uk
2024-02-01,TRANSPORT TFL BUS PASS 712087,93.12,transportation,simulated_bank_transactions_uk
2023-05-22,sto*restaurant*nando's*food*delivery 884748,51.41,dining,simulated_bank_transactions_uk
2024-12-14,Pos/Purchase/Hmrc/Online/Purchase 571035,147.2,other,simulated_bank_transactions_uk
2023-12-29,restaurant-starbucks-food-delivery 737674,105.63,dining,simulated_bank_transactions_uk
2023-12-18,CARD-PMT-ARGOS-MISC-EXPENSE 208852,22.17,other,simulated_bank_transactions_uk
2023-03-10,Direct Debit O2,54.69,utilities,simulated_bank_transactions_uk
2024-08-16,Rent/Pmt/Mortgage 741739,1028.45,housing,simulated_bank_transactions_uk
2023-07-08,bacs letting agent rent 278862,1046.49,housing,simulated_bank_transactions_uk
2024-12-29,DIRECT DEBIT VODAFONE 524959,209.55,utilities,simulated_bank_transactions_uk
2024-06-10,DIRECT*DEBIT*BRITISH*GAS,122.96,utilities,simulated_bank_transactions_uk
2024-11-30,Subscription Disney+ 40660,29.04,subscriptions,simulated_bank_transactions_uk
2024-03-31,Online*Purchase*Currys*Online*Purchase 248496,10.79,other,simulated_bank_transactions_uk
2023-04-16,CARD PAYMENT TESCO RICE 824728,84.76,groceries,simulated_bank_transactions_uk
2024-02-19,FPS DIRECT DEBIT VODAFONE 563418,104.32,utilities,simulated_bank_transactions_uk
2023-02-11,CARD PMT LIDL VEGETABLE,111.55,groceries,simulated_bank_transactions_uk
2024-08-02,Online Purchase Superdrug Misc Expense 713370,131.47,other,simulated_bank_transactions_uk
2023-10-23,transport uber bus pass,16.21,transportation,simulated_bank_transactions_uk
2023-06-03,contactless/direct/debit/scottishpowe,107.13,utilities,simulated_bank_transactions_uk
2024-05-09,pos purchase hmrc online purchase,97.07,other,simulated_bank_transactions_uk
2024-11-05,UTILITY BILL EE 751022,219.08,utilities,simulated_bank_transactions_uk
2023-05-08,RESTAURANT MCDONALDS FOOD DELIVERY 415625,149.05,dining,simulated_bank_transactions_uk
2023-11-30,direct debit bacs landlord rent,793.93,housing,simulated_bank_transactions_uk
2024-12-29,FOOD*DELIVERY*GREGGS*FAST*FOOD 321800,96.67,dining,simulated_bank_transactions_uk
2023-12-16,SO RESTAURANT UBER EATS RES,124.71,dining,simulated_bank_transactions_uk
2023-03-08,Subscription Netflix 697315,30.51,subscriptions,simulated_bank_transactions_uk
2024-11-22,ONLINE-PURCHASE-BOOTS-MISC-EXPENSE 755088,144.09,other,simulated_bank_transactions_uk
2023-01-03,Subscription Spotify 821036,37.63,subscriptions,simulated_bank_transactions_uk
2023-04-29,restaurant kfc food delivery 519095,87.8,dining,simulated_bank_transactions_uk
2024-02-15,Food Delivery Mcdonalds Restaurant 1572,14.18,dining,simulated_bank_transactions_uk
2024-10-27,FUEL-TRAINLINE-BUS-PASS 458554,59.13,transportation,simulated_bank_transactions_uk
2024-05-31,CARD PAYMENT ICELAND MILK 260689,149.91,groceries,simulated_bank_transactions_uk
2023-11-07,bill pmt severn trent,130.64,utilities,simulated_bank_transactions_uk
2024-11-17,Utility Bill Sky 420715,137.68,utilities,simulated_bank_transactions_uk
2024-12-28,Sto Subscription Google *services 175994,31.79,subscriptions,simulated_bank_transactions_uk
2024-05-09,Utility*Bill*Bt 810106,188.75,utilities,simulated_bank_transactions_uk
2023-02-27,Fuel-Esso-Fuel 398728,70.4,transportation,simulated_bank_transactions_uk
2023-05-04,Restaurant Pret Food Delivery 699478,85.39,dining,simulated_bank_transactions_uk
2023-04-08,MORTGAGE/PAYMENT/LETTING/AGENT 109253,841.61,housing,simulated_bank_transactions_uk
2024-07-22,Bill Pmt Scottishpower 52382,189.96,utilities,simulated_bank_transactions_uk
2023-06-17,POS PURCHASE HMRC ONLINE PURCHASE,83.94,other,simulated_bank_transactions_uk
2024-08-08,ONLINE PURCHASE AMAZON ONLINE PURCHASE 942868,62.71,other,simulated_bank_transactions_uk
2024-02-26,Subscription*Gym*Group 468487,28.3,subscriptions,simulated_bank_transactions_uk
2023-07-28,RENT PMT LANDLORD 513739,1202.53,housing,simulated_bank_transactions_uk
2024-01-05,bacs direct debit google *services 608847,27.63,subscriptions,simulated_bank_transactions_uk
2024-02-17,FOOD DELIVERY PRET RESTAURANT,63.25,dining,simulated_bank_transactions_uk
2023-01-02,Pos Purchase Ebay Online Purchase 125772,146.34,other,simulated_bank_transactions_uk
2024-04-28,SO/CARD/PMT/SUPERDRUG/ONLINE/PURCHASE 562707,30.77,other,simulated_bank_transactions_uk
2023-01-22,Bacs Contactless Waitrose Vegetables,90.28,groceries,simulated_bank_transactions_uk
2024-05-14,Card Payment Starbucks Restaura,122.18,dining,simulated_bank_transactions_uk
2024-03-02,card payment puregym,22.92,subscriptions,simulated_bank_transactions_uk
2023-08-19,Visa Rent Payment Rent 576290,1914.91,housing,simulated_bank_transactions_uk
2024-12-24,bill/pmt/ee,214.94,utilities,simulated_bank_transactions_uk
2024-06-11,Card Pmt Asda Chicken 548476,144.69,groceries,simulated_bank_transactions_uk
2024-11-19,bill payment sky 561704,160.65,utilities,simulated_bank_transactions_uk
2024-03-26,Bacs/Landlord/Rent,1026.26,housing,simulated_bank_transactions_uk
2023-06-30,Pos Card Payment Superdrug Misc Expense 183523,140.28,other,simulated_bank_transactions_uk
2023-10-21,direct debit spotify 356567,34.83,subscriptions,simulated_bank_transactions_uk
2024-03-28,Visa Mortgage Payment Mortgage,1152.95,housing,simulated_bank_transactions_uk
2023-10-10,Utility/Bill/Severn/Trent,109.3,utilities,simulated_bank_transactions_uk
2024-05-29,Contactless Card Pmt Sainsburys Chicken 563858,77.95,groceries,simulated_bank_transactions_uk
2023-10-05,CARD PMT WAITROSE RICE,149.7,groceries,simulated_bank_transactions_uk
2023-01-04,FOOD/DELIVERY/GREGGS/FAST/FOOD 626765,87.88,dining,simulated_bank_transactions_uk
2023-12-08,bacs pos purchase ebay online purchase 840121,31.49,other,simulated_bank_transactions_uk
2023-03-04,pos purchase superdrug online purchase 131276,113.96,other,simulated_bank_transactions_uk
2023-08-20,UTILITY/BILL/BT 912586,117.38,utilities,simulated_bank_transactions_uk
2024-02-03,POS TESCO BREAD 286375,21.38,groceries,simulated_bank_transactions_uk
2024-01-16,Mortgage Payment Landlord 689311,1934.24,housing,simulated_bank_transactions_uk
2024-09-18,sto-food-delivery-nando's-restaurant 391569,38.5,dining,simulated_bank_transactions_uk
2023-09-22,Contactless Bacs Landlord Rent 659455,1246.03,housing,simulated_bank_transactions_uk
2023-08-21,ONLINE PURCHASE CURRYS ONLINE PURCHASE 764604,110.67,other,simulated_bank_transactions_uk
2023-12-18,DIRECT/DEBIT/CARD/PAYMENT/TFL/UBER/RIDE 95983,66.6,transportation,simulated_bank_transactions_uk
2024-05-05,direct debit british gas 171461,117.94,utilities,simulated_bank_transactions_uk
2024-12-26,TRANSPORT ESSO UBER RIDE 431589,21.4,transportation,simulated_bank_transactions_uk
2024-08-30,fps-direct-debit-puregym 220531,27.15,subscriptions,simulated_bank_transactions_uk
2024-01-02,card/pmt/aldi/milk 209995,108.86,groceries,simulated_bank_transactions_uk
2024-02-22,card*pmt*nhs*online*purchase 61761,61.72,other,simulated_bank_transactions_uk
2023-08-25,CARD PMT GYM GROUP 153625,22.24,subscriptions,simulated_bank_transactions_uk
2023-12-30,UTILITY*BILL*VODAFONE 265495,147.21,utilities,simulated_bank_transactions_uk
2024-06-16,BACS RENT RENT,1925.06,housing,simulated_bank_transactions_uk
2023-08-13,Utility Bill Octopus Energy 735247,203.04,utilities,simulated_bank_transactions_uk
2023-12-12,So Card Payment Mcdonalds Food Delivery 390581,28.98,dining,simulated_bank_transactions_uk
2023-08-27,ONLINE PURCHASE SUPERDRUG ONLINE PURCHASE 124489,18.0,other,simulated_bank_transactions_uk
2024-12-16,Pos/Purchase/Nhs/Online/Purchase 872908,108.47,other,simulated_bank_transactions_uk
2023-11-16,MORTGAGE PMT LANDLORD,1570.1,housing,simulated_bank_transactions_uk
2023-07-29,Direct Debit Direct Debit Vodafone,227.15,utilities,simulated_bank_transactions_uk
2023-08-27,bacs rent rent 897271,876.52,housing,simulated_bank_transactions_uk
2024-10-09,Contactless Pos Purchase Nhs Online Purchase 138590,103.37,other,simulated_bank_transactions_uk
2024-10-11,Mortgage Pmt Landlord 3,1113.99,housing,simulated_bank_transactions_uk
2024-10-23,sto pos purchase boots online purchase 775905,21.8,other,simulated_bank_transactions_uk
2023-01-13,FOOD DELIVERY KFC FOOD DELIVERY,95.01,dining,simulated_bank_transactions_uk
2023-04-14,CARD PAYMENT TFL FUEL 48,35.21,transportation,simulated_bank_transactions_uk
2024-01-16,fps subscription netflix 950500,27.46,subscriptions,simulated_bank_transactions_uk
2024-03-07,card payment ebay online purchase 642914,73.2,other,simulated_bank_transactions_uk
2024-10-30,DIRECT DEBIT DISNEY+,5.58,subscriptions,simulated_bank_transactions_uk
2024-01-01,Sto Bacs Mortgage Rent 255158,1781.81,housing,simulated_bank_transactions_uk
2024-12-08,fps transport shell bus pass 611832,110.0,transportation,simulated_bank_transactions_uk
2024-07-06,Bill Pmt Octopus Energy,176.45,utilities,simulated_bank_transactions_uk
2024-11-15,Fps Online Purchase Nhs Online Purchase 932769,71.14,other,simulated_bank_transactions_uk
2024-12-31,UTILITY BILL VODAFONE 998760,101.11,utilities,simulated_bank_transactions_uk
2024-09-08,Direct Debit Direct Debit O2 565949,243.34,utilities,simulated_bank_transactions_uk
2024-09-23,Mastercard/Restaurant/Kfc/Food/Delivery 785111,80.81,dining,simulated_bank_transactions_uk
2024-07-23,Direct Debit Bt 336645,59.21,utilities,simulated_bank_transactions_uk
2024-09-13,card direct debit thames water 931738,130.5,utilities,simulated_bank_transactions_uk
2023-08-11,FOOD DELIVERY MCDONALDS FOOD DELIVERY 490174,101.8,dining,simulated_bank_transactions_uk
2023-09-01,RENT PMT RENT 695363,1121.21,housing,simulated_bank_transactions_uk
2024-08-18,Utility*Bill*Thames*Water 978635,112.31,utilities,simulated_bank_transactions_uk
2024-01-07,Pos/Purchase/Currys/Misc/Expense 66993,144.7,other,simulated_bank_transactions_uk
2023-01-31,pos purchase currys online purchase 362606,103.1,other,simulated_bank_transactions_uk
2024-10-26,direct debit sky 833470,125.9,utilities,simulated_bank_transactions_uk
2024-02-17,Subscription Netflix 199184,31.86,subscriptions,simulated_bank_transactions_uk
2024-03-03,Rent Payment Mortgage 842438,1016.73,housing,simulated_bank_transactions_uk
2024-08-04,RESTAURANT KFC RESTAURANT 427340,131.01,dining,simulated_bank_transactions_uk
2024-07-26,subscription disney+ 971912,13.63,subscriptions,simulated_bank_transactions_uk
2023-01-01,Visa Direct Debit Google *services 329057,8.12,subscriptions,simulated_bank_transactions_uk
2024-04-25,STO DIRECT DEBIT BRITISH GAS,62.26,utilities,simulated_bank_transactions_uk
2023-11-30,Food Delivery Greggs Restaurant 957391,25.45,dining,simulated_bank_transactions_uk
2024-11-24,Transport National Rail Fuel 579440,38.58,transportation,simulated_bank_transactions_uk
2024-11-23,food delivery pret fast food 739661,33.27,dining,simulated_bank_transactions_uk
2023-09-21,Restaurant Costa Restaurant 368266,90.7,dining,simulated_bank_transactions_uk
2023-07-25,SUBSCRIPTION-GYM-GROUP 7,15.12,subscriptions,simulated_bank_transactions_uk
2023-10-20,Contactless Card Pmt Apple.com/bill 679751,32.58,subscriptions,simulated_bank_transactions_uk
2024-11-09,restaurant*deliveroo*fast*food 87424,67.02,dining,simulated_bank_transactions_uk
2024-06-09,mastercard bacs letting agent rent 794928,1257.9,housing,simulated_bank_transactions_uk
2023-06-03,bacs restaurant kfc restaurant 28453,7.6,dining,simulated_bank_transactions_uk
2024-04-23,Mortgage Pmt Letting Agent 659603,805.06,housing,simulated_bank_transactions_uk
2023-06-21,DIRECT DEBIT SCOTTISHPOWER,78.72,utilities,simulated_bank_transactions_uk
2024-04-17,FPS TRANSPORT SHELL FUEL 105930,99.55,transportation,simulated_bank_transactions_uk
2023-10-19,visa utility bill vodafone 728696,190.54,utilities,simulated_bank_transactions_uk
2023-03-08,Subscription Amazon Prime,12.48,subscriptions,simulated_bank_transactions_uk
2023-04-09,CARD PMT JUST EAT FOOD DELIVERY 413664,60.54,dining,simulated_bank_transactions_uk
2024-07-15,CARD PMT PUREGYM,5.36,subscriptions,simulated_bank_transactions_uk
2023-01-24,subscription spotify 998800,38.96,subscriptions,simulated_bank_transactions_uk
2023-06-07,MORTGAGE PMT LANDLORD,1802.4,housing,simulated_bank_transactions_uk
2024-04-03,food delivery nando's fast food 333236,47.72,dining,simulated_bank_transactions_uk
2024-06-10,Card Payment Argos Online Purchase,100.68,other,simulated_bank_transactions_uk
2023-10-14,Direct Debit Fuel Bolt Bus Pass 534092,95.62,transportation,simulated_bank_transactions_uk
2023-03-01,CONTACTLESS SAINSBURYS RICE 464119,148.78,groceries,simulated_bank_transactions_uk
2024-05-22,pos purchase superdrug online purchase 267806,91.12,other,simulated_bank_transactions_uk
2024-12-25,card/contactless/tesco/rice 429428,46.02,groceries,simulated_bank_transactions_uk
2023-01-15,mortgage pmt rent 631653,1382.92,housing,simulated_bank_transactions_uk
2023-09-10,transport esso bus pass,113.43,transportation,simulated_bank_transactions_uk
2023-11-04,BACS*MORTGAGE*RENT 625913,1945.91,housing,simulated_bank_transactions_uk
2024-12-06,CARD PAYMENT BP FUEL 130703,119.54,transportation,simulated_bank_transactions_uk
2024-12-29,direct debit o2,224.08,utilities,simulated_bank_transactions_uk
2024-08-09,Card-Pmt-National-Rail-Train-Ticket,76.67,transportation,simulated_bank_transactions_uk
2024-03-23,Pos Contactless Waitrose Vegetables 363165,51.77,groceries,simulated_bank_transactions_uk
2024-03-29,Direct-Debit-Fuel-Trainline-Uber-Ride 757755,84.31,transportation,simulated_bank_transactions_uk
2024-08-30,Direct Debit Google *services 115155,20.49,subscriptions,simulated_bank_transactions_uk
2023-10-08,DIRECT DEBIT PUREGYM 489928,39.18,subscriptions,simulated_bank_transactions_uk
2024-02-17,Bill*Pmt*Sky 909633,163.37,utilities,simulated_bank_transactions_uk
2024-02-09,Card Payment Apple.com/bill 833984,22.62,subscriptions,simulated_bank_transactions_uk
2024-06-07,DIRECT DEBIT BT 9342,82.74,utilities,simulated_bank_transactions_uk
2024-09-14,pos*purchase*boots*misc*expense 9281,44.22,other,simulated_bank_transactions_uk
2023-08-26,contactless*rent*pmt*letting*agent 536540,911.21,housing,simulated_bank_transactions_uk
2024-09-01,CARD PAYMENT UBER BUS PASS,80.67,transportation,simulated_bank_transactions_uk
2023-07-11,transport bolt train ticket 241058,149.52,transportation,simulated_bank_transactions_uk
2024-02-03,CARD*PAYMENT*CURRYS*ONLINE*PURCHASE 453384,103.85,other,simulated_bank_transactions_uk
2023-03-07,Contactless Morrisons Bread 440965,77.15,groceries,simulated_bank_transactions_uk
2023-08-03,card payment morrisons chicken 1780,83.25,groceries,simulated_bank_transactions_uk
2023-10-25,Fuel/Tfl/Bus/Pass 5148,64.68,transportation,simulated_bank_transactions_uk
2023-11-03,STO CARD PAYMENT MCDONALDS FAST FOOD 504367,3.1,dining,simulated_bank_transactions_uk
2024-03-27,CARD*PAYMENT*NETFLIX,19.08,subscriptions,simulated_bank_transactions_uk
2024-08-19,fuel-uber-fuel,66.26,transportation,simulated_bank_transactions_uk
2023-03-25,POS ALDI VEGETABLES,112.03,groceries,simulated_bank_transactions_uk
2023-04-29,card/payment/costa/restaurant 227694,30.38,dining,simulated_bank_transactions_uk
2023-09-01,card-payment-hmrc-misc-expense 852813,9.51,other,simulated_bank_transactions_uk
2024-07-18,rent-pmt-letting-agent,1970.65,housing,simulated_bank_transactions_uk
2024-12-29,Pos Purchase Boots Misc Expense 765089,107.39,other,simulated_bank_transactions_uk
2023-02-15,Mortgage Payment Letting Agent,1864.12,housing,simulated_bank_transactions_uk
2024-06-17,contactless aldi eggs 352588,21.03,groceries,simulated_bank_transactions_uk
2024-07-10,Subscription Netflix 239308,18.05,subscriptions,simulated_bank_transactions_uk
2024-02-15,card payment uber eats food delivery 126481,108.12,dining,simulated_bank_transactions_uk
2024-06-11,CONTACTLESS LIDL MILK 91572,122.79,groceries,simulated_bank_transactions_uk
2023-01-27,fuel/shell/bus/pass,113.13,transportation,simulated_bank_transactions_uk
2024-06-15,bacs utility bill british gas 340776,136.02,utilities,simulated_bank_transactions_uk
2023-02-01,CARD PAYMENT ALDI MILK 636852,148.75,groceries,simulated_bank_transactions_uk
2023-12-29,Pos Asda Bread,128.77,groceries,simulated_bank_transactions_uk
2024-07-08,Card Payment Hmrc Misc Expense,16.92,other,simulated_bank_transactions_uk
2024-01-30,sto pos waitrose eggs,85.16,groceries,simulated_bank_transactions_uk
2024-08-15,RENT*PMT*MORTGAGE 356612,1450.62,housing,simulated_bank_transactions_uk
2024-10-02,Card-Payment-Aldi-Bread 127608,137.26,groceries,simulated_bank_transactions_uk
2023-12-31,Pos*Purchase*Superdrug*Misc*Expense 587683,8.32,other,simulated_bank_transactions_uk
2024-11-18,Fuel Shell Uber Ride 7,87.61,transportation,simulated_bank_transactions_uk
2024-08-13,bacs/online/purchase/ebay/online/purchase 658409,125.5,other,simulated_bank_transactions_uk
2024-05-28,RESTAURANT KFC FOOD DELIVERY 394298,67.39,dining,simulated_bank_transactions_uk
2024-05-09,Food Delivery Costa Food Delivery 671831,75.39,dining,simulated_bank_transactions_uk
2023-11-15,card pmt waitrose chicken,4.69,groceries,simulated_bank_transactions_uk
2023-06-16,direct-debit-netflix 486037,12.14,subscriptions,simulated_bank_transactions_uk
2024-12-19,ONLINE/PURCHASE/NHS/MISC/EXPENSE 55823,5.54,other,simulated_bank_transactions_uk
2023-06-07,CONTACTLESS ASDA CHICKEN 233638,65.12,groceries,simulated_bank_transactions_uk
2023-07-19,Card Pmt Apple.com/bill,9.92,subscriptions,simulated_bank_transactions_uk
2023-05-19,Fuel-Tfl-Bus-Pass 769558,26.99,transportation,simulated_bank_transactions_uk
2023-09-29,card pmt sainsburys chicken 898653,131.12,groceries,simulated_bank_transactions_uk
2023-08-07,so contactless sainsburys vegetables 708255,10.67,groceries,simulated_bank_transactions_uk
2024-04-27,sto card pmt just eat food delivery,13.74,dining,simulated_bank_transactions_uk
2023-12-24,Restaurant/Greggs/Fast/Food 141343,79.76,dining,simulated_bank_transactions_uk
2023-09-19,card pmt starbucks restaurant 479641,108.3,dining,simulated_bank_transactions_uk
2024-12-08,CARD PMT GOOGLE *SERVICES 513977,8.72,subscriptions,simulated_bank_transactions_uk
2023-02-03,Utility Bill Thames Water,192.94,utilities,simulated_bank_transactions_uk
2024-08-29,Mortgage Payment Landlord 222044,1992.55,housing,simulated_bank_transactions_uk
2024-03-15,Fps Pos Purchase Boots Misc Expense 927911,141.65,other,simulated_bank_transactions_uk
2023-06-22,Fuel Bp Fuel 447574,102.04,transportation,simulated_bank_transactions_uk
2023-02-19,POS WAITROSE MILK 929167,84.49,groceries,simulated_bank_transactions_uk
2023-05-05,pos card payment nhs online purchase 607679,82.68,other,simulated_bank_transactions_uk
2023-08-24,rent payment landlord 751787,1594.64,housing,simulated_bank_transactions_uk
2023-07-06,Pos*Purchase*Boots*Online*Purchas,31.76,other,simulated_bank_transactions_uk
2024-06-04,Fuel Esso Bus Pass 303644,88.81,transportation,simulated_bank_transactions_uk
2023-05-19,FPS CARD PMT ARGOS MISC EXPENSE 601507,88.38,other,simulated_bank_transactions_uk
2023-08-15,sto pos lidl rice 451722,118.84,groceries,simulated_bank_transactions_uk
2023-12-16,Mastercard Card Pmt Tesco Eggs 148023,122.95,groceries,simulated_bank_transactions_uk
2024-12-18,Direct-Debit-Puregym 381447,29.06,subscriptions,simulated_bank_transactions_uk
2024-12-21,card card pmt spotify,35.85,subscriptions,simulated_bank_transactions_uk
2024-02-19,Contactless Food Delivery Costa Food Delivery 871456,18.84,dining,simulated_bank_transactions_uk
2024-01-03,Online Purchase Amazon Online Purchase 180243,145.13,other,simulated_bank_transactions_uk
2023-03-08,Pos Asda Eggs 504245,27.0,groceries,simulated_bank_transactions_uk
2023-01-07,utility bill thames water,204.37,utilities,simulated_bank_transactions_uk
2023-04-16,Card Payment Puregym 635777,14.59,subscriptions,simulated_bank_transactions_uk
2024-02-21,rent payment rent,1646.01,housing,simulated_bank_transactions_uk
2024-12-19,Online Purchase Argos Online Purchase,131.84,other,simulated_bank_transactions_uk
2023-04-15,Card Payment Lidl Vegetables 889036,92.84,groceries,simulated_bank_transactions_uk
2024-07-19,contactless fuel trainline uber ride 247847,121.25,transportation,simulated_bank_transactions_uk
2024-07-31,POS PURCHASE SUPERDRUG ONLINE PURCHASE,43.16,other,simulated_bank_transactions_uk
2023-12-27,CARD PMT BOLT BUS PASS,44.23,transportation,simulated_bank_transactions_uk
2024-11-27,Fps*Contactless*Tesco*Rice 4524,4.7,groceries,simulated_bank_transactions_uk
2024-05-28,Card Pmt Ebay Misc Expense,124.81,other,simulated_bank_transactions_uk
2024-12-09,pos sainsburys rice 202723,124.67,groceries,simulated_bank_transactions_uk
2024-03-18,FOOD-DELIVERY-KFC-FAST-FOOD 405897,53.05,dining,simulated_bank_transactions_uk
2024-07-13,Direct Debit Gym Group 315172,26.64,subscriptions,simulated_bank_transactions_uk
2023-02-11,ONLINE/PURCHASE/NHS/MISC/EXPENSE 104255,87.01,other,simulated_bank_transactions_uk
2023-10-08,CARD PMT NANDO'S FAST FOOD 3891,23.82,dining,simulated_bank_transactions_uk
2024-09-25,card payment sainsburys eggs 129717,24.03,groceries,simulated_bank_transactions_uk
2024-10-28,mortgage payment mortgage 8,1102.72,housing,simulated_bank_transactions_uk
2023-07-15,contactless restaurant mcdonalds fast food,29.33,dining,simulated_bank_transactions_uk
2024-09-11,bacs*rent*rent 757348,1653.85,housing,simulated_bank_transactions_uk
2023-07-19,contactless card pmt lidl chicken,121.54,groceries,simulated_bank_transactions_uk
2023-10-20,CONTACTLESS TESCO MILK,60.44,groceries,simulated_bank_transactions_uk
2024-10-07,FOOD DELIVERY NANDO'S RESTAURANT 939689,80.09,dining,simulated_bank_transactions_uk
2023-10-28,restaurant costa restau,72.0,dining,simulated_bank_transactions_uk
2023-01-15,mortgage payment landlord 354264,1048.24,housing,simulated_bank_transactions_uk
2024-02-02,Direct Debit Ee 987920,207.46,utilities,simulated_bank_transactions_uk
2024-02-01,CARD-PMT-MORRISONS-MILK 826443,114.51,groceries,simulated_bank_transactions_uk
2023-11-12,direct debit scottishpower,198.96,utilities,simulated_bank_transactions_uk
2024-02-14,Subscription Apple.com/bill 631685,33.28,subscriptions,simulated_bank_transactions_uk
2024-11-22,Direct Debit Apple.com/bill 271669,39.93,subscriptions,simulated_bank_transactions_uk
2023-05-08,FOOD-DELIVERY-JUST-EAT-FAST-FOOD,98.62,dining,simulated_bank_transactions_uk
2024-05-24,card*payment*uber*eats*fast*food,58.64,dining,simulated_bank_transactions_uk
2023-06-11,Rent Payment Letting Agent 607066,1013.49,housing,simulated_bank_transactions_uk
2024-05-24,Sto Pos Lidl Eggs 867023,123.81,groceries,simulated_bank_transactions_uk
2023-11-27,SO UTILITY BILL VODAFONE,236.32,utilities,simulated_bank_transactions_uk
2023-06-05,Bill*Payment*O2 467394,74.68,utilities,simulated_bank_transactions_uk
2023-01-01,Mastercard Fuel Bp Fuel 644594,125.18,transportation,simulated_bank_transactions_uk
2024-09-26,subscription-disney+ 500077,23.29,subscriptions,simulated_bank_transactions_uk
2024-04-08,TRANSPORT UBER FUEL 86482,132.15,transportation,simulated_bank_transactions_uk
2023-12-14,bill pmt bt 333725,216.83,utilities,simulated_bank_transactions_uk
2024-01-04,ONLINE PURCHASE CURRYS ONLINE PURCHASE,4.21,other,simulated_bank_transactions_uk
2023-07-12,BACS RENT RENT 669046,1674.56,housing,simulated_bank_transactions_uk
2024-02-28,Bacs Rent Rent 194789,1120.05,housing,simulated_bank_transactions_uk
2024-09-30,Contactless Iceland Eggs,93.06,groceries,simulated_bank_transactions_uk
2023-05-10,DIRECT/DEBIT/E.ON 181954,83.28,utilities,simulated_bank_transactions_uk
2023-05-31,So Mortgage Payment Letting Agent,719.28,housing,simulated_bank_transactions_uk
2023-08-20,Direct Debit Gym Group 704319,36.12,subscriptions,simulated_bank_transactions_uk
2024-12-16,BACS MORTGAGE RENT,988.03,housing,simulated_bank_transactions_uk
2024-07-05,visa-mortgage-pmt-mortgage 167616,643.36,housing,simulated_bank_transactions_uk
2023-09-29,online purchase currys misc expense 789358,78.26,other,simulated_bank_transactions_uk
2024-05-08,Visa/Bacs/Rent/Rent 622607,1489.25,housing,simulated_bank_transactions_uk
2023-02-16,Direct Debit Netflix,35.59,subscriptions,simulated_bank_transactions_uk
2023-04-28,POS PURCHASE CURRYS ONLINE PURCHASE 845301,17.21,other,simulated_bank_transactions_uk
2023-04-05,CARD/PMT/PRET/FOOD/DELIVERY 981032,24.65,dining,simulated_bank_transactions_uk
2024-11-28,UTILITY BILL BRITISH GA,154.49,utilities,simulated_bank_transactions_uk
2023-02-13,Visa Bacs Letting Agent Rent 257506,1514.4,housing,simulated_bank_transactions_uk
2023-11-15,DIRECT DEBIT CARD PMT BOOTS MISC EXPENSE 192934,25.14,other,simulated_bank_transactions_uk
2024-09-23,Bacs Direct Debit British Gas,131.9,utilities,simulated_bank_transactions_uk
2024-11-26,Pos Purchase Nhs Misc Expense 296143,122.18,other,simulated_bank_transactions_uk
2024-04-07,Card Pmt Bp Bus Pass 664361,77.08,transportation,simulated_bank_transactions_uk
2024-03-03,DIRECT DEBIT FUEL SHELL,130.43,transportation,simulated_bank_transactions_uk
2023-05-28,Bill*Payment*Octopus*Energy 39737,239.08,utilities,simulated_bank_transactions_uk
2023-11-15,Utility Bill Severn Trent,62.8,utilities,simulated_bank_transactions_uk
2023-11-26,TRANSPORT BP TRAIN TICKET 273293,21.85,transportation,simulated_bank_transactions_uk
2024-06-23,BILL PMT SKY 260806,227.79,utilities,simulated_bank_transactions_uk
2023-09-13,Pos Rent Payment Mortgage 980450,1063.57,housing,simulated_bank_transactions_uk
2024-07-21,Fuel Esso Bus Pass,56.73,transportation,simulated_bank_transactions_uk
2023-01-08,BACS RENT RENT 598812,1260.42,housing,simulated_bank_transactions_uk
2024-03-21,direct debit fuel bolt fuel 135280,61.32,transportation,simulated_bank_transactions_uk
2024-06-29,Card Payment Greggs Fast Food,107.16,dining,simulated_bank_transactions_uk
2024-05-27,Fps*Direct*Debit*Thames*Water,185.49,utilities,simulated_bank_transactions_uk
2023-05-13,Restaurant/Starbucks/Restaurant 978491,109.27,dining,simulated_bank_transactions_uk
2023-08-01,card payment lidl vegetables,72.48,groceries,simulated_bank_transactions_uk
2023-08-09,card contactless iceland vegetables 180410,126.77,groceries,simulated_bank_transactions_uk
2023-04-16,Rent-Payment-Mortgage 912540,1445.85,housing,simulated_bank_transactions_uk
2023-04-08,MASTERCARD*TRANSPORT*TRAINLINE*TRAIN*TICKET 925332,61.23,transportation,simulated_bank_transactions_uk
2023-03-26,Rent Payment Landlord 511622,1013.75,housing,simulated_bank_transactions_uk
2024-10-12,Pos Transport Bp,35.32,transportation,simulated_bank_transactions_uk
2024-02-01,CARD/CARD/PMT/CURRYS/ONLINE/PURCHASE 99392,5.24,other,simulated_bank_transactions_uk
2023-12-31,BACS CONTACTLESS ALDI EGGS 529202,138.53,groceries,simulated_bank_transactions_uk
2024-04-17,Bill Pmt Thames Water 907421,107.56,utilities,simulated_bank_transactions_uk
2023-08-07,Card Payment Esso Bus Pass 586094,139.94,transportation,simulated_bank_transactions_uk
2024-05-05,CARD PAYMENT ASDA CHICKEN 908204,119.97,groceries,simulated_bank_transactions_uk
2024-01-07,pos*waitrose*milk 79757,103.48,groceries,simulated_bank_transactions_uk
2024-08-17,UTILITY BILL VODAFONE,225.18,utilities,simulated_bank_transactions_uk
2024-09-22,card payment greggs restaurant,94.47,dining,simulated_bank_transactions_uk
2023-02-16,card payment kfc restaurant 983015,16.56,dining,simulated_bank_transactions_uk
2023-10-29,Bacs Mortgage Rent,1023.56,housing,simulated_bank_transactions_uk
2024-12-29,Transport/Esso/Fuel,56.55,transportation,simulated_bank_transactions_uk
2024-02-28,Direct Debit Gym Group,24.3,subscriptions,simulated_bank_transactions_uk
2023-04-05,Pos Bacs Rent Rent 350335,1332.89,housing,simulated_bank_transactions_uk
2023-02-24,POS PURCHASE AMAZON MISC EXPENSE 175434,78.23,other,simulated_bank_transactions_uk
2023-06-07,Rent Payment Mortgage 664053,1401.76,housing,simulated_bank_transactions_uk
2024-04-12,sto food delivery deliveroo food delivery 945622,40.5,dining,simulated_bank_transactions_uk
2024-05-17,Card Payment Mcdonalds Restaurant 585040,78.7,dining,simulated_bank_transactions_uk
2023-08-04,Transport-Shell-Uber-Ride 747113,143.03,transportation,simulated_bank_transactions_uk
2024-09-08,Utility Bill Scottishpower 9517,70.97,utilities,simulated_bank_transactions_uk
2024-03-25,TRANSPORT TFL BUS PASS 997401,84.84,transportation,simulated_bank_transactions_uk
2024-12-03,So Pos Asda Eggs 351485,69.22,groceries,simulated_bank_transactions_uk
2024-06-21,Pos Aldi Eggs 58919,110.58,groceries,simulated_bank_transactions_uk
2024-04-27,direct debit vodafone,98.12,utilities,simulated_bank_transactions_uk
2023-08-15,Fps-Bacs-Landlord-Rent 991444,1242.66,housing,simulated_bank_transactions_uk
2023-12-28,Restaurant Pret Fast Food 981673,63.44,dining,simulated_bank_transactions_uk
2024-04-05,Restaurant-Deliveroo-Restaurant,3.55,dining,simulated_bank_transactions_uk
2024-07-16,RESTAURANT-STARBUCKS-FOOD-DELIVERY,23.47,dining,simulated_bank_transactions_uk
2023-07-05,CARD PAYMENT AMAZON ONLINE PURCHASE,20.66,other,simulated_bank_transactions_uk
2023-08-06,Online Purchase Hmrc Online Purchase 48167,20.78,other,simulated_bank_transactions_uk
2024-07-04,Card Payment Currys Misc Expense 971650,130.19,other,simulated_bank_transactions_uk
2024-03-26,Utility-Bill-Ee 79433,87.55,utilities,simulated_bank_transactions_uk
2024-09-05,DIRECT DEBIT EE 691087,203.9,utilities,simulated_bank_transactions_uk
2024-01-04,utility bill scottishpower,229.39,utilities,simulated_bank_transactions_uk
2023-02-07,bacs rent rent 507442,1527.16,housing,simulated_bank_transactions_uk
2024-02-11,FOOD/DELIVERY/GREGGS/FAST/FOOD 848790,100.04,dining,simulated_bank_transactions_uk
2023-08-26,Contactless Pos Morrisons Eggs 704163,82.83,groceries,simulated_bank_transactions_uk
2024-10-31,Direct Debit Contactless Waitrose Bread 336373,32.75,groceries,simulated_bank_transactions_uk
2024-06-17,card*transport*bp*train*ticket,149.78,transportation,simulated_bank_transactions_uk
2024-07-29,visa pos purchase argos misc expense 908391,88.01,other,simulated_bank_transactions_uk
2024-11-04,Contactless Tesco Milk,145.09,groceries,simulated_bank_transactions_uk
2023-06-07,FUEL-NATIONAL-RAIL-FUEL,54.67,transportation,simulated_bank_transactions_uk
2024-02-03,Fuel Shell Train Ticket 372761,20.4,transportation,simulated_bank_transactions_uk
2024-04-30,Bacs Letting Agent Rent 783994,1555.09,housing,simulated_bank_transactions_uk
2024-12-28,Direct-Debit-Card-Payment-Currys-Online-Purchase 35,48.12,other,simulated_bank_transactions_uk
2024-06-25,Rent*Payment*Landlord,953.39,housing,simulated_bank_transactions_uk
2023-12-13,card pmt sainsburys milk 965913,104.33,groceries,simulated_bank_transactions_uk
2024-07-19,mastercard card pmt gym group,30.83,subscriptions,simulated_bank_transactions_uk
2023-09-22,visa online purchase hmrc misc expense 700244,87.19,other,simulated_bank_transactions_uk
2023-07-22,bill pmt e.on 890974,139.92,utilities,simulated_bank_transactions_uk
2024-02-24,POS WAITROSE BREAD,115.17,groceries,simulated_bank_transactions_uk
2024-05-15,DIRECT DEBIT BRITISH GAS 335763,139.24,utilities,simulated_bank_transactions_uk
2024-05-19,CARD PAYMENT DELIVEROO FAST FOOD 799854,65.87,dining,simulated_bank_transactions_uk
2023-08-03,VISA FOOD DELIVERY MCDONALDS FAST FOOD,56.82,dining,simulated_bank_transactions_uk
2023-11-13,Fps Card Payment Tfl Fuel,13.57,transportation,simulated_bank_transactions_uk
2024-09-01,Card-Payment-Waitrose-Rice 753182,40.76,groceries,simulated_bank_transactions_uk
2024-07-22,CARD PAYMENT SAINSBURYS CHICKEN 62714,53.87,groceries,simulated_bank_transactions_uk
2023-11-01,Card Payment Sainsburys Chicken,98.9,groceries,simulated_bank_transactions_uk
2023-07-16,Visa Direct Debit Scottishpower 323937,218.09,utilities,simulated_bank_transactions_uk
2024-02-20,DIRECT*DEBIT*SKY 785926,137.8,utilities,simulated_bank_transactions_uk
2023-02-03,pos lidl eggs 428604,130.29,groceries,simulated_bank_transactions_uk
2024-09-16,Card Payment Aldi Milk 54692,15.05,groceries,simulated_bank_transactions_uk
2023-01-01,Contactless*Asda*Eggs,48.27,groceries,simulated_bank_transactions_uk
2023-07-23,TRANSPORT TFL BUS PASS 325514,29.96,transportation,simulated_bank_transactions_uk
2023-06-10,Restaurant Uber Eats Fast Food 150289,76.41,dining,simulated_bank_transactions_uk
2024-08-22,Online-Purchase-Superdrug-Online-Purchase 939410,41.45,other,simulated_bank_transactions_uk
2024-06-21,direct debit amazon prime,35.24,subscriptions,simulated_bank_transactions_uk
2024-01-29,FOOD DELIVERY MCDONALDS RESTAURANT 939794,120.63,dining,simulated_bank_transactions_uk
2024-12-21,POS POS PURCHASE SUPERDRUG MISC EXPENSE,124.35,other,simulated_bank_transactions_uk
2024-11-05,CARD*PAYMENT*GYM*GROUP 843155,27.01,subscriptions,simulated_bank_transactions_uk
2024-05-07,Subscription*Amazon*Prime 348409,16.99,subscriptions,simulated_bank_transactions_uk
2024-08-09,card-bill-payment-o2,164.88,utilities,simulated_bank_transactions_uk
2024-02-01,food delivery pret fast fo,100.95,dining,simulated_bank_transactions_uk
2024-08-21,FOOD DELIVERY KFC RESTAURANT 446892,146.74,dining,simulated_bank_transactions_uk
2023-07-18,RENT PAYMENT RENT,1721.35,housing,simulated_bank_transactions_uk
2023-08-18,Restaurant Uber Eats Restaurant,66.56,dining,simulated_bank_transactions_uk
2024-02-01,RENT PAYMENT LETTING AGENT 5554,1312.48,housing,simulated_bank_transactions_uk
2023-10-01,CARD PAYMENT GOOGLE *SERVICES 228004,10.54,subscriptions,simulated_bank_transactions_uk
2024-10-23,FPS CARD PMT BOLT FUEL,18.22,transportation,simulated_bank_transactions_uk
2024-03-30,Transport National Rail Bus Pass,137.51,transportation,simulated_bank_transactions_uk
2024-04-23,sto subscription netflix,35.68,subscriptions,simulated_bank_transactions_uk
2023-12-10,Card Card Payment Aldi Milk 772521,20.0,groceries,simulated_bank_transactions_uk
2024-04-22,transport-esso-uber-ride 682993,125.53,transportation,simulated_bank_transactions_uk
2024-02-28,Rent Payment Rent 591673,1731.72,housing,simulated_bank_transactions_uk
2023-12-15,card contactless aldi chicken,65.33,groceries,simulated_bank_transactions_uk
2024-07-02,card payment deliveroo food delivery 593441,84.12,dining,simulated_bank_transactions_uk
2023-02-05,Online Purchase Superdrug Misc Expense 164706,113.89,other,simulated_bank_transactions_uk
2024-04-30,online-purchase-hmrc-misc-expense,102.01,other,simulated_bank_transactions_uk
2024-05-05,UTILITY-BILL-OCTOPUS-ENERGY 53641,246.99,utilities,simulated_bank_transactions_uk
2024-12-14,CARD PMT AMAZON MISC EXPENSE 994949,124.9,other,simulated_bank_transactions_uk
2023-02-22,DIRECT DEBIT SEVERN TRENT 221628,224.42,utilities,simulated_bank_transactions_uk
2024-05-19,bill payment ee,137.8,utilities,simulated_bank_transactions_uk
2023-12-26,Mortgage Pmt Landlord,1671.3,housing,simulated_bank_transactions_uk
2023-12-09,CARD PAYMENT SPOTIFY 811463,32.95,subscriptions,simulated_bank_transactions_uk
2024-09-25,Direct*Debit*Spotify 717624,18.55,subscriptions,simulated_bank_transactions_uk
2023-03-22,fuel esso bus pass 765212,145.95,transportation,simulated_bank_transactions_uk
2023-09-02,FUEL BP BUS PASS,126.77,transportation,simulated_bank_transactions_uk
2023-11-24,pos fuel tfl fuel 467155,136.35,transportation,simulated_bank_transactions_uk
2023-01-25,CARD RENT PAYMENT MORTGAGE 342241,781.59,housing,simulated_bank_transactions_uk
2024-05-22,POS PURCHASE BOOTS MISC EXPENSE,38.48,other,simulated_bank_transactions_uk
2024-06-20,utility bill o2 97874,90.04,utilities,simulated_bank_transactions_uk
2024-09-30,card pmt amazon prime,12.94,subscriptions,simulated_bank_transactions_uk
2023-08-31,FUEL-TFL-BUS-PASS 115157,132.0,transportation,simulated_bank_transactions_uk
2023-02-03,card pmt kfc fast food 615604,44.11,dining,simulated_bank_transactions_uk
2024-01-19,Card Payment Boots Misc Expense 147243,80.17,other,simulated_bank_transactions_uk
2024-02-17,Bill Pmt Octopus Energy 399129,147.41,utilities,simulated_bank_transactions_uk
2023-09-11,subscription netflix 136822,26.25,subscriptions,simulated_bank_transactions_uk
2024-06-21,RESTAURANT COSTA FOOD DELIVERY,58.83,dining,simulated_bank_transactions_uk
2023-01-30,Pos Asda Vegetables,138.06,groceries,simulated_bank_transactions_uk
2023-02-26,Card Restaurant Deliveroo Restaurant 569782,70.41,dining,simulated_bank_transactions_uk
2023-01-02,Pos Purchase Amazon Misc Expense 309086,15.84,other,simulated_bank_transactions_uk
2024-12-24,Bacs Letting Agent Rent 547742,1735.12,housing,simulated_bank_transactions_uk
2023-02-16,STO CARD PMT NATIONAL RAIL UBER RIDE,49.19,transportation,simulated_bank_transactions_uk
2024-06-12,Card/Pmt/Boots/Online/Purchase,62.92,other,simulated_bank_transactions_uk
2023-07-26,contactless utility bill severn trent 394206,125.01,utilities,simulated_bank_transactions_uk
2024-10-25,Sto Card Pmt Trainline Fuel 625162,71.69,transportation,simulated_bank_transactions_uk
2024-02-08,food-delivery-starbucks-fast-food 965506,104.67,dining,simulated_bank_transactions_uk
2023-09-11,POS PURCHASE BOOTS MISC EXPENSE,112.6,other,simulated_bank_transactions_uk
2024-08-07,UTILITY BILL SCOTTISHPOWER 93107,73.24,utilities,simulated_bank_transactions_uk
2023-05-31,Subscription/Netflix,16.75,subscriptions,simulated_bank_transactions_uk
2024-08-12,Direct-Debit-Online-Purchase-Boots-Online-Purchase 144213,107.18,other,simulated_bank_transactions_uk
2023-04-01,Fuel-Trainline-Uber-Ride,10.85,transportation,simulated_bank_transactions_uk
2024-03-22,Card Payment Morrisons Bread 744183,95.36,groceries,simulated_bank_transactions_uk
2023-04-23,Card/Pmt/Tesco/Rice,121.22,groceries,simulated_bank_transactions_uk
2024-06-14,Direct Debit Bacs Rent Rent 374018,1018.64,housing,simulated_bank_transactions_uk
2024-10-11,Transport Trainline Fuel 739,72.94,transportation,simulated_bank_transactions_uk
2023-08-30,Food Delivery Kfc Restaurant 373190,79.2,dining,simulated_bank_transactions_uk
2023-09-27,So Card Pmt Superdrug Online Purchase 529473,65.79,other,simulated_bank_transactions_uk
2024-04-02,fps fuel esso train ticket 82422,133.75,transportation,simulated_bank_transactions_uk
2024-04-29,Online Purchase Amazon Misc Expense,42.63,other,simulated_bank_transactions_uk
2023-12-19,MASTERCARD CARD PAYMENT SPOTIFY 579567,16.95,subscriptions,simulated_bank_transactions_uk
2024-04-23,Rent/Payment/Rent 357711,860.02,housing,simulated_bank_transactions_uk
2024-06-24,FPS CONTACTLESS MORRISONS VEGETABLES 919141,62.31,groceries,simulated_bank_transactions_uk
2024-04-26,restaurant deliveroo fast,66.61,dining,simulated_bank_transactions_uk
2024-12-17,Card/Payment/Iceland/Rice,15.52,groceries,simulated_bank_transactions_uk
2024-09-06,direct debit apple.com/bill 437943,37.95,subscriptions,simulated_bank_transactions_uk
2023-04-08,Utility Bill Vodafone,117.81,utilities,simulated_bank_transactions_uk
2023-05-11,Online Purchase Nhs Online Purchase 236489,86.79,other,simulated_bank_transactions_uk
2024-10-22,DIRECT-DEBIT-BRITISH-GAS 219732,110.06,utilities,simulated_bank_transactions_uk
2023-04-15,CARD PMT APPLE.COM/BILL 869361,38.6,subscriptions,simulated_bank_transactions_uk
2024-02-26,RENT PAYMENT MORTGAGE,947.84,housing,simulated_bank_transactions_uk
2024-06-01,Mastercard Card Payment Amazon Prime,37.08,subscriptions,simulated_bank_transactions_uk
2023-03-09,MASTERCARD POS PURCHASE NHS ONLINE PURCHASE 879572,74.92,other,simulated_bank_transactions_uk
2024-02-19,CARD PMT HMRC ONLINE PURCHASE 810196,95.31,other,simulated_bank_transactions_uk
2023-01-31,pos purchase argos misc expense 898996,20.51,other,simulated_bank_transactions_uk
2024-05-22,Card-Card-Pmt-Boots-Misc-Expense 838946,42.3,other,simulated_bank_transactions_uk
2024-07-04,Card Payment Asda Rice,80.57,groceries,simulated_bank_transactions_uk
2024-06-08,MORTGAGE PAYMENT MORTGAGE 111577,1623.05,housing,simulated_bank_transactions_uk
2023-12-26,Direct Debit Severn Trent,143.86,utilities,simulated_bank_transactions_uk
2023-12-03,card pmt costa restaurant,66.63,dining,simulated_bank_transactions_uk
2023-10-26,Mortgage Payment Rent 608403,610.13,housing,simulated_bank_transactions_uk
2024-06-10,TRANSPORT NATIONAL RAIL TRAIN TICKET,73.44,transportation,simulated_bank_transactions_uk
2023-05-01,mastercard contactless asda chicken 651690,4.45,groceries,simulated_bank_transactions_uk
2024-06-02,CARD PMT AMAZON MISC EXPENSE,84.45,other,simulated_bank_transactions_uk
2023-03-26,Utility/Bill/E.on,86.39,utilities,simulated_bank_transactions_uk
2023-11-30,food*delivery*costa*fast*food,112.4,dining,simulated_bank_transactions_uk
2023-02-12,bacs letting agent rent 135698,1991.39,housing,simulated_bank_transactions_uk
2024-08-24,Fps Card Payment Netflix 493764,36.54,subscriptions,simulated_bank_transactions_uk
2024-10-02,direct debit e.on 393716,70.96,utilities,simulated_bank_transactions_uk
2024-01-16,POS SAINSBURYS RICE 172925,95.07,groceries,simulated_bank_transactions_uk
2023-12-17,Card Pmt Nando's Restaurant 702466,127.18,dining,simulated_bank_transactions_uk
2023-05-08,UTILITY-BILL-OCTOPUS-ENERGY 243191,201.87,utilities,simulated_bank_transactions_uk
2024-10-26,bacs mortgage rent,1766.77,housing,simulated_bank_transactions_uk
2024-09-04,direct debit card pmt waitrose bread 611909,92.24,groceries,simulated_bank_transactions_uk
2024-09-06,Rent Pmt Letting Agent 511307,906.52,housing,simulated_bank_transactions_uk
2024-01-02,sto/pos/purchase/ebay/online/purchase 418962,136.81,other,simulated_bank_transactions_uk
2023-01-04,CARD-PMT-NHS-MISC-EXPENSE,54.84,other,simulated_bank_transactions_uk
2023-05-01,pos bill pmt bt,171.39,utilities,simulated_bank_transactions_uk
2023-03-03,Visa Card Payment Amazon Misc Expense,43.45,other,simulated_bank_transactions_uk
2023-08-02,Online Purchase Hmrc Online Purchase 601595,103.34,other,simulated_bank_transactions_uk
2024-10-05,bill-payment-ee,220.6,utilities,simulated_bank_transactions_uk
2023-12-01,Subscription Apple.,24.54,subscriptions,simulated_bank_transactions_uk
2023-07-25,POS LIDL MILK 627754,45.95,groceries,simulated_bank_transactions_uk
2023-05-24,contactless morrisons vegetables 290230,142.26,groceries,simulated_bank_transactions_uk
2024-01-29,Mortgage Payment Rent 940030,1570.01,housing,simulated_bank_transactions_uk
2024-06-25,Direct Debit Netflix 333095,6.94,subscriptions,simulated_bank_transactions_uk
2023-02-03,Pos-Purchase-Amazon-Online-Purchase 788809,117.92,other,simulated_bank_transactions_uk
2023-12-21,Card Pmt Gym Group,6.96,subscriptions,simulated_bank_transactions_uk
2023-08-11,CARD PAYMENT TFL BUS PASS,107.2,transportation,simulated_bank_transactions_uk
2024-09-06,Subscription*Puregym 796499,33.86,subscriptions,simulated_bank_transactions_uk
2024-06-22,CONTACTLESS-CARD-PAYMENT-STARBUCKS-RESTAURANT,89.28,dining,simulated_bank_transactions_uk
2024-10-15,Bacs*Mortgage*Rent,1603.37,housing,simulated_bank_transactions_uk
2024-01-19,POS MORTGAGE PMT RENT 881901,1761.81,housing,simulated_bank_transactions_uk
2024-05-12,Card Payment Superdrug Online Purchase,81.76,other,simulated_bank_transactions_uk
2024-03-23,DIRECT DEBIT SEVERN TRENT,221.47,utilities,simulated_bank_transactions_uk
2023-04-11,Fuel Esso Train Ticket,89.27,transportation,simulated_bank_transactions_uk
2024-10-24,Pos Card Payment Puregym,17.68,subscriptions,simulated_bank_transactions_uk
2024-06-24,Food Delivery Costa Food Delivery,64.56,dining,simulated_bank_transactions_uk
2023-12-13,online purchase amazon online purchase 217682,52.47,other,simulated_bank_transactions_uk
2023-05-07,Subscription Netflix,37.79,subscriptions,simulated_bank_transactions_uk
2024-09-27,SUBSCRIPTION GOOGLE *SERVICES 416359,34.83,subscriptions,simulated_bank_transactions_uk
2024-05-28,So Card Payment Bp Bus Pass 111082,41.48,transportation,simulated_bank_transactions_uk
2023-12-13,card pmt kfc fast food 561322,18.19,dining,simulated_bank_transactions_uk
2024-06-08,pos*sainsburys*vegetables,115.04,groceries,simulated_bank_transactions_uk
2024-12-31,Subscription Gym Group 333679,9.03,subscriptions,simulated_bank_transactions_uk
2024-06-06,Online Purchase Hmrc Misc Expense 777949,111.35,other,simulated_bank_transactions_uk
2024-12-29,Subscription Spotify 956605,15.08,subscriptions,simulated_bank_transactions_uk
2023-12-07,CONTACTLESS TRANSPORT BOLT UBER RIDE,37.89,transportation,simulated_bank_transactions_uk
2024-02-27,Contactless Morrisons Rice 825328,140.12,groceries,simulated_bank_transactions_uk
2024-12-15,subscription netflix 13371,17.33,subscriptions,simulated_bank_transactions_uk
2023-12-07,POS PURCHASE CURRYS ONLINE PURCHASE,57.14,other,simulated_bank_transactions_uk
2024-12-29,SUBSCRIPTION NETFLIX 374690,7.17,subscriptions,simulated_bank_transactions_uk
2023-11-04,POS BILL PAYMENT SKY 321569,200.71,utilities,simulated_bank_transactions_uk
2024-05-19,Food Delivery Pret Fast Food 740654,95.26,dining,simulated_bank_transactions_uk
2023-07-04,Pos/Transport/Uber/Bus/Pass 807029,87.44,transportation,simulated_bank_transactions_uk
2023-05-01,FPS CARD PAYMENT SHELL BUS PASS,132.27,transportation,simulated_bank_transactions_uk
2023-10-23,bill payment thames water 955151,62.64,utilities,simulated_bank_transactions_uk
2023-02-09,Direct-Debit-Bacs-Letting-Agent-Rent,1257.91,housing,simulated_bank_transactions_uk
2023-10-19,Card Payment Morrisons Rice 155164,12.13,groceries,simulated_bank_transactions_uk
2024-09-06,Online-Purchase-Boots-Misc-Expense 478890,134.23,other,simulated_bank_transactions_uk
2024-03-02,SO CARD PAYMENT SHELL BUS PASS 668085,86.67,transportation,simulated_bank_transactions_uk
2023-04-19,Restaurant/Pret/Fast/Food,138.54,dining,simulated_bank_transactions_uk
2024-11-25,food delivery pret fast food,22.49,dining,simulated_bank_transactions_uk
2024-05-15,Subscription Amazon Prime 275459,28.06,subscriptions,simulated_bank_transactions_uk
2024-08-23,Card Payment Sainsburys Bread 686832,51.49,groceries,simulated_bank_transactions_uk
2024-04-06,Card-Direct-Debit-Ee 241584,234.63,utilities,simulated_bank_transactions_uk
2023-01-22,food delivery uber eats fast food,41.74,dining,simulated_bank_transactions_uk
2023-06-08,Fps/Card/Pmt/Just/Eat/Fast/Food,21.22,dining,simulated_bank_transactions_uk
2024-11-26,Pos Purchase Ebay Online Purchase,75.15,other,simulated_bank_transactions_uk
2023-03-06,CARD PAYMENT DELIVEROO FAST FOOD 805461,55.99,dining,simulated_bank_transactions_uk
2024-12-11,CARD PAYMENT BP BUS PASS,142.42,transportation,simulated_bank_transactions_uk
2024-10-14,Mastercard Rent Pmt Mortgage 1,1295.01,housing,simulated_bank_transactions_uk
2023-10-17,POS PURCHASE CURRYS ONLINE PURCHASE 192304,11.21,other,simulated_bank_transactions_uk
2023-10-24,FUEL SHELL BUS PASS,84.69,transportation,simulated_bank_transactions_uk
2023-12-11,Transport Shell Bus Pass 964113,94.51,transportation,simulated_bank_transactions_uk
2023-07-11,card/pmt/boots/misc/expense,138.77,other,simulated_bank_transactions_uk
2024-11-10,Contactless Card Payment Sainsburys Rice 233319,148.84,groceries,simulated_bank_transactions_uk
2024-11-04,DIRECT DEBIT BRITISH GAS,243.42,utilities,simulated_bank_transactions_uk
2024-02-29,pos-card-pmt-uber-eats-food-delivery,145.67,dining,simulated_bank_transactions_uk
2024-09-19,restaurant*nando's*food*delivery 631693,10.93,dining,simulated_bank_transactions_uk
2024-08-17,card payment national rail uber ride,47.32,transportation,simulated_bank_transactions_uk
2023-02-22,pos lidl milk,76.9,groceries,simulated_bank_transactions_uk
2023-04-01,TRANSPORT/BP/TRAIN/TICKET,14.68,transportation,simulated_bank_transactions_uk
2024-07-26,fps fuel esso bus pass 853561,103.03,transportation,simulated_bank_transactions_uk
2024-08-15,Fuel Tfl Train Ticket 682884,16.74,transportation,simulated_bank_transactions_uk
2024-02-05,MASTERCARD FOOD DELIVERY JUST EAT FOOD DELIVERY 258831,37.03,dining,simulated_bank_transactions_uk
2024-09-22,Direct Debit Netflix 925308,32.25,subscriptions,simulated_bank_transactions_uk
2024-03-06,Mortgage Pmt Letting Agent 536587,1535.52,housing,simulated_bank_transactions_uk
2024-06-14,Pos Waitrose Chicken 803375,87.64,groceries,simulated_bank_transactions_uk
2023-04-01,sto/card/pmt/amazon/prime 363450,28.77,subscriptions,simulated_bank_transactions_uk
2024-07-19,pos-card-payment-morrisons-eggs 64962,57.66,groceries,simulated_bank_transactions_uk
2023-07-29,Utility Bill Octopus Energ,111.27,utilities,simulated_bank_transactions_uk
2023-02-03,bill pmt e.on 470694,92.71,utilities,simulated_bank_transactions_uk
2023-09-01,SUBSCRIPTION SPOTIFY 909066,28.73,subscriptions,simulated_bank_transactions_uk
2024-05-26,bacs landlord rent 961036,1206.8,housing,simulated_bank_transactions_uk
2024-11-16,Card Subscription Puregym 129290,5.09,subscriptions,simulated_bank_transactions_uk
2023-03-06,Bill/Pmt/Severn/Trent 77,237.6,utilities,simulated_bank_transactions_uk
2023-10-18,Direct Debit Puregym,23.49,subscriptions,simulated_bank_transactions_uk
2024-02-27,card pmt kfc food delive,17.6,dining,simulated_bank_transactions_uk
2023-09-12,card online purchase argos misc expense 868672,66.54,other,simulated_bank_transactions_uk
2023-01-09,MORTGAGE PAYMENT LANDLORD 294256,1726.14,housing,simulated_bank_transactions_uk
2023-07-10,Card Pmt Google *services 269095,29.48,subscriptions,simulated_bank_transactions_uk
2024-02-19,Card Card Pmt Uber Train Ticket 179934,112.2,transportation,simulated_bank_transactions_uk
2023-06-02,CARD PAYMENT KFC FAST FOOD 574890,73.67,dining,simulated_bank_transactions_uk
2023-09-21,RENT/PMT/RENT,1787.52,housing,simulated_bank_transactions_uk
2024-12-01,card/payment/uber/eats/food/delivery 491380,85.14,dining,simulated_bank_transactions_uk
2024-09-05,Pos Purchase Amazon Online Purchase 844954,114.96,other,simulated_bank_transactions_uk
2024-03-28,pos purchase argos misc expense 784408,62.75,other,simulated_bank_transactions_uk
2024-12-10,direct debit puregym,8.25,subscriptions,simulated_bank_transactions_uk
2023-10-07,SUBSCRIPTION APPLE.COM/BILL 857598,34.92,subscriptions,simulated_bank_transactions_uk
2024-04-01,Sto Direct Debit Netflix 114336,18.59,subscriptions,simulated_bank_transactions_uk
2024-01-29,Bacs Letting Agent Rent 885859,1929.82,housing,simulated_bank_transactions_uk
2024-08-05,online purchase hmrc online purchase 679518,147.47,other,simulated_bank_transactions_uk
2023-12-01,subscription/google/*services 237705,8.21,subscriptions,simulated_bank_transactions_uk
2024-10-31,CARD PMT SHELL FUEL 313743,62.3,transportation,simulated_bank_transactions_uk
2023-06-06,utility bill severn trent 495169,32.25,utilities,simulated_bank_transactions_uk
2023-01-12,so mortgage pmt letting agent 13372,1416.67,housing,simulated_bank_transactions_uk
2024-08-26,So Online Purchase Argos Misc Expense 460894,42.44,other,simulated_bank_transactions_uk
2024-06-15,card payment just eat fast food 65518,64.49,dining,simulated_bank_transactions_uk
2024-07-04,card payment icela,100.21,groceries,simulated_bank_transactions_uk
2023-09-06,Utility Bill Ee,203.95,utilities,simulated_bank_transactions_uk
2023-05-21,STO BACS MORTGAGE RENT,1384.26,housing,simulated_bank_transactions_uk
2024-05-12,bill pmt e.on 179946,75.71,utilities,simulated_bank_transactions_uk
2024-12-30,BACS MORTGAGE PMT RENT 246455,1141.53,housing,simulated_bank_transactions_uk
2024-05-18,Contactless Asda Bread,78.66,groceries,simulated_bank_transactions_uk
2023-09-08,BACS*CARD*PAYMENT*TFL*BUS*PASS,75.88,transportation,simulated_bank_transactions_uk
2023-12-02,CARD PMT ICELAND EGGS 410446,118.72,groceries,simulated_bank_transactions_uk
2023-11-30,Card Pmt Google *services 896738,36.97,subscriptions,simulated_bank_transactions_uk
2024-11-13,MORTGAGE PMT MORTGAGE 597555,1512.42,housing,simulated_bank_transactions_uk
2024-04-16,ONLINE-PURCHASE-EBAY-MISC-EXPENSE 376333,124.37,other,simulated_bank_transactions_uk
2023-12-28,CARD PAYMENT SPOTIFY 466424,5.07,subscriptions,simulated_bank_transactions_uk
2023-05-15,FUEL NATIONAL RAIL UBER RIDE 293024,127.91,transportation,simulated_bank_transactions_uk
2024-10-29,Card Pmt Nando's Food Delivery 162480,113.05,dining,simulated_bank_transactions_uk
2024-09-08,Card-Pmt-Greggs-Fast-Foo,96.95,dining,simulated_bank_transactions_uk
2023-08-18,Direct Debit Transport Bolt Train Ticket 757555,145.31,transportation,simulated_bank_transactions_uk
2023-09-19,So Utility Bill British Gas 108681,120.44,utilities,simulated_bank_transactions_uk
2023-09-15,card payment greggs fast food,31.35,dining,simulated_bank_transactions_uk
2023-03-04,card online purchase boots misc expen,29.1,other,simulated_bank_transactions_uk
2024-12-02,card payment shell train ticket,15.9,transportation,simulated_bank_transactions_uk
2023-04-13,SUBSCRIPTION GYM GROUP 426503,20.96,subscriptions,simulated_bank_transactions_uk
2023-09-13,card payment boots misc expense 15590,23.18,other,simulated_bank_transactions_uk
2023-04-05,Transport-Tfl-Uber-Ride 10047,95.84,transportation,simulated_bank_transactions_uk
2023-01-23,Direct Debit Amazon Prime,38.04,subscriptions,simulated_bank_transactions_uk
2024-10-04,Online-Purchase-Boots-Misc-Expense 694450,63.1,other,simulated_bank_transactions_uk
2024-07-14,Contactless Iceland Bread 88331,35.9,groceries,simulated_bank_transactions_uk
2024-10-02,card pmt trainline uber ride 452238,82.88,transportation,simulated_bank_transactions_uk
2023-07-10,fuel trainline train ticket,137.13,transportation,simulated_bank_transactions_uk
2023-07-29,mortgage pmt landlord 452149,1175.06,housing,simulated_bank_transactions_uk
2023-02-18,direct debit vodafone,182.2,utilities,simulated_bank_transactions_uk
2023-07-29,Card Pmt Boots Misc Expense 811114,21.94,other,simulated_bank_transactions_uk
2024-06-01,Subscription Apple.com/bill 839373,6.42,subscriptions,simulated_bank_transactions_uk
2023-02-09,direct/debit/subscription/amazon/prime 311186,22.19,subscriptions,simulated_bank_transactions_uk
2023-03-25,Visa Transport Trainline Train Ticket 662553,21.66,transportation,simulated_bank_transactions_uk
2024-11-01,Card Payment Puregym,36.51,subscriptions,simulated_bank_transactions_uk
2024-02-21,online purchase ebay misc expense 938729,88.32,other,simulated_bank_transactions_uk
2023-05-16,FUEL NATIONAL RAIL UB,52.06,transportation,simulated_bank_transactions_uk
2023-12-26,Card Card Payment Nando's Restaurant 355723,106.38,dining,simulated_bank_transactions_uk
2023-10-24,mastercard direct debit gym group,38.51,subscriptions,simulated_bank_transactions_uk
2023-07-18,direct debit british gas,140.84,utilities,simulated_bank_transactions_uk
2023-01-07,Pos Lidl Eggs 23701,141.5,groceries,simulated_bank_transactions_uk
2024-01-11,Mortgage Payment Rent,1855.59,housing,simulated_bank_transactions_uk
2023-03-20,fps card payment lidl bread,8.9,groceries,simulated_bank_transactions_uk
2023-05-24,Bacs Contactless Waitrose Chicken 533545,113.42,groceries,simulated_bank_transactions_uk
2024-04-11,Pos Sainsburys Rice 900804,83.81,groceries,simulated_bank_transactions_uk
2023-07-25,CONTACTLESS FUEL TRAINLINE BUS PASS 836836,121.13,transportation,simulated_bank_transactions_uk
2024-04-02,Pos*Pos*Purchase*Superdrug*Misc*Expense 839968,19.2,other,simulated_bank_transactions_uk
2024-09-16,bill-payment-severn-trent,84.08,utilities,simulated_bank_transactions_uk
2023-07-03,bill payment scottishpower 448861,205.97,utilities,simulated_bank_transactions_uk
2024-02-12,food delivery mcdonalds fast food 281291,63.45,dining,simulated_bank_transactions_uk
2023-07-26,Pos Purchase Nhs Online Purchase 769402,28.8,other,simulated_bank_transactions_uk
2023-12-31,Restaurant Kfc Restaurant 335460,135.94,dining,simulated_bank_transactions_uk
2023-05-30,card payment trainline uber ride,64.52,transportation,simulated_bank_transactions_uk
2023-12-13,fuel esso fuel,50.9,transportation,simulated_bank_transactions_uk
2023-02-25,DIRECT DEBIT SEVERN TRENT,60.55,utilities,simulated_bank_transactions_uk
2023-02-28,BACS*LETTING*AGENT*RENT 577659,1848.31,housing,simulated_bank_transactions_uk
2023-01-08,CARD-DIRECT-DEBIT-E.ON 224724,54.8,utilities,simulated_bank_transactions_uk
2023-02-12,Transport Uber Fuel,83.83,transportation,simulated_bank_transactions_uk
2024-04-18,Fps Food Delivery Nando's Food Delivery,3.4,dining,simulated_bank_transactions_uk
2023-03-27,pos-sainsburys-milk,145.81,groceries,simulated_bank_transactions_uk
2024-12-05,VISA*RENT*PAYMENT*RENT 238743,1235.1,housing,simulated_bank_transactions_uk
2024-01-09,Subscription Gym Group,39.01,subscriptions,simulated_bank_transactions_uk
2023-08-24,Online Purchase Nhs Online Purchase 397012,87.43,other,simulated_bank_transactions_uk
2024-01-15,Sto Card Payment Ebay Online Purchase,5.45,other,simulated_bank_transactions_uk
2024-12-18,CARD PMT TFL BUS PASS 86033,110.91,transportation,simulated_bank_transactions_uk
2024-03-04,Sto Fuel Bolt Uber Ride 510238,131.02,transportation,simulated_bank_transactions_uk
2024-03-28,CARD PMT TFL FUEL 969532,123.2,transportation,simulated_bank_transactions_uk
2024-12-24,Mastercard Subscription Amazon Prime 362959,35.12,subscriptions,simulated_bank_transactions_uk
2024-02-10,DIRECT-DEBIT-CARD-PAYMENT-DISNEY+,14.5,subscriptions,simulated_bank_transactions_uk
2023-12-09,Bacs Landlord Rent 391624,1339.65,housing,simulated_bank_transactions_uk
2023-05-27,Rent Payment Rent 542153,1402.95,housing,simulated_bank_transactions_uk
2024-10-30,rent pmt mortgage 769004,1798.67,housing,simulated_bank_transactions_uk
2024-07-11,CONTACTLESS LIDL EGGS,107.38,groceries,simulated_bank_transactions_uk
2024-09-13,Direct Debit Disney+ 337121,8.45,subscriptions,simulated_bank_transactions_uk
2023-09-11,bill/payment/british/gas 798243,200.43,utilities,simulated_bank_transactions_uk
2023-11-20,Direct Debit O2 35282,82.39,utilities,simulated_bank_transactions_uk
2024-12-17,restaurant costa food delivery 864445,116.52,dining,simulated_bank_transactions_uk
2023-02-24,transport tfl train ticket 599422,71.42,transportation,simulated_bank_transactions_uk
2023-10-16,Card-Card-Pmt-Asda-Chicken 2,123.49,groceries,simulated_bank_transactions_uk
2023-09-27,Pos*Aldi*Rice 427059,116.35,groceries,simulated_bank_transactions_uk
2024-10-24,Pos Direct Debit Thames Water 375068,37.26,utilities,simulated_bank_transactions_uk
2023-10-04,DIRECT DEBIT E.ON,32.36,utilities,simulated_bank_transactions_uk
2023-07-08,Restaurant*Costa*Restaurant 830093,19.36,dining,simulated_bank_transactions_uk
2024-11-27,Card Payment Trainline Train Ticket 904708,84.11,transportation,simulated_bank_transactions_uk
2024-10-04,card pmt hmrc online purchase 881968,129.8,other,simulated_bank_transactions_uk
2024-10-19,Pos Purchase Amazon Misc Expens,16.6,other,simulated_bank_transactions_uk
2023-04-22,Pos Purchase Hmrc Misc Expense 334488,58.96,other,simulated_bank_transactions_uk
2024-01-19,Card Pmt Pret Fast Food,91.95,dining,simulated_bank_transactions_uk
2024-05-20,CONTACTLESS SAINSBURYS EGGS,91.83,groceries,simulated_bank_transactions_uk
2023-09-02,Mortgage Payment Landlord,1683.92,housing,simulated_bank_transactions_uk
2023-02-28,pos waitrose vegetables,13.17,groceries,simulated_bank_transactions_uk
2024-08-26,Bacs Mortgage Rent 637408,1849.47,housing,simulated_bank_transactions_uk
2024-07-15,CARD PMT WAITROSE RICE 695634,92.17,groceries,simulated_bank_transactions_uk
2024-08-25,Card*Utility*Bill*E.on 444205,46.2,utilities,simulated_bank_transactions_uk
2024-06-15,Direct Debit E.on 234605,139.9,utilities,simulated_bank_transactions_uk
2023-02-14,card pmt disney+,30.29,subscriptions,simulated_bank_transactions_uk
2024-10-06,Sto Food Delivery Costa Fast Food,106.52,dining,simulated_bank_transactions_uk
2023-12-09,Card-Pmt-Esso-Bus-Pass 773544,124.72,transportation,simulated_bank_transactions_uk
2023-01-22,Card Pmt Spotify 6216,17.9,subscriptions,simulated_bank_transactions_uk
2024-01-13,Rent Pmt Mortgage 768040,1986.66,housing,simulated_bank_transactions_uk
2023-07-04,pos*pos*waitrose*chicken 910379,41.36,groceries,simulated_bank_transactions_uk
2024-10-25,Pos Purchase Nhs Online Purchase 263535,71.94,other,simulated_bank_transactions_uk
2023-07-06,Transport-National-Rail-Fuel 413485,24.64,transportation,simulated_bank_transactions_uk
2023-06-13,So Restaurant Greggs Restaurant 629224,88.4,dining,simulated_bank_transactions_uk
2024-10-08,card-payment-deliveroo-restaurant 140851,114.73,dining,simulated_bank_transactions_uk
2023-03-08,Bacs Mortgage Rent 205966,1746.72,housing,simulated_bank_transactions_uk
2023-01-21,Contactless Card Payment Tesco Chicken,67.11,groceries,simulated_bank_transactions_uk
2023-08-14,Bacs Rent Rent 334250,1448.91,housing,simulated_bank_transactions_uk
2023-03-11,FOOD DELIVERY JUST EAT RESTAURANT,89.38,dining,simulated_bank_transactions_uk
2024-07-23,Card*Payment*Netflix,5.12,subscriptions,simulated_bank_transactions_uk
2023-02-20,Contactless Contactless Lidl Vegetables 892822,71.7,groceries,simulated_bank_transactions_uk
2024-05-26,BACS POS PURCHASE ARGOS ONLINE PURCHASE 529857,149.22,other,simulated_bank_transactions_uk
2023-12-19,mortgage payment mortgage,1338.33,housing,simulated_bank_transactions_uk
2024-05-17,Sto Pos Purchase Argos Misc Expense,71.35,other,simulated_bank_transactions_uk
2023-03-28,CARD PMT SUPERDRUG MISC EXPENSE,118.38,other,simulated_bank_transactions_uk
2024-01-30,Card/Pmt/Trainline/Fuel,22.72,transportation,simulated_bank_transactions_uk
2024-07-30,card pmt apple.com/bill,8.52,subscriptions,simulated_bank_transactions_uk
2024-09-06,Card Pmt Uber Fuel 591209,98.18,transportation,simulated_bank_transactions_uk
2024-05-17,Food Delivery Greggs Fast Food,66.8,dining,simulated_bank_transactions_uk
2024-08-31,FOOD DELIVERY UBER EATS RESTAURANT 935073,96.45,dining,simulated_bank_transactions_uk
2024-07-30,pos card payment bolt fuel,105.22,transportation,simulated_bank_transactions_uk
2023-06-02,BACS LETTING AGENT RENT 608739,1744.41,housing,simulated_bank_transactions_uk
2023-05-04,CONTACTLESS LIDL EGGS 294349,130.2,groceries,simulated_bank_transactions_uk
2024-08-05,DIRECT DEBIT O2 520262,218.21,utilities,simulated_bank_transactions_uk
2024-11-17,Rent Pmt Rent 476373,1622.85,housing,simulated_bank_transactions_uk
2024-01-01,Contactless Card Pmt Spotify 892929,6.7,subscriptions,simulated_bank_transactions_uk
2023-09-30,So-Contactless-Morrisons-Rice 546685,71.65,groceries,simulated_bank_transactions_uk
2023-07-13,Online Purchase Nhs Misc Expense 326956,96.93,other,simulated_bank_transactions_uk
2023-04-26,contactless fuel tfl uber ride 506434,84.0,transportation,simulated_bank_transactions_uk
2024-06-05,card pmt pret food delivery 933080,76.01,dining,simulated_bank_transactions_uk
2024-09-13,FOOD-DELIVERY-MCDONALDS-FAST-FOOD 409433,76.37,dining,simulated_bank_transactions_uk
2024-09-29,utility-bill-vodafone 716822,165.13,utilities,simulated_bank_transactions_uk
2024-07-03,STO RENT PMT LANDLORD 614258,1029.65,housing,simulated_bank_transactions_uk
2024-04-25,Mastercard-Utility-Bill-B,157.31,utilities,simulated_bank_transactions_uk
2023-05-29,online purchase nhs online purchase 746665,29.08,other,simulated_bank_transactions_uk
2024-09-18,Pos Purchase Argos Online Purchase 712601,126.83,other,simulated_bank_transactions_uk
2024-03-12,utility*bill*octopus*energy 36148,226.25,utilities,simulated_bank_transactions_uk
2023-04-25,mortgage pmt letting agent 44888,1733.8,housing,simulated_bank_transactions_uk
2024-08-12,subscription apple.com/bill 720203,38.68,subscriptions,simulated_bank_transactions_uk
2023-08-06,visa utility bill bt 495209,179.21,utilities,simulated_bank_transactions_uk
2024-07-24,Bacs Rent Rent 168344,1377.16,housing,simulated_bank_transactions_uk
2023-05-16,UTILITY BILL E.ON 918858,116.53,utilities,simulated_bank_transactions_uk
2023-08-26,Direct Debit Spotify 82322,21.71,subscriptions,simulated_bank_transactions_uk
2024-12-07,MASTERCARD BILL PAYMENT OCTOPUS ENERGY 792582,69.15,utilities,simulated_bank_transactions_uk
2024-07-16,Direct Debit British Gas,178.62,utilities,simulated_bank_transactions_uk
2023-05-07,food-delivery-just-eat-fast-food 31525,73.57,dining,simulated_bank_transactions_uk
2024-02-17,POS/ICELAND/BREAD 634404,85.1,groceries,simulated_bank_transactions_uk
2024-01-13,Card Payment Disney+,15.16,subscriptions,simulated_bank_transactions_uk
2023-06-19,pos tesco rice 499351,36.92,groceries,simulated_bank_transactions_uk
2023-08-15,Card Payment Argos Online Purchase 728133,23.2,other,simulated_bank_transactions_uk
2024-06-06,CONTACTLESS SAINSBURYS RICE 503095,97.78,groceries,simulated_bank_transactions_uk
2023-01-09,Restaurant/Pret/Fast/Food 295804,136.13,dining,simulated_bank_transactions_uk
2023-10-11,Online Purchase Argos Online Purchase 677232,86.45,other,simulated_bank_transactions_uk
2024-10-25,Rent Pmt Landlord 441019,1661.25,housing,simulated_bank_transactions_uk
2024-05-08,Pos Morrisons Eggs,50.87,groceries,simulated_bank_transactions_uk
2024-07-30,bacs/rent/pmt/rent,1693.36,housing,simulated_bank_transactions_uk
2023-03-17,Contactless Sainsburys Rice 565828,47.2,groceries,simulated_bank_transactions_uk
2023-07-31,Utility Bill Bt 589842,170.96,utilities,simulated_bank_transactions_uk
2024-12-13,TRANSPORT NATIONAL RAIL TRAIN TICKET 124218,76.93,transportation,simulated_bank_transactions_uk
2024-05-21,Pos Waitrose Milk 738775,104.42,groceries,simulated_bank_transactions_uk
2023-05-25,Transport Uber Uber Ride 540904,128.99,transportation,simulated_bank_transactions_uk
2023-10-06,restaurant starbucks restaurant 228569,10.37,dining,simulated_bank_transactions_uk
2024-08-28,Subscription Puregym,11.58,subscriptions,simulated_bank_transactions_uk
2024-03-03,Mortgage Pmt Letting Agent 489803,1093.27,housing,simulated_bank_transactions_uk
2024-02-21,CONTACTLESS UTILITY BILL VODAFONE,156.86,utilities,simulated_bank_transactions_uk
2023-01-05,subscription amazon prime,32.68,subscriptions,simulated_bank_transactions_uk
2024-02-14,bacs card pmt amazon misc expense 425129,50.7,other,simulated_bank_transactions_uk
2024-10-20,DIRECT DEBIT GOOGLE *SERVICES,37.3,subscriptions,simulated_bank_transactions_uk
2023-03-03,TRANSPORT-ESSO-BUS-PASS 929653,120.87,transportation,simulated_bank_transactions_uk
2023-05-30,CARD PMT CURRYS ONLINE PURCHASE 374955,5.3,other,simulated_bank_transactions_uk
2024-08-30,CARD PAYMENT NHS MISC EXPENSE,117.59,other,simulated_bank_transactions_uk
2023-12-24,Food Delivery Just Eat Fast Food 718637,94.47,dining,simulated_bank_transactions_uk
2023-01-02,Card Pmt Tfl Train Ticket 197759,19.87,transportation,simulated_bank_transactions_uk
2024-06-01,Card Payment Iceland Chicken 36,120.56,groceries,simulated_bank_transactions_uk
2024-09-29,Subscription-Google-*services,26.4,subscriptions,simulated_bank_transactions_uk
2024-10-04,Rent Pmt Rent 614576,817.87,housing,simulated_bank_transactions_uk
2023-11-25,visa subscription puregym 487800,38.99,subscriptions,simulated_bank_transactions_uk
2023-03-21,Bill Pmt Ee 344137,225.3,utilities,simulated_bank_transactions_uk
2024-05-26,CARD PAYMENT ALDI MILK 384357,50.77,groceries,simulated_bank_transactions_uk
2024-01-14,MASTERCARD CARD PAYMENT ALDI BREAD 752618,47.04,groceries,simulated_bank_transactions_uk
2024-02-26,Pos/Food/Delivery/Uber/Eats/Restaurant 434953,97.52,dining,simulated_bank_transactions_uk
2023-11-06,FUEL-NATIONAL-RAIL-TRAIN-TICKET,59.5,transportation,simulated_bank_transactions_uk
2023-10-18,card payment hmrc misc expense 765785,136.56,other,simulated_bank_transactions_uk
2023-07-02,Card Pmt Greggs Restaurant,3.48,dining,simulated_bank_transactions_uk
2023-09-14,card pmt tesco bread 53261,53.23,groceries,simulated_bank_transactions_uk
2024-12-13,online*purchase*superdrug*misc*expense,94.58,other,simulated_bank_transactions_uk
2023-01-05,DIRECT DEBIT O2 734700,155.32,utilities,simulated_bank_transactions_uk
2023-09-10,Fps Card Payment Deliveroo Restaurant,113.36,dining,simulated_bank_transactions_uk
2023-03-05,POS RENT PMT MORTGAGE 513777,1138.89,housing,simulated_bank_transactions_uk
2023-09-23,Pos Purchase Currys Misc Expense 50731,125.48,other,simulated_bank_transactions_uk
2024-11-08,STO-CARD-PAYMENT-STARBUCKS-FOOD-D,10.29,dining,simulated_bank_transactions_uk
2023-09-13,card pmt aldi rice 572765,10.46,groceries,simulated_bank_transactions_uk
2024-03-28,Subscription Disney+,7.69,subscriptions,simulated_bank_transactions_uk
2023-05-17,Card Card Pmt Puregym 314583,11.65,subscriptions,simulated_bank_transactions_uk
2023-03-29,CONTACTLESS ALDI EGGS 514027,95.96,groceries,simulated_bank_transactions_uk
2023-10-26,Bacs Landlord Rent 220420,838.64,housing,simulated_bank_transactions_uk
2024-01-28,BACS-LETTING-AGENT-RENT 857699,1159.1,housing,simulated_bank_transactions_uk
2023-09-17,CARD/PMT/GOOGLE/*SERVICES 543870,16.81,subscriptions,simulated_bank_transactions_uk
2023-12-10,Mortgage/Payment/Landlord,1935.98,housing,simulated_bank_transactions_uk
2024-11-21,card card payment tfl uber ride 251316,31.19,transportation,simulated_bank_transactions_uk
2023-01-13,direct*debit*octopus*energy 374728,190.78,utilities,simulated_bank_transactions_uk
2023-03-10,Fps Bill Pmt E.on 493014,161.4,utilities,simulated_bank_transactions_uk
2023-11-24,Transport Trainline Fuel,105.41,transportation,simulated_bank_transactions_uk
2024-11-13,Card/Pmt/Disney+ 294289,26.44,subscriptions,simulated_bank_transactions_uk
2024-08-02,card payment bp fuel 799005,83.67,transportation,simulated_bank_transactions_uk
2023-11-08,pos waitrose vegetables 755931,51.39,groceries,simulated_bank_transactions_uk
2023-04-29,Direct/Debit/Amazon/Prime,33.51,subscriptions,simulated_bank_transactions_uk
2024-08-19,bacs landlord rent,824.05,housing,simulated_bank_transactions_uk
2023-10-19,Card Payment Disney+ 901799,15.16,subscriptions,simulated_bank_transactions_uk
2024-06-09,direct debit pos iceland milk 44232,34.81,groceries,simulated_bank_transactions_uk
2024-08-18,Card/Pmt/Esso/Fuel 154232,135.49,transportation,simulated_bank_transactions_uk
2023-11-26,direct/debit/scottishpower 635025,67.05,utilities,simulated_bank_transactions_uk
2024-12-28,BILL/PAYMENT/BRITISH/GAS,212.35,utilities,simulated_bank_transactions_uk
2023-02-13,Card Pmt Lidl Milk,69.18,groceries,simulated_bank_transactions_uk
2023-11-06,direct debit ee 396719,141.34,utilities,simulated_bank_transactions_uk
2024-06-09,mortgage payment rent,1971.57,housing,simulated_bank_transactions_uk
2024-07-10,CARD PAYMENT NETFLI,26.85,subscriptions,simulated_bank_transactions_uk
2024-04-19,Contactless Contactless Waitrose Vegetables 832386,82.74,groceries,simulated_bank_transactions_uk
2024-11-15,Direct-Debit-Bill-Pmt-E.on,114.83,utilities,simulated_bank_transactions_uk
2023-11-16,Transport Bp Uber Ride 710174,137.23,transportation,simulated_bank_transactions_uk
2023-11-17,TRANSPORT TRAINLINE UBER RIDE 311591,149.43,transportation,simulated_bank_transactions_uk
2023-01-27,Contactless Direct Debit Octopus Energy,153.14,utilities,simulated_bank_transactions_uk
2024-06-13,So Card Payment Iceland Milk 69672,31.03,groceries,simulated_bank_transactions_uk
2024-01-03,Card Pmt Shell Train Ticket 473903,35.01,transportation,simulated_bank_transactions_uk
2023-08-30,So Card Payment Just Eat Food Delivery 741581,115.82,dining,simulated_bank_transactions_uk
2023-01-13,CARD PMT BP TRAIN TICKET 3,82.84,transportation,simulated_bank_transactions_uk
2023-09-15,mortgage payment letting agent,1617.14,housing,simulated_bank_transactions_uk
2024-05-03,mastercard/card/pmt/kfc/restaurant 624239,141.57,dining,simulated_bank_transactions_uk
2023-06-11,CONTACTLESS-CARD-PMT-ARGOS-ONLINE-PURCHASE 845039,95.57,other,simulated_bank_transactions_uk
2023-09-17,Card/Card/Payment/Tesco/Bread,49.03,groceries,simulated_bank_transactions_uk
2023-02-10,DIRECT-DEBIT-BRITISH-GAS 271267,127.02,utilities,simulated_bank_transactions_uk
2023-01-31,card*payment*superdrug*misc*expense 355071,72.69,other,simulated_bank_transactions_uk
2023-07-22,TRANSPORT/TFL/TRAIN/TICKET,94.0,transportation,simulated_bank_transactions_uk
2024-03-12,Sto Mortgage Payment Letting Agent 209813,1873.9,housing,simulated_bank_transactions_uk
2024-07-06,card rent pmt landlord,1023.34,housing,simulated_bank_transactions_uk
2023-02-10,Rent Payment Landlord,787.73,housing,simulated_bank_transactions_uk
2023-10-27,food delivery starbucks food delivery 547631,52.69,dining,simulated_bank_transactions_uk
2023-08-12,Card Payment Ebay Online Purchase 8822,6.01,other,simulated_bank_transactions_uk
2023-03-16,Rent Pmt Landlord,1118.52,housing,simulated_bank_transactions_uk
2024-09-04,CONTACTLESS ASDA VEGETABLES 759964,101.96,groceries,simulated_bank_transactions_uk
2024-04-18,BACS-MORTGAGE-RENT 135722,802.5,housing,simulated_bank_transactions_uk
2023-07-07,Bacs/Card/Payment/Hmrc/Online/Purchase 592760,53.67,other,simulated_bank_transactions_uk
2023-03-08,Card Pmt Uber Eats Fast Food,45.53,dining,simulated_bank_transactions_uk
2024-06-28,pos food delivery pret food delivery 999042,122.19,dining,simulated_bank_transactions_uk
2024-03-20,DIRECT*DEBIT*GYM*GROUP 285644,11.23,subscriptions,simulated_bank_transactions_uk
2023-11-23,MASTERCARD*CARD*PMT*CURRYS*ONLINE*PURCHASE,88.4,other,simulated_bank_transactions_uk
2024-07-18,MORTGAGE PAYMENT RENT,1520.59,housing,simulated_bank_transactions_uk
2024-11-17,utility bill sky 869644,172.58,utilities,simulated_bank_transactions_uk
2024-10-28,Sto Mortgage Payment Mortgage 209132,1243.19,housing,simulated_bank_transactions_uk
2023-02-10,Card Pmt Mcdonalds Food Delivery 91628,6.14,dining,simulated_bank_transactions_uk
2023-08-26,card payment shell train ticket,98.65,transportation,simulated_bank_transactions_uk
2023-08-25,Card Payment Trainline Fuel 992605,116.67,transportation,simulated_bank_transactions_uk
2024-01-12,CARD PAYMENT ICELAND CHICKEN 478638,93.29,groceries,simulated_bank_transactions_uk
2024-03-12,Direct Debit Card Payment Puregym,7.82,subscriptions,simulated_bank_transactions_uk
2023-11-23,mortgage pmt mortgage 240206,1511.12,housing,simulated_bank_transactions_uk
2023-12-21,BILL PMT SEVERN TRENT 911750,188.38,utilities,simulated_bank_transactions_uk
2024-11-02,CARD PAYMENT LIDL RICE 750074,147.56,groceries,simulated_bank_transactions_uk
2023-01-07,pos pos morrisons rice 566899,73.48,groceries,simulated_bank_transactions_uk
2024-09-16,Rent Pmt Landlord 296126,1522.07,housing,simulated_bank_transactions_uk
2024-01-22,Card Payment Spotify 610153,17.13,subscriptions,simulated_bank_transactions_uk
2023-03-14,SUBSCRIPTION NETFLIX 189189,19.51,subscriptions,simulated_bank_transactions_uk
2024-01-03,DIRECT DEBIT BT 178932,230.63,utilities,simulated_bank_transactions_uk
2023-09-21,Contactless*Lidl*Chic,117.83,groceries,simulated_bank_transactions_uk
2023-06-25,CARD PAYMENT AMAZON PRIME,14.73,subscriptions,simulated_bank_transactions_uk
2023-07-20,Bill Pmt British Gas 404772,104.06,utilities,simulated_bank_transactions_uk
2023-12-02,Pos-Purchase-Currys-Online-Purchase,107.07,other,simulated_bank_transactions_uk
2024-02-28,Pos-Card-Payment-Netflix 570139,8.37,subscriptions,simulated_bank_transactions_uk
2023-04-12,Utility Bill Severn Trent 388744,194.48,utilities,simulated_bank_transactions_uk
2023-11-13,CARD PAYMENT MORRISONS CHICKEN 700318,63.38,groceries,simulated_bank_transactions_uk
2024-03-15,Card/Pmt/Shell/Uber/Ride 369125,101.86,transportation,simulated_bank_transactions_uk
2023-01-11,DIRECT DEBIT SCOTTISHPOWER 440328,191.51,utilities,simulated_bank_transactions_uk
2023-09-15,Card Card Pmt Currys Misc,110.89,other,simulated_bank_transactions_uk
2023-05-26,POS LIDL RICE,37.89,groceries,simulated_bank_transactions_uk
2024-12-19,bill payment british gas,122.36,utilities,simulated_bank_transactions_uk
2024-04-22,CARD*PMT*KFC*FOOD*DELIVERY 46907,118.67,dining,simulated_bank_transactions_uk
2023-07-23,Online*Purchase*Nhs*Online*Purchase 118108,148.98,other,simulated_bank_transactions_uk
2024-07-12,Card Payment Boots Online Purchase,34.82,other,simulated_bank_transactions_uk
2024-03-27,Contactless Waitrose Bread 322226,78.85,groceries,simulated_bank_transactions_uk
2024-10-31,SO*CARD*PAYMENT*ASDA*CHICKEN,122.95,groceries,simulated_bank_transactions_uk
2024-11-21,mortgage pmt mortgage,1805.01,housing,simulated_bank_transactions_uk
2023-11-24,Bacs Food Delivery Deliveroo Food Delivery,103.25,dining,simulated_bank_transactions_uk
2023-11-21,card*bill*payment*severn*trent 476839,65.47,utilities,simulated_bank_transactions_uk
2023-08-11,Direct-Debit-Gym-Group 727728,34.98,subscriptions,simulated_bank_transactions_uk
2023-07-30,CARD*PMT*WAITROSE*MILK,47.95,groceries,simulated_bank_transactions_uk
2024-05-30,Bill Payment Bt 366793,249.19,utilities,simulated_bank_transactions_uk
2023-02-25,Restaurant Uber Eats Restaurant 423499,146.18,dining,simulated_bank_transactions_uk
2023-12-09,Card*Pmt*Currys*Misc*Expense,110.6,other,simulated_bank_transactions_uk
2023-01-27,Online Purchase Boots Misc Expense 13918,101.98,other,simulated_bank_transactions_uk
2024-06-29,Contactless Iceland Bread,122.66,groceries,simulated_bank_transactions_uk
2023-09-07,contactless aldi chicken 891201,120.77,groceries,simulated_bank_transactions_uk
2023-04-05,bacs/landlord/rent 934124,1932.57,housing,simulated_bank_transactions_uk
2024-05-27,rent pmt mortgage 576,780.58,housing,simulated_bank_transactions_uk
2024-07-11,bill pmt vodafone 725149,85.62,utilities,simulated_bank_transactions_uk
2024-06-14,CONTACTLESS SAINSBURYS RICE,9.69,groceries,simulated_bank_transactions_uk
2024-10-11,transport-shell-fuel,12.21,transportation,simulated_bank_transactions_uk
2024-10-09,Card/Card/Payment/Netflix 854175,27.45,subscriptions,simulated_bank_transactions_uk
2024-09-13,bill pmt british gas,91.94,utilities,simulated_bank_transactions_uk
2023-08-03,Card*Payment*Netflix 182122,34.89,subscriptions,simulated_bank_transactions_uk
2024-10-21,mortgage*payment*letting*agent 181660,992.15,housing,simulated_bank_transactions_uk
2023-07-29,fuel tfl fuel 737928,40.6,transportation,simulated_bank_transactions_uk
2023-02-14,FUEL-TRAINLINE-BUS-PASS,22.07,transportation,simulated_bank_transactions_uk
2023-02-16,Food Delivery Greggs Fast Food 549182,12.75,dining,simulated_bank_transactions_uk
2024-02-09,Online/Purchase/Superdrug/Online/Purchase,46.25,other,simulated_bank_transactions_uk
2023-10-27,contactless sainsburys milk 423878,4.76,groceries,simulated_bank_transactions_uk
2023-12-11,so/pos/iceland/bread 278775,20.93,groceries,simulated_bank_transactions_uk
2024-04-11,Card Pmt Bp Bus Pass 198328,144.13,transportation,simulated_bank_transactions_uk
2023-05-31,Card Payment Gym Group,30.23,subscriptions,simulated_bank_transactions_uk
2024-01-01,rent pmt mortgage 980447,1435.51,housing,simulated_bank_transactions_uk
2024-11-03,Food Delivery Nando's Food Delivery 650806,71.25,dining,simulated_bank_transactions_uk
2023-03-20,Contactless Iceland Rice,58.53,groceries,simulated_bank_transactions_uk
2024-04-09,Rent Pmt Rent,1868.71,housing,simulated_bank_transactions_uk
2024-03-24,FOOD DELIVERY STARBUCKS FAST FOOD 340887,72.99,dining,simulated_bank_transactions_uk
2024-05-06,TRANSPORT BOLT UBER RIDE 76809,35.01,transportation,simulated_bank_transactions_uk
2023-08-07,RESTAURANT STARBUCKS FOOD DELIVERY 321984,14.24,dining,simulated_bank_transactions_uk
2023-08-17,subscription spotify 821946,38.98,subscriptions,simulated_bank_transactions_uk
2023-02-12,visa card payment amazon prime,33.0,subscriptions,simulated_bank_transactions_uk
2023-10-09,Card Payment National Rail Fuel 249484,36.05,transportation,simulated_bank_transactions_uk
2023-11-23,Mastercard Transport Shell Uber Ride 690763,89.28,transportation,simulated_bank_transactions_uk
2023-03-28,TRANSPORT SHELL FUEL 829603,139.62,transportation,simulated_bank_transactions_uk
2023-04-27,MORTGAGE PAYMENT LANDLORD 325522,912.69,housing,simulated_bank_transactions_uk
2024-08-15,Contactless Direct Debit Gym Group 956457,6.07,subscriptions,simulated_bank_transactions_uk
2023-02-11,So Mortgage Payment Landlord 873738,1619.08,housing,simulated_bank_transactions_uk
2023-11-23,Bill Pmt Vodafone,136.58,utilities,simulated_bank_transactions_uk
2023-04-19,CARD PAYMENT GOOGLE *SERVICES 505169,36.75,subscriptions,simulated_bank_transactions_uk
2024-02-05,CARD PAYMENT CURRYS MISC EXPENSE 174301,38.05,other,simulated_bank_transactions_uk
2023-11-10,Contactless Bacs Letting Agent Rent 761529,1860.74,housing,simulated_bank_transactions_uk
2024-04-03,SUBSCRIPTION APPLE.COM/BILL 732306,25.42,subscriptions,simulated_bank_transactions_uk
2023-09-15,CONTACTLESS SAINSBURYS VEGETABL,85.84,groceries,simulated_bank_transactions_uk
2023-11-18,CONTACTLESS MORRISONS RICE,36.5,groceries,simulated_bank_transactions_uk
2023-01-09,Pos Purchase Hmrc Misc Expense 773738,134.77,other,simulated_bank_transactions_uk
2023-03-18,sto utility bill sky,241.98,utilities,simulated_bank_transactions_uk
2024-07-26,direct debit card payment argos misc expense 704452,31.99,other,simulated_bank_transactions_uk
2023-12-21,bacs mortgage rent 567944,1561.5,housing,simulated_bank_transactions_uk
2023-08-13,DIRECT DEBIT CARD PMT BOLT BUS,108.69,transportation,simulated_bank_transactions_uk
2023-02-06,STO-BACS-LETTING-AGENT-RENT 386175,1911.76,housing,simulated_bank_transactions_uk
2024-11-24,Pos-Restaurant-Just-Eat-Food-Delivery 242377,107.11,dining,simulated_bank_transactions_uk
2024-05-30,food*delivery*nando's*fast*f,71.79,dining,simulated_bank_transactions_uk
2023-05-19,online*purchase*nhs*online*purchase 962828,97.72,other,simulated_bank_transactions_uk
2023-02-02,CARD PAYMENT BOOTS ONLINE PURCHASE 444126,115.06,other,simulated_bank_transactions_uk
2024-11-13,bacs mortgage rent,795.77,housing,simulated_bank_transactions_uk
2024-09-25,CARD/PMT/SAINSBURYS/EGGS 581499,6.18,groceries,simulated_bank_transactions_uk
2023-03-11,TRANSPORT SHELL FUEL 4,114.69,transportation,simulated_bank_transactions_uk
2023-04-19,SO CARD PAYMENT MORRISONS BREAD 430549,46.37,groceries,simulated_bank_transactions_uk
2024-12-10,Fps Mortgage Pmt Landlord,1288.49,housing,simulated_bank_transactions_uk
2023-01-24,CONTACTLESS MORRISONS EGGS 465965,16.93,groceries,simulated_bank_transactions_uk
2023-03-25,Mortgage Payment Letting Agent 593642,1172.4,housing,simulated_bank_transactions_uk
2024-03-19,Subscription*Gym*Group 138772,14.57,subscriptions,simulated_bank_transactions_uk
2024-05-24,Utility/Bill/British/Gas 624194,238.39,utilities,simulated_bank_transactions_uk
2024-07-15,Pos Morrisons Vegetables 520198,41.04,groceries,simulated_bank_transactions_uk
2023-01-17,FOOD DELIVERY JUST EAT FA,15.08,dining,simulated_bank_transactions_uk
2023-01-15,visa contactless iceland chicken 202783,71.09,groceries,simulated_bank_transactions_uk
2023-02-18,Bill Pmt Octopus Energy 660639,131.91,utilities,simulated_bank_transactions_uk
2023-01-30,BACS RENT RENT 694027,913.78,housing,simulated_bank_transactions_uk
2024-01-21,Restaurant*Uber*Eats*Restaurant 809,22.79,dining,simulated_bank_transactions_uk
2024-09-20,Pos/Mortgage/Pmt/Letting/Agent 298357,1392.81,housing,simulated_bank_transactions_uk
2023-09-20,online purchase boots misc expense 81307,99.62,other,simulated_bank_transactions_uk
2023-02-28,Direct Debit Spotify,12.48,subscriptions,simulated_bank_transactions_uk
2023-04-14,card payment uber train ticket 54089,78.47,transportation,simulated_bank_transactions_uk
2024-09-01,ONLINE*PURCHASE*AMAZON*MISC*EXPENSE 673927,68.02,other,simulated_bank_transactions_uk
2023-06-14,MORTGAGE PAYMENT LANDLORD 31334,1778.07,housing,simulated_bank_transactions_uk
2024-06-24,Contactless Card Payment Uber Fuel 777688,6.28,transportation,simulated_bank_transactions_uk
2024-11-27,card payment waitrose milk 84525,139.58,groceries,simulated_bank_transactions_uk
2023-10-23,UTILITY*BILL*BT 81708,123.72,utilities,simulated_bank_transactions_uk
2024-01-01,Direct-Debit-O2,209.1,utilities,simulated_bank_transactions_uk
2023-05-08,MORTGAGE/PMT/RENT,735.66,housing,simulated_bank_transactions_uk
2024-05-01,bill pmt ee 779173,47.75,utilities,simulated_bank_transactions_uk
2023-09-05,Contactless Asda Milk 143910,39.12,groceries,simulated_bank_transactions_uk
2023-06-08,Visa Online Purchase Currys Misc Expense 546750,42.81,other,simulated_bank_transactions_uk
2024-04-25,FUEL NATIONAL RAIL FUEL 234425,121.49,transportation,simulated_bank_transactions_uk
2024-12-06,fuel trainline uber ride 976896,145.96,transportation,simulated_bank_transactions_uk
2023-11-19,Fuel/Bp/Train/Ticket,58.85,transportation,simulated_bank_transactions_uk
2023-07-30,CONTACTLESS TESCO VEGETABLES,101.75,groceries,simulated_bank_transactions_uk
2023-09-22,card pmt morrisons milk 270808,123.78,groceries,simulated_bank_transactions_uk
2024-08-29,DIRECT DEBIT CONTACTLESS WAITROSE VEGETABLES 337741,12.77,groceries,simulated_bank_transactions_uk
2023-01-29,Bacs Pos Purchase Hmrc Online Purchase,97.09,other,simulated_bank_transactions_uk
2023-09-11,food delivery uber eats restaurant 834890,74.85,dining,simulated_bank_transactions_uk
2023-02-03,BACS LETTING AGENT RENT,885.46,housing,simulated_bank_transactions_uk
2024-11-22,TRANSPORT SHELL TRAIN TICKET 774879,28.95,transportation,simulated_bank_transactions_uk
2024-03-10,pos-transport-shell-bus-pass,27.1,transportation,simulated_bank_transactions_uk
2023-09-08,Card/Payment/Amazon/Misc/Expense 587183,99.14,other,simulated_bank_transactions_uk
2024-11-16,visa bacs landlord rent 303013,1384.75,housing,simulated_bank_transactions_uk
2024-02-24,Direct Debit Severn Trent,56.38,utilities,simulated_bank_transactions_uk
2024-09-28,Direct-Debit-Contactless-Aldi-Vegetables 658415,48.96,groceries,simulated_bank_transactions_uk
2023-05-26,DIRECT DEBIT NETFLIX 262733,14.45,subscriptions,simulated_bank_transactions_uk
2023-10-09,Restaurant Nando's Food Delivery 518792,15.53,dining,simulated_bank_transactions_uk
2024-03-25,Card Pmt Amazon Misc Expense,49.24,other,simulated_bank_transactions_uk
2023-06-07,online purchase superdrug misc expense 375533,81.69,other,simulated_bank_transactions_uk
2024-10-18,FOOD*DELIVERY*GREGGS*FOOD*DELIVERY,21.71,dining,simulated_bank_transactions_uk
2024-09-18,DIRECT DEBIT NETFLIX 365897,8.73,subscriptions,simulated_bank_transactions_uk
2023-07-16,Direct*Debit*Gym*Group 754613,6.1,subscriptions,simulated_bank_transactions_uk
2023-08-24,utility bill ee 441,111.5,utilities,simulated_bank_transactions_uk
2024-12-11,online purchase hmrc misc expense,78.14,other,simulated_bank_transactions_uk
2024-06-14,direct-debit-utility-bill-o2 254685,67.71,utilities,simulated_bank_transactions_uk
2024-05-22,contactless*asda*eggs 51396,7.12,groceries,simulated_bank_transactions_uk
2024-11-12,card payment bp uber ride 374466,131.31,transportation,simulated_bank_transactions_uk
2024-10-07,Subscription Netflix,35.89,subscriptions,simulated_bank_transactions_uk
2024-01-05,POS PURCHASE HMRC MISC EXPENSE,121.82,other,simulated_bank_transactions_uk
2024-01-02,fuel esso bus pass 491897,137.07,transportation,simulated_bank_transactions_uk
2024-05-15,Bill Payment Vod,134.14,utilities,simulated_bank_transactions_uk
2023-10-08,Card Payment Kfc Fast Food,44.94,dining,simulated_bank_transactions_uk
2023-02-04,direct debit google *services,25.56,subscriptions,simulated_bank_transactions_uk
2023-02-24,Sto-Transport-Tfl-Fuel 857278,44.5,transportation,simulated_bank_transactions_uk
2024-08-04,card pmt iceland rice 623711,4.28,groceries,simulated_bank_transactions_uk
2024-07-13,So Direct Debit Netflix 607900,18.66,subscriptions,simulated_bank_transactions_uk
2024-11-18,Card Payment Mcdonalds Restaurant,144.16,dining,simulated_bank_transactions_uk
2023-08-01,food delivery pret fast food 260464,121.52,dining,simulated_bank_transactions_uk
2024-07-29,Card Payment Pret Fast Food 748130,90.27,dining,simulated_bank_transactions_uk
2024-01-24,fuel shell bus pass 669908,99.02,transportation,simulated_bank_transactions_uk
2023-05-05,Sto Card Pmt Tesco Chicken 624011,17.8,groceries,simulated_bank_transactions_uk
2023-06-10,MASTERCARD CONTACTLESS MORRISONS EGGS 529049,6.58,groceries,simulated_bank_transactions_uk
2023-12-29,CARD PAYMENT EBAY MISC EXPENSE,40.23,other,simulated_bank_transactions_uk
2024-03-20,MASTERCARD MORTGAGE PAYMENT LETTING AGENT,660.93,housing,simulated_bank_transactions_uk
2024-09-21,card pmt lidl chicken 285696,125.58,groceries,simulated_bank_transactions_uk
2024-10-09,Pos*Purchase*Hmrc*Online*Purchase 489212,23.78,other,simulated_bank_transactions_uk
2023-05-27,Bacs-Letting-Agent-Rent,1216.5,housing,simulated_bank_transactions_uk
2023-04-17,FOOD DELIVERY NANDO'S RESTAURANT 900270,56.0,dining,simulated_bank_transactions_uk
2024-02-08,rent payment landlord 718974,774.13,housing,simulated_bank_transactions_uk
2024-01-16,pos purchase boots online purchase 264490,34.99,other,simulated_bank_transactions_uk
2024-11-27,pos morrisons vegetables 560786,124.31,groceries,simulated_bank_transactions_uk
2024-06-04,Fps Rent Payment Letting Agent 875836,1488.47,housing,simulated_bank_transactions_uk
2024-04-15,DIRECT DEBIT SPOTIFY 984689,37.82,subscriptions,simulated_bank_transactions_uk
2023-09-06,Card-Pmt-Spotify 713079,29.0,subscriptions,simulated_bank_transactions_uk
2024-05-26,visa restaurant just eat restaurant 889493,118.59,dining,simulated_bank_transactions_uk
2023-12-11,Card Payment Puregym 536527,30.41,subscriptions,simulated_bank_transactions_uk
2023-12-29,Online*Purchase*Boots*Misc*Expense 3,91.86,other,simulated_bank_transactions_uk
2023-04-29,rent/payment/rent,1626.26,housing,simulated_bank_transactions_uk
2024-05-19,bill pmt bt 186624,189.64,utilities,simulated_bank_transactions_uk
2023-05-28,Mortgage Payment Landlord 779130,1808.43,housing,simulated_bank_transactions_uk
2023-08-23,card payment costa food delivery 490497,18.65,dining,simulated_bank_transactions_uk
2023-01-25,Direct Debit Utility Bill Sky,91.57,utilities,simulated_bank_transactions_uk
2024-11-12,FPS DIRECT DEBIT SKY,75.91,utilities,simulated_bank_transactions_uk
2023-10-05,BILL PAYMENT O2 206686,131.57,utilities,simulated_bank_transactions_uk
2023-02-11,bacs mortgage rent,987.48,housing,simulated_bank_transactions_uk
2024-01-11,CARD CARD PAYMENT UBER FUEL 628811,52.44,transportation,simulated_bank_transactions_uk
2024-01-22,CONTACTLESS-ICELAND-MILK,27.02,groceries,simulated_bank_transactions_uk
2023-12-25,direct debit british gas 88632,242.26,utilities,simulated_bank_transactions_uk
2023-05-15,Contactless*Iceland*Bread,106.98,groceries,simulated_bank_transactions_uk
2024-10-27,Card Pmt Gym Group 534064,6.33,subscriptions,simulated_bank_transactions_uk
2023-06-23,so/card/pmt/esso/bus/pass 450703,89.39,transportation,simulated_bank_transactions_uk
2024-03-06,card payment ebay online purchase 872663,68.03,other,simulated_bank_transactions_uk
2023-07-06,Card-Pmt-Just-Eat-Fast-Food 736641,119.8,dining,simulated_bank_transactions_uk
2023-08-23,bill payment e.on 104538,88.3,utilities,simulated_bank_transactions_uk
2023-05-17,POS PURCHASE EBAY MISC EXPENSE,31.45,other,simulated_bank_transactions_uk
2024-03-04,Bacs Landlord Rent 997183,902.33,housing,simulated_bank_transactions_uk
2023-12-19,ONLINE-PURCHASE-AMAZON-ONLINE-PURCHASE 148600,14.73,other,simulated_bank_transactions_uk
2024-01-24,Pos Waitrose Milk 536129,4.75,groceries,simulated_bank_transactions_uk
2023-06-19,pos-pos-sainsburys-rice,67.83,groceries,simulated_bank_transactions_uk
2024-10-05,Mastercard-Pos-Iceland-Eggs,31.48,groceries,simulated_bank_transactions_uk
2024-01-30,contactless-bacs-rent-rent 307487,1575.67,housing,simulated_bank_transactions_uk
2023-12-18,FPS DIRECT DEBIT GOOGLE *SERVICES 845722,38.99,subscriptions,simulated_bank_transactions_uk
2024-05-02,Utility Bill Ee 884359,228.57,utilities,simulated_bank_transactions_uk
2023-01-05,BILL PAYMENT OCTOPUS ENERGY 690616,108.34,utilities,simulated_bank_transactions_uk
2024-04-09,Subscription*Netflix 685673,7.29,subscriptions,simulated_bank_transactions_uk
2024-01-06,BILL/PAYMENT/VODAFONE 555236,155.04,utilities,simulated_bank_transactions_uk
2023-08-27,direct debit pos sainsburys rice 803093,94.54,groceries,simulated_bank_transactions_uk
2023-08-22,food/delivery/uber/eats/fast/food 557756,127.95,dining,simulated_bank_transactions_uk
2023-07-17,card pmt waitrose bread,93.01,groceries,simulated_bank_transactions_uk
2024-06-13,Transport National Rail Uber Ride 608,112.09,transportation,simulated_bank_transactions_uk
2023-06-13,FUEL BOLT UBER RIDE,134.38,transportation,simulated_bank_transactions_uk
2024-09-13,bacs bacs rent rent,1996.76,housing,simulated_bank_transactions_uk
2023-01-19,BACS LANDLORD RENT 50208,1176.76,housing,simulated_bank_transactions_uk
2023-06-04,CARD PMT TESCO CHICKEN 160564,11.64,groceries,simulated_bank_transactions_uk
2023-03-29,Sto Direct Debit Thames Water,168.22,utilities,simulated_bank_transactions_uk
2023-05-05,Pos*Purchase*Hmrc*Online*Purchase 89844,141.73,other,simulated_bank_transactions_uk
2023-12-22,Direct/Debit/Disney+ 364113,39.14,subscriptions,simulated_bank_transactions_uk
2023-11-28,card*bill*pmt*british*gas 698095,171.5,utilities,simulated_bank_transactions_uk
2023-08-03,CARD PMT AMAZON PRIME 829890,9.6,subscriptions,simulated_bank_transactions_uk
2024-09-30,Contactless Iceland Eggs 799359,122.17,groceries,simulated_bank_transactions_uk
2024-04-16,card pmt amazon prime,17.28,subscriptions,simulated_bank_transactions_uk
2023-01-31,card/payment/national/rail/fuel 367047,119.07,transportation,simulated_bank_transactions_uk
2024-07-18,Direct Debit Sky 661275,210.19,utilities,simulated_bank_transactions_uk
2023-01-04,SUBSCRIPTION*GOOGLE**SERVICES,20.19,subscriptions,simulated_bank_transactions_uk
2023-01-13,Sto Subscription Amazon Prim,21.27,subscriptions,simulated_bank_transactions_uk
2023-01-25,utility bill e.on,78.63,utilities,simulated_bank_transactions_uk
2024-07-13,Contactless*Tesco*Rice 516653,78.45,groceries,simulated_bank_transactions_uk
2024-06-12,RESTAURANT COSTA FAST FOOD 80655,98.5,dining,simulated_bank_transactions_uk
2023-12-13,Mastercard Rent Payment Letting Agent,1555.88,housing,simulated_bank_transactions_uk
2023-04-10,CONTACTLESS ASDA CHICKEN,52.8,groceries,simulated_bank_transactions_uk
2024-09-25,fuel bolt bus pass 432804,9.33,transportation,simulated_bank_transactions_uk
2023-09-12,direct debit pos purchase argos misc expense 878084,28.87,other,simulated_bank_transactions_uk
2024-11-24,fps card payment just eat fast food 310352,94.44,dining,simulated_bank_transactions_uk
2024-05-28,CARD PMT KFC RESTAURANT 757401,68.46,dining,simulated_bank_transactions_uk
2023-05-08,Restaurant*Costa*Fast*Food 397261,18.34,dining,simulated_bank_transactions_uk
2023-08-20,fuel tfl train ticket,8.79,transportation,simulated_bank_transactions_uk
2023-02-17,Mortgage-Payment-Mortgage 906504,1053.53,housing,simulated_bank_transactions_uk
2024-05-13,MORTGAGE PMT RENT 994991,804.73,housing,simulated_bank_transactions_uk
2023-10-30,Card Payment Starbucks Fast Food 27180,100.37,dining,simulated_bank_transactions_uk
2023-04-20,DIRECT DEBIT GOOGLE *SERVICES,36.65,subscriptions,simulated_bank_transactions_uk
2024-01-22,Restaurant Uber Eats Food Delivery 58372,113.57,dining,simulated_bank_transactions_uk
2024-03-28,restaurant kfc fast food 96,145.39,dining,simulated_bank_transactions_uk
2024-03-05,Direct-Debit-Disney+,35.7,subscriptions,simulated_bank_transactions_uk
2024-12-14,Direct Debit Puregym,35.27,subscriptions,simulated_bank_transactions_uk
2024-04-02,CARD PMT HMRC MISC EXPENSE,81.34,other,simulated_bank_transactions_uk
2023-03-30,Transport*Trainline*Uber*Ride 589838,143.79,transportation,simulated_bank_transactions_uk
2024-03-23,Pos*Morrisons*Rice,97.91,groceries,simulated_bank_transactions_uk
2024-03-15,Food Delivery Just Eat Food Delivery 149000,25.23,dining,simulated_bank_transactions_uk
2024-10-01,Fuel Esso Uber Ride 648729,77.09,transportation,simulated_bank_transactions_uk
2023-08-10,Direct Debit Bt,226.41,utilities,simulated_bank_transactions_uk
2023-06-13,food delivery uber eats fast food 236357,10.7,dining,simulated_bank_transactions_uk
2023-04-23,fuel esso train ticket 907119,132.19,transportation,simulated_bank_transactions_uk
2024-11-23,Card Payment Deliveroo Food Delivery 940892,42.1,dining,simulated_bank_transactions_uk
2023-09-10,MORTGAGE PMT MORTGAGE,962.15,housing,simulated_bank_transactions_uk
2024-03-26,food delivery uber eats food delivery 662770,5.14,dining,simulated_bank_transactions_uk
2024-10-05,card pmt aldi eggs 184597,8.77,groceries,simulated_bank_transactions_uk
2024-06-05,Card Payment Puregym 870008,7.39,subscriptions,simulated_bank_transactions_uk
2024-08-16,Pos Purchase Hmrc Misc Expense 984519,57.87,other,simulated_bank_transactions_uk
2023-05-23,DIRECT DEBIT O2 271024,228.61,utilities,simulated_bank_transactions_uk
2023-08-14,Online Purchase Superdrug Online Purchase 282796,125.55,other,simulated_bank_transactions_uk
2023-12-17,fps bacs landlord rent 583715,891.68,housing,simulated_bank_transactions_uk
2024-01-08,online purchase ebay misc expense 402767,20.32,other,simulated_bank_transactions_uk
2023-03-16,card/pmt/costa/fast/food 532565,148.56,dining,simulated_bank_transactions_uk
2023-12-16,utility*bill*ee,151.56,utilities,simulated_bank_transactions_uk
2024-08-12,Restaurant Kfc Food Delivery 678330,77.37,dining,simulated_bank_transactions_uk
2023-05-26,Pos Fuel Shell Uber Ride 904510,57.01,transportation,simulated_bank_transactions_uk
2024-01-25,Bacs Letting Agent Rent 665019,1685.83,housing,simulated_bank_transactions_uk
2023-01-01,Card Pmt Aldi Milk 138126,88.31,groceries,simulated_bank_transactions_uk
2024-07-04,card*pmt*hmrc*misc*expense,137.78,other,simulated_bank_transactions_uk
2023-07-30,Direct Debit Scottishpower 953879,40.16,utilities,simulated_bank_transactions_uk
2023-10-03,Pos Lidl Bread 443649,135.58,groceries,simulated_bank_transactions_uk
2024-02-20,Card Payment Asda Bread,123.81,groceries,simulated_bank_transactions_uk
2024-06-11,Transport Trainline Train Ticket 270306,21.38,transportation,simulated_bank_transactions_uk
2024-07-02,transport uber fuel,110.64,transportation,simulated_bank_transactions_uk
2024-03-27,TRANSPORT*NATIONAL*RAIL*FUEL 892499,130.26,transportation,simulated_bank_transactions_uk
2023-02-14,BACS CARD PAYMENT EBAY ONLINE PURCHASE,111.25,other,simulated_bank_transactions_uk
2023-10-06,STO/CARD/PAYMENT/PRET/RESTAURANT 722345,6.66,dining,simulated_bank_transactions_uk
2023-09-03,Food*Delivery*Pret*Restaurant 900638,125.24,dining,simulated_bank_transactions_uk
2023-10-12,Bill*Payment*Thames*Water,41.19,utilities,simulated_bank_transactions_uk
2023-11-13,bacs landlord rent,1524.67,housing,simulated_bank_transactions_uk
2024-03-24,card payment bolt train ticket,59.97,transportation,simulated_bank_transactions_uk
2024-01-26,sto contactless lidl vegetables 944133,110.05,groceries,simulated_bank_transactions_uk
2024-01-02,UTILITY*BILL*SCOTTISHPOWER 430568,222.5,utilities,simulated_bank_transactions_uk
2023-11-05,Card-Payment-Nando's-Food-Delivery 778177,75.0,dining,simulated_bank_transactions_uk
2023-09-19,Card Payment Boots Online Purchase,111.64,other,simulated_bank_transactions_uk
2024-06-20,transport esso fuel 659632,66.08,transportation,simulated_bank_transactions_uk
2023-11-11,bill*payment*british*gas,189.38,utilities,simulated_bank_transactions_uk
2024-06-02,Sto Card Payment Aldi Eggs,28.04,groceries,simulated_bank_transactions_uk
2023-09-14,FUEL-SHELL-TRAIN-TICKET 390727,95.28,transportation,simulated_bank_transactions_uk
2024-05-30,Pos Tesco Vegetables 119447,110.9,groceries,simulated_bank_transactions_uk
2023-09-22,Subscription Gym Group 722225,12.25,subscriptions,simulated_bank_transactions_uk
2023-07-29,RENT PAYMENT RENT,825.45,housing,simulated_bank_transactions_uk
2024-06-20,Rent Pmt Mortgage,1419.32,housing,simulated_bank_transactions_uk
2024-07-30,online purchase currys online purchase 336820,21.03,other,simulated_bank_transactions_uk
2024-12-16,online purchase argos online purchase,5.1,other,simulated_bank_transactions_uk
2023-05-22,Card Pmt Nhs Online Purchase,34.11,other,simulated_bank_transactions_uk
2024-06-07,MORTGAGE PAYMENT LANDLORD 457633,982.35,housing,simulated_bank_transactions_uk
2024-05-09,FUEL NATIONAL RAIL BUS PASS 744834,64.73,transportation,simulated_bank_transactions_uk
2024-11-13,SO CONTACTLESS TESCO EGGS 554371,125.02,groceries,simulated_bank_transactions_uk
2024-04-20,transport shell uber ride 683991,110.91,transportation,simulated_bank_transactions_uk
2024-03-03,Contactless Mortgage Pmt Letting Agent,1015.38,housing,simulated_bank_transactions_uk
2023-04-12,SO SUBSCRIPTION GYM GROUP,25.19,subscriptions,simulated_bank_transactions_uk
2023-11-14,card pmt mcdonalds food delivery 61848,123.36,dining,simulated_bank_transactions_uk
2024-05-18,CARD FUEL BOLT FUEL,98.98,transportation,simulated_bank_transactions_uk
2024-02-14,visa pos purchase hmrc misc expense,113.52,other,simulated_bank_transactions_uk
2024-01-30,Card/Pmt/Esso/Fuel 242391,108.78,transportation,simulated_bank_transactions_uk
2024-02-08,RESTAURANT UBER EATS FAST FOOD 191828,73.66,dining,simulated_bank_transactions_uk
2023-01-09,CONTACTLESS MORRISONS CHICKEN,54.86,groceries,simulated_bank_transactions_uk
2024-10-18,Direct Debit Google *services,16.97,subscriptions,simulated_bank_transactions_uk
2023-07-09,fps*bill*pmt*sky,223.7,utilities,simulated_bank_transactions_uk
2023-10-22,Pos Contactless Iceland Rice 709785,56.47,groceries,simulated_bank_transactions_uk
2023-05-18,DIRECT/DEBIT/AMAZON/PRIME 72213,22.33,subscriptions,simulated_bank_transactions_uk
2024-04-24,Card Pmt Gym Group 55784,39.86,subscriptions,simulated_bank_transactions_uk
2023-05-26,Fps Transport Uber Bus Pass,111.84,transportation,simulated_bank_transactions_uk
2024-07-21,Visa*Bill*Payment*Bt,181.13,utilities,simulated_bank_transactions_uk
2024-09-13,BACS FUEL TRAINLINE UBER RIDE 868259,63.88,transportation,simulated_bank_transactions_uk
2024-06-22,UTILITY BILL SKY 147375,81.08,utilities,simulated_bank_transactions_uk
2023-03-05,Food Delivery Costa Food Delivery 671830,43.52,dining,simulated_bank_transactions_uk
2024-02-29,RESTAURANT MCDONALDS FAST FOOD 185287,23.53,dining,simulated_bank_transactions_uk
2023-02-08,Online Purchase Amazon Misc Expense 94535,32.72,other,simulated_bank_transactions_uk
2023-09-11,UTILITY BILL BRITISH GAS 640264,49.3,utilities,simulated_bank_transactions_uk
2024-12-14,pos asda bread 341411,16.08,groceries,simulated_bank_transactions_uk
2023-03-22,Utility Bill Thames Water 580810,34.36,utilities,simulated_bank_transactions_uk
2024-06-04,Card/Pmt/Sainsburys/,120.74,groceries,simulated_bank_transactions_uk
2023-09-15,Card Payment Bolt Uber Ride 939553,61.87,transportation,simulated_bank_transactions_uk
2023-11-24,STO CARD PMT AMAZON PRIME 329871,23.31,subscriptions,simulated_bank_transactions_uk
2023-12-31,Fuel Bolt Train Ticket,105.39,transportation,simulated_bank_transactions_uk
2023-07-17,bill payment bt 203805,46.46,utilities,simulated_bank_transactions_uk
2023-09-17,FPS RESTAURANT PRET FOOD DELIVERY,70.25,dining,simulated_bank_transactions_uk
2024-06-19,FUEL NATIONAL RAIL FUEL 428599,107.0,transportation,simulated_bank_transactions_uk
2024-08-08,direct debit bt 144454,129.67,utilities,simulated_bank_transactions_uk
2023-04-02,direct debit direct debit amazon prime,20.97,subscriptions,simulated_bank_transactions_uk
2024-03-10,mortgage pmt rent 784459,1956.43,housing,simulated_bank_transactions_uk
2023-07-28,direct/debit/amazon/prime,13.66,subscriptions,simulated_bank_transactions_uk
2024-07-04,card pmt superdrug misc expense,107.46,other,simulated_bank_transactions_uk
2024-04-20,RESTAURANT GREGGS FOOD DELIVERY,39.8,dining,simulated_bank_transactions_uk
2023-02-17,Bacs Rent Rent 276641,1555.52,housing,simulated_bank_transactions_uk
2023-04-24,mortgage pmt mortgage 779862,1649.96,housing,simulated_bank_transactions_uk
2024-03-10,Online/Purchase/Amazon/Misc/Expense 37660,21.95,other,simulated_bank_transactions_uk
2023-06-22,Subscription Amazon Prime 867068,19.73,subscriptions,simulated_bank_transactions_uk
2024-07-03,Subscription Apple.com/bill 881576,35.99,subscriptions,simulated_bank_transactions_uk
2024-01-06,Fuel/Trainline/Train/Tic,66.45,transportation,simulated_bank_transactions_uk
2024-08-27,visa online purchase currys online purchase 698535,74.33,other,simulated_bank_transactions_uk
2024-08-01,Food Delivery Greggs Restaurant 324875,66.81,dining,simulated_bank_transactions_uk
2023-05-15,BACS LETTING AGENT RENT 338109,1828.82,housing,simulated_bank_transactions_uk
2023-03-01,rent pmt landlord,1449.4,housing,simulated_bank_transactions_uk
2023-05-11,bacs bacs landlord rent 541632,1637.69,housing,simulated_bank_transactions_uk
2024-11-07,online*purchase*boots*online*purchase 484985,30.62,other,simulated_bank_transactions_uk
2023-05-12,CARD PMT GREGGS RESTAURANT,17.83,dining,simulated_bank_transactions_uk
2024-08-08,Visa Pos Sainsburys Eggs 758131,96.63,groceries,simulated_bank_transactions_uk
2023-12-27,Pos Pos Iceland Vegetables 820306,43.28,groceries,simulated_bank_transactions_uk
2023-10-05,Bacs*Mortgage*Payment*Rent,1026.64,housing,simulated_bank_transactions_uk
2023-02-06,restaurant uber eats food delivery 930924,29.88,dining,simulated_bank_transactions_uk
2024-02-22,card payment aldi rice 900637,52.48,groceries,simulated_bank_transactions_uk
2023-12-28,Bacs/Utility/Bill/E.on 729178,246.79,utilities,simulated_bank_transactions_uk
2023-07-13,Contactless Sainsburys Chicken 367,25.88,groceries,simulated_bank_transactions_uk
2024-11-20,Visa*Rent*Payment*Letting*Agent,1052.25,housing,simulated_bank_transactions_uk
2023-02-24,Card Payment Google *services 371576,5.51,subscriptions,simulated_bank_transactions_uk
2024-09-01,Rent Payment Landlord 861909,1922.16,housing,simulated_bank_transactions_uk
2023-10-08,CARD-PMT-HMRC-MISC-,12.64,other,simulated_bank_transactions_uk
2023-11-01,Utility Bill British Gas 327334,92.28,utilities,simulated_bank_transactions_uk
2023-01-15,Direct Debit Severn Trent 870079,91.6,utilities,simulated_bank_transactions_uk
2023-09-10,POS-PURCHASE-ARGOS-ONLINE-PURCHASE 281781,111.41,other,simulated_bank_transactions_uk
2024-08-01,utility bill severn trent,170.72,utilities,simulated_bank_transactions_uk
2023-01-05,Bacs-Card-Pmt-Apple.com/bill 294225,14.27,subscriptions,simulated_bank_transactions_uk
2024-09-26,FPS CARD PMT UBER TRAIN TICKET 207,15.65,transportation,simulated_bank_transactions_uk
2024-11-16,Sto Card Pmt Waitrose Rice 663790,74.18,groceries,simulated_bank_transactions_uk
2024-12-07,card/pmt/google/*services 803915,16.5,subscriptions,simulated_bank_transactions_uk
2024-10-06,Direct Debit E.on,137.57,utilities,simulated_bank_transactions_uk
2023-09-21,FPS MORTGAGE PMT LETTING AGENT 59217,1096.44,housing,simulated_bank_transactions_uk
2023-05-11,Food Delivery Uber Eats Fast Food 40207,12.54,dining,simulated_bank_transactions_uk
2023-08-19,card payment deliveroo fast food,72.94,dining,simulated_bank_transactions_uk
2023-04-20,FUEL ESSO BUS PASS 325501,48.57,transportation,simulated_bank_transactions_uk
2023-07-04,Card/Payment/Bp/Fuel 100844,140.83,transportation,simulated_bank_transactions_uk
2023-12-14,mastercard food delivery mcdonalds fast food 972111,65.91,dining,simulated_bank_transactions_uk
2024-08-13,pos-mortgage-payment-ren,1718.09,housing,simulated_bank_transactions_uk
2024-12-25,Rent*Payment*Rent 315133,850.92,housing,simulated_bank_transactions_uk
2023-12-21,CARD*PMT*ASDA*BREAD 589242,144.37,groceries,simulated_bank_transactions_uk
2023-09-18,card payment iceland vegetables 669756,17.44,groceries,simulated_bank_transactions_uk
2024-08-06,card pmt nhs online purchase 523202,96.58,other,simulated_bank_transactions_uk
2024-09-25,Bacs Pos Iceland,26.17,groceries,simulated_bank_transactions_uk
2023-10-22,ONLINE PURCHASE NHS MISC EXPENSE,77.12,other,simulated_bank_transactions_uk
2023-08-09,online purchase boots misc expense 265106,72.55,other,simulated_bank_transactions_uk
2024-09-10,MORTGAGE PAYMENT RENT 969881,1444.23,housing,simulated_bank_transactions_uk
2023-04-25,direct debit card payment currys online purchase 156261,35.49,other,simulated_bank_transactions_uk
2024-09-05,Pos*Bacs*Rent*Rent 888999,1218.25,housing,simulated_bank_transactions_uk
2023-03-31,bill*pmt*vodafone 844806,176.95,utilities,simulated_bank_transactions_uk
2023-04-02,CARD PAYMENT TFL TRAIN TICKET 282143,15.39,transportation,simulated_bank_transactions_uk
2023-07-01,visa card payment mcdonalds food delivery 302594,30.49,dining,simulated_bank_transactions_uk
2024-10-31,Pos-Aldi-Vegetables 134510,60.56,groceries,simulated_bank_transactions_uk
2023-10-10,bacs mortgage rent 546399,664.2,housing,simulated_bank_transactions_uk
2023-09-15,POS-PURCHASE-CURRYS-MISC-EXPENSE 9438,30.87,other,simulated_bank_transactions_uk
2023-06-14,Direct/Debit/Bill/Pmt/Sky 862443,85.22,utilities,simulated_bank_transactions_uk
2023-06-10,MORTGAGE PAYMENT MORTGAGE 990219,954.04,housing,simulated_bank_transactions_uk
2023-06-03,bacs rent rent,1248.74,housing,simulated_bank_transactions_uk
2023-11-23,UTILITY BILL O2 985825,140.05,utilities,simulated_bank_transactions_uk
2024-06-03,utility bill scottishpower,216.38,utilities,simulated_bank_transactions_uk
2024-05-08,BACS RESTAURANT UBER EATS FOOD DELIVERY 254290,49.98,dining,simulated_bank_transactions_uk
2023-08-12,Direct*Debit*Card*Payment*Aldi*Milk 574797,91.43,groceries,simulated_bank_transactions_uk
2024-08-25,UTILITY-BILL-VODAFONE,33.14,utilities,simulated_bank_transactions_uk
2023-08-05,CONTACTLESS LIDL MILK,100.84,groceries,simulated_bank_transactions_uk
2024-03-10,BACS LANDLORD RENT,1623.24,housing,simulated_bank_transactions_uk
2023-10-18,BACS LETTING AGENT RENT 585982,1838.59,housing,simulated_bank_transactions_uk
2023-05-04,bacs food delivery kfc fast food 123880,84.07,dining,simulated_bank_transactions_uk
2023-11-13,restaurant just eat restaurant,84.25,dining,simulated_bank_transactions_uk
2023-10-24,Mastercard*Restaurant*Mcdonalds*Food*Delivery,7.09,dining,simulated_bank_transactions_uk
2023-08-14,TRANSPORT TFL FUEL,96.75,transportation,simulated_bank_transactions_uk
2024-11-17,Pos Direct Debit Ee,107.82,utilities,simulated_bank_transactions_uk
2023-03-08,Card Payment Starbucks Food Delivery 952959,44.9,dining,simulated_bank_transactions_uk
2023-07-25,fuel esso bus pass,113.04,transportation,simulated_bank_transactions_uk
2024-05-21,fuel/esso/uber/ride 416159,71.43,transportation,simulated_bank_transactions_uk
2024-06-11,DIRECT DEBIT THAMES WATER 58107,196.39,utilities,simulated_bank_transactions_uk
2024-05-26,card*payment*national*rail*uber*ride 815315,118.78,transportation,simulated_bank_transactions_uk
2024-01-03,card payment costa food delivery 875224,102.17,dining,simulated_bank_transactions_uk
2024-02-26,mortgage payment landlord 84810,1171.74,housing,simulated_bank_transactions_uk
2024-10-17,contactless lidl milk 723575,118.49,groceries,simulated_bank_transactions_uk
2024-04-03,Online Purchase Nhs Online Purchase 942406,106.68,other,simulated_bank_transactions_uk
2024-02-09,BACS MORTGAGE RENT,1397.12,housing,simulated_bank_transactions_uk
2023-04-01,Sto Bacs Mortgage Rent 447349,1492.4,housing,simulated_bank_transactions_uk
2023-05-11,pos tesco chicken 121882,26.48,groceries,simulated_bank_transactions_uk
2023-12-13,fuel tfl uber ride,110.66,transportation,simulated_bank_transactions_uk
2024-10-11,Fuel National Rail Fuel 739230,137.92,transportation,simulated_bank_transactions_uk
2023-05-14,CARD PMT BOLT TRAIN TICKET 431577,69.61,transportation,simulated_bank_transactions_uk
2023-03-13,UTILITY BILL OCTOPUS ENERGY,39.92,utilities,simulated_bank_transactions_uk
2023-11-11,Transport Shell Train Ticket,140.55,transportation,simulated_bank_transactions_uk
2023-02-17,Direct Debit E.on,216.18,utilities,simulated_bank_transactions_uk
2023-07-03,Direct Debit Google *services 68591,22.03,subscriptions,simulated_bank_transactions_uk
2023-07-25,direct debit gym group 775733,5.56,subscriptions,simulated_bank_transactions_uk
2024-11-18,card*pmt*national*rail*train*ticket 571125,48.78,transportation,simulated_bank_transactions_uk
2023-02-03,BILL*PMT*THAMES*WATER 109018,170.35,utilities,simulated_bank_transactions_uk
2024-11-14,pos*waitrose*vegetables,148.42,groceries,simulated_bank_transactions_uk
2024-07-24,FUEL UBER FUEL 444759,134.97,transportation,simulated_bank_transactions_uk
2024-03-18,Fps-Card-Pmt-National-Rail-Uber-Ride 82635,70.75,transportation,simulated_bank_transactions_uk
2024-07-12,SO*MORTGAGE*PAYMENT*MORTGAGE 656971,676.21,housing,simulated_bank_transactions_uk
2024-11-06,Card-Pmt-Pret-Food-Delivery,140.27,dining,simulated_bank_transactions_uk
2024-12-04,card*rent*pmt*mortgage,1164.02,housing,simulated_bank_transactions_uk
2024-06-01,POS DIRECT DEBIT SPOTIFY,39.19,subscriptions,simulated_bank_transactions_uk
2024-02-06,bill-payment-british-gas 708642,124.81,utilities,simulated_bank_transactions_uk
2024-07-29,FOOD DELIVERY NANDO'S FOOD DELIVERY 162127,48.37,dining,simulated_bank_transactions_uk
2024-11-27,UTILITY-BILL-BRITISH-GA,210.31,utilities,simulated_bank_transactions_uk
2024-06-01,SO CARD PAYMENT APPLE.COM/BILL,23.13,subscriptions,simulated_bank_transactions_uk
2023-12-01,Direct Debit Octopus Energy 157929,33.61,utilities,simulated_bank_transactions_uk
2024-10-10,Card Card Pmt Trainline Train Ticket,52.13,transportation,simulated_bank_transactions_uk
2023-07-08,VISA FOOD DELIVERY JUST EAT RESTAURANT 683041,86.92,dining,simulated_bank_transactions_uk
2023-05-30,FOOD DELIVERY KFC FAST FOOD 188996,86.14,dining,simulated_bank_transactions_uk
2023-06-12,direct-debit-vodafone 336919,191.57,utilities,simulated_bank_transactions_uk
2023-11-08,Restaurant Kfc Restaurant 727913,95.91,dining,simulated_bank_transactions_uk
2024-09-12,rent payment mortgage,1748.05,housing,simulated_bank_transactions_uk
2024-11-29,Bacs Mortgage Rent,676.79,housing,simulated_bank_transactions_uk
2024-11-19,transport/shell/fuel,28.99,transportation,simulated_bank_transactions_uk
2024-03-16,mortgage*payment*landlord,951.97,housing,simulated_bank_transactions_uk
2023-12-28,restaurant mcdonalds fast food 6767,18.49,dining,simulated_bank_transactions_uk
2024-01-31,MASTERCARD CONTACTLESS ICELAND EGGS 379359,91.13,groceries,simulated_bank_transactions_uk
2024-01-23,Pos-Tesco-Chicken 802538,10.08,groceries,simulated_bank_transactions_uk
2024-07-16,Card Pmt Currys Misc Expense 92383,27.81,other,simulated_bank_transactions_uk
2024-12-13,restaurant starbucks food delivery,112.69,dining,simulated_bank_transactions_uk
2023-06-23,Card Pmt Gym Group,26.56,subscriptions,simulated_bank_transactions_uk
2023-09-18,Fuel Tfl Bus Pass 832317,91.8,transportation,simulated_bank_transactions_uk
2024-10-27,Bacs Card Pmt Tesco Bread 8727,102.99,groceries,simulated_bank_transactions_uk
2024-09-28,CARD BACS LETTING AGENT RENT 900011,1939.91,housing,simulated_bank_transactions_uk
2024-11-14,BACS BACS MORTGAGE RENT 169136,721.35,housing,simulated_bank_transactions_uk
2024-07-28,CARD/PAYMENT/BP/BUS/PASS,9.92,transportation,simulated_bank_transactions_uk
2023-04-14,card pmt google *services 370064,13.24,subscriptions,simulated_bank_transactions_uk
2024-08-16,fps subscription spotify 449468,9.25,subscriptions,simulated_bank_transactions_uk
2023-03-11,Bacs/Landlord/Rent 339326,1189.16,housing,simulated_bank_transactions_uk
2023-07-28,Card/Pmt/Boots/Online/Purchase 378004,97.87,other,simulated_bank_transactions_uk
2023-09-11,food delivery pret fast food 509992,91.56,dining,simulated_bank_transactions_uk
2023-06-11,bacs landlord rent,1542.83,housing,simulated_bank_transactions_uk
2024-05-28,Bill Payment Scottishpower 645640,77.31,utilities,simulated_bank_transactions_uk
2023-01-07,sto online purchase superdrug misc e,29.52,other,simulated_bank_transactions_uk
2023-06-05,Rent Payment Mortgage,739.17,housing,simulated_bank_transactions_uk
2024-02-09,Visa Direct Debit O2 100786,83.32,utilities,simulated_bank_transactions_uk
2023-01-05,Mastercard Bacs Letting Agent Rent 915153,1007.52,housing,simulated_bank_transactions_uk
2023-02-16,SUBSCRIPTION DISNEY+ 366445,10.88,subscriptions,simulated_bank_transactions_uk
2024-03-12,utility bill severn trent,160.86,utilities,simulated_bank_transactions_uk
2023-04-26,food*delivery*greggs*restaurant 639232,8.14,dining,simulated_bank_transactions_uk
2023-09-08,direct debit brit,227.46,utilities,simulated_bank_transactions_uk
2024-05-12,Contactless Sainsburys Vegetables 777476,116.67,groceries,simulated_bank_transactions_uk
2024-12-06,RENT PAYMENT RENT 299524,1405.41,housing,simulated_bank_transactions_uk
2024-12-07,CARD PMT SAINSBURYS MILK 535,105.78,groceries,simulated_bank_transactions_uk
2023-03-23,POS MORRISONS VEGETABLES 937515,88.53,groceries,simulated_bank_transactions_uk
2023-08-06,contactless restaurant pret fast food 52766,130.72,dining,simulated_bank_transactions_uk
2023-11-13,POS PURCHASE EBAY ONLINE PU,141.03,other,simulated_bank_transactions_uk
2024-06-06,subscription google *services 411192,12.66,subscriptions,simulated_bank_transactions_uk
2023-03-16,Pos Purchase Boots Misc Expense 110908,19.72,other,simulated_bank_transactions_uk
2023-11-08,Card-Payment-Uber-Bus-Pass 679392,108.66,transportation,simulated_bank_transactions_uk
2024-04-21,Fps Card Pmt Kfc Food Delivery 215896,19.94,dining,simulated_bank_transactions_uk
2024-04-08,Direct Debit Rent Pmt Mortgage,1565.93,housing,simulated_bank_transactions_uk
2024-06-29,contactless asda bread,73.95,groceries,simulated_bank_transactions_uk
2024-09-30,Bill Payment Vodafone 335805,41.71,utilities,simulated_bank_transactions_uk
2023-07-26,Utility-Bill-Severn-,149.97,utilities,simulated_bank_transactions_uk
2023-07-29,TRANSPORT BOLT UBER RIDE 558113,29.27,transportation,simulated_bank_transactions_uk
2023-01-26,Visa-Bill-Pmt-Ee,179.88,utilities,simulated_bank_transactions_uk
2024-12-15,TRANSPORT ESSO TRAIN TICKET 223216,29.16,transportation,simulated_bank_transactions_uk
2024-11-30,POS ICELAND CHICKE,37.32,groceries,simulated_bank_transactions_uk
2023-06-14,Mortgage Pmt Mortgage 544747,1231.22,housing,simulated_bank_transactions_uk
2023-02-13,card pmt uber train ticket 792354,99.36,transportation,simulated_bank_transactions_uk
2024-04-23,Direct Debit Thames Water 918831,51.72,utilities,simulated_bank_transactions_uk
2023-08-09,Card*Pmt*Gym*Group,10.8,subscriptions,simulated_bank_transactions_uk
2023-03-27,UTILITY*BILL*SCOTTISHPOWER 50816,35.85,utilities,simulated_bank_transactions_uk
2023-04-26,Food Delivery Mcdonalds Fast Food 816981,77.31,dining,simulated_bank_transactions_uk
2024-04-24,card pmt superdrug misc expense 27725,148.12,other,simulated_bank_transactions_uk
2024-09-04,card payment superdrug misc expense 898028,111.32,other,simulated_bank_transactions_uk
2023-12-08,Pos-Morrisons-Bread 538857,50.02,groceries,simulated_bank_transactions_uk
2024-03-18,utility*bill*ee 276116,195.88,utilities,simulated_bank_transactions_uk
2023-06-24,Restaurant Uber Eats Restaurant,117.62,dining,simulated_bank_transactions_uk
2024-05-09,BILL PAYMENT OCTOPUS ENERGY 371613,95.75,utilities,simulated_bank_transactions_uk
2023-10-17,Bacs Mortgage Rent 702582,1799.98,housing,simulated_bank_transactions_uk
2024-09-14,bacs mortgage rent 390485,876.34,housing,simulated_bank_transactions_uk
2023-12-17,mastercard subscription apple.com/bill,7.12,subscriptions,simulated_bank_transactions_uk
2023-11-24,CONTACTLESS SAINSBURYS RICE 89674,50.39,groceries,simulated_bank_transactions_uk
2023-11-24,STO CONTACTLESS ASDA CHICKEN 650882,41.14,groceries,simulated_bank_transactions_uk
2023-03-05,DIRECT DEBIT THAMES WATER,137.67,utilities,simulated_bank_transactions_uk
2024-09-16,FPS BILL PMT THAMES WATER 571057,125.96,utilities,simulated_bank_transactions_uk
2024-07-26,CARD FOOD DELIVERY MCDONALDS RESTAURANT,110.87,dining,simulated_bank_transactions_uk
2024-02-07,DIRECT DEBIT RENT PAYMENT LETTING AGENT,1510.58,housing,simulated_bank_transactions_uk
2023-12-14,fps fuel esso bus pass,125.12,transportation,simulated_bank_transactions_uk
2023-01-08,CONTACTLESS CARD PMT NETFLIX 663285,30.13,subscriptions,simulated_bank_transactions_uk
2024-03-28,MASTERCARD POS SAINSBURYS RICE 196775,135.71,groceries,simulated_bank_transactions_uk
2023-09-06,Utility*Bill*Thames*Water 352323,246.02,utilities,simulated_bank_transactions_uk
2023-05-01,MORTGAGE PMT LETTING AGENT,1390.59,housing,simulated_bank_transactions_uk
2024-01-05,direct debit pos purchase nhs online purchase 335893,22.17,other,simulated_bank_transactions_uk
2023-03-06,Pos-Iceland-Milk 591204,113.46,groceries,simulated_bank_transactions_uk
2024-03-13,CARD PAYMENT CURRYS ONLINE PURCHASE 471391,40.58,other,simulated_bank_transactions_uk
2024-09-24,Direct Debit Severn Trent 8,46.06,utilities,simulated_bank_transactions_uk
2023-02-12,CARD/PMT/APPLE.COM/BILL,11.26,subscriptions,simulated_bank_transactions_uk
2024-11-21,RESTAURANT MCDONALDS FAST FOOD 713783,12.44,dining,simulated_bank_transactions_uk
2023-10-07,DIRECT DEBIT FOOD DELIVERY DELIVEROO FOOD DELIVERY 63644,107.85,dining,simulated_bank_transactions_uk
2023-04-01,POS-PURCHASE-NHS-MISC-EXPENSE 707207,120.89,other,simulated_bank_transactions_uk
2023-10-06,Food Delivery Nando's Restaurant 577149,101.24,dining,simulated_bank_transactions_uk
2024-08-03,CARD*PMT*SPOTIFY 915457,35.02,subscriptions,simulated_bank_transactions_uk
2023-07-19,Restaurant Uber Eats Food Delivery 904716,84.75,dining,simulated_bank_transactions_uk
2023-09-18,bacs rent rent,1937.46,housing,simulated_bank_transactions_uk
2024-11-07,Card Payment Boots Online Purchase 841331,68.83,other,simulated_bank_transactions_uk
2024-12-02,subscription google *services 23,15.42,subscriptions,simulated_bank_transactions_uk
2024-11-04,Sto-Pos-Morrisons-Bread 849245,82.73,groceries,simulated_bank_transactions_uk
2023-04-13,Subscription Netflix 736186,36.99,subscriptions,simulated_bank_transactions_uk
2023-12-10,Card Pmt Ebay Misc Expense,123.68,other,simulated_bank_transactions_uk
2024-04-20,rent payment letting agent 497448,1573.28,housing,simulated_bank_transactions_uk
2024-08-21,restaurant-uber-eats-fast-food,135.61,dining,simulated_bank_transactions_uk
2024-08-01,Pos Purchase Argos Misc Expense 991069,22.0,other,simulated_bank_transactions_uk
2024-05-10,FPS RESTAURANT STARBUCKS FOOD DELIVERY 996873,7.26,dining,simulated_bank_transactions_uk
2023-04-07,Card/Pmt/Sainsburys/Chicken 5768,25.53,groceries,simulated_bank_transactions_uk
2023-03-18,FOOD DELIVERY JUST EAT FAST FOOD 608048,48.04,dining,simulated_bank_transactions_uk
2023-02-11,direct debit restaurant costa fast food,114.48,dining,simulated_bank_transactions_uk
2023-09-15,Card Utility Bill British Gas,152.13,utilities,simulated_bank_transactions_uk
2024-05-31,Rent Pmt Letting Agent 281792,1027.47,housing,simulated_bank_transactions_uk
2024-11-03,ONLINE/PURCHASE/BOOTS/ONLINE/PURCHASE 877106,67.74,other,simulated_bank_transactions_uk
2023-03-02,Utility*Bill*Thames*Water 777059,190.28,utilities,simulated_bank_transactions_uk
2023-07-06,FPS SUBSCRIPTION GYM GROUP 46724,27.55,subscriptions,simulated_bank_transactions_uk
2023-08-30,Bacs Card Payment Amazon Prime,24.45,subscriptions,simulated_bank_transactions_uk
2024-04-14,Transport*Bolt*Fuel 13540,28.67,transportation,simulated_bank_transactions_uk
2024-12-18,Fps/Direct/Debit/Octopus/Energy 155514,189.45,utilities,simulated_bank_transactions_uk
2023-06-17,Contactless Card Payment Just Eat Food Delivery,95.17,dining,simulated_bank_transactions_uk
2023-09-06,bacs mortgage rent,1741.81,housing,simulated_bank_transactions_uk
2024-09-12,CARD PMT NETFLIX 124353,19.83,subscriptions,simulated_bank_transactions_uk
2023-10-21,CARD-ONLINE-PURCHASE-HMRC-MISC-EXPENSE 288223,115.57,other,simulated_bank_transactions_uk
2023-09-12,DIRECT-DEBIT-CARD-PAYMENT-DISNEY+ 549521,28.71,subscriptions,simulated_bank_transactions_uk
2024-02-07,subscription google *services,30.3,subscriptions,simulated_bank_transactions_uk
2023-09-03,Pos Purchase Currys Misc Expense 60104,22.24,other,simulated_bank_transactions_uk
2024-11-08,Card/Payment/Gym/Group 5,24.35,subscriptions,simulated_bank_transactions_uk
2023-06-09,Card*Payment*Starbucks*Fast*Food 477158,27.41,dining,simulated_bank_transactions_uk
2023-08-20,card payment starbucks restaurant 277775,52.02,dining,simulated_bank_transactions_uk
2023-01-04,online purchase hmrc online purchase 894930,128.96,other,simulated_bank_transactions_uk
2023-04-17,restaurant uber eats food delivery,26.23,dining,simulated_bank_transactions_uk
2023-10-04,FOOD DELIVERY NANDO'S FAST FOOD 932016,31.58,dining,simulated_bank_transactions_uk
2024-12-08,ONLINE PURCHASE EBAY ONLINE PURCHASE 664131,20.15,other,simulated_bank_transactions_uk
2023-09-19,direct debit ee 397992,181.74,utilities,simulated_bank_transactions_uk
2023-08-05,Fps Rent Pmt Landlord 120675,1823.13,housing,simulated_bank_transactions_uk
2024-06-24,fps*restaurant*kfc*restaurant 967410,120.56,dining,simulated_bank_transactions_uk
2024-01-09,Direct Debit Google *services,12.6,subscriptions,simulated_bank_transactions_uk
2023-09-30,Card Pmt Pret Restaurant 9,44.65,dining,simulated_bank_transactions_uk
2023-05-01,card*pmt*shell*bus*pass 267930,120.48,transportation,simulated_bank_transactions_uk
2023-05-31,Sto Mortgage Pmt Letting Agent,1819.77,housing,simulated_bank_transactions_uk
2023-12-14,Card Payment Aldi Milk,18.47,groceries,simulated_bank_transactions_uk
2024-08-04,FUEL-TRAINLINE-BUS-PASS 216274,46.08,transportation,simulated_bank_transactions_uk
2023-06-20,Card Card Pmt Bolt Fuel,97.31,transportation,simulated_bank_transactions_uk
2024-06-28,pos purchase ebay online purchase 838569,95.87,other,simulated_bank_transactions_uk
2023-11-04,Bacs/Letting/Agent/Rent 289038,1475.64,housing,simulated_bank_transactions_uk
2024-01-11,Restaurant Uber Eats Restaurant 56249,77.33,dining,simulated_bank_transactions_uk
2023-05-06,pos lidl bread,94.73,groceries,simulated_bank_transactions_uk
2024-10-19,card*pmt*mcdonalds*fast*food 367695,113.61,dining,simulated_bank_transactions_uk
2023-10-23,subscription gym group 77047,28.12,subscriptions,simulated_bank_transactions_uk
2023-07-29,So Utility Bill British Gas,127.0,utilities,simulated_bank_transactions_uk
2024-09-28,So Card Pmt Shell Train Ticket 866637,98.82,transportation,simulated_bank_transactions_uk
2024-10-22,Sto*Direct*Debit*Amazon*Prime 743022,18.11,subscriptions,simulated_bank_transactions_uk
2023-03-04,Direct Debit Apple.com/bill 616959,34.89,subscriptions,simulated_bank_transactions_uk
2023-09-25,RESTAURANT-DELIVEROO-FAST-FOOD 536176,122.0,dining,simulated_bank_transactions_uk
2023-08-14,Transport Bp Uber Ride 95495,120.15,transportation,simulated_bank_transactions_uk
2024-08-05,Online Purchase Superdrug Misc Expense 998164,73.58,other,simulated_bank_transactions_uk
2024-07-25,Direct Debit Severn Trent 466481,240.73,utilities,simulated_bank_transactions_uk
2023-03-20,Direct Debit E.on 753013,73.25,utilities,simulated_bank_transactions_uk
2023-05-24,Fps Pos Iceland Vegetables,76.97,groceries,simulated_bank_transactions_uk
2023-09-02,Card Payment Esso Fuel 67586,147.01,transportation,simulated_bank_transactions_uk
2024-01-29,Bacs/Rent/Rent,1552.78,housing,simulated_bank_transactions_uk
2024-10-12,Bill Payment E.on 87802,40.44,utilities,simulated_bank_transactions_uk
2023-01-14,contactless iceland eggs,95.89,groceries,simulated_bank_transactions_uk
2024-08-27,CARD/PAYMENT/GREGGS/FAST/FOOD,111.25,dining,simulated_bank_transactions_uk
2024-01-22,Card Payment Uber Eats Restaurant,109.63,dining,simulated_bank_transactions_uk
2024-04-01,CARD PAYMENT NHS MISC EXPENSE,38.62,other,simulated_bank_transactions_uk
2023-05-31,TRANSPORT-SHELL-UBER-RIDE 64891,132.5,transportation,simulated_bank_transactions_uk
2024-05-17,pos purchase nhs online purchase,79.27,other,simulated_bank_transactions_uk
2023-01-10,subscription amazon prime 9145,18.5,subscriptions,simulated_bank_transactions_uk
2023-09-30,RESTAURANT NANDO'S RESTAURANT 532169,127.88,dining,simulated_bank_transactions_uk
2023-01-10,card/payment/mcdonalds/restaurant 442471,54.45,dining,simulated_bank_transactions_uk
2023-11-23,pos aldi milk,135.36,groceries,simulated_bank_transactions_uk
2023-07-15,CONTACTLESS ICELAND BREAD 912692,109.89,groceries,simulated_bank_transactions_uk
2023-09-18,CARD PAYMENT SAINSBURYS RICE 977029,9.48,groceries,simulated_bank_transactions_uk
2024-05-07,online purchase nhs online purchase 148542,30.53,other,simulated_bank_transactions_uk
2024-06-07,Contactless Direct Debit O2 369683,241.69,utilities,simulated_bank_transactions_uk
2024-07-21,visa direct debit sky,67.98,utilities,simulated_bank_transactions_uk
2024-12-19,Contactless Restaurant Kfc Restaurant 789452,41.85,dining,simulated_bank_transactions_uk
2024-04-18,direct debit disney+ 959096,18.02,subscriptions,simulated_bank_transactions_uk
2024-10-13,direct debit google *services 377418,26.63,subscriptions,simulated_bank_transactions_uk
2023-09-25,CARD PAYMENT BOOTS MISC EXPENSE 289669,77.27,other,simulated_bank_transactions_uk
2023-10-20,STO-DIRECT-DEBIT-SEVERN-TRENT,172.41,utilities,simulated_bank_transactions_uk
2023-05-20,POS LIDL EGGS,126.21,groceries,simulated_bank_transactions_uk
2024-05-02,Fuel-Bp-Fuel 863205,5.03,transportation,simulated_bank_transactions_uk
2024-06-30,UTILITY BILL EE 706101,185.22,utilities,simulated_bank_transactions_uk
2023-12-29,RESTAURANT-COSTA-RESTAURANT 893662,108.61,dining,simulated_bank_transactions_uk
2023-11-26,visa direct debit spotify 5917,29.66,subscriptions,simulated_bank_transactions_uk
2024-04-26,rent payment mortgage 31,1053.14,housing,simulated_bank_transactions_uk
2024-05-16,Mortgage Pmt Rent,1654.93,housing,simulated_bank_transactions_uk
2023-11-18,Mortgage Pmt Rent 807421,640.2,housing,simulated_bank_transactions_uk
2024-11-06,CARD PAYMENT GREGGS FAST FOOD 786204,87.49,dining,simulated_bank_transactions_uk
2024-03-20,online purchase amazon online purchase 143128,60.32,other,simulated_bank_transactions_uk
2024-10-02,sto contactless lidl rice,48.85,groceries,simulated_bank_transactions_uk
2023-08-12,CONTACTLESS-SAINSBURYS-MILK,57.24,groceries,simulated_bank_transactions_uk
2023-11-21,Direct Debit Gym Group 916871,23.74,subscriptions,simulated_bank_transactions_uk
2023-08-24,Contactless/Pos/Asda/Eggs 638190,123.14,groceries,simulated_bank_transactions_uk
2024-03-20,CARD-PMT-APPLE.COM/BILL 673367,16.94,subscriptions,simulated_bank_transactions_uk
2024-07-18,MORTGAGE PAYMENT RENT 354094,1343.03,housing,simulated_bank_transactions_uk
2024-03-11,POS BACS LETTING AGENT RENT 824721,1949.36,housing,simulated_bank_transactions_uk
2024-01-01,rent pmt letting agent 854849,1186.8,housing,simulated_bank_transactions_uk
2024-02-07,Sto Card Payment Bp Fuel 720118,136.36,transportation,simulated_bank_transactions_uk
2023-03-25,pos sainsburys rice,51.02,groceries,simulated_bank_transactions_uk
2023-04-01,Mastercard/Pos/Purchase/Argos/Online/Purchase 267229,15.8,other,simulated_bank_transactions_uk
2023-05-21,subscription gym group 548612,10.78,subscriptions,simulated_bank_transactions_uk
2023-10-20,Pos-Food-Delivery-Nando's-Fast-Food 161268,126.25,dining,simulated_bank_transactions_uk
2023-05-14,Pos Tesco Chicken 890871,6.43,groceries,simulated_bank_transactions_uk
2023-10-28,Pos Purchase Superdrug Misc Expense 987852,53.75,other,simulated_bank_transactions_uk
2024-09-13,Fps Pos Asda Chicken 918803,54.31,groceries,simulated_bank_transactions_uk
2023-12-11,Rent Payment Landlord 620877,1122.9,housing,simulated_bank_transactions_uk
2024-04-09,bacs utility bill thames water 885528,133.54,utilities,simulated_bank_transactions_uk
2024-04-02,mastercard online purchase argos misc expense 118795,8.6,other,simulated_bank_transactions_uk
2023-11-27,Mortgage Pmt Mortgage 924108,1897.15,housing,simulated_bank_transactions_uk
2023-09-16,Mastercard Restaurant Costa Restaurant 597122,74.42,dining,simulated_bank_transactions_uk
2023-06-08,DIRECT*DEBIT*GOOGLE**SERVICES,17.34,subscriptions,simulated_bank_transactions_uk
2023-12-05,TRANSPORT ESSO UBER RIDE,28.06,transportation,simulated_bank_transactions_uk
2024-08-29,Card Payment Amazon Misc Expense 879400,64.64,other,simulated_bank_transactions_uk
2024-05-18,pos purchase argos online purchase 701293,15.1,other,simulated_bank_transactions_uk
2023-06-11,online purchase nhs misc expense 347039,116.61,other,simulated_bank_transactions_uk
2024-10-11,STO POS PURCHASE EBAY MISC EXPENSE 964376,89.58,other,simulated_bank_transactions_uk
2024-03-14,utility bill octopus energy,197.37,utilities,simulated_bank_transactions_uk
2024-10-01,Card Pmt Bp Train Ticket 98421,33.73,transportation,simulated_bank_transactions_uk
2024-08-21,Restaurant Just Eat Fast Food 986836,40.45,dining,simulated_bank_transactions_uk
2023-08-18,Direct-Debit-Amazon-Prim,7.11,subscriptions,simulated_bank_transactions_uk
2023-03-02,MORTGAGE PMT RENT 110067,1212.72,housing,simulated_bank_transactions_uk
2023-03-26,SUBSCRIPTION GOOGLE *SERVICES,16.99,subscriptions,simulated_bank_transactions_uk
2023-11-24,bill payment ee,154.13,utilities,simulated_bank_transactions_uk
2024-12-12,Card Pmt Nando's Fast Food 712563,35.54,dining,simulated_bank_transactions_uk
2024-11-22,Direct Debit Disney+ 810789,39.76,subscriptions,simulated_bank_transactions_uk
2023-06-14,Direct Debit Amazon Prime 759,13.67,subscriptions,simulated_bank_transactions_uk
2024-03-20,subscription puregym 347003,15.93,subscriptions,simulated_bank_transactions_uk
2023-12-29,MORTGAGE PMT LETTING AGENT 228914,683.37,housing,simulated_bank_transactions_uk
2023-09-27,UTILITY BILL VODAFONE 694326,84.13,utilities,simulated_bank_transactions_uk
2024-09-05,Restaurant*Nando's*Restaurant 932732,13.14,dining,simulated_bank_transactions_uk
2024-04-04,Card Pmt Nando's Food Delivery 651752,75.92,dining,simulated_bank_transactions_uk
2024-09-09,BILL PAYMENT BT,228.43,utilities,simulated_bank_transactions_uk
2024-12-09,Online/Purchase/Currys/Online/Purchase 925955,99.87,other,simulated_bank_transactions_uk
2024-09-19,VISA CARD PMT SPOTIFY 383575,29.92,subscriptions,simulated_bank_transactions_uk
2024-01-29,contactless aldi rice 340371,15.5,groceries,simulated_bank_transactions_uk
2024-11-24,Pos Iceland Bread 840175,32.74,groceries,simulated_bank_transactions_uk
2023-10-16,BILL PMT SCOTTISHPOWER,112.22,utilities,simulated_bank_transactions_uk
2023-09-13,POS ASDA CHICKEN,98.57,groceries,simulated_bank_transactions_uk
2024-03-16,Food Delivery Deliveroo Food Delivery 800386,121.24,dining,simulated_bank_transactions_uk
2023-01-17,card*pmt*sainsburys*vegetables 889736,29.57,groceries,simulated_bank_transactions_uk
2024-07-20,Mastercard Mortgage Pmt Letting Agent 622337,1259.72,housing,simulated_bank_transactions_uk
2023-03-10,Bacs Subscription Spotify 742590,28.95,subscriptions,simulated_bank_transactions_uk
2024-03-01,contactless/lidl/chicken,38.32,groceries,simulated_bank_transactions_uk
2024-02-28,BACS FOOD DELIVERY UBER EATS FOOD DELIVERY 263084,146.54,dining,simulated_bank_transactions_uk
2024-04-10,Mastercard Food Delivery Starbucks Fast Food 8865,118.12,dining,simulated_bank_transactions_uk
2024-01-22,direct/debit/thames/water 760059,239.91,utilities,simulated_bank_transactions_uk
2023-12-05,Fuel Esso Bus Pass 462721,54.24,transportation,simulated_bank_transactions_uk
2024-05-31,Card*Payment*Disney+ 563784,36.48,subscriptions,simulated_bank_transactions_uk
2024-12-13,fps pos waitrose chicken 987495,51.63,groceries,simulated_bank_transactions_uk
2023-04-24,Card Payment Esso Train Ticket 47138,55.66,transportation,simulated_bank_transactions_uk
2024-10-01,CONTACTLESS-WAITROSE-MILK 639769,23.54,groceries,simulated_bank_transactions_uk
2023-02-20,Bill Pmt Sky 188547,81.71,utilities,simulated_bank_transactions_uk
2024-12-08,Direct Debit Disney+ 232334,9.74,subscriptions,simulated_bank_transactions_uk
2023-07-30,DIRECT-DEBIT-O2,223.33,utilities,simulated_bank_transactions_uk
2024-11-01,fuel esso uber ride,48.76,transportation,simulated_bank_transactions_uk
2024-04-20,Card Pmt Gym Group,32.49,subscriptions,simulated_bank_transactions_uk
2023-01-18,pos tesco bread 74882,58.35,groceries,simulated_bank_transactions_uk
2024-03-08,RESTAURANT-JUST-EAT-RESTAURANT,120.64,dining,simulated_bank_transactions_uk
2023-04-19,Mastercard Contactless Waitrose Rice 964236,67.68,groceries,simulated_bank_transactions_uk
2023-11-01,Transport Bp Uber Ride,112.71,transportation,simulated_bank_transactions_uk
2023-04-20,card pmt esso fuel 466919,67.24,transportation,simulated_bank_transactions_uk
2023-09-08,Card Payment Kfc Fast Food,85.69,dining,simulated_bank_transactions_uk
2024-08-15,Rent Payment Mortgage 354744,1234.43,housing,simulated_bank_transactions_uk
2024-08-20,restaurant costa restaurant 647270,11.02,dining,simulated_bank_transactions_uk
2023-12-02,mastercard transport shell uber ride 479112,67.21,transportation,simulated_bank_transactions_uk
2023-12-20,Pos/Purchase/Hmrc/Misc/Expense 7105,137.98,other,simulated_bank_transactions_uk
2024-01-05,Bill-Pmt-Sky 890950,192.92,utilities,simulated_bank_transactions_uk
2023-04-25,Bacs Subscription Puregym 854242,21.17,subscriptions,simulated_bank_transactions_uk
2024-06-27,Direct Debit Bt 95,148.14,utilities,simulated_bank_transactions_uk
2024-08-26,Pos/Purchase/Nhs/Online/Purchase 316434,89.99,other,simulated_bank_transactions_uk
2024-01-29,visa transport bolt bus pass 475116,142.9,transportation,simulated_bank_transactions_uk
2024-12-24,rent payment rent,694.11,housing,simulated_bank_transactions_uk
2024-11-03,BACS LANDLORD RENT 922397,1743.1,housing,simulated_bank_transactions_uk
2023-11-26,CARD PAYMENT NATIONAL RAIL BUS PASS 912939,66.59,transportation,simulated_bank_transactions_uk
2023-09-22,Utility Bill Bt 33404,31.3,utilities,simulated_bank_transactions_uk
2023-06-09,contactless*morrisons*eggs 983490,27.97,groceries,simulated_bank_transactions_uk
2024-01-10,CARD*PAYMENT*BOOTS*MISC*EXPE,75.84,other,simulated_bank_transactions_uk
2023-01-10,Card Pmt National Rail Bus Pass,75.58,transportation,simulated_bank_transactions_uk
2024-04-26,Card Payment Argos Online Purchase 488718,76.81,other,simulated_bank_transactions_uk
2023-12-21,ONLINE PURCHASE NHS MISC EXPENSE 546472,91.07,other,simulated_bank_transactions_uk
2024-12-02,POS PURCHASE BOOTS ONLINE PURCHASE,21.37,other,simulated_bank_transactions_uk
2023-02-14,Fuel National Rail Fuel 707834,69.36,transportation,simulated_bank_transactions_uk
2024-10-19,Rent Pmt Letting Agent,800.55,housing,simulated_bank_transactions_uk
2024-05-30,fuel bolt uber ride,112.21,transportation,simulated_bank_transactions_uk
2024-11-13,Card/Mortgage/Payment/Landlord,1567.67,housing,simulated_bank_transactions_uk
2024-12-29,Pos Pos Waitrose Rice 54272,74.08,groceries,simulated_bank_transactions_uk
2023-10-04,direct debit card payment iceland vegetables 656334,75.81,groceries,simulated_bank_transactions_uk
2024-02-28,rent/pmt/landlord 808249,947.47,housing,simulated_bank_transactions_uk
2023-01-13,pos-aldi-bread 522137,100.55,groceries,simulated_bank_transactions_uk
2024-12-02,bacs landlord rent 141924,778.5,housing,simulated_bank_transactions_uk
2024-05-07,rent pmt mortgage,975.47,housing,simulated_bank_transactions_uk
2023-10-23,Transport-Bolt-Train-Ticket 910925,74.71,transportation,simulated_bank_transactions_uk
2024-11-13,Mortgage/Pmt/Letting/Agent 476704,1596.28,housing,simulated_bank_transactions_uk
2024-07-29,SO CARD PAYMENT AMAZON ONLINE PURCHASE 568593,130.77,other,simulated_bank_transactions_uk
2024-05-29,ONLINE PURCHASE CURRYS MISC EXPENSE 43059,75.01,other,simulated_bank_transactions_uk
2024-11-27,card/payment/esso/uber/ride 663395,144.04,transportation,simulated_bank_transactions_uk
2024-02-05,card/payment/lidl/rice,136.37,groceries,simulated_bank_transactions_uk
2024-04-24,CARD/PMT/AMAZON/PRIME 819213,17.55,subscriptions,simulated_bank_transactions_uk
2024-03-01,Contactless Asda Vegetables 464021,50.79,groceries,simulated_bank_transactions_uk
2024-07-27,MORTGAGE PAYMENT RENT,1189.92,housing,simulated_bank_transactions_uk
2024-03-06,SO/SUBSCRIPTION/GOOGLE/*SERVICES 933182,24.8,subscriptions,simulated_bank_transactions_uk
2023-01-15,CONTACTLESS MORTGAGE PAYMENT LETTING AGENT,1170.27,housing,simulated_bank_transactions_uk
2024-12-13,CARD PAYMENT ESSO BUS PASS,49.1,transportation,simulated_bank_transactions_uk
2023-03-15,Card Payment Kfc Restaurant 765980,129.95,dining,simulated_bank_transactions_uk
2023-07-12,UTILITY-BILL-SKY,121.37,utilities,simulated_bank_transactions_uk
2023-03-18,Utility Bill Ee,111.72,utilities,simulated_bank_transactions_uk
2023-03-10,card pmt google *services 709557,26.24,subscriptions,simulated_bank_transactions_uk
2024-12-27,SUBSCRIPTION SPOTIFY 891169,10.09,subscriptions,simulated_bank_transactions_uk
2023-11-16,food delivery just eat food delivery,69.3,dining,simulated_bank_transactions_uk
2024-07-20,Subscription Gym Group 819053,25.29,subscriptions,simulated_bank_transactions_uk
2024-06-03,So Fuel Esso Fuel 903226,86.95,transportation,simulated_bank_transactions_uk
2024-03-11,Rent Payment Rent 929682,719.38,housing,simulated_bank_transactions_uk
2023-02-22,CARD*UTILITY*BILL*VODAFONE,138.83,utilities,simulated_bank_transactions_uk
2023-07-07,FUEL UBER TRAIN TICKET,60.14,transportation,simulated_bank_transactions_uk
2024-03-08,bill payment vodafon,190.99,utilities,simulated_bank_transactions_uk
2023-05-04,Transport-Bolt-Train-Ticket 481588,37.55,transportation,simulated_bank_transactions_uk
2023-01-11,Utility Bill Thames Water 784934,159.01,utilities,simulated_bank_transactions_uk
2023-04-21,contactless aldi ric,60.4,groceries,simulated_bank_transactions_uk
2024-05-29,ONLINE PURCHASE AMAZON ONLINE PURCHASE 856192,86.89,other,simulated_bank_transactions_uk
2024-11-29,online purchase superdrug misc expense 67,38.83,other,simulated_bank_transactions_uk
2023-12-21,Mortgage Payment Letting Agent 671607,1107.95,housing,simulated_bank_transactions_uk
2023-06-27,Direct*Debit*Ee 147178,203.39,utilities,simulated_bank_transactions_uk
2024-04-26,Bill Pmt Octopus Energy 409982,106.63,utilities,simulated_bank_transactions_uk
2024-09-27,DIRECT*DEBIT*SKY,112.22,utilities,simulated_bank_transactions_uk
2023-11-13,Mortgage Payment Letting Agent,1451.18,housing,simulated_bank_transactions_uk
2023-11-02,CARD-PMT-SUPERDRUG-ONLINE-PURCHASE 119775,3.27,other,simulated_bank_transactions_uk
2023-06-13,card payment tesco vegetables 585853,8.19,groceries,simulated_bank_transactions_uk
2023-05-11,FOOD*DELIVERY*STARBUCKS*RESTAURANT 388785,5.71,dining,simulated_bank_transactions_uk
2023-11-08,mastercard fuel trainline train ticket 946521,107.29,transportation,simulated_bank_transactions_uk
2023-11-29,CARD PMT EBAY MISC EXPENSE 623075,33.43,other,simulated_bank_transactions_uk
2023-03-24,Fps Bill Pmt Vodafone,214.59,utilities,simulated_bank_transactions_uk
2023-06-04,Contactless Iceland Chicken 683863,78.68,groceries,simulated_bank_transactions_uk
2024-07-07,Card Pmt Iceland Bread 389781,125.72,groceries,simulated_bank_transactions_uk
2024-11-19,POS-ALDI-VEGETABLES 285550,126.93,groceries,simulated_bank_transactions_uk
2023-05-23,Mortgage*Payment*Rent,1978.96,housing,simulated_bank_transactions_uk
2024-10-27,Bacs-Mortgage-Rent 993048,879.82,housing,simulated_bank_transactions_uk
2023-06-17,sto rent payment letting agent 595653,731.44,housing,simulated_bank_transactions_uk
2023-01-31,Subscription/Puregym,32.83,subscriptions,simulated_bank_transactions_uk
2024-03-10,Card Pmt Nhs Online Purchase 562618,96.72,other,simulated_bank_transactions_uk
2024-10-28,Food Delivery Uber Eats Fast Food 620714,36.59,dining,simulated_bank_transactions_uk
2024-10-27,MORTGAGE PAYMENT LETTING AGENT 7,1309.97,housing,simulated_bank_transactions_uk
2024-08-18,Direct Debit Severn Trent 421160,216.79,utilities,simulated_bank_transactions_uk
2024-12-01,Card/Payment/Spotify 193351,11.74,subscriptions,simulated_bank_transactions_uk
2023-06-27,CARD CARD PAYMENT JUST EAT FOOD DELIVERY 762084,10.24,dining,simulated_bank_transactions_uk
2023-08-19,Bacs-Mortgage-Pmt-Letting-Agent 125041,643.21,housing,simulated_bank_transactions_uk
2024-10-10,FOOD DELIVERY MCDONALDS FAST FOOD 629830,35.15,dining,simulated_bank_transactions_uk
2023-07-25,RENT PMT LETTING AGENT 654470,750.72,housing,simulated_bank_transactions_uk
2024-12-06,Bill Pmt E.on 952058,57.75,utilities,simulated_bank_transactions_uk
2024-04-07,RESTAURANT/NANDO'S/FOOD/DELIVERY 622519,51.51,dining,simulated_bank_transactions_uk
2023-12-17,online-purchase-amazon-online-purchase 823779,88.56,other,simulated_bank_transactions_uk
2024-01-14,Pos Tesco Vegetables 482419,39.68,groceries,simulated_bank_transactions_uk
2023-03-05,Restaurant Costa Food Delivery 201750,69.85,dining,simulated_bank_transactions_uk
2024-02-12,Restaurant Costa Restaurant 128464,21.49,dining,simulated_bank_transactions_uk
2024-09-29,card payment bolt train ticket,44.75,transportation,simulated_bank_transactions_uk
2023-06-13,FUEL UBER UBER RIDE,76.57,transportation,simulated_bank_transactions_uk
2023-06-23,online*purchase*nhs*online*purchase 688618,77.63,other,simulated_bank_transactions_uk
2023-05-04,Contactless Lidl Vegetables 589195,13.85,groceries,simulated_bank_transactions_uk
2024-02-28,fuel bp fuel 216054,67.93,transportation,simulated_bank_transactions_uk
2023-03-28,Card*Pmt*Bolt*Uber*Ride,39.18,transportation,simulated_bank_transactions_uk
2023-12-21,food/delivery/kfc/fast/food,67.75,dining,simulated_bank_transactions_uk
2024-02-01,Utility Bill Sky,184.69,utilities,simulated_bank_transactions_uk
2024-11-03,Pos Iceland Chicken 842074,99.36,groceries,simulated_bank_transactions_uk
2023-05-15,Transport Uber Uber Ride,133.74,transportation,simulated_bank_transactions_uk
2023-10-31,Card/Payment/Netflix 134138,14.22,subscriptions,simulated_bank_transactions_uk
2024-05-06,Bill Pmt Bt,100.36,utilities,simulated_bank_transactions_uk
2023-03-20,Card Payment Nhs Misc Expense,129.93,other,simulated_bank_transactions_uk
2024-03-23,so bacs landlord rent 858146,1350.48,housing,simulated_bank_transactions_uk
2023-02-04,fuel national rail bus pass,5.42,transportation,simulated_bank_transactions_uk
2024-02-14,BACS RENT RENT,1432.07,housing,simulated_bank_transactions_uk
2023-08-02,So*Rent*Payment*Rent 116221,798.31,housing,simulated_bank_transactions_uk
2024-01-09,MASTERCARD/SUBSCRIPTION/NETFLIX 842107,30.94,subscriptions,simulated_bank_transactions_uk
2023-01-16,ONLINE PURCHASE BOOTS ONLINE PURCHASE 186893,59.39,other,simulated_bank_transactions_uk
2023-03-31,CARD PAYMENT MORRISONS CHICKEN 92766,117.69,groceries,simulated_bank_transactions_uk
2024-07-29,bill*pmt*scottishpower 9,114.23,utilities,simulated_bank_transactions_uk
2024-02-24,Mastercard Pos Purchase Amazon Misc Expense 623843,101.69,other,simulated_bank_transactions_uk
2024-07-01,Fps-Contactless-Iceland-Vegetables,81.06,groceries,simulated_bank_transactions_uk
2024-11-15,POS LIDL RICE,22.96,groceries,simulated_bank_transactions_uk
2024-10-11,DIRECT DEBIT DIRECT DEBIT E.ON 707717,228.7,utilities,simulated_bank_transactions_uk
2023-03-10,BACS MORTGAGE RENT,1368.79,housing,simulated_bank_transactions_uk
2024-03-13,Direct Debit Octopus Energy,157.12,utilities,simulated_bank_transactions_uk
2023-08-14,restaurant kfc fast food 814096,66.01,dining,simulated_bank_transactions_uk
2023-07-24,Card Pmt Costa Re,141.81,dining,simulated_bank_transactions_uk
2024-05-30,mortgage/payment/landlord 621466,1684.08,housing,simulated_bank_transactions_uk
2024-04-16,utility bill ee 576120,136.26,utilities,simulated_bank_transactions_uk
2023-12-22,MORTGAGE PAYMENT RENT 977737,1575.13,housing,simulated_bank_transactions_uk
2024-05-17,RESTAURANT-DELIVEROO-FOOD-DELIVERY,129.0,dining,simulated_bank_transactions_uk
2023-07-18,CARD PMT ARGOS MISC EXPENSE 381914,126.33,other,simulated_bank_transactions_uk
2023-09-24,Direct Debit Google *services 294320,6.19,subscriptions,simulated_bank_transactions_uk
2023-09-07,card pmt greggs fast food 986848,32.58,dining,simulated_bank_transactions_uk
2024-09-03,Card Payment Asda Rice 161662,39.93,groceries,simulated_bank_transactions_uk
2023-12-16,sto*contactless*waitrose*ch,142.1,groceries,simulated_bank_transactions_uk
2024-10-31,Transport*National*Rail*Fuel,134.46,transportation,simulated_bank_transactions_uk
2024-11-07,Card Pmt Puregym 694422,13.44,subscriptions,simulated_bank_transactions_uk
2024-05-29,direct/debit/card/pmt/iceland/eggs,79.07,groceries,simulated_bank_transactions_uk
2023-06-14,RESTAURANT JUST EAT FOOD DELIVERY,21.3,dining,simulated_bank_transactions_uk
2023-05-20,CARD PMT BP TRAIN TICKET 698551,147.21,transportation,simulated_bank_transactions_uk
2023-05-11,CONTACTLESS CARD PMT AMAZON PRIME 77,35.88,subscriptions,simulated_bank_transactions_uk
2024-06-04,card pmt trainline bus pass,147.71,transportation,simulated_bank_transactions_uk
2023-12-02,Pos Asda Vegetables,7.8,groceries,simulated_bank_transactions_uk
2023-10-28,DIRECT DEBIT DISNEY+,34.73,subscriptions,simulated_bank_transactions_uk
2024-09-14,CARD*PMT*MCDONALDS*RESTAURANT 919927,125.3,dining,simulated_bank_transactions_uk
2023-01-14,Online*Purchase*Ebay*Misc*Expense,115.98,other,simulated_bank_transactions_uk
2024-08-16,CONTACTLESS ICELAND MILK 104470,13.34,groceries,simulated_bank_transactions_uk
2024-04-06,Bacs*Letting*Agent*Rent 576532,1895.3,housing,simulated_bank_transactions_uk
2024-12-27,Direct Debit Scottishpower,127.03,utilities,simulated_bank_transactions_uk
2024-02-16,CONTACTLESS UTILITY BILL SEVERN TRENT,92.27,utilities,simulated_bank_transactions_uk
2024-10-13,Pos Online Purchase Nhs Online Purchase 102806,123.58,other,simulated_bank_transactions_uk
2023-04-18,Contactless Morrisons Chicken 727585,91.84,groceries,simulated_bank_transactions_uk
2024-08-12,Bill Pmt British Gas,99.95,utilities,simulated_bank_transactions_uk
2023-08-13,Pos/Card/Pmt/Kfc/Fast/Food 290712,12.95,dining,simulated_bank_transactions_uk
2023-10-28,bill payment bt 818765,32.92,utilities,simulated_bank_transactions_uk
2024-01-03,Direct Debit Thames Water 431863,186.14,utilities,simulated_bank_transactions_uk
2024-08-19,MASTERCARD BACS LETTING AGENT RENT 430959,1953.07,housing,simulated_bank_transactions_uk
2023-11-04,Mastercard/Mortgage/Pmt/Mortgage 138077,1094.72,housing,simulated_bank_transactions_uk
2023-06-20,Card Payment Boots Online Purchase 63662,87.94,other,simulated_bank_transactions_uk
2024-08-01,Mortgage Pmt Rent 363231,854.02,housing,simulated_bank_transactions_uk
2024-08-26,food delivery kfc food delivery 685286,94.85,dining,simulated_bank_transactions_uk
2023-05-23,CARD PAYMENT LIDL VEGETABLES 873845,103.44,groceries,simulated_bank_transactions_uk
2024-02-03,BILL PAYMENT BRITISH GAS 335089,247.2,utilities,simulated_bank_transactions_uk
2024-10-09,pos purchase boots misc expense,8.33,other,simulated_bank_transactions_uk
2024-06-20,restaurant just eat restaurant 81000,126.71,dining,simulated_bank_transactions_uk
2023-07-26,direct debit spotify 773483,34.31,subscriptions,simulated_bank_transactions_uk
2023-08-06,Sto Pos Purchase Boots Misc Expense,5.45,other,simulated_bank_transactions_uk
2023-08-12,Card Payment Amazon Prime 673521,21.46,subscriptions,simulated_bank_transactions_uk
2024-10-30,subscription-spotify 478304,28.42,subscriptions,simulated_bank_transactions_uk
2024-02-22,direct debit o2 586168,142.32,utilities,simulated_bank_transactions_uk
2023-07-29,UTILITY/BILL/OCTOPUS/ENERGY,155.06,utilities,simulated_bank_transactions_uk
2024-01-27,Mortgage-Payment-Landlord 3,852.5,housing,simulated_bank_transactions_uk
2023-12-23,Direct Debit E.on 397672,133.82,utilities,simulated_bank_transactions_uk
2023-05-01,CARD PMT BP UBER RIDE,83.99,transportation,simulated_bank_transactions_uk
2024-04-26,Utility-Bill-Octopus-Energy 985476,53.2,utilities,simulated_bank_transactions_uk
2024-04-04,direct debit puregym 459942,20.32,subscriptions,simulated_bank_transactions_uk
2024-08-30,RESTAURANT STARBUCKS FAST FOOD 853047,75.51,dining,simulated_bank_transactions_uk
2023-03-02,direct-debit-octopus-energy 72042,222.41,utilities,simulated_bank_transactions_uk
2023-02-04,BILL PMT SCOTTISHPOWER 8364,126.33,utilities,simulated_bank_transactions_uk
2023-01-14,TRANSPORT/TFL/TRAIN/TICKET 481719,38.02,transportation,simulated_bank_transactions_uk
2024-06-26,direct debit british gas,126.34,utilities,simulated_bank_transactions_uk
2024-10-20,restaurant-uber-eats-restaurant 370722,90.41,dining,simulated_bank_transactions_uk
2023-06-29,Direct/Debit/Severn/Trent 886608,133.87,utilities,simulated_bank_transactions_uk
2024-04-21,Visa Food Delivery Uber Eats Fast Food 968923,53.22,dining,simulated_bank_transactions_uk
2023-10-16,card pmt tesco bread 271764,138.74,groceries,simulated_bank_transactions_uk
2024-01-08,Contactless Subscription Google *services 185898,14.06,subscriptions,simulated_bank_transactions_uk
2023-11-20,Pos Aldi Vegetables,112.53,groceries,simulated_bank_transactions_uk
2024-03-30,UTILITY BILL VODAFONE 474122,69.09,utilities,simulated_bank_transactions_uk
2024-06-14,rent pmt rent 544438,1016.04,housing,simulated_bank_transactions_uk
2024-03-05,SUBSCRIPTION-DISNEY+ 759343,16.31,subscriptions,simulated_bank_transactions_uk
2024-01-10,CARD MORTGAGE PMT LANDLORD 501773,1742.92,housing,simulated_bank_transactions_uk
2023-11-19,Sto Contactless Sainsburys Milk 679709,123.38,groceries,simulated_bank_transactions_uk
2023-08-26,MORTGAGE*PMT*LETTING*AGENT 841187,949.52,housing,simulated_bank_transactions_uk
2023-10-21,So Subscription Google *services 448849,21.1,subscriptions,simulated_bank_transactions_uk
2024-01-13,Bacs Mortgage Rent,651.91,housing,simulated_bank_transactions_uk
2024-06-28,Card Payment Tesco Vegetables 685220,63.82,groceries,simulated_bank_transactions_uk
2024-05-31,POS/ASDA/CHICKEN,83.06,groceries,simulated_bank_transactions_uk
2023-08-17,Bacs Mortgage Rent 508033,1803.27,housing,simulated_bank_transactions_uk
2023-03-03,CONTACTLESS*TRANSPORT*BP*FUEL 739427,50.57,transportation,simulated_bank_transactions_uk
2023-02-22,utility bill e.on 624024,239.68,utilities,simulated_bank_transactions_uk
2024-01-21,Utility Bill E,227.99,utilities,simulated_bank_transactions_uk
2024-08-14,bill payment e.on 494158,201.03,utilities,simulated_bank_transactions_uk
2024-01-04,Utility*Bill*Severn*Trent 373096,243.75,utilities,simulated_bank_transactions_uk
2023-12-14,Direct Debit Sky 645793,129.46,utilities,simulated_bank_transactions_uk
2023-12-12,DIRECT/DEBIT/CONTACTLESS/LIDL/EGGS,129.95,groceries,simulated_bank_transactions_uk
2024-10-15,rent-pmt-mortgage 10307,1913.99,housing,simulated_bank_transactions_uk
2024-10-17,UTILITY/BILL/THAMES/WATER 6,149.66,utilities,simulated_bank_transactions_uk
2023-05-29,Direct Debit Sky,248.98,utilities,simulated_bank_transactions_uk
2024-11-12,RESTAURANT*UBER*EATS*RESTAURANT 41,58.5,dining,simulated_bank_transactions_uk
2024-12-05,Contactless/Subscription/Disney+,32.05,subscriptions,simulated_bank_transactions_uk
2023-09-14,SUBSCRIPTION/DISNEY+ 130141,37.74,subscriptions,simulated_bank_transactions_uk
2023-07-04,Card*Pmt*Greggs*Fast*Food,109.33,dining,simulated_bank_transactions_uk
2023-12-19,bill payment sky,180.6,utilities,simulated_bank_transactions_uk
2024-12-12,mortgage pmt landlord 182520,1660.39,housing,simulated_bank_transactions_uk
2023-07-13,direct debit bt 589482,155.58,utilities,simulated_bank_transactions_uk
2024-08-08,CONTACTLESS ASDA CHICKEN 570436,25.79,groceries,simulated_bank_transactions_uk
2024-12-30,FPS CARD PAYMENT NATIONAL RAIL UBER RIDE,116.47,transportation,simulated_bank_transactions_uk
2023-01-01,visa/bill/pmt/ee 687350,195.81,utilities,simulated_bank_transactions_uk
2023-09-04,Bacs Online Purchase Ebay Misc Expense 343406,30.26,other,simulated_bank_transactions_uk
2024-05-28,mortgage pmt letting agent 240486,732.71,housing,simulated_bank_transactions_uk
2023-10-12,sto transport bolt bus pass,53.23,transportation,simulated_bank_transactions_uk
2023-11-22,card payment waitrose chicken 474329,93.1,groceries,simulated_bank_transactions_uk
2023-03-29,CARD PMT AMAZON PRIME 180666,37.07,subscriptions,simulated_bank_transactions_uk
2023-08-26,POS CARD PAYMENT BP UBER RIDE,10.52,transportation,simulated_bank_transactions_uk
2023-07-27,Fuel Shell Fuel,36.02,transportation,simulated_bank_transactions_uk
2024-11-14,Direct Debit O2 1,71.97,utilities,simulated_bank_transactions_uk
2024-04-02,Fuel Esso Uber Ride 376437,48.33,transportation,simulated_bank_transactions_uk
2023-04-13,SUBSCRIPTION DISNEY+,17.61,subscriptions,simulated_bank_transactions_uk
2024-03-23,Food Delivery Costa Food Delivery 857406,88.88,dining,simulated_bank_transactions_uk
2024-01-11,mortgage payment rent,806.86,housing,simulated_bank_transactions_uk
2024-07-06,POS-TESCO-CHICKEN 783360,64.42,groceries,simulated_bank_transactions_uk
2023-10-27,food*delivery*kfc*food*delivery,49.12,dining,simulated_bank_transactions_uk
2024-12-02,BACS LANDLORD RENT,1141.24,housing,simulated_bank_transactions_uk
2024-01-06,Bacs Landlord Rent 63358,1407.27,housing,simulated_bank_transactions_uk
2024-10-28,Card Payment Spotify,25.93,subscriptions,simulated_bank_transactions_uk
2024-11-11,mortgage*payment*rent 58238,1906.07,housing,simulated_bank_transactions_uk
2023-09-07,Direct Debit Direct Debit Severn Trent 42586,117.26,utilities,simulated_bank_transactions_uk
2023-02-12,card payment aldi ch,46.15,groceries,simulated_bank_transactions_uk
2024-02-08,DIRECT DEBIT CARD PMT ICELAND RICE 330202,26.18,groceries,simulated_bank_transactions_uk
2024-02-19,utility bill scottishpower,75.65,utilities,simulated_bank_transactions_uk
2023-10-18,Card Payment Shell Uber Rid,78.79,transportation,simulated_bank_transactions_uk
2023-03-24,Online Purchase Currys Misc Expense 418561,44.35,other,simulated_bank_transactions_uk
2023-09-18,MORTGAGE*PMT*RENT 509962,1998.24,housing,simulated_bank_transactions_uk
2024-11-27,POS PURCHASE ARGOS ONLINE PURCHASE,129.19,other,simulated_bank_transactions_uk
2023-03-04,Contactless-Aldi-Bread,141.59,groceries,simulated_bank_transactions_uk
2024-01-20,rent pmt rent,928.82,housing,simulated_bank_transactions_uk
2023-05-28,CARD-PAYMENT-MCDONALDS-REST,147.76,dining,simulated_bank_transactions_uk
2023-03-16,VISA/SUBSCRIPTION/PUREGYM 228556,16.14,subscriptions,simulated_bank_transactions_uk
2023-12-06,Card/Payment/National/Rail/Uber/Ride,81.41,transportation,simulated_bank_transactions_uk
2024-01-23,restaurant just eat food delivery 759296,137.33,dining,simulated_bank_transactions_uk
2023-04-17,Direct Debit Scottishpower 146482,107.44,utilities,simulated_bank_transactions_uk
2023-03-23,Contactless Rent Payment Landlo,1337.87,housing,simulated_bank_transactions_uk
2024-02-29,POS-ASDA-RICE 785401,110.47,groceries,simulated_bank_transactions_uk
2023-07-07,direct debit bacs landlord rent,1706.53,housing,simulated_bank_transactions_uk
2023-10-31,Card-Payment-Currys-Misc-Expense 47,133.98,other,simulated_bank_transactions_uk
2023-04-17,FOOD DELIVERY GREGGS FOOD DELIVERY,5.59,dining,simulated_bank_transactions_uk
2023-12-10,RESTAURANT PRET FAST FOOD 800882,93.04,dining,simulated_bank_transactions_uk
2023-05-18,Bill/Pmt/Sky 411534,188.19,utilities,simulated_bank_transactions_uk
2023-01-25,Pos Transport Esso Bus Pass 160554,13.67,transportation,simulated_bank_transactions_uk
2024-07-12,restaurant just eat fast food,95.09,dining,simulated_bank_transactions_uk
2023-08-15,DIRECT*DEBIT*SPOTIFY 985177,21.47,subscriptions,simulated_bank_transactions_uk
2024-03-16,card pmt currys online purchase 45682,136.65,other,simulated_bank_transactions_uk
2024-11-30,Card Pmt Tfl Ub,131.6,transportation,simulated_bank_transactions_uk
2024-06-21,FUEL TRAINLINE TRAIN TICKET,134.85,transportation,simulated_bank_transactions_uk
2023-01-15,subscription amazon prime 874580,30.99,subscriptions,simulated_bank_transactions_uk
2024-10-19,Food-Delivery-Just-Eat-Restaurant 493342,120.64,dining,simulated_bank_transactions_uk
2023-06-25,POS/WAITROSE/VEGETABLES 708125,71.22,groceries,simulated_bank_transactions_uk
2024-11-08,Sto Subscription Puregym,10.91,subscriptions,simulated_bank_transactions_uk
2023-02-01,mortgage pmt letting agent 448179,1494.17,housing,simulated_bank_transactions_uk
2023-04-07,visa-pos-purchase-currys-misc-expense,66.76,other,simulated_bank_transactions_uk
2023-08-16,DIRECT DEBIT CARD PAYMENT SHELL BUS PASS 108582,37.4,transportation,simulated_bank_transactions_uk
2023-03-24,MORTGAGE PMT LETTING AGENT,1299.46,housing,simulated_bank_transactions_uk
2023-11-21,transport trainline fuel 72610,87.51,transportation,simulated_bank_transactions_uk
2023-03-09,Mastercard Card Pmt Uber Bus Pass,111.12,transportation,simulated_bank_transactions_uk
2023-07-02,Pos Direct Debit Ee,196.86,utilities,simulated_bank_transactions_uk
2024-11-18,UTILITY BILL VODAFONE,69.58,utilities,simulated_bank_transactions_uk
2023-02-18,card payment apple.com/bill,27.88,subscriptions,simulated_bank_transactions_uk
2023-05-23,Card*Pmt*Google**services 324792,28.8,subscriptions,simulated_bank_transactions_uk
2024-07-14,Card Payment Tesco Rice 287810,131.32,groceries,simulated_bank_transactions_uk
2023-06-11,MASTERCARD*CARD*PMT*SAINSBURYS*MILK 80653,145.91,groceries,simulated_bank_transactions_uk
2023-12-09,food delivery uber eats food delivery 213635,66.23,dining,simulated_bank_transactions_uk
2024-05-03,CARD PMT ICELAND EGGS 67133,114.61,groceries,simulated_bank_transactions_uk
2024-09-06,Bacs*Letting*Agent*Rent 298285,790.22,housing,simulated_bank_transactions_uk
2023-10-30,CONTACTLESS ALDI BREAD 619,133.45,groceries,simulated_bank_transactions_uk
2023-06-22,Direct*Debit*O2 910051,242.13,utilities,simulated_bank_transactions_uk
2023-06-22,Transport*Uber*Uber*Ride 909170,112.05,transportation,simulated_bank_transactions_uk
2023-06-05,restaurant costa fast food 18269,91.25,dining,simulated_bank_transactions_uk
2024-06-01,Online Purchase Hmrc Online Purchase,85.49,other,simulated_bank_transactions_uk
2024-11-26,card payment national rail bus pass 642754,9.95,transportation,simulated_bank_transactions_uk
2024-02-07,Card Payment Ebay Online Purchase,73.83,other,simulated_bank_transactions_uk
2024-08-21,Fuel*National*Rail*Bus*Pass 662715,33.94,transportation,simulated_bank_transactions_uk
2023-12-31,Subscription Amazon Prime,30.6,subscriptions,simulated_bank_transactions_uk
2024-06-19,mortgage payment mortgage 829481,1979.48,housing,simulated_bank_transactions_uk
2023-04-09,SO/FOOD/DELIVERY/PRET/FOOD/DELIVERY 896787,40.44,dining,simulated_bank_transactions_uk
2023-05-12,Transport Trainline Fuel 933253,99.34,transportation,simulated_bank_transactions_uk
2023-01-21,Direct Debit Amazon Prime,16.18,subscriptions,simulated_bank_transactions_uk
2023-10-06,FUEL-NATIONAL-RAIL-UBER-RIDE,113.83,transportation,simulated_bank_transactions_uk
2023-01-29,bacs mortgage pmt mortgage 282468,1068.41,housing,simulated_bank_transactions_uk
2023-05-09,Pos Purchase Boots Misc Expense,20.33,other,simulated_bank_transactions_uk
2024-09-21,DIRECT DEBIT SCOTTISHPOWER 900186,53.05,utilities,simulated_bank_transactions_uk
2023-09-21,card pmt lidl rice,40.21,groceries,simulated_bank_transactions_uk
2024-08-04,bacs food delivery uber eats food delivery 703012,104.56,dining,simulated_bank_transactions_uk
2023-05-08,SO-CARD-PMT-ALDI-VEGETABLES 190220,13.54,groceries,simulated_bank_transactions_uk
2023-01-11,Card Payment Just Eat Fast Food 976950,128.55,dining,simulated_bank_transactions_uk
2024-01-01,contactless iceland bread 254956,107.37,groceries,simulated_bank_transactions_uk
2024-05-31,RESTAURANT PRET FOOD DELIVERY,102.9,dining,simulated_bank_transactions_uk
2023-12-04,Pos Mortgage Payment Rent 51787,1341.94,housing,simulated_bank_transactions_uk
2023-10-12,Bacs*Letting*Agent*Rent 566848,1270.41,housing,simulated_bank_transactions_uk
2024-03-29,Subscription Amazon Prime,38.1,subscriptions,simulated_bank_transactions_uk
2023-10-27,direct/debit/ee 474592,190.51,utilities,simulated_bank_transactions_uk
2023-06-01,card-payment-boots-misc-expense 292752,41.71,other,simulated_bank_transactions_uk
2023-01-02,Contactless Iceland Chicken,18.53,groceries,simulated_bank_transactions_uk
2024-10-16,UTILITY BILL SKY,76.36,utilities,simulated_bank_transactions_uk
2024-06-30,UTILITY BILL SKY 409576,59.21,utilities,simulated_bank_transactions_uk
2023-09-10,Bacs Rent Pmt Landlord 562151,902.32,housing,simulated_bank_transactions_uk
2023-01-19,POS PURCHASE BOOTS MISC EXPENSE 45,20.19,other,simulated_bank_transactions_uk
2024-05-09,Bill Payment Sky,185.88,utilities,simulated_bank_transactions_uk
2024-03-16,restaurant greggs fast food,22.46,dining,simulated_bank_transactions_uk
2024-07-26,Restaurant Pret Food Delivery,45.58,dining,simulated_bank_transactions_uk
2023-04-12,direct debit pos iceland bread,100.97,groceries,simulated_bank_transactions_uk
2024-06-19,Card Payment Uber Eats Restaurant 259062,61.86,dining,simulated_bank_transactions_uk
2023-09-25,Pos Waitrose Rice 88940,49.32,groceries,simulated_bank_transactions_uk
2023-09-07,Pos Online Purchase Hmrc Online Purchase 289721,39.53,other,simulated_bank_transactions_uk
2023-06-10,RESTAURANT DELIVEROO FAST FOOD,133.3,dining,simulated_bank_transactions_uk
2023-01-12,DIRECT DEBIT DISNEY+ 15800,26.46,subscriptions,simulated_bank_transactions_uk
2024-12-15,direct debit octopus energy,110.67,utilities,simulated_bank_transactions_uk
2024-10-31,CARD PAYMENT BOOTS MISC EXPENSE 642453,9.14,other,simulated_bank_transactions_uk
2024-07-26,Visa Card Pmt Google *services 300389,26.0,subscriptions,simulated_bank_transactions_uk
2023-10-25,card payment boots misc expense 622212,132.31,other,simulated_bank_transactions_uk
2024-09-08,mortgage pmt rent,955.54,housing,simulated_bank_transactions_uk
2023-12-03,contactless food delivery pret food delivery,47.77,dining,simulated_bank_transactions_uk
2024-10-31,fuel national rail,32.65,transportation,simulated_bank_transactions_uk
2024-08-25,so food delivery mcdonalds fast food 383818,8.43,dining,simulated_bank_transactions_uk
2024-06-30,Card/Pmt/Google/*services,19.6,subscriptions,simulated_bank_transactions_uk
2024-02-03,Card Pmt Iceland Chicken,48.57,groceries,simulated_bank_transactions_uk
2024-04-06,Online/Purchase/Superdrug/Misc/Expense 669967,87.52,other,simulated_bank_transactions_uk
2024-11-10,Direct Debit Severn Trent 454540,234.48,utilities,simulated_bank_transactions_uk
2024-02-16,direct*debit*sky 288587,133.43,utilities,simulated_bank_transactions_uk
2024-06-15,STO CARD PMT GYM GROUP 393592,37.29,subscriptions,simulated_bank_transactions_uk
2023-04-23,Card*Payment*Argos*Online*Purchase 31097,46.12,other,simulated_bank_transactions_uk
2024-10-01,MORTGAGE/PMT/LETTING/AGENT,1039.28,housing,simulated_bank_transactions_uk
2024-12-31,Rent/Pmt/Rent 160388,644.38,housing,simulated_bank_transactions_uk
2024-06-02,BILL PAYMENT THAMES WATER 603384,140.63,utilities,simulated_bank_transactions_uk
2023-03-11,food delivery uber eats food delivery 892339,69.73,dining,simulated_bank_transactions_uk
2023-04-14,Mastercard Rent Pmt Letting Ag,1406.64,housing,simulated_bank_transactions_uk
2023-07-05,Contactless Food Delivery Greggs Fast Food 983335,77.43,dining,simulated_bank_transactions_uk
